review_value	Assembly Accession	Organism Name	BioSample	BioProject	Host raw	Host_SD	Host_Context_SD	Isolation Source raw	Sample_Type_SD	Isolation_Source_SD	Isolation_Source_SD_Broad	Isolation_Site_SD	Environment_Medium_SD	Environment_Broad_Scale_SD	Environment_Local_Scale_SD	Host_Disease_SD	Host_Health_State_SD	Collection_Year	Country	matched raw field	matched raw value	current routing method
biofilm	GCA_000174915.1	Pseudomonas sp. UK4	SAMN02391503		absent			biofilm grown on glass slides submerged in a non-chlorinated drinking water reservoir		environmental material	environmental material		drinking/distribution water						absent	Isolation Source raw	biofilm grown on glass slides submerged in a non-chlorinated drinking water reservoir	environment_context_router
biofilm	GCA_000205145.2	Leptospirillum rubarum	SAMN02954271		absent			pink subaerial biofilm microbial community collected from the base of 2m high pile of pyrite sediment over which pH 1.1, 41C acid mine drainage solution was flowing					biofilm	terrestrial environment					United States	Environment Medium raw	biofilm	non_source_descriptor_router
biofilm	GCA_000205145.2	Leptospirillum rubarum	SAMN02954271		absent			pink subaerial biofilm microbial community collected from the base of 2m high pile of pyrite sediment over which pH 1.1, 41C acid mine drainage solution was flowing					biofilm	terrestrial environment					United States	Isolation Source raw	pink subaerial biofilm microbial community collected from the base of 2m high pile of pyrite sediment over which pH 1.1, 41C acid mine drainage solution was flowing	non_source_descriptor_router
biofilm	GCA_000262365.1	Leptospirillum sp. Group II 'C75'	SAMN02954275		absent			pink acid mine drainage (AMD)-air interface biofilm; microbial community collected from a pool (about 0.8 m deep, about 5 m wide) of AMD solution at pH 0.7-1.2, Temperature=40-43C that slowly drained through a pyrite pile					biofilm	terrestrial environment					United States	Environment Medium raw	air interface biofilm	non_source_descriptor_router
biofilm	GCA_000262365.1	Leptospirillum sp. Group II 'C75'	SAMN02954275		absent			pink acid mine drainage (AMD)-air interface biofilm; microbial community collected from a pool (about 0.8 m deep, about 5 m wide) of AMD solution at pH 0.7-1.2, Temperature=40-43C that slowly drained through a pyrite pile					biofilm	terrestrial environment					United States	Isolation Source raw	pink acid mine drainage (AMD)-air interface biofilm; microbial community collected from a pool (about 0.8 m deep, about 5 m wide) of AMD solution at pH 0.7-1.2, Temperature=40-43C that slowly drained through a pyrite pile	non_source_descriptor_router
biofilm	GCA_000297315.1	Pseudomonas aeruginosa ATCC 700888	SAMN02471986		absent			biofilm from an industrial water system		environmental material	environmental material		biofilm						absent	Isolation Source raw	biofilm from an industrial water system	environment_context_router
biofilm	GCA_000299435.1	Exiguobacterium antarcticum B7	SAMN02603748		absent			biofilm		environmental material	environmental material		biofilm						Antarctica	Isolation Source raw	biofilm	environment_context_router
biofilm	GCA_000365005.1	Limimaricola hongkongensis DSM 17492	SAMN02256514		absent			7-day-old marine biofilm in Hong Kong waters		environmental material	environmental material		biofilm	marine environment					China	Environment Broad raw	Biofilm	environment_context_router
biofilm	GCA_000365005.1	Limimaricola hongkongensis DSM 17492	SAMN02256514		absent			7-day-old marine biofilm in Hong Kong waters		environmental material	environmental material		biofilm	marine environment					China	Isolation Source raw	7-day-old marine biofilm in Hong Kong waters	environment_context_router
biofilm	GCA_000373205.1	Calidithermus timidus DSM 17022	SAMN02441032		absent			Biofilm sample from a hot spring		environmental material	environmental material		hot spring water	geologic/extreme environment	hot spring				Portugal	Environment Broad raw	Hot spring; Aquatic; Biofilm	environment_context_router
biofilm	GCA_000373205.1	Calidithermus timidus DSM 17022	SAMN02441032		absent			Biofilm sample from a hot spring		environmental material	environmental material		hot spring water	geologic/extreme environment	hot spring				Portugal	Isolation Site raw	Biofilm sample from a hot spring	environment_context_router
biofilm	GCA_000373205.1	Calidithermus timidus DSM 17022	SAMN02441032		absent			Biofilm sample from a hot spring		environmental material	environmental material		hot spring water	geologic/extreme environment	hot spring				Portugal	Isolation Source raw	Biofilm sample from a hot spring	environment_context_router
biofilm	GCA_000373645.1	Streptomyces sp. ATexAB-D23	SAMN02441037		absent			TA reactor biofilm		environmental material	environmental material		biofilm						absent	Environment Broad raw	Biofilm	environment_context_router
biofilm	GCA_000373645.1	Streptomyces sp. ATexAB-D23	SAMN02441037		absent			TA reactor biofilm		environmental material	environmental material		biofilm						absent	Isolation Site raw	TA reactor biofilm	environment_context_router
biofilm	GCA_000373645.1	Streptomyces sp. ATexAB-D23	SAMN02441037		absent			TA reactor biofilm		environmental material	environmental material		biofilm						absent	Isolation Source raw	TA reactor biofilm	environment_context_router
biofilm	GCA_000380305.1	Porphyromonas gingivalis JCVI SC001	SAMN02436407		absent			biofilm in a hospital bathroom sink drain	drain	healthcare-associated environment	healthcare-associated environment		biofilm	healthcare-associated environment	healthcare facility				absent	Isolation Source raw	biofilm in a hospital bathroom sink drain	environment_context_router
biofilm	GCA_000385635.1	candidate division TM6 bacterium JCVI TM6SC1	SAMN02436396		absent			single cell isolated from hospital sink drain biofilm; amplified by MDA	single cell	healthcare-associated environment	healthcare-associated environment		biofilm	healthcare-associated environment	healthcare facility				United States	Isolation Source raw	single cell isolated from hospital sink drain biofilm; amplified by MDA	environment_context_router
biofilm	GCA_000421565.1	Agromyces subbeticus DSM 16689	SAMN02441229		absent	Chiroptera		Blue-gray cyanobacterial biofilm covering the walls of the Cave of Bats, Zuheros, Cordoba		environmental material	environmental material		biofilm		cave				Spain	Environment Broad raw	Cave; Biofilm	environment_context_router
biofilm	GCA_000421565.1	Agromyces subbeticus DSM 16689	SAMN02441229		absent	Chiroptera		Blue-gray cyanobacterial biofilm covering the walls of the Cave of Bats, Zuheros, Cordoba		environmental material	environmental material		biofilm		cave				Spain	Isolation Site raw	Blue-gray cyanobacterial biofilm covering the walls of the Cave of Bats, Zuheros, Cordoba	environment_context_router
biofilm	GCA_000421565.1	Agromyces subbeticus DSM 16689	SAMN02441229		absent	Chiroptera		Blue-gray cyanobacterial biofilm covering the walls of the Cave of Bats, Zuheros, Cordoba		environmental material	environmental material		biofilm		cave				Spain	Isolation Source raw	Blue-gray cyanobacterial biofilm covering the walls of the Cave of Bats, Zuheros, Cordoba	environment_context_router
canal	GCA_000242335.3	Prevotella dentalis DSM 3688	SAMN02232045		Homo sapiens	Homo sapiens		dental root canal		clinical/host-associated material	clinical/host-associated material	oral cavity		host-associated environment					absent	Isolation Site raw	Human dental root canal	sample_context_router
canal	GCA_000242335.3	Prevotella dentalis DSM 3688	SAMN02232045		Homo sapiens	Homo sapiens		dental root canal		clinical/host-associated material	clinical/host-associated material	oral cavity		host-associated environment					absent	Isolation Source raw	dental root canal	sample_context_router
canal	GCA_000252525.1	SAR86 cluster bacterium SAR86A	SAMN02954345					isolated as part of a large dataset composed predominantly from surface water marine samples collected along a voyage from Eastern North American coast to the Eastern Pacific Ocean, including locations in the Sargasso Sea, Panama Canal, and the Galapagos Islands		environmental material	environmental material		agricultural/food-production water	marine environment	canal				Pacific Ocean	Isolation Source raw	isolated as part of a large dataset composed predominantly from surface water marine samples collected along a voyage from Eastern North American coast to the Eastern Pacific Ocean, including locations in the Sargasso Sea, Panama Canal, and the Galapagos Islands	environment_context_router
canal	GCA_000252545.1	SAR86 cluster bacterium SAR86B	SAMN02954345					isolated as part of a large dataset composed predominantly from surface water marine samples collected along a voyage from Eastern North American coast to the Eastern Pacific Ocean, including locations in the Sargasso Sea, Panama Canal, and the Galapagos Islands		environmental material	environmental material		agricultural/food-production water	marine environment	canal				Pacific Ocean	Isolation Source raw	isolated as part of a large dataset composed predominantly from surface water marine samples collected along a voyage from Eastern North American coast to the Eastern Pacific Ocean, including locations in the Sargasso Sea, Panama Canal, and the Galapagos Islands	environment_context_router
canal	GCA_000312465.1	Citrobacter freundii ATCC 8090 = MTCC 1658 = NBRC 12681	SAMN02469678		absent			canal water		environmental material	environmental material		canal water		canal				United States	Isolation Source raw	canal water	environment_context_router
canal	GCA_000319735.1	Bacillus sp. WBUNB009	SAMN02472121		absent			raw sewage canal		environmental material	environmental material		sewage	wastewater/sewage	canal				India	Isolation Source raw	raw sewage canal	environment_context_router
canal	GCA_000734905.1	Citrobacter freundii ATCC 8090 = MTCC 1658 = NBRC 12681	SAMN02742758		absent			canal water		environmental material	environmental material		canal water		canal				Netherlands	Isolation Source raw	canal water	environment_context_router
canal	GCA_000737245.1	Pseudomonas syringae	SAMN02929200		absent			irrigation canal		environmental material	environmental material				irrigation canal				France	Isolation Source raw	irrigation canal	environment_context_router
canal	GCA_000875755.1	Mycoplasma yeatsii GM274B	SAMN02700145		goat	Capra hircus		Ear canal of goat		clinical/host-associated material	clinical/host-associated material	organ/tissue site							United States	Isolation Site raw	ear canal	sample_context_router
canal	GCA_000875755.1	Mycoplasma yeatsii GM274B	SAMN02700145		goat	Capra hircus		Ear canal of goat		clinical/host-associated material	clinical/host-associated material	organ/tissue site							United States	Isolation Source raw	Ear canal of goat	sample_context_router
canal	GCA_000955645.1	Prevotella intermedia ZT	SAMN02212661		Homo sapiens	Homo sapiens		root canal		clinical/host-associated material	clinical/host-associated material	oral cavity		plant-associated environment		periodontal disease	diseased		China	Isolation Source raw	root canal	sample_context_router
canal	GCA_000971805.1	Mycobacteroides chelonae	SAMN02837161		tortoise	Testudines		tubercle		tubercle						infectious disease	diseased		France	Host Disease raw	cutaneous infection, pulmonary disease, Diabetes mellitus, dacryocystitis, canaliculitis, conjunctivitis, scleritis, endophthalmitis, keratitis	standardizer
canal	GCA_001540885.1	Lacticaseibacillus paracasei	SAMN03702539		bovine	Bos taurus		teat canal	swab						canal				France	Isolation Source raw	teat canal	ambiguous_context_router
canal	GCA_001540895.1	Lactococcus lactis	SAMN03702540		bovine	Bos taurus		teat canal	swab						canal				France	Isolation Source raw	teat canal	ambiguous_context_router
canal	GCA_001540905.1	Levilactobacillus brevis	SAMN03702532		bovine	Bos taurus		teat canal	swab						canal				France	Isolation Source raw	teat canal	ambiguous_context_router
canal	GCA_001540925.1	Lactiplantibacillus plantarum	SAMN03702584		bovine	Bos taurus		teat canal	swab						canal				France	Isolation Source raw	teat canal	ambiguous_context_router
canal	GCA_001540965.1	Lactiplantibacillus plantarum	SAMN03702585		bovine	Bos taurus		teat canal	swab						canal				France	Isolation Source raw	teat canal	ambiguous_context_router
canal	GCA_001553565.1	Actinomyces radicidentis	SAMN04435863		Homo sapiens	Homo sapiens		Infected tooth root canal	culture	clinical/host-associated material	clinical/host-associated material	oral cavity		host-associated environment			diseased		Sweden	Environment Local raw	Infected tooth root canal	sample_context_router
canal	GCA_001553565.1	Actinomyces radicidentis	SAMN04435863		Homo sapiens	Homo sapiens		Infected tooth root canal	culture	clinical/host-associated material	clinical/host-associated material	oral cavity		host-associated environment			diseased		Sweden	Environment Medium raw	root canal scraping	sample_context_router
canal	GCA_001553565.1	Actinomyces radicidentis	SAMN04435863		Homo sapiens	Homo sapiens		Infected tooth root canal	culture	clinical/host-associated material	clinical/host-associated material	oral cavity		host-associated environment			diseased		Sweden	Isolation Source raw	Infected tooth root canal	sample_context_router
cattle	GCA_000020305.1	Anaplasma marginale str. Florida	SAMN02604306		cattle	Bos taurus		erythrocytes		erythrocytes									United States	Host raw	cattle	standardizer
cattle	GCA_000023005.1	Rickettsia africae ESF-5	SAMN02603146		Amblyomma variegatum (cattle tick)	amblyomma variegatum													Ethiopia	Host raw	Amblyomma variegatum (cattle tick)	missing
cattle	GCA_000174895.1	Ruminococcus flavefaciens FD-1	SAMN02471821		cattle	Bos taurus		rumen pill	gut content	clinical/host-associated material	clinical/host-associated material	gastrointestinal tract							absent	Host raw	cattle	sample_context_router
cattle	GCA_000176275.1	Mannheimia haemolytica serotype A2 str. BOVINE	SAMN02436661		cattle	Bos taurus													absent	Host raw	cattle	missing
cattle	GCA_000215485.2	Anaplasma marginale str. Florida	SAMN02469629		Bos taurus	Bos taurus		cattle blood	blood										absent	Isolation Source raw	cattle blood	missing
cattle	GCA_000215525.2	Anaplasma marginale str. St. Maries	SAMN02469627		Bos taurus	Bos taurus		cattle blood	blood										absent	Isolation Source raw	cattle blood	missing
cattle	GCA_000215545.2	Anaplasma marginale str. Washington Okanogan	SAMN02469626		Bos taurus	Bos taurus		cattle blood	blood										United States	Isolation Source raw	cattle blood	missing
cattle	GCA_000215565.2	Anaplasma marginale str. Oklahoma	SAMN02469631		Bos taurus	Bos taurus		cattle blood	blood										United States	Isolation Source raw	cattle blood	missing
cattle	GCA_000215585.2	Anaplasma marginale str. South Idaho	SAMN02469628		Bos taurus	Bos taurus		cattle blood	blood										United States	Isolation Source raw	cattle blood	missing
cattle	GCA_000215605.2	Anaplasma marginale str. Okeechobee	SAMN02469625		Bos taurus	Bos taurus		cattle blood	blood										United States	Isolation Source raw	cattle blood	missing
cattle	GCA_000227645.1	Brucella melitensis NI	SAMN02603116		cattle	Bos taurus													China	Host raw	cattle	missing
cattle	GCA_000238175.1	Brucella abortus A13334	SAMN02603577		cattle	Bos taurus		gastric system of dairy cattle fetus						food-associated environment					South Korea	Host raw	cattle	missing
cattle	GCA_000238175.1	Brucella abortus A13334	SAMN02603577		cattle	Bos taurus		gastric system of dairy cattle fetus						food-associated environment					South Korea	Isolation Source raw	gastric system of dairy cattle fetus	missing
cattle	GCA_000247665.4	Escherichia coli O157:H43 str. T22	SAMN02469320		cattle	Bos taurus		milk from healthy cattle	milk							healthy/no disease reported	healthy		Hungary	Host raw	cattle	missing
cattle	GCA_000247665.4	Escherichia coli O157:H43 str. T22	SAMN02469320		cattle	Bos taurus		milk from healthy cattle	milk							healthy/no disease reported	healthy		Hungary	Isolation Source raw	milk from healthy cattle	missing
cattle	GCA_000270525.1	Mycoplasmopsis bovis HB0801	SAMN02603874		cattle	Bos taurus		lung		clinical/host-associated material	clinical/host-associated material	lower respiratory tract/bronch/pleural cavity							China	Host raw	cattle	sample_context_router
cattle	GCA_000272735.4	Salmonella enterica subsp. enterica serovar Newport str. CVM 22513	SAMN01805325		Bos taurus	Bos taurus		cattle											United States	Isolation Source raw	cattle	missing
cattle	GCA_000272775.4	Salmonella enterica subsp. enterica serovar Newport str. CVM 22425	SAMN01813481		Bos taurus	Bos taurus		cattle											United States	Isolation Source raw	cattle	missing
cattle	GCA_000298515.2	Chlamydia psittaci WC	SAMN02604212		Bos taurus	Bos taurus		cattle during an outbreak of enteritis											absent	Isolation Source raw	cattle during an outbreak of enteritis	missing
cattle	GCA_000314265.1	Campylobacter jejuni subsp. jejuni BIGS0013	SAMN01795769		Cow	Bos taurus		cattle											New Zealand	Isolation Source raw	cattle	missing
chicken	GCA_000143685.1	Clostridium ljungdahlii DSM 13528	SAMN02603159		absent	Gallus gallus		chicken yard waste											absent	Isolation Source raw	chicken yard waste	missing
chicken	GCA_000184805.2	Campylobacter jejuni subsp. jejuni DFVF1099	SAMN02469773		chicken	Gallus gallus		slaughterhouse	food processing environment	food processing environment	food/processing environment								absent	Host raw	chicken	food_source_context
chicken	GCA_000190575.1	Phocaeicola salanitronis DSM 18170	SAMN00713589		chicken	Gallus gallus		cecum	gut content	clinical/host-associated material	clinical/host-associated material	gastrointestinal tract							Japan	Host raw	chicken	sample_context_router
chicken	GCA_000190575.1	Phocaeicola salanitronis DSM 18170	SAMN00713589		chicken	Gallus gallus		cecum	gut content	clinical/host-associated material	clinical/host-associated material	gastrointestinal tract							Japan	Isolation Site raw	caecum of chicken	sample_context_router
chicken	GCA_000191665.1	Escherichia fergusonii ECD227	SAMN02470542		Gallus gallus domesticus	Gallus gallus		a healthy broiler chicken at farm	broiler	clinical/host-associated material	clinical/host-associated material				farm	healthy/no disease reported	healthy		Canada	Isolation Source raw	a healthy broiler chicken at farm	sample_context_router
chicken	GCA_000192125.1	Salmonella enterica subsp. enterica serovar Gallinarum str. SG9	SAMN02225854		Chicken	Gallus gallus		feces	feces/stool	clinical/host-associated material	clinical/host-associated material			host-associated gut/oral/fecal environment	gut/fecal local context				United Kingdom	Host raw	Chicken	sample_context_router
chicken	GCA_000204375.3	Clostridium botulinum V891	SAMN02470655		chicken	Gallus gallus													Sweden	Host raw	chicken	missing
chicken	GCA_000242375.2	Campylobacter jejuni subsp. jejuni P110B	SAMN00113350		chicken	Gallus gallus		fresh, whole chicken carcass purchased from a supermarket	chicken carcass	poultry meat/product	food/meat								New Zealand	Host raw	chicken	food_source_context
chicken	GCA_000242375.2	Campylobacter jejuni subsp. jejuni P110B	SAMN00113350		chicken	Gallus gallus		fresh, whole chicken carcass purchased from a supermarket	chicken carcass	poultry meat/product	food/meat								New Zealand	Isolation Source raw	fresh, whole chicken carcass purchased from a supermarket	food_source_context
chicken	GCA_000253455.2	Campylobacter coli Z163	SAMN02429053		chicken	Gallus gallus													Switzerland	Host raw	chicken	missing
chicken	GCA_000253635.2	Campylobacter coli 80352	SAMN02429019		chicken	Gallus gallus													United States	Host raw	chicken	missing
chicken	GCA_000253655.2	Campylobacter coli 86119	SAMN02428969		chicken	Gallus gallus													United States	Host raw	chicken	missing
chicken	GCA_000254235.2	Campylobacter coli Z156	SAMN02429004		chicken	Gallus gallus													Switzerland	Host raw	chicken	missing
chicken	GCA_000254275.2	Campylobacter jejuni subsp. jejuni 51494	SAMN02429005		chicken	Gallus gallus													United States	Host raw	chicken	missing
chicken	GCA_000254295.2	Campylobacter jejuni subsp. jejuni LMG 23216	SAMN02428944		chicken	Gallus gallus		broiler feces from chicken farm collected between 1998-2001	broiler	clinical/host-associated material	clinical/host-associated material			host-associated gut/oral/fecal environment	gut/fecal local context				Belgium	Host raw	chicken	sample_context_router
chicken	GCA_000254295.2	Campylobacter jejuni subsp. jejuni LMG 23216	SAMN02428944		chicken	Gallus gallus		broiler feces from chicken farm collected between 1998-2001	broiler	clinical/host-associated material	clinical/host-associated material			host-associated gut/oral/fecal environment	gut/fecal local context				Belgium	Isolation Source raw	broiler feces from chicken farm collected between 1998-2001	sample_context_router
chicken	GCA_000254315.2	Campylobacter jejuni subsp. jejuni LMG 23218	SAMN02429006		chicken	Gallus gallus		broiler feces from chicken farm collected between 1998-2001	broiler	clinical/host-associated material	clinical/host-associated material			host-associated gut/oral/fecal environment	gut/fecal local context				Belgium	Host raw	chicken	sample_context_router
chicken	GCA_000254315.2	Campylobacter jejuni subsp. jejuni LMG 23218	SAMN02429006		chicken	Gallus gallus		broiler feces from chicken farm collected between 1998-2001	broiler	clinical/host-associated material	clinical/host-associated material			host-associated gut/oral/fecal environment	gut/fecal local context				Belgium	Isolation Source raw	broiler feces from chicken farm collected between 1998-2001	sample_context_router
chicken	GCA_000254335.2	Campylobacter jejuni subsp. jejuni LMG 23223	SAMN02428945		chicken	Gallus gallus		broiler feces from chicken farm collected between 1998-2001	broiler	clinical/host-associated material	clinical/host-associated material			host-associated gut/oral/fecal environment	gut/fecal local context				Belgium	Host raw	chicken	sample_context_router
chicken	GCA_000254335.2	Campylobacter jejuni subsp. jejuni LMG 23223	SAMN02428945		chicken	Gallus gallus		broiler feces from chicken farm collected between 1998-2001	broiler	clinical/host-associated material	clinical/host-associated material			host-associated gut/oral/fecal environment	gut/fecal local context				Belgium	Isolation Source raw	broiler feces from chicken farm collected between 1998-2001	sample_context_router
cow	GCA_000009005.1	Staphylococcus aureus RF122	SAMEA3138186		Bos taurus (cow)	Bos taurus													Ireland	Host raw	Bos taurus (cow)	missing
cow	GCA_000024925.1	Sanguibacter keddieii DSM 10542	SAMN02598426		Cow	Bos taurus		Blood of dairy cows	blood	dairy food	food/dairy			food-associated environment			healthy		Spain	Host raw	Cow	food_source_context
cow	GCA_000024925.1	Sanguibacter keddieii DSM 10542	SAMN02598426		Cow	Bos taurus		Blood of dairy cows	blood	dairy food	food/dairy			food-associated environment			healthy		Spain	Isolation Site raw	Blood of dairy cows	food_source_context
cow	GCA_000024925.1	Sanguibacter keddieii DSM 10542	SAMN02598426		Cow	Bos taurus		Blood of dairy cows	blood	dairy food	food/dairy			food-associated environment			healthy		Spain	Isolation Source raw	Blood of dairy cows	food_source_context
cow	GCA_000152065.3	Corynebacterium pseudotuberculosis I19	SAMN02603739		bovine	Bos taurus		mastitis abscess from cow with severe clinical mastitis in two quarters	clinical sample	clinical/host-associated material	clinical/host-associated material	abscess		clinical/host-associated material		mastitis	diseased		Israel	Isolation Source raw	mastitis abscess from cow with severe clinical mastitis in two quarters	sample_context_router
cow	GCA_000178155.2	Hominimerdicola alba 8	SAMN02436640		cow	Bos taurus		dairy cow rumen	gut content	clinical/host-associated material	clinical/host-associated material	gastrointestinal tract		food-associated environment					absent	Host raw	cow	sample_context_router
cow	GCA_000178155.2	Hominimerdicola alba 8	SAMN02436640		cow	Bos taurus		dairy cow rumen	gut content	clinical/host-associated material	clinical/host-associated material	gastrointestinal tract		food-associated environment					absent	Isolation Source raw	dairy cow rumen	sample_context_router
cow	GCA_000194175.2	Escherichia coli 1.2741	SAMN02436330		cow	Bos taurus													absent	Host raw	cow	missing
cow	GCA_000194215.2	Escherichia coli 97.0246	SAMN02436471		cow	Bos taurus													absent	Host raw	cow	missing
cow	GCA_000194295.2	Escherichia coli 97.0264	SAMN02436632		cow	Bos taurus													absent	Host raw	cow	missing
cow	GCA_000194335.2	Escherichia coli 4.0522	SAMN02436552		cow	Bos taurus													absent	Host raw	cow	missing
cow	GCA_000211395.2	Escherichia coli AA86	SAMN02470896		cow	Bos taurus		healthy cow feces	feces/stool					host-associated gut/oral/fecal environment	gut/fecal local context	healthy/no disease reported	healthy		absent	Host raw	cow	missing
cow	GCA_000211395.2	Escherichia coli AA86	SAMN02470896		cow	Bos taurus		healthy cow feces	feces/stool					host-associated gut/oral/fecal environment	gut/fecal local context	healthy/no disease reported	healthy		absent	Isolation Source raw	healthy cow feces	missing
cow	GCA_000215145.2	Escherichia coli 5.0588	SAMN02436554		cow	Bos taurus													absent	Host raw	cow	missing
cow	GCA_000215285.2	Escherichia coli 3.3884	SAMN02436475		cow	Bos taurus													absent	Host raw	cow	missing
cow	GCA_000215345.3	Aliarcobacter butzleri 7h1h	SAMN02604193		Bos taurus	Bos taurus		feces of a healthy dairy cow	feces/stool					food-associated environment	gut/fecal local context	healthy/no disease reported	healthy		United Kingdom	Isolation Source raw	feces of a healthy dairy cow	missing
cow	GCA_000240525.2	Mycobacterium avium subsp. paratuberculosis ATCC 19698	SAMN02472018		cow	Bos taurus		feces	feces/stool	clinical/host-associated material	clinical/host-associated material			host-associated gut/oral/fecal environment	gut/fecal local context				absent	Host raw	cow	sample_context_router
cow	GCA_000243335.1	Leptonema illini DSM 21528	SAMN02256522		Bos taurus (cow)	Bos taurus		urine of a bull	urine	clinical/host-associated material	clinical/host-associated material								United States	Host raw	Bos taurus (cow)	sample_context_router
cow	GCA_000254935.2	Campylobacter jejuni subsp. jejuni 1213	SAMN02429051		bovine	Bos taurus		dairy cow, adult						food-associated environment					United States	Isolation Source raw	dairy cow, adult	missing
cow	GCA_000254955.2	Campylobacter jejuni subsp. jejuni 1577	SAMN02428996		bovine	Bos taurus		dairy cow, adult						food-associated environment					United States	Isolation Source raw	dairy cow, adult	missing
drainage	GCA_000205145.2	Leptospirillum rubarum	SAMN02954271		absent			pink subaerial biofilm microbial community collected from the base of 2m high pile of pyrite sediment over which pH 1.1, 41C acid mine drainage solution was flowing					biofilm	terrestrial environment					United States	Isolation Source raw	pink subaerial biofilm microbial community collected from the base of 2m high pile of pyrite sediment over which pH 1.1, 41C acid mine drainage solution was flowing	non_source_descriptor_router
drainage	GCA_000262365.1	Leptospirillum sp. Group II 'C75'	SAMN02954275		absent			pink acid mine drainage (AMD)-air interface biofilm; microbial community collected from a pool (about 0.8 m deep, about 5 m wide) of AMD solution at pH 0.7-1.2, Temperature=40-43C that slowly drained through a pyrite pile					biofilm	terrestrial environment					United States	Isolation Source raw	pink acid mine drainage (AMD)-air interface biofilm; microbial community collected from a pool (about 0.8 m deep, about 5 m wide) of AMD solution at pH 0.7-1.2, Temperature=40-43C that slowly drained through a pyrite pile	non_source_descriptor_router
drainage	GCA_000305855.1	Francisella tularensis subsp. tularensis 80700103	SAMN02469755		Homo sapiens	Homo sapiens		hand drainage	drainage										United States	Isolation Source raw	hand drainage	ambiguous_context_router
drainage	GCA_000328425.1	Enterococcus faecium C309	SAMN02470931		Homo sapiens	Homo sapiens		peritoneal drainage fluids	drainage										China	Isolation Source raw	peritoneal drainage fluids	ambiguous_context_router
drainage	GCA_000373265.1	Pontibacter roseus DSM 17521	SAMN02441712		absent			muddy water from an occasional drainage system in Chandigarh, India	drainage	environmental material	environmental material		wastewater	wastewater/sewage					India	Isolation Site raw	muddy water from an occasional drainage system in Chandigarh, India	environment_context_router
drainage	GCA_000373265.1	Pontibacter roseus DSM 17521	SAMN02441712		absent			muddy water from an occasional drainage system in Chandigarh, India	drainage	environmental material	environmental material		wastewater	wastewater/sewage					India	Isolation Source raw	muddy water from an occasional drainage system in Chandigarh, India	environment_context_router
drainage	GCA_000376405.1	Dysgonomonas mossii DSM 22836	SAMN02441731		Homo sapiens	Homo sapiens		Human abdominal drainage	drainage										United States	Isolation Site raw	Human abdominal drainage	ambiguous_context_router
drainage	GCA_000376405.1	Dysgonomonas mossii DSM 22836	SAMN02441731		Homo sapiens	Homo sapiens		Human abdominal drainage	drainage										United States	Isolation Source raw	Human abdominal drainage	ambiguous_context_router
drainage	GCA_000496115.1	Leptospirillum sp. Group IV 'UBA BS'	SAMN02471615		absent			combined biofilm from UBA (pink subaerial biofilm) and UBA BS (thick floating biofilm subdivided into strips) samples	meat product	meat product	food/meat		biofilm						United States	Environment Broad raw	mine drainage metagenome	food_source_context
drainage	GCA_000528155.1	Staphylococcus aureus M0666	SAMN02325567		Homo sapiens	Homo sapiens		drainage											United States	Isolation Source raw	drainage	ambiguous_context_router
drainage	GCA_000529135.1	Staphylococcus aureus M0625	SAMN02325626		Homo sapiens	Homo sapiens		drainage											United States	Isolation Source raw	drainage	ambiguous_context_router
drainage	GCA_000529375.1	Staphylococcus aureus M0714	SAMN02325633		Homo sapiens	Homo sapiens		drainage											United States	Isolation Source raw	drainage	ambiguous_context_router
drainage	GCA_000529415.1	Staphylococcus aureus M0726	SAMN02325634		Homo sapiens	Homo sapiens		drainage											United States	Isolation Source raw	drainage	ambiguous_context_router
drainage	GCA_000534235.1	Klebsiella aerogenes UCI 28	SAMN02356608		Homo sapiens	Homo sapiens		drainage											United States	Isolation Source raw	drainage	ambiguous_context_router
drainage	GCA_000536035.1	Staphylococcus aureus M1339	SAMN02363976		Homo sapiens	Homo sapiens		drainage											United States	Isolation Source raw	drainage	ambiguous_context_router
drainage	GCA_000543405.1	Staphylococcus aureus M0746	SAMN02325688		Homo sapiens	Homo sapiens		drainage											United States	Isolation Source raw	drainage	ambiguous_context_router
drainage	GCA_000543625.1	Staphylococcus aureus M0784	SAMN02325700		Homo sapiens	Homo sapiens		drainage											United States	Isolation Source raw	drainage	ambiguous_context_router
drainage	GCA_000544185.1	Staphylococcus aureus M0824	SAMN02325729		Homo sapiens	Homo sapiens		drainage											United States	Isolation Source raw	drainage	ambiguous_context_router
drainage	GCA_000544285.1	Staphylococcus aureus M0836	SAMN02325735		Homo sapiens	Homo sapiens		jp drainage	drainage										United States	Isolation Source raw	jp drainage	ambiguous_context_router
drainage	GCA_000544865.1	Staphylococcus aureus M0885	SAMN02325783		Homo sapiens	Homo sapiens		drainage											United States	Isolation Source raw	drainage	ambiguous_context_router
egg	GCA_000280095.1	Salmonella enterica subsp. enterica serovar Enteritidis str. 639016-6	SAMN01041120		absent			egg wash water		environmental material	environmental material		agricultural/food-production water						United States	Isolation Source raw	egg wash water	environment_context_router
egg	GCA_000329965.1	Salmonella enterica subsp. enterica serovar Enteritidis str. 638970-15	SAMN01041119		absent			egg fresh shelled		egg fresh shelled									United States	Isolation Source raw	egg fresh shelled	standardizer
egg	GCA_000374625.1	Allobrachymonas chironomi DSM 19884	SAMN02441699		absent			Chironomid egg mass, waste stabilization pond		environmental material	environmental material		pond water	freshwater environment	pond				Israel	Isolation Site raw	Chironomid egg mass, waste stabilization pond	environment_context_router
egg	GCA_000374625.1	Allobrachymonas chironomi DSM 19884	SAMN02441699		absent			Chironomid egg mass, waste stabilization pond		environmental material	environmental material		pond water	freshwater environment	pond				Israel	Isolation Source raw	Chironomid egg mass, waste stabilization pond	environment_context_router
egg	GCA_000421845.1	Leucobacter chironomi DSM 19883	SAMN02441232		Chironomidae	chironomidae		Chironomid egg mass from a waste stabilization pond		environmental material	environmental material		pond water	freshwater environment	pond				Israel	Isolation Site raw	Chironomid egg mass from a waste stabilization pond	environment_context_router
egg	GCA_000421845.1	Leucobacter chironomi DSM 19883	SAMN02441232		Chironomidae	chironomidae		Chironomid egg mass from a waste stabilization pond		environmental material	environmental material		pond water	freshwater environment	pond				Israel	Isolation Source raw	Chironomid egg mass from a waste stabilization pond	environment_context_router
egg	GCA_000430545.1	Tenacibaculum ovolyticum DSM 18103	SAMN02441146		absent	Pleuronectiformes		Halibut Eggs		Halibut Eggs			marine	marine environment					Norway	Isolation Site raw	Halibut Eggs	standardizer
egg	GCA_000430545.1	Tenacibaculum ovolyticum DSM 18103	SAMN02441146		absent	Pleuronectiformes		Halibut Eggs		Halibut Eggs			marine	marine environment					Norway	Isolation Source raw	Halibut Eggs	standardizer
egg	GCA_000623675.2	Salmonella enterica subsp. enterica serovar Enteritidis str. SA19970769	SAMN02384195		absent	Gallus gallus		Animal - Chicken-Egg											Canada	Isolation Source raw	Animal - Chicken-Egg	missing
egg	GCA_000671335.1	Ralstonia solanacearum Rs-09-161	SAMN02444146		absent	eggplant		eggplant		eggplant									India	Isolation Source raw	eggplant	standardizer
egg	GCA_000708695.3	Pseudomonas [fluorescens] ATCC 17400	SAMN02644483		absent			hen's egg		hen's egg									United States	Isolation Source raw	hen's egg	standardizer
egg	GCA_001027865.1	Neisseria arctica	SAMN03177367		Anser albifrons	Anser albifrons		Nonviable goose egg		Nonviable goose egg									United States	Isolation Source raw	Nonviable goose egg	standardizer
egg	GCA_001042915.1	Pseudomonas taetrolens	SAMN03328798		unknown			musty egg		musty egg									absent	Isolation Source raw	musty egg	standardizer
egg	GCA_001043095.1	Salmonella enterica subsp. enterica serovar Cerro	SAMN03256207		absent			commercial egg-producing farm	farm	clinical/host-associated material	clinical/host-associated material				farm				Japan	Isolation Source raw	commercial egg-producing farm	sample_context_router
egg	GCA_001184245.1	Leuconostoc mesenteroides subsp. dextranicum	SAMN03463642		absent			Taleggio cheese	microbial isolate	dairy food	food/dairy								Italy	Isolation Source raw	Taleggio cheese	food_source_context
egg	GCA_001184255.1	Leuconostoc mesenteroides subsp. mesenteroides	SAMN03463665		absent			Taleggio cheese	microbial isolate	dairy food	food/dairy								Italy	Isolation Source raw	Taleggio cheese	food_source_context
egg	GCA_001184265.1	Leuconostoc mesenteroides subsp. cremoris	SAMN03463677		absent			Taleggio cheese	microbial isolate	dairy food	food/dairy								Italy	Isolation Source raw	Taleggio cheese	food_source_context
egg	GCA_001313325.1	Streptomyces drozdowiczii JCM 13580	SAMD00016931		absent			egg											absent	Isolation Source raw	egg	missing
egg	GCA_001313725.1	Gordonia amicalis NBRC 100051 = JCM 11271	SAMD00016921		absent			egg											absent	Isolation Source raw	egg	missing
egg	GCA_001313845.1	Pseudonocardia chloroethenivorans JCM 12679	SAMD00016926		absent			egg											absent	Isolation Source raw	egg	missing
farm	GCA_000021885.1	Glaesserella parasuis SH0165	SAMN02603313		swine	Sus scrofa		isolated from a Glasser's disease outbreak farm	farm	clinical/host-associated material	clinical/host-associated material				farm		diseased		China	Isolation Source raw	isolated from a Glasser's disease outbreak farm	sample_context_router
farm	GCA_000176035.2	Mesorhizobium opportunistum WSM2075	SAMN02232036		Biserrula pelecinus L	biserrula pelecinus		Antonio's farm, Antonio Rd.	farm	agricultural environment	agricultural environment		soil	plant-associated environment	farm				Australia	Isolation Site raw	Antonio's farm, Antonio Rd, Northam, Western Australia	environment_context_router
farm	GCA_000176035.2	Mesorhizobium opportunistum WSM2075	SAMN02232036		Biserrula pelecinus L	biserrula pelecinus		Antonio's farm, Antonio Rd.	farm	agricultural environment	agricultural environment		soil	plant-associated environment	farm				Australia	Isolation Source raw	Antonio's farm, Antonio Rd.	environment_context_router
farm	GCA_000185745.1	Taylorella equigenitalis MCE9	SAMN02602972		Equus caballus	Equus caballus		urethral fossa of 4 year-old stallion from a stud farm		clinical/host-associated material	clinical/host-associated material	urogenital tract			farm				France	Isolation Source raw	urethral fossa of 4 year-old stallion from a stud farm	sample_context_router
farm	GCA_000191665.1	Escherichia fergusonii ECD227	SAMN02470542		Gallus gallus domesticus	Gallus gallus		a healthy broiler chicken at farm	broiler	clinical/host-associated material	clinical/host-associated material				farm	healthy/no disease reported	healthy		Canada	Isolation Source raw	a healthy broiler chicken at farm	sample_context_router
farm	GCA_000226625.1	Taylorella asinigenitalis MCE3	SAMN02602982		donkey	Equus asinus		genital tract of 6 year-old jack from a stud farm	farm	clinical/host-associated material	clinical/host-associated material				farm				France	Isolation Source raw	genital tract of 6 year-old jack from a stud farm	sample_context_router
farm	GCA_000230995.3	Mesorhizobium australicum WSM2073	SAMN02232035		Biserrula pelecinus L	biserrula pelecinus		Antoni's farm, Antonio Rd.	farm	agricultural environment	agricultural environment		soil	host-associated environment	farm				Australia	Isolation Site raw	Antonio's farm, Antonio Rd, Northam, Western Australia	environment_context_router
farm	GCA_000230995.3	Mesorhizobium australicum WSM2073	SAMN02232035		Biserrula pelecinus L	biserrula pelecinus		Antoni's farm, Antonio Rd.	farm	agricultural environment	agricultural environment		soil	host-associated environment	farm				Australia	Isolation Source raw	Antoni's farm, Antonio Rd.	environment_context_router
farm	GCA_000240465.2	Mycobacterium avium subsp. paratuberculosis Env 210	SAMN02472020		absent			soil and untensils from dairy farm	dairy farm	dairy food	food/dairy		soil	food-associated environment	dairy farm				absent	Isolation Source raw	soil and untensils from dairy farm	food_source_context
farm	GCA_000240505.2	Mycobacterium avium subsp. avium Env 77	SAMN02472016		absent			soil and untensils from a dairy farm	dairy farm	dairy food	food/dairy		soil	food-associated environment	dairy farm				absent	Isolation Source raw	soil and untensils from a dairy farm	food_source_context
farm	GCA_000254295.2	Campylobacter jejuni subsp. jejuni LMG 23216	SAMN02428944		chicken	Gallus gallus		broiler feces from chicken farm collected between 1998-2001	broiler	clinical/host-associated material	clinical/host-associated material			host-associated gut/oral/fecal environment	gut/fecal local context				Belgium	Isolation Source raw	broiler feces from chicken farm collected between 1998-2001	sample_context_router
farm	GCA_000254315.2	Campylobacter jejuni subsp. jejuni LMG 23218	SAMN02429006		chicken	Gallus gallus		broiler feces from chicken farm collected between 1998-2001	broiler	clinical/host-associated material	clinical/host-associated material			host-associated gut/oral/fecal environment	gut/fecal local context				Belgium	Isolation Source raw	broiler feces from chicken farm collected between 1998-2001	sample_context_router
farm	GCA_000254335.2	Campylobacter jejuni subsp. jejuni LMG 23223	SAMN02428945		chicken	Gallus gallus		broiler feces from chicken farm collected between 1998-2001	broiler	clinical/host-associated material	clinical/host-associated material			host-associated gut/oral/fecal environment	gut/fecal local context				Belgium	Isolation Source raw	broiler feces from chicken farm collected between 1998-2001	sample_context_router
farm	GCA_000254415.2	Campylobacter jejuni subsp. jejuni LMG 23269	SAMN02428961		chicken	Gallus gallus		water ditch of chicken farm between 1998-2001	farm	agricultural environment	agricultural environment		drainage/runoff water		farm				Belgium	Isolation Source raw	water ditch of chicken farm between 1998-2001	environment_context_router
farm	GCA_000255075.2	Campylobacter jejuni subsp. jejuni LMG 23210	SAMN02428966		chicken	Gallus gallus		broiler feces collected from farm sometime between 1998-2001	broiler	clinical/host-associated material	clinical/host-associated material			host-associated gut/oral/fecal environment	gut/fecal local context				Belgium	Isolation Source raw	broiler feces collected from farm sometime between 1998-2001	sample_context_router
farm	GCA_000255095.2	Campylobacter jejuni subsp. jejuni LMG 23211	SAMN02429052		chicken	Gallus gallus		feces collected from farm sometime between 1998-2001	farm	clinical/host-associated material	clinical/host-associated material			host-associated gut/oral/fecal environment	gut/fecal local context				Belgium	Isolation Source raw	feces collected from farm sometime between 1998-2001	sample_context_router
farm	GCA_000275905.1	Pseudomonas fluorescens NZI7	SAMN02471730		absent	Agaricales		mushroom shed on a farm	farm	clinical/host-associated material	clinical/host-associated material				farm				New Zealand	Isolation Source raw	mushroom shed on a farm	sample_context_router
farm	GCA_000275925.1	Pseudomonas fluorescens NZ052	SAMN02471725		Agaricus bisporus	Agaricus bisporus		mushroom caps exhibiting blotch discolorations at a mushroom farm	farm	clinical/host-associated material	clinical/host-associated material				farm				New Zealand	Isolation Source raw	mushroom caps exhibiting blotch discolorations at a mushroom farm	sample_context_router
farm	GCA_000280805.1	Pseudomonas fluorescens NZ007	SAMN02471734		Agaricus bisporus	Agaricus bisporus		mushroom caps exhibiting blotch discolorations at a mushroom farm	farm	clinical/host-associated material	clinical/host-associated material				farm				New Zealand	Isolation Source raw	mushroom caps exhibiting blotch discolorations at a mushroom farm	sample_context_router
farm	GCA_000325705.1	Echinicola vietnamensis DSM 17526	SAMN02232018		absent			seawater from mussel farm	farm	environmental material	environmental material		marine	marine environment	farm				Vietnam	Isolation Site raw	Seawater collected in a musselfarm; Vietnam, South China Sea, Nha Trang Bay	environment_context_router
fermentation broth	GCA_024442295.1	Lacticaseibacillus rhamnosus	SAMN29784175		absent	Vaccinium		Blueberry fermentation broth	culture	clinical/host-associated material	clinical/host-associated material								China	Isolation Source raw	Blueberry fermentation broth	sample_context_router
fermentation broth	GCA_025808175.1	Lacticaseibacillus chiayiensis	SAMN31210310		absent	Vaccinium		Blueberry fermentation broth	cell culture	clinical/host-associated material	clinical/host-associated material								China	Isolation Source raw	Blueberry fermentation broth	sample_context_router
fermentation broth	GCA_041529965.1	Brevibacillus laterosporus	SAMN18472200		absent			Shanghai Natural Soil		environmental material	environmental material		soil	terrestrial environment					China	Sample Type raw	fermentation broth	environment_context_router
fish	GCA_000251125.2	Staphylococcus saprophyticus subsp. saprophyticus KACC 16562	SAMN02469603		absent	Actinopterygii		fish with high-pressure treatment		seafood/aquatic food product	aquatic food product								South Korea	Isolation Source raw	fish with high-pressure treatment	food_source_context
fish	GCA_000272695.1	Salmonella enterica subsp. enterica serovar Newport str. CVM 19449	SAMN01813413		absent			fish food	fish product	seafood/aquatic food product	aquatic food product			food-associated environment					Hong Kong	Isolation Source raw	fish food	food_source_context
fish	GCA_000292365.1	Serratia marcescens W2.3	SAMN02471845		absent	Actinopterygii		sick tilapia fish		seafood/aquatic food product	aquatic food product						diseased		Malaysia	Isolation Source raw	sick tilapia fish	food_source_context
fish	GCA_000300355.4	Photobacterium damselae subsp. piscicida DI21	SAMN02471934		gilthead seabream	gilthead seabream		liver of fish with pasteurellosis		host-associated context	host-associated context								Spain	Isolation Source raw	liver of fish with pasteurellosis	sample_context_router
fish	GCA_000300535.1	Bacillus xiamenensis	SAMN02471164		Tenualosa reevesii	Tenualosa reevesii		seafish (Tenualosa reevesii) from sea close to Xiamen		seafish (Tenualosa reevesii) from sea close to Xiamen				marine environment					China	Isolation Source raw	seafish (Tenualosa reevesii) from sea close to Xiamen	standardizer
fish	GCA_000302475.3	Streptococcus agalactiae	SAMN02603506		Oreochromis niloticus (Nile tilapia)	Oreochromis niloticus		kidney of infected fish		host-associated context	host-associated context								Brazil	Isolation Source raw	kidney of infected fish	sample_context_router
fish	GCA_000321905.1	Enterococcus faecium EnGen0029	SAMN00779816		absent	Actinopterygii		Fish burger		seafood/aquatic food product	aquatic food product								Norway	Isolation Source raw	Fish burger	food_source_context
fish	GCA_000330725.2	Mariniradius saccharolyticus AK6	SAMN02469987		absent			seawater of a fish culture pond	culture	environmental material	environmental material		seawater	marine environment	pond				India	Isolation Source raw	seawater of a fish culture pond	environment_context_router
fish	GCA_000331915.2	Streptococcus iniae IUSA1	SAMN02471473		Sparus aurata	Sparus aurata		fish											Spain	Isolation Source raw	fish	missing
fish	GCA_000342305.2	Vibrio vulnificus VVyb1(BT3)	SAMN02471035		tilapia fish	Actinopterygii													Israel	Host raw	tilapia fish	missing
fish	GCA_000353835.1	Clostridium botulinum CB11/1-1	SAMN02471792		absent			Finnish food, fish roe	fish product	seafood/aquatic food product	aquatic food product			food-associated environment					Finland	Isolation Source raw	Finnish food, fish roe	food_source_context
fish	GCA_000403625.1	Streptococcus iniae SF1	SAMN02603405		fish		fish												China	Host raw	fish	missing
fish	GCA_000409545.1	Aeromonas veronii PhIn2	SAMN02471783		absent	Actinopterygii		fish intestine	gut content	seafood/aquatic food product	aquatic food product	gastrointestinal tract							India	Isolation Source raw	fish intestine	food_source_context
fish	GCA_000412715.2	Pseudomonas plecoglossicida NB2011	SAMN02472181		Larimichthys crocea	Larimichthys crocea		spleen of the diseased large yellow croaker fish		clinical/host-associated material	clinical/host-associated material	organ/tissue site				diseased	diseased		China	Isolation Source raw	spleen of the diseased large yellow croaker fish	sample_context_router
fish	GCA_000422325.1	Marinospirillum minutulum DSM 6287	SAMN02440684		absent			Marine shellfish		seafood/aquatic food product	aquatic food product		marine	marine environment					absent	Isolation Site raw	Marine shellfish	food_source_context
fish	GCA_000422325.1	Marinospirillum minutulum DSM 6287	SAMN02440684		absent			Marine shellfish		seafood/aquatic food product	aquatic food product		marine	marine environment					absent	Isolation Source raw	Marine shellfish	food_source_context
fish	GCA_000422665.1	Ferrimonas senticii DSM 18821	SAMN02440848		Arothron hispidus	Arothron hispidus		Mucus of a puffer fish (Arothron hispidus)		seafood/aquatic food product	aquatic food product		marine	marine environment					United States	Environment Broad raw	Host; Marine; Fish	food_source_context
fish	GCA_000422665.1	Ferrimonas senticii DSM 18821	SAMN02440848		Arothron hispidus	Arothron hispidus		Mucus of a puffer fish (Arothron hispidus)		seafood/aquatic food product	aquatic food product		marine	marine environment					United States	Isolation Site raw	Mucus of a puffer fish (Arothron hispidus)	food_source_context
fish	GCA_000422665.1	Ferrimonas senticii DSM 18821	SAMN02440848		Arothron hispidus	Arothron hispidus		Mucus of a puffer fish (Arothron hispidus)		seafood/aquatic food product	aquatic food product		marine	marine environment					United States	Isolation Source raw	Mucus of a puffer fish (Arothron hispidus)	food_source_context
fish	GCA_000430545.1	Tenacibaculum ovolyticum DSM 18103	SAMN02441146		absent	Pleuronectiformes		Halibut Eggs		Halibut Eggs			marine	marine environment					Norway	Environment Broad raw	Marine; Host; Fish	standardizer
fish gut	GCA_001185465.1	Vibrio harveyi	SAMN02948029		Holocentrus sp.	holocentrus		squirrelfish gut	gut content	clinical/host-associated material	clinical/host-associated material	gastrointestinal tract			gut/fecal local context				Bahamas	Isolation Source raw	squirrelfish gut	sample_context_router
fish gut	GCA_001983455.1	Candidatus Epulonipiscium fishelsonii	SAMN04027070		Acanthurus nigrofuscus	Acanthurus nigrofuscus		foregut; single cell amplified by MDA	single cell	clinical/host-associated material	clinical/host-associated material				gut/fecal local context				Saudi Arabia	Environment Local raw	Surgeonfish gut	sample_context_router
fish gut	GCA_018904615.1	Verticiella alkaliphila	SAMN16427092		Lepidocephalichthys guntea	Lepidocephalichthys guntea													India	Environment Broad raw	Fish gut	missing
fish gut	GCA_018904635.1	Rhodococcus sp. GG48	SAMN16451880		Lepidocephalichthys guntea	Lepidocephalichthys guntea		fish gut	gut content	host-associated context	host-associated context				gut/fecal local context				India	Isolation Source raw	fish gut	sample_context_router
fish gut	GCA_018904655.1	Shigella sp. GCP5	SAMN16456367		Lepidocephalichthys guntea	Lepidocephalichthys guntea		fish gut	gut content	host-associated context	host-associated context				gut/fecal local context				India	Isolation Source raw	fish gut	sample_context_router
fish gut	GCA_018904675.1	Bacillus sp. GG161	SAMN16451878		Lepidocephalichthys guntea	Lepidocephalichthys guntea		fish gut	gut content	host-associated context	host-associated context				gut/fecal local context				India	Isolation Source raw	fish gut	sample_context_router
fish gut	GCA_022048975.1	Sporosarcina cyprini	SAMN25526410		Cyprinus carpio	Cyprinus carpio		gut	gut content	clinical/host-associated material	clinical/host-associated material	gastrointestinal tract			gut/fecal local context				India	Sample Type raw	Fish gut content	sample_context_router
fish gut	GCA_024297105.1	Bacillus sp. KRF7	SAMN29548490		Sebastes schlegelii	Sebastes schlegelii							seawater	marine environment					South Korea	Environment Broad raw	Fish gut	missing
fish gut	GCA_024543085.1	Granulicatella seriolae	SAMN29932823		fish	Actinopterygii		fish gut	single cell	host-associated context	host-associated context				gut/fecal local context				South Korea	Isolation Source raw	fish gut	sample_context_router
fish gut	GCA_024803605.1	Shewanella baltica	SAMN14595194		absent	Scombridae		Atlantic Mackerel	gut content	clinical/host-associated material	clinical/host-associated material	gut content			gut/fecal local context				Norway	Sample Type raw	fish gut	sample_context_router
fish gut	GCA_024998875.1	Shewanella baltica	SAMN13656461		Atlantic Mackerel	Scombridae		fish gut	culture	host-associated context	host-associated context				gut/fecal local context				Norway	Isolation Source raw	fish gut	sample_context_router
fish gut	GCA_024998885.1	Shewanella baltica	SAMN13656463		Atlantic Mackerel	Scombridae		fish gut	culture	host-associated context	host-associated context				gut/fecal local context				Norway	Isolation Source raw	fish gut	sample_context_router
fish gut	GCA_024998925.1	Shewanella baltica	SAMN13656462		Atlantic Mackerel	Scombridae		fish gut	culture	host-associated context	host-associated context				gut/fecal local context				Norway	Isolation Source raw	fish gut	sample_context_router
fish gut	GCA_024998945.1	Shewanella baltica	SAMN13656460		Atlantic Mackerel	Scombridae		fish gut	culture	host-associated context	host-associated context				gut/fecal local context				Norway	Isolation Source raw	fish gut	sample_context_router
fish gut	GCA_024998965.1	Shewanella baltica	SAMN13656459		Atlantic Mackerel	Scombridae		fish gut	culture	host-associated context	host-associated context				gut/fecal local context				Norway	Isolation Source raw	fish gut	sample_context_router
fish gut	GCA_024998985.1	Shewanella baltica	SAMN13656457		Atlantic Mackerel	Scombridae		fish gut	culture	host-associated context	host-associated context				gut/fecal local context				Norway	Isolation Source raw	fish gut	sample_context_router
fish gut	GCA_024998995.1	Shewanella baltica	SAMN13656458		Atlantic Mackerel	Scombridae		fish gut	culture	host-associated context	host-associated context				gut/fecal local context				Norway	Isolation Source raw	fish gut	sample_context_router
fish gut	GCA_024999025.1	Shewanella baltica	SAMN13656455		Atlantic Mackerel	Scombridae		fish gut	culture	host-associated context	host-associated context				gut/fecal local context				Norway	Isolation Source raw	fish gut	sample_context_router
fish gut	GCA_024999045.1	Shewanella baltica	SAMN13656447		Atlantic Mackerel	Scombridae		fish gut	culture	host-associated context	host-associated context				gut/fecal local context				Norway	Isolation Source raw	fish gut	sample_context_router
fish gut	GCA_024999065.1	Shewanella baltica	SAMN13656452		Atlantic Mackerel	Scombridae		fish gut	culture	host-associated context	host-associated context				gut/fecal local context				Norway	Isolation Source raw	fish gut	sample_context_router
influent	GCA_000269865.1	Fictibacillus macauensis ZFHKF-1	SAMN02471793		absent			influent of drinking water plant		environmental material	environmental material		drinking/distribution water	plant-associated environment					China	Isolation Source raw	influent of drinking water plant	environment_context_router
influent	GCA_002937035.1	Paracoccus denitrificans	SAMN08369766		absent			Okhla sewage treatment plant		environmental material	environmental material		sewage	wastewater/sewage					India	Sample Type raw	Waste Water influent	environment_context_router
influent	GCA_003957865.1	Serratia marcescens	SAMN10149539		absent			marine	environmental sample	environmental material	environmental material		marine	marine environment					United States	Isolation Site raw	WWTP influent	environment_context_router
influent	GCA_009646175.1	Klebsiella pneumoniae	SAMN13151935		absent			Wastewater Influent		environmental material	environmental material		wastewater	wastewater/sewage					Romania	Isolation Source raw	Wastewater Influent	environment_context_router
influent	GCA_009646305.1	Klebsiella pneumoniae	SAMN13151934		absent			Wastewater Influent		environmental material	environmental material		wastewater	wastewater/sewage					Romania	Isolation Source raw	Wastewater Influent	environment_context_router
influent	GCA_012189105.1	Escherichia coli	SAMN08055022		absent			water influent		environmental material	environmental material		water						United States	Isolation Source raw	water influent	environment_context_router
influent	GCA_012245345.1	Escherichia coli	SAMN08055021		absent			water influent		environmental material	environmental material		water						United States	Isolation Source raw	water influent	environment_context_router
influent	GCA_012245505.1	Escherichia coli	SAMN08054977		absent			water influent		environmental material	environmental material		water						United States	Isolation Source raw	water influent	environment_context_router
influent	GCA_012245625.1	Escherichia coli	SAMN08055028		absent			water influent		environmental material	environmental material		water						United States	Isolation Source raw	water influent	environment_context_router
influent	GCA_012246305.1	Escherichia coli	SAMN08055020		absent			water influent		environmental material	environmental material		water						United States	Isolation Source raw	water influent	environment_context_router
influent	GCA_012246325.1	Escherichia coli	SAMN08054992		absent			water influent		environmental material	environmental material		water						United States	Isolation Source raw	water influent	environment_context_router
influent	GCA_012246345.1	Escherichia coli	SAMN08055019		absent			water influent		environmental material	environmental material		water						United States	Isolation Source raw	water influent	environment_context_router
influent	GCA_012246405.1	Escherichia coli	SAMN08055012		absent			water influent		environmental material	environmental material		water						United States	Isolation Source raw	water influent	environment_context_router
influent	GCA_012246445.1	Escherichia coli	SAMN08055013		absent			water influent		environmental material	environmental material		water						United States	Isolation Source raw	water influent	environment_context_router
influent	GCA_012247985.1	Escherichia coli	SAMN08054984		absent			water influent		environmental material	environmental material		water						United States	Isolation Source raw	water influent	environment_context_router
influent	GCA_012555545.1	Escherichia coli	SAMN04763836		absent			influent of waste water treatment plant		environmental material	environmental material		wastewater	plant-associated environment					Hong Kong	Isolation Source raw	influent of waste water treatment plant	environment_context_router
influent	GCA_013038785.1	Escherichia coli	SAMN07682638		absent			Hospital influent		healthcare facility	healthcare-associated environment			healthcare-associated environment	healthcare facility				China	Isolation Source raw	Hospital influent	context_dictionary
influent	GCA_013038855.1	Escherichia coli	SAMN07682641		absent			Hospital influent		healthcare facility	healthcare-associated environment			healthcare-associated environment	healthcare facility				China	Isolation Source raw	Hospital influent	context_dictionary
influent	GCA_013039125.1	Escherichia coli	SAMN07682623		absent			Hospital influent		healthcare facility	healthcare-associated environment			healthcare-associated environment	healthcare facility				China	Isolation Source raw	Hospital influent	context_dictionary
influent	GCA_013039145.1	Escherichia coli	SAMN07682621		absent			Hospital influent		healthcare facility	healthcare-associated environment			healthcare-associated environment	healthcare facility				China	Isolation Source raw	Hospital influent	context_dictionary
lettuce	GCA_000240785.2	Salmonella enterica subsp. enterica serovar Montevideo str. 80959-06	SAMN00754301		unknown	Lactuca sativa		iceberg head of lettuce	lettuce	plant/produce food product	food								absent	Isolation Source raw	iceberg head of lettuce	food_source_context
lettuce	GCA_000498635.1	Enterobacter asburiae L1	SAMN02471838		absent	Lactuca sativa		lettuce leaf		plant-associated material	plant-associated material	leaf tissue							Malaysia	Isolation Source raw	lettuce leaf	host_context_router
lettuce	GCA_000525975.1	Listeria rocourtiae FSL F6-920	SAMN02671250		absent			Lettuce											Austria	Isolation Source raw	Lettuce	missing
lettuce	GCA_000632395.1	Enterobacter asburiae L1	SAMN02716203		absent														Malaysia	Environment Broad raw	Lettuce	missing
lettuce	GCA_000632395.1	Enterobacter asburiae L1	SAMN02716203		absent														Malaysia	Environment Medium raw	LETTUCE	missing
lettuce	GCA_000671295.1	Escherichia coli O145:H28 str. RM12581	SAMN03081527		absent			lettuce											United States	Isolation Source raw	lettuce	missing
lettuce	GCA_000737665.1	Chryseobacterium formosense	SAMN02937280		absent	Lactuca sativa		garden lettuce	lettuce	plant/produce food product	food								Taiwan	Isolation Source raw	garden lettuce	food_source_context
lettuce	GCA_001006565.1	Morganella morganii	SAMN03145039		absent	Lactuca sativa		Lettuce Leaves	lettuce	plant/produce food product	food	leaf tissue							Malaysia	Isolation Source raw	Lettuce Leaves	food_source_context
lettuce	GCA_001044855.1	Bacillus cereus	SAMN03325944		absent			Lettuce											Netherlands	Isolation Source raw	Lettuce	missing
lettuce	GCA_001266615.1	Kluyvera genomosp. 1	SAMN03008042		lettuce	Lactuca sativa		leaves	leaves	clinical/host-associated material	clinical/host-associated material	leaf tissue							Malaysia	Host raw	lettuce	sample_context_router
lettuce	GCA_001588455.1	Salmonella enterica subsp. enterica serovar Typhimurium	SAMN03941119		absent			lettuce											Brazil	Isolation Source raw	lettuce	missing
lettuce	GCA_001605885.1	Acinetobacter lactucae	SAMN04437545		absent	Lactuca sativa		Lettuce leaf		plant-associated material	plant-associated material	leaf tissue							United States	Isolation Source raw	Lettuce leaf	host_context_router
lettuce	GCA_001677495.1	Escherichia coli	SAMN02808333		absent			lettuce											United States	Isolation Source raw	lettuce	missing
lettuce	GCA_001677515.1	Escherichia coli	SAMN02688213		Homo sapiens	Homo sapiens		bagged lettuce	lettuce	plant/produce food product	food								absent	Isolation Source raw	bagged lettuce	food_source_context
lettuce	GCA_001709315.1	Pantoea agglomerans	SAMN05444153		absent			lettuce											China	Isolation Source raw	lettuce	missing
lettuce	GCA_001714545.1	Salmonella enterica subsp. enterica serovar Typhimurium	SAMN02844332		absent	Lactuca sativa		loose leaf lettuce		plant-associated material	plant-associated material	leaf tissue							Mexico	Isolation Source raw	loose leaf lettuce	host_context_router
lettuce	GCA_001907955.1	Klebsiella pneumoniae	SAMN06132264		absent			Lettuce											Brazil	Isolation Source raw	Lettuce	missing
lettuce	GCA_002133255.1	Listeria monocytogenes	SAMN04414044		absent	Lactuca sativa		Bagged Lettuce	lettuce	plant/produce food product	food								United States	Isolation Source raw	Bagged Lettuce	food_source_context
lettuce	GCA_002220325.1	Listeria monocytogenes	SAMN05363481		absent			Lettuce											South Korea	Isolation Source raw	Lettuce	missing
lettuce	GCA_002220345.1	Salmonella enterica subsp. enterica serovar Enteritidis	SAMN05363482		absent			Lettuce											South Korea	Isolation Source raw	Lettuce	missing
manure	GCA_000212915.1	Bacteroides coprosuis DSM 18011	SAMN02256469		Sus scrofa	Sus scrofa		Pig faeces, swine manure; USA	feces/stool			manure	manure						United States	Isolation Source raw	Pig faeces, swine manure; USA	missing
manure	GCA_000381765.1	[Zimmermannella] faecalis ATCC 13722	SAMN02440490		absent	Bos taurus		cow manure	manure	environmental material	environmental material	manure	manure						absent	Isolation Site raw	cow manure	environment_context_router
manure	GCA_000381765.1	[Zimmermannella] faecalis ATCC 13722	SAMN02440490		absent	Bos taurus		cow manure	manure	environmental material	environmental material	manure	manure						absent	Isolation Source raw	cow manure	environment_context_router
manure	GCA_000401915.1	Thermobifida fusca TM51	SAMN02471029		absent	Equus caballus		hot region of horse manure compost (70-80C)	manure	environmental material	environmental material	manure	manure						Hungary	Isolation Source raw	hot region of horse manure compost (70-80C)	environment_context_router
manure	GCA_000518565.1	Thermoanaerobacter thermocopriae JCM 7501	SAMN02584976		absent	Bos taurus		composted cattle manure, Japan	manure	environmental material	environmental material	manure	manure						Japan	Isolation Site raw	composted cattle manure, Japan	environment_context_router
manure	GCA_000518565.1	Thermoanaerobacter thermocopriae JCM 7501	SAMN02584976		absent	Bos taurus		composted cattle manure, Japan	manure	environmental material	environmental material	manure	manure						Japan	Isolation Source raw	composted cattle manure, Japan	environment_context_router
manure	GCA_000585195.1	Aliarcobacter lanthieri	SAMN02951875		dairy cattle	Bos taurus		dairy cow manure storage tank	manure			manure	manure	food-associated environment					Canada	Isolation Source raw	dairy cow manure storage tank	missing
manure	GCA_000623515.2	Salmonella enterica subsp. enterica serovar Enteritidis str. SA20083636	SAMN02384211		absent			Environment - Litter/Manure	manure	environmental material	environmental material	manure	manure						Canada	Isolation Source raw	Environment - Litter/Manure	environment_context_router
manure	GCA_000625655.2	Salmonella enterica subsp. enterica serovar Enteritidis str. SA20085285	SAMN02384210		absent			Environment - Litter/Manure	manure	environmental material	environmental material	manure	manure						Canada	Isolation Source raw	Environment - Litter/Manure	environment_context_router
manure	GCA_000625855.2	Salmonella enterica subsp. enterica serovar Enteritidis str. SA20082034	SAMN02384209		absent			Environment - Litter/Manure	manure	environmental material	environmental material	manure	manure						Canada	Isolation Source raw	Environment - Litter/Manure	environment_context_router
manure	GCA_000716435.1	Streptomyces xylophagus	SAMN02645193		absent			barn-yard manure	manure	environmental material	environmental material	manure	manure						absent	Isolation Source raw	barn-yard manure	environment_context_router
manure	GCA_000768675.1	Knoellia flava TL1	SAMN03144714		absent	Sus scrofa		pig manure	manure			manure	manure						China	Isolation Source raw	pig manure	missing
manure	GCA_001512425.1	Clostridiaceae bacterium DTU054	SAMN03778951			Bos taurus		pool of bioreactors CSTR01a, CSTR02a, and CSTR03a; thermophilic anaerobic digestion of cattle manure in continuous reactors for biogas production (methane)	manure			manure	wastewater	wastewater/sewage					Denmark	Isolation Source raw	pool of bioreactors CSTR01a, CSTR02a, and CSTR03a; thermophilic anaerobic digestion of cattle manure in continuous reactors for biogas production (methane)	missing
manure	GCA_001512435.1	Halothermothrix sp. DTU029	SAMN03778950		absent	Bos taurus		pool of bioreactors CSTR01a, CSTR02a, and CSTR03a; thermophilic anaerobic digestion of cattle manure in continuous reactors for biogas production (methane)	manure			manure	wastewater	wastewater/sewage					Denmark	Isolation Source raw	pool of bioreactors CSTR01a, CSTR02a, and CSTR03a; thermophilic anaerobic digestion of cattle manure in continuous reactors for biogas production (methane)	missing
manure	GCA_001512455.1	Acholeplasmatales bacterium DTU067	SAMN03778949			Bos taurus		pool of bioreactors CSTR01a, CSTR02a, and CSTR03a; thermophilic anaerobic digestion of cattle manure in continuous reactors for biogas production (methane)	manure			manure	wastewater	wastewater/sewage					Denmark	Isolation Source raw	pool of bioreactors CSTR01a, CSTR02a, and CSTR03a; thermophilic anaerobic digestion of cattle manure in continuous reactors for biogas production (methane)	missing
manure	GCA_001512485.1	Clostridiales bacterium DTU069	SAMN03777541			Bos taurus		pool of bioreactors CSTR01a, CSTR02a, and CSTR03a; thermophilic anaerobic digestion of cattle manure in continuous reactors for biogas production (methane)	manure			manure	wastewater	wastewater/sewage					Denmark	Isolation Source raw	pool of bioreactors CSTR01a, CSTR02a, and CSTR03a; thermophilic anaerobic digestion of cattle manure in continuous reactors for biogas production (methane)	missing
manure	GCA_001512495.1	Syntrophothermus sp. DTU052	SAMN03778948		absent	Bos taurus		pool of bioreactors CSTR01a, CSTR02a, and CSTR03a; thermophilic anaerobic digestion of cattle manure in continuous reactors for biogas production (methane)	manure			manure	wastewater	wastewater/sewage					Denmark	Isolation Source raw	pool of bioreactors CSTR01a, CSTR02a, and CSTR03a; thermophilic anaerobic digestion of cattle manure in continuous reactors for biogas production (methane)	missing
manure	GCA_001512505.1	Clostridiaceae bacterium DTU079	SAMN03776770			Bos taurus		pool of bioreactors CSTR01a, CSTR02a, and CSTR03a; thermophilic anaerobic digestion of cattle manure in continuous reactors for biogas production (methane)	manure			manure	wastewater	wastewater/sewage					Denmark	Isolation Source raw	pool of bioreactors CSTR01a, CSTR02a, and CSTR03a; thermophilic anaerobic digestion of cattle manure in continuous reactors for biogas production (methane)	missing
manure	GCA_001512545.1	Clostridia bacterium DTU065	SAMN03777436			Bos taurus		pool of bioreactors CSTR01a, CSTR02a, and CSTR03a; thermophilic anaerobic digestion of cattle manure in continuous reactors for biogas production (methane)	manure			manure	wastewater	wastewater/sewage					Denmark	Isolation Source raw	pool of bioreactors CSTR01a, CSTR02a, and CSTR03a; thermophilic anaerobic digestion of cattle manure in continuous reactors for biogas production (methane)	missing
manure	GCA_001512555.1	Clostridiaceae bacterium DTU059	SAMN03779019			Bos taurus		pool of bioreactors CSTR01a, CSTR02a, and CSTR03a; thermophilic anaerobic digestion of cattle manure in continuous reactors for biogas production (methane)	manure			manure	wastewater	wastewater/sewage					Denmark	Isolation Source raw	pool of bioreactors CSTR01a, CSTR02a, and CSTR03a; thermophilic anaerobic digestion of cattle manure in continuous reactors for biogas production (methane)	missing
market	GCA_000242375.2	Campylobacter jejuni subsp. jejuni P110B	SAMN00113350		chicken	Gallus gallus		fresh, whole chicken carcass purchased from a supermarket	chicken carcass	poultry meat/product	food/meat								New Zealand	Isolation Source raw	fresh, whole chicken carcass purchased from a supermarket	food_source_context
market	GCA_000465555.2	Pantoea dispersa EGD-AAK13	SAMN02469686		absent			vegetable market soil	vegetable	environmental material	environmental material		soil	terrestrial environment					India	Isolation Source raw	vegetable market soil	environment_context_router
market	GCA_000465635.2	Acinetobacter baumannii EGD-HP18	SAMN02469690		absent			vegetable market soil	vegetable	environmental material	environmental material		soil	terrestrial environment					India	Isolation Source raw	vegetable market soil	environment_context_router
market	GCA_000604165.1	Bacillus paralicheniformis G-1	SAMN02385726		absent			Retail supermarket		Retail supermarket									Australia	Isolation Source raw	Retail supermarket	standardizer
market	GCA_000756285.1	Heyndrickxia coagulans	SAMN02905869		absent			marketed probiotic product		marketed probiotic product									Italy	Isolation Source raw	marketed probiotic product	standardizer
market	GCA_001183595.1	Aeromonas caviae	SAMN03778994		absent			supermarket		supermarket									China	Isolation Source raw	supermarket	standardizer
market	GCA_001279615.1	Streptomyces sp. NRRL F-7442	SAMN02900653		absent			Ragi-local market		Ragi-local market									Indonesia	Isolation Source raw	Ragi-local market	standardizer
market	GCA_001291485.1	Campylobacter coli	SAMEA3487068		Chicken	Gallus gallus		Supermarket		Supermarket									United Kingdom	Isolation Source raw	Supermarket	standardizer
market	GCA_001291505.1	Campylobacter jejuni	SAMEA3487080		Chicken	Gallus gallus		Supermarket		Supermarket									United Kingdom	Isolation Source raw	Supermarket	standardizer
market	GCA_001291525.1	Campylobacter coli	SAMEA3487049		Chicken	Gallus gallus		Supermarket		Supermarket									United Kingdom	Isolation Source raw	Supermarket	standardizer
market	GCA_001291545.1	Campylobacter coli	SAMEA3487074		Chicken	Gallus gallus		Supermarket		Supermarket									United Kingdom	Isolation Source raw	Supermarket	standardizer
market	GCA_001291565.1	Campylobacter coli	SAMEA3487061		Chicken	Gallus gallus		Supermarket		Supermarket									United Kingdom	Isolation Source raw	Supermarket	standardizer
market	GCA_001291585.1	Campylobacter jejuni	SAMEA3487084		Chicken	Gallus gallus		Supermarket		Supermarket									United Kingdom	Isolation Source raw	Supermarket	standardizer
market	GCA_001291605.1	Campylobacter coli	SAMEA3487054		Chicken	Gallus gallus		Supermarket		Supermarket									United Kingdom	Isolation Source raw	Supermarket	standardizer
market	GCA_001291625.1	Campylobacter coli	SAMEA3487059		Chicken	Gallus gallus		Supermarket		Supermarket									United Kingdom	Isolation Source raw	Supermarket	standardizer
market	GCA_001291645.1	Campylobacter coli	SAMEA3487045		Chicken	Gallus gallus		Supermarket		Supermarket									United Kingdom	Isolation Source raw	Supermarket	standardizer
market	GCA_001291665.1	Campylobacter coli	SAMEA3487063		Chicken	Gallus gallus		Supermarket		Supermarket									United Kingdom	Isolation Source raw	Supermarket	standardizer
market	GCA_001291685.1	Campylobacter coli	SAMEA3487057		Chicken	Gallus gallus		Supermarket		Supermarket									United Kingdom	Isolation Source raw	Supermarket	standardizer
market	GCA_001291705.1	Campylobacter coli	SAMEA3487060		Chicken	Gallus gallus		Supermarket		Supermarket									United Kingdom	Isolation Source raw	Supermarket	standardizer
market	GCA_001291725.1	Campylobacter coli	SAMEA3487075		Chicken	Gallus gallus		Supermarket		Supermarket									United Kingdom	Isolation Source raw	Supermarket	standardizer
mud	GCA_000023065.1	Tolumonas auensis DSM 9187	SAMN02598508		absent			sediment of freshwater lake		environmental material	environmental material		freshwater	freshwater environment	lake				Switzerland	Isolation Site raw	freshwater mud	environment_context_router
mud	GCA_000025645.1	Thermoanaerobacter italicus Ab9	SAMN02598495		absent			Mud, thermal spa; Italy, Abano Terme		Mud, thermal spa; Italy, Abano Terme									Italy	Isolation Site raw	Mud, thermal spa; Italy, Abano Terme	standardizer
mud	GCA_000025645.1	Thermoanaerobacter italicus Ab9	SAMN02598495		absent			Mud, thermal spa; Italy, Abano Terme		Mud, thermal spa; Italy, Abano Terme									Italy	Isolation Source raw	Mud, thermal spa; Italy, Abano Terme	standardizer
mud	GCA_000092945.1	Thermincola carboxydiphila JR	SAMN02598533		absent			sludge reactor		environmental material	environmental material		sludge	wastewater/sewage					United States	Isolation Site raw	sludge reactor; East Bay MUD; Oakland, CA	environment_context_router
mud	GCA_000143965.1	Desulfarculus baarsii DSM 2075	SAMN02598521		absent			ditch mud		ditch mud									Germany	Environment Broad raw	Mud	standardizer
mud	GCA_000143965.1	Desulfarculus baarsii DSM 2075	SAMN02598521		absent			ditch mud		ditch mud									Germany	Isolation Site raw	Ditch mud; Germany	standardizer
mud	GCA_000143965.1	Desulfarculus baarsii DSM 2075	SAMN02598521		absent			ditch mud		ditch mud									Germany	Isolation Source raw	ditch mud	standardizer
mud	GCA_000158155.1	gamma proteobacterium NOR5-3	SAMN02436223					top oxic layer of a muddy sediment core	core	environmental material	environmental material		sediment	aquatic sediment environment					Germany	Isolation Source raw	top oxic layer of a muddy sediment core	environment_context_router
mud	GCA_000158175.1	Luminiphilus syltensis NOR5-1B	SAMN02436313		absent			top oxic layer of a muddy sediment core	core	environmental material	environmental material		sediment	aquatic sediment environment					Germany	Isolation Source raw	top oxic layer of a muddy sediment core	environment_context_router
mud	GCA_000165505.1	Ilyobacter polytropus DSM 2926	SAMN00116458		absent			marine mud		environmental material	environmental material		marine	marine environment					Germany	Isolation Site raw	Marine mud from Germany	environment_context_router
mud	GCA_000165505.1	Ilyobacter polytropus DSM 2926	SAMN00116458		absent			marine mud		environmental material	environmental material		marine	marine environment					Germany	Isolation Source raw	marine mud	environment_context_router
mud	GCA_000166115.1	Nitratidesulfovibrio vulgaris RCH1	SAMN00002688		absent								seawater	terrestrial environment					absent	Environment Broad raw	Animal intestinal microflora, Fresh water, Mud, Sea water, Soil	missing
mud	GCA_000175795.2	Ruminiclostridium papyrosolvens DSM 2782	SAMN00002727		absent			estuarine sediment from River Don		environmental material	environmental material		sediment	estuarine environment	river				United Kingdom	Environment Broad raw	Mud	environment_context_router
mud	GCA_000176915.2	Pseudodesulfovibrio aespoeensis Aspo-2	SAMN00713573		absent			granitic rock aquifer at 600 m depth		environmental material	environmental material		seawater	terrestrial environment					Sweden	Environment Broad raw	Animal intestinal microflora, Fresh water, Mud, Sea water, Soil	environment_context_router
mud	GCA_000177215.2	Solidesulfovibrio carbinoliphilus subsp. oakridgensis	SAMN02256536		absent			ORFRC groundwater during biostimulation for uranium bioreduction		environmental material	environmental material		agricultural/food-production water	terrestrial environment	groundwater				absent	Environment Broad raw	Fresh water, Animal intestinal microflora, Mud, Sea water, Soil	environment_context_router
mud	GCA_000179555.1	Solidesulfovibrio fructosivorans JJ]	SAMN00103625		absent			marine marsh sediment		environmental material	environmental material		sediment	aquatic sediment environment					United States	Environment Broad raw	Mud	environment_context_router
mud	GCA_000184705.1	Thermaerobacter marianensis DSM 12885	SAMN00713570		absent			mud from the Challenger Deep in the Mariana Trench at a depth of 10897 m		mud from the Challenger Deep in the Mariana Trench at a depth of 10897 m									Pacific Ocean	Environment Broad raw	Mud	standardizer
mud	GCA_000184705.1	Thermaerobacter marianensis DSM 12885	SAMN00713570		absent			mud from the Challenger Deep in the Mariana Trench at a depth of 10897 m		mud from the Challenger Deep in the Mariana Trench at a depth of 10897 m									Pacific Ocean	Isolation Site raw	mud from the Challenger Deep in the Mariana Trench at a depth of 10897m	standardizer
mud	GCA_000184705.1	Thermaerobacter marianensis DSM 12885	SAMN00713570		absent			mud from the Challenger Deep in the Mariana Trench at a depth of 10897 m		mud from the Challenger Deep in the Mariana Trench at a depth of 10897 m									Pacific Ocean	Isolation Source raw	mud from the Challenger Deep in the Mariana Trench at a depth of 10897 m	standardizer
mud	GCA_000186885.1	Desulfobulbus propionicus DSM 2032	SAMN00713581		absent			freshwater mud		environmental material	environmental material		marine sediment	aquatic sediment environment					Germany	Isolation Site raw	Freshwater mud in Germany	environment_context_router
oyster	GCA_000259295.1	Vibrio tubiashii NCIMB 1337 = ATCC 19106	SAMN02470815		Crassostrea virginica	Crassostrea virginica		Oyster spat from moribund oyster		seafood/aquatic food product	aquatic food product								absent	Isolation Source raw	Oyster spat from moribund oyster	food_source_context
oyster	GCA_000430405.1	Vibrio parahaemolyticus O1:Kuk str. FDA_R31	SAMN02179882		absent			oyster											United States	Isolation Source raw	oyster	missing
oyster	GCA_000455385.1	Aquipseudomonas alcaligenes OT 69	SAMN02471815		oyster	Ostreidae		mantle tissue	tissue	clinical/host-associated material	clinical/host-associated material								absent	Host raw	oyster	sample_context_router
oyster	GCA_000455665.1	Stutzerimonas stutzeri MF28	SAMN02471812		Crassostrea virginica	Crassostrea virginica		oyster mantle fluid	bodily fluid	clinical/host-associated material	clinical/host-associated material								United States	Isolation Source raw	oyster mantle fluid	sample_context_router
oyster	GCA_000455685.1	Stenotrophomonas maltophilia MF89	SAMN02471816		Crassostrea virginica	Crassostrea virginica		oyster mantle fluid	bodily fluid	clinical/host-associated material	clinical/host-associated material								United States	Isolation Source raw	oyster mantle fluid	sample_context_router
oyster	GCA_000455825.1	Microbacterium maritypicum MF109	SAMN02471823		Crassostrea virginica	Crassostrea virginica		oyster mantle fluid	bodily fluid	clinical/host-associated material	clinical/host-associated material								United States	Isolation Source raw	oyster mantle fluid	sample_context_router
oyster	GCA_000487835.1	Salmonella enterica subsp. enterica serovar Norwich str. CFSAN001077	SAMN01816343		absent			raw oyster	oyster product	seafood/aquatic food product	aquatic food product								absent	Isolation Source raw	raw oyster	food_source_context
oyster	GCA_000487875.1	Salmonella enterica subsp. enterica serovar Hartford str. CFSAN001075	SAMN01816341		absent			raw oyster	oyster product	seafood/aquatic food product	aquatic food product								absent	Isolation Source raw	raw oyster	food_source_context
oyster	GCA_000500445.1	Vibrio parahaemolyticus VIP4-0430	SAMN02471135		absent			oyster											Hong Kong	Isolation Source raw	oyster	missing
oyster	GCA_000500545.1	Vibrio parahaemolyticus VIP4-0447	SAMN02471137		Homo sapiens	Homo sapiens		oyster											Hong Kong	Isolation Source raw	oyster	missing
oyster	GCA_000518705.1	Shewanella colwelliana ATCC 39565	SAMN02584968		absent	Ostreidae		Estuarine aquaculture unit containing juvenile oysters, Lewes, DE		Estuarine aquaculture unit containing juvenile oysters, Lewes, DE				estuarine environment					absent	Isolation Site raw	Estuarine aquaculture unit containing juvenile oysters, Lewes, DE	standardizer
oyster	GCA_000518705.1	Shewanella colwelliana ATCC 39565	SAMN02584968		absent	Ostreidae		Estuarine aquaculture unit containing juvenile oysters, Lewes, DE		Estuarine aquaculture unit containing juvenile oysters, Lewes, DE				estuarine environment					absent	Isolation Source raw	Estuarine aquaculture unit containing juvenile oysters, Lewes, DE	standardizer
oyster	GCA_000707085.2	Vibrio parahaemolyticus	SAMN02741393		absent			oyster											United States	Isolation Source raw	oyster	missing
oyster	GCA_000707185.2	Vibrio parahaemolyticus	SAMN02741395		absent			oyster											United States	Isolation Source raw	oyster	missing
oyster	GCA_000707265.2	Vibrio parahaemolyticus	SAMN02741401		absent			oyster											United States	Isolation Source raw	oyster	missing
oyster	GCA_000707285.2	Vibrio parahaemolyticus	SAMN02741392		absent			oyster											United States	Isolation Source raw	oyster	missing
oyster	GCA_000707345.2	Vibrio parahaemolyticus	SAMN02741402		absent			oyster											United States	Isolation Source raw	oyster	missing
oyster	GCA_000707365.2	Vibrio parahaemolyticus	SAMN02741394		absent			oyster											United States	Isolation Source raw	oyster	missing
oyster	GCA_000707645.2	Vibrio parahaemolyticus	SAMN02741399		absent			oyster											United States	Isolation Source raw	oyster	missing
oyster	GCA_000707665.2	Vibrio parahaemolyticus	SAMN02741400		absent			oyster											United States	Isolation Source raw	oyster	missing
oyster tissue	GCA_042311555.1	Vibrio parahaemolyticus	SAMN43905423		Magallana gigas	Magallana gigas		Raw oyster tissue enriched in Alkaline Peptone Water	tissue	host-associated context	host-associated context		chemically distinct water						United States	Isolation Source raw	Raw oyster tissue enriched in Alkaline Peptone Water	sample_context_router
oyster tissue	GCA_042311575.1	Vibrio parahaemolyticus	SAMN43905422		Magallana gigas	Magallana gigas		Raw oyster tissue enriched in Alkaline Peptone Water	tissue	host-associated context	host-associated context		chemically distinct water						United States	Isolation Source raw	Raw oyster tissue enriched in Alkaline Peptone Water	sample_context_router
oyster tissue	GCA_042311875.1	Vibrio parahaemolyticus	SAMN43905432		Magallana gigas	Magallana gigas		Raw oyster tissue enriched in Alkaline Peptone Water	tissue	host-associated context	host-associated context		chemically distinct water						United States	Isolation Source raw	Raw oyster tissue enriched in Alkaline Peptone Water	sample_context_router
oyster tissue	GCA_042311895.1	Vibrio parahaemolyticus	SAMN43905434		Magallana gigas	Magallana gigas		Raw oyster tissue enriched in Alkaline Peptone Water	tissue	host-associated context	host-associated context		chemically distinct water						United States	Isolation Source raw	Raw oyster tissue enriched in Alkaline Peptone Water	sample_context_router
oyster tissue	GCA_042311915.1	Vibrio parahaemolyticus	SAMN43905433		Magallana gigas	Magallana gigas		Raw oyster tissue enriched in Alkaline Peptone Water	tissue	host-associated context	host-associated context		chemically distinct water						United States	Isolation Source raw	Raw oyster tissue enriched in Alkaline Peptone Water	sample_context_router
oyster tissue	GCA_042311935.1	Vibrio parahaemolyticus	SAMN43905435		Magallana gigas	Magallana gigas		Raw oyster tissue enriched in Alkaline Peptone Water	tissue	host-associated context	host-associated context		chemically distinct water						United States	Isolation Source raw	Raw oyster tissue enriched in Alkaline Peptone Water	sample_context_router
oyster tissue	GCA_042311955.1	Vibrio parahaemolyticus	SAMN43905436		Magallana gigas	Magallana gigas		Raw oyster tissue enriched in Alkaline Peptone Water	tissue	host-associated context	host-associated context		chemically distinct water						United States	Isolation Source raw	Raw oyster tissue enriched in Alkaline Peptone Water	sample_context_router
oyster tissue	GCA_042311975.1	Vibrio parahaemolyticus	SAMN43905438		Magallana gigas	Magallana gigas		Raw oyster tissue enriched in Alkaline Peptone Water	tissue	host-associated context	host-associated context		chemically distinct water						United States	Isolation Source raw	Raw oyster tissue enriched in Alkaline Peptone Water	sample_context_router
oyster tissue	GCA_042311995.1	Vibrio parahaemolyticus	SAMN43905440		Magallana gigas	Magallana gigas		Raw oyster tissue enriched in Alkaline Peptone Water	tissue	host-associated context	host-associated context		chemically distinct water						United States	Isolation Source raw	Raw oyster tissue enriched in Alkaline Peptone Water	sample_context_router
oyster tissue	GCA_042312015.1	Vibrio parahaemolyticus	SAMN43905439		Magallana gigas	Magallana gigas		Raw oyster tissue enriched in Alkaline Peptone Water	tissue	host-associated context	host-associated context		chemically distinct water						United States	Isolation Source raw	Raw oyster tissue enriched in Alkaline Peptone Water	sample_context_router
oyster tissue	GCA_042312035.1	Vibrio parahaemolyticus	SAMN43905424		Magallana gigas	Magallana gigas		Raw oyster tissue enriched in Alkaline Peptone Water	tissue	host-associated context	host-associated context		chemically distinct water						United States	Isolation Source raw	Raw oyster tissue enriched in Alkaline Peptone Water	sample_context_router
oyster tissue	GCA_042312055.1	Vibrio parahaemolyticus	SAMN43905441		Magallana gigas	Magallana gigas		Raw oyster tissue enriched in Alkaline Peptone Water	tissue	host-associated context	host-associated context		chemically distinct water						United States	Isolation Source raw	Raw oyster tissue enriched in Alkaline Peptone Water	sample_context_router
oyster tissue	GCA_042312075.1	Vibrio parahaemolyticus	SAMN43905442		Magallana gigas	Magallana gigas		Raw oyster tissue enriched in Alkaline Peptone Water	tissue	host-associated context	host-associated context		chemically distinct water						United States	Isolation Source raw	Raw oyster tissue enriched in Alkaline Peptone Water	sample_context_router
oyster tissue	GCA_042312095.1	Vibrio parahaemolyticus	SAMN43905443		Magallana gigas	Magallana gigas		Raw oyster tissue enriched in Alkaline Peptone Water	tissue	host-associated context	host-associated context		chemically distinct water						United States	Isolation Source raw	Raw oyster tissue enriched in Alkaline Peptone Water	sample_context_router
oyster tissue	GCA_042312115.1	Vibrio parahaemolyticus	SAMN43905444		Magallana gigas	Magallana gigas		Raw oyster tissue enriched in Alkaline Peptone Water	tissue	host-associated context	host-associated context		chemically distinct water						United States	Isolation Source raw	Raw oyster tissue enriched in Alkaline Peptone Water	sample_context_router
oyster tissue	GCA_042312135.1	Vibrio parahaemolyticus	SAMN43905445		Magallana gigas	Magallana gigas		Raw oyster tissue enriched in Alkaline Peptone Water	tissue	host-associated context	host-associated context		chemically distinct water						United States	Isolation Source raw	Raw oyster tissue enriched in Alkaline Peptone Water	sample_context_router
oyster tissue	GCA_042312155.1	Vibrio parahaemolyticus	SAMN43905449		Magallana gigas	Magallana gigas		Raw oyster tissue enriched in Alkaline Peptone Water	tissue	host-associated context	host-associated context		chemically distinct water						United States	Isolation Source raw	Raw oyster tissue enriched in Alkaline Peptone Water	sample_context_router
oyster tissue	GCA_042312175.1	Vibrio parahaemolyticus	SAMN43905447		Magallana gigas	Magallana gigas		Raw oyster tissue enriched in Alkaline Peptone Water	tissue	host-associated context	host-associated context		chemically distinct water						United States	Isolation Source raw	Raw oyster tissue enriched in Alkaline Peptone Water	sample_context_router
oyster tissue	GCA_042312195.1	Vibrio parahaemolyticus	SAMN43905458		Magallana gigas	Magallana gigas		Raw oyster tissue enriched in Alkaline Peptone Water	tissue	host-associated context	host-associated context		chemically distinct water						United States	Isolation Source raw	Raw oyster tissue enriched in Alkaline Peptone Water	sample_context_router
oyster tissue	GCA_042312215.1	Vibrio parahaemolyticus	SAMN43905425		Magallana gigas	Magallana gigas		Raw oyster tissue enriched in Alkaline Peptone Water	tissue	host-associated context	host-associated context		chemically distinct water						United States	Isolation Source raw	Raw oyster tissue enriched in Alkaline Peptone Water	sample_context_router
pig	GCA_000024205.1	Desulfofarcimen acetoxidans DSM 771	SAMN02598455		absent			Piggery waste in Gottingen, Germany		Piggery waste in Gottingen, Germany									Germany	Isolation Site raw	Piggery waste in Gottingen, Germany	standardizer
pig	GCA_000024205.1	Desulfofarcimen acetoxidans DSM 771	SAMN02598455		absent			Piggery waste in Gottingen, Germany		Piggery waste in Gottingen, Germany									Germany	Isolation Source raw	Piggery waste in Gottingen, Germany	standardizer
pig	GCA_000025305.1	Acidaminococcus fermentans DSM 20731	SAMN02598507		Sus scrofa	Sus scrofa		Pig gut	gut content	clinical/host-associated material	clinical/host-associated material	gastrointestinal tract			gut/fecal local context				absent	Isolation Site raw	Pig gut	sample_context_router
pig	GCA_000025305.1	Acidaminococcus fermentans DSM 20731	SAMN02598507		Sus scrofa	Sus scrofa		Pig gut	gut content	clinical/host-associated material	clinical/host-associated material	gastrointestinal tract			gut/fecal local context				absent	Isolation Source raw	Pig gut	sample_context_router
pig	GCA_000168355.3	Streptococcus suis 05HAS68	SAMN02469350		pig	Sus scrofa													absent	Host raw	pig	missing
pig	GCA_000179035.2	Mycoplasma suis str. Illinois	SAMN02603730		pig	Sus scrofa		blood of an infected pig	blood										absent	Host raw	pig	missing
pig	GCA_000179035.2	Mycoplasma suis str. Illinois	SAMN02603730		pig	Sus scrofa		blood of an infected pig	blood										absent	Isolation Source raw	blood of an infected pig	missing
pig	GCA_000186225.1	Bacteroides helcogenes P 36-108	SAMN00138952		Sus scrofa	Sus scrofa		feces	feces/stool	clinical/host-associated material	clinical/host-associated material			host-associated gut/oral/fecal environment	gut/fecal local context				absent	Isolation Site raw	Pig faeces	sample_context_router
pig	GCA_000187605.2	Helicobacter suis HS5	SAMN02469775		pig	Sus scrofa		porcine gastric mucosa		porcine gastric mucosa									absent	Host raw	pig	standardizer
pig	GCA_000187625.2	Helicobacter suis HS1	SAMN02469776		pig	Sus scrofa		porcine gastric mucosa		porcine gastric mucosa									absent	Host raw	pig	standardizer
pig	GCA_000194115.1	Lactobacillus amylovorus GRL1118	SAMN02603307		pig	Sus scrofa		ileum	gut content	clinical/host-associated material	clinical/host-associated material	gastrointestinal tract							absent	Host raw	pig	sample_context_router
pig	GCA_000194475.2	Escherichia coli 9.1649	SAMN02436636		pig	Sus scrofa													absent	Host raw	pig	missing
pig	GCA_000194535.2	Escherichia coli 2.3916	SAMN02436637		pig	Sus scrofa													absent	Host raw	pig	missing
pig	GCA_000194705.2	Escherichia coli B41	SAMN02436334		pig	Sus scrofa													United States	Host raw	pig	missing
pig	GCA_000212915.1	Bacteroides coprosuis DSM 18011	SAMN02256469		Sus scrofa	Sus scrofa		Pig faeces, swine manure; USA	feces/stool			manure	manure						United States	Isolation Source raw	Pig faeces, swine manure; USA	missing
pig	GCA_000219475.3	Lactobacillus johnsonii pf01	SAMN02469597		pig	Sus scrofa													absent	Host raw	pig	missing
pig	GCA_000222995.2	Mycoplasmopsis columbina SF7	SAMN02469897		absent	Columba livia		pigeons		pigeons									China	Isolation Source raw	pigeons	standardizer
pig	GCA_000259135.1	Escherichia coli AI27	SAMN02470913		pig	Sus scrofa		feces	feces/stool	clinical/host-associated material	clinical/host-associated material			host-associated gut/oral/fecal environment	gut/fecal local context				South Korea	Host raw	pig	sample_context_router
pig	GCA_000259545.1	Pasteurella multocida subsp. multocida str. 3480	SAMN02603505		pig	Sus scrofa		lung of animal with pneumonia		host-associated context	host-associated context					pneumonia	diseased		absent	Host raw	pig	sample_context_router
pig	GCA_000268365.1	Yersinia pestis PY-06	SAMN02141453		guinea pig	Cavia porcellus		blood [ENVO:02000020]	blood	clinical/host-associated material	clinical/host-associated material			terrestrial environment					Peru	Host raw	guinea pig	sample_context_router
sand	GCA_000183425.1	Marivirga tractuosa DSM 4126	SAMN00138949		absent			beach sand		beach sand									Vietnam	Isolation Site raw	beach sand from Nha Trang	standardizer
sand	GCA_000183425.1	Marivirga tractuosa DSM 4126	SAMN00138949		absent			beach sand		beach sand									Vietnam	Isolation Source raw	beach sand	standardizer
sand	GCA_000222485.1	Cyclobacterium marinum DSM 745	SAMN02261369		absent			Coelomic fluid of a sand dollar	bodily fluid	clinical/host-associated material	clinical/host-associated material								absent	Isolation Source raw	Coelomic fluid of a sand dollar	sample_context_router
sand	GCA_000231385.3	Desulfosporosinus meridiei DSM 13257	SAMN02261405		absent			Groundwater contaminated with aromatic compounds from motor fuel in sandy soil from Eden Hill, Swan Coastal Plain, Perth, Western Australia		environmental material	environmental material		groundwater	terrestrial environment	groundwater				Australia	Isolation Source raw	Groundwater contaminated with aromatic compounds from motor fuel in sandy soil from Eden Hill, Swan Coastal Plain, Perth, Western Australia	environment_context_router
sand	GCA_000236705.1	Owenweeksia hongkongensis DSM 17368	SAMN02261417		absent			Sea water (sand filtered); China, Hong Kong		environmental material	environmental material		agricultural/food-production water	marine environment					China	Isolation Source raw	Sea water (sand filtered); China, Hong Kong	environment_context_router
sand	GCA_000258765.1	Gillisia marina	SAMN02470140		absent			marine sand		environmental material	environmental material		marine	marine environment					South Korea	Isolation Source raw	marine sand	environment_context_router
sand	GCA_000259095.1	Citreicella sp. 357	SAMN02471399		absent			polluted sand sample from Praia da Seda beach after the Prestige tanker accident											Spain	Isolation Source raw	polluted sand sample from Praia da Seda beach after the Prestige tanker accident	non_source_descriptor_router
sand	GCA_000283015.1	Algibacter luteus	SAMN02470927		absent			intertidal sand of Yellow Sea		intertidal sand of Yellow Sea				marine environment					China	Isolation Source raw	intertidal sand of Yellow Sea	standardizer
sand	GCA_000379445.1	Fangia hongkongensis FSC776 = DSM 21703	SAMN02256423		absent			seawater at the outlet of a sandfilter in Port Shelter, Hong Kong SAR, China		environmental material	environmental material		marine	marine environment					Hong Kong	Isolation Source raw	seawater at the outlet of a sandfilter in Port Shelter, Hong Kong SAR, China	environment_context_router
sand	GCA_000379465.1	Sciscionella marina DSM 45152	SAMN02256422		absent			Marine sand sediment at a depth of about 500 m, the northern South China Sea		environmental material	environmental material		sediment	marine environment					China	Environment Broad raw	Sand; Sediment; Marine; Aquatic	environment_context_router
sand	GCA_000379465.1	Sciscionella marina DSM 45152	SAMN02256422		absent			Marine sand sediment at a depth of about 500 m, the northern South China Sea		environmental material	environmental material		sediment	marine environment					China	Isolation Source raw	Marine sand sediment at a depth of about 500 m, the northern South China Sea	environment_context_router
sand	GCA_000379805.1	Lewinella cohaerens DSM 23179	SAMN02256444		absent			Beach sand, Biarritz, France		Beach sand, Biarritz, France			marine	marine environment					France	Environment Broad raw	Sand; Marine	standardizer
sand	GCA_000379805.1	Lewinella cohaerens DSM 23179	SAMN02256444		absent			Beach sand, Biarritz, France		Beach sand, Biarritz, France			marine	marine environment					France	Isolation Source raw	Beach sand, Biarritz, France	standardizer
sand	GCA_000379885.1	Nonomuraea coxensis DSM 45129	SAMN02256440		absent			sandy soil from Cox's Bazar, Bangladesh		environmental material	environmental material		soil	terrestrial environment					Bangladesh	Isolation Source raw	sandy soil from Cox's Bazar, Bangladesh	environment_context_router
sand	GCA_000385985.1	Bacillus subtilis PS216	SAMN02009237		absent			sandy soil		environmental material	environmental material		soil	terrestrial environment					Slovenia	Isolation Source raw	sandy soil	environment_context_router
sand	GCA_000420465.1	Desulfovibrio desulfuricans DSM 642	SAMN02440572		absent			Tar and sand mixture surrounding corroded gas main in waterlogged clay		Tar and sand mixture surrounding corroded gas main in waterlogged clay									United Kingdom	Environment Broad raw	Sand	standardizer
sand	GCA_000420465.1	Desulfovibrio desulfuricans DSM 642	SAMN02440572		absent			Tar and sand mixture surrounding corroded gas main in waterlogged clay		Tar and sand mixture surrounding corroded gas main in waterlogged clay									United Kingdom	Isolation Site raw	Tar and sand mixture surrounding corroded gas main in waterlogged clay	standardizer
sand	GCA_000420465.1	Desulfovibrio desulfuricans DSM 642	SAMN02440572		absent			Tar and sand mixture surrounding corroded gas main in waterlogged clay		Tar and sand mixture surrounding corroded gas main in waterlogged clay									United Kingdom	Isolation Source raw	Tar and sand mixture surrounding corroded gas main in waterlogged clay	standardizer
sand	GCA_000422465.1	Paenibacillus harenae DSM 16969	SAMN02441473		absent			desert sand sample											China	Environment Broad raw	Sand	non_source_descriptor_router
sand	GCA_000422465.1	Paenibacillus harenae DSM 16969	SAMN02441473		absent			desert sand sample											China	Isolation Site raw	desert sand sample	non_source_descriptor_router
shellfish	GCA_000422325.1	Marinospirillum minutulum DSM 6287	SAMN02440684		absent			Marine shellfish		seafood/aquatic food product	aquatic food product		marine	marine environment					absent	Isolation Site raw	Marine shellfish	food_source_context
shellfish	GCA_000422325.1	Marinospirillum minutulum DSM 6287	SAMN02440684		absent			Marine shellfish		seafood/aquatic food product	aquatic food product		marine	marine environment					absent	Isolation Source raw	Marine shellfish	food_source_context
shellfish	GCA_000685215.1	Hyphomonas jannaschiana VP2	SAMN02746699		absent			shellfish beds in the Pacific Ocean		seafood/aquatic food product	aquatic food product			marine environment					Pacific Ocean	Isolation Source raw	shellfish beds in the Pacific Ocean	food_source_context
shellfish	GCA_000685255.1	Hyphomonas hirschiana VP5	SAMN02746696		absent			shellfish beds in the Pacific Ocean		seafood/aquatic food product	aquatic food product			marine environment					Pacific Ocean	Isolation Source raw	shellfish beds in the Pacific Ocean	food_source_context
shellfish	GCA_000688235.1	Terasakiella pusilla DSM 6293	SAMN02743896		absent			putrid marine shellfish		seafood/aquatic food product	aquatic food product		marine	marine environment					absent	Isolation Site raw	putrid marine shellfish	food_source_context
shellfish	GCA_000688235.1	Terasakiella pusilla DSM 6293	SAMN02743896		absent			putrid marine shellfish		seafood/aquatic food product	aquatic food product		marine	marine environment					absent	Isolation Source raw	putrid marine shellfish	food_source_context
shellfish	GCA_000750295.1	Salmonella enterica subsp. enterica serovar Enteritidis	SAMN02941165		absent			shellfish monitoring program		seafood/aquatic food product	aquatic food product								Canada	Isolation Source raw	shellfish monitoring program	food_source_context
shellfish	GCA_000772065.1	Vibrio coralliilyticus	SAMN02940923		absent			Shellfish Hatchery		seafood/aquatic food product	aquatic food product								United States	Isolation Source raw	Shellfish Hatchery	food_source_context
shellfish	GCA_000816785.1	Campylobacter peloridis LMG 23910	SAMN03248547		absent			Shellfish											Netherlands	Isolation Source raw	Shellfish	missing
shellfish	GCA_000832195.1	Bacillus subtilis	SAMN03282622		absent			Fish, fish products and shellfish	cell culture	seafood/aquatic food product	aquatic food product								Netherlands	Isolation Source raw	Fish, fish products and shellfish	food_source_context
shellfish	GCA_001276105.1	Citrobacter amalonaticus	SAMN03982883		absent			shellfish											Malaysia	Environment Broad raw	shellfish	missing
shellfish	GCA_001276105.1	Citrobacter amalonaticus	SAMN03982883		absent			shellfish											Malaysia	Isolation Source raw	shellfish	missing
shellfish	GCA_001276125.1	Citrobacter amalonaticus	SAMN03982941		absent			shellfish											Malaysia	Isolation Source raw	shellfish	missing
shellfish	GCA_001399455.2	Vibrio bivalvicida	SAMN04145357		Ruditapes decussatus	Ruditapes decussatus		Shellfish hatchery		seafood/aquatic food product	aquatic food product								Spain	Isolation Source raw	Shellfish hatchery	food_source_context
shellfish	GCA_001639065.2	Vibrio barjaei	SAMN04221167		Ruditapes decussatus	Ruditapes decussatus		Shellfish hatchery		seafood/aquatic food product	aquatic food product								Spain	Isolation Source raw	Shellfish hatchery	food_source_context
shellfish	GCA_001913705.1	Thalassotalea sp. PP2-459	SAMN05821920		Ruditapes decussatus	Ruditapes decussatus		calm larvae in shellfish hatchery		seafood/aquatic food product	aquatic food product								Spain	Isolation Source raw	calm larvae in shellfish hatchery	food_source_context
shellfish	GCA_001975625.1	Salmonella enterica subsp. enterica serovar Wandsworth str. SA20092095	SAMN04160802		absent			Shellfish: Shrimp	seafood	seafood/aquatic food product	aquatic food product								Canada	Isolation Source raw	Shellfish: Shrimp	food_source_context
shellfish	GCA_002002385.1	Vibrio sp. SALL6	SAMN06011221		absent			shellfish											Malaysia	Isolation Source raw	shellfish	missing
shellfish	GCA_002002405.1	Vibrio sp. OULL4	SAMN06011220		absent			shellfish											Malaysia	Isolation Source raw	shellfish	missing
shellfish	GCA_003568725.2	Simplicispira metamorpha	SAMN09951381		absent			putrid infusion of shellfish		seafood/aquatic food product	aquatic food product		agricultural/food-production water						Japan	Environment Medium raw	putrid infusion of shellfish	food_source_context
shrimp	GCA_000259935.1	Vibrio harveyi CAIM 1792	SAMN02469604		Penaeus vannamei	Penaeus vannamei		diseased shrimp lesion	seafood	seafood/aquatic food product	aquatic food product					diseased	diseased		Mexico	Isolation Source raw	diseased shrimp lesion	food_source_context
shrimp	GCA_000272915.1	Salmonella enterica subsp. enterica serovar Newport str. CVM 19443	SAMN01765623		absent			shrimp											India	Isolation Source raw	shrimp	missing
shrimp	GCA_000350525.1	Leucobacter salsicius M1-8	SAMN02470216		absent			Korean salt-fermented food 'Shrimp Jeotgal'	shrimp product	seafood/aquatic food product	aquatic food product			food-associated environment					South Korea	Isolation Source raw	Korean salt-fermented food 'Shrimp Jeotgal'	food_source_context
shrimp	GCA_000388025.1	Vibrio parahaemolyticus v110	SAMN02471143		Homo sapiens	Homo sapiens		shrimp											China	Isolation Source raw	shrimp	missing
shrimp	GCA_000428145.1	Chitinilyticum litopenaei DSM 21440	SAMN02441212		absent			Freshwater pond for Pacific white shrimp (Litopenaeus vannamei )	seafood	environmental material	environmental material		agricultural/food-production water	freshwater environment	pond				Taiwan	Isolation Site raw	Freshwater pond for Pacific white shrimp (Litopenaeus vannamei )	environment_context_router
shrimp	GCA_000428145.1	Chitinilyticum litopenaei DSM 21440	SAMN02441212		absent			Freshwater pond for Pacific white shrimp (Litopenaeus vannamei )	seafood	environmental material	environmental material		agricultural/food-production water	freshwater environment	pond				Taiwan	Isolation Source raw	Freshwater pond for Pacific white shrimp (Litopenaeus vannamei )	environment_context_router
shrimp	GCA_000430805.1	Chitinilyticum aquatile DSM 21506	SAMN02440690		absent			surface water of freshwater pond used for culture of Pacific white shrimp	culture	environmental material	environmental material		freshwater	freshwater environment	pond				Taiwan	Isolation Site raw	surface water of freshwater pond used for culture of Pacific white shrimp	environment_context_router
shrimp	GCA_000430805.1	Chitinilyticum aquatile DSM 21506	SAMN02440690		absent			surface water of freshwater pond used for culture of Pacific white shrimp	culture	environmental material	environmental material		freshwater	freshwater environment	pond				Taiwan	Isolation Source raw	surface water of freshwater pond used for culture of Pacific white shrimp	environment_context_router
shrimp	GCA_000439415.2	Salmonella enterica subsp. enterica serovar Bareilly str. CFSAN000189	SAMN01823701		absent			frozen raw shrimp	shrimp product	seafood/aquatic food product	aquatic food product								India	Isolation Source raw	frozen raw shrimp	food_source_context
shrimp	GCA_000477395.2	Bacillus licheniformis CG-B52	SAMN02316555		Penaeus vannamei	Penaeus vannamei		shrimp hemolymph from Caribbean coast	seafood	seafood/aquatic food product	aquatic food product								Colombia	Isolation Source raw	shrimp hemolymph from Caribbean coast	food_source_context
shrimp	GCA_000484415.1	Salmonella enterica subsp. enterica serovar Agona str. 620239	SAMN02415157		absent			food, raw black tiger shrimp	shrimp product	seafood/aquatic food product	aquatic food product			food-associated environment					absent	Isolation Source raw	food, raw black tiger shrimp	food_source_context
shrimp	GCA_000591415.1	Cobetia crustatorum	SAMN02640257		absent			fermented shrimp	seafood	seafood/aquatic food product	aquatic food product								North Korea	Isolation Source raw	fermented shrimp	food_source_context
shrimp	GCA_000715205.1	Bacillus zhangzhouensis	SAMN02870955		absent			seawater from the shrimp farm	seafood	seafood/aquatic food product	aquatic food product		seawater	marine environment	farm				China	Isolation Source raw	seawater from the shrimp farm	food_source_context
shrimp	GCA_000732245.1	Vibrio parahaemolyticus	SAMN02867584		penaeid shrimp	Arthropoda		stomach	gut content	clinical/host-associated material	clinical/host-associated material	gastrointestinal tract							Vietnam	Host raw	penaeid shrimp	sample_context_router
shrimp	GCA_000736325.1	Vibrio parahaemolyticus	SAMN02910585		absent			shrimp pond		environmental material	environmental material		pond water	freshwater environment	pond				China	Isolation Source raw	shrimp pond	environment_context_router
shrimp	GCA_000736345.1	Vibrio parahaemolyticus	SAMN02910586		absent			shrimp pond sediment	seafood	environmental material	environmental material		pond sediment	aquatic sediment environment	pond				Thailand	Isolation Source raw	shrimp pond sediment	environment_context_router
shrimp	GCA_000747985.1	Salmonella enterica subsp. enterica serovar Bareilly str. CFSAN000224	SAMN01942308		absent			shrimp											United States	Isolation Source raw	shrimp	missing
shrimp	GCA_000748145.1	Salmonella enterica subsp. enterica serovar Bareilly str. CFSAN000196	SAMN01942240		absent			frozen shrimp	seafood	seafood/aquatic food product	aquatic food product								India	Isolation Source raw	frozen shrimp	food_source_context
shrimp	GCA_000748225.1	Salmonella enterica subsp. enterica serovar Bareilly str. CFSAN000202	SAMN01942309		absent			raw shrimp	shrimp product	seafood/aquatic food product	aquatic food product								Vietnam	Isolation Source raw	raw shrimp	food_source_context
shrimp	GCA_000748305.1	Salmonella enterica subsp. enterica serovar Bareilly str. CFSAN000215	SAMN00862338		absent			shrimp											absent	Isolation Source raw	shrimp	missing
spinach	GCA_000178755.1	Escherichia coli O157:H7 str. EC4191	SAMN02470604		absent			spinach bag	spinach	plant/produce food product	food								United States	Isolation Source raw	spinach bag	food_source_context
spinach	GCA_000272935.1	Salmonella enterica subsp. enterica serovar Newport str. CVM 37978	SAMN01765624		absent			spinach											absent	Isolation Source raw	spinach	missing
spinach	GCA_000439655.1	Clostridium botulinum CFSAN002369	SAMN01940926		absent			spinach						food-associated environment					United States	Isolation Source raw	spinach	missing
spinach	GCA_001257675.2	Listeria monocytogenes CFSAN002349	SAMN01939119		unknown			organic baby spinach	spinach	plant/produce food product	food								United States	Isolation Source raw	organic baby spinach	food_source_context
spinach	GCA_001573335.1	Clostridium botulinum	SAMN03779958		absent			spinach (foodborne isolate)											United States	Isolation Source raw	spinach (foodborne isolate)	missing
spinach	GCA_001573385.1	Clostridium botulinum	SAMN03779948		absent			spinach (foodborne isolate)											United States	Isolation Source raw	spinach (foodborne isolate)	missing
spinach	GCA_001713515.2	Salmonella enterica subsp. enterica serovar Enteritidis	SAMN05180023		unknown			organic spinach	spinach	plant/produce food product	food								United States	Isolation Source raw	organic spinach	food_source_context
spinach	GCA_001998985.1	Listeria monocytogenes	SAMN06297510		absent			Baby spinach	spinach	plant/produce food product	food								Canada	Isolation Source raw	Baby spinach	food_source_context
spinach	GCA_001999085.1	Listeria monocytogenes	SAMN06297526		absent			Baby spinach	spinach	plant/produce food product	food								absent	Isolation Source raw	Baby spinach	food_source_context
spinach	GCA_002065635.1	Salmonella enterica subsp. enterica serovar Hadar	SAMN02368568		unknown			Spinach											Nigeria	Isolation Source raw	Spinach	missing
spinach	GCA_002131925.1	Listeria monocytogenes CFSAN002349	SAMN01939119		unknown			organic baby spinach	spinach	plant/produce food product	food								United States	Isolation Source raw	organic baby spinach	food_source_context
spinach	GCA_002193115.1	Enterobacter kobei	SAMN06887690		absent			Baby spinach leaves	cell culture	plant/produce food product	food	leaf tissue							Australia	Isolation Source raw	Baby spinach leaves	food_source_context
spinach	GCA_002538545.1	Escherichia coli	SAMN05439441		absent			spinach											United States	Isolation Source raw	spinach	missing
spinach	GCA_002538705.1	Escherichia coli	SAMN05439420		absent			spinach											United States	Isolation Source raw	spinach	missing
spinach	GCA_002543985.1	Escherichia coli	SAMN05439418		absent			spinach											United States	Isolation Source raw	spinach	missing
spinach	GCA_002544095.1	Escherichia coli	SAMN05439419		absent			spinach											United States	Isolation Source raw	spinach	missing
spinach	GCA_002563455.1	Lactococcus lactis	SAMN06226867		absent			baby spinach	cell culture	plant/produce food product	food								Australia	Isolation Source raw	baby spinach	food_source_context
spinach	GCA_002563535.1	Lactococcus lactis	SAMN06226866		absent			baby spinach	cell culture	plant/produce food product	food								Australia	Isolation Source raw	baby spinach	food_source_context
spinach	GCA_002901365.1	Enterobacter cloacae	SAMN08380934		absent			Spinach											Brazil	Isolation Source raw	Spinach	missing
spinach	GCA_002901385.1	Escherichia coli	SAMN08380947		absent			Spinach											Brazil	Isolation Source raw	Spinach	missing
surface	GCA_000012805.1	Nitrosococcus oceani ATCC 19707	SAMN02598329		absent			seawater		environmental material	environmental material		seawater	marine environment					Atlantic Ocean	Environment Broad raw	surface waters	environment_context_router
surface	GCA_000023125.1	Dyadobacter fermentans DSM 18053	SAMN02598437		Zea mays	Zea mays		Surface sterilized stems from Zea mays											United States	Isolation Site raw	Surface sterilized stems from Zea mays	ambiguous_context_router
surface	GCA_000023125.1	Dyadobacter fermentans DSM 18053	SAMN02598437		Zea mays	Zea mays		Surface sterilized stems from Zea mays											United States	Isolation Source raw	Surface sterilized stems from Zea mays	ambiguous_context_router
surface	GCA_000092105.1	Planctopirus limnophila DSM 3776	SAMN02598463		absent			surface water		environmental material	environmental material		surface water						absent	Isolation Site raw	Surface water	environment_context_router
surface	GCA_000092105.1	Planctopirus limnophila DSM 3776	SAMN02598463		absent			surface water		environmental material	environmental material		surface water						absent	Isolation Source raw	surface water	environment_context_router
surface	GCA_000148645.1	Ferrimonas balearica DSM 9799	SAMN00115627		absent			surface sediment		environmental material	environmental material		marine	marine environment					Spain	Isolation Site raw	Surface sediment in harbor of Palma de Mallorca, Spain	environment_context_router
surface	GCA_000148645.1	Ferrimonas balearica DSM 9799	SAMN00115627		absent			surface sediment		environmental material	environmental material		marine	marine environment					Spain	Isolation Source raw	surface sediment	environment_context_router
surface	GCA_000153125.2	Congregibacter litoralis KT71	SAMN02436113		absent			surface waters		environmental material	environmental material		surface water						Germany	Isolation Source raw	surface waters	environment_context_router
surface	GCA_000155655.1	Nitrosococcus oceani AFC27	SAMN02436179		absent			seawater		environmental material	environmental material		seawater	marine environment					Pacific Ocean	Environment Broad raw	surface waters	environment_context_router
surface	GCA_000161815.1	Ruegeria sp. TrichCH4B	SAMN02436261		absent			Trichodesmium colonies collected on the surface of the Caribbean Sea						marine environment					absent	Isolation Source raw	Trichodesmium colonies collected on the surface of the Caribbean Sea	ambiguous_context_router
surface	GCA_000161835.1	Thalassobium sp. R2A62	SAMN02436219		absent			Subsurface water samples were collected at 10 m in Niskinbottles at a station located 8 km west of the mouth of Yaquina Bay, OR		environmental material	environmental material	oral cavity	surface water						absent	Isolation Source raw	Subsurface water samples were collected at 10 m in Niskinbottles at a station located 8 km west of the mouth of Yaquina Bay, OR	environment_context_router
surface	GCA_000166195.3	Mucilaginibacter paludis DSM 18603	SAMN02256535		absent	Sphagnum		sample collected from 10-20 cm below the surface of the the acidic Sphagnum peat bog Bakchar											Russia	Isolation Source raw	sample collected from 10-20 cm below the surface of the the acidic Sphagnum peat bog Bakchar	ambiguous_context_router
surface	GCA_000172635.2	Alteromonas macleodii ATCC 27126	SAMN02603229		absent			seawater surface		environmental material	environmental material		seawater	marine environment					Pacific Ocean	Isolation Source raw	seawater surface	environment_context_router
surface	GCA_000176355.1	Citromicrobium bathyomarinum JL354	SAMN02471020		absent			surface water of South China Sea		environmental material	environmental material		surface water	marine environment					China	Isolation Source raw	surface water of South China Sea	environment_context_router
surface	GCA_000179775.1	Ahrensia sp. R2A130	SAMN00010388		absent			Subsurface (10-m) water samples were collected in Niskinbottles at a station located 8 km west of the mouth of Yaquina Bay, Oregon		environmental material	environmental material	oral cavity	surface water						United States	Isolation Source raw	Subsurface (10-m) water samples were collected in Niskinbottles at a station located 8 km west of the mouth of Yaquina Bay, Oregon	environment_context_router
surface	GCA_000183545.3	Thermaerobacter subterraneus DSM 13965	SAMN00116773		absent			open drain run-off channel of a bore in the Great Artesian Basin	drain	environmental material	environmental material		sediment	aquatic sediment environment					Australia	Isolation Site raw	open drain run-off channel of a bore in the Great Artesian Basin (GAB) of Australia. &#65279;The GAB is a deep, multi-layered, subsurface, geothermal aquifer that underlies approximately 20% of Australia's landmass, mainly the arid and semi-arid regions.	environment_context_router
surface	GCA_000186265.1	Cellulophaga algicola DSM 14237	SAMN00190054		absent			surfaces of algal species from Antarctic marine coast and sea ice		environmental material	environmental material		sea ice	marine environment					absent	Isolation Site raw	surfaces of algal species from the Antarctic marine coast and sea ice	environment_context_router
surface	GCA_000186265.1	Cellulophaga algicola DSM 14237	SAMN00190054		absent			surfaces of algal species from Antarctic marine coast and sea ice		environmental material	environmental material		sea ice	marine environment					absent	Isolation Source raw	surfaces of algal species from Antarctic marine coast and sea ice	environment_context_router
surface	GCA_000204195.2	Acidovorax radicis N35	SAMN02469888		Triticum aestivum	Triticum aestivum		crushed surface-sterilized wheat roots				plant root/rhizosphere							absent	Isolation Source raw	crushed surface-sterilized wheat roots	ambiguous_context_router
surface	GCA_000218485.2	Aquimarina agarivorans	SAMN02470930		absent	Viridiplantae		surface of seaweed						marine environment					absent	Isolation Source raw	surface of seaweed	ambiguous_context_router
swine	GCA_000021885.1	Glaesserella parasuis SH0165	SAMN02603313		swine	Sus scrofa		isolated from a Glasser's disease outbreak farm	farm	clinical/host-associated material	clinical/host-associated material				farm		diseased		China	Host raw	swine	sample_context_router
swine	GCA_000092845.1	Brachyspira murdochii DSM 12563	SAMN00001910		Swine	Sus scrofa		intestinal contents of healthy swine	gut content	clinical/host-associated material	clinical/host-associated material	gastrointestinal tract			gut/fecal local context	healthy/no disease reported	healthy		Canada	Host raw	Swine	sample_context_router
swine	GCA_000092845.1	Brachyspira murdochii DSM 12563	SAMN00001910		Swine	Sus scrofa		intestinal contents of healthy swine	gut content	clinical/host-associated material	clinical/host-associated material	gastrointestinal tract			gut/fecal local context	healthy/no disease reported	healthy		Canada	Isolation Site raw	intestinal contents of healthy swine	sample_context_router
swine	GCA_000092845.1	Brachyspira murdochii DSM 12563	SAMN00001910		Swine	Sus scrofa		intestinal contents of healthy swine	gut content	clinical/host-associated material	clinical/host-associated material	gastrointestinal tract			gut/fecal local context	healthy/no disease reported	healthy		Canada	Isolation Source raw	intestinal contents of healthy swine	sample_context_router
swine	GCA_000145705.1	Mesomycoplasma hyorhinis HUB-1	SAMN02603209		swine	Sus scrofa		respiratory tract of swine	respiratory sample	clinical/host-associated material	clinical/host-associated material	respiratory tract							China	Host raw	swine	sample_context_router
swine	GCA_000145705.1	Mesomycoplasma hyorhinis HUB-1	SAMN02603209		swine	Sus scrofa		respiratory tract of swine	respiratory sample	clinical/host-associated material	clinical/host-associated material	respiratory tract							China	Isolation Source raw	respiratory tract of swine	sample_context_router
swine	GCA_000195275.1	Treponema succinifaciens DSM 2489	SAMN00713601		absent	Sus scrofa		colon	gut content	clinical/host-associated material	clinical/host-associated material	gastrointestinal tract							absent	Isolation Site raw	colon of swine	sample_context_router
swine	GCA_000212915.1	Bacteroides coprosuis DSM 18011	SAMN02256469		Sus scrofa	Sus scrofa		Pig faeces, swine manure; USA	feces/stool			manure	manure						United States	Isolation Source raw	Pig faeces, swine manure; USA	missing
swine	GCA_000230775.2	Yersinia enterocolitica subsp. palearctica PhRBD_Ye1	SAMN02404397		swine	Sus scrofa													Philippines	Host raw	swine	missing
swine	GCA_000236665.1	Azospira oryzae PS	SAMN02232011		absent			swine waste primary lagoon sediment		environmental material	environmental material		soil	terrestrial environment					United States	Isolation Site raw	sediment, swine waste primary lagoon	environment_context_router
swine	GCA_000236665.1	Azospira oryzae PS	SAMN02232011		absent			swine waste primary lagoon sediment		environmental material	environmental material		soil	terrestrial environment					United States	Isolation Source raw	swine waste primary lagoon sediment	environment_context_router
swine	GCA_000253415.2	Campylobacter coli 111-3	SAMN02428935		swine	Sus scrofa													United States	Host raw	swine	missing
swine	GCA_000253435.2	Campylobacter coli 90-3	SAMN02428936		swine	Sus scrofa													United States	Host raw	swine	missing
swine	GCA_000253615.2	Campylobacter coli 84-2	SAMN02428937		swine	Sus scrofa													United States	Host raw	swine	missing
swine	GCA_000253755.2	Campylobacter coli 7--1	SAMN02429021		swine	Sus scrofa													United States	Host raw	swine	missing
swine	GCA_000253775.2	Campylobacter coli 132-6	SAMN02429058		swine	Sus scrofa													United States	Host raw	swine	missing
swine	GCA_000253835.2	Campylobacter coli 59-2	SAMN02429022		swine	Sus scrofa													United States	Host raw	swine	missing
swine	GCA_000253935.2	Campylobacter coli 67-8	SAMN02429061		swine	Sus scrofa													United States	Host raw	swine	missing
swine	GCA_000254095.2	Campylobacter coli 151-9	SAMN02428943		swine	Sus scrofa													United States	Host raw	swine	missing
swine	GCA_000272715.4	Salmonella enterica subsp. enterica serovar Newport str. CVM 21550	SAMN01765627		Sus scrofa domesticus	Sus scrofa domesticus		swine											absent	Isolation Source raw	swine	missing
tomato	GCA_000177455.1	Pseudomonas syringae pv. tomato K40	SAMN02472092		tomato	Solanum lycopersicum		tomato seedling in spring 2005	tomato	plant/produce food product	food								United States	Host raw	tomato	food_source_context
tomato	GCA_000177455.1	Pseudomonas syringae pv. tomato K40	SAMN02472092		tomato	Solanum lycopersicum		tomato seedling in spring 2005	tomato	plant/produce food product	food								United States	Isolation Source raw	tomato seedling in spring 2005	food_source_context
tomato	GCA_000177475.1	Pseudomonas syringae pv. tomato Max13	SAMN02472093		tomato	Solanum lycopersicum													France	Host raw	tomato	missing
tomato	GCA_000177495.1	Pseudomonas syringae pv. tomato NCPPB 1108	SAMN02472091		tomato	Solanum lycopersicum													United Kingdom	Host raw	tomato	missing
tomato	GCA_000259895.1	Streptomyces sp. TOR3209	SAMN02469879		tomato	Solanum lycopersicum		tomato rhizosphere		plant-associated material	plant-associated material	plant root/rhizosphere	soil	plant-associated environment					absent	Host raw	tomato	host_context_router
tomato	GCA_000259895.1	Streptomyces sp. TOR3209	SAMN02469879		tomato	Solanum lycopersicum		tomato rhizosphere		plant-associated material	plant-associated material	plant root/rhizosphere	soil	plant-associated environment					absent	Isolation Source raw	tomato rhizosphere	host_context_router
tomato	GCA_000297355.1	Pseudomonas aeruginosa E2	SAMN02471987		absent	Solanum lycopersicum		tomato plant		plant-associated material	plant-associated material	plant-associated material		plant-associated environment					absent	Isolation Source raw	tomato plant	host_context_router
tomato	GCA_000331875.1	Ralstonia solanacearum FJAT-91	SAMN02469793		absent	Solanum lycopersicum		healthy tomato plant		plant-associated material	plant-associated material	plant-associated material		plant-associated environment		healthy/no disease reported	healthy		China	Isolation Source raw	healthy tomato plant	host_context_router
tomato	GCA_000331895.1	Ralstonia solanacearum FJAT-1458	SAMN02469797		absent	Solanum lycopersicum		healthy tomato plant		plant-associated material	plant-associated material	plant-associated material		plant-associated environment		healthy/no disease reported	healthy		China	Isolation Source raw	healthy tomato plant	host_context_router
tomato	GCA_000442555.1	Paenibacillus alvei TS-15	SAMN01816161		absent			tomato soil	environmental sample	plant/produce food product	food		soil	terrestrial environment					United States	Isolation Source raw	tomato soil	food_source_context
tomato	GCA_000474375.1	Salmonella enterica subsp. enterica serovar Newport str. #11-2	SAMN01816172		absent			tomato											absent	Isolation Source raw	tomato	missing
tomato	GCA_000482005.1	Pseudomonas aeruginosa E2	SAMN02360657		unknown			Environmental (tomato plant)	environmental sample	environmental material	environmental material		air	environmental sample					United States	Isolation Source raw	Environmental (tomato plant)	environment_context_router
tomato	GCA_000487575.2	Salmonella enterica subsp. enterica serovar Anatum str. ATCC BAA-1592	SAMN01813417		absent			tomato											United States	Isolation Source raw	tomato	missing
tomato	GCA_000696345.2	Pseudomonas donghuensis	SAMN02615698		absent			rhizosphere of tomato plant		plant-associated material	plant-associated material	plant root/rhizosphere	soil	plant-associated environment					Poland	Isolation Source raw	rhizosphere of tomato plant	host_context_router
tomato	GCA_000722375.1	Streptomyces durhamensis	SAMN02645373		absent			soil from potted tomato plant		plant-associated material	plant-associated material		soil	plant-associated environment					United States	Isolation Source raw	soil from potted tomato plant	host_context_router
tomato	GCA_000725475.1	Streptomyces durhamensis	SAMN02645292		absent			soil from potted tomato plant		plant-associated material	plant-associated material		soil	plant-associated environment					United States	Isolation Source raw	soil from potted tomato plant	host_context_router
tomato	GCA_000756225.1	Candidatus Liberibacter solanacearum	SAMN02847832		tomato	Solanum lycopersicum		missing											United States	Host raw	tomato	missing
tomato	GCA_000774145.1	Pseudomonas mediterranea CFBP 5447	SAMN03112705		absent			tomato											Italy	Isolation Source raw	tomato	missing
tomato	GCA_000800665.1	Xanthomonas perforans	SAMN03114863		absent			tomato											Italy	Isolation Source raw	tomato	missing
tomato	GCA_000934565.1	Pseudomonas simiae	SAMN03372067		Solanum lycopersicum	Solanum lycopersicum		tomato rhizosphere		plant-associated material	plant-associated material	plant root/rhizosphere	soil	plant-associated environment					Uzbekistan	Isolation Source raw	tomato rhizosphere	host_context_router
turkey	GCA_000014845.1	Escherichia coli APEC O1	SAMN02603424		absent	Meleagris gallopavo		lesion site (lung) of a dead turkey with colibacillosis	poultry meat	poultry meat/product	food/meat						dead		Turkey	Isolation Source raw	lesion site (lung) of a dead turkey with colibacillosis	food_source_context
turkey	GCA_000183155.1	Riemerella anatipestifer ATCC 11845 = DSM 15868	SAMN00138930		Anas platyrhynchos (duck), gucks, geese,turkeys and waterfowls distributed worldwide	Anas platyrhynchos		blood	blood	clinical/host-associated material	clinical/host-associated material					sepsis/bacteremia	diseased		United States	Host raw	Anas platyrhynchos (duck), gucks, geese,turkeys and waterfowls distributed worldwide	sample_context_router
turkey	GCA_000184825.2	Campylobacter jejuni subsp. jejuni 305	SAMN02469772		turkey	Meleagris gallopavo		slaughterhouse	food processing environment	food processing environment	food/processing environment								absent	Host raw	turkey	food_source_context
turkey	GCA_000184845.2	Campylobacter jejuni subsp. jejuni 327	SAMN02469774		turkey	Meleagris gallopavo		slaughterhouse	food processing environment	food processing environment	food/processing environment								absent	Host raw	turkey	food_source_context
turkey	GCA_000253475.2	Campylobacter coli 2548	SAMN02429054		turkey	Meleagris gallopavo													United States	Host raw	turkey	missing
turkey	GCA_000253495.2	Campylobacter coli 2553	SAMN02428967		turkey	Meleagris gallopavo													United States	Host raw	turkey	missing
turkey	GCA_000253515.2	Campylobacter coli 2680	SAMN02429055		turkey	Meleagris gallopavo													United States	Host raw	turkey	missing
turkey	GCA_000253535.2	Campylobacter coli 2685	SAMN02429056		turkey	Meleagris gallopavo													United States	Host raw	turkey	missing
turkey	GCA_000253555.2	Campylobacter coli 2688	SAMN02429017		turkey	Meleagris gallopavo													United States	Host raw	turkey	missing
turkey	GCA_000253575.2	Campylobacter coli 2692	SAMN02428968		turkey	Meleagris gallopavo													United States	Host raw	turkey	missing
turkey	GCA_000253595.2	Campylobacter coli 2698	SAMN02429018		turkey	Meleagris gallopavo													United States	Host raw	turkey	missing
turkey	GCA_000256625.1	Salmonella enterica subsp. enterica serovar Heidelberg str. 41579	SAMN01816202		absent	Meleagris gallopavo		ground turkey	turkey meat	turkey meat/product	food/meat								United States	Isolation Source raw	ground turkey	food_source_context
turkey	GCA_000265465.1	Ornithobacterium rhinotracheale DSM 15997	SAMN02261366		Turkey	Meleagris gallopavo		Turkey, respiratory tract; United Kingdom	respiratory sample	clinical/host-associated material	clinical/host-associated material	respiratory tract							United Kingdom	Host raw	Turkey	sample_context_router
turkey	GCA_000265465.1	Ornithobacterium rhinotracheale DSM 15997	SAMN02261366		Turkey	Meleagris gallopavo		Turkey, respiratory tract; United Kingdom	respiratory sample	clinical/host-associated material	clinical/host-associated material	respiratory tract							United Kingdom	Isolation Source raw	Turkey, respiratory tract; United Kingdom	sample_context_router
turkey	GCA_000272555.1	Salmonella enterica subsp. enterica serovar Newport str. CVM 21559	SAMN01805324		Meleagris gallopavo	Meleagris gallopavo		turkey											absent	Isolation Source raw	turkey	missing
turkey	GCA_000272675.1	Salmonella enterica subsp. enterica serovar Newport str. CVM 33953	SAMN01765622		absent	Meleagris gallopavo		ground turkey	turkey meat	turkey meat/product	food/meat								United States	Isolation Source raw	ground turkey	food_source_context
turkey	GCA_000272815.2	Salmonella enterica subsp. enterica serovar Newport str. CVM N18486	SAMN01816117		absent	Meleagris gallopavo		Turkey, Ground	turkey meat	turkey meat/product	food/meat								United States	Isolation Source raw	Turkey, Ground	food_source_context
turkey	GCA_000284795.1	Salmonella enterica subsp. enterica serovar Heidelberg str. 41566	SAMN01816203		absent	Meleagris gallopavo		Turkey, Ground	turkey meat	turkey meat/product	food/meat								United States	Isolation Source raw	Turkey, Ground	food_source_context
turkey	GCA_000284815.1	Salmonella enterica subsp. enterica serovar Heidelberg str. 41565	SAMN01816204		absent	Meleagris gallopavo		Turkey, Ground	turkey meat	turkey meat/product	food/meat								United States	Isolation Source raw	Turkey, Ground	food_source_context
turkey	GCA_000298555.2	Chlamydia psittaci NJ1	SAMN02604214		Meleagris gallopavo	Meleagris gallopavo		turkey											United States	Isolation Source raw	turkey	missing
vegetable	GCA_000265445.1	Paenibacillus polymyxa OSY-DF	SAMN02471151		absent			fermented vegetable (Kimchee) from a local store	vegetable	plant/produce food product	food								United States	Isolation Source raw	fermented vegetable (Kimchee) from a local store	food_source_context
vegetable	GCA_000277645.1	Weissella koreensis KCTC 3621	SAMN02469598		absent			kimchi, fermented-vegetable foods produced in Korea	vegetable	plant/produce food product	food								South Korea	Isolation Source raw	kimchi, fermented-vegetable foods produced in Korea	food_source_context
vegetable	GCA_000296715.2	Brevibacillus brevis X23	SAMN02469906		absent			soil of vegetable field	vegetable	plant/produce food product	food		soil	terrestrial environment					China	Isolation Source raw	soil of vegetable field	food_source_context
vegetable	GCA_000425885.1	Schleiferilactobacillus harbinensis DSM 16991	SAMN02440850		absent			Traditional Chinese fermented vegetables (Suan cai)		plant/produce food product	food								China	Environment Broad raw	Vegetables	food_source_context
vegetable	GCA_000425885.1	Schleiferilactobacillus harbinensis DSM 16991	SAMN02440850		absent			Traditional Chinese fermented vegetables (Suan cai)		plant/produce food product	food								China	Isolation Site raw	Traditional Chinese fermented vegetables (Suan cai)	food_source_context
vegetable	GCA_000425885.1	Schleiferilactobacillus harbinensis DSM 16991	SAMN02440850		absent			Traditional Chinese fermented vegetables (Suan cai)		plant/produce food product	food								China	Isolation Source raw	Traditional Chinese fermented vegetables (Suan cai)	food_source_context
vegetable	GCA_000439655.1	Clostridium botulinum CFSAN002369	SAMN01940926		absent			spinach						food-associated environment					United States	Host Disease raw	vegetable row crops (leafy)	missing
vegetable	GCA_000442555.1	Paenibacillus alvei TS-15	SAMN01816161		absent			tomato soil	environmental sample	plant/produce food product	food		soil	terrestrial environment					United States	Host Disease raw	seeded vegetables (solanaceous)	food_source_context
vegetable	GCA_000465555.2	Pantoea dispersa EGD-AAK13	SAMN02469686		absent			vegetable market soil	vegetable	environmental material	environmental material		soil	terrestrial environment					India	Isolation Source raw	vegetable market soil	environment_context_router
vegetable	GCA_000465635.2	Acinetobacter baumannii EGD-HP18	SAMN02469690		absent			vegetable market soil	vegetable	environmental material	environmental material		soil	terrestrial environment					India	Isolation Source raw	vegetable market soil	environment_context_router
vegetable	GCA_000585375.1	Cryptosporangium arvum DSM 44712	SAMN02849401		absent			Cultivated soil from a vegetable field in Japan	vegetable	plant/produce food product	food		soil	terrestrial environment					Japan	Isolation Site raw	Cultivated soil from a vegetable field in Japan	food_source_context
vegetable	GCA_000585375.1	Cryptosporangium arvum DSM 44712	SAMN02849401		absent			Cultivated soil from a vegetable field in Japan	vegetable	plant/produce food product	food		soil	terrestrial environment					Japan	Isolation Source raw	Cultivated soil from a vegetable field in Japan	food_source_context
vegetable	GCA_000828425.1	Bacillus safensis	SAMN03267272		absent			vegetables and fermented vegetable products	vegetable	plant/produce food product	food								Netherlands	Isolation Source raw	vegetables and fermented vegetable products	food_source_context
vegetable	GCA_000980985.1	Obesumbacterium proteus	SAMN03466600		absent			vegetable											Malaysia	Isolation Source raw	vegetable	missing
vegetable	GCA_000980985.1	Obesumbacterium proteus	SAMN03466600		absent			vegetable											Malaysia	Sample Type raw	Vegetable	missing
vegetable	GCA_001008665.1	Bacillus cereus	SAMN03267267		absent			vegetables and (fermented) vegetable products	vegetable	plant/produce food product	food								Netherlands	Isolation Source raw	vegetables and (fermented) vegetable products	food_source_context
vegetable	GCA_001044825.1	Bacillus cereus	SAMN03325941		absent			stew with vegetables, food poisoning	food product	food/food product	food			food-associated environment					Norway	Isolation Source raw	stew with vegetables, food poisoning	food_source_context
vegetable	GCA_001190005.1	Lactobacillus delbrueckii subsp. allosunkii	SAMN03852102		absent			sunki, Japanese traditional fermented vegetable	cell culture	plant/produce food product	food								North Korea	Isolation Source raw	sunki, Japanese traditional fermented vegetable	food_source_context
vegetable	GCA_001296095.1	Lactiplantibacillus plantarum	SAMN03952027		absent			sauerkraut		environmental material	environmental material		agricultural/food-production water						China	Environment Medium raw	water, vegetable	environment_context_router
vegetable	GCA_001410335.1	Salmonella enterica subsp. enterica serovar Weltevreden	SAMEA2336308		Vegetable			vegetable											absent	Host raw	Vegetable	missing
water	GCA_000012805.1	Nitrosococcus oceani ATCC 19707	SAMN02598329		absent			seawater		environmental material	environmental material		seawater	marine environment					Atlantic Ocean	Environment Broad raw	surface waters	environment_context_router
water	GCA_000012805.1	Nitrosococcus oceani ATCC 19707	SAMN02598329		absent			seawater		environmental material	environmental material		seawater	marine environment					Atlantic Ocean	Environment Medium raw	seawater	environment_context_router
water	GCA_000012805.1	Nitrosococcus oceani ATCC 19707	SAMN02598329		absent			seawater		environmental material	environmental material		seawater	marine environment					Atlantic Ocean	Isolation Source raw	seawater	environment_context_router
water	GCA_000023065.1	Tolumonas auensis DSM 9187	SAMN02598508		absent			sediment of freshwater lake		environmental material	environmental material		freshwater	freshwater environment	lake				Switzerland	Isolation Site raw	freshwater mud	environment_context_router
water	GCA_000023065.1	Tolumonas auensis DSM 9187	SAMN02598508		absent			sediment of freshwater lake		environmental material	environmental material		freshwater	freshwater environment	lake				Switzerland	Isolation Source raw	sediment of freshwater lake	environment_context_router
water	GCA_000023925.1	Kytococcus sedentarius DSM 20547	SAMN02598443		absent			slide submerged in sea water probably in San Diego		environmental material	environmental material		agricultural/food-production water	marine environment		pneumonia	diseased		United States	Isolation Site raw	slide submerged in sea water probably in San Diego	environment_context_router
water	GCA_000023925.1	Kytococcus sedentarius DSM 20547	SAMN02598443		absent			slide submerged in sea water probably in San Diego		environmental material	environmental material		agricultural/food-production water	marine environment		pneumonia	diseased		United States	Isolation Source raw	slide submerged in sea water probably in San Diego	environment_context_router
water	GCA_000024165.1	Candidatus Accumulibacter phosphatis	SAMN02598465		absent			enhanced biological phosphorus removal (EBPR) wastewater treatment bioreactor		environmental material	environmental material		wastewater	wastewater/sewage					United States	Isolation Site raw	enhanced biological phosphorus removal (EBPR) wastewater treatment bioreactor	environment_context_router
water	GCA_000024165.1	Candidatus Accumulibacter phosphatis	SAMN02598465		absent			enhanced biological phosphorus removal (EBPR) wastewater treatment bioreactor		environmental material	environmental material		wastewater	wastewater/sewage					United States	Isolation Source raw	enhanced biological phosphorus removal (EBPR) wastewater treatment bioreactor	environment_context_router
water	GCA_000025485.1	Allochromatium vinosum DSM 180	SAMN02598487		absent			Ditch water		environmental material	environmental material		drainage/runoff water						absent	Isolation Site raw	Ditch water	environment_context_router
water	GCA_000025485.1	Allochromatium vinosum DSM 180	SAMN02598487		absent			Ditch water		environmental material	environmental material		drainage/runoff water						absent	Isolation Source raw	Ditch water	environment_context_router
water	GCA_000025705.1	Sideroxydans lithotrophicus ES-1	SAMN02598496		absent			iron contaminated groundwater in Michigan		environmental material	environmental material		groundwater		groundwater				United States	Isolation Site raw	iron contaminated groundwater in Michigan	environment_context_router
water	GCA_000025705.1	Sideroxydans lithotrophicus ES-1	SAMN02598496		absent			iron contaminated groundwater in Michigan		environmental material	environmental material		groundwater		groundwater				United States	Isolation Source raw	iron contaminated groundwater in Michigan	environment_context_router
water	GCA_000025885.1	Aminobacterium colombiense DSM 12261	SAMN02598488		absent			Anaerobic lagoon of dairy wastewater treatment plant in Colombia		environmental material	environmental material		wastewater	wastewater/sewage					Colombia	Isolation Site raw	Anaerobic lagoon of dairy wastewater treatment plant in Colombia	environment_context_router
water	GCA_000025885.1	Aminobacterium colombiense DSM 12261	SAMN02598488		absent			Anaerobic lagoon of dairy wastewater treatment plant in Colombia		environmental material	environmental material		wastewater	wastewater/sewage					Colombia	Isolation Source raw	Anaerobic lagoon of dairy wastewater treatment plant in Colombia	environment_context_router
water	GCA_000025905.1	Coraliomargarita akajimensis DSM 45221	SAMN02598501		absent			Seawater surrounding the hard coral x Galaxea fascicularis; Majanohama, Akajima, Japan		environmental material	environmental material		seawater	marine environment					Japan	Isolation Site raw	Seawater surrounding the hard coral x Galaxea fascicularis; Majanohama, Akajima, Japan	environment_context_router
water	GCA_000025905.1	Coraliomargarita akajimensis DSM 45221	SAMN02598501		absent			Seawater surrounding the hard coral x Galaxea fascicularis; Majanohama, Akajima, Japan		environmental material	environmental material		seawater	marine environment					Japan	Isolation Source raw	Seawater surrounding the hard coral x Galaxea fascicularis; Majanohama, Akajima, Japan	environment_context_router
water	GCA_000092105.1	Planctopirus limnophila DSM 3776	SAMN02598463		absent			surface water		environmental material	environmental material		surface water						absent	Isolation Site raw	Surface water	environment_context_router
water	GCA_000092105.1	Planctopirus limnophila DSM 3776	SAMN02598463		absent			surface water		environmental material	environmental material		surface water						absent	Isolation Source raw	surface water	environment_context_router
water	GCA_000092425.1	Truepera radiovictrix DSM 17093	SAMN02598522		absent			hot spings runoff		hot spings runoff									Portugal	Isolation Site raw	Water sample from a hot spring runoffs on the Island of Sco Miguel in the Azores, Portugal	standardizer
