field	standardized_value	semantic_class	proposed_destination	reason	assembly_accession	biosample	organism	raw_attribute_name	raw_value	Host	Host_SD	Host_Context_SD	Host_Disease_SD	Host_Health_State_SD	Host_Production_Context_SD	Host_Anatomical_Site_SD	Isolation Source	Isolation_Source_SD	Isolation_Source_SD_Broad	Sample Type	Sample_Type_SD	Sample_Type_SD_Broad	Isolation_Site_SD	Environment_Medium_SD	Environment_Medium_SD_Broad	Environment_Broad_Scale_SD	Environment_Local_Scale_SD	Collection Date	Country
Isolation_Source_SD_Broad	culture	sample_processing	Sample_Processing_SD	Broad source category mixes non-source semantic classes; document or migrate.	GCA_000003135.1	SAMN00001475	Bifidobacterium longum subsp. longum ATCC 55813	Host	Homo sapiens	Homo sapiens	Homo sapiens						ATCC 55813	culture	culture					biological product	biological/clinical product	terrestrial environment		absent	absent
Host_Health_State_SD	patient	host_context	Host_Context_SD	Host_Health_State_SD should contain strict health states only.	GCA_000003215.1	SAMN02470531	Clostridioides difficile QCD-66c26	Isolation Source	patient with severe CDAD	Homo sapiens	Homo sapiens			patient			patient with severe CDAD											absent	Canada
Isolation_Source_SD	blood	sample_material	Sample_Type_SD	Physical specimen/material values should not be represented as strict source context.	GCA_000008985.1	SAMEA3138185	Francisella tularensis subsp. tularensis SCHU S4	Host	absent	absent								blood	clinical/host-associated material									absent	absent
Isolation_Source_SD	blood	sample_material	Sample_Type_SD	Physical specimen/material values should not be represented as strict source context.	GCA_000009025.1	SAMEA3138187	Dehalococcoides mccartyi CBDB1	Host	absent	absent								blood	clinical/host-associated material									absent	absent
Isolation_Source_SD	blood	sample_material	Sample_Type_SD	Physical specimen/material values should not be represented as strict source context.	GCA_000009045.1	SAMEA3138188	Bacillus subtilis subsp. subtilis str. 168	Host	absent	absent								blood	clinical/host-associated material									absent	absent
Host_Health_State_SD	patient	host_context	Host_Context_SD	Host_Health_State_SD should contain strict health states only.	GCA_000009885.1	SAMD00060934	Klebsiella pneumoniae subsp. pneumoniae NTUH-K2044	Isolation Source	isolated from blood of a patient with liver abscess and meningitis	absent	Homo sapiens		meningitis	patient			isolated from blood of a patient with liver abscess and meningitis	clinical fluid/material	clinical fluid/material				organ/tissue site					absent	absent
Isolation_Source_SD_Broad	clinical fluid/material	sample_material	Sample_Type_SD	Broad source category mixes non-source semantic classes; document or migrate.	GCA_000009885.1	SAMD00060934	Klebsiella pneumoniae subsp. pneumoniae NTUH-K2044	Host	absent	absent	Homo sapiens		meningitis	patient			isolated from blood of a patient with liver abscess and meningitis	clinical fluid/material	clinical fluid/material				organ/tissue site					absent	absent
Isolation_Source_SD	clinical fluid/material	sample_material	Sample_Type_SD	Physical specimen/material values should not be represented as strict source context.	GCA_000009885.1	SAMD00060934	Klebsiella pneumoniae subsp. pneumoniae NTUH-K2044	Host	absent	absent	Homo sapiens		meningitis	patient			isolated from blood of a patient with liver abscess and meningitis	clinical fluid/material	clinical fluid/material				organ/tissue site					absent	absent
Sample_Type_SD_Broad	clinical/host-associated material	source_context	Isolation_Source_SD	Sample_Type fields should contain physical specimen/material values only.	GCA_000013925.2	SAMN02603346	Mycobacterium ulcerans Agy99	Host	absent	absent	Homo sapiens						human tissue biopsy	clinical/host-associated material	clinical/host-associated material		biopsy	clinical/host-associated material						1999	Ghana
Host_Health_State_SD	dead	vital_status	Host_Vital_Status_SD	Vital status should move to Host_Vital_Status_SD.	GCA_000014845.1	SAMN02603424	Escherichia coli APEC O1	Isolation Source	lesion site (lung) of a dead turkey with colibacillosis	absent	Meleagris gallopavo			dead		lower respiratory tract/bronch/pleural cavity	lesion site (lung) of a dead turkey with colibacillosis	poultry meat/product	food/meat		poultry meat	food/meat						absent	Turkey
Host_Health_State_SD	patient	host_context	Host_Context_SD	Host_Health_State_SD should contain strict health states only.	GCA_000016945.1	SAMN02604043	Yersinia pseudotuberculosis IP 31758	Isolation Source	stool of a patient presenting with scarlet-like fever in the Primorski region of the former USSR; in 1971 sent to the Institut Pasteur (Paris, France) by Dr. Timofeeva (Antiplague Institute, Irkoutsk)	absent	Homo sapiens			patient		feces/stool	stool of a patient presenting with scarlet-like fever in the Primorski region of the former USSR; in 1971 sent to the Institut Pasteur (Paris, France) by Dr. Timofeeva (Antiplague Institute, Irkoutsk)				feces/stool	feces/stool				host-associated gut/oral/fecal environment	gut/fecal local context	1966	France
Host_Anatomical_Site_SD	feces/stool	sample_material	Sample_Type_SD	Site field contains non-anatomical context/material.	GCA_000016945.1	SAMN02604043	Yersinia pseudotuberculosis IP 31758	Host	absent	absent	Homo sapiens			patient		feces/stool	stool of a patient presenting with scarlet-like fever in the Primorski region of the former USSR; in 1971 sent to the Institut Pasteur (Paris, France) by Dr. Timofeeva (Antiplague Institute, Irkoutsk)				feces/stool	feces/stool				host-associated gut/oral/fecal environment	gut/fecal local context	1966	France
Isolation_Source_SD	fermented milk/dairy product	sample_material	Sample_Type_SD	Physical specimen/material values should not be represented as strict source context.	GCA_000019245.3	SAMN02603933	Lacticaseibacillus paracasei	Host	absent	absent							koumiss (fermented mare's milk)	fermented milk/dairy product	food/dairy		fermented milk/dairy product	food/dairy						absent	China
Sample_Type_SD_Broad	clinical/host-associated material	source_context	Isolation_Source_SD	Sample_Type fields should contain physical specimen/material values only.	GCA_000019825.1	SAMN02603350	Streptococcus pneumoniae G54	Host	absent	absent							respiratory sample	clinical/host-associated material	clinical/host-associated material		respiratory sample	clinical/host-associated material	respiratory tract					1991	Italy
Sample_Type_SD	respiratory sample	metadata_descriptor	suppress/provenance only	Sample_Type fields should contain physical specimen/material values only.	GCA_000019825.1	SAMN02603350	Streptococcus pneumoniae G54	Isolation Source	respiratory sample	absent							respiratory sample	clinical/host-associated material	clinical/host-associated material		respiratory sample	clinical/host-associated material	respiratory tract					1991	Italy
Sample_Type_SD_Broad	agricultural environment	environment_broad_scale	Environment_Broad_Scale_SD	Sample_Type fields should contain physical specimen/material values only.	GCA_000021885.1	SAMN02603313	Glaesserella parasuis SH0165	Host	swine	swine	Sus scrofa			diseased			isolated from a Glasser's disease outbreak farm	clinical/host-associated material	clinical/host-associated material		farm	agricultural environment					farm	absent	China
Sample_Type_SD	farm	environment_local_scale	Environment_Local_Scale_SD	Environmental terms should not be physical sample type values.	GCA_000021885.1	SAMN02603313	Glaesserella parasuis SH0165	Isolation Source	isolated from a Glasser's disease outbreak farm	swine	Sus scrofa			diseased			isolated from a Glasser's disease outbreak farm	clinical/host-associated material	clinical/host-associated material		farm	agricultural environment					farm	absent	China
Sample_Type_SD_Broad	clinical/host-associated material	source_context	Isolation_Source_SD	Sample_Type fields should contain physical specimen/material values only.	GCA_000024065.1	SAMN02598439	Jonesia denitrificans DSM 20603	Host	Ox	Ox	Bos taurus						Boiled ox blood	clinical/host-associated material	clinical/host-associated material		blood	clinical/host-associated material						absent	absent
Sample_Type_SD	clinical sample	source_context	Isolation_Source_SD	Sample_Type fields should contain physical specimen/material values only.	GCA_000025085.1	SAMN02603957	Staphylococcus lugdunensis HKU09-01	Host	Homo sapiens	Homo sapiens	Homo sapiens						clinical specimen	clinical/host-associated material	clinical/host-associated material		clinical sample	clinical/host-associated material				clinical/host-associated material		absent	Hong Kong
Host_Disease_SD	healthy/no disease reported	health_state	Host_Health_State_SD	Host_Disease_SD should contain named diseases or defensible disease classes only.	GCA_000026605.1	SAMEA2272197	Streptococcus equi subsp. zooepidemicus	Host	absent	absent			healthy/no disease reported	healthy		nasal cavity/sinus/upper respiratory tract	nasal swab taken from a healthy Thoroughbred racehorse	clinical/host-associated material	clinical/host-associated material		nasal swab	swab	nasal cavity/sinus/upper respiratory tract					2000	United Kingdom
Sample_Type_SD_Broad	swab	collection_device	Sample_Collection_Device_SD	Sample_Type fields should contain physical specimen/material values only.	GCA_000026605.1	SAMEA2272197	Streptococcus equi subsp. zooepidemicus	Isolation Source	nasal swab taken from a healthy Thoroughbred racehorse	absent			healthy/no disease reported	healthy		nasal cavity/sinus/upper respiratory tract	nasal swab taken from a healthy Thoroughbred racehorse	clinical/host-associated material	clinical/host-associated material		nasal swab	swab	nasal cavity/sinus/upper respiratory tract					2000	United Kingdom
Sample_Type_SD	nasal swab	collection_device	Sample_Collection_Device_SD	Sample_Type fields should contain physical specimen/material values only.	GCA_000026605.1	SAMEA2272197	Streptococcus equi subsp. zooepidemicus	Isolation Source	nasal swab taken from a healthy Thoroughbred racehorse	absent			healthy/no disease reported	healthy		nasal cavity/sinus/upper respiratory tract	nasal swab taken from a healthy Thoroughbred racehorse	clinical/host-associated material	clinical/host-associated material		nasal swab	swab	nasal cavity/sinus/upper respiratory tract					2000	United Kingdom
Sample_Type_SD_Broad	plant-associated material	host_context	Host_Context_SD	Sample_Type fields should contain physical specimen/material values only.	GCA_000092245.1	SAMN02598489	Arcobacter nitrofigilis DSM 7299	Host	Sporobolus alterniflorus	Sporobolus alterniflorus	Sporobolus alterniflorus						roots	clinical/host-associated material	clinical/host-associated material		root	plant-associated material	plant root/rhizosphere			plant-associated environment		absent	Canada
Sample_Type_SD	root	anatomical_site	Host_Anatomical_Site_SD	Sample_Type fields should contain physical specimen/material values only.	GCA_000092245.1	SAMN02598489	Arcobacter nitrofigilis DSM 7299	Isolation Source	roots	Sporobolus alterniflorus	Sporobolus alterniflorus						roots	clinical/host-associated material	clinical/host-associated material		root	plant-associated material	plant root/rhizosphere			plant-associated environment		absent	Canada
Host_Disease_SD	healthy/no disease reported	health_state	Host_Health_State_SD	Host_Disease_SD should contain named diseases or defensible disease classes only.	GCA_000092845.1	SAMN00001910	Brachyspira murdochii DSM 12563	Host	Swine	Swine	Sus scrofa		healthy/no disease reported	healthy		gastrointestinal tract	intestinal contents of healthy swine	clinical/host-associated material	clinical/host-associated material		gut content	gut content	gastrointestinal tract				gut/fecal local context	1992	Canada
Isolation_Source_SD_Broad	culture	sample_processing	Sample_Processing_SD	Broad source category mixes non-source semantic classes; document or migrate.	GCA_000143745.1	SAMN00001478	Lactiplantibacillus plantarum subsp. plantarum ATCC 14917 = JCM 1149 = CGMCC 1.2437	Host	Homo sapiens	Homo sapiens	Homo sapiens						ATCC 14917, IAM 12477	culture	culture					biological product	biological/clinical product	terrestrial environment		absent	absent
Isolation_Source_SD_Broad	culture	sample_processing	Sample_Processing_SD	Broad source category mixes non-source semantic classes; document or migrate.	GCA_000143765.1	SAMN00001488	Sphingobacterium spiritivorum ATCC 33861	Host	Homo sapiens	Homo sapiens	Homo sapiens						ATCC 33861, CDC E7288, JCM 1277, NCTC 11386	culture	culture					biological product	biological/clinical product	terrestrial environment		absent	absent
Isolation_Site_SD	abscess	sample_material	Sample_Type_SD	Site field contains non-anatomical context/material.	GCA_000144675.2	SAMN02604117	Corynebacterium pseudotuberculosis C231	Isolation Source	caseous lymphadenitis abscess	sheep	Ovis aries						caseous lymphadenitis abscess	clinical/host-associated material	clinical/host-associated material		abscess	clinical fluid/material	abscess					absent	Brazil
Isolation_Site_SD	abscess	sample_material	Sample_Type_SD	Site field contains non-anatomical context/material.	GCA_000144935.3	SAMN02603609	Corynebacterium pseudotuberculosis 1002	Isolation Source	caseous lymphedenitis abscess	goat	Capra hircus						caseous lymphedenitis abscess	clinical/host-associated material	clinical/host-associated material		abscess	clinical fluid/material	abscess					absent	Brazil
Sample_Type_SD	respiratory sample	metadata_descriptor	suppress/provenance only	Sample_Type fields should contain physical specimen/material values only.	GCA_000145705.1	SAMN02603209	Mesomycoplasma hyorhinis HUB-1	Host	swine	swine	Sus scrofa						respiratory tract of swine	clinical/host-associated material	clinical/host-associated material		respiratory sample	clinical/host-associated material	respiratory tract					absent	China
Sample_Type_SD	microbial isolate	unresolved	admin_review	Sample_Type fields should contain physical specimen/material values only.	GCA_000148365.1	SAMN02603258	Escherichia coli ABU 83972	Host	Homo sapiens	Homo sapiens	Homo sapiens			asymptomatic			isolate from a young female with long term asymptomatic bacteriuria (ABU)	clinical/host-associated material	clinical/host-associated material		microbial isolate	culture/isolate						absent	absent
Sample_Type_SD_Broad	culture/isolate	sample_processing	Sample_Processing_SD	Sample_Type fields should contain physical specimen/material values only.	GCA_000148365.1	SAMN02603258	Escherichia coli ABU 83972	Host	Homo sapiens	Homo sapiens	Homo sapiens			asymptomatic			isolate from a young female with long term asymptomatic bacteriuria (ABU)	clinical/host-associated material	clinical/host-associated material		microbial isolate	culture/isolate						absent	absent
Sample_Type_SD	biological product	unresolved	admin_review	Sample_Type fields should contain physical specimen/material values only.	GCA_000149145.2	SAMN00115035	Lactobacillus iners SPIN 2503V10-D	Isolation Source	biological product [ENVO:02000043]	Homo sapiens	Homo sapiens						biological product [ENVO:02000043]	environmental material	environmental material		biological product	biological/clinical product		biological product	biological/clinical product	terrestrial environment	gut/fecal local context	absent	absent
Sample_Type_SD_Broad	biological/clinical product	source_context	Isolation_Source_SD	Sample_Type fields should contain physical specimen/material values only.	GCA_000149145.2	SAMN00115035	Lactobacillus iners SPIN 2503V10-D	Host	Homo sapiens	Homo sapiens	Homo sapiens						biological product [ENVO:02000043]	environmental material	environmental material		biological product	biological/clinical product		biological product	biological/clinical product	terrestrial environment	gut/fecal local context	absent	absent
Sample_Type_SD	clinical sample	source_context	Isolation_Source_SD	Sample_Type fields should contain physical specimen/material values only.	GCA_000152065.3	SAMN02603739	Corynebacterium pseudotuberculosis I19	Host	bovine	bovine	Bos taurus		mastitis	diseased			mastitis abscess from cow with severe clinical mastitis in two quarters	clinical/host-associated material	clinical/host-associated material		clinical sample	clinical/host-associated material	abscess			clinical/host-associated material		absent	Israel
Isolation_Site_SD	abscess	sample_material	Sample_Type_SD	Site field contains non-anatomical context/material.	GCA_000152065.3	SAMN02603739	Corynebacterium pseudotuberculosis I19	Isolation Source	mastitis abscess from cow with severe clinical mastitis in two quarters	bovine	Bos taurus		mastitis	diseased			mastitis abscess from cow with severe clinical mastitis in two quarters	clinical/host-associated material	clinical/host-associated material		clinical sample	clinical/host-associated material	abscess			clinical/host-associated material		absent	Israel
Host_Disease_SD	diseased	health_state	Host_Health_State_SD	Host_Disease_SD should contain named diseases or defensible disease classes only.	GCA_000153605.1	SAMN00253843	Paenibacillus larvae subsp. larvae BRL-230010	Isolation Source	scales collected from a single severely diseased honey bee colony from Berkeley, CA, USA	absent	Apis mellifera		diseased	diseased			scales collected from a single severely diseased honey bee colony from Berkeley, CA, USA	clinical/host-associated material	clinical/host-associated material									absent	United States
Sample_Type_SD	biological product	unresolved	admin_review	Sample_Type fields should contain physical specimen/material values only.	GCA_000155915.2	SAMN02463685	Lactobacillus jensenii 1153	Isolation Source	biological product [ENVO:02000043]	Homo sapiens	Homo sapiens						biological product [ENVO:02000043]	environmental material	environmental material		biological product	biological/clinical product		biological product	biological/clinical product	terrestrial environment	gut/fecal local context	absent	absent
Sample_Type_SD_Broad	biological/clinical product	source_context	Isolation_Source_SD	Sample_Type fields should contain physical specimen/material values only.	GCA_000155915.2	SAMN02463685	Lactobacillus jensenii 1153	Host	Homo sapiens	Homo sapiens	Homo sapiens						biological product [ENVO:02000043]	environmental material	environmental material		biological product	biological/clinical product		biological product	biological/clinical product	terrestrial environment	gut/fecal local context	absent	absent
Sample_Type_SD_Broad	environmental/geologic material	unresolved	admin_review	Sample_Type fields should contain physical specimen/material values only.	GCA_000158155.1	SAMN02436223	gamma proteobacterium NOR5-3	Isolation Source	top oxic layer of a muddy sediment core								top oxic layer of a muddy sediment core	environmental material	environmental material		core	environmental/geologic material		sediment	sediment	aquatic sediment environment		absent	Germany
Sample_Type_SD	core	unresolved	admin_review	Sample_Type fields should contain physical specimen/material values only.	GCA_000158155.1	SAMN02436223	gamma proteobacterium NOR5-3	Isolation Source	top oxic layer of a muddy sediment core								top oxic layer of a muddy sediment core	environmental material	environmental material		core	environmental/geologic material		sediment	sediment	aquatic sediment environment		absent	Germany
Sample_Type_SD_Broad	environmental/geologic material	unresolved	admin_review	Sample_Type fields should contain physical specimen/material values only.	GCA_000158175.1	SAMN02436313	Luminiphilus syltensis NOR5-1B	Host	absent	absent							top oxic layer of a muddy sediment core	environmental material	environmental material		core	environmental/geologic material		sediment	sediment	aquatic sediment environment		absent	Germany
Sample_Type_SD	core	unresolved	admin_review	Sample_Type fields should contain physical specimen/material values only.	GCA_000158175.1	SAMN02436313	Luminiphilus syltensis NOR5-1B	Isolation Source	top oxic layer of a muddy sediment core	absent							top oxic layer of a muddy sediment core	environmental material	environmental material		core	environmental/geologic material		sediment	sediment	aquatic sediment environment		absent	Germany
Sample_Type_SD	biological product	unresolved	admin_review	Sample_Type fields should contain physical specimen/material values only.	GCA_000161895.2	SAMN02463727	Lactobacillus jensenii 27-2-CHN	Isolation Source	biological product [ENVO:02000043]	Homo sapiens	Homo sapiens						biological product [ENVO:02000043]	environmental material	environmental material		biological product	biological/clinical product		biological product	biological/clinical product	terrestrial environment	gut/fecal local context	absent	absent
Sample_Type_SD_Broad	biological/clinical product	source_context	Isolation_Source_SD	Sample_Type fields should contain physical specimen/material values only.	GCA_000161895.2	SAMN02463727	Lactobacillus jensenii 27-2-CHN	Host	Homo sapiens	Homo sapiens	Homo sapiens						biological product [ENVO:02000043]	environmental material	environmental material		biological product	biological/clinical product		biological product	biological/clinical product	terrestrial environment	gut/fecal local context	absent	absent
Sample_Type_SD_Broad	environmental material	source_context	Isolation_Source_SD	Sample_Type fields should contain physical specimen/material values only.	GCA_000164925.2	SAMN00792434	Shigella dysenteriae 1617	Host	Homo sapiens	Homo sapiens	Homo sapiens						terrestrial biome [ENVO:00000446]	clinical/host-associated material	clinical/host-associated material		terrestrial environment	environmental material				terrestrial environment		1969	Guatemala
Sample_Type_SD	terrestrial environment	environment_broad_scale	Environment_Broad_Scale_SD	Environmental terms should not be physical sample type values.	GCA_000164925.2	SAMN00792434	Shigella dysenteriae 1617	Host	Homo sapiens	Homo sapiens	Homo sapiens						terrestrial biome [ENVO:00000446]	clinical/host-associated material	clinical/host-associated material		terrestrial environment	environmental material				terrestrial environment		1969	Guatemala
Sample_Type_SD_Broad	environmental material	source_context	Isolation_Source_SD	Sample_Type fields should contain physical specimen/material values only.	GCA_000165655.2	SAMN00792432	Escherichia coli 1827-70	Host	Homo sapiens	Homo sapiens	Homo sapiens						terrestrial biome [ENVO:00000446]	clinical/host-associated material	clinical/host-associated material		terrestrial environment	environmental material				terrestrial environment		1979	United States
Sample_Type_SD	terrestrial environment	environment_broad_scale	Environment_Broad_Scale_SD	Environmental terms should not be physical sample type values.	GCA_000165655.2	SAMN00792432	Escherichia coli 1827-70	Host	Homo sapiens	Homo sapiens	Homo sapiens						terrestrial biome [ENVO:00000446]	clinical/host-associated material	clinical/host-associated material		terrestrial environment	environmental material				terrestrial environment		1979	United States
Sample_Type_SD_Broad	environmental material	source_context	Isolation_Source_SD	Sample_Type fields should contain physical specimen/material values only.	GCA_000166355.1	SAMN00713562	Caldicellulosiruptor hydrothermalis 108	Host	absent	absent							terrestrial neutral geothermal spring	environmental material	environmental material		terrestrial environment	environmental material		hot spring water	water	geologic/extreme environment		absent	Russia
Sample_Type_SD	terrestrial environment	environment_broad_scale	Environment_Broad_Scale_SD	Environmental terms should not be physical sample type values.	GCA_000166355.1	SAMN00713562	Caldicellulosiruptor hydrothermalis 108	Host	absent	absent							terrestrial neutral geothermal spring	environmental material	environmental material		terrestrial environment	environmental material		hot spring water	water	geologic/extreme environment		absent	Russia
Isolation_Source_SD_Broad	plant-associated material	host_context	Host_Context_SD	Broad source category mixes non-source semantic classes; document or migrate.	GCA_000166515.1	SAMN02470777	Pseudomonas fluorescens WH6	Host	absent	absent							wheat rhizosphere	plant-associated material	plant-associated material				plant root/rhizosphere	soil	soil	plant-associated environment		absent	United States
Sample_Type_SD	kimchi	unresolved	admin_review	Sample_Type fields should contain physical specimen/material values only.	GCA_000166715.2	SAMN02470198	Leuconostoc gelidum subsp. gelidum KCTC 3527	Isolation Source	kimchi	absent							kimchi	plant/produce food product	food		kimchi	fermented food						absent	absent
Sample_Type_SD	kimchi	unresolved	admin_review	Sample_Type fields should contain physical specimen/material values only.	GCA_000166735.2	SAMN02472184	Leuconostoc inhae KCTC 3774	Isolation Source	kimchi	absent							kimchi	plant/produce food product	food		kimchi	fermented food						absent	absent
Sample_Type_SD	clinical sample	source_context	Isolation_Source_SD	Sample_Type fields should contain physical specimen/material values only.	GCA_000167615.1	SAMN02363423	Streptococcus pneumoniae TIGR4	Host	Homo sapiens	Homo sapiens	Homo sapiens			patient			clinical isolate from the blood of a 30 year old patient	clinical/host-associated material	clinical/host-associated material		clinical sample	clinical/host-associated material				clinical/host-associated material		absent	Norway
Isolation_Source_SD_Broad	environmental/geologic material	unresolved	admin_review	Broad source category mixes non-source semantic classes; document or migrate.	GCA_000168735.1	SAMN02471028	Candidatus Endoriftia persephone str. Hot96_1+Hot96_2	Host	Riftia pachyptila	Riftia pachyptila	Riftia pachyptila						collected between 9deg N and 13deg N of the East Pacific Rise (EPR) hydrothermal vent system during the HOT-96 cruise	collected between 9deg N and 13deg N of the East Pacific Rise (EPR) hydrothermal vent system during the HOT-96 cruise	environmental/geologic material							geologic/extreme environment		1996	absent
Sample_Type_SD_Broad	built environment	environment_broad_scale	Environment_Broad_Scale_SD	Sample_Type fields should contain physical specimen/material values only.	GCA_000170515.1	SAMN02470660	Burkholderia pseudomallei B7210	Host	absent	absent						lower respiratory tract/bronch/pleural cavity	empyema drain in an infected lung in South East Asia	clinical/host-associated material	clinical/host-associated material		drain	built environment	lower respiratory tract/bronch/pleural cavity					absent	absent
Sample_Type_SD	drain	environment_local_scale	Environment_Local_Scale_SD	Environmental terms should not be physical sample type values.	GCA_000170515.1	SAMN02470660	Burkholderia pseudomallei B7210	Isolation Source	empyema drain in an infected lung in South East Asia	absent						lower respiratory tract/bronch/pleural cavity	empyema drain in an infected lung in South East Asia	clinical/host-associated material	clinical/host-associated material		drain	built environment	lower respiratory tract/bronch/pleural cavity					absent	absent
Sample_Type_SD_Broad	plant-associated material	host_context	Host_Context_SD	Sample_Type fields should contain physical specimen/material values only.	GCA_000171235.2	SAMN02256391	Geminisphaera colitermitum TAV2	Host	Termite	Termite	Termitoidae					gastrointestinal tract	Gut of a wood-feeding termite	clinical/host-associated material	clinical/host-associated material		wood	plant-associated material	gastrointestinal tract				gut/fecal local context	absent	absent
Sample_Type_SD	wood	unresolved	admin_review	Sample_Type fields should contain physical specimen/material values only.	GCA_000171235.2	SAMN02256391	Geminisphaera colitermitum TAV2	Isolation Source	Gut of a wood-feeding termite	Termite	Termitoidae					gastrointestinal tract	Gut of a wood-feeding termite	clinical/host-associated material	clinical/host-associated material		wood	plant-associated material	gastrointestinal tract				gut/fecal local context	absent	absent
Sample_Type_SD	microbial isolate	unresolved	admin_review	Sample_Type fields should contain physical specimen/material values only.	GCA_000172395.1	SAMN00000299	Pseudomonas aeruginosa PAb1	Host	Homo sapiens	Homo sapiens	Homo sapiens			patient			clininal isolate from frostbite patient				microbial isolate	culture/isolate						absent	absent
Sample_Type_SD_Broad	culture/isolate	sample_processing	Sample_Processing_SD	Sample_Type fields should contain physical specimen/material values only.	GCA_000172395.1	SAMN00000299	Pseudomonas aeruginosa PAb1	Host	Homo sapiens	Homo sapiens	Homo sapiens			patient			clininal isolate from frostbite patient				microbial isolate	culture/isolate						absent	absent
Host_Disease_SD	healthy/no disease reported	health_state	Host_Health_State_SD	Host_Disease_SD should contain named diseases or defensible disease classes only.	GCA_000172615.1	SAMN02471501	Enterococcus faecium E980	Host	Homo sapiens	Homo sapiens	Homo sapiens		healthy/no disease reported	healthy			healthy human volunteer											1998	Netherlands
Host_Health_State_SD	hospitalized	care_setting	Host_Care_Setting_SD	Care setting should move to Host_Care_Setting_SD.	GCA_000172655.1	SAMN02471502	Enterococcus faecium E1071	Isolation Source	feces of a hospitalized patient	Homo sapiens	Homo sapiens			hospitalized			feces of a hospitalized patient				feces/stool	feces/stool				host-associated gut/oral/fecal environment	gut/fecal local context	2000	Netherlands
Host_Health_State_SD	hospitalized	care_setting	Host_Care_Setting_SD	Care setting should move to Host_Care_Setting_SD.	GCA_000172675.1	SAMN02471503	Enterococcus faecium E1162	Isolation Source	bloodstream infection of a hospitalized patient	Homo sapiens	Homo sapiens		sepsis/bacteremia	hospitalized			bloodstream infection of a hospitalized patient	clinical/host-associated material	clinical/host-associated material		bloodstream	clinical fluid/material						1997	France
Sample_Type_SD	bloodstream	unresolved	admin_review	Sample_Type fields should contain physical specimen/material values only.	GCA_000172675.1	SAMN02471503	Enterococcus faecium E1162	Isolation Source	bloodstream infection of a hospitalized patient	Homo sapiens	Homo sapiens		sepsis/bacteremia	hospitalized			bloodstream infection of a hospitalized patient	clinical/host-associated material	clinical/host-associated material		bloodstream	clinical fluid/material						1997	France
Sample_Type_SD	bloodstream	unresolved	admin_review	Sample_Type fields should contain physical specimen/material values only.	GCA_000172835.1	SAMN02471514	Enterococcus faecium E1636	Isolation Source	bloodstream infection	Homo sapiens	Homo sapiens		sepsis/bacteremia	diseased			bloodstream infection	clinical/host-associated material	clinical/host-associated material		bloodstream	clinical fluid/material						1961	Netherlands
Sample_Type_SD	catheter	collection_device	Sample_Collection_Device_SD	Sample_Type fields should contain physical specimen/material values only.	GCA_000172875.1	SAMN02471504	Enterococcus faecium E1679	Isolation Source	vascular catheter tip	Homo sapiens	Homo sapiens						vascular catheter tip	clinical/host-associated material	clinical/host-associated material		catheter	medical device						1998	Brazil
Sample_Type_SD_Broad	medical device	unresolved	admin_review	Sample_Type fields should contain physical specimen/material values only.	GCA_000172875.1	SAMN02471504	Enterococcus faecium E1679	Host	Homo sapiens	Homo sapiens	Homo sapiens						vascular catheter tip	clinical/host-associated material	clinical/host-associated material		catheter	medical device						1998	Brazil
Host_Health_State_SD	hospitalized	care_setting	Host_Care_Setting_SD	Care setting should move to Host_Care_Setting_SD.	GCA_000172915.1	SAMN02471515	Enterococcus faecium U0317	Isolation Source	urinary tract infection of a hospitalized patient	Homo sapiens	Homo sapiens		urinary tract infection	hospitalized			urinary tract infection of a hospitalized patient	urine	clinical/host-associated material									2005	Netherlands
Isolation_Source_SD	urine	sample_material	Sample_Type_SD	Physical specimen/material values should not be represented as strict source context.	GCA_000172915.1	SAMN02471515	Enterococcus faecium U0317	Host	Homo sapiens	Homo sapiens	Homo sapiens		urinary tract infection	hospitalized			urinary tract infection of a hospitalized patient	urine	clinical/host-associated material									2005	Netherlands
Sample_Type_SD	microbial isolate	unresolved	admin_review	Sample_Type fields should contain physical specimen/material values only.	GCA_000173395.1	SAMN02471436	Acinetobacter baumannii AB900	Host	Homo sapiens	Homo sapiens	Homo sapiens					skin/body surface	perineal isolate	clinical/host-associated material	clinical/host-associated material		microbial isolate	culture/isolate	skin/body surface					2003	United States
Sample_Type_SD_Broad	culture/isolate	sample_processing	Sample_Processing_SD	Sample_Type fields should contain physical specimen/material values only.	GCA_000173395.1	SAMN02471436	Acinetobacter baumannii AB900	Host	Homo sapiens	Homo sapiens	Homo sapiens					skin/body surface	perineal isolate	clinical/host-associated material	clinical/host-associated material		microbial isolate	culture/isolate	skin/body surface					2003	United States
Sample_Type_SD	laboratory	environment_local_scale	Environment_Local_Scale_SD	Environmental terms should not be physical sample type values.	GCA_000174095.1	SAMN02472032	Wolbachia endosymbiont of Muscidifurax uniraptor	Isolation Source	dissected ovaries of Muscidifurax uniraptor females that were grown in the laboratory	Muscidifurax uniraptor	Muscidifurax uniraptor						dissected ovaries of Muscidifurax uniraptor females that were grown in the laboratory	environmental material	environmental material		laboratory	laboratory environment		laboratory	laboratory environment	laboratory environment	laboratory	absent	absent
Sample_Type_SD_Broad	laboratory environment	environment_local_scale	Environment_Local_Scale_SD	Sample_Type fields should contain physical specimen/material values only.	GCA_000174095.1	SAMN02472032	Wolbachia endosymbiont of Muscidifurax uniraptor	Host	Muscidifurax uniraptor	Muscidifurax uniraptor	Muscidifurax uniraptor						dissected ovaries of Muscidifurax uniraptor females that were grown in the laboratory	environmental material	environmental material		laboratory	laboratory environment		laboratory	laboratory environment	laboratory environment	laboratory	absent	absent
Sample_Type_SD_Broad	culture	sample_processing	Sample_Processing_SD	Sample_Type fields should contain physical specimen/material values only.	GCA_000175415.3	SAMN02344446	Limnospira platensis str. Paraca	Isolation Source	pure sub-culture from non-axenic industrial culture provided by Biorigin	absent							pure sub-culture from non-axenic industrial culture provided by Biorigin	clinical/host-associated material	clinical/host-associated material		culture	culture						2009	Switzerland
Sample_Type_SD	culture	sample_processing	Sample_Processing_SD	Processing/preparation terms should move to Sample_Processing_SD.	GCA_000175415.3	SAMN02344446	Limnospira platensis str. Paraca	Isolation Source	pure sub-culture from non-axenic industrial culture provided by Biorigin	absent							pure sub-culture from non-axenic industrial culture provided by Biorigin	clinical/host-associated material	clinical/host-associated material		culture	culture						2009	Switzerland
Host_Anatomical_Site_SD	feces/stool	sample_material	Sample_Type_SD	Site field contains non-anatomical context/material.	GCA_000175735.1	SAMN02470826	Escherichia coli O157:H7 str. FRIK966	Host	absent	absent	Bos taurus					feces/stool	bovine fecal sample	clinical/host-associated material	clinical/host-associated material		feces/stool	feces/stool						absent	absent
Host_Anatomical_Site_SD	feces/stool	sample_material	Sample_Type_SD	Site field contains non-anatomical context/material.	GCA_000175755.1	SAMN02470827	Escherichia coli O157:H7 str. FRIK2000	Host	absent	absent	Bos taurus					feces/stool	bovine fecal sample	clinical/host-associated material	clinical/host-associated material		feces/stool	feces/stool						absent	absent
Sample_Type_SD_Broad	agricultural environment	environment_broad_scale	Environment_Broad_Scale_SD	Sample_Type fields should contain physical specimen/material values only.	GCA_000176035.2	SAMN02232036	Mesorhizobium opportunistum WSM2075	Host	Biserrula pelecinus L	Biserrula pelecinus L	biserrula pelecinus						Antonio's farm, Antonio Rd.	agricultural environment	agricultural environment		farm	agricultural environment		soil	soil	plant-associated environment	farm	2000	Australia
Sample_Type_SD	farm	environment_local_scale	Environment_Local_Scale_SD	Environmental terms should not be physical sample type values.	GCA_000176035.2	SAMN02232036	Mesorhizobium opportunistum WSM2075	Isolation Source	Antonio's farm, Antonio Rd.	Biserrula pelecinus L	biserrula pelecinus						Antonio's farm, Antonio Rd.	agricultural environment	agricultural environment		farm	agricultural environment		soil	soil	plant-associated environment	farm	2000	Australia
Sample_Type_SD_Broad	respiratory sample	metadata_descriptor	suppress/provenance only	Sample_Type fields should contain physical specimen/material values only.	GCA_000176095.1	SAMN02951933	Legionella longbeachae D-4968	Host	Homo sapiens	Homo sapiens	Homo sapiens		legionellosis	diseased		lower respiratory tract/bronch/pleural cavity	bronchial wash sample from a 77-year-old Oregon woman diagnosed with legionellosis	clinical/host-associated material	clinical/host-associated material		bronchial wash/lavage	respiratory sample	lower respiratory tract/bronch/pleural cavity					2000	United States
Isolation_Source_SD_Broad	plant-associated material	host_context	Host_Context_SD	Broad source category mixes non-source semantic classes; document or migrate.	GCA_000176855.2	SAMN00006197	Paracidovorax avenae ATCC 19860	Host	absent	absent	Zea mays						maize leaf	plant-associated material	plant-associated material		microbial isolate	culture/isolate	leaf tissue					1909	United States
Sample_Type_SD	sponge	collection_device	Sample_Collection_Device_SD	Sample_Type fields should contain physical specimen/material values only.	GCA_000177275.2	SAMN02472029	Candidatus Poribacteria bacterium WGA-A3	Isolation Source	single bacterial cell isolated from a marine sponge, at 2-15m depth	Aplysina aerophoba	Aplysina aerophoba						single bacterial cell isolated from a marine sponge, at 2-15m depth	clinical/host-associated material	clinical/host-associated material		sponge	surface/sample collection material		marine		marine environment		absent	Croatia
Sample_Type_SD_Broad	surface/sample collection material	metadata_descriptor	suppress/provenance only	Sample_Type fields should contain physical specimen/material values only.	GCA_000177275.2	SAMN02472029	Candidatus Poribacteria bacterium WGA-A3	Host	Aplysina aerophoba	Aplysina aerophoba	Aplysina aerophoba						single bacterial cell isolated from a marine sponge, at 2-15m depth	clinical/host-associated material	clinical/host-associated material		sponge	surface/sample collection material		marine		marine environment		absent	Croatia
Sample_Type_SD	tomato	unresolved	admin_review	Sample_Type fields should contain physical specimen/material values only.	GCA_000177455.1	SAMN02472092	Pseudomonas syringae pv. tomato K40	Host	tomato	tomato	Solanum lycopersicum						tomato seedling in spring 2005	plant/produce food product	food		tomato	food/produce						2005	United States
Sample_Type_SD	bloodstream	unresolved	admin_review	Sample_Type fields should contain physical specimen/material values only.	GCA_000177695.1	SAMN02469414	Acinetobacter baumannii AB056	Isolation Source	patient at Walter Reed Army Medical Center with a bloodstream infection	Homo sapiens	Homo sapiens		sepsis/bacteremia	diseased			patient at Walter Reed Army Medical Center with a bloodstream infection	clinical/host-associated material	clinical/host-associated material		bloodstream	clinical fluid/material						2004	United States
Sample_Type_SD	spinach	unresolved	admin_review	Sample_Type fields should contain physical specimen/material values only.	GCA_000178755.1	SAMN02470604	Escherichia coli O157:H7 str. EC4191	Isolation Source	spinach bag	absent							spinach bag	plant/produce food product	food		spinach	food/produce						2006	United States
Sample_Type_SD	DNA extract	sample_processing	Sample_Processing_SD	Processing/preparation terms should move to Sample_Processing_SD.	GCA_000180155.1	SAMD00036544	Actinomyces oris K20	Host	absent	absent							G_DNA_Attached/Keratinized gingiva	clinical/host-associated material	clinical/host-associated material		DNA extract	molecular extract						absent	absent
Sample_Type_SD_Broad	molecular extract	sample_processing	Sample_Processing_SD	Sample_Type fields should contain physical specimen/material values only.	GCA_000180155.1	SAMD00036544	Actinomyces oris K20	Host	absent	absent							G_DNA_Attached/Keratinized gingiva	clinical/host-associated material	clinical/host-associated material		DNA extract	molecular extract						absent	absent
Sample_Type_SD	nasopharynx/oropharynx	anatomical_site	Host_Anatomical_Site_SD	Sample_Type fields should contain physical specimen/material values only.	GCA_000180595.1	SAMEA2272069	Neisseria lactamica Y92-1009	Host	absent	absent							throat swab	clinical/host-associated material	clinical/host-associated material		nasopharynx/oropharynx	upper respiratory tract	nasopharynx/oropharynx					absent	United Kingdom
Sample_Type_SD_Broad	upper respiratory tract	anatomical_site	Host_Anatomical_Site_SD	Sample_Type fields should contain physical specimen/material values only.	GCA_000180595.1	SAMEA2272069	Neisseria lactamica Y92-1009	Host	absent	absent							throat swab	clinical/host-associated material	clinical/host-associated material		nasopharynx/oropharynx	upper respiratory tract	nasopharynx/oropharynx					absent	United Kingdom
Sample_Type_SD_Broad	built environment	environment_broad_scale	Environment_Broad_Scale_SD	Sample_Type fields should contain physical specimen/material values only.	GCA_000183545.3	SAMN00116773	Thermaerobacter subterraneus DSM 13965	Host	absent	absent							open drain run-off channel of a bore in the Great Artesian Basin	environmental material	environmental material		drain	built environment		sediment	sediment	aquatic sediment environment		absent	Australia
Sample_Type_SD	drain	environment_local_scale	Environment_Local_Scale_SD	Environmental terms should not be physical sample type values.	GCA_000183545.3	SAMN00116773	Thermaerobacter subterraneus DSM 13965	Isolation Source	open drain run-off channel of a bore in the Great Artesian Basin	absent							open drain run-off channel of a bore in the Great Artesian Basin	environmental material	environmental material		drain	built environment		sediment	sediment	aquatic sediment environment		absent	Australia
Sample_Type_SD_Broad	plant-associated material	host_context	Host_Context_SD	Sample_Type fields should contain physical specimen/material values only.	GCA_000183665.1	SAMN02604277	Candidatus Liberibacter solanacearum CLso-ZC1	Host	Bactericera cockerelli (potato psyllid)	Bactericera cockerelli (potato psyllid)	Bactericera cockerelli						zebra chip-infected potato field	plant/produce food product	food		potato	plant-associated material						absent	United States
Sample_Type_SD	potato	unresolved	admin_review	Sample_Type fields should contain physical specimen/material values only.	GCA_000183665.1	SAMN02604277	Candidatus Liberibacter solanacearum CLso-ZC1	Host	Bactericera cockerelli (potato psyllid)	Bactericera cockerelli (potato psyllid)	Bactericera cockerelli						zebra chip-infected potato field	plant/produce food product	food		potato	plant-associated material						absent	United States
Sample_Type_SD_Broad	built environment	environment_broad_scale	Environment_Broad_Scale_SD	Sample_Type fields should contain physical specimen/material values only.	GCA_000183725.1	SAMN00713566	Sulfuricurvum kujiense DSM 16994	Host	absent	absent							drain water from underground crude oil storage cavity	environmental material	environmental material		drain	built environment		agricultural/food-production water	water			absent	Japan
Sample_Type_SD	drain	environment_local_scale	Environment_Local_Scale_SD	Environmental terms should not be physical sample type values.	GCA_000183725.1	SAMN00713566	Sulfuricurvum kujiense DSM 16994	Isolation Source	drain water from underground crude oil storage cavity	absent							drain water from underground crude oil storage cavity	environmental material	environmental material		drain	built environment		agricultural/food-production water	water			absent	Japan
Sample_Type_SD	kimchi	unresolved	admin_review	Sample_Type fields should contain physical specimen/material values only.	GCA_000184285.2	SAMN02470831	Loigolactobacillus coryniformis subsp. torquens DSM 20004 = KCTC 3535	Isolation Source	Korean traditional kimchi	absent							Korean traditional kimchi	plant/produce food product	food		kimchi	fermented food						absent	absent
Sample_Type_SD_Broad	swab	collection_device	Sample_Collection_Device_SD	Sample_Type fields should contain physical specimen/material values only.	GCA_000184495.2	SAMN02435947	Acinetobacter baumannii UMB002	Isolation Source	peri-anal swab	Homo sapiens	Homo sapiens						peri-anal swab	clinical/host-associated material	clinical/host-associated material		perianal/anal swab	swab						absent	absent
Sample_Type_SD	perianal/anal swab	collection_device	Sample_Collection_Device_SD	Sample_Type fields should contain physical specimen/material values only.	GCA_000184495.2	SAMN02435947	Acinetobacter baumannii UMB002	Host	Homo sapiens	Homo sapiens	Homo sapiens						peri-anal swab	clinical/host-associated material	clinical/host-associated material		perianal/anal swab	swab						absent	absent
Isolation_Source_SD_Broad	environmental/geologic material	unresolved	admin_review	Broad source category mixes non-source semantic classes; document or migrate.	GCA_000185805.1	SAMN00713575	Thermovibrio ammonificans HB-1	Host	absent	absent							walls of an active deep-sea hydrothermal vent chimney on the East Pacific Rise at 9 degrees 50' N	walls of an active deep-sea hydrothermal vent chimney on the East Pacific Rise at 9 degrees 50' N	environmental/geologic material					marine		geologic/extreme environment		absent	absent
Sample_Type_SD_Broad	swab	collection_device	Sample_Collection_Device_SD	Sample_Type fields should contain physical specimen/material values only.	GCA_000185885.1	SAMN02603958	Staphylococcus pseudintermedius HKU10-03	Isolation Source	skin swab from dog with canine pyoderma	Canis lupus familiaris	Canis lupus familiaris					skin/body surface	skin swab from dog with canine pyoderma	clinical/host-associated material	clinical/host-associated material		skin swab	swab	skin/body surface					absent	Hong Kong
Sample_Type_SD	skin swab	collection_device	Sample_Collection_Device_SD	Sample_Type fields should contain physical specimen/material values only.	GCA_000185885.1	SAMN02603958	Staphylococcus pseudintermedius HKU10-03	Isolation Source	skin swab from dog with canine pyoderma	Canis lupus familiaris	Canis lupus familiaris					skin/body surface	skin swab from dog with canine pyoderma	clinical/host-associated material	clinical/host-associated material		skin swab	swab	skin/body surface					absent	Hong Kong
Sample_Type_SD_Broad	culture	sample_processing	Sample_Processing_SD	Sample_Type fields should contain physical specimen/material values only.	GCA_000185965.1	SAMN00713577	Pseudoxanthomonas suwonensis 11-1	Isolation Source	compost-feedstock enrichment culture	absent							compost-feedstock enrichment culture	clinical/host-associated material	clinical/host-associated material		enrichment culture	culture		compost				absent	United States
Sample_Type_SD	enrichment culture	sample_processing	Sample_Processing_SD	Processing/preparation terms should move to Sample_Processing_SD.	GCA_000185965.1	SAMN00713577	Pseudoxanthomonas suwonensis 11-1	Isolation Source	compost-feedstock enrichment culture	absent							compost-feedstock enrichment culture	clinical/host-associated material	clinical/host-associated material		enrichment culture	culture		compost				absent	United States
Sample_Type_SD	respiratory sample	metadata_descriptor	suppress/provenance only	Sample_Type fields should contain physical specimen/material values only.	GCA_000186005.1	SAMN02604339	Mycoplasmopsis fermentans M64	Host	absent	absent	Homo sapiens			diseased			a non-AIDS patient with acute respiratory disease	clinical/host-associated material	clinical/host-associated material		respiratory sample	clinical/host-associated material	respiratory tract					absent	absent
Sample_Type_SD	oral swab	collection_device	Sample_Collection_Device_SD	Sample_Type fields should contain physical specimen/material values only.	GCA_000186125.1	SAMN02463786	Bacillus sp. BT1B_CT2	Isolation Source	oral swab from a patient with Crohn's disease	Homo sapiens	Homo sapiens		inflammatory bowel disease	diseased		oral cavity	oral swab from a patient with Crohn's disease	clinical/host-associated material	clinical/host-associated material		oral swab	swab	oral cavity	biological product	biological/clinical product	terrestrial environment	gut/fecal local context	absent	absent
Sample_Type_SD	oral swab	collection_device	Sample_Collection_Device_SD	Sample_Type fields should contain physical specimen/material values only.	GCA_000186145.1	SAMN02463787	Bacillus sp. 2_A_57_CT2	Isolation Source	oral swab from a patient with Crohn's disease	Homo sapiens	Homo sapiens		inflammatory bowel disease	diseased		oral cavity	oral swab from a patient with Crohn's disease	clinical/host-associated material	clinical/host-associated material		oral swab	swab	oral cavity	biological product	biological/clinical product	terrestrial environment	gut/fecal local context	absent	absent
Isolation_Source_SD_Broad	environmental/geologic material	unresolved	admin_review	Broad source category mixes non-source semantic classes; document or migrate.	GCA_000186245.1	SAMN00713578	Nitratifractor salsuginis DSM 16511	Host	absent	absent							deep-sea hydrothermal vent chimney from the Iheya North hydrothermal field in the Mid-Okinawa Trough	deep-sea hydrothermal vent chimney from the Iheya North hydrothermal field in the Mid-Okinawa Trough	environmental/geologic material							geologic/extreme environment		absent	Japan
Sample_Type_SD	environmental swab	collection_device	Sample_Collection_Device_SD	Sample_Type fields should contain physical specimen/material values only.	GCA_000188955.5	SAMN00710608	Salmonella enterica subsp. enterica serovar Montevideo str. 507440-20	Isolation Source	environmental swab	absent							environmental swab	environmental material	environmental material		environmental swab	swab		air	environmental material	environmental sample		2010	United States
Isolation_Source_SD_Broad	plant-associated material	host_context	Host_Context_SD	Broad source category mixes non-source semantic classes; document or migrate.	GCA_000190375.2	SAMN02471805	Rubrivivax benzoatilyticus JA2 = ATCC BAA-35	Host	absent	absent							benzoate enrichments of flooded paddy field rhizosphere	plant-associated material	plant-associated material				plant root/rhizosphere	soil	soil	plant-associated environment		1997	absent
Sample_Type_SD_Broad	host-associated context	source_context	Isolation_Source_SD	Sample_Type fields should contain physical specimen/material values only.	GCA_000191665.1	SAMN02470542	Escherichia fergusonii ECD227	Host	Gallus gallus domesticus	Gallus gallus domesticus	Gallus gallus		healthy/no disease reported	healthy			a healthy broiler chicken at farm	clinical/host-associated material	clinical/host-associated material		broiler	host-associated context					farm	2004	Canada
Sample_Type_SD	broiler	unresolved	admin_review	Sample_Type fields should contain physical specimen/material values only.	GCA_000191665.1	SAMN02470542	Escherichia fergusonii ECD227	Isolation Source	a healthy broiler chicken at farm	Gallus gallus domesticus	Gallus gallus		healthy/no disease reported	healthy			a healthy broiler chicken at farm	clinical/host-associated material	clinical/host-associated material		broiler	host-associated context					farm	2004	Canada
Isolation_Source_SD_Broad	clinical fluid/material	sample_material	Sample_Type_SD	Broad source category mixes non-source semantic classes; document or migrate.	GCA_000193475.1	SAMN02435836	Burkholderia pseudomallei 1106b	Host	Homo sapiens	Homo sapiens	Homo sapiens						pus aspirated from liver abscess	clinical fluid/material	clinical fluid/material				organ/tissue site					1996	Thailand
Isolation_Source_SD	clinical fluid/material	sample_material	Sample_Type_SD	Physical specimen/material values should not be represented as strict source context.	GCA_000193475.1	SAMN02435836	Burkholderia pseudomallei 1106b	Host	Homo sapiens	Homo sapiens	Homo sapiens						pus aspirated from liver abscess	clinical fluid/material	clinical fluid/material				organ/tissue site					1996	Thailand
Sample_Type_SD	DNA extract	sample_processing	Sample_Processing_SD	Processing/preparation terms should move to Sample_Processing_SD.	GCA_000193495.2	SAMD00036545	Acetobacter aceti NBRC 14818	Host	absent	absent							G_DNA_Palatine Tonsils	clinical/host-associated material	clinical/host-associated material		DNA extract	molecular extract						absent	absent
Sample_Type_SD_Broad	molecular extract	sample_processing	Sample_Processing_SD	Sample_Type fields should contain physical specimen/material values only.	GCA_000193495.2	SAMD00036545	Acetobacter aceti NBRC 14818	Host	absent	absent							G_DNA_Palatine Tonsils	clinical/host-associated material	clinical/host-associated material		DNA extract	molecular extract						absent	absent
Isolation_Source_SD	fermented milk/dairy product	sample_material	Sample_Type_SD	Physical specimen/material values should not be represented as strict source context.	GCA_000194765.1	SAMN02603876	Lacticaseibacillus paracasei	Host	absent	absent							homemade koumiss	fermented milk/dairy product	food/dairy		fermented milk/dairy product	food/dairy						absent	China
Host_Disease_SD	diseased	health_state	Host_Health_State_SD	Host_Disease_SD should contain named diseases or defensible disease classes only.	GCA_000195475.2	SAMN02469785	Vibrio coralliilyticus P1	Isolation Source	diseased coral	absent	Anthozoa		diseased	diseased			diseased coral	clinical/host-associated material	clinical/host-associated material									absent	absent
Sample_Type_SD_Broad	culture	sample_processing	Sample_Processing_SD	Sample_Type fields should contain physical specimen/material values only.	GCA_000211295.1	SAMN02603925	Mesomycoplasma hyorhinis MCLD	Isolation Source	melanoma cell line LB33 mel A1 culture	absent							melanoma cell line LB33 mel A1 culture	clinical/host-associated material	clinical/host-associated material		culture	culture						absent	absent
Sample_Type_SD	culture	sample_processing	Sample_Processing_SD	Processing/preparation terms should move to Sample_Processing_SD.	GCA_000211295.1	SAMN02603925	Mesomycoplasma hyorhinis MCLD	Isolation Source	melanoma cell line LB33 mel A1 culture	absent							melanoma cell line LB33 mel A1 culture	clinical/host-associated material	clinical/host-associated material		culture	culture						absent	absent
Sample_Type_SD	DNA extract	sample_processing	Sample_Processing_SD	Processing/preparation terms should move to Sample_Processing_SD.	GCA_000211495.1	SAMD00036551	Photobacterium leiognathi subsp. mandapamensis svers.1.1.	Host	absent	absent							G_DNA_L_Retroauricular crease	clinical/host-associated material	clinical/host-associated material		DNA extract	molecular extract						absent	absent
Sample_Type_SD_Broad	molecular extract	sample_processing	Sample_Processing_SD	Sample_Type fields should contain physical specimen/material values only.	GCA_000211495.1	SAMD00036551	Photobacterium leiognathi subsp. mandapamensis svers.1.1.	Host	absent	absent							G_DNA_L_Retroauricular crease	clinical/host-associated material	clinical/host-associated material		DNA extract	molecular extract						absent	absent
Isolation_Site_SD	manure	sample_material	Sample_Type_SD	Site field contains non-anatomical context/material.	GCA_000212915.1	SAMN02256469	Bacteroides coprosuis DSM 18011	Isolation Source	Pig faeces, swine manure; USA	Sus scrofa	Sus scrofa						Pig faeces, swine manure; USA				feces/stool	feces/stool	manure	manure	agricultural fecal material			absent	United States
Sample_Type_SD	laboratory	environment_local_scale	Environment_Local_Scale_SD	Environmental terms should not be physical sample type values.	GCA_000213235.1	SAMN00713617	Tepidanaerobacter acetatoxydans Re1	Isolation Source	ammonium-rich, mesophilic methanogenic a continuously stirred laboratory-scale reactor	absent							ammonium-rich, mesophilic methanogenic a continuously stirred laboratory-scale reactor	environmental material	environmental material		laboratory	laboratory environment		sludge	wastewater/sewage	wastewater/sewage	laboratory	1900	Sweden
Sample_Type_SD_Broad	laboratory environment	environment_local_scale	Environment_Local_Scale_SD	Sample_Type fields should contain physical specimen/material values only.	GCA_000213235.1	SAMN00713617	Tepidanaerobacter acetatoxydans Re1	Host	absent	absent							ammonium-rich, mesophilic methanogenic a continuously stirred laboratory-scale reactor	environmental material	environmental material		laboratory	laboratory environment		sludge	wastewater/sewage	wastewater/sewage	laboratory	1900	Sweden
Isolation_Site_SD	plant-associated material	host_context	Host_Context_SD	Isolation_Site_SD should contain anatomical sites or plant parts only.	GCA_000214805.1	SAMN00713631	Serratia sp. AS13	Host	absent	absent	Viridiplantae						Rapeseed plant	plant-associated material	plant-associated material				plant-associated material			plant-associated environment		absent	absent
Sample_Type_SD	wound/lesion/abscess swab	collection_device	Sample_Collection_Device_SD	Sample_Type fields should contain physical specimen/material values only.	GCA_000220005.2	SAMN02471895	Escherichia coli UMNF18	Host	porcine	porcine	Sus scrofa		diarrheal disease	diseased			lesion swab of diarrheal isolate	clinical fluid/material	clinical fluid/material		wound/lesion/abscess swab	clinical fluid/material						2007	United States
Isolation_Source_SD_Broad	clinical fluid/material	sample_material	Sample_Type_SD	Broad source category mixes non-source semantic classes; document or migrate.	GCA_000220005.2	SAMN02471895	Escherichia coli UMNF18	Host	porcine	porcine	Sus scrofa		diarrheal disease	diseased			lesion swab of diarrheal isolate	clinical fluid/material	clinical fluid/material		wound/lesion/abscess swab	clinical fluid/material						2007	United States
Isolation_Source_SD	clinical fluid/material	sample_material	Sample_Type_SD	Physical specimen/material values should not be represented as strict source context.	GCA_000220005.2	SAMN02471895	Escherichia coli UMNF18	Host	porcine	porcine	Sus scrofa		diarrheal disease	diseased			lesion swab of diarrheal isolate	clinical fluid/material	clinical fluid/material		wound/lesion/abscess swab	clinical fluid/material						2007	United States
Sample_Type_SD_Broad	host-associated context	source_context	Isolation_Source_SD	Sample_Type fields should contain physical specimen/material values only.	GCA_000221945.4	SAMN02470228	Avibacterium paragallinarum 72	Host	Gallus gallus	Gallus gallus	Gallus gallus						infraorbital sinuses of a broiler from an infectious coryza outbreak	clinical/host-associated material	clinical/host-associated material		broiler	host-associated context						2010	Peru
Sample_Type_SD	broiler	unresolved	admin_review	Sample_Type fields should contain physical specimen/material values only.	GCA_000221945.4	SAMN02470228	Avibacterium paragallinarum 72	Isolation Source	infraorbital sinuses of a broiler from an infectious coryza outbreak	Gallus gallus	Gallus gallus						infraorbital sinuses of a broiler from an infectious coryza outbreak	clinical/host-associated material	clinical/host-associated material		broiler	host-associated context						2010	Peru
Sample_Type_SD	oral/oropharyngeal swab	collection_device	Sample_Collection_Device_SD	Sample_Type fields should contain physical specimen/material values only.	GCA_000222005.2	SAMN02952883	Haemophilus haemolyticus M19107	Host	Homo sapiens	Homo sapiens	Homo sapiens						OP swab	clinical/host-associated material	clinical/host-associated material		oral/oropharyngeal swab	swab						absent	United States
Sample_Type_SD	oral/oropharyngeal swab	collection_device	Sample_Collection_Device_SD	Sample_Type fields should contain physical specimen/material values only.	GCA_000222025.2	SAMN02952884	Haemophilus haemolyticus M19501	Host	Homo sapiens	Homo sapiens	Homo sapiens						OP swab	clinical/host-associated material	clinical/host-associated material		oral/oropharyngeal swab	swab						absent	United States
Sample_Type_SD	sponge	collection_device	Sample_Collection_Device_SD	Sample_Type fields should contain physical specimen/material values only.	GCA_000224005.3	SAMN02256540	Marichromatium purpuratum 984	Isolation Source	marine sponge	absent	Porifera						marine sponge	environmental material	environmental material		sponge	surface/sample collection material		agricultural/food-production water	water	freshwater environment		1980	absent
Sample_Type_SD_Broad	surface/sample collection material	metadata_descriptor	suppress/provenance only	Sample_Type fields should contain physical specimen/material values only.	GCA_000224005.3	SAMN02256540	Marichromatium purpuratum 984	Host	absent	absent	Porifera						marine sponge	environmental material	environmental material		sponge	surface/sample collection material		agricultural/food-production water	water	freshwater environment		1980	absent
Sample_Type_SD	enrichment culture	sample_processing	Sample_Processing_SD	Processing/preparation terms should move to Sample_Processing_SD.	GCA_000224695.2	SAMN02470954	Sphingobium yanoikuyae XLDN2-5	Isolation Source	enrichment culture from petroleum-contaminated soil	absent							enrichment culture from petroleum-contaminated soil	environmental material	environmental material		enrichment culture	culture		soil	soil	terrestrial environment		absent	absent
Sample_Type_SD	oral swab	collection_device	Sample_Collection_Device_SD	Sample_Type fields should contain physical specimen/material values only.	GCA_000225385.2	SAMN02471912	Streptococcus salivarius M18	Isolation Source	oral swab from healthy volunteer	Homo sapiens	Homo sapiens		healthy/no disease reported	healthy		oral cavity	oral swab from healthy volunteer	clinical/host-associated material	clinical/host-associated material		oral swab	swab	oral cavity					absent	New Zealand
Host_Disease_SD	diseased	health_state	Host_Health_State_SD	Host_Disease_SD should contain named diseases or defensible disease classes only.	GCA_000225805.1	SAMN02471563	Pseudomonas savastanoi pv. phaseolicola 1644R	Isolation Source	diseased mung beans	Vigna radiata	Vigna radiata		diseased	diseased			diseased mung beans	clinical/host-associated material	clinical/host-associated material									absent	absent
Isolation_Site_SD	plant-associated material	host_context	Host_Context_SD	Isolation_Site_SD should contain anatomical sites or plant parts only.	GCA_000225975.2	SAMN02471171	Xanthomonas sacchari NCPPB 4393	Host	insect	insect	Insecta						insect associated with banana plant	plant-associated material	plant-associated material				plant-associated material			plant-associated environment		absent	Tanzania
Sample_Type_SD_Broad	agricultural environment	environment_broad_scale	Environment_Broad_Scale_SD	Sample_Type fields should contain physical specimen/material values only.	GCA_000226625.1	SAMN02602982	Taylorella asinigenitalis MCE3	Host	donkey	donkey	Equus asinus						genital tract of 6 year-old jack from a stud farm	clinical/host-associated material	clinical/host-associated material		farm	agricultural environment					farm	2004	France
Sample_Type_SD	farm	environment_local_scale	Environment_Local_Scale_SD	Environmental terms should not be physical sample type values.	GCA_000226625.1	SAMN02602982	Taylorella asinigenitalis MCE3	Isolation Source	genital tract of 6 year-old jack from a stud farm	donkey	Equus asinus						genital tract of 6 year-old jack from a stud farm	clinical/host-associated material	clinical/host-associated material		farm	agricultural environment					farm	2004	France
Sample_Type_SD	dental plaque	unresolved	admin_review	Sample_Type fields should contain physical specimen/material values only.	GCA_000226755.2	SAMN02471943	Aggregatibacter actinomycetemcomitans serotype e str. SC1083	Isolation Source	Culture from dental plaque samples submitted by extramural dentists to the Oral Microbiology Testing Laboratory at the Hermans Ostrow School of Dentistry of USC. It is presumably from a periodontally diseased subjects but the periodontal diagnosis is unknown.	Homo sapiens	Homo sapiens		diseased	diseased		oral cavity	Culture from dental plaque samples submitted by extramural dentists to the Oral Microbiology Testing Laboratory at the Hermans Ostrow School of Dentistry of USC. It is presumably from a periodontally diseased subjects but the periodontal diagnosis is unknown.	clinical/host-associated material	clinical/host-associated material		dental plaque	clinical/host-associated material	oral cavity	laboratory	laboratory environment	laboratory environment	laboratory	absent	absent
Sample_Type_SD	dental plaque	unresolved	admin_review	Sample_Type fields should contain physical specimen/material values only.	GCA_000227785.2	SAMN02436626	Streptococcus sobrinus TCI-9	Isolation Source	dental plaque	Homo sapiens	Homo sapiens					oral cavity	dental plaque	clinical/host-associated material	clinical/host-associated material		dental plaque	clinical/host-associated material	oral cavity					2009	Brazil
Sample_Type_SD	dental plaque	unresolved	admin_review	Sample_Type fields should contain physical specimen/material values only.	GCA_000227805.2	SAMN02436627	Streptococcus sobrinus TCI-13	Isolation Source	dental plaque	Homo sapiens	Homo sapiens					oral cavity	dental plaque	clinical/host-associated material	clinical/host-associated material		dental plaque	clinical/host-associated material	oral cavity					2009	Brazil
Sample_Type_SD	culture	sample_processing	Sample_Processing_SD	Processing/preparation terms should move to Sample_Processing_SD.	GCA_000235785.2	SAMN02469944	Lacticaseibacillus rhamnosus R0011	Isolation Source	dairy starter culture	absent							dairy starter culture	dairy food	food/dairy		culture	culture				food-associated environment		1976	Canada
Sample_Type_SD	dairy farm	environment_local_scale	Environment_Local_Scale_SD	Environmental terms should not be physical sample type values.	GCA_000240465.2	SAMN02472020	Mycobacterium avium subsp. paratuberculosis Env 210	Isolation Source	soil and untensils from dairy farm	absent							soil and untensils from dairy farm	dairy food	food/dairy		dairy farm	agricultural environment		soil	soil	food-associated environment	dairy farm	absent	absent
Sample_Type_SD	dairy farm	environment_local_scale	Environment_Local_Scale_SD	Environmental terms should not be physical sample type values.	GCA_000240505.2	SAMN02472016	Mycobacterium avium subsp. avium Env 77	Isolation Source	soil and untensils from a dairy farm	absent							soil and untensils from a dairy farm	dairy food	food/dairy		dairy farm	agricultural environment		soil	soil	food-associated environment	dairy farm	absent	absent
Sample_Type_SD	lettuce	unresolved	admin_review	Sample_Type fields should contain physical specimen/material values only.	GCA_000240785.2	SAMN00754301	Salmonella enterica subsp. enterica serovar Montevideo str. 80959-06	Isolation Source	iceberg head of lettuce	unknown	Lactuca sativa						iceberg head of lettuce	plant/produce food product	food		lettuce	food/produce						absent	absent
Isolation_Source_SD_Broad	water	environment_medium	Environment_Medium_SD	Broad source category mixes non-source semantic classes; document or migrate.	GCA_000241785.1	SAMN02470712	Aliivibrio fischeri SR5	Host	Sepiola robusta (bobtail squid)	Sepiola robusta (bobtail squid)	sepiola robusta						Mediterranean Sea	Mediterranean Sea	water							marine environment		absent	Mediterranean Sea
Sample_Type_SD_Broad	environmental/geologic material	unresolved	admin_review	Sample_Type fields should contain physical specimen/material values only.	GCA_000242655.2	SAMN02470163	Pseudomonas sp. PAMC 25886	Host	absent	absent							glacier's cryoconite	clinical/host-associated material	clinical/host-associated material		glacier	environmental/geologic material		cryoconite			glacier	absent	Austria
Sample_Type_SD	glacier	unresolved	admin_review	Sample_Type fields should contain physical specimen/material values only.	GCA_000242655.2	SAMN02470163	Pseudomonas sp. PAMC 25886	Isolation Source	glacier's cryoconite	absent							glacier's cryoconite	clinical/host-associated material	clinical/host-associated material		glacier	environmental/geologic material		cryoconite			glacier	absent	Austria
Sample_Type_SD	glacier	unresolved	admin_review	Sample_Type fields should contain physical specimen/material values only.	GCA_000242815.2	SAMN02470164	Janthinobacterium lividum PAMC 25724	Isolation Source	glacier's cryoconite from Alps mountain	absent							glacier's cryoconite from Alps mountain	clinical/host-associated material	clinical/host-associated material		glacier	environmental/geologic material		cryoconite			glacier	absent	Austria
Host_Health_State_SD	carrier	colonization_status	Host_Colonization_Status_SD	Colonization/carrier status should move to Host_Colonization_Status_SD.	GCA_000245535.1	SAMN02603101	Salmonella enterica subsp. enterica serovar Typhi str. P-stx-12	Isolation Source	typhoid carrier	Homo sapiens	Homo sapiens			carrier			typhoid carrier	clinical/host-associated material	clinical/host-associated material									absent	India
Sample_Type_SD	single cell	sample_processing	Sample_Processing_SD	Processing/preparation terms should move to Sample_Processing_SD.	GCA_000252565.1	SAMN02436185	SAR86 cluster bacterium SAR86C	Isolation Source	single cell isolated from 0.8 micron filter from seawater collected from 1m depth in the Scripps Institution of Oceanography Pier								single cell isolated from 0.8 micron filter from seawater collected from 1m depth in the Scripps Institution of Oceanography Pier	environmental material	environmental material	single cell	single cell	single cell		seawater	water	marine environment		2009	absent
Sample_Type_SD_Broad	single cell	sample_processing	Sample_Processing_SD	Sample_Type fields should contain physical specimen/material values only.	GCA_000252565.1	SAMN02436185	SAR86 cluster bacterium SAR86C	Isolation Source	single cell isolated from 0.8 micron filter from seawater collected from 1m depth in the Scripps Institution of Oceanography Pier								single cell isolated from 0.8 micron filter from seawater collected from 1m depth in the Scripps Institution of Oceanography Pier	environmental material	environmental material	single cell	single cell	single cell		seawater	water	marine environment		2009	absent
Sample_Type_SD	single cell	sample_processing	Sample_Processing_SD	Processing/preparation terms should move to Sample_Processing_SD.	GCA_000252585.1	SAMN02436216	SAR86 cluster bacterium SAR86D	Isolation Source	single cell isolated from 0.8 micron filter from seawater collected from 1m depth in the Scripps Institution of Oceanography Pier								single cell isolated from 0.8 micron filter from seawater collected from 1m depth in the Scripps Institution of Oceanography Pier	environmental material	environmental material	single cell	single cell	single cell		seawater	water	marine environment		2009	absent
Sample_Type_SD_Broad	single cell	sample_processing	Sample_Processing_SD	Sample_Type fields should contain physical specimen/material values only.	GCA_000252585.1	SAMN02436216	SAR86 cluster bacterium SAR86D	Isolation Source	single cell isolated from 0.8 micron filter from seawater collected from 1m depth in the Scripps Institution of Oceanography Pier								single cell isolated from 0.8 micron filter from seawater collected from 1m depth in the Scripps Institution of Oceanography Pier	environmental material	environmental material	single cell	single cell	single cell		seawater	water	marine environment		2009	absent
Sample_Type_SD	swab	collection_device	Sample_Collection_Device_SD	Sample_Type fields should contain physical specimen/material values only.	GCA_000252915.3	SAMN02471877	Klebsiella oxytoca 11492-1	Isolation Source	peri-anal swab culture	Homo sapiens	Homo sapiens						peri-anal swab culture	clinical/host-associated material	clinical/host-associated material		swab	swab						2005	United States
Sample_Type_SD	secretion	unresolved	admin_review	Sample_Type fields should contain physical specimen/material values only.	GCA_000253135.1	SAMEA2271964	Staphylococcus aureus subsp. aureus ECT-R 2	Isolation Source	human wound secretion	Homo sapiens	Homo sapiens						human wound secretion	clinical/host-associated material	clinical/host-associated material		secretion	clinical fluid/material	wound					2005	Sweden
Sample_Type_SD_Broad	host-associated context	source_context	Isolation_Source_SD	Sample_Type fields should contain physical specimen/material values only.	GCA_000254295.2	SAMN02428944	Campylobacter jejuni subsp. jejuni LMG 23216	Host	chicken	chicken	Gallus gallus						broiler feces from chicken farm collected between 1998-2001	clinical/host-associated material	clinical/host-associated material		broiler	host-associated context				host-associated gut/oral/fecal environment	gut/fecal local context	1998	Belgium
Sample_Type_SD	broiler	unresolved	admin_review	Sample_Type fields should contain physical specimen/material values only.	GCA_000254295.2	SAMN02428944	Campylobacter jejuni subsp. jejuni LMG 23216	Isolation Source	broiler feces from chicken farm collected between 1998-2001	chicken	Gallus gallus						broiler feces from chicken farm collected between 1998-2001	clinical/host-associated material	clinical/host-associated material		broiler	host-associated context				host-associated gut/oral/fecal environment	gut/fecal local context	1998	Belgium
Sample_Type_SD	nodule	unresolved	admin_review	Sample_Type fields should contain physical specimen/material values only.	GCA_000256565.1	SAMN02469784	Herbaspirillum lusitanum P6-12	Isolation Source	root nodule	Phaseolus vulgaris	Phaseolus vulgaris						root nodule	plant-associated material	plant-associated material		nodule	plant-associated material	plant root/rhizosphere			plant-associated environment		absent	Brazil
Sample_Type_SD	nasopharynx/oropharynx	anatomical_site	Host_Anatomical_Site_SD	Sample_Type fields should contain physical specimen/material values only.	GCA_000256645.1	SAMN02393735	Streptococcus pneumoniae SV36	Isolation Source	nasopharynx	Homo sapiens	Homo sapiens						nasopharynx	clinical/host-associated material	clinical/host-associated material		nasopharynx/oropharynx	upper respiratory tract	nasopharynx/oropharynx					1996	United States
Sample_Type_SD_Broad	upper respiratory tract	anatomical_site	Host_Anatomical_Site_SD	Sample_Type fields should contain physical specimen/material values only.	GCA_000256645.1	SAMN02393735	Streptococcus pneumoniae SV36	Host	Homo sapiens	Homo sapiens	Homo sapiens						nasopharynx	clinical/host-associated material	clinical/host-associated material		nasopharynx/oropharynx	upper respiratory tract	nasopharynx/oropharynx					1996	United States
Sample_Type_SD	nasopharynx/oropharynx	anatomical_site	Host_Anatomical_Site_SD	Sample_Type fields should contain physical specimen/material values only.	GCA_000256665.1	SAMN02393736	Streptococcus pneumoniae 459-5	Host	Homo sapiens	Homo sapiens	Homo sapiens		healthy/no disease reported	healthy			nasopharynx sample from healthy child at a day care	clinical/host-associated material	clinical/host-associated material		nasopharynx/oropharynx	upper respiratory tract	nasopharynx/oropharynx					1996	Portugal
Sample_Type_SD_Broad	upper respiratory tract	anatomical_site	Host_Anatomical_Site_SD	Sample_Type fields should contain physical specimen/material values only.	GCA_000256665.1	SAMN02393736	Streptococcus pneumoniae 459-5	Host	Homo sapiens	Homo sapiens	Homo sapiens		healthy/no disease reported	healthy			nasopharynx sample from healthy child at a day care	clinical/host-associated material	clinical/host-associated material		nasopharynx/oropharynx	upper respiratory tract	nasopharynx/oropharynx					1996	Portugal
Isolation_Site_SD	pus	sample_material	Sample_Type_SD	Site field contains non-anatomical context/material.	GCA_000259735.1	SAMN02471975	Burkholderia pseudomallei 1026a	Isolation Source	pus from a primary melioidosis infection	Homo sapiens	Homo sapiens		melioidosis	diseased			pus from a primary melioidosis infection	clinical/host-associated material	clinical/host-associated material		pus	clinical fluid/material	pus					1993	Thailand
Sample_Type_SD	swab	collection_device	Sample_Collection_Device_SD	Sample_Type fields should contain physical specimen/material values only.	GCA_000259915.1	SAMN02471881	Aggregatibacter actinomycetemcomitans RhAA1	Isolation Source	buccal swab	rhesus macaque	Macaca mulatta						buccal swab	clinical/host-associated material	clinical/host-associated material		swab	swab						absent	absent
Sample_Type_SD_Broad	respiratory sample	metadata_descriptor	suppress/provenance only	Sample_Type fields should contain physical specimen/material values only.	GCA_000260615.2	SAMN02471408	Mycobacteroides abscessus M24	Host	Homo sapiens	Homo sapiens	Homo sapiens		infectious disease	diseased		lower respiratory tract/bronch/pleural cavity	bronchoalveolar lavage sample from patient with lung infection	clinical fluid/material	clinical fluid/material		bronchoalveolar lavage fluid	respiratory sample	lower respiratory tract/bronch/pleural cavity					2010	Malaysia
Sample_Type_SD	enrichment culture	sample_processing	Sample_Processing_SD	Processing/preparation terms should move to Sample_Processing_SD.	GCA_000262065.3	SAMN02471394	Metapseudomonas furukawaii	Isolation Source	soil near a biphenyl manufacturing plant, then grown by enrichment culture with biphenyl as sole carbon source	absent							soil near a biphenyl manufacturing plant, then grown by enrichment culture with biphenyl as sole carbon source	environmental material	environmental material		enrichment culture	culture		soil	soil	plant-associated environment		absent	Japan
Sample_Type_SD_Broad	respiratory sample	metadata_descriptor	suppress/provenance only	Sample_Type fields should contain physical specimen/material values only.	GCA_000262105.1	SAMN02469370	Enterococcus faecium LCT-EF128	Host	Homo sapiens	Homo sapiens	Homo sapiens					lower respiratory tract/bronch/pleural cavity	bronchoalveolar lavage	clinical fluid/material	clinical fluid/material		bronchoalveolar lavage fluid	respiratory sample	lower respiratory tract/bronch/pleural cavity					2011	China
Isolation_Site_SD	plant-associated material	host_context	Host_Context_SD	Isolation_Site_SD should contain anatomical sites or plant parts only.	GCA_000264075.1	SAMN02472172	Dickeya zeae ZJU1202	Host	absent	absent	Oryza sativa						rice plant stem and root	plant-associated material	plant-associated material				plant-associated material			plant-associated environment		2012	China
Host_Health_State_SD	dead	vital_status	Host_Vital_Status_SD	Vital status should move to Host_Vital_Status_SD.	GCA_000266865.1	SAMN02471344	Mycoplasmopsis agalactiae 14628	Isolation Source	lung lesions of a dead ibex	ibex	Capra ibex			dead		lower respiratory tract/bronch/pleural cavity	lung lesions of a dead ibex	clinical/host-associated material	clinical/host-associated material				lower respiratory tract/bronch/pleural cavity					2006	France
Sample_Type_SD	skin swab	collection_device	Sample_Collection_Device_SD	Sample_Type fields should contain physical specimen/material values only.	GCA_000269685.1	SAMN02471141	Staphylococcus hominis subsp. hominis ZBW5	Isolation Source	skin swab sample	Homo sapiens	Homo sapiens					skin/body surface	skin swab sample	clinical/host-associated material	clinical/host-associated material		skin swab	swab	skin/body surface					2011	China
Sample_Type_SD	fish product	host_context	Host_Context_SD	Sample_Type fields should contain physical specimen/material values only.	GCA_000272695.1	SAMN01813413	Salmonella enterica subsp. enterica serovar Newport str. CVM 19449	Host	absent	absent							fish food	seafood/aquatic food product	aquatic food product		fish product	aquatic food product				food-associated environment		absent	Hong Kong
Sample_Type_SD	environmental swab	collection_device	Sample_Collection_Device_SD	Sample_Type fields should contain physical specimen/material values only.	GCA_000280075.1	SAMN01041114	Salmonella enterica subsp. enterica serovar Enteritidis str. 622731-39	Isolation Source	environmental swab	absent							environmental swab	environmental material	environmental material		environmental swab	swab		air	environmental material	environmental sample		2010	United States
Sample_Type_SD	environmental swab	collection_device	Sample_Collection_Device_SD	Sample_Type fields should contain physical specimen/material values only.	GCA_000280155.1	SAMN01041109	Salmonella enterica subsp. enterica serovar Enteritidis str. 607307-6	Isolation Source	environmental swab	absent							environmental swab	environmental material	environmental material		environmental swab	swab		air	environmental material	environmental sample		2010	United States
Sample_Type_SD	glacier	unresolved	admin_review	Sample_Type fields should contain physical specimen/material values only.	GCA_000286315.1	SAMN02470170	Paenisporosarcina sp. TG20	Isolation Source	sediment-laden stratified basal ice from Taylor Glacier	absent							sediment-laden stratified basal ice from Taylor Glacier	environmental material	environmental material		glacier	environmental/geologic material		sediment	sediment	aquatic sediment environment	glacier	2007	Antarctica
Sample_Type_SD	leaves	unresolved	admin_review	Sample_Type fields should contain physical specimen/material values only.	GCA_000287475.1	SAMN02471761	Sinorhizobium meliloti H1	Isolation Source	leaves	Medicago sativa	Medicago sativa						leaves	clinical/host-associated material	clinical/host-associated material		leaves	plant-associated material	leaf tissue					2009	Italy
Sample_Type_SD	nodule	unresolved	admin_review	Sample_Type fields should contain physical specimen/material values only.	GCA_000292525.1	SAMN02469421	Rhizobium sp. CCGE 510	Isolation Source	nodules	Phaseolus albescens	Phaseolus albescens						nodules	clinical/host-associated material	clinical/host-associated material		nodule	plant-associated material	plant root/rhizosphere					2010	Mexico
Sample_Type_SD	sponge	collection_device	Sample_Collection_Device_SD	Sample_Type fields should contain physical specimen/material values only.	GCA_000294595.1	SAMN02471747	Arthrobacter sp. TB 23	Isolation Source	marine sponge from Terra Nova Bay	Lissodendoryx nobilis	Porifera						marine sponge from Terra Nova Bay	clinical/host-associated material	clinical/host-associated material		sponge	surface/sample collection material		marine		marine environment		2005	Antarctica
Sample_Type_SD_Broad	surface/sample collection material	metadata_descriptor	suppress/provenance only	Sample_Type fields should contain physical specimen/material values only.	GCA_000294595.1	SAMN02471747	Arthrobacter sp. TB 23	Host	Lissodendoryx nobilis	Lissodendoryx nobilis	Porifera						marine sponge from Terra Nova Bay	clinical/host-associated material	clinical/host-associated material		sponge	surface/sample collection material		marine		marine environment		2005	Antarctica
Sample_Type_SD	nodule	unresolved	admin_review	Sample_Type fields should contain physical specimen/material values only.	GCA_000295895.1	SAMN02469420	Rhizobium sp. Pop5	Isolation Source	nitrogen fixing nodule recovered from rainforest acidic soil	Phaseolus vulgaris	Phaseolus vulgaris						nitrogen fixing nodule recovered from rainforest acidic soil	environmental material	environmental material		nodule	plant-associated material	plant root/rhizosphere	soil	soil	terrestrial environment		2010	Mexico
Sample_Type_SD	rectal swab	collection_device	Sample_Collection_Device_SD	Sample_Type fields should contain physical specimen/material values only.	GCA_000299515.2	SAMN02469952	Vibrio cholerae VC1761	Isolation Source	rectal swab	Homo sapiens	Homo sapiens					rectum/perianal region	rectal swab	clinical/host-associated material	clinical/host-associated material		rectal swab	swab	rectum/perianal region					2009	Malaysia
Sample_Type_SD	salmon	unresolved	admin_review	Sample_Type fields should contain physical specimen/material values only.	GCA_000300295.4	SAMN02469424	Piscirickettsia salmonis LF-89 = ATCC VR-1361	Isolation Source	Coho salmon	absent	Salmonidae						Coho salmon	clinical/host-associated material	clinical/host-associated material		salmon	host-associated context						absent	Chile
Isolation_Site_SD	gut content	sample_material	Sample_Type_SD	Site field contains non-anatomical context/material.	GCA_000300795.2	SAMN02470721	Lactococcus garvieae DCC43	Host	absent	absent	Anas platyrhynchos					gastrointestinal tract	Mallard duck intestines	clinical/host-associated material	clinical/host-associated material				gut content					absent	absent
Sample_Type_SD	potato	unresolved	admin_review	Sample_Type fields should contain physical specimen/material values only.	GCA_000300895.1	SAMN02470813	Serratia plymuthica A30	Host	potato	potato	Solanum tuberosum						potato tuber rotten tissue	plant/produce food product	food		potato	plant-associated material						2009	Netherlands
Sample_Type_SD	leaves	unresolved	admin_review	Sample_Type fields should contain physical specimen/material values only.	GCA_000304715.1	SAMN02471614	Fructilactobacillus florum 2F	Isolation Source	leaves of Valencia Orange Leaf	Citrus sinensis (Valencia Orange Leaf)	Citrus sinensis						leaves of Valencia Orange Leaf	clinical/host-associated material	clinical/host-associated material		leaves	plant-associated material	leaf tissue					2011	United States
Sample_Type_SD	drainage	unresolved	admin_review	Sample_Type fields should contain physical specimen/material values only.	GCA_000305855.1	SAMN02469755	Francisella tularensis subsp. tularensis 80700103	Isolation Source	hand drainage	Homo sapiens	Homo sapiens						hand drainage				drainage	clinical fluid/material						absent	United States
Sample_Type_SD	environmental sample	metadata_descriptor	suppress/provenance only	Sample_Type fields should contain physical specimen/material values only.	GCA_000307635.1	SAMN01816400	Clostridium botulinum CFSAN001627	Sample Type	environmental	absent							well water	environmental material	environmental material	environmental	environmental sample	environmental material		water	water	environmental sample		2008	United States
Sample_Type_SD	environmental sample	metadata_descriptor	suppress/provenance only	Sample_Type fields should contain physical specimen/material values only.	GCA_000307655.2	SAMN01816399	Clostridium botulinum CFSAN001628	Sample Type	environmental	absent							well water	environmental material	environmental material	environmental	environmental sample	environmental material		water	water	environmental sample		2008	United States
Sample_Type_SD	single cell	sample_processing	Sample_Processing_SD	Processing/preparation terms should move to Sample_Processing_SD.	GCA_000307935.1	SAMN02436393	SAR86 cluster bacterium SAR86E	Isolation Source	single cell isolated from 0.8 micron filter from seawater collected from 1m depth in the Scripps Institution of Oceanography Pier								single cell isolated from 0.8 micron filter from seawater collected from 1m depth in the Scripps Institution of Oceanography Pier	environmental material	environmental material	single cell	single cell	single cell		seawater	water	marine environment		2009	absent
Sample_Type_SD_Broad	single cell	sample_processing	Sample_Processing_SD	Sample_Type fields should contain physical specimen/material values only.	GCA_000307935.1	SAMN02436393	SAR86 cluster bacterium SAR86E	Isolation Source	single cell isolated from 0.8 micron filter from seawater collected from 1m depth in the Scripps Institution of Oceanography Pier								single cell isolated from 0.8 micron filter from seawater collected from 1m depth in the Scripps Institution of Oceanography Pier	environmental material	environmental material	single cell	single cell	single cell		seawater	water	marine environment		2009	absent
Sample_Type_SD	secretion	unresolved	admin_review	Sample_Type fields should contain physical specimen/material values only.	GCA_000307975.2	SAMN02471421	Acinetobacter baumannii AC30	Isolation Source	endotracheal secretion from a patient at Hospital Sultanah Nur Zahirah	Homo sapiens	Homo sapiens			patient			endotracheal secretion from a patient at Hospital Sultanah Nur Zahirah	clinical/host-associated material	clinical/host-associated material		secretion	clinical fluid/material				healthcare-associated environment	healthcare facility	2011	Malaysia
Isolation_Site_SD	pus	sample_material	Sample_Type_SD	Site field contains non-anatomical context/material.	GCA_000309035.1	SAMN02471288	Acinetobacter haemolyticus TG19602	Isolation Source	ocular pus	Homo sapiens	Homo sapiens						ocular pus	clinical/host-associated material	clinical/host-associated material		pus	clinical fluid/material	pus					absent	absent
Sample_Type_SD	environmental sample	metadata_descriptor	suppress/provenance only	Sample_Type fields should contain physical specimen/material values only.	GCA_000314025.1	SAMN01795759	Campylobacter coli BIGS0003	Isolation Source	environmental	absent							environmental	environmental material	environmental material		environmental sample	environmental material		air	environmental material	environmental sample		2005	United Kingdom
Sample_Type_SD	wildlife	unresolved	admin_review	Sample_Type fields should contain physical specimen/material values only.	GCA_000315775.1	SAMN02470984	Enterobacter hormaechei	Isolation Source	feces from giant panda at Shaanxi Rare Wildlife Rescuing and Breeding Center	Ailuropoda melanoleuca	Ailuropoda melanoleuca						feces from giant panda at Shaanxi Rare Wildlife Rescuing and Breeding Center	clinical/host-associated material	clinical/host-associated material		wildlife	host-associated context				host-associated gut/oral/fecal environment	gut/fecal local context	2008	China
Sample_Type_SD	nasal swab	collection_device	Sample_Collection_Device_SD	Sample_Type fields should contain physical specimen/material values only.	GCA_000320365.1	SAMN02472058	Moraxella macacae 0408225	Isolation Source	nasal swab	Macaca fascicularis	Macaca fascicularis					nasal cavity/sinus/upper respiratory tract	nasal swab	clinical/host-associated material	clinical/host-associated material		nasal swab	swab	nasal cavity/sinus/upper respiratory tract					absent	United States
Sample_Type_SD	ascites	unresolved	admin_review	Sample_Type fields should contain physical specimen/material values only.	GCA_000321485.1	SAMN00779811	Enterococcus faecium EnGen0012	Isolation Source	Ascites	Hospitalized patient	Homo sapiens						Ascites	clinical/host-associated material	clinical/host-associated material		ascites	clinical fluid/material						1995	Netherlands
Isolation_Site_SD	pus	sample_material	Sample_Type_SD	Site field contains non-anatomical context/material.	GCA_000321965.1	SAMN00779819	Enterococcus faecium EnGen0031	Isolation Source	Pus	Hospitalized patient	Homo sapiens						Pus	clinical/host-associated material	clinical/host-associated material		pus	clinical fluid/material	pus					1960	Netherlands
Sample_Type_SD	catheter	collection_device	Sample_Collection_Device_SD	Sample_Type fields should contain physical specimen/material values only.	GCA_000322345.1	SAMN00779846	Enterococcus faecium EnGen0054	Isolation Source	Draining catheter	Hospitalized patient	Homo sapiens						Draining catheter	clinical/host-associated material	clinical/host-associated material		catheter	medical device						1999	Italy
Sample_Type_SD_Broad	medical device	unresolved	admin_review	Sample_Type fields should contain physical specimen/material values only.	GCA_000322345.1	SAMN00779846	Enterococcus faecium EnGen0054	Host	Hospitalized patient	Hospitalized patient	Homo sapiens						Draining catheter	clinical/host-associated material	clinical/host-associated material		catheter	medical device						1999	Italy
Sample_Type_SD	drainage	unresolved	admin_review	Sample_Type fields should contain physical specimen/material values only.	GCA_000328425.1	SAMN02470931	Enterococcus faecium C309	Isolation Source	peritoneal drainage fluids	Homo sapiens	Homo sapiens						peritoneal drainage fluids				drainage	clinical fluid/material						2006	China
Host_Health_State_SD	dead	vital_status	Host_Vital_Status_SD	Vital status should move to Host_Vital_Status_SD.	GCA_000328625.1	SAMN02261360	Halobacteroides halobius DSM 5150	Isolation Source	Dead Sea sediment	absent				dead			Dead Sea sediment	environmental material	environmental material					marine sediment	sediment	aquatic sediment environment		absent	Israel
Sample_Type_SD	leaves	unresolved	admin_review	Sample_Type fields should contain physical specimen/material values only.	GCA_000330765.1	SAMN02471652	Pantoea agglomerans 299R	Isolation Source	healthy leaves from a flowering pear tree	pear tree	Pyrus communis		healthy/no disease reported	healthy			healthy leaves from a flowering pear tree	clinical/host-associated material	clinical/host-associated material		leaves	plant-associated material	leaf tissue					1996	United States
Sample_Type_SD	laboratory	environment_local_scale	Environment_Local_Scale_SD	Environmental terms should not be physical sample type values.	GCA_000332735.1	SAMN02604131	Staphylococcus warneri SG1	Isolation Source	laboratory contaminant	absent							laboratory contaminant	environmental material	environmental material		laboratory	laboratory environment		laboratory	laboratory environment	laboratory environment	laboratory	absent	absent
Sample_Type_SD_Broad	laboratory environment	environment_local_scale	Environment_Local_Scale_SD	Sample_Type fields should contain physical specimen/material values only.	GCA_000332735.1	SAMN02604131	Staphylococcus warneri SG1	Host	absent	absent							laboratory contaminant	environmental material	environmental material		laboratory	laboratory environment		laboratory	laboratory environment	laboratory environment	laboratory	absent	absent
Sample_Type_SD	peanut butter	unresolved	admin_review	Sample_Type fields should contain physical specimen/material values only.	GCA_000336175.1	SAMN02568553	Salmonella enterica subsp. enterica serovar Tennessee str. 4535	Isolation Source	peanut butter	absent							peanut butter	clinical/host-associated material	clinical/host-associated material		peanut butter	food/plant product						2007	United States
Sample_Type_SD	ascites	unresolved	admin_review	Sample_Type fields should contain physical specimen/material values only.	GCA_000341445.1	SAMN02469807	Vibrio diabolicus E0666	Isolation Source	ascites by plating	Epinephelus coioides	Epinephelus coioides						ascites by plating	clinical/host-associated material	clinical/host-associated material		ascites	clinical fluid/material						absent	China
Sample_Type_SD	mixed culture	sample_processing	Sample_Processing_SD	Processing/preparation terms should move to Sample_Processing_SD.	GCA_000341585.2	SAMN02470873	Prochlorothrix hollandica PCC 9006 = CALU 1027	Isolation Source	mixed culture	absent							mixed culture	clinical/host-associated material	clinical/host-associated material	metagenomic assembly	mixed culture	culture						absent	absent
Sample_Type_SD	catheter	collection_device	Sample_Collection_Device_SD	Sample_Type fields should contain physical specimen/material values only.	GCA_000346445.1	SAMN02469852	Stenotrophomonas maltophilia AU12-09	Isolation Source	catheter tip	Homo sapiens	Homo sapiens						catheter tip	clinical/host-associated material	clinical/host-associated material		catheter	medical device						2012	Australia
Sample_Type_SD_Broad	medical device	unresolved	admin_review	Sample_Type fields should contain physical specimen/material values only.	GCA_000346445.1	SAMN02469852	Stenotrophomonas maltophilia AU12-09	Host	Homo sapiens	Homo sapiens	Homo sapiens						catheter tip	clinical/host-associated material	clinical/host-associated material		catheter	medical device						2012	Australia
Sample_Type_SD	potato	unresolved	admin_review	Sample_Type fields should contain physical specimen/material values only.	GCA_000350425.2	SAMN02472075	Staphylococcus aureus KLT6	Isolation Source	potato salad	absent	Solanum tuberosum						potato salad	plant/produce food product	food		potato	plant-associated material						2009	Switzerland
Sample_Type_SD	fish product	host_context	Host_Context_SD	Sample_Type fields should contain physical specimen/material values only.	GCA_000353835.1	SAMN02471792	Clostridium botulinum CB11/1-1	Host	absent	absent							Finnish food, fish roe	seafood/aquatic food product	aquatic food product		fish product	aquatic food product				food-associated environment		absent	Finland
Sample_Type_SD	pure/single culture	sample_processing	Sample_Processing_SD	Processing/preparation terms should move to Sample_Processing_SD.	GCA_000366025.1	SAMN01047752	Brucella abortus RB51-AHVLA	Host	vaccine strain	vaccine strain		lab bacterial strain/culture					missing	clinical/host-associated material	clinical/host-associated material		pure/single culture	culture						absent	absent
Sample_Type_SD	ear swab	collection_device	Sample_Collection_Device_SD	Sample_Type fields should contain physical specimen/material values only.	GCA_000367765.1	SAMN02471342	Metamycoplasma auris 15026	Isolation Source	ear swab	ibex	Capra ibex						ear swab	clinical/host-associated material	clinical/host-associated material		ear swab	swab	organ/tissue site					2008	France
Sample_Type_SD	ear swab	collection_device	Sample_Collection_Device_SD	Sample_Type fields should contain physical specimen/material values only.	GCA_000368485.1	SAMN01087917	Acinetobacter guillouiae NIPH 991	Isolation Source	Ear swab (outpatient)	Homo sapiens	Homo sapiens						Ear swab (outpatient)	clinical/host-associated material	clinical/host-associated material		ear swab	swab	organ/tissue site					1998	Czech Republic
Sample_Type_SD	ear swab	collection_device	Sample_Collection_Device_SD	Sample_Type fields should contain physical specimen/material values only.	GCA_000369145.1	SAMN01087833	Acinetobacter lwoffii NIPH 478	Isolation Source	Ear swab	Homo sapiens	Homo sapiens						Ear swab	clinical/host-associated material	clinical/host-associated material		ear swab	swab	organ/tissue site					1997	Czech Republic
Sample_Type_SD	nasal swab	collection_device	Sample_Collection_Device_SD	Sample_Type fields should contain physical specimen/material values only.	GCA_000369165.1	SAMN01828151	Acinetobacter baumannii NIPH 201	Isolation Source	nasal swab	Homo sapiens	Homo sapiens					nasal cavity/sinus/upper respiratory tract	nasal swab	clinical/host-associated material	clinical/host-associated material		nasal swab	swab	nasal cavity/sinus/upper respiratory tract					1992	Czech Republic
Sample_Type_SD	vaginal swab	collection_device	Sample_Collection_Device_SD	Sample_Type fields should contain physical specimen/material values only.	GCA_000369445.1	SAMN01828137	Acinetobacter pseudolwoffii	Isolation Source	Vaginal swab	Homo sapiens	Homo sapiens					urogenital tract	Vaginal swab	clinical/host-associated material	clinical/host-associated material		vaginal swab	swab	urogenital tract					1997	Czech Republic
Isolation_Site_SD	cerebrospinal fluid	sample_material	Sample_Type_SD	Site field contains non-anatomical context/material.	GCA_000371145.1	SAMN01047734	Brucella suis CNGB 247	Host	Homo sapiens	Homo sapiens	Homo sapiens						CSF	clinical/host-associated material	clinical/host-associated material		cerebrospinal fluid	clinical/host-associated material	cerebrospinal fluid					1996	Argentina
Sample_Type_SD	drainage	unresolved	admin_review	Sample_Type fields should contain physical specimen/material values only.	GCA_000373265.1	SAMN02441712	Pontibacter roseus DSM 17521	Isolation Source	muddy water from an occasional drainage system in Chandigarh, India	absent							muddy water from an occasional drainage system in Chandigarh, India	environmental material	environmental material		drainage	clinical fluid/material		wastewater	water	wastewater/sewage		absent	India
Host_Anatomical_Site_SD	cecal/gut content	sample_material	Sample_Type_SD	Site field contains non-anatomical context/material.	GCA_000374365.1	SAMN02441363	Bacteroides gallinarum DSM 18171 = JCM 13658	Host	absent	absent	Gallus gallus		healthy/no disease reported	healthy		cecal/gut content	Caecum of a healthy chicken	clinical/host-associated material	clinical/host-associated material		gut content	gut content	gastrointestinal tract					absent	Japan
Sample_Type_SD	anaerobic digester	unresolved	admin_review	Sample_Type fields should contain physical specimen/material values only.	GCA_000374545.1	SAMN02440443	Anaeromusa acidaminophila DSM 3853	Isolation Source	Anaerobic digester in potato starch factory	absent							Anaerobic digester in potato starch factory	wastewater/organic waste	wastewater/organic waste		anaerobic digester	wastewater/organic waste						absent	Netherlands
Sample_Type_SD_Broad	wastewater/organic waste	environment_medium	Environment_Medium_SD	Sample_Type fields should contain physical specimen/material values only.	GCA_000374545.1	SAMN02440443	Anaeromusa acidaminophila DSM 3853	Host	absent	absent							Anaerobic digester in potato starch factory	wastewater/organic waste	wastewater/organic waste		anaerobic digester	wastewater/organic waste						absent	Netherlands
Isolation_Source_SD_Broad	wastewater/organic waste	environment_medium	Environment_Medium_SD	Broad source category mixes non-source semantic classes; document or migrate.	GCA_000374545.1	SAMN02440443	Anaeromusa acidaminophila DSM 3853	Host	absent	absent							Anaerobic digester in potato starch factory	wastewater/organic waste	wastewater/organic waste		anaerobic digester	wastewater/organic waste						absent	Netherlands
Host_Anatomical_Site_SD	cecal/gut content	sample_material	Sample_Type_SD	Site field contains non-anatomical context/material.	GCA_000374585.1	SAMN02441019	Phocaeicola barnesiae DSM 18169 = JCM 13652	Host	absent	absent	Gallus gallus		healthy/no disease reported	healthy		cecal/gut content	caecum of a healthy chicken	clinical/host-associated material	clinical/host-associated material		gut content	gut content	gastrointestinal tract					absent	Japan
Sample_Type_SD	mixed culture	sample_processing	Sample_Processing_SD	Processing/preparation terms should move to Sample_Processing_SD.	GCA_000375645.1	SAMN02441061	Porphyromonas bennonis DSM 23058 = JCM 16335	Isolation Source	mixed culture from various skin and soft-tissue infections of non-oral origin, mainly from abscesses in the buttock and groin areas	absent						oral cavity	mixed culture from various skin and soft-tissue infections of non-oral origin, mainly from abscesses in the buttock and groin areas	clinical/host-associated material	clinical/host-associated material		mixed culture	culture	oral cavity					absent	United States
Sample_Type_SD	cell culture	sample_processing	Sample_Processing_SD	Processing/preparation terms should move to Sample_Processing_SD.	GCA_000376545.2	SAMN02471033	Tritonibacter mobilis F1926	Sample Type	cell culture	absent							seawater	environmental material	environmental material	cell culture	cell culture	culture		seawater	water	marine environment		2006	Indian Ocean
Sample_Type_SD	gill	unresolved	admin_review	Sample_Type fields should contain physical specimen/material values only.	GCA_000380225.1	SAMN02256433	filamentous cyanobacterium ESFC-1	Isolation Source	shipworm (Teredinidae) gill								shipworm (Teredinidae) gill	clinical/host-associated material	clinical/host-associated material		gill	animal tissue/site						absent	absent
Sample_Type_SD_Broad	water	environment_medium	Environment_Medium_SD	Sample_Type fields should contain physical specimen/material values only.	GCA_000380485.1	SAMN02441055	Jongsikchunia kroppenstedtii DSM 45133	Host	absent	absent							Polluted stream	clinical/host-associated material	clinical/host-associated material		stream	water				freshwater environment	stream	absent	South Korea
Sample_Type_SD	stream	environment_local_scale	Environment_Local_Scale_SD	Environmental terms should not be physical sample type values.	GCA_000380485.1	SAMN02441055	Jongsikchunia kroppenstedtii DSM 45133	Isolation Source	Polluted stream	absent							Polluted stream	clinical/host-associated material	clinical/host-associated material		stream	water				freshwater environment	stream	absent	South Korea
Sample_Type_SD_Broad	agricultural fecal material	unresolved	admin_review	Sample_Type fields should contain physical specimen/material values only.	GCA_000381765.1	SAMN02440490	[Zimmermannella] faecalis ATCC 13722	Host	absent	absent	Bos taurus						cow manure	environmental material	environmental material		manure	agricultural fecal material	manure	manure	agricultural fecal material			absent	absent
Isolation_Site_SD	manure	sample_material	Sample_Type_SD	Site field contains non-anatomical context/material.	GCA_000381765.1	SAMN02440490	[Zimmermannella] faecalis ATCC 13722	Isolation Source	cow manure	absent	Bos taurus						cow manure	environmental material	environmental material		manure	agricultural fecal material	manure	manure	agricultural fecal material			absent	absent
Sample_Type_SD	secretion	unresolved	admin_review	Sample_Type fields should contain physical specimen/material values only.	GCA_000382425.1	SAMN02440982	Empedobacter brevis NBRC 14943 = ATCC 43319	Isolation Source	human bronchial secretion, Switzerland	absent	Homo sapiens					lower respiratory tract/bronch/pleural cavity	human bronchial secretion, Switzerland	clinical/host-associated material	clinical/host-associated material		secretion	clinical fluid/material	lower respiratory tract/bronch/pleural cavity					absent	Switzerland
Isolation_Source_SD_Broad	water	environment_medium	Environment_Medium_SD	Broad source category mixes non-source semantic classes; document or migrate.	GCA_000384835.1	SAMN02440971	Flavobacterium sp. SCGC AAA536-P05	Host	absent	absent							The Mediterranean Sea	The Mediterranean Sea	water					marine		marine environment		2009	Mediterranean Sea
Sample_Type_SD	root	anatomical_site	Host_Anatomical_Site_SD	Sample_Type fields should contain physical specimen/material values only.	GCA_000390385.1	SAMN02470116	Enterobacter sp. MR1	Isolation Source	roots	Butea monosperma	Butea monosperma						roots	clinical/host-associated material	clinical/host-associated material		root	plant-associated material	plant root/rhizosphere			plant-associated environment		2012	India
Host_Health_State_SD	carrier	colonization_status	Host_Colonization_Status_SD	Colonization/carrier status should move to Host_Colonization_Status_SD.	GCA_000401575.1	SAMN02470726	Staphylococcus aureus subsp. aureus 103564	Isolation Source	furunculosis, ST80 PVL carrier, family cluster SSTI	Homo sapiens	Homo sapiens		skin and soft tissue infection	carrier			furunculosis, ST80 PVL carrier, family cluster SSTI	clinical/host-associated material	clinical/host-associated material									2002	Switzerland
Sample_Type_SD_Broad	agricultural fecal material	unresolved	admin_review	Sample_Type fields should contain physical specimen/material values only.	GCA_000401915.1	SAMN02471029	Thermobifida fusca TM51	Host	absent	absent	Equus caballus						hot region of horse manure compost (70-80C)	environmental material	environmental material		manure	agricultural fecal material	manure	manure	agricultural fecal material			1993	Hungary
Isolation_Site_SD	manure	sample_material	Sample_Type_SD	Site field contains non-anatomical context/material.	GCA_000401915.1	SAMN02471029	Thermobifida fusca TM51	Isolation Source	hot region of horse manure compost (70-80C)	absent	Equus caballus						hot region of horse manure compost (70-80C)	environmental material	environmental material		manure	agricultural fecal material	manure	manure	agricultural fecal material			1993	Hungary
Sample_Type_SD	skin/body-surface swab	collection_device	Sample_Collection_Device_SD	Sample_Type fields should contain physical specimen/material values only.	GCA_000410895.1	SAMN01985492	Burkholderia pseudomallei 406e	Host	Homo sapiens	Homo sapiens	Homo sapiens		sepsis/bacteremia	diseased			toe swab	clinical/host-associated material	clinical/host-associated material		skin/body-surface swab	clinical/host-associated material						1988	Thailand
Host_Anatomical_Site_SD	cecal/gut content	sample_material	Sample_Type_SD	Site field contains non-anatomical context/material.	GCA_000420345.1	SAMN02440905	Faecalicoccus pleomorphus DSM 20574	Host	absent	absent	Gallus gallus					cecal/gut content	Caecum of 12-week old chicken	clinical/host-associated material	clinical/host-associated material		gut content	gut content	gastrointestinal tract					absent	absent
Sample_Type_SD	rhizosphere	unresolved	admin_review	Sample_Type fields should contain physical specimen/material values only.	GCA_000422265.1	SAMN02440683	Kaistella palustris DSM 21579	Isolation Source	Rhizosphere sediment sample from a polluted site	absent							Rhizosphere sediment sample from a polluted site	environmental material	environmental material		rhizosphere	plant-associated material	plant root/rhizosphere	soil	soil	plant-associated environment		absent	Portugal
Sample_Type_SD	cleanroom floor	environment_local_scale	Environment_Local_Scale_SD	Environmental terms should not be physical sample type values.	GCA_000422485.1	SAMN02440802	Paenibacillus pasadenensis DSM 19293	Host	absent	absent							Clean room floor	environmental material	environmental material		cleanroom floor	built environment		built environment surface	built environment			2000	absent
Sample_Type_SD	cold seep	unresolved	admin_review	Sample_Type fields should contain physical specimen/material values only.	GCA_000425705.1	SAMN02441195	Halobacillus kuroshimensis DSM 18393	Isolation Source	Deep-sea carbonate rock at a methane cold seep	absent							Deep-sea carbonate rock at a methane cold seep	clinical/host-associated material	clinical/host-associated material		cold seep	environmental/geologic material		marine		marine environment	cold seep	absent	Japan
Sample_Type_SD	gill	unresolved	admin_review	Sample_Type fields should contain physical specimen/material values only.	GCA_000425725.1	SAMN02440634	Halomonas halocynthiae DSM 14573	Isolation Source	Gill tissue of the ascidian Halocynthia aurantium	Halocynthia aurantium	Halocynthia aurantium						Gill tissue of the ascidian Halocynthia aurantium	clinical/host-associated material	clinical/host-associated material		gill	animal tissue/site		marine		marine environment		1990	Russia
Sample_Type_SD	wildlife	unresolved	admin_review	Sample_Type fields should contain physical specimen/material values only.	GCA_000426345.1	SAMN02441535	Cupriavidus sp. amp6	Isolation Source	Santa Ana National Wildlife Refuge, Texas	Mimosa pigra	Mimosa pigra						Santa Ana National Wildlife Refuge, Texas	environmental material	environmental material		wildlife	host-associated context		soil	soil	host-associated environment		absent	United States
Sample_Type_SD	gill	unresolved	admin_review	Sample_Type fields should contain physical specimen/material values only.	GCA_000427605.1	SAMN02440596	Teredinibacter turnerae T8415	Isolation Source	Gill tissue of a wood-boring mollusc Lyrodus pedicellatus	Lyrodus pedicellatus	Lyrodus pedicellatus						Gill tissue of a wood-boring mollusc Lyrodus pedicellatus	clinical/host-associated material	clinical/host-associated material		gill	animal tissue/site						1979	United States
Sample_Type_SD	cucumber	unresolved	admin_review	Sample_Type fields should contain physical specimen/material values only.	GCA_000428465.1	SAMN02440887	Chitinimonas koreensis DSM 17726	Isolation Source	Greenhouse soil cultivated with cucumber	absent							Greenhouse soil cultivated with cucumber	environmental material	environmental material		cucumber	plant-associated material		soil	soil	terrestrial environment		absent	South Korea
Sample_Type_SD	urogenital swab	collection_device	Sample_Collection_Device_SD	Sample_Type fields should contain physical specimen/material values only.	GCA_000430525.1	SAMN02441145	Prevotella corporis DSM 18810 = JCM 8529	Host	Homo sapiens	Homo sapiens	Homo sapiens						Human cervical swab	clinical/host-associated material	clinical/host-associated material		urogenital swab	swab						absent	absent
Sample_Type_SD	wound swab	collection_device	Sample_Collection_Device_SD	Sample_Type fields should contain physical specimen/material values only.	GCA_000447375.1	SAMN02471026	Elizabethkingia anophelis 502	Isolation Source	wound swab	Homo sapiens	Homo sapiens						wound swab	clinical/host-associated material	clinical/host-associated material		wound swab	swab	wound					2012	United Kingdom
Sample_Type_SD_Broad	water	environment_medium	Environment_Medium_SD	Sample_Type fields should contain physical specimen/material values only.	GCA_000452525.4	SAMN02471567	Pseudomonas syringae USA011	Isolation Source	stream water	absent							stream water	environmental material	environmental material		stream	water		water	water	freshwater environment	stream	absent	United States
Sample_Type_SD	stream	environment_local_scale	Environment_Local_Scale_SD	Environmental terms should not be physical sample type values.	GCA_000452525.4	SAMN02471567	Pseudomonas syringae USA011	Isolation Source	stream water	absent							stream water	environmental material	environmental material		stream	water		water	water	freshwater environment	stream	absent	United States
Sample_Type_SD_Broad	water	environment_medium	Environment_Medium_SD	Sample_Type fields should contain physical specimen/material values only.	GCA_000452545.3	SAMN02471549	Pseudomonas syringae USA007	Isolation Source	Stream water	absent							Stream water	environmental material	environmental material		stream	water		water	water	freshwater environment	stream	absent	United States
Sample_Type_SD	stream	environment_local_scale	Environment_Local_Scale_SD	Environmental terms should not be physical sample type values.	GCA_000452545.3	SAMN02471549	Pseudomonas syringae USA007	Isolation Source	Stream water	absent							Stream water	environmental material	environmental material		stream	water		water	water	freshwater environment	stream	absent	United States
Isolation_Site_SD	cerebrospinal fluid	sample_material	Sample_Type_SD	Site field contains non-anatomical context/material.	GCA_000465305.1	SAMN02470609	Mycobacterium tuberculosis 43-16836	Host	Homo sapiens	Homo sapiens	Homo sapiens						CSF	clinical/host-associated material	clinical/host-associated material		cerebrospinal fluid	clinical/host-associated material	cerebrospinal fluid					2000	Thailand
Sample_Type_SD	cloacal swab	collection_device	Sample_Collection_Device_SD	Sample_Type fields should contain physical specimen/material values only.	GCA_000471025.2	SAMN02435823	Chlamydia gallinacea 08-1274/3	Isolation Source	cloacal swab	Gallus gallus	Gallus gallus						cloacal swab	clinical/host-associated material	clinical/host-associated material		cloacal swab	swab	cloaca					2008	France
Sample_Type_SD	cell culture	sample_processing	Sample_Processing_SD	Processing/preparation terms should move to Sample_Processing_SD.	GCA_000472205.1	SAMN02470648	Chlamydia trachomatis E/CS88(f)	Host	HeLa229 cell line	HeLa229 cell line								clinical/host-associated material	clinical/host-associated material		cell culture	culture						absent	absent
Sample_Type_SD	cell culture	sample_processing	Sample_Processing_SD	Processing/preparation terms should move to Sample_Processing_SD.	GCA_000472225.1	SAMN02470647	Chlamydia trachomatis E/CS88(i)	Host	HeLa229 cell line	HeLa229 cell line								clinical/host-associated material	clinical/host-associated material		cell culture	culture						absent	absent
Sample_Type_SD	rectal swab	collection_device	Sample_Collection_Device_SD	Sample_Type fields should contain physical specimen/material values only.	GCA_000474635.1	SAMN02470628	Klebsiella pneumoniae 303K	Isolation Source	rectal swab	Homo sapiens	Homo sapiens					rectum/perianal region	rectal swab	clinical/host-associated material	clinical/host-associated material		rectal swab	swab	rectum/perianal region					2010	Taiwan
Isolation_Source_SD	fermented milk/dairy product	sample_material	Sample_Type_SD	Physical specimen/material values should not be represented as strict source context.	GCA_000479375.3	SAMN02603468	Lactococcus lactis subsp. lactis KLDS 4.0325	Host	absent	absent							home-made koumiss	fermented milk/dairy product	food/dairy		fermented milk/dairy product	food/dairy						absent	China
Isolation_Source_SD	urine	sample_material	Sample_Type_SD	Physical specimen/material values should not be represented as strict source context.	GCA_000481785.1	SAMN02360668	Pseudomonas aeruginosa U2504	Host	Homo sapiens	Homo sapiens	Homo sapiens		urinary tract infection	diseased			UTI	urine	clinical/host-associated material									absent	United States
Isolation_Source_SD	urine	sample_material	Sample_Type_SD	Physical specimen/material values should not be represented as strict source context.	GCA_000481805.1	SAMN02360667	Pseudomonas aeruginosa JJ692	Host	Homo sapiens	Homo sapiens	Homo sapiens		urinary tract infection	diseased			UTI	urine	clinical/host-associated material									absent	United States
Sample_Type_SD	dairy farm	environment_local_scale	Environment_Local_Scale_SD	Environmental terms should not be physical sample type values.	GCA_000483855.1	SAMN02415162	Salmonella enterica subsp. enterica serovar Muenster str. 660	Isolation Source	filter from dairy farm	absent							filter from dairy farm	dairy food	food/dairy		dairy farm	agricultural environment				food-associated environment	dairy farm	absent	absent
Sample_Type_SD	sink	environment_local_scale	Environment_Local_Scale_SD	Environmental terms should not be physical sample type values.	GCA_000495995.1	SAMN02470987	Elizabethkingia anophelis NUH1	Isolation Source	hand hygiene sink aerator of the cardio-thoracic ICU ward of National University Hospital	absent							hand hygiene sink aerator of the cardio-thoracic ICU ward of National University Hospital	healthcare facility	healthcare-associated environment		sink	built environment				healthcare-associated environment	healthcare facility	2012	Singapore
Sample_Type_SD	sink	environment_local_scale	Environment_Local_Scale_SD	Environmental terms should not be physical sample type values.	GCA_000496015.1	SAMN02470992	Elizabethkingia anophelis NUH4	Isolation Source	hand hygiene sink aerator of the surgical stepdown ward in National University Hospital	absent							hand hygiene sink aerator of the surgical stepdown ward in National University Hospital	healthcare facility	healthcare-associated environment		sink	built environment				healthcare-associated environment	healthcare facility	2012	Singapore
Sample_Type_SD	sink	environment_local_scale	Environment_Local_Scale_SD	Environmental terms should not be physical sample type values.	GCA_000496035.1	SAMN02470990	Elizabethkingia anophelis NUH6	Isolation Source	hand hygiene sink aerator of the surgical stepdown ward in National University Hospital	absent							hand hygiene sink aerator of the surgical stepdown ward in National University Hospital	healthcare facility	healthcare-associated environment		sink	built environment				healthcare-associated environment	healthcare facility	2012	Singapore
Sample_Type_SD	salmon	unresolved	admin_review	Sample_Type fields should contain physical specimen/material values only.	GCA_000500525.1	SAMN02471131	Vibrio parahaemolyticus VIP4-0219	Isolation Source	salmon sashimi	absent	Salmonidae						salmon sashimi	clinical/host-associated material	clinical/host-associated material		salmon	host-associated context						2006	Hong Kong
Sample_Type_SD	anaerobic digester	unresolved	admin_review	Sample_Type fields should contain physical specimen/material values only.	GCA_000505545.1	SAMN02469947	Kurthia huakuii LAM0618	Isolation Source	biogas slurry samples from a large-scale anaerobic digester	absent							biogas slurry samples from a large-scale anaerobic digester	wastewater/organic waste	wastewater/organic waste		anaerobic digester	wastewater/organic waste						2012	China
Sample_Type_SD_Broad	wastewater/organic waste	environment_medium	Environment_Medium_SD	Sample_Type fields should contain physical specimen/material values only.	GCA_000505545.1	SAMN02469947	Kurthia huakuii LAM0618	Host	absent	absent							biogas slurry samples from a large-scale anaerobic digester	wastewater/organic waste	wastewater/organic waste		anaerobic digester	wastewater/organic waste						2012	China
Isolation_Source_SD_Broad	wastewater/organic waste	environment_medium	Environment_Medium_SD	Broad source category mixes non-source semantic classes; document or migrate.	GCA_000505545.1	SAMN02469947	Kurthia huakuii LAM0618	Host	absent	absent							biogas slurry samples from a large-scale anaerobic digester	wastewater/organic waste	wastewater/organic waste		anaerobic digester	wastewater/organic waste						2012	China
Sample_Type_SD	rectal swab	collection_device	Sample_Collection_Device_SD	Sample_Type fields should contain physical specimen/material values only.	GCA_000506805.1	SAMN02472099	Pseudomonas aeruginosa VRFPA07	Isolation Source	Rectal swab	Homo sapiens	Homo sapiens					rectum/perianal region	Rectal swab	clinical/host-associated material	clinical/host-associated material		rectal swab	swab	rectum/perianal region					2013	India
Sample_Type_SD	skin swab	collection_device	Sample_Collection_Device_SD	Sample_Type fields should contain physical specimen/material values only.	GCA_000513495.2	SAMN02388844	Staphylococcus cohnii hu-01	Isolation Source	skin swab sample	Homo sapiens	Homo sapiens					skin/body surface	skin swab sample	clinical/host-associated material	clinical/host-associated material		skin swab	swab	skin/body surface					2012	China
Isolation_Site_SD	cerebrospinal fluid	sample_material	Sample_Type_SD	Site field contains non-anatomical context/material.	GCA_000513675.1	SAMN05771119	Listeria monocytogenes serotype 1/2a str. 10-1047	Host	Homo sapiens	Homo sapiens	Homo sapiens						CSF	clinical/host-associated material	clinical/host-associated material		cerebrospinal fluid	clinical/host-associated material	cerebrospinal fluid					2010	Canada
Isolation_Source_SD	bronchioalveolar lavage	sample_material	Sample_Type_SD	Physical specimen/material values should not be represented as strict source context.	GCA_000515515.1	SAMN02597417	Acinetobacter baumannii UH10107	Isolation Source	bronchioalveolar lavage	Homo sapiens	Homo sapiens						bronchioalveolar lavage	bronchioalveolar lavage										2007	United States
Sample_Type_SD_Broad	agricultural fecal material	unresolved	admin_review	Sample_Type fields should contain physical specimen/material values only.	GCA_000518565.1	SAMN02584976	Thermoanaerobacter thermocopriae JCM 7501	Host	absent	absent	Bos taurus						composted cattle manure, Japan	environmental material	environmental material		manure	agricultural fecal material	manure	manure	agricultural fecal material			absent	Japan
Isolation_Source_SD	gastric lavage	sample_material	Sample_Type_SD	Physical specimen/material values should not be represented as strict source context.	GCA_000521195.1	SAMN02597426	Mycobacterium gastri 'Wayne'	Isolation Source	gastric lavage	absent							gastric lavage	gastric lavage										absent	absent
Sample_Type_SD	swab	collection_device	Sample_Collection_Device_SD	Sample_Type fields should contain physical specimen/material values only.	GCA_000522285.1	SAMN02138623	Escherichia coli BIDMC 3	Isolation Source	SWAB, abdominal incision	unknown							SWAB, abdominal incision	clinical/host-associated material	clinical/host-associated material		swab	swab						absent	absent
Isolation_Source_SD	neonatal calf faeces	sample_material	Sample_Type_SD	Physical specimen/material values should not be represented as strict source context.	GCA_000526735.1	SAMN02584990	Mediterraneibacter gnavus AGR2154	Isolation Source	neonatal calf faeces	absent	Bos taurus					feces/stool	neonatal calf faeces	neonatal calf faeces										absent	absent
Sample_Type_SD	core	unresolved	admin_review	Sample_Type fields should contain physical specimen/material values only.	GCA_000566685.1	SAMN02951879	Dyadobacter tibetensis Y620-1	Isolation Source	glacial ice core	absent							glacial ice core	clinical/host-associated material	clinical/host-associated material		core	environmental/geologic material						absent	China
Sample_Type_SD	urogenital swab	collection_device	Sample_Collection_Device_SD	Sample_Type fields should contain physical specimen/material values only.	GCA_000590575.1	SAMN02189829	Chlamydia trachomatis	Host	Homo sapiens	Homo sapiens	Homo sapiens						endo-cervical swab	clinical/host-associated material	clinical/host-associated material		urogenital swab	swab						1993	United States
Sample_Type_SD	urogenital swab	collection_device	Sample_Collection_Device_SD	Sample_Type fields should contain physical specimen/material values only.	GCA_000590595.1	SAMN02189830	Chlamydia trachomatis	Host	Homo sapiens	Homo sapiens	Homo sapiens						endo-cervical swab	clinical/host-associated material	clinical/host-associated material		urogenital swab	swab						1993	United States
Sample_Type_SD	papaya	unresolved	admin_review	Sample_Type fields should contain physical specimen/material values only.	GCA_000590885.1	SAMN02666699	Erwinia mallotivora	Isolation Source	Papaya tree	absent	Viridiplantae						Papaya tree	plant/produce food product	food	missing	papaya	food/produce						2010	Malaysia
Sample_Type_SD	liquid culture	sample_processing	Sample_Processing_SD	Processing/preparation terms should move to Sample_Processing_SD.	GCA_000614385.1	SAMD00016764	Porphyromonas macacae JCM 15984	Isolation Source	Yeast grown in liquid culture	absent							Yeast grown in liquid culture	clinical/host-associated material	clinical/host-associated material		liquid culture	culture						absent	absent
Sample_Type_SD	anaerobic digester	unresolved	admin_review	Sample_Type fields should contain physical specimen/material values only.	GCA_000621145.1	SAMN02743974	Desulfobulbus elongatus DSM 2908	Isolation Source	Mesophilic anaerobic digester	absent							Mesophilic anaerobic digester	wastewater/organic waste	wastewater/organic waste		anaerobic digester	wastewater/organic waste						absent	France
Sample_Type_SD_Broad	wastewater/organic waste	environment_medium	Environment_Medium_SD	Sample_Type fields should contain physical specimen/material values only.	GCA_000621145.1	SAMN02743974	Desulfobulbus elongatus DSM 2908	Host	absent	absent							Mesophilic anaerobic digester	wastewater/organic waste	wastewater/organic waste		anaerobic digester	wastewater/organic waste						absent	France
Isolation_Source_SD_Broad	wastewater/organic waste	environment_medium	Environment_Medium_SD	Broad source category mixes non-source semantic classes; document or migrate.	GCA_000621145.1	SAMN02743974	Desulfobulbus elongatus DSM 2908	Host	absent	absent							Mesophilic anaerobic digester	wastewater/organic waste	wastewater/organic waste		anaerobic digester	wastewater/organic waste						absent	France
Sample_Type_SD	fluff/lint material	unresolved	admin_review	Sample_Type fields should contain physical specimen/material values only.	GCA_000624215.2	SAMN02384224	Salmonella enterica subsp. enterica serovar Enteritidis str. SA20094803	Host	absent	absent	Gallus gallus						Animal - Chicken-Fluff				fluff/lint material							2009	Canada
Sample_Type_SD	fluff/lint material	unresolved	admin_review	Sample_Type fields should contain physical specimen/material values only.	GCA_000626495.2	SAMN02384199	Salmonella enterica subsp. enterica serovar Enteritidis str. SA20084824	Host	absent	absent	Gallus gallus						Animal - Chicken-Fluff (hatchery)				fluff/lint material							2008	Canada
Sample_Type_SD	fluff/lint material	unresolved	admin_review	Sample_Type fields should contain physical specimen/material values only.	GCA_000626535.2	SAMN02384226	Salmonella enterica subsp. enterica serovar Enteritidis str. SA20094301	Host	absent	absent	Gallus gallus						Animal - Chicken-Fluff				fluff/lint material							2009	Canada
Sample_Type_SD	wound swab	collection_device	Sample_Collection_Device_SD	Sample_Type fields should contain physical specimen/material values only.	GCA_000647735.1	SAMN02644479	Staphylococcus aureus	Isolation Source	wound swab	Homo sapiens	Homo sapiens						wound swab	clinical/host-associated material	clinical/host-associated material		wound swab	swab	wound					2005	Russia
Sample_Type_SD	ice cream	unresolved	admin_review	Sample_Type fields should contain physical specimen/material values only.	GCA_000662395.1	SAMN03081526	Escherichia coli O145:H28 str. RM12761	Isolation Source	ice cream	absent							ice cream	clinical/host-associated material	clinical/host-associated material		ice cream	food/dairy						absent	Belgium
Isolation_Source_SD	cerebrospinal	sample_material	Sample_Type_SD	Physical specimen/material values should not be represented as strict source context.	GCA_000679115.1	SAMN02414955	Mycobacterium tuberculosis BTB11-160	Isolation Source	cerebrospinal	Homo sapiens	Homo sapiens						cerebrospinal	cerebrospinal										2011	Sweden
Sample_Type_SD	cloacal sample	metadata_descriptor	suppress/provenance only	Sample_Type fields should contain physical specimen/material values only.	GCA_000687795.1	SAMN02743887	Mycoplasma testudinis ATCC 43263	Host	absent	absent	Testudines					gastrointestinal tract	turtle cloaca, Testudo graeca	clinical/host-associated material	clinical/host-associated material		cloacal sample	cloacal sample	gastrointestinal tract					absent	absent
Sample_Type_SD_Broad	cloacal sample	metadata_descriptor	suppress/provenance only	Sample_Type fields should contain physical specimen/material values only.	GCA_000687795.1	SAMN02743887	Mycoplasma testudinis ATCC 43263	Host	absent	absent	Testudines					gastrointestinal tract	turtle cloaca, Testudo graeca	clinical/host-associated material	clinical/host-associated material		cloacal sample	cloacal sample	gastrointestinal tract					absent	absent
Isolation_Source_SD	lamb faeces	sample_material	Sample_Type_SD	Physical specimen/material values should not be represented as strict source context.	GCA_000687955.1	SAMN02743901	Clostridioides mangenotii LM2	Isolation Source	lamb faeces	absent							lamb faeces	lamb faeces										absent	absent
Sample_Type_SD	wood	unresolved	admin_review	Sample_Type fields should contain physical specimen/material values only.	GCA_000691225.1	SAMN02700551	Nitrincola lacisaponensis	Isolation Source	decayed, red-colored wood collected on the shore of Soap Lake	absent							decayed, red-colored wood collected on the shore of Soap Lake	environmental material	environmental material	missing	wood	plant-associated material		lake water	water	freshwater environment	lake	2005	United States
Isolation_Source_SD	faeces of a thoroughbred horse	sample_material	Sample_Type_SD	Physical specimen/material values should not be represented as strict source context.	GCA_000702165.1	SAMN02841194	Sharpea azabuensis DSM 18934	Isolation Source	faeces of a thoroughbred horse	absent	Equus caballus					feces/stool	faeces of a thoroughbred horse	faeces of a thoroughbred horse										absent	Japan
Sample_Type_SD	cloacal sample	metadata_descriptor	suppress/provenance only	Sample_Type fields should contain physical specimen/material values only.	GCA_000702745.1	SAMN02841208	Metamycoplasma cloacale ATCC 35276	Host	absent	absent	Meleagris gallopavo					gastrointestinal tract	Turkey poult cloaca	clinical/host-associated material	clinical/host-associated material		cloacal sample	cloacal sample	gastrointestinal tract			host-associated environment		absent	absent
Sample_Type_SD_Broad	cloacal sample	metadata_descriptor	suppress/provenance only	Sample_Type fields should contain physical specimen/material values only.	GCA_000702745.1	SAMN02841208	Metamycoplasma cloacale ATCC 35276	Host	absent	absent	Meleagris gallopavo					gastrointestinal tract	Turkey poult cloaca	clinical/host-associated material	clinical/host-associated material		cloacal sample	cloacal sample	gastrointestinal tract			host-associated environment		absent	absent
Sample_Type_SD	perianal/anal swab	collection_device	Sample_Collection_Device_SD	Sample_Type fields should contain physical specimen/material values only.	GCA_000714655.1	SAMN02786843	Klebsiella oxytoca KONIH1	Host	absent	absent						rectum/perianal region	perirectal swab	clinical/host-associated material	clinical/host-associated material		perianal/anal swab	swab	rectum/perianal region					2012	United States
Isolation_Source_SD	abomasal content	sample_material	Sample_Type_SD	Physical specimen/material values should not be represented as strict source context.	GCA_000724385.2	SAMN02593753	Clostridium botulinum C/D str. It1	Isolation Source	abomasal content	cattle	Bos taurus						abomasal content	abomasal content										absent	Italy
Sample_Type_SD	surface layer	unresolved	admin_review	Sample_Type fields should contain physical specimen/material values only.	GCA_000735585.1	SAMN02798393	Devosia sp. LC5	Isolation Source	Cave surface layer	absent							Cave surface layer	clinical/host-associated material	clinical/host-associated material	missing	surface layer	water					surface water layer	2006	United States
Sample_Type_SD	surface layer	unresolved	admin_review	Sample_Type fields should contain physical specimen/material values only.	GCA_000735605.1	SAMN02799685	Allobosea sp. LC85	Isolation Source	Cave surface layer	absent							Cave surface layer	clinical/host-associated material	clinical/host-associated material	missing	surface layer	water					surface water layer	2006	United States
Sample_Type_SD	surface layer	unresolved	admin_review	Sample_Type fields should contain physical specimen/material values only.	GCA_000735635.1	SAMN02799686	Massilia sp. LC238	Isolation Source	Cave surface layer	absent							Cave surface layer	clinical/host-associated material	clinical/host-associated material	missing	surface layer	water					surface water layer	2006	United States
Sample_Type_SD	lettuce	unresolved	admin_review	Sample_Type fields should contain physical specimen/material values only.	GCA_000737665.1	SAMN02937280	Chryseobacterium formosense	Isolation Source	garden lettuce	absent	Lactuca sativa						garden lettuce	plant/produce food product	food	missing	lettuce	food/produce						2013	Taiwan
Sample_Type_SD	salmon	unresolved	admin_review	Sample_Type fields should contain physical specimen/material values only.	GCA_000737695.1	SAMN02934144	Flavobacterium hydatis	Isolation Source	salmon gills from a freshwater fish	absent							salmon gills from a freshwater fish	environmental material	environmental material	missing	salmon	host-associated context		freshwater	water	freshwater environment		2014	United States
Isolation_Source_SD_Broad	upper respiratory tract	anatomical_site	Host_Anatomical_Site_SD	Broad source category mixes non-source semantic classes; document or migrate.	GCA_000739455.1	SAMN02950575	Corynebacterium imitans	Host	Homo sapiens	Homo sapiens	Homo sapiens		diphtheria	diseased		nasal cavity/sinus/upper respiratory tract	"5-month-old boy with ""pharyngeal diphtheria"""	nasopharynx/oropharynx	upper respiratory tract	missing			nasal cavity/sinus/upper respiratory tract					1996	Poland
Sample_Type_SD	pure/single culture	sample_processing	Sample_Processing_SD	Processing/preparation terms should move to Sample_Processing_SD.	GCA_000743885.1	SAMN02849420	Acetobacter malorum	Host	Drosophila melanogaster	Drosophila melanogaster	Drosophila melanogaster					gastrointestinal tract	pure bacterial culture	clinical/host-associated material	clinical/host-associated material	missing	pure/single culture	culture	gastrointestinal tract					2011	United States
Sample_Type_SD	pure/single culture	sample_processing	Sample_Processing_SD	Processing/preparation terms should move to Sample_Processing_SD.	GCA_000743895.1	SAMN02849421	Lactiplantibacillus plantarum	Host	Drosophila melanogaster	Drosophila melanogaster	Drosophila melanogaster					gastrointestinal tract	pure bacterial culture	clinical/host-associated material	clinical/host-associated material	missing	pure/single culture	culture	gastrointestinal tract					2011	United States
Sample_Type_SD	wound swab	collection_device	Sample_Collection_Device_SD	Sample_Type fields should contain physical specimen/material values only.	GCA_000747015.1	SAMN02983088	Enterobacter hormaechei	Isolation Source	wound swab	Homo sapiens	Homo sapiens						wound swab	clinical/host-associated material	clinical/host-associated material	missing	wound swab	swab	wound					2013	Malaysia
Sample_Type_SD	surveillance swab	collection_device	Sample_Collection_Device_SD	Sample_Type fields should contain physical specimen/material values only.	GCA_000770275.1	SAMN03075588	Escherichia coli	Isolation Source	Surveillance swab - Groin	Homo sapiens	Homo sapiens						Surveillance swab - Groin				surveillance swab	swab						2013	United States
Sample_Type_SD	wood	unresolved	admin_review	Sample_Type fields should contain physical specimen/material values only.	GCA_000770585.1	SAMN02746164	Legionella norrlandica	Isolation Source	water from a biopurification tank of a wood processing plant	absent							water from a biopurification tank of a wood processing plant	environmental material	environmental material	missing	wood	plant-associated material		agricultural/food-production water	water	plant-associated environment		2013	Sweden
Sample_Type_SD	cloacal sample	metadata_descriptor	suppress/provenance only	Sample_Type fields should contain physical specimen/material values only.	GCA_000771785.1	SAMN02900758	Gallibacterium anatis	Host	Anser	Anser	Anser					cloaca	cloacae	clinical/host-associated material	clinical/host-associated material	missing	cloacal sample	cloacal sample	cloaca					absent	Denmark
Sample_Type_SD_Broad	cloacal sample	metadata_descriptor	suppress/provenance only	Sample_Type fields should contain physical specimen/material values only.	GCA_000771785.1	SAMN02900758	Gallibacterium anatis	Host	Anser	Anser	Anser					cloaca	cloacae	clinical/host-associated material	clinical/host-associated material	missing	cloacal sample	cloacal sample	cloaca					absent	Denmark
Isolation_Source_SD_Broad	culture medium	sample_processing	Sample_Processing_SD	Broad source category mixes non-source semantic classes; document or migrate.	GCA_000773635.1	SAMN02941309	Bacillus cereus	Host	absent	absent							contaiminated cellulose-agar plate	culture medium	culture medium	missing				laboratory	laboratory environment	laboratory environment		2009	United States
Sample_Type_SD	perianal/anal swab	collection_device	Sample_Collection_Device_SD	Sample_Type fields should contain physical specimen/material values only.	GCA_000775395.1	SAMN02820981	Klebsiella pneumoniae subsp. pneumoniae	Host	absent	absent						rectum/perianal region	perirectal swab	clinical/host-associated material	clinical/host-associated material		perianal/anal swab	swab	rectum/perianal region					2013	United States
Sample_Type_SD	bacterial culture	sample_processing	Sample_Processing_SD	Processing/preparation terms should move to Sample_Processing_SD.	GCA_000785925.2	SAMN03175008	Xanthomonas phaseoli pv. phaseoli	Sample Type	Bacterial culture	Phaseolus vulgaris	Phaseolus vulgaris						missing			Bacterial culture	bacterial culture	culture						1964	Australia
Sample_Type_SD	bacterial culture	sample_processing	Sample_Processing_SD	Processing/preparation terms should move to Sample_Processing_SD.	GCA_000785935.2	SAMN03175025	Xanthomonas phaseoli pv. phaseoli	Sample Type	Bacterial culture	Phaseolus vulgaris	Phaseolus vulgaris						missing			Bacterial culture	bacterial culture	culture						1956	Hungary
Sample_Type_SD	bacterial culture	sample_processing	Sample_Processing_SD	Processing/preparation terms should move to Sample_Processing_SD.	GCA_000785945.2	SAMN03175018	Xanthomonas phaseoli pv. phaseoli	Sample Type	Bacterial culture	Phaseolus vulgaris	Phaseolus vulgaris						missing			Bacterial culture	bacterial culture	culture						1951	Canada
Sample_Type_SD	microbial culture	sample_processing	Sample_Processing_SD	Processing/preparation terms should move to Sample_Processing_SD.	GCA_000789355.1	SAMN03222822	Clostridium botulinum 202F	Sample Type	Isolate microbial culture	absent							marine sediments	environmental material	environmental material	Isolate microbial culture	microbial culture	culture		marine sediment	sediment	marine environment		1965	United States
Sample_Type_SD	microbial culture	sample_processing	Sample_Processing_SD	Processing/preparation terms should move to Sample_Processing_SD.	GCA_000789395.1	SAMN03222823	Clostridium baratii str. Sullivan	Sample Type	Isolate microbial culture	absent							Stool (adult)	clinical/host-associated material	clinical/host-associated material	Isolate microbial culture	microbial culture	culture				host-associated gut/oral/fecal environment	gut/fecal local context	2007	United States
Sample_Type_SD	mixed culture	sample_processing	Sample_Processing_SD	Processing/preparation terms should move to Sample_Processing_SD.	GCA_000798645.1	SAMN03200164	Mesorhizobium sp. F7	Sample Type	mixed culture	absent							Potable Water	environmental material	environmental material	mixed culture	mixed culture	culture		built-environment water	built environment			2013	Malaysia
Sample_Type_SD	fecal/stool swab	collection_device	Sample_Collection_Device_SD	Sample_Type fields should contain physical specimen/material values only.	GCA_000812255.1	SAMN03256164	Escherichia coli	Host	Pig	Pig	Sus scrofa						Faecal swab	clinical/host-associated material	clinical/host-associated material		fecal/stool swab	swab						2013	Malaysia
Sample_Type_SD	fecal/stool swab	collection_device	Sample_Collection_Device_SD	Sample_Type fields should contain physical specimen/material values only.	GCA_000812305.1	SAMN03256208	Escherichia coli	Host	Pig	Pig	Sus scrofa						Faecal swab	clinical/host-associated material	clinical/host-associated material		fecal/stool swab	swab						2013	Malaysia
Sample_Type_SD	microbial culture	sample_processing	Sample_Processing_SD	Processing/preparation terms should move to Sample_Processing_SD.	GCA_000816675.1	SAMN03222824	Clostridium argentinense CDC 2741	Sample Type	Isolate microbial culture	Homo sapiens	Homo sapiens						spleen, autopsy	clinical/host-associated material	clinical/host-associated material	Isolate microbial culture	microbial culture	culture	organ/tissue site					1977	Switzerland
Isolation_Source_SD	feces/stool	sample_material	Sample_Type_SD	Physical specimen/material values should not be represented as strict source context.	GCA_000825025.1	SAMEA2747184	Bifidobacterium longum subsp. infantis	Host	mouse	mouse	Mus musculus							feces/stool	feces/stool							host-associated environment		2009	United States
Isolation_Source_SD_Broad	feces/stool	sample_material	Sample_Type_SD	Broad source category mixes non-source semantic classes; document or migrate.	GCA_000825025.1	SAMEA2747184	Bifidobacterium longum subsp. infantis	Host	mouse	mouse	Mus musculus							feces/stool	feces/stool							host-associated environment		2009	United States
Isolation_Source_SD	feces/stool	sample_material	Sample_Type_SD	Physical specimen/material values should not be represented as strict source context.	GCA_000825105.1	SAMEA2747188	Bifidobacterium longum subsp. infantis	Host	mouse	mouse	Mus musculus							feces/stool	feces/stool							host-associated environment		2009	United States
Isolation_Source_SD_Broad	feces/stool	sample_material	Sample_Type_SD	Broad source category mixes non-source semantic classes; document or migrate.	GCA_000825105.1	SAMEA2747188	Bifidobacterium longum subsp. infantis	Host	mouse	mouse	Mus musculus							feces/stool	feces/stool							host-associated environment		2009	United States
Isolation_Source_SD	feces/stool	sample_material	Sample_Type_SD	Physical specimen/material values should not be represented as strict source context.	GCA_000825125.1	SAMEA2747189	Bifidobacterium longum subsp. infantis	Host	mouse	mouse	Mus musculus							feces/stool	feces/stool							host-associated environment		2009	United States
Isolation_Source_SD_Broad	feces/stool	sample_material	Sample_Type_SD	Broad source category mixes non-source semantic classes; document or migrate.	GCA_000825125.1	SAMEA2747189	Bifidobacterium longum subsp. infantis	Host	mouse	mouse	Mus musculus							feces/stool	feces/stool							host-associated environment		2009	United States
Host_Health_State_SD	carrier	colonization_status	Host_Colonization_Status_SD	Colonization/carrier status should move to Host_Colonization_Status_SD.	GCA_000825945.1	SAMEA2803882	Streptococcus agalactiae	Host	Homo sapiens	Homo sapiens	Homo sapiens			carrier			Carriage	clinical/host-associated material	clinical/host-associated material									2006	Central African Republic
Isolation_Source_SD_Broad	water	environment_medium	Environment_Medium_SD	Broad source category mixes non-source semantic classes; document or migrate.	GCA_000827875.1	SAMN03176900	Vibrio renipiscarius	Host	Sparus aurata	Sparus aurata	Sparus aurata						mediterranean sea biome	mediterranean sea biome	water							marine environment		2000	Spain
Sample_Type_SD	cucumber	unresolved	admin_review	Sample_Type fields should contain physical specimen/material values only.	GCA_000833005.1	SAMN03272519	Bacillus velezensis	Isolation Source	Cucumber seedling substrate	absent	Cucumis sativus						Cucumber seedling substrate	plant/produce food product	food	\	cucumber	plant-associated material						2013	China
Sample_Type_SD	surveillance swab	collection_device	Sample_Collection_Device_SD	Sample_Type fields should contain physical specimen/material values only.	GCA_000937455.2	SAMN03316839	Citrobacter freundii	Isolation Source	Surveillance Swab	Homo sapiens	Homo sapiens						Surveillance Swab				surveillance swab	swab						2012	United States
Sample_Type_SD	surveillance swab	collection_device	Sample_Collection_Device_SD	Sample_Type fields should contain physical specimen/material values only.	GCA_000937465.2	SAMN03316892	Pseudomonas aeruginosa	Isolation Source	Surveillance swab	Homo sapiens	Homo sapiens						Surveillance swab				surveillance swab	swab						2013	Afghanistan
Sample_Type_SD	fecal/stool swab	collection_device	Sample_Collection_Device_SD	Sample_Type fields should contain physical specimen/material values only.	GCA_000940935.2	SAMN02712196	Salmonella enterica subsp. enterica serovar Newport str. USDA-ARS-USMARC-1927	Host	absent	absent							fecal swab	clinical/host-associated material	clinical/host-associated material		fecal/stool swab	swab						2011	United States
Sample_Type_SD	root	anatomical_site	Host_Anatomical_Site_SD	Sample_Type fields should contain physical specimen/material values only.	GCA_000956405.1	SAMN03256326	Microbacterium oxydans	Isolation Source	Roots	Salix viminalis	Salix viminalis						Roots	clinical/host-associated material	clinical/host-associated material		root	plant-associated material	plant root/rhizosphere			plant-associated environment		absent	Belgium
Sample_Type_SD	avocado	unresolved	admin_review	Sample_Type fields should contain physical specimen/material values only.	GCA_000963835.2	SAMN03097209	Pseudomonas chlororaphis	Isolation Source	avocado roots	Persea americana	Persea americana						avocado roots	clinical/host-associated material	clinical/host-associated material		avocado	food/produce	plant root/rhizosphere					2013	Spain
Isolation_Source_SD	milk	sample_material	Sample_Type_SD	Physical specimen/material values should not be represented as strict source context.	GCA_000966835.2	SAMN03372370	Limosilactobacillus fermentum	Host	Homo sapiens	Homo sapiens	Homo sapiens							milk	food/dairy	Whole organism						host-associated environment		2012	United States
Sample_Type_SD	prawn product	unresolved	admin_review	Sample_Type fields should contain physical specimen/material values only.	GCA_000978665.1	SAMN03486935	Vibrio parahaemolyticus	Host	absent	absent							Banana Prawn	clinical/host-associated material	clinical/host-associated material		prawn product	aquatic food product						2014	Malaysia
Sample_Type_SD	prawn product	unresolved	admin_review	Sample_Type fields should contain physical specimen/material values only.	GCA_001006405.1	SAMN03486857	Vibrio parahaemolyticus	Host	absent	absent							Banana Prawn	clinical/host-associated material	clinical/host-associated material		prawn product	aquatic food product						2014	Malaysia
Sample_Type_SD	lettuce	unresolved	admin_review	Sample_Type fields should contain physical specimen/material values only.	GCA_001006565.1	SAMN03145039	Morganella morganii	Isolation Source	Lettuce Leaves	absent	Lactuca sativa						Lettuce Leaves	plant/produce food product	food	missing	lettuce	food/produce	leaf tissue					2013	Malaysia
Sample_Type_SD	estuary	unresolved	admin_review	Sample_Type fields should contain physical specimen/material values only.	GCA_001017575.1	SAMN03580996	Campylobacter lari	Isolation Source	estuary	absent							estuary	environmental material	environmental material		estuary	water				estuarine environment	estuary	absent	United States
Sample_Type_SD	long-term care facility	care_setting	Host_Care_Setting_SD	Sample_Type fields should contain physical specimen/material values only.	GCA_001019055.2	SAMN03255477	Staphylococcus aureus	Host	Homo sapiens	Homo sapiens	Homo sapiens						urine from long term care facility	healthcare facility	healthcare-associated environment		long-term care facility	healthcare-associated environment					long-term care facility	2004	United States
Sample_Type_SD_Broad	healthcare-associated environment	environment_broad_scale	Environment_Broad_Scale_SD	Sample_Type fields should contain physical specimen/material values only.	GCA_001019055.2	SAMN03255477	Staphylococcus aureus	Host	Homo sapiens	Homo sapiens	Homo sapiens						urine from long term care facility	healthcare facility	healthcare-associated environment		long-term care facility	healthcare-associated environment					long-term care facility	2004	United States
Sample_Type_SD	vaginal swab	collection_device	Sample_Collection_Device_SD	Sample_Type fields should contain physical specimen/material values only.	GCA_001020185.2	SAMN03733610	Streptococcus pyogenes	Isolation Source	vaginal swab	Homo sapiens	Homo sapiens					urogenital tract	vaginal swab	clinical/host-associated material	clinical/host-associated material		vaginal swab	swab	urogenital tract					2009	France
Isolation_Site_SD	gut content	sample_material	Sample_Type_SD	Site field contains non-anatomical context/material.	GCA_001020435.1	SAMN03702599	Enterococcus cecorum	Host	chicken	chicken	Gallus gallus					gastrointestinal tract	cecal content	clinical/host-associated material	clinical/host-associated material		gut content	gut content	gut content					2009	Belgium
Isolation_Site_SD	gut content	sample_material	Sample_Type_SD	Site field contains non-anatomical context/material.	GCA_001020445.1	SAMN03702600	Enterococcus cecorum	Host	chicken	chicken	Gallus gallus					gastrointestinal tract	cecal content	clinical/host-associated material	clinical/host-associated material		gut content	gut content	gut content					2009	Belgium
Sample_Type_SD	oral/oropharyngeal swab	collection_device	Sample_Collection_Device_SD	Sample_Type fields should contain physical specimen/material values only.	GCA_001026805.1	SAMN02837548	Corynebacterium diphtheriae bv. gravis str. ISS 4060	Host	Homo sapiens	Homo sapiens	Homo sapiens			patient			swab from patient with pharyngitis/tonsilitis				oral/oropharyngeal swab	swab						1999	Italy
Host_Health_State_SD	colonized	colonization_status	Host_Colonization_Status_SD	Colonization/carrier status should move to Host_Colonization_Status_SD.	GCA_001029355.1	SAMN02800742	Robinsoniella sp. RHS	Isolation Source	gnotobiotic mouse fecal sample colonized with soil-derived microbiota	Mus musculus strain C57Bl/6J (adult male germ-free mice)	Mus musculus			colonized			gnotobiotic mouse fecal sample colonized with soil-derived microbiota	environmental material	environmental material	missing	feces/stool	feces/stool		soil	soil	host-associated gut/oral/fecal environment		absent	United States
Isolation_Source_SD	baby faeces	sample_material	Sample_Type_SD	Physical specimen/material values should not be represented as strict source context.	GCA_001044025.1	SAMN03196652	Lacticaseibacillus rhamnosus	Isolation Source	baby faeces	Homo sapiens	Homo sapiens						baby faeces	baby faeces		not collected								absent	absent
Isolation_Source_SD	baby faeces	sample_material	Sample_Type_SD	Physical specimen/material values should not be represented as strict source context.	GCA_001044095.1	SAMN03196659	Lacticaseibacillus rhamnosus	Isolation Source	baby faeces	Homo sapiens	Homo sapiens						baby faeces	baby faeces		not collected								absent	absent
Sample_Type_SD	ice cream	unresolved	admin_review	Sample_Type fields should contain physical specimen/material values only.	GCA_001044575.1	SAMN03325928	Bacillus wiedmannii	Isolation Source	ice cream	absent							ice cream	clinical/host-associated material	clinical/host-associated material		ice cream	food/dairy						2004	Germany
Sample_Type_SD	probiotic product	unresolved	admin_review	Sample_Type fields should contain physical specimen/material values only.	GCA_001044775.1	SAMN03325938	Bacillus toyonensis	Host	absent	absent							Commercial probiotic	clinical/host-associated material	clinical/host-associated material		probiotic product							absent	absent
Isolation_Source_SD_Broad	tissue	sample_material	Sample_Type_SD	Broad source category mixes non-source semantic classes; document or migrate.	GCA_001047095.2	SAMD00031992	Fructobacillus fructosus	Host	absent	absent								tissue	tissue									absent	absent
Isolation_Source_SD	tissue	sample_material	Sample_Type_SD	Physical specimen/material values should not be represented as strict source context.	GCA_001047095.2	SAMD00031992	Fructobacillus fructosus	Host	absent	absent								tissue	tissue									absent	absent
Isolation_Source_SD_Broad	tissue	sample_material	Sample_Type_SD	Broad source category mixes non-source semantic classes; document or migrate.	GCA_001047115.2	SAMD00031993	Fructobacillus pseudoficulneus	Host	absent	absent								tissue	tissue									absent	absent
Isolation_Source_SD	tissue	sample_material	Sample_Type_SD	Physical specimen/material values should not be represented as strict source context.	GCA_001047115.2	SAMD00031993	Fructobacillus pseudoficulneus	Host	absent	absent								tissue	tissue									absent	absent
Sample_Type_SD	vaginal swab	collection_device	Sample_Collection_Device_SD	Sample_Type fields should contain physical specimen/material values only.	GCA_001049785.1	SAMN03801593	Gardnerella vaginalis	Isolation Source	Discarded cervico-vaginal swab	Homo sapiens	Homo sapiens					urogenital tract	Discarded cervico-vaginal swab	clinical/host-associated material	clinical/host-associated material	Discarded cervico-vaginal swab	vaginal swab	swab	urogenital tract					2011	United States
Sample_Type_SD	tomato	unresolved	admin_review	Sample_Type fields should contain physical specimen/material values only.	GCA_001051525.1	SAMN01816133	Salmonella enterica subsp. enterica serovar Newport str. 36807	Isolation Source	tomato farm	absent	Solanum lycopersicum						tomato farm	plant/produce food product	food		tomato	food/produce					farm	2007	United States
Sample_Type_SD	tomato	unresolved	admin_review	Sample_Type fields should contain physical specimen/material values only.	GCA_001051535.1	SAMN01816132	Salmonella enterica subsp. enterica serovar Newport str. 36805	Isolation Source	tomato farm	absent	Solanum lycopersicum						tomato farm	plant/produce food product	food		tomato	food/produce					farm	2007	United States
Isolation_Source_SD	sputum	sample_material	Sample_Type_SD	Physical specimen/material values should not be represented as strict source context.	GCA_001078295.1	SAMN03790814	Bordetella hinzii	Host	Homo sapiens	Homo sapiens	Homo sapiens						missing	sputum	clinical/host-associated material									2010	United States
Isolation_Source_SD	blood-derived material	sample_material	Sample_Type_SD	Physical specimen/material values should not be represented as strict source context.	GCA_001170365.1	SAMEA980179	Yersinia enterocolitica	Host	absent	absent								blood-derived material	clinical/host-associated material									absent	absent
Sample_Type_SD	eye swab	collection_device	Sample_Collection_Device_SD	Sample_Type fields should contain physical specimen/material values only.	GCA_001179385.1	SAMEA1033034	Streptococcus equi subsp. equi	Host	Horse	Horse	Equus caballus						Conjunctival swab	clinical/host-associated material	clinical/host-associated material		eye swab	swab						2003	United Kingdom
Isolation_Source_SD	blood-derived material	sample_material	Sample_Type_SD	Physical specimen/material values should not be represented as strict source context.	GCA_001204455.1	SAMEA949314	Burkholderia pseudomallei	Host	absent	absent								blood-derived material	clinical/host-associated material									absent	absent
Isolation_Source_SD	blood-derived material	sample_material	Sample_Type_SD	Physical specimen/material values should not be represented as strict source context.	GCA_001222265.1	SAMEA980158	Yersinia enterocolitica	Host	absent	absent								blood-derived material	clinical/host-associated material									absent	absent
Sample_Type_SD	spinach	unresolved	admin_review	Sample_Type fields should contain physical specimen/material values only.	GCA_001257675.2	SAMN01939119	Listeria monocytogenes CFSAN002349	Isolation Source	organic baby spinach	unknown							organic baby spinach	plant/produce food product	food		spinach	food/produce						2011	United States
Sample_Type_SD	cucumber	unresolved	admin_review	Sample_Type fields should contain physical specimen/material values only.	GCA_001269745.1	SAMN03891676	Pseudomonas sp. P97.38	Isolation Source	cucumber roots	Cucumis sativus	Cucumis sativus						cucumber roots	plant/produce food product	food		cucumber	plant-associated material	plant root/rhizosphere					2014	Switzerland
Sample_Type_SD_Broad	wastewater/sewage	environment_medium	Environment_Medium_SD	Sample_Type fields should contain physical specimen/material values only.	GCA_001273815.1	SAMN03975633	Citrobacter freundii	Host	absent	absent							hospital sewage	healthcare-associated environment	healthcare-associated environment		hospital sewage	wastewater/sewage		hospital sewage	wastewater/sewage	healthcare-associated environment	healthcare facility	2015	China
Sample_Type_SD	hospital sewage	environment_medium	Environment_Medium_SD	Environmental terms should not be physical sample type values.	GCA_001273815.1	SAMN03975633	Citrobacter freundii	Isolation Source	hospital sewage	absent							hospital sewage	healthcare-associated environment	healthcare-associated environment		hospital sewage	wastewater/sewage		hospital sewage	wastewater/sewage	healthcare-associated environment	healthcare facility	2015	China
Sample_Type_SD	peanut butter	unresolved	admin_review	Sample_Type fields should contain physical specimen/material values only.	GCA_001276665.1	SAMN03339650	Salmonella enterica subsp. enterica serovar Tennessee	Isolation Source	peanut butter	absent							peanut butter	clinical/host-associated material	clinical/host-associated material		peanut butter	food/plant product						absent	absent
Sample_Type_SD	peanut butter	unresolved	admin_review	Sample_Type fields should contain physical specimen/material values only.	GCA_001276845.1	SAMN03339651	Salmonella enterica subsp. enterica serovar Tennessee	Isolation Source	peanut butter	absent							peanut butter	clinical/host-associated material	clinical/host-associated material		peanut butter	food/plant product						absent	absent
Sample_Type_SD_Broad	wastewater/sewage	environment_medium	Environment_Medium_SD	Sample_Type fields should contain physical specimen/material values only.	GCA_001293085.1	SAMN04074798	Pseudomonas aeruginosa	Host	absent	absent							hospital sewage	healthcare-associated environment	healthcare-associated environment		hospital sewage	wastewater/sewage		hospital sewage	wastewater/sewage	healthcare-associated environment	healthcare facility	2014	China
Sample_Type_SD	hospital sewage	environment_medium	Environment_Medium_SD	Environmental terms should not be physical sample type values.	GCA_001293085.1	SAMN04074798	Pseudomonas aeruginosa	Isolation Source	hospital sewage	absent							hospital sewage	healthcare-associated environment	healthcare-associated environment		hospital sewage	wastewater/sewage		hospital sewage	wastewater/sewage	healthcare-associated environment	healthcare facility	2014	China
Sample_Type_SD	cold seep	unresolved	admin_review	Sample_Type fields should contain physical specimen/material values only.	GCA_001302425.1	SAMN03144685	Aerophobetes bacterium AeroCD12-1	Isolation Source	saline sediment sample near a cold seep in the Red Sea								saline sediment sample near a cold seep in the Red Sea	environmental material	environmental material		cold seep	environmental/geologic material		agricultural/food-production water	water	marine environment	cold seep	2013	absent
Sample_Type_SD	skin/body-surface swab	collection_device	Sample_Collection_Device_SD	Sample_Type fields should contain physical specimen/material values only.	GCA_001316765.2	SAMN04011441	Klebsiella pneumoniae subsp. pneumoniae	Host	Homo sapiens	Homo sapiens	Homo sapiens						abdominal swab	clinical/host-associated material	clinical/host-associated material		skin/body-surface swab	clinical/host-associated material						2012	South Africa
Isolation_Source_SD_Broad	tissue	sample_material	Sample_Type_SD	Broad source category mixes non-source semantic classes; document or migrate.	GCA_001322205.1	SAMEA1016066	Mycobacterium tuberculosis	Host	absent	absent								tissue	tissue									absent	absent
Isolation_Source_SD	tissue	sample_material	Sample_Type_SD	Physical specimen/material values should not be represented as strict source context.	GCA_001322205.1	SAMEA1016066	Mycobacterium tuberculosis	Host	absent	absent								tissue	tissue									absent	absent
Sample_Type_SD	fish product	host_context	Host_Context_SD	Sample_Type fields should contain physical specimen/material values only.	GCA_001434745.1	SAMN02369426	Companilactobacillus alimentarius DSM 20249	Isolation Source	marinated fish product	absent							marinated fish product	seafood/aquatic food product	aquatic food product		fish product	aquatic food product						1983	absent
Sample_Type_SD	probiotic product	unresolved	admin_review	Sample_Type fields should contain physical specimen/material values only.	GCA_001447955.1	SAMN04129541	Bifidobacterium longum subsp. longum	Host	absent	absent							Commercial Probiotic 15	clinical/host-associated material	clinical/host-associated material	Commercial Probiotic	probiotic product							2014	United States
Sample_Type_SD	probiotic product	unresolved	admin_review	Sample_Type fields should contain physical specimen/material values only.	GCA_001447975.1	SAMN04129533	Bifidobacterium longum subsp. longum	Host	absent	absent							Commercial Probiotic 15	clinical/host-associated material	clinical/host-associated material	Commercial Probiotic	probiotic product							2014	United States
Sample_Type_SD	wound/lesion/abscess swab	collection_device	Sample_Collection_Device_SD	Sample_Type fields should contain physical specimen/material values only.	GCA_001471855.2	SAMN03996270	Acinetobacter baumannii	Host	Homo sapiens	Homo sapiens	Homo sapiens						ulcer swab	clinical fluid/material	clinical fluid/material		wound/lesion/abscess swab	clinical fluid/material						2013	United States
Sample_Type_SD	liquid culture	sample_processing	Sample_Processing_SD	Processing/preparation terms should move to Sample_Processing_SD.	GCA_001484095.1	SAMN04158631	Ralstonia solanacearum	Sample Type	Liquid culture	Tomato	Solanum lycopersicum						missing			Liquid culture	liquid culture	culture						2010	China
Sample_Type_SD	cloacal swab	collection_device	Sample_Collection_Device_SD	Sample_Type fields should contain physical specimen/material values only.	GCA_001484825.1	SAMN04216960	Mycoplasmopsis meleagridis	Isolation Source	cloacal swab	Meleagris gallopavo	Meleagris gallopavo						cloacal swab	clinical/host-associated material	clinical/host-associated material		cloacal swab	swab	cloaca					2011	Italy
Sample_Type_SD_Broad	wastewater/sewage	environment_medium	Environment_Medium_SD	Sample_Type fields should contain physical specimen/material values only.	GCA_001484935.1	SAMN03268929	Acinetobacter johnsonii XBB1	Host	absent	absent							Hospital sewage	healthcare-associated environment	healthcare-associated environment		hospital sewage	wastewater/sewage		hospital sewage	wastewater/sewage	healthcare-associated environment	healthcare facility	2012	China
Sample_Type_SD	hospital sewage	environment_medium	Environment_Medium_SD	Environmental terms should not be physical sample type values.	GCA_001484935.1	SAMN03268929	Acinetobacter johnsonii XBB1	Isolation Source	Hospital sewage	absent							Hospital sewage	healthcare-associated environment	healthcare-associated environment		hospital sewage	wastewater/sewage		hospital sewage	wastewater/sewage	healthcare-associated environment	healthcare facility	2012	China
Sample_Type_SD	bootsock/environmental swab	collection_device	Sample_Collection_Device_SD	Sample_Type fields should contain physical specimen/material values only.	GCA_001487265.1	SAMEA3683363	Campylobacter coli	Host	Bootsock, Blencathra	Bootsock, Blencathra							soil	environmental material	environmental material		bootsock/environmental swab	swab		soil	soil	terrestrial environment		2014	United Kingdom
Sample_Type_SD	bootsock/environmental swab	collection_device	Sample_Collection_Device_SD	Sample_Type fields should contain physical specimen/material values only.	GCA_001488035.1	SAMEA3683501	Campylobacter coli	Host	Bootsock, Great Harwood	Bootsock, Great Harwood							soil	environmental material	environmental material		bootsock/environmental swab	swab		soil	soil	terrestrial environment		2014	United Kingdom
Sample_Type_SD	bootsock/environmental swab	collection_device	Sample_Collection_Device_SD	Sample_Type fields should contain physical specimen/material values only.	GCA_001488055.1	SAMEA3683377	Campylobacter coli	Host	Bootsock, Great Harwood	Bootsock, Great Harwood							soil	environmental material	environmental material		bootsock/environmental swab	swab		soil	soil	terrestrial environment		2014	United Kingdom
Isolation_Source_SD	mandibular lymphnode (abscess)	sample_material	Sample_Type_SD	Physical specimen/material values should not be represented as strict source context.	GCA_001510555.1	SAMN04221176	Streptococcus equi subsp. equi	Isolation Source	mandibular lymphnode (abscess)	horse	Equus caballus						mandibular lymphnode (abscess)	mandibular lymphnode (abscess)										1981	United States
Host_Health_State_SD	alive	vital_status	Host_Vital_Status_SD	Vital status should move to Host_Vital_Status_SD.	GCA_001514355.1	SAMN04158498	Achromobacter denitrificans	Host Health State	alive	Bos taurus	Bos taurus			alive			nasopharynx	clinical/host-associated material	clinical/host-associated material		nasopharynx/oropharynx	upper respiratory tract	nasopharynx/oropharynx					2013	United States
Host_Health_State_SD	alive	vital_status	Host_Vital_Status_SD	Vital status should move to Host_Vital_Status_SD.	GCA_001518795.1	SAMN04158504	Aerococcus urinaeequi	Host Health State	alive	Bos taurus	Bos taurus			alive			nasopharynx	clinical/host-associated material	clinical/host-associated material		nasopharynx/oropharynx	upper respiratory tract	nasopharynx/oropharynx					2013	United States
Host_Health_State_SD	alive	vital_status	Host_Vital_Status_SD	Vital status should move to Host_Vital_Status_SD.	GCA_001518835.1	SAMN04158503	Leclercia adecarboxylata	Host Health State	alive	Bos taurus	Bos taurus			alive			nasopharynx	clinical/host-associated material	clinical/host-associated material		nasopharynx/oropharynx	upper respiratory tract	nasopharynx/oropharynx					2013	United States
Sample_Type_SD	plate culture	sample_processing	Sample_Processing_SD	Processing/preparation terms should move to Sample_Processing_SD.	GCA_001594165.1	SAMN04404261	Brucella suis 019	Sample Type	streak plate culture	sheep	Ovis aries									streak plate culture	plate culture	culture						1983	China
Sample_Type_SD	liquid culture	sample_processing	Sample_Processing_SD	Processing/preparation terms should move to Sample_Processing_SD.	GCA_001597905.1	SAMN04526190	Clostridium sporogenes	Sample Type	Liquid Culture	Neotoma albigula	Neotoma albigula						feces	clinical/host-associated material	clinical/host-associated material	Liquid Culture	liquid culture	culture				host-associated gut/oral/fecal environment	gut/fecal local context	2012	United States
Sample_Type_SD	oropharyngeal/throat swab	collection_device	Sample_Collection_Device_SD	Sample_Type fields should contain physical specimen/material values only.	GCA_001618085.1	SAMN03329021	Neisseria flavescens	Host	Homo sapiens	Homo sapiens	Homo sapiens						oropharyngeal swab	clinical/host-associated material	clinical/host-associated material		oropharyngeal/throat swab	swab	nasopharynx/oropharynx					2013	Italy
Sample_Type_SD	saline water	environment_medium	Environment_Medium_SD	Environmental terms should not be physical sample type values.	GCA_001625355.1	SAMN03107786	Marinomonas sp. TW1	Isolation Source	saline water	absent							saline water	environmental material	environmental material		saline water	water		saline/brine water	water	marine environment		1993	United States
Sample_Type_SD	ascites	unresolved	admin_review	Sample_Type fields should contain physical specimen/material values only.	GCA_001637825.1	SAMN04273132	Escherichia coli	Isolation Source	ascites fluid	Homo sapiens	Homo sapiens						ascites fluid	clinical/host-associated material	clinical/host-associated material		ascites	clinical fluid/material						2005	China
Host_Health_State_SD	healthy/control	study_group	Host_Study_Group_SD	Study group should move to Host_Study_Group_SD.	GCA_001643135.1	SAMN04489739	Sphingobium yanoikuyae	Host	Homo sapiens	Homo sapiens	Homo sapiens		healthy/no disease reported	healthy/control			Duodenal mucosa of Non-Celiac control	clinical/host-associated material	clinical/host-associated material	Tissue	tissue	tissue						2015	India
Sample_Type_SD	internal-site swab	collection_device	Sample_Collection_Device_SD	Sample_Type fields should contain physical specimen/material values only.	GCA_001643155.1	SAMN04494514	Serratia marcescens	Host	Opossum	Opossum	Didelphidae									tissue swab	internal-site swab	swab						2013	United States
Sample_Type_SD	respiratory swab	collection_device	Sample_Collection_Device_SD	Sample_Type fields should contain physical specimen/material values only.	GCA_001647675.1	SAMN04572529	Acinetobacter sp. NCu2D-2	Host	Mus musculus	Mus musculus	Mus musculus						tracheal swab from cat-captured mouse	clinical/host-associated material	clinical/host-associated material		respiratory swab	swab						2014	Germany
Sample_Type_SD	sterile body site	anatomical_site	Host_Anatomical_Site_SD	Sample_Type fields should contain physical specimen/material values only.	GCA_001682735.1	SAMN05327338	Streptococcus dysgalactiae subsp. equisimilis	Host	Homo sapiens	Homo sapiens	Homo sapiens						sterile site	clinical/host-associated material	clinical/host-associated material		sterile body site	clinical/host-associated material	sterile body site					absent	United States
Sample_Type_SD	sterile body site	anatomical_site	Host_Anatomical_Site_SD	Sample_Type fields should contain physical specimen/material values only.	GCA_001682755.1	SAMN05327340	Streptococcus dysgalactiae subsp. equisimilis	Host	Homo sapiens	Homo sapiens	Homo sapiens						sterile site	clinical/host-associated material	clinical/host-associated material		sterile body site	clinical/host-associated material	sterile body site					absent	United States
Sample_Type_SD	sterile body site	anatomical_site	Host_Anatomical_Site_SD	Sample_Type fields should contain physical specimen/material values only.	GCA_001682765.1	SAMN05327342	Streptococcus dysgalactiae subsp. equisimilis	Host	Homo sapiens	Homo sapiens	Homo sapiens						sterile site	clinical/host-associated material	clinical/host-associated material		sterile body site	clinical/host-associated material	sterile body site					absent	United States
Sample_Type_SD	laboratory culture	sample_processing	Sample_Processing_SD	Processing/preparation terms should move to Sample_Processing_SD.	GCA_001683065.1	SAMN04093744	Bacillus anthracis	Sample Type	Laboratory culture	absent							not applicable			Laboratory culture	laboratory culture	culture		laboratory	laboratory environment	laboratory environment	laboratory	absent	United States
Sample_Type_SD	laboratory culture	sample_processing	Sample_Processing_SD	Processing/preparation terms should move to Sample_Processing_SD.	GCA_001683095.1	SAMN04093743	Bacillus anthracis	Sample Type	Laboratory culture	absent							not applicable			Laboratory culture	laboratory culture	culture		laboratory	laboratory environment	laboratory environment	laboratory	absent	United States
Sample_Type_SD	laboratory culture	sample_processing	Sample_Processing_SD	Processing/preparation terms should move to Sample_Processing_SD.	GCA_001683135.1	SAMN04075676	Bacillus anthracis	Sample Type	Laboratory culture	absent							not applicable			Laboratory culture	laboratory culture	culture		laboratory	laboratory environment	laboratory environment	laboratory	absent	United States
Sample_Type_SD	cloacal swab	collection_device	Sample_Collection_Device_SD	Sample_Type fields should contain physical specimen/material values only.	GCA_001699125.1	SAMN03579565	Campylobacter fetus subsp. testudinum	Isolation Source	cloacal swab	Mauremys annamensis	Mauremys annamensis						cloacal swab	clinical/host-associated material	clinical/host-associated material		cloacal swab	swab	cloaca					2011	Netherlands
Sample_Type_SD	spinach	unresolved	admin_review	Sample_Type fields should contain physical specimen/material values only.	GCA_001713515.2	SAMN05180023	Salmonella enterica subsp. enterica serovar Enteritidis	Isolation Source	organic spinach	unknown							organic spinach	plant/produce food product	food		spinach	food/produce						2011	United States
Sample_Type_SD	ice cream	unresolved	admin_review	Sample_Type fields should contain physical specimen/material values only.	GCA_001720925.1	SAMN03447009	Listeria monocytogenes	Isolation Source	chocolate ice cream	absent							chocolate ice cream	clinical/host-associated material	clinical/host-associated material		ice cream	food/dairy						2015	United States
Isolation_Source_SD	midgut content	sample_material	Sample_Type_SD	Physical specimen/material values should not be represented as strict source context.	GCA_001853455.1	SAMN05712591	Serratia marcescens	Isolation Source	midgut content	Anopheles stephensi (mosquito)	Anopheles stephensi						midgut content	midgut content		midgut content								absent	absent
Sample_Type_SD	skin/body-surface swab	collection_device	Sample_Collection_Device_SD	Sample_Type fields should contain physical specimen/material values only.	GCA_001876005.1	SAMN05729418	Corynebacterium diphtheriae	Host	Homo sapiens	Homo sapiens	Homo sapiens						Groin swab	clinical/host-associated material	clinical/host-associated material		skin/body-surface swab	clinical/host-associated material						2015	South Africa
Isolation_Source_SD	cerebrospinal fluid	sample_material	Sample_Type_SD	Physical specimen/material values should not be represented as strict source context.	GCA_001889545.1	SAMN05879666	Granulibacter bethesdensis	Host	Homo sapiens	Homo sapiens	Homo sapiens		infectious disease	diseased			Male patient with Chronic Granulomatous Disease	cerebrospinal fluid	clinical/host-associated material									2012	Portugal
Sample_Type_SD	respiratory swab	collection_device	Sample_Collection_Device_SD	Sample_Type fields should contain physical specimen/material values only.	GCA_001900245.1	SAMN05938804	Mycoplasmopsis pullorum	Host	Gallus gallus	Gallus gallus	Gallus gallus					lower respiratory tract/bronch/pleural cavity	trachea	clinical/host-associated material	clinical/host-associated material	Tracheal swab	respiratory swab	swab	lower respiratory tract/bronch/pleural cavity				farm	2015	South Africa
Isolation_Source_SD	milk	sample_material	Sample_Type_SD	Physical specimen/material values should not be represented as strict source context.	GCA_001921665.1	SAMN06077114	Staphylococcus aureus	Isolation Source	milk sample	Homo sapiens	Homo sapiens						milk sample	milk	food/dairy									2012	Brazil
Sample_Type_SD	saline water	environment_medium	Environment_Medium_SD	Environmental terms should not be physical sample type values.	GCA_001968815.1	SAMN05687752	Motiliproteus sp. MSK22-1	Isolation Source	surface saline water	absent							surface saline water	environmental material	environmental material		saline water	water		saline/brine water	water			2015	Japan
Sample_Type_SD	oropharyngeal/throat swab	collection_device	Sample_Collection_Device_SD	Sample_Type fields should contain physical specimen/material values only.	GCA_002005545.1	SAMN03219950	Streptococcus mitis	Host	Homo sapiens	Homo sapiens	Homo sapiens						pharyngeal swabs	clinical/host-associated material	clinical/host-associated material	whole organism	oropharyngeal/throat swab	swab						2013	China
Sample_Type_SD	cold seep	unresolved	admin_review	Sample_Type fields should contain physical specimen/material values only.	GCA_002049495.1	SAMN03267309	Epsilonproteobacteria bacterium tcs-49	Isolation Source	biofilm from from a cold seep								biofilm from from a cold seep	environmental material	environmental material	Metagenomic assembly	cold seep	environmental/geologic material		biofilm	biofilm		cold seep	2013	Saudi Arabia
Isolation_Source_SD	Lizard Faeces	sample_material	Sample_Type_SD	Physical specimen/material values should not be represented as strict source context.	GCA_002064595.1	SAMN02368599	Salmonella enterica subsp. enterica serovar Kentucky	Isolation Source	Lizard Faeces	unknown	Sauria					feces/stool	Lizard Faeces	Lizard Faeces										2011	Nigeria
Isolation_Source_SD	Lizard, faeces	sample_material	Sample_Type_SD	Physical specimen/material values should not be represented as strict source context.	GCA_002065465.1	SAMN02368604	Salmonella enterica subsp. enterica serovar Mbandaka	Isolation Source	Lizard, faeces	unknown	Sauria					feces/stool	Lizard, faeces	Lizard, faeces										2011	Nigeria
Isolation_Source_SD	Lizard faeces	sample_material	Sample_Type_SD	Physical specimen/material values should not be represented as strict source context.	GCA_002065785.1	SAMN02368557	Salmonella enterica subsp. enterica serovar Elizabethville	Isolation Source	Lizard faeces	unknown	Sauria					feces/stool	Lizard faeces	Lizard faeces										2011	Nigeria
Isolation_Source_SD	Rodent faeces	sample_material	Sample_Type_SD	Physical specimen/material values should not be represented as strict source context.	GCA_002066145.1	SAMN02368535	Salmonella enterica subsp. enterica serovar Bonariensis	Isolation Source	Rodent faeces	unknown	Rodentia					feces/stool	Rodent faeces	Rodent faeces										2011	Nigeria
Host_Health_State_SD	healthy/control	study_group	Host_Study_Group_SD	Study group should move to Host_Study_Group_SD.	GCA_002075615.1	SAMN06124517	Cronobacter sakazakii	Host	absent	absent			healthy/no disease reported	healthy/control			powdered infant formula control	clinical/host-associated material	clinical/host-associated material	food	food	food				food-associated environment		2011	Switzerland
Host_Health_State_SD	healthy/control	study_group	Host_Study_Group_SD	Study group should move to Host_Study_Group_SD.	GCA_002075655.1	SAMN06124516	Cronobacter sakazakii	Host	absent	absent			healthy/no disease reported	healthy/control			powdered infant formula control	clinical/host-associated material	clinical/host-associated material	food	food	food				food-associated environment		2011	Switzerland
Sample_Type_SD	plate culture	sample_processing	Sample_Processing_SD	Processing/preparation terms should move to Sample_Processing_SD.	GCA_002079285.1	SAMN04571918	Lacticaseibacillus paracasei	Sample Type	Plate culture	absent	Bos taurus						beef from cattle Peranakan Ongole	beef/meat product	food/meat	Plate culture	plate culture	culture						2014	Indonesia
Sample_Type_SD	wildlife	unresolved	admin_review	Sample_Type fields should contain physical specimen/material values only.	GCA_002083265.2	SAMN04875554	Pasteurella multocida	Isolation Source	wildlife from the National Animal Disease Center	Bison	Bison			diseased			wildlife from the National Animal Disease Center	clinical/host-associated material	clinical/host-associated material		wildlife	host-associated context						absent	United States
Isolation_Source_SD	broncho-alveolar lavage	sample_material	Sample_Type_SD	Physical specimen/material values should not be represented as strict source context.	GCA_002086855.1	SAMN06339046	Mycobacterium persicum	Isolation Source	broncho-alveolar lavage	Homo sapiens	Homo sapiens						broncho-alveolar lavage	broncho-alveolar lavage										2011	Netherlands
Isolation_Source_SD	broncho-alveolar lavage	sample_material	Sample_Type_SD	Physical specimen/material values should not be represented as strict source context.	GCA_002086895.1	SAMN06339043	Mycobacterium kansasii	Isolation Source	broncho-alveolar lavage	Homo sapiens	Homo sapiens			diseased			broncho-alveolar lavage	broncho-alveolar lavage										2010	Netherlands
Isolation_Source_SD	broncho-alveolar lavage	sample_material	Sample_Type_SD	Physical specimen/material values should not be represented as strict source context.	GCA_002086925.1	SAMN06339041	Mycobacterium persicum	Isolation Source	broncho-alveolar lavage	Homo sapiens	Homo sapiens						broncho-alveolar lavage	broncho-alveolar lavage										2010	Netherlands
Sample_Type_SD	rectal/cloacal/perianal swab	collection_device	Sample_Collection_Device_SD	Sample_Type fields should contain physical specimen/material values only.	GCA_002094785.1	SAMN06675397	Pseudomonas putida	Host	chicken	chicken	Gallus gallus					gastrointestinal tract	cloaca swab	clinical/host-associated material	clinical/host-associated material		rectal/cloacal/perianal swab	swab	gastrointestinal tract					2014	China
Sample_Type_SD	rectal/cloacal/perianal swab	collection_device	Sample_Collection_Device_SD	Sample_Type fields should contain physical specimen/material values only.	GCA_002094795.1	SAMN06675396	Pseudomonas putida	Host	chicken	chicken	Gallus gallus					gastrointestinal tract	cloaca swab	clinical/host-associated material	clinical/host-associated material		rectal/cloacal/perianal swab	swab	gastrointestinal tract					2014	China
Isolation_Source_SD	gastric lavage	sample_material	Sample_Type_SD	Physical specimen/material values should not be represented as strict source context.	GCA_002101675.1	SAMN04216929	Mycobacterium gordonae	Isolation Source	gastric lavage	Homo sapiens	Homo sapiens						gastric lavage	gastric lavage										absent	absent
Isolation_Source_SD	gastric lavage	sample_material	Sample_Type_SD	Physical specimen/material values should not be represented as strict source context.	GCA_002102175.1	SAMN04216928	Mycobacterium gastri	Isolation Source	gastric lavage	Homo sapiens	Homo sapiens						gastric lavage	gastric lavage										absent	absent
Isolation_Source_SD	Broncho-Alveolar Lavage	sample_material	Sample_Type_SD	Physical specimen/material values should not be represented as strict source context.	GCA_002150525.1	SAMN06191597	Klebsiella pneumoniae	Isolation Source	Broncho-Alveolar Lavage	Homo sapiens	Homo sapiens						Broncho-Alveolar Lavage	Broncho-Alveolar Lavage										2014	Italy
Isolation_Source_SD	Broncho-Alveolar Lavage	sample_material	Sample_Type_SD	Physical specimen/material values should not be represented as strict source context.	GCA_002150665.1	SAMN06191600	Klebsiella pneumoniae	Isolation Source	Broncho-Alveolar Lavage	Homo sapiens	Homo sapiens						Broncho-Alveolar Lavage	Broncho-Alveolar Lavage										2014	Italy
Isolation_Source_SD	Bronchoalvelar lavage (BAL)	sample_material	Sample_Type_SD	Physical specimen/material values should not be represented as strict source context.	GCA_002165535.1	SAMN05173299	Enterobacter kobei	Isolation Source	Bronchoalvelar lavage (BAL)	Homo sapiens	Homo sapiens						Bronchoalvelar lavage (BAL)	Bronchoalvelar lavage (BAL)										2011	China
Sample_Type_SD	rhizosphere	unresolved	admin_review	Sample_Type fields should contain physical specimen/material values only.	GCA_002215075.1	SAMN06028204	Brevibacillus formosus	Host	kiwi fruit plant rhizosphere	kiwi fruit plant rhizosphere							soil	environmental material	environmental material	missing	rhizosphere	plant-associated material		soil	soil	terrestrial environment		2012	China
Sample_Type_SD	rhizosphere	unresolved	admin_review	Sample_Type fields should contain physical specimen/material values only.	GCA_002233715.1	SAMN07125953	Rhodococcus erythropolis	Sample Type	rhizosphere sample	Salix atrocinerea	Salix atrocinerea									rhizosphere sample	rhizosphere	plant-associated material	plant root/rhizosphere	soil	soil	plant-associated environment		2014	Spain
Isolation_Source_SD	broncoalveolar lavage	sample_material	Sample_Type_SD	Physical specimen/material values should not be represented as strict source context.	GCA_002235035.1	SAMN06917660	Klebsiella pneumoniae	Isolation Source	broncoalveolar lavage	Homo sapiens	Homo sapiens						broncoalveolar lavage	broncoalveolar lavage										2014	Italy
Isolation_Source_SD	purulent material	sample_material	Sample_Type_SD	Physical specimen/material values should not be represented as strict source context.	GCA_002235155.1	SAMN06917652	Klebsiella pneumoniae	Isolation Source	purulent material	Homo sapiens	Homo sapiens						purulent material	purulent material										2013	Italy
Isolation_Source_SD	broncoalveolar lavage	sample_material	Sample_Type_SD	Physical specimen/material values should not be represented as strict source context.	GCA_002235395.1	SAMN06917636	Klebsiella pneumoniae	Isolation Source	broncoalveolar lavage	Homo sapiens	Homo sapiens						broncoalveolar lavage	broncoalveolar lavage										2013	Italy
Isolation_Source_SD	broncoalveolar lavage	sample_material	Sample_Type_SD	Physical specimen/material values should not be represented as strict source context.	GCA_002235535.1	SAMN06917629	Klebsiella pneumoniae	Isolation Source	broncoalveolar lavage	Homo sapiens	Homo sapiens						broncoalveolar lavage	broncoalveolar lavage										2013	Italy
Sample_Type_SD	wound/lesion/abscess swab	collection_device	Sample_Collection_Device_SD	Sample_Type fields should contain physical specimen/material values only.	GCA_002236345.1	SAMN06917614	Klebsiella pneumoniae	Host	Homo sapiens	Homo sapiens	Homo sapiens						sacral ulcer swab	clinical fluid/material	clinical fluid/material		wound/lesion/abscess swab	clinical fluid/material						2012	Italy
Sample_Type_SD	eye swab	collection_device	Sample_Collection_Device_SD	Sample_Type fields should contain physical specimen/material values only.	GCA_002249615.1	SAMN02691894	Streptococcus pneumoniae E709	Host	Homo sapiens	Homo sapiens	Homo sapiens						ocular swab	clinical/host-associated material	clinical/host-associated material		eye swab	swab	organ/tissue site					2013	United States
Sample_Type_SD	eye swab	collection_device	Sample_Collection_Device_SD	Sample_Type fields should contain physical specimen/material values only.	GCA_002249685.1	SAMN02691895	Streptococcus pneumoniae K2521	Host	Homo sapiens	Homo sapiens	Homo sapiens						ocular swab	clinical/host-associated material	clinical/host-associated material		eye swab	swab	organ/tissue site					2013	United States
Isolation_Source_SD	lavage	sample_material	Sample_Type_SD	Physical specimen/material values should not be represented as strict source context.	GCA_002250685.1	SAMN07414881	Serratia marcescens	Isolation Source	lavage	Homo sapiens	Homo sapiens		respiratory disease	diseased			lavage	lavage										2017	Austria
Sample_Type_SD	saline water	environment_medium	Environment_Medium_SD	Environmental terms should not be physical sample type values.	GCA_002286845.1	SAMN07522602	Geitlerinema sp. FC II	Isolation Source	Saline water	absent							Saline water	environmental material	environmental material	whole organism	saline water	water		saline/brine water	water			2013	India
Sample_Type_SD	rectal/cloacal/perianal swab	collection_device	Sample_Collection_Device_SD	Sample_Type fields should contain physical specimen/material values only.	GCA_002812365.1	SAMN07503096	Klebsiella pneumoniae	Host	Homo sapiens	Homo sapiens	Homo sapiens						Sacral swab	clinical/host-associated material	clinical/host-associated material		rectal/cloacal/perianal swab	swab						2014	Australia
Sample_Type_SD	feed/fodder	unresolved	admin_review	Sample_Type fields should contain physical specimen/material values only.	GCA_002848385.1	SAMN08174306	Enterococcus faecium	Isolation Source	fodder	absent							fodder	clinical/host-associated material	clinical/host-associated material		feed/fodder							2016	China
Sample_Type_SD	rectal/perianal swab	collection_device	Sample_Collection_Device_SD	Sample_Type fields should contain physical specimen/material values only.	GCA_002915085.1	SAMN07839710	Escherichia coli	Host	Cervus elaphus	Cervus elaphus	Cervus elaphus					rectum/perianal region	Recto-anal Mucosal Swab (RAMS)	clinical/host-associated material	clinical/host-associated material		rectal/perianal swab	swab	rectum/perianal region					2014	New Zealand
Sample_Type_SD	rectal/perianal swab	collection_device	Sample_Collection_Device_SD	Sample_Type fields should contain physical specimen/material values only.	GCA_002915105.1	SAMN07839708	Escherichia coli	Host	Cervus elaphus	Cervus elaphus	Cervus elaphus					rectum/perianal region	Recto-anal Mucosal Swab (RAMS)	clinical/host-associated material	clinical/host-associated material		rectal/perianal swab	swab	rectum/perianal region					2014	New Zealand
Sample_Type_SD	rectal/perianal swab	collection_device	Sample_Collection_Device_SD	Sample_Type fields should contain physical specimen/material values only.	GCA_002915115.1	SAMN07839709	Escherichia coli	Host	Cervus elaphus	Cervus elaphus	Cervus elaphus					rectum/perianal region	Recto-anal Mucosal Swab (RAMS)	clinical/host-associated material	clinical/host-associated material		rectal/perianal swab	swab	rectum/perianal region					2014	New Zealand
Sample_Type_SD	clinical material	source_context	Isolation_Source_SD	Sample_Type fields should contain physical specimen/material values only.	GCA_002925805.1	SAMN08436979	Enterobacter cloacae complex sp.	Isolation Source	clinical material	Homo sapiens	Homo sapiens		infectious disease	diseased			clinical material	clinical sample	clinical/host-associated material		clinical material	clinical/host-associated material				clinical/host-associated material		2012	Czech Republic
Sample_Type_SD	estuary	unresolved	admin_review	Sample_Type fields should contain physical specimen/material values only.	GCA_002949975.1	SAMN08475992	Pseudomonas sp. LH1G9	Isolation Source	estuary	absent							estuary	environmental material	environmental material		estuary	water				estuarine environment	estuary	2016	Hungary
Isolation_Source_SD	biopsy	sample_material	Sample_Type_SD	Physical specimen/material values should not be represented as strict source context.	GCA_002983705.1	SAMN06173313	Helicobacter pylori	Host	Homo sapiens	Homo sapiens	Homo sapiens			patient			duodenal ulcer from patient in Tennessee	biopsy	clinical/host-associated material									1994	United States
Isolation_Source_SD	milk	sample_material	Sample_Type_SD	Physical specimen/material values should not be represented as strict source context.	GCA_003023825.1	SAMN08741665	Lactiplantibacillus plantarum	Isolation Source	milk sample	absent							milk sample	milk	food/dairy	whole organism								2016	India
Isolation_Source_SD	biogas reactor content	sample_material	Sample_Type_SD	Physical specimen/material values should not be represented as strict source context.	GCA_003052365.1	SAMN08667745	Coprothermobacter proteolyticus	Isolation Source	biogas reactor content	absent							biogas reactor content	biogas reactor content										2017	Norway
Isolation_Source_SD	biogas reactor content	sample_material	Sample_Type_SD	Physical specimen/material values should not be represented as strict source context.	GCA_003052375.1	SAMN08667746	Coprothermobacter proteolyticus	Isolation Source	biogas reactor content	absent							biogas reactor content	biogas reactor content										2017	Norway
Sample_Type_SD	clinical material	source_context	Isolation_Source_SD	Sample_Type fields should contain physical specimen/material values only.	GCA_003057395.1	SAMN08450112	Enterobacter cloacae complex sp.	Isolation Source	clinical material	Homo sapiens	Homo sapiens		infectious disease	diseased			clinical material	clinical sample	clinical/host-associated material		clinical material	clinical/host-associated material				clinical/host-associated material		2016	Czech Republic
Isolation_Source_SD_Broad	animal tissue/site	sample_material	Sample_Type_SD	Broad source category mixes non-source semantic classes; document or migrate.	GCA_003062205.1	SAMN08363457	Candidatus Sedimenticola endophacoides	Host	Phacoides pectinatus	Phacoides pectinatus	Phacoides pectinatus						gill sample from 3 different clams	gill	animal tissue/site	metagenomic assembly								2017	United States
Isolation_Source_SD_Broad	animal tissue/site	sample_material	Sample_Type_SD	Broad source category mixes non-source semantic classes; document or migrate.	GCA_003062215.1	SAMN08363456	Candidatus Sedimenticola endophacoides	Host	Phacoides pectinatus	Phacoides pectinatus	Phacoides pectinatus						gill sample from 2 different clams	gill	animal tissue/site	metagenomic assembly								2017	United States
Isolation_Source_SD_Broad	animal tissue/site	sample_material	Sample_Type_SD	Broad source category mixes non-source semantic classes; document or migrate.	GCA_003062345.1	SAMN08363458	Candidatus Sedimenticola endophacoides	Host	Phacoides pectinatus	Phacoides pectinatus	Phacoides pectinatus						gill sample from 2 different clams	gill	animal tissue/site	metagenomic assembly								2014	United States
Sample_Type_SD	food/animal-production swab	collection_device	Sample_Collection_Device_SD	Sample_Type fields should contain physical specimen/material values only.	GCA_003063105.1	SAMN08644576	Klebsiella pneumoniae	Host	absent	absent							truck swab	food/animal-production swab	food		food/animal-production swab	food						2014	Germany
Sample_Type_SD	food/animal-production swab	collection_device	Sample_Collection_Device_SD	Sample_Type fields should contain physical specimen/material values only.	GCA_003063145.1	SAMN08644578	Klebsiella pneumoniae	Host	absent	absent							hatchery swab	food/animal-production swab	food		food/animal-production swab	food						2014	Germany
Sample_Type_SD	food/animal-production swab	collection_device	Sample_Collection_Device_SD	Sample_Type fields should contain physical specimen/material values only.	GCA_003063185.1	SAMN08644577	Klebsiella pneumoniae	Host	absent	absent							truck swab	food/animal-production swab	food		food/animal-production swab	food						2014	Germany
Isolation_Source_SD_Broad	swab	collection_device	Sample_Collection_Device_SD	Broad source category mixes non-source semantic classes; document or migrate.	GCA_003181595.1	SAMN07326160	Clostridium perfringens	Host	Gallus gallus	Gallus gallus	Gallus gallus		healthy/no disease reported	healthy			healthy chicken	cloacal swab	swab	whole organism								2014	Australia
Isolation_Source_SD_Broad	swab	collection_device	Sample_Collection_Device_SD	Broad source category mixes non-source semantic classes; document or migrate.	GCA_003181625.1	SAMN07326156	Clostridium perfringens	Host	Gallus gallus	Gallus gallus	Gallus gallus		healthy/no disease reported	healthy			healthy chicken	cloacal swab	swab	whole organism								2008	Australia
Isolation_Source_SD_Broad	swab	collection_device	Sample_Collection_Device_SD	Broad source category mixes non-source semantic classes; document or migrate.	GCA_003181895.1	SAMN07326161	Clostridium perfringens	Host	Gallus gallus	Gallus gallus	Gallus gallus		healthy/no disease reported	healthy			healthy chicken	cloacal swab	swab	whole organism								2005	Belgium
Sample_Type_SD	oropharyngeal/throat swab	collection_device	Sample_Collection_Device_SD	Sample_Type fields should contain physical specimen/material values only.	GCA_003194045.1	SAMN09269643	Corynebacterium diphtheriae	Host	Homo sapiens	Homo sapiens	Homo sapiens		diphtheria	diseased			Pharyngeal swab	clinical/host-associated material	clinical/host-associated material		oropharyngeal/throat swab	swab	nasopharynx/oropharynx					2011	Australia
Host_Health_State_SD	colonized	colonization_status	Host_Colonization_Status_SD	Colonization/carrier status should move to Host_Colonization_Status_SD.	GCA_003202285.1	SAMN05284053	Prauserella muralis	Isolation Source	mold-colonized wall of an indoor environment	absent				colonized			mold-colonized wall of an indoor environment	environmental material	environmental material	pure culture	culture	culture		wastewater	water			2009	Germany
Isolation_Source_SD	purulent material	sample_material	Sample_Type_SD	Physical specimen/material values should not be represented as strict source context.	GCA_003261075.1	SAMN09434609	Escherichia coli	Isolation Source	purulent material	canine	Canis lupus familiaris						purulent material	purulent material										2017	Brazil
Isolation_Source_SD	sputum	sample_material	Sample_Type_SD	Physical specimen/material values should not be represented as strict source context.	GCA_003268455.1	SAMN04599302	Burkholderia pseudomallei	Host	Homo sapiens	Homo sapiens	Homo sapiens		melioidosis	patient			patient CF7 cystic fibrosis lung	sputum	clinical/host-associated material									2007	Australia
Isolation_Source_SD	sputum	sample_material	Sample_Type_SD	Physical specimen/material values should not be represented as strict source context.	GCA_003268465.1	SAMN04599301	Burkholderia pseudomallei	Host	Homo sapiens	Homo sapiens	Homo sapiens		melioidosis	patient			patient CF1 cystic fibrosis lung	sputum	clinical/host-associated material									1999	New Zealand
Isolation_Source_SD	Nasobronchial lavage	sample_material	Sample_Type_SD	Physical specimen/material values should not be represented as strict source context.	GCA_003345925.1	SAMN09708293	Acinetobacter baumannii	Isolation Source	Nasobronchial lavage	Homo sapiens	Homo sapiens						Nasobronchial lavage	Nasobronchial lavage										2015	Pakistan
Isolation_Source_SD	Nasobronchial lavage	sample_material	Sample_Type_SD	Physical specimen/material values should not be represented as strict source context.	GCA_003346005.1	SAMN09708309	Acinetobacter baumannii	Isolation Source	Nasobronchial lavage	Homo sapiens	Homo sapiens						Nasobronchial lavage	Nasobronchial lavage										2015	Pakistan
Sample_Type_SD	hospital wastewater	environment_medium	Environment_Medium_SD	Environmental terms should not be physical sample type values.	GCA_003441515.1	SAMN09859345	Pseudomonas aeruginosa	Isolation Source	hospital wastewaters	absent							hospital wastewaters	healthcare-associated environment	healthcare-associated environment		hospital wastewater	wastewater/sewage		hospital wastewater	wastewater/sewage	healthcare-associated environment	healthcare facility	2014	Singapore
Sample_Type_SD	hospital wastewater	environment_medium	Environment_Medium_SD	Environmental terms should not be physical sample type values.	GCA_003441535.1	SAMN09859346	Pseudomonas aeruginosa	Isolation Source	hospital wastewaters	absent							hospital wastewaters	healthcare-associated environment	healthcare-associated environment		hospital wastewater	wastewater/sewage		hospital wastewater	wastewater/sewage	healthcare-associated environment	healthcare facility	2014	Singapore
Sample_Type_SD	hospital wastewater	environment_medium	Environment_Medium_SD	Environmental terms should not be physical sample type values.	GCA_003441555.1	SAMN09859344	Pseudomonas aeruginosa	Isolation Source	hospital wastewaters	absent							hospital wastewaters	healthcare-associated environment	healthcare-associated environment		hospital wastewater	wastewater/sewage		hospital wastewater	wastewater/sewage	healthcare-associated environment	healthcare facility	2014	Singapore
Sample_Type_SD	internal-site swab	collection_device	Sample_Collection_Device_SD	Sample_Type fields should contain physical specimen/material values only.	GCA_003571065.1	SAMN09710958	Klebsiella pneumoniae	Host	Phocarctos hookeri	Phocarctos hookeri	Phocarctos hookeri						Joint swab	clinical/host-associated material	clinical/host-associated material		internal-site swab	swab						2013	New Zealand
Sample_Type_SD	internal-site swab	collection_device	Sample_Collection_Device_SD	Sample_Type fields should contain physical specimen/material values only.	GCA_003571075.1	SAMN09710957	Klebsiella pneumoniae	Host	Phocarctos hookeri	Phocarctos hookeri	Phocarctos hookeri						Atlanto-occipital joint swab	clinical/host-associated material	clinical/host-associated material		internal-site swab	swab						2012	New Zealand
Isolation_Source_SD	purulent material	sample_material	Sample_Type_SD	Physical specimen/material values should not be represented as strict source context.	GCA_003585325.1	SAMN07201002	Staphylococcus delphini	Isolation Source	purulent material	dolphin	Delphinidae						purulent material	purulent material										1988	Italy
Sample_Type_SD	wound/skin/pus swab	collection_device	Sample_Collection_Device_SD	Sample_Type fields should contain physical specimen/material values only.	GCA_003586225.1	SAMN07711216	Cutibacterium acnes	Host	Homo sapiens	Homo sapiens	Homo sapiens						Wound left skin swab	clinical/host-associated material	clinical/host-associated material	Wound No. 1 LT SKIN SWAB	wound/skin/pus swab	clinical/host-associated material	wound					absent	United States
Sample_Type_SD	ready-to-eat product	unresolved	admin_review	Sample_Type fields should contain physical specimen/material values only.	GCA_003592945.1	SAMN09407289	Listeria monocytogenes	Host	absent	absent							RTE Product	food/food product	food		ready-to-eat product	food						2018	United States
Sample_Type_SD	ready-to-eat product	unresolved	admin_review	Sample_Type fields should contain physical specimen/material values only.	GCA_003593165.1	SAMN09407288	Listeria monocytogenes	Host	absent	absent							RTE Product	food/food product	food		ready-to-eat product	food						2018	United States
Sample_Type_SD	ready-to-eat product	unresolved	admin_review	Sample_Type fields should contain physical specimen/material values only.	GCA_003593765.1	SAMN09435683	Listeria monocytogenes	Host	absent	absent							RTE Product	food/food product	food		ready-to-eat product	food						2018	United States
Sample_Type_SD	avocado	unresolved	admin_review	Sample_Type fields should contain physical specimen/material values only.	GCA_003593985.1	SAMN02921864	Listeria monocytogenes	Isolation Source	avocado pulp	absent							avocado pulp	clinical/host-associated material	clinical/host-associated material		avocado	food/produce						2006	United States
Sample_Type_SD	clinical material	source_context	Isolation_Source_SD	Sample_Type fields should contain physical specimen/material values only.	GCA_003605215.1	SAMN09935546	Staphylococcus aureus	Isolation Source	clinical material	Homo sapiens	Homo sapiens						clinical material	clinical sample	clinical/host-associated material		clinical material	clinical/host-associated material				clinical/host-associated material		2013	Greece
Sample_Type_SD	avocado	unresolved	admin_review	Sample_Type fields should contain physical specimen/material values only.	GCA_003609175.1	SAMN02850633	Listeria monocytogenes	Isolation Source	fresh hass avocado	absent	Viridiplantae						fresh hass avocado	clinical/host-associated material	clinical/host-associated material		avocado	food/produce						2014	United States
Host_Health_State_SD	exacerbation	disease_stage	Host_Disease_Stage_SD	Disease stage should move to Host_Disease_Stage_SD.	GCA_003625535.1	SAMN09947558	Moraxella catarrhalis	Host Health State	Exacerbation	Homo sapiens	Homo sapiens			exacerbation			sputum	clinical/host-associated material	clinical/host-associated material		sputum	clinical/host-associated material						2014	United Kingdom
Host_Health_State_SD	exacerbation	disease_stage	Host_Disease_Stage_SD	Disease stage should move to Host_Disease_Stage_SD.	GCA_003625545.1	SAMN09947555	Moraxella catarrhalis	Host Health State	Exacerbation	Homo sapiens	Homo sapiens			exacerbation			sputum	clinical/host-associated material	clinical/host-associated material		sputum	clinical/host-associated material						2013	United Kingdom
Host_Health_State_SD	exacerbation	disease_stage	Host_Disease_Stage_SD	Disease stage should move to Host_Disease_Stage_SD.	GCA_003625555.1	SAMN09947556	Moraxella catarrhalis	Host Health State	Exacerbation	Homo sapiens	Homo sapiens			exacerbation			sputum	clinical/host-associated material	clinical/host-associated material		sputum	clinical/host-associated material						2012	United Kingdom
Sample_Type_SD	catfish product	unresolved	admin_review	Sample_Type fields should contain physical specimen/material values only.	GCA_003750105.1	SAMN10346525	Salmonella enterica subsp. enterica serovar Anatum	Host	absent	absent							"""Product-Raw-Intact-Siluriformes\, Ictaluridae (Catfish)"""	clinical/host-associated material	clinical/host-associated material		catfish product	aquatic food product						2018	United States
Sample_Type_SD	estuary	unresolved	admin_review	Sample_Type fields should contain physical specimen/material values only.	GCA_003798505.1	SAMN08204774	Vibrio parahaemolyticus	Isolation Source	Estuary	absent							Estuary	environmental material	environmental material		estuary	water				estuarine environment	estuary	2013	United States
Sample_Type_SD	respiratory swab	collection_device	Sample_Collection_Device_SD	Sample_Type fields should contain physical specimen/material values only.	GCA_003835695.1	SAMN07424142	Pseudomonas aeruginosa	Host	Homo sapiens	Homo sapiens	Homo sapiens		cystic fibrosis	patient			child cystic fibrosis patient, cough swab				respiratory swab	swab						2013	United Kingdom
Sample_Type_SD	papaya	unresolved	admin_review	Sample_Type fields should contain physical specimen/material values only.	GCA_003870155.2	SAMN02847781	Salmonella enterica	Isolation Source	fresh papaya	absent							fresh papaya	plant/produce food product	food		papaya	food/produce						2014	United States
Sample_Type_SD	papaya	unresolved	admin_review	Sample_Type fields should contain physical specimen/material values only.	GCA_003876455.1	SAMN07519481	Salmonella enterica subsp. enterica	Isolation Source	fresh papaya	absent							fresh papaya	plant/produce food product	food		papaya	food/produce						2017	United States
Sample_Type_SD	kratom	unresolved	admin_review	Sample_Type fields should contain physical specimen/material values only.	GCA_003876675.1	SAMN08737147	Salmonella enterica	Isolation Source	kratom	absent							kratom	clinical/host-associated material	clinical/host-associated material		kratom	plant-associated material						2018	United States
Sample_Type_SD	cantaloupe	unresolved	admin_review	Sample_Type fields should contain physical specimen/material values only.	GCA_003877655.1	SAMN02844371	Salmonella enterica subsp. enterica serovar Kentucky	Isolation Source	whole fresh cantaloupe	absent							whole fresh cantaloupe	plant/produce food product	food		cantaloupe	food/produce						2006	United States
Sample_Type_SD	kratom	unresolved	admin_review	Sample_Type fields should contain physical specimen/material values only.	GCA_003879955.1	SAMN09242541	Salmonella enterica	Isolation Source	kratom mitragyna speciosa	absent							kratom mitragyna speciosa	clinical/host-associated material	clinical/host-associated material		kratom	plant-associated material						2018	United States
Sample_Type_SD	kratom	unresolved	admin_review	Sample_Type fields should contain physical specimen/material values only.	GCA_003879995.1	SAMN09242534	Salmonella enterica	Isolation Source	kratom mitragyna speciosa	absent							kratom mitragyna speciosa	clinical/host-associated material	clinical/host-associated material		kratom	plant-associated material						2018	United States
Isolation_Source_SD	Broncholaveolar lavage	sample_material	Sample_Type_SD	Physical specimen/material values should not be represented as strict source context.	GCA_003951185.1	SAMN10405415	Klebsiella aerogenes	Isolation Source	Broncholaveolar lavage	Homo sapiens	Homo sapiens						Broncholaveolar lavage	Broncholaveolar lavage										2016	United States
Sample_Type_SD	cilantro	unresolved	admin_review	Sample_Type fields should contain physical specimen/material values only.	GCA_004186335.1	SAMN01902385	Salmonella enterica subsp. enterica serovar Norwich	Isolation Source	fresh cilantro	absent							fresh cilantro	clinical/host-associated material	clinical/host-associated material		cilantro	food/produce						2011	United States
Isolation_Source_SD	ceca contents	sample_material	Sample_Type_SD	Physical specimen/material values should not be represented as strict source context.	GCA_004195085.1	SAMN10530972	Campylobacter jejuni	Isolation Source	ceca contents	chicken	Gallus gallus						ceca contents	ceca contents										2002	United States
Isolation_Source_SD	ceca contents	sample_material	Sample_Type_SD	Physical specimen/material values should not be represented as strict source context.	GCA_004195125.1	SAMN10530973	Campylobacter jejuni	Isolation Source	ceca contents	chicken	Gallus gallus						ceca contents	ceca contents										2002	United States
Isolation_Source_SD	ceca contents	sample_material	Sample_Type_SD	Physical specimen/material values should not be represented as strict source context.	GCA_004195185.1	SAMN10530970	Campylobacter jejuni	Isolation Source	ceca contents	chicken	Gallus gallus						ceca contents	ceca contents										2002	United States
Sample_Type_SD	cantaloupe	unresolved	admin_review	Sample_Type fields should contain physical specimen/material values only.	GCA_004215415.1	SAMN02845666	Salmonella enterica subsp. enterica serovar Heidelberg	Isolation Source	fresh cantaloupe	absent							fresh cantaloupe	plant/produce food product	food		cantaloupe	food/produce						2005	United States
Isolation_Source_SD	caeca content	sample_material	Sample_Type_SD	Physical specimen/material values should not be represented as strict source context.	GCA_004218565.1	SAMN09907453	Salmonella enterica	Isolation Source	caeca content	Gallus gallus domesticus	Gallus gallus						caeca content	caeca content										2015	Ecuador
Isolation_Source_SD	Nasobronchial lavage	sample_material	Sample_Type_SD	Physical specimen/material values should not be represented as strict source context.	GCA_004357105.1	SAMN09708303	Acinetobacter baumannii	Isolation Source	Nasobronchial lavage	Homo sapiens	Homo sapiens						Nasobronchial lavage	Nasobronchial lavage										2015	Pakistan
Sample_Type_SD	cantaloupe	unresolved	admin_review	Sample_Type fields should contain physical specimen/material values only.	GCA_004407055.1	SAMN02999665	Listeria monocytogenes	Isolation Source	whole cantaloupe	absent							whole cantaloupe	plant/produce food product	food		cantaloupe	food/produce						2014	United States
Sample_Type_SD	food-contact surface	study_group	Host_Study_Group_SD	Sample_Type fields should contain physical specimen/material values only.	GCA_004444565.1	SAMN03218396	Listeria monocytogenes	Host	absent	absent							food contact surface				food-contact surface	food/processing environment				food-associated environment	food-contact surface	2014	United States
Sample_Type_SD	food-contact surface	study_group	Host_Study_Group_SD	Sample_Type fields should contain physical specimen/material values only.	GCA_004444685.1	SAMN03218394	Listeria monocytogenes	Host	absent	absent							food contact surface				food-contact surface	food/processing environment				food-associated environment	food-contact surface	2014	United States
Sample_Type_SD	prawn product	unresolved	admin_review	Sample_Type fields should contain physical specimen/material values only.	GCA_004445165.1	SAMN03203181	Listeria monocytogenes	Host	absent	absent							individually quick frozen prawn	clinical/host-associated material	clinical/host-associated material		prawn product	aquatic food product						2014	United States
Sample_Type_SD	food-contact surface	study_group	Host_Study_Group_SD	Sample_Type fields should contain physical specimen/material values only.	GCA_004445225.1	SAMN03218393	Listeria monocytogenes	Host	absent	absent							food contact surface				food-contact surface	food/processing environment				food-associated environment	food-contact surface	2014	United States
Sample_Type_SD	cilantro	unresolved	admin_review	Sample_Type fields should contain physical specimen/material values only.	GCA_004506205.1	SAMN02569969	Listeria monocytogenes	Isolation Source	cilantro lose	absent							cilantro lose	clinical/host-associated material	clinical/host-associated material		cilantro	food/produce						2013	United States
Sample_Type_SD	cilantro	unresolved	admin_review	Sample_Type fields should contain physical specimen/material values only.	GCA_004507485.1	SAMN02569968	Listeria monocytogenes	Isolation Source	cilantro lose	absent							cilantro lose	clinical/host-associated material	clinical/host-associated material		cilantro	food/produce						2013	United States
Isolation_Source_SD	abomasum content	sample_material	Sample_Type_SD	Physical specimen/material values should not be represented as strict source context.	GCA_004546685.1	SAMN11102894	Listeria monocytogenes	Isolation Source	abomasum content	Capra aegagrus hircus	Capra hircus						abomasum content	abomasum content										2016	United States
Isolation_Source_SD	abomasum content	sample_material	Sample_Type_SD	Physical specimen/material values should not be represented as strict source context.	GCA_004547465.1	SAMN11102912	Listeria monocytogenes	Isolation Source	abomasum content	Capra aegagrus hircus	Capra hircus						abomasum content	abomasum content										2019	United States
Isolation_Source_SD	abomasum content	sample_material	Sample_Type_SD	Physical specimen/material values should not be represented as strict source context.	GCA_004548725.1	SAMN11102870	Listeria monocytogenes	Isolation Source	abomasum content	Capra aegagrus hircus	Capra hircus						abomasum content	abomasum content										2019	United States
Host_Health_State_SD	colonized	colonization_status	Host_Colonization_Status_SD	Colonization/carrier status should move to Host_Colonization_Status_SD.	GCA_004804375.1	SAMN11349924	Enterobacter bugandensis	Host Disease	colonized	Homo sapiens	Homo sapiens			colonized			throat swab	clinical/host-associated material	clinical/host-associated material		nasopharynx/oropharynx	upper respiratory tract	nasopharynx/oropharynx					2019	Germany
Sample_Type_SD	catfish product	unresolved	admin_review	Sample_Type fields should contain physical specimen/material values only.	GCA_005415835.1	SAMN10142515	Salmonella enterica subsp. enterica serovar Hartford	Host	absent	absent							"""Product-Raw-Intact-Siluriformes\, Ictaluridae (Catfish)"""	clinical/host-associated material	clinical/host-associated material		catfish product	aquatic food product						2018	United States
Isolation_Source_SD	caeca content	sample_material	Sample_Type_SD	Physical specimen/material values should not be represented as strict source context.	GCA_005421135.1	SAMN10498818	Salmonella enterica	Isolation Source	caeca content	Gallus gallus domesticus	Gallus gallus						caeca content	caeca content										2016	Ecuador
Isolation_Source_SD	caeca content	sample_material	Sample_Type_SD	Physical specimen/material values should not be represented as strict source context.	GCA_005428135.1	SAMN11127325	Salmonella enterica	Isolation Source	caeca content	Gallus gallus domesticus	Gallus gallus						caeca content	caeca content										2014	Ecuador
Sample_Type_SD	catfish product	unresolved	admin_review	Sample_Type fields should contain physical specimen/material values only.	GCA_005454905.1	SAMN10258660	Salmonella enterica subsp. enterica serovar Agbeni	Host	absent	absent							"""Product-Raw-Intact-Siluriformes\, Ictaluridae (Catfish)"""	clinical/host-associated material	clinical/host-associated material		catfish product	aquatic food product						2018	United States
Sample_Type_SD	plate culture	sample_processing	Sample_Processing_SD	Processing/preparation terms should move to Sample_Processing_SD.	GCA_005819805.1	SAMN11608782	Photobacterium damselae subsp. damselae	Sample Type	agar plate culture	absent	Dicentrarchus labrax						Dicentrarchus labrax	clinical/host-associated material	clinical/host-associated material	agar plate culture	plate culture	culture	organ/tissue site	culture medium	culture medium			2011	Turkey
Isolation_Source_SD_Broad	upper respiratory tract	anatomical_site	Host_Anatomical_Site_SD	Broad source category mixes non-source semantic classes; document or migrate.	GCA_005888215.1	SAMN04115934	Haemophilus influenzae biotype aegyptius	Host	Homo sapiens	Homo sapiens	Homo sapiens						Oropharynx from a Brazilian Purpuric Fever case	nasopharynx/oropharynx	upper respiratory tract	Whole organism								1984	Brazil
Isolation_Source_SD	broncho alveolar lavage	sample_material	Sample_Type_SD	Physical specimen/material values should not be represented as strict source context.	GCA_007375485.1	SAMN12273497	Pseudomonas aeruginosa	Isolation Source	broncho alveolar lavage	Homo sapiens	Homo sapiens						broncho alveolar lavage	broncho alveolar lavage										2016	Cameroon
Isolation_Source_SD	broncho alveolar lavage	sample_material	Sample_Type_SD	Physical specimen/material values should not be represented as strict source context.	GCA_007375495.1	SAMN12261616	Pseudomonas aeruginosa	Isolation Source	broncho alveolar lavage	Homo sapiens	Homo sapiens						broncho alveolar lavage	broncho alveolar lavage										2015	Cameroon
Sample_Type_SD	deciduous forest	unresolved	admin_review	Sample_Type fields should contain physical specimen/material values only.	GCA_007827045.1	SAMN10256292	Trebonia kvetii	Isolation Source	G0 mineral horizon of acid waterlogged soil (gleysol) under a deciduous forest	absent							G0 mineral horizon of acid waterlogged soil (gleysol) under a deciduous forest	environmental material	environmental material		deciduous forest	environmental material		soil	soil	terrestrial environment		2015	Czech Republic
Isolation_Source_SD_Broad	culture/isolate	sample_processing	Sample_Processing_SD	Broad source category mixes non-source semantic classes; document or migrate.	GCA_008435425.1	SAMN07213146	Salmonella enterica subsp. enterica serovar Ohio	Isolation Source	Isolated Organism	unknown							Isolated Organism	culture/isolate	culture/isolate									2017	United States
Isolation_Source_SD_Broad	culture/isolate	sample_processing	Sample_Processing_SD	Broad source category mixes non-source semantic classes; document or migrate.	GCA_008436265.1	SAMN07341689	Salmonella enterica subsp. enterica serovar Typhimurium	Isolation Source	Isolated Organism	unknown							Isolated Organism	culture/isolate	culture/isolate									2015	United States
Isolation_Source_SD_Broad	culture/isolate	sample_processing	Sample_Processing_SD	Broad source category mixes non-source semantic classes; document or migrate.	GCA_008437325.1	SAMN07341694	Salmonella enterica subsp. enterica	Isolation Source	Isolated Organism	unknown							Isolated Organism	culture/isolate	culture/isolate									2015	United States
Isolation_Source_SD	Gastric contents	sample_material	Sample_Type_SD	Physical specimen/material values should not be represented as strict source context.	GCA_008655575.1	SAMN04296698	Salmonella enterica subsp. enterica serovar Panama	Isolation Source	Gastric contents	unknown							Gastric contents	Gastric contents										2015	United States
Isolation_Source_SD	colonic content	sample_material	Sample_Type_SD	Physical specimen/material values should not be represented as strict source context.	GCA_008831045.1	SAMN12860421	Adlercreutzia muris	Isolation Source	colonic content	mouse	Mus musculus						colonic content	colonic content		whole organism								2014	Germany
Isolation_Source_SD	Bronco-alveolar lavage	sample_material	Sample_Type_SD	Physical specimen/material values should not be represented as strict source context.	GCA_009078415.1	SAMN10252954	Enterococcus faecium	Isolation Source	Bronco-alveolar lavage	Homo sapiens	Homo sapiens						Bronco-alveolar lavage	Bronco-alveolar lavage										2012	Brazil
Isolation_Source_SD	infant faeces	sample_material	Sample_Type_SD	Physical specimen/material values should not be represented as strict source context.	GCA_009684555.1	SAMN08498918	Bifidobacterium catenulatum subsp. kashiwanohense	Isolation Source	infant faeces	Homo sapiens	Homo sapiens						infant faeces	infant faeces		whole organism						host-associated gut/oral/fecal environment		2016	Ireland
Isolation_Site_SD	bronchoalveolar lavage fluid	sample_material	Sample_Type_SD	Site field contains non-anatomical context/material.	GCA_009684615.1	SAMN10537196	Klebsiella pneumoniae	Host	absent	absent						lower respiratory tract/bronch/pleural cavity	BALF	clinical fluid/material	clinical fluid/material		bronchoalveolar lavage fluid	respiratory sample	bronchoalveolar lavage fluid					2016	China
Isolation_Site_SD	bronchoalveolar lavage fluid	sample_material	Sample_Type_SD	Site field contains non-anatomical context/material.	GCA_009721585.1	SAMN12785160	Virgibacillus dakarensis	Host	Homo sapiens	Homo sapiens	Homo sapiens					lower respiratory tract/bronch/pleural cavity	BALF	clinical fluid/material	clinical fluid/material	pure culture	culture	culture	bronchoalveolar lavage fluid					2019	China
Sample_Type_SD	long-term care facility	care_setting	Host_Care_Setting_SD	Sample_Type fields should contain physical specimen/material values only.	GCA_009749545.1	SAMN13332050	Staphylococcus aureus	Host	Homo sapiens	Homo sapiens	Homo sapiens						Nursing home	healthcare facility	healthcare-associated environment		long-term care facility	healthcare-associated environment					long-term care facility	2017	United States
Sample_Type_SD_Broad	healthcare-associated environment	environment_broad_scale	Environment_Broad_Scale_SD	Sample_Type fields should contain physical specimen/material values only.	GCA_009749545.1	SAMN13332050	Staphylococcus aureus	Host	Homo sapiens	Homo sapiens	Homo sapiens						Nursing home	healthcare facility	healthcare-associated environment		long-term care facility	healthcare-associated environment					long-term care facility	2017	United States
Sample_Type_SD	long-term care facility	care_setting	Host_Care_Setting_SD	Sample_Type fields should contain physical specimen/material values only.	GCA_009749555.1	SAMN13332053	Staphylococcus aureus	Host	Homo sapiens	Homo sapiens	Homo sapiens						Nursing home	healthcare facility	healthcare-associated environment		long-term care facility	healthcare-associated environment					long-term care facility	2017	United States
Sample_Type_SD_Broad	healthcare-associated environment	environment_broad_scale	Environment_Broad_Scale_SD	Sample_Type fields should contain physical specimen/material values only.	GCA_009749555.1	SAMN13332053	Staphylococcus aureus	Host	Homo sapiens	Homo sapiens	Homo sapiens						Nursing home	healthcare facility	healthcare-associated environment		long-term care facility	healthcare-associated environment					long-term care facility	2017	United States
Isolation_Source_SD	ceacal content	sample_material	Sample_Type_SD	Physical specimen/material values should not be represented as strict source context.	GCA_009910555.1	SAMN09901020	Enterococcus faecalis	Isolation Source	ceacal content	ob/ob mouse	Mus musculus						ceacal content	ceacal content										2016	China
Isolation_Source_SD	ceacal content	sample_material	Sample_Type_SD	Physical specimen/material values should not be represented as strict source context.	GCA_009910975.1	SAMN09901067	Rodentibacter pneumotropicus	Isolation Source	ceacal content	ob/ob mouse	Mus musculus						ceacal content	ceacal content		whole organism				manure	agricultural fecal material			2016	China
Isolation_Source_SD	ceacal content	sample_material	Sample_Type_SD	Physical specimen/material values should not be represented as strict source context.	GCA_009911015.1	SAMN09901069	Phocaeicola sartorii	Isolation Source	ceacal content	ob/ob mouse	Mus musculus						ceacal content	ceacal content		whole organism				manure	agricultural fecal material			2016	China
Sample_Type_SD	cubital fossa	anatomical_site	Host_Anatomical_Site_SD	Sample_Type fields should contain physical specimen/material values only.	GCA_010137995.1	SAMN12508038	Staphylococcus epidermidis	Host	Homo sapiens	Homo sapiens	Homo sapiens						Cubital_fossa	clinical/host-associated material	clinical/host-associated material		cubital fossa	clinical/host-associated material						2010	United States
Sample_Type_SD	cubital fossa	anatomical_site	Host_Anatomical_Site_SD	Sample_Type fields should contain physical specimen/material values only.	GCA_010138015.1	SAMN12508036	Staphylococcus epidermidis	Host	Homo sapiens	Homo sapiens	Homo sapiens						Cubital_fossa	clinical/host-associated material	clinical/host-associated material		cubital fossa	clinical/host-associated material						2010	United States
Sample_Type_SD	cubital fossa	anatomical_site	Host_Anatomical_Site_SD	Sample_Type fields should contain physical specimen/material values only.	GCA_010138035.1	SAMN12508037	Staphylococcus epidermidis	Host	Homo sapiens	Homo sapiens	Homo sapiens						Cubital_fossa	clinical/host-associated material	clinical/host-associated material		cubital fossa	clinical/host-associated material						2010	United States
Isolation_Site_SD	gastric biopsy	sample_material	Sample_Type_SD	Site field contains non-anatomical context/material.	GCA_010917155.1	SAMN13950472	Helicobacter pylori	Isolation Source	gastric biopsy specimen	Homo sapiens	Homo sapiens		gastritis	diseased			gastric biopsy specimen	clinical/host-associated material	clinical/host-associated material		gastric biopsy	gut content	gastric biopsy					2017	Colombia
Isolation_Site_SD	gastric biopsy	sample_material	Sample_Type_SD	Site field contains non-anatomical context/material.	GCA_010917555.1	SAMN13950473	Helicobacter pylori	Isolation Source	gastric biopsy specimen	Homo sapiens	Homo sapiens		gastritis	diseased			gastric biopsy specimen	clinical/host-associated material	clinical/host-associated material		gastric biopsy	gut content	gastric biopsy					2018	Colombia
Isolation_Site_SD	gastric biopsy	sample_material	Sample_Type_SD	Site field contains non-anatomical context/material.	GCA_010917675.1	SAMN13950474	Helicobacter pylori	Isolation Source	gastric biopsy specimen	Homo sapiens	Homo sapiens		gastritis	diseased			gastric biopsy specimen	clinical/host-associated material	clinical/host-associated material		gastric biopsy	gut content	gastric biopsy					2017	Colombia
Isolation_Source_SD	Brochoalveolar lavage	sample_material	Sample_Type_SD	Physical specimen/material values should not be represented as strict source context.	GCA_011009215.1	SAMN10866824	Klebsiella pneumoniae	Isolation Source	Brochoalveolar lavage	Homo sapiens	Homo sapiens						Brochoalveolar lavage	Brochoalveolar lavage										2017	India
Isolation_Source_SD	Gastric content	sample_material	Sample_Type_SD	Physical specimen/material values should not be represented as strict source context.	GCA_011039255.1	SAMN14133563	Paraclostridium sordellii	Isolation Source	Gastric content	dog	Canis lupus familiaris		gastroenteritis	diseased			Gastric content	Gastric content										2019	United Kingdom
Sample_Type_SD	cleanroom floor	environment_local_scale	Environment_Local_Scale_SD	Environmental terms should not be physical sample type values.	GCA_011839805.1	SAMN12717667	Kineococcus rubinsiae	BioSample ENV Local Scale	floor	absent							clean room floor	environmental material	environmental material		cleanroom floor	built environment		built environment surface	built environment			2018	United States
Sample_Type_SD	enoki mushroom	unresolved	admin_review	Sample_Type fields should contain physical specimen/material values only.	GCA_012108235.1	SAMN14543705	Listeria monocytogenes	Isolation Source	enoki mushroom	absent							enoki mushroom	clinical/host-associated material	clinical/host-associated material		enoki mushroom	food/produce						2020	United States
Sample_Type_SD	enoki mushroom	unresolved	admin_review	Sample_Type fields should contain physical specimen/material values only.	GCA_012108355.1	SAMN14543669	Listeria monocytogenes	Isolation Source	enoki mushroom	absent							enoki mushroom	clinical/host-associated material	clinical/host-associated material		enoki mushroom	food/produce						2020	United States
Sample_Type_SD	enoki mushroom	unresolved	admin_review	Sample_Type fields should contain physical specimen/material values only.	GCA_012108415.1	SAMN14543638	Listeria monocytogenes	Isolation Source	fresh enoki mushroom	absent	Agaricales						fresh enoki mushroom	clinical/host-associated material	clinical/host-associated material		enoki mushroom	food/produce						2020	United States
Isolation_Source_SD	Abomasum content	sample_material	Sample_Type_SD	Physical specimen/material values should not be represented as strict source context.	GCA_012128135.1	SAMN13945478	Salmonella enterica subsp. diarizonae serovar 61:k:1,5,(7)	Isolation Source	Abomasum content	Ovis aries	Ovis aries						Abomasum content	Abomasum content										2019	Canada
Sample_Type_SD	nasopharyngeal swab	collection_device	Sample_Collection_Device_SD	Sample_Type fields should contain physical specimen/material values only.	GCA_012934885.1	SAMN14575334	Mycoplasma phocoeninasale	Isolation Source	nasopharyngeal swab	Phocoena phocoena (harbor porpoise)	Phocoena phocoena						nasopharyngeal swab	clinical/host-associated material	clinical/host-associated material	nasopharyngeal swab	nasopharyngeal swab	swab	nasopharynx/oropharynx					2008	United States
Isolation_Source_SD	Broncheoalveolar lavage	sample_material	Sample_Type_SD	Physical specimen/material values should not be represented as strict source context.	GCA_013043895.1	SAMN14835736	Pseudomonas nitroreducens	Isolation Source	Broncheoalveolar lavage	Homo sapiens	Homo sapiens						Broncheoalveolar lavage	Broncheoalveolar lavage										2019	United States
Isolation_Site_SD	bronchoalveolar lavage fluid	sample_material	Sample_Type_SD	Site field contains non-anatomical context/material.	GCA_013138425.1	SAMN13503960	Mycolicibacterium fortuitum	Host	Homo sapiens	Homo sapiens	Homo sapiens					lower respiratory tract/bronch/pleural cavity	BALF	clinical fluid/material	clinical fluid/material	cell culture	cell culture	culture	bronchoalveolar lavage fluid					2013	China
Sample_Type_SD	wound/pus swab	collection_device	Sample_Collection_Device_SD	Sample_Type fields should contain physical specimen/material values only.	GCA_013170885.1	SAMN14380329	Escherichia coli	Host	Homo sapiens	Homo sapiens	Homo sapiens						Wound Pus swab	clinical/host-associated material	clinical/host-associated material		wound/pus swab	swab	wound					2014	Egypt
Isolation_Source_SD	Broncho-alveolar lavage	sample_material	Sample_Type_SD	Physical specimen/material values should not be represented as strict source context.	GCA_013375185.1	SAMN15314847	Klebsiella pneumoniae	Isolation Source	Broncho-alveolar lavage	Homo sapiens	Homo sapiens						Broncho-alveolar lavage	Broncho-alveolar lavage										2014	Argentina
Sample_Type_SD	tree nut	unresolved	admin_review	Sample_Type fields should contain physical specimen/material values only.	GCA_013443155.1	SAMN15587375	Salmonella enterica	Isolation Source	tree nut	absent							tree nut	clinical/host-associated material	clinical/host-associated material		tree nut	food/produce						2014	United States
Sample_Type_SD	tree nut	unresolved	admin_review	Sample_Type fields should contain physical specimen/material values only.	GCA_013445435.1	SAMN15587383	Salmonella enterica	Isolation Source	tree nut	absent							tree nut	clinical/host-associated material	clinical/host-associated material		tree nut	food/produce						2014	United States
Sample_Type_SD	tree nut	unresolved	admin_review	Sample_Type fields should contain physical specimen/material values only.	GCA_013445475.1	SAMN15587371	Salmonella enterica	Isolation Source	tree nut	absent							tree nut	clinical/host-associated material	clinical/host-associated material		tree nut	food/produce						2014	United States
Sample_Type_SD	wound/skin/pus swab	collection_device	Sample_Collection_Device_SD	Sample_Type fields should contain physical specimen/material values only.	GCA_013520865.1	SAMN15543017	Microvirga mediterraneensis	Host	Homo sapiens	Homo sapiens	Homo sapiens					skin/body surface				skin swab	wound/skin/pus swab	clinical/host-associated material	skin/body surface					2019	France
Sample_Type_SD	urogenital/reproductive swab	collection_device	Sample_Collection_Device_SD	Sample_Type fields should contain physical specimen/material values only.	GCA_014081145.1	SAMN11319455	Escherichia coli	Host	Homo sapiens	Homo sapiens	Homo sapiens					urogenital tract	penis swab	clinical/host-associated material	clinical/host-associated material		urogenital/reproductive swab	swab	urogenital tract					2013	Poland
Sample_Type_SD	wound/skin/pus swab	collection_device	Sample_Collection_Device_SD	Sample_Type fields should contain physical specimen/material values only.	GCA_014252945.1	SAMN15595092	Streptomyces mexicanus	Isolation Source	skin	Homo sapiens	Homo sapiens					skin/body surface	skin	clinical/host-associated material	clinical/host-associated material	Skin swab	wound/skin/pus swab	clinical/host-associated material	skin/body surface					2019	France
Sample_Type_SD	unicyanobacterial culture	sample_processing	Sample_Processing_SD	Processing/preparation terms should move to Sample_Processing_SD.	GCA_014299995.1	SAMN15758549	Sphaerospermopsis sp. LEGE 00249	Sample Type	unicyanobacterial culture	absent							frewshwater from dam reservoir	clinical/host-associated material	clinical/host-associated material	unicyanobacterial culture	unicyanobacterial culture	culture						2000	Portugal
Isolation_Source_SD	Broncho alveolar lavage	sample_material	Sample_Type_SD	Physical specimen/material values should not be represented as strict source context.	GCA_014895215.1	SAMN16279744	Escherichia coli	Isolation Source	Broncho alveolar lavage	canine	Canis lupus familiaris						Broncho alveolar lavage	Broncho alveolar lavage										2018	United Kingdom
Sample_Type_SD	unicyanobacterial culture	sample_processing	Sample_Processing_SD	Processing/preparation terms should move to Sample_Processing_SD.	GCA_015206815.1	SAMN16351764	Fortiea sp. LEGE XX443	Sample Type	unicyanobacterial culture	absent							unknown			unicyanobacterial culture	unicyanobacterial culture	culture						absent	absent
Sample_Type_SD	unicyanobacterial culture	sample_processing	Sample_Processing_SD	Processing/preparation terms should move to Sample_Processing_SD.	GCA_015206885.1	SAMN16351763	Microcystis aeruginosa LEGE 91341	Sample Type	unicyanobacterial culture	absent							pond, water sample	environmental material	environmental material	unicyanobacterial culture	unicyanobacterial culture	culture		environmental water	water	freshwater environment	pond	1991	Portugal
Isolation_Source_SD	Infant faeces	sample_material	Sample_Type_SD	Physical specimen/material values should not be represented as strict source context.	GCA_015311645.1	SAMEA2149920	Enterococcus faecalis	Isolation Source	Infant faeces	unknown	Homo sapiens					feces/stool	Infant faeces	Infant faeces										absent	United Kingdom
Sample_Type_SD	deep-sea hydrothermal deposit	unresolved	admin_review	Sample_Type fields should contain physical specimen/material values only.	GCA_015484555.1	SAMN12876303	Hydrogenovibrio sp.	Isolation Source	deep-sea hydrothermal deposit	absent							deep-sea hydrothermal deposit	clinical/host-associated material	clinical/host-associated material	metagenomic assembly	deep-sea hydrothermal deposit	environmental/geologic material		marine		marine environment		2018	Pacific Ocean
Sample_Type_SD	deep-sea hydrothermal deposit	unresolved	admin_review	Sample_Type fields should contain physical specimen/material values only.	GCA_015484565.1	SAMN12876279	Sulfurimonas sp.	Isolation Source	deep-sea hydrothermal deposit	absent							deep-sea hydrothermal deposit	clinical/host-associated material	clinical/host-associated material	metagenomic assembly	deep-sea hydrothermal deposit	environmental/geologic material		marine		marine environment		2018	Pacific Ocean
Sample_Type_SD	deep-sea hydrothermal deposit	unresolved	admin_review	Sample_Type fields should contain physical specimen/material values only.	GCA_015484575.1	SAMN12876298	Helicobacteraceae bacterium	Isolation Source	deep-sea hydrothermal deposit								deep-sea hydrothermal deposit	clinical/host-associated material	clinical/host-associated material	metagenomic assembly	deep-sea hydrothermal deposit	environmental/geologic material		marine		marine environment		2018	Pacific Ocean
Isolation_Source_SD	Purulent material	sample_material	Sample_Type_SD	Physical specimen/material values should not be represented as strict source context.	GCA_015887435.1	SAMN16843707	Staphylococcus aureus	Isolation Source	Purulent material	Homo sapiens	Homo sapiens						Purulent material	Purulent material										2010	India
Isolation_Site_SD	catheter	collection_device	Sample_Collection_Device_SD	Isolation_Site_SD should contain anatomical sites or plant parts only.	GCA_016680365.1	SAMN17166583	Klebsiella pneumoniae	Isolation Source	central venous catheters	Homo sapiens	Homo sapiens						central venous catheters	clinical/host-associated material	clinical/host-associated material				catheter					2018	China
Isolation_Site_SD	catheter	collection_device	Sample_Collection_Device_SD	Isolation_Site_SD should contain anatomical sites or plant parts only.	GCA_016680545.1	SAMN17166581	Klebsiella pneumoniae	Isolation Source	central venous catheters	Homo sapiens	Homo sapiens						central venous catheters	clinical/host-associated material	clinical/host-associated material				catheter					2018	China
Sample_Type_SD	urogenital/reproductive swab	collection_device	Sample_Collection_Device_SD	Sample_Type fields should contain physical specimen/material values only.	GCA_016988775.1	SAMN14774229	Escherichia coli	Host	Gallus gallus	Gallus gallus	Gallus gallus						yolk sac swab	clinical/host-associated material	clinical/host-associated material		urogenital/reproductive swab	swab						2018	United States
Sample_Type_SD	urogenital/reproductive swab	collection_device	Sample_Collection_Device_SD	Sample_Type fields should contain physical specimen/material values only.	GCA_017084545.1	SAMN18085822	Staphylococcus aureus	Host	Homo sapiens	Homo sapiens	Homo sapiens					urogenital tract	Genital penis Swab	clinical/host-associated material	clinical/host-associated material		urogenital/reproductive swab	swab	urogenital tract					2018	Australia
Sample_Type_SD	feed/fodder	unresolved	admin_review	Sample_Type fields should contain physical specimen/material values only.	GCA_017151605.1	SAMN15659133	Klebsiella pneumoniae	Isolation Source	Fodder	absent							Fodder	clinical/host-associated material	clinical/host-associated material		feed/fodder							2018	China
Sample_Type_SD	deciduous forest	unresolved	admin_review	Sample_Type fields should contain physical specimen/material values only.	GCA_017316445.1	SAMN08039505	Escherichia coli	Isolation Source	Deciduous Forest	absent							Deciduous Forest	clinical/host-associated material	clinical/host-associated material		deciduous forest	environmental material						2015	United States
Sample_Type_SD	deciduous forest	unresolved	admin_review	Sample_Type fields should contain physical specimen/material values only.	GCA_017316465.1	SAMN08039509	Escherichia coli	Isolation Source	Deciduous Forest	absent							Deciduous Forest	clinical/host-associated material	clinical/host-associated material		deciduous forest	environmental material						2015	United States
Isolation_Source_SD	Broncho-alveolar lavage	sample_material	Sample_Type_SD	Physical specimen/material values should not be represented as strict source context.	GCA_017871695.1	SAMN17013492	Haemophilus influenzae	Isolation Source	Broncho-alveolar lavage	Homo sapiens	Homo sapiens		infectious disease	diseased			Broncho-alveolar lavage	Broncho-alveolar lavage										2018	Denmark
Isolation_Source_SD	Gastric lavage	sample_material	Sample_Type_SD	Physical specimen/material values should not be represented as strict source context.	GCA_018109365.1	SAMN04492792	Mycobacterium tuberculosis	Isolation Source	Gastric lavage	Homo sapiens	Homo sapiens						Gastric lavage	Gastric lavage										2012	Malaysia
Sample_Type_SD	clone culture	sample_processing	Sample_Processing_SD	Processing/preparation terms should move to Sample_Processing_SD.	GCA_018389545.1	SAMN16987693	Mycoplasma mycoides subsp. capri	Sample Type	filtered clone culture	Capra hircus	Capra hircus						missing			filtered clone culture	clone culture	culture						2009	Germany
Sample_Type_SD	clone culture	sample_processing	Sample_Processing_SD	Processing/preparation terms should move to Sample_Processing_SD.	GCA_018389565.1	SAMN16987692	Mycoplasma mycoides subsp. capri	Sample Type	filtered clone culture	Capra hircus	Capra hircus						missing			filtered clone culture	clone culture	culture						1986	Croatia
Sample_Type_SD	clone culture	sample_processing	Sample_Processing_SD	Processing/preparation terms should move to Sample_Processing_SD.	GCA_018389585.1	SAMN16987691	Mycoplasma mycoides subsp. capri	Sample Type	filtered clone culture	Capra hircus	Capra hircus						missing			filtered clone culture	clone culture	culture						1986	Croatia
Isolation_Source_SD	Nasopharygneal lavage	sample_material	Sample_Type_SD	Physical specimen/material values should not be represented as strict source context.	GCA_018585825.1	SAMN18051997	Streptococcus equi subsp. equi	Isolation Source	Nasopharygneal lavage	Equus caballus	Equus caballus						Nasopharygneal lavage	Nasopharygneal lavage										2017	United States
Isolation_Source_SD	Nasopharygneal lavage	sample_material	Sample_Type_SD	Physical specimen/material values should not be represented as strict source context.	GCA_018585835.1	SAMN18052002	Streptococcus equi subsp. equi	Isolation Source	Nasopharygneal lavage	Equus caballus	Equus caballus						Nasopharygneal lavage	Nasopharygneal lavage										2016	United States
Isolation_Source_SD	Nasopharygneal lavage	sample_material	Sample_Type_SD	Physical specimen/material values should not be represented as strict source context.	GCA_018585865.1	SAMN18052000	Streptococcus equi subsp. equi	Isolation Source	Nasopharygneal lavage	Equus caballus	Equus caballus						Nasopharygneal lavage	Nasopharygneal lavage										2014	United States
Isolation_Source_SD	Guttural pouch lavage	sample_material	Sample_Type_SD	Physical specimen/material values should not be represented as strict source context.	GCA_018585905.1	SAMN18051993	Streptococcus equi subsp. equi	Isolation Source	Guttural pouch lavage	Equus caballus	Equus caballus						Guttural pouch lavage	Guttural pouch lavage										2017	United States
Isolation_Source_SD	Guttural pouch lavage	sample_material	Sample_Type_SD	Physical specimen/material values should not be represented as strict source context.	GCA_018585925.1	SAMN18051994	Streptococcus equi subsp. equi	Isolation Source	Guttural pouch lavage	Equus caballus	Equus caballus						Guttural pouch lavage	Guttural pouch lavage										2017	United States
Isolation_Source_SD	Guttural pouch lavage	sample_material	Sample_Type_SD	Physical specimen/material values should not be represented as strict source context.	GCA_018585965.1	SAMN18051992	Streptococcus equi subsp. equi	Isolation Source	Guttural pouch lavage	Equus caballus	Equus caballus						Guttural pouch lavage	Guttural pouch lavage										2017	United States
Sample_Type_SD	cleanroom floor	environment_local_scale	Environment_Local_Scale_SD	Environmental terms should not be physical sample type values.	GCA_019038025.1	SAMN19102947	Staphylococcus saprophyticus	Isolation Source	cleanroom floor	absent							cleanroom floor	environmental material	environmental material		cleanroom floor	built environment		built environment surface	built environment		cleanroom floor	2016	United States
Isolation_Source_SD	broncheoalveolar lavage	sample_material	Sample_Type_SD	Physical specimen/material values should not be represented as strict source context.	GCA_019134755.1	SAMN18737168	Francisella tularensis	Isolation Source	broncheoalveolar lavage	Homo sapiens	Homo sapiens		tularemia	diseased			broncheoalveolar lavage	broncheoalveolar lavage										2014	United States
Isolation_Source_SD	Faeces of piglets	sample_material	Sample_Type_SD	Physical specimen/material values should not be represented as strict source context.	GCA_019297795.1	SAMN20131632	Bifidobacterium longum subsp. suillum	Isolation Source	Faeces of piglets	absent							Faeces of piglets	Faeces of piglets		Whole organism								2015	Italy
Isolation_Source_SD	Broncho-alveolar lavage	sample_material	Sample_Type_SD	Physical specimen/material values should not be represented as strict source context.	GCA_019448875.1	SAMN20500116	Enterobacter hormaechei	Isolation Source	Broncho-alveolar lavage	Homo sapiens	Homo sapiens						Broncho-alveolar lavage	Broncho-alveolar lavage										2017	China
Sample_Type_SD	non-food-contact surface	study_group	Host_Study_Group_SD	Sample_Type fields should contain physical specimen/material values only.	GCA_019721975.1	SAMN20929970	Listeria monocytogenes	Host	absent	absent							deli-non food contact surface				non-food-contact surface	food/processing environment				food-associated environment	non-food-contact surface	2007	United States
Sample_Type_SD	non-food-contact surface	study_group	Host_Study_Group_SD	Sample_Type fields should contain physical specimen/material values only.	GCA_019722145.1	SAMN20929972	Listeria monocytogenes	Host	absent	absent							deli-non food contact surface				non-food-contact surface	food/processing environment				food-associated environment	non-food-contact surface	2007	United States
Isolation_Source_SD	Canine faeces	sample_material	Sample_Type_SD	Physical specimen/material values should not be represented as strict source context.	GCA_019850445.1	SAMN16205797	Salmonella enterica	Isolation Source	Canine faeces	absent	Canis lupus familiaris					feces/stool	Canine faeces	Canine faeces										2014	Ireland
Isolation_Source_SD	bronchoavelar lavage	sample_material	Sample_Type_SD	Physical specimen/material values should not be represented as strict source context.	GCA_019885765.1	SAMN21217548	Escherichia coli	Isolation Source	bronchoavelar lavage	Canis lupus familiaris	Canis lupus familiaris						bronchoavelar lavage	bronchoavelar lavage										2019	United States
Sample_Type_SD	produced fluids from hydraulically fractured shales	unresolved	admin_review	Sample_Type fields should contain physical specimen/material values only.	GCA_020054655.1	SAMN17087333	Clostridia bacterium	Isolation Source	produced fluids from hydraulically fractured shales								produced fluids from hydraulically fractured shales	clinical/host-associated material	clinical/host-associated material	metagenomic assembly	produced fluids from hydraulically fractured shales	environmental/geologic material						2018	United States
Sample_Type_SD	produced fluids from hydraulically fractured shales	unresolved	admin_review	Sample_Type fields should contain physical specimen/material values only.	GCA_020054675.1	SAMN17087335	Oscillospiraceae bacterium	Isolation Source	produced fluids from hydraulically fractured shales								produced fluids from hydraulically fractured shales	clinical/host-associated material	clinical/host-associated material	metagenomic assembly	produced fluids from hydraulically fractured shales	environmental/geologic material						2018	United States
Sample_Type_SD	produced fluids from hydraulically fractured shales	unresolved	admin_review	Sample_Type fields should contain physical specimen/material values only.	GCA_020054745.1	SAMN17087334	Deferribacteraceae bacterium	Isolation Source	produced fluids from hydraulically fractured shales								produced fluids from hydraulically fractured shales	clinical/host-associated material	clinical/host-associated material	metagenomic assembly	produced fluids from hydraulically fractured shales	environmental/geologic material						2018	United States
Isolation_Source_SD	intraocular contents	sample_material	Sample_Type_SD	Physical specimen/material values should not be represented as strict source context.	GCA_020179655.1	SAMN21193211	Streptococcus agalactiae	Isolation Source	intraocular contents	Homo sapiens	Homo sapiens						intraocular contents	intraocular contents										2017	China
Sample_Type_SD	non-food-contact surface	study_group	Host_Study_Group_SD	Sample_Type fields should contain physical specimen/material values only.	GCA_020400145.1	SAMN22160575	Listeria monocytogenes	Host	absent	absent							deli-non food contact surface				non-food-contact surface	food/processing environment				food-associated environment	non-food-contact surface	2007	United States
Sample_Type_SD	endovascular	unresolved	admin_review	Sample_Type fields should contain physical specimen/material values only.	GCA_020662835.1	SAMN17592597	Staphylococcus aureus	Isolation Source	endovascular	Homo sapiens	Homo sapiens						endovascular	clinical/host-associated material	clinical/host-associated material		endovascular	clinical/host-associated material						2019	United States
Sample_Type_SD	endovascular	unresolved	admin_review	Sample_Type fields should contain physical specimen/material values only.	GCA_020662845.1	SAMN17592598	Staphylococcus aureus	Isolation Source	endovascular	Homo sapiens	Homo sapiens						endovascular	clinical/host-associated material	clinical/host-associated material		endovascular	clinical/host-associated material						2019	United States
Sample_Type_SD	endovascular	unresolved	admin_review	Sample_Type fields should contain physical specimen/material values only.	GCA_020662855.1	SAMN17592595	Staphylococcus aureus	Isolation Source	endovascular	Homo sapiens	Homo sapiens						endovascular	clinical/host-associated material	clinical/host-associated material		endovascular	clinical/host-associated material						2019	United States
Sample_Type_SD	cave biofilm	environment_medium	Environment_Medium_SD	Environmental terms should not be physical sample type values.	GCA_020718145.1	SAMN22209636	Flavobacterium psychrophilum	BioSample ENV Medium	biofilm	absent							biofilm from sulfidic cave	environmental material	environmental material	metagenomic assembly	cave biofilm	environmental/geologic material		biofilm	biofilm		cave	2008	Italy
Sample_Type_SD	cave biofilm	environment_medium	Environment_Medium_SD	Environmental terms should not be physical sample type values.	GCA_020718155.1	SAMN22209634	Nitratiruptor sp.	BioSample ENV Medium	biofilm	absent							biofilm from sulfidic cave	environmental material	environmental material	metagenomic assembly	cave biofilm	environmental/geologic material		biofilm	biofilm		cave	2008	Italy
Sample_Type_SD	cave biofilm	environment_medium	Environment_Medium_SD	Environmental terms should not be physical sample type values.	GCA_020718185.1	SAMN22209633	Candidatus Odyssella sp.	BioSample ENV Medium	biofilm	absent							biofilm from sulfidic cave	environmental material	environmental material	metagenomic assembly	cave biofilm	environmental/geologic material		biofilm	biofilm		cave	2008	Italy
Sample_Type_SD	anaerobic bioreactor effluent	unresolved	admin_review	Sample_Type fields should contain physical specimen/material values only.	GCA_020844465.1	SAMN22330478	Olsenella sp.	Isolation Source	anaerobic bioreactor effluent	absent							anaerobic bioreactor effluent	environmental material	environmental material	metagenomic assembly	anaerobic bioreactor effluent	wastewater/sewage		biological waste material				2017	United States
Sample_Type_SD	anaerobic bioreactor effluent	unresolved	admin_review	Sample_Type fields should contain physical specimen/material values only.	GCA_020844485.1	SAMN22330479	Denitrobacterium sp.	Isolation Source	anaerobic bioreactor effluent	absent							anaerobic bioreactor effluent	environmental material	environmental material	metagenomic assembly	anaerobic bioreactor effluent	wastewater/sewage		biological waste material				2017	United States
Sample_Type_SD	anaerobic bioreactor effluent	unresolved	admin_review	Sample_Type fields should contain physical specimen/material values only.	GCA_020844505.1	SAMN22330475	Acetobacter sp.	Isolation Source	anaerobic bioreactor effluent	absent							anaerobic bioreactor effluent	environmental material	environmental material	metagenomic assembly	anaerobic bioreactor effluent	wastewater/sewage		biological waste material				2017	United States
Isolation_Source_SD	Catether (Blood)	sample_material	Sample_Type_SD	Physical specimen/material values should not be represented as strict source context.	GCA_021009755.1	SAMN16946772	Staphylococcus aureus	Isolation Source	Catether (Blood)	Homo sapiens	Homo sapiens						Catether (Blood)	Catether (Blood)										2016	Brazil
Isolation_Source_SD	Catether (Blood)	sample_material	Sample_Type_SD	Physical specimen/material values should not be represented as strict source context.	GCA_021010405.1	SAMN16946746	Staphylococcus aureus	Isolation Source	Catether (Blood)	Homo sapiens	Homo sapiens						Catether (Blood)	Catether (Blood)										2016	Brazil
Isolation_Source_SD	guttural pouch lavage	sample_material	Sample_Type_SD	Physical specimen/material values should not be represented as strict source context.	GCA_021029685.1	SAMN19647690	Streptococcus equi subsp. zooepidemicus	Isolation Source	guttural pouch lavage	equine	Equus caballus						guttural pouch lavage	guttural pouch lavage										2018	United States
Isolation_Source_SD	guttural pouch lavage	sample_material	Sample_Type_SD	Physical specimen/material values should not be represented as strict source context.	GCA_021075865.1	SAMN19647724	Streptococcus equi subsp. zooepidemicus	Isolation Source	guttural pouch lavage	equine	Equus caballus						guttural pouch lavage	guttural pouch lavage										2018	United States
Isolation_Source_SD	guttural pouch lavage	sample_material	Sample_Type_SD	Physical specimen/material values should not be represented as strict source context.	GCA_021075925.1	SAMN19647721	Streptococcus equi subsp. zooepidemicus	Isolation Source	guttural pouch lavage	equine	Equus caballus						guttural pouch lavage	guttural pouch lavage										2018	United States
Isolation_Source_SD	ruminal content	sample_material	Sample_Type_SD	Physical specimen/material values should not be represented as strict source context.	GCA_021077865.1	SAMN14169950	Clostridium botulinum C	Isolation Source	ruminal content	Bos taurus	Bos taurus						ruminal content	ruminal content										2013	Italy
Isolation_Source_SD	gastric content	sample_material	Sample_Type_SD	Physical specimen/material values should not be represented as strict source context.	GCA_021078305.1	SAMN14169927	Clostridium botulinum C/D	Isolation Source	gastric content	Phasianus colchicus	Phasianus colchicus						gastric content	gastric content										2013	Italy
Isolation_Source_SD	gastric content	sample_material	Sample_Type_SD	Physical specimen/material values should not be represented as strict source context.	GCA_021078365.1	SAMN14169926	Clostridium botulinum C/D	Isolation Source	gastric content	Phasianus colchicus	Phasianus colchicus						gastric content	gastric content										2013	Italy
Isolation_Source_SD	ruminal content	sample_material	Sample_Type_SD	Physical specimen/material values should not be represented as strict source context.	GCA_021078605.1	SAMN14169913	Clostridium botulinum D/C	Isolation Source	ruminal content	Bos taurus	Bos taurus						ruminal content	ruminal content										2014	Italy
Isolation_Source_SD	ruminal content	sample_material	Sample_Type_SD	Physical specimen/material values should not be represented as strict source context.	GCA_021078615.1	SAMN14169912	Clostridium botulinum D/C	Isolation Source	ruminal content	Bos taurus	Bos taurus						ruminal content	ruminal content										2011	Italy
Sample_Type_SD	teat/nipple swab	collection_device	Sample_Collection_Device_SD	Sample_Type fields should contain physical specimen/material values only.	GCA_021189105.1	SAMN20525626	Staphylococcus gallinarum	Host	Bos taurus	Bos taurus	Bos taurus						Teat swab	clinical/host-associated material	clinical/host-associated material		teat/nipple swab	swab						2019	India
Sample_Type_SD	teat/nipple swab	collection_device	Sample_Collection_Device_SD	Sample_Type fields should contain physical specimen/material values only.	GCA_021189655.1	SAMN20568243	Staphylococcus arlettae	Host	Bos taurus	Bos taurus	Bos taurus						Teat swab	clinical/host-associated material	clinical/host-associated material		teat/nipple swab	swab						2019	India
Sample_Type_SD	teat/nipple swab	collection_device	Sample_Collection_Device_SD	Sample_Type fields should contain physical specimen/material values only.	GCA_021190235.1	SAMN20568234	Staphylococcus gallinarum	Host	Bos taurus	Bos taurus	Bos taurus						Teat swab	clinical/host-associated material	clinical/host-associated material		teat/nipple swab	swab						2019	India
Isolation_Source_SD	biopsy	sample_material	Sample_Type_SD	Physical specimen/material values should not be represented as strict source context.	GCA_021560465.1	SAMN18647579	Bartonella henselae	Host	Homo sapiens	Homo sapiens	Homo sapiens			diseased		skin/body surface	-	biopsy	clinical/host-associated material				skin/body surface					1993	Germany
Isolation_Source_SD	Uterine Body Plus Contents	sample_material	Sample_Type_SD	Physical specimen/material values should not be represented as strict source context.	GCA_021702315.1	SAMN25289057	Escherichia coli	Isolation Source	Uterine Body Plus Contents	Felis catus	Felis catus						Uterine Body Plus Contents	Uterine Body Plus Contents										2020	United States
Isolation_Source_SD	broncho-aveolar lavage	sample_material	Sample_Type_SD	Physical specimen/material values should not be represented as strict source context.	GCA_022042875.5	SAMN16828093	Klebsiella pneumoniae	Isolation Source	broncho-aveolar lavage	Homo sapiens	Homo sapiens						broncho-aveolar lavage	broncho-aveolar lavage										2020	United States
Sample_Type_SD	urethral swab	collection_device	Sample_Collection_Device_SD	Sample_Type fields should contain physical specimen/material values only.	GCA_022262655.1	SAMN10527436	Klebsiella pneumoniae	Isolation Source	urethral swabs	Homo sapiens	Homo sapiens					urogenital tract	urethral swabs	clinical/host-associated material	clinical/host-associated material		urethral swab	swab	urogenital tract					2016	China
Isolation_Source_SD	Gastric Contents	sample_material	Sample_Type_SD	Physical specimen/material values should not be represented as strict source context.	GCA_022315775.1	SAMN04448246	Klebsiella pneumoniae	Isolation Source	Gastric Contents	Homo sapiens	Homo sapiens						Gastric Contents	Gastric Contents										2013	United States
Isolation_Source_SD	Bronchalveolar Lavage	sample_material	Sample_Type_SD	Physical specimen/material values should not be represented as strict source context.	GCA_022807635.1	SAMN14145412	Pseudomonas aeruginosa	Isolation Source	Bronchalveolar Lavage	Homo sapiens	Homo sapiens						Bronchalveolar Lavage	Bronchalveolar Lavage										2017	United States
Isolation_Source_SD	Bronchalveolar Lavage	sample_material	Sample_Type_SD	Physical specimen/material values should not be represented as strict source context.	GCA_022807645.1	SAMN14145410	Pseudomonas aeruginosa	Isolation Source	Bronchalveolar Lavage	Homo sapiens	Homo sapiens						Bronchalveolar Lavage	Bronchalveolar Lavage										2017	United States
Isolation_Source_SD	Bronchalveolar Lavage	sample_material	Sample_Type_SD	Physical specimen/material values should not be represented as strict source context.	GCA_022807655.1	SAMN14145409	Pseudomonas aeruginosa	Isolation Source	Bronchalveolar Lavage	Homo sapiens	Homo sapiens						Bronchalveolar Lavage	Bronchalveolar Lavage										2017	United States
Isolation_Source_SD	Lavage	sample_material	Sample_Type_SD	Physical specimen/material values should not be represented as strict source context.	GCA_023032285.1	SAMN26369226	Klebsiella variicola subsp. variicola	Isolation Source	Lavage	Homo sapiens	Homo sapiens						Lavage	Lavage										2020	Australia
Isolation_Source_SD	broncho-alveolar lavage (BAL)	sample_material	Sample_Type_SD	Physical specimen/material values should not be represented as strict source context.	GCA_023036155.1	SAMN25829088	Klebsiella pneumoniae	Isolation Source	broncho-alveolar lavage (BAL)	Homo sapiens	Homo sapiens						broncho-alveolar lavage (BAL)	broncho-alveolar lavage (BAL)										2020	Italy
Isolation_Source_SD	cloacal content	sample_material	Sample_Type_SD	Physical specimen/material values should not be represented as strict source context.	GCA_023221715.1	SAMN26038413	Enterococcus cecorum	Isolation Source	cloacal content	Coragyps atratus	Coragyps atratus						cloacal content	cloacal content										2015	Brazil
Isolation_Source_SD	cloacal content	sample_material	Sample_Type_SD	Physical specimen/material values should not be represented as strict source context.	GCA_023221725.1	SAMN26038414	Enterococcus cecorum	Isolation Source	cloacal content	Parabuteo unicinctus	Parabuteo unicinctus						cloacal content	cloacal content										2013	Brazil
Isolation_Source_SD	cloacal content	sample_material	Sample_Type_SD	Physical specimen/material values should not be represented as strict source context.	GCA_023221755.1	SAMN26038416	Enterococcus cecorum	Isolation Source	cloacal content	Coragyps atratus	Coragyps atratus						cloacal content	cloacal content										2015	Brazil
Isolation_Source_SD	uterine content	sample_material	Sample_Type_SD	Physical specimen/material values should not be represented as strict source context.	GCA_023546155.1	SAMN27382114	Escherichia coli	Isolation Source	uterine content	Canis lupus familiaris	Canis lupus familiaris						uterine content	uterine content										2018	Brazil
Isolation_Source_SD	uterine content	sample_material	Sample_Type_SD	Physical specimen/material values should not be represented as strict source context.	GCA_023546185.1	SAMN27382112	Escherichia coli	Isolation Source	uterine content	Canis lupus familiaris	Canis lupus familiaris						uterine content	uterine content										2018	Brazil
Isolation_Source_SD	Tracheobronchial lavage	sample_material	Sample_Type_SD	Physical specimen/material values should not be represented as strict source context.	GCA_023845075.1	SAMN27991299	Mesomycoplasma ovipneumoniae	Isolation Source	Tracheobronchial lavage	sheep	Ovis aries						Tracheobronchial lavage	Tracheobronchial lavage		Tracheobronchial lavage								2017	Brazil
Sample_Type_SD	trap sample	metadata_descriptor	suppress/provenance only	Sample_Type fields should contain physical specimen/material values only.	GCA_023918125.1	SAMN24018710	Pseudomonas aeruginosa	Host	P-trap	P-trap							Intensive Care Unit	healthcare facility	healthcare-associated environment		trap sample	environmental material					intensive care unit	2019	France
Sample_Type_SD	trap sample	metadata_descriptor	suppress/provenance only	Sample_Type fields should contain physical specimen/material values only.	GCA_023918145.1	SAMN24018715	Pseudomonas aeruginosa	Host	P-trap	P-trap							Intensive Care Unit	healthcare facility	healthcare-associated environment		trap sample	environmental material					intensive care unit	2019	France
Sample_Type_SD	trap sample	metadata_descriptor	suppress/provenance only	Sample_Type fields should contain physical specimen/material values only.	GCA_023918165.1	SAMN24018711	Pseudomonas aeruginosa	Host	P-trap	P-trap							Intensive Care Unit	healthcare facility	healthcare-associated environment		trap sample	environmental material					intensive care unit	2019	France
Isolation_Source_SD_Broad	medical device	unresolved	admin_review	Broad source category mixes non-source semantic classes; document or migrate.	GCA_024024535.1	SAMN27561618	Corynebacterium striatum	Host	venous catheters	venous catheters								catheter	medical device									2021	China
Isolation_Source_SD	Tracheal lavage	sample_material	Sample_Type_SD	Physical specimen/material values should not be represented as strict source context.	GCA_024427335.1	SAMN17073158	Klebsiella variicola	Isolation Source	Tracheal lavage	dog	Canis lupus familiaris						Tracheal lavage	Tracheal lavage										2018	China
Sample_Type_SD	nasopharyngeal swab	collection_device	Sample_Collection_Device_SD	Sample_Type fields should contain physical specimen/material values only.	GCA_024498275.1	SAMN29927634	Mycoplasmoides fastidiosum	Sample Type	nasopharyngeal swab	horse	Equus caballus									nasopharyngeal swab	nasopharyngeal swab	swab	nasopharynx/oropharynx					1977	United Kingdom
Isolation_Source_SD	Tracheal lavage	sample_material	Sample_Type_SD	Physical specimen/material values should not be represented as strict source context.	GCA_024516395.1	SAMN17073122	Klebsiella pneumoniae	Isolation Source	Tracheal lavage	dog	Canis lupus familiaris						Tracheal lavage	Tracheal lavage										2019	China
Isolation_Source_SD	Tracheal lavage	sample_material	Sample_Type_SD	Physical specimen/material values should not be represented as strict source context.	GCA_024516625.1	SAMN17073106	Klebsiella pneumoniae	Isolation Source	Tracheal lavage	dog	Canis lupus familiaris						Tracheal lavage	Tracheal lavage										2018	China
Isolation_Source_SD	Lavage	sample_material	Sample_Type_SD	Physical specimen/material values should not be represented as strict source context.	GCA_024571695.4	SAMN30058055	Acinetobacter baumannii	Isolation Source	Lavage	Homo sapiens	Homo sapiens						Lavage	Lavage										2022	United States
Sample_Type_SD	nasopharyngeal swab	collection_device	Sample_Collection_Device_SD	Sample_Type fields should contain physical specimen/material values only.	GCA_025367715.1	SAMN30827701	Candidatus Ornithobacterium hominis	Isolation Source	nasopharyngeal swab	Homo sapiens	Homo sapiens		pneumonia	diseased			nasopharyngeal swab	clinical/host-associated material	clinical/host-associated material	metagenomic assembly	nasopharyngeal swab	swab	nasopharynx/oropharynx			host-associated environment		2022	Egypt
Isolation_Source_SD	brochoalveolar lavage	sample_material	Sample_Type_SD	Physical specimen/material values should not be represented as strict source context.	GCA_025916895.1	SAMN29877837	Mycobacterium tuberculosis	Isolation Source	brochoalveolar lavage	Homo sapiens	Homo sapiens		tuberculosis	diseased			brochoalveolar lavage	brochoalveolar lavage										2020	Ecuador
Isolation_Source_SD	Broncho-Alveolar Lavage	sample_material	Sample_Type_SD	Physical specimen/material values should not be represented as strict source context.	GCA_026161545.1	SAMN30369339	Klebsiella pneumoniae	Isolation Source	Broncho-Alveolar Lavage	Homo sapiens	Homo sapiens						Broncho-Alveolar Lavage	Broncho-Alveolar Lavage										2019	China
Sample_Type_SD	clinical swab	collection_device	Sample_Collection_Device_SD	Sample_Type fields should contain physical specimen/material values only.	GCA_026297995.1	SAMEA111505970	Staphylococcus aureus	Host	Homo sapiens	Homo sapiens	Homo sapiens						unspecified diagnostic sample	clinical/host-associated material	clinical/host-associated material		clinical swab	swab						2020	Saudi Arabia
Sample_Type_SD	clinical swab	collection_device	Sample_Collection_Device_SD	Sample_Type fields should contain physical specimen/material values only.	GCA_026298075.1	SAMEA111505809	Staphylococcus aureus	Host	Homo sapiens	Homo sapiens	Homo sapiens						unspecified diagnostic sample	clinical/host-associated material	clinical/host-associated material		clinical swab	swab						2020	Paraguay
Isolation_Source_SD	lavage	sample_material	Sample_Type_SD	Physical specimen/material values should not be represented as strict source context.	GCA_026298255.1	SAMEA111503383	Staphylococcus aureus	Isolation Source	lavage	Homo sapiens	Homo sapiens						lavage	lavage										2020	Albania
Sample_Type_SD	clinical swab	collection_device	Sample_Collection_Device_SD	Sample_Type fields should contain physical specimen/material values only.	GCA_026298935.1	SAMEA111505813	Staphylococcus aureus	Host	Homo sapiens	Homo sapiens	Homo sapiens						unspecified diagnostic sample	clinical/host-associated material	clinical/host-associated material		clinical swab	swab						2020	Paraguay
Isolation_Source_SD	lavage	sample_material	Sample_Type_SD	Physical specimen/material values should not be represented as strict source context.	GCA_026300275.1	SAMEA111505271	Staphylococcus aureus	Isolation Source	lavage	Homo sapiens	Homo sapiens						lavage	lavage										2020	Norway
Isolation_Source_SD	Lavage	sample_material	Sample_Type_SD	Physical specimen/material values should not be represented as strict source context.	GCA_026744625.1	SAMN25295793	Staphylococcus aureus	Isolation Source	Lavage	Homo sapiens	Homo sapiens						Lavage	Lavage										2018	Australia
Isolation_Source_SD	Peritoneal lavage	sample_material	Sample_Type_SD	Physical specimen/material values should not be represented as strict source context.	GCA_028172785.1	SAMN32907795	Enterobacter hormaechei	Isolation Source	Peritoneal lavage	Canis lupus familiaris	Canis lupus familiaris						Peritoneal lavage	Peritoneal lavage		animal								2022	United States
Isolation_Source_SD	synovial fluid.	sample_material	Sample_Type_SD	Physical specimen/material values should not be represented as strict source context.	GCA_028195305.1	SAMN14733296	Staphylococcus aureus	Isolation Source	synovial fluid.	Homo sapiens	Homo sapiens						synovial fluid.	synovial fluid.										2017	United States
Isolation_Source_SD	R elbow synovial fluid.	sample_material	Sample_Type_SD	Physical specimen/material values should not be represented as strict source context.	GCA_028195345.1	SAMN14733298	Staphylococcus aureus	Isolation Source	R elbow synovial fluid.	Homo sapiens	Homo sapiens						R elbow synovial fluid.	R elbow synovial fluid.										2017	United States
Isolation_Source_SD	Right knee synovial fluid.	sample_material	Sample_Type_SD	Physical specimen/material values should not be represented as strict source context.	GCA_028195435.1	SAMN14733301	Staphylococcus aureus	Isolation Source	Right knee synovial fluid.	Homo sapiens	Homo sapiens						Right knee synovial fluid.	Right knee synovial fluid.										2017	United States
Isolation_Source_SD	Columba livia crop contents	sample_material	Sample_Type_SD	Physical specimen/material values should not be represented as strict source context.	GCA_029203615.1	SAMN25134305	Mycoplasma sp.	Host	Columba livia	Columba livia	Columba livia						Columba livia crop contents	Columba livia crop contents		metagenomic assembly								2021	China
Isolation_Source_SD	Intrauterine purulent content	sample_material	Sample_Type_SD	Physical specimen/material values should not be represented as strict source context.	GCA_029457675.1	SAMN31317889	Escherichia coli	Isolation Source	Intrauterine purulent content	Canis lupus familiaris	Canis lupus familiaris						Intrauterine purulent content	Intrauterine purulent content										2018	Brazil
Isolation_Source_SD	Intrauterine purulent content	sample_material	Sample_Type_SD	Physical specimen/material values should not be represented as strict source context.	GCA_029457735.1	SAMN31318679	Escherichia coli	Isolation Source	Intrauterine purulent content	Canis lupus familiaris	Canis lupus familiaris						Intrauterine purulent content	Intrauterine purulent content										2019	Brazil
Isolation_Source_SD	Intrauterine purulent content	sample_material	Sample_Type_SD	Physical specimen/material values should not be represented as strict source context.	GCA_029457785.1	SAMN31318504	Escherichia coli	Isolation Source	Intrauterine purulent content	Canis lupus familiaris	Canis lupus familiaris						Intrauterine purulent content	Intrauterine purulent content										2018	Brazil
Isolation_Source_SD	Tracheobronchial lavage	sample_material	Sample_Type_SD	Physical specimen/material values should not be represented as strict source context.	GCA_029478785.1	SAMN33905102	Mesomycoplasma ovipneumoniae	Isolation Source	Tracheobronchial lavage	sheep	Ovis aries		pneumonia	diseased			Tracheobronchial lavage	Tracheobronchial lavage										2017	Brazil
Isolation_Source_SD	Cat faeces	sample_material	Sample_Type_SD	Physical specimen/material values should not be represented as strict source context.	GCA_031478475.1	SAMN06270867	Campylobacter jejuni	Isolation Source	Cat faeces	Felis catus	Felis catus						Cat faeces	Cat faeces										2004	Canada
Isolation_Source_SD	VACUUM CONTENTS	sample_material	Sample_Type_SD	Physical specimen/material values should not be represented as strict source context.	GCA_031502805.1	SAMN37394487	Salmonella enterica subsp. enterica serovar Lome	Isolation Source	VACUUM CONTENTS	absent							VACUUM CONTENTS	VACUUM CONTENTS										2023	United States
Isolation_Source_SD_Broad	cloacal sample	metadata_descriptor	suppress/provenance only	Broad source category mixes non-source semantic classes; document or migrate.	GCA_031851395.1	SAMN37298530	Enterobacter ludwigii	Host	Larus michahellis	Larus michahellis	Larus michahellis					cloaca	not applicable	cloacal sample	cloacal sample	bacteria			cloaca					2022	France
Isolation_Source_SD_Broad	cloacal sample	metadata_descriptor	suppress/provenance only	Broad source category mixes non-source semantic classes; document or migrate.	GCA_031851415.1	SAMN37298529	Enterobacter asburiae	Host	Larus michahellis	Larus michahellis	Larus michahellis					cloaca	not applicable	cloacal sample	cloacal sample	bacteria			cloaca					2022	France
Isolation_Source_SD_Broad	cloacal sample	metadata_descriptor	suppress/provenance only	Broad source category mixes non-source semantic classes; document or migrate.	GCA_031851435.1	SAMN37298528	Enterobacter ludwigii	Host	Larus michahellis	Larus michahellis	Larus michahellis					cloaca	not applicable	cloacal sample	cloacal sample	bacteria			cloaca					2022	France
Sample_Type_SD	rectovaginal site	unresolved	admin_review	Sample_Type fields should contain physical specimen/material values only.	GCA_032139145.1	SAMN37184712	Staphylococcus aureus	Host	Homo sapiens	Homo sapiens	Homo sapiens					urogenital tract	recto-vaginal	clinical/host-associated material	clinical/host-associated material		rectovaginal site	clinical/host-associated material	urogenital tract					2023	Gambia
Sample_Type_SD	rectovaginal site	unresolved	admin_review	Sample_Type fields should contain physical specimen/material values only.	GCA_032139205.1	SAMN37184707	Staphylococcus aureus	Host	Homo sapiens	Homo sapiens	Homo sapiens					urogenital tract	recto-vaginal	clinical/host-associated material	clinical/host-associated material		rectovaginal site	clinical/host-associated material	urogenital tract					2023	Gambia
Sample_Type_SD	rectovaginal site	unresolved	admin_review	Sample_Type fields should contain physical specimen/material values only.	GCA_032139245.1	SAMN37184706	Staphylococcus aureus	Host	Homo sapiens	Homo sapiens	Homo sapiens					urogenital tract	recto-vaginal	clinical/host-associated material	clinical/host-associated material		rectovaginal site	clinical/host-associated material	urogenital tract					2023	Gambia
Isolation_Source_SD	Broncial Lavage	sample_material	Sample_Type_SD	Physical specimen/material values should not be represented as strict source context.	GCA_032996025.3	SAMN28900520	Escherichia coli	Isolation Source	Broncial Lavage	Homo sapiens	Homo sapiens						Broncial Lavage	Broncial Lavage										2022	United States
Isolation_Source_SD_Broad	sample	metadata_descriptor	suppress/provenance only	Broad source category mixes non-source semantic classes; document or migrate.	GCA_033238805.1	SAMD00576163	Vibrio sp. MACH09	Host	Akashiwo sangruia	Akashiwo sangruia	Akashiwo sanguinea						isolation_source, Akashiwo sanguia	source/sample material	sample									2020	Chile
Isolation_Source_SD	guttural pouch contents	sample_material	Sample_Type_SD	Physical specimen/material values should not be represented as strict source context.	GCA_034057895.1	SAMN36496044	Streptococcus equi subsp. zooepidemicus	Isolation Source	guttural pouch contents	Equus caballus	Equus caballus						guttural pouch contents	guttural pouch contents										2021	United States
Sample_Type_SD	plant material	host_context	Host_Context_SD	Sample_Type fields should contain physical specimen/material values only.	GCA_034105175.1	SAMN38440052	Pectobacterium carotovorum subsp. carotovorum	Host	Milk thistle	Milk thistle								clinical/host-associated material	clinical/host-associated material		plant material	plant-associated material						2015	China
Sample_Type_SD	assembly	sample_processing	Sample_Processing_SD	Processing/preparation terms should move to Sample_Processing_SD.	GCA_034187795.1	SAMN38512561	Clostridioides difficile	Host	Homo sapiens	Homo sapiens	Homo sapiens									assamly	assembly							2022	China
Sample_Type_SD	assembly	sample_processing	Sample_Processing_SD	Processing/preparation terms should move to Sample_Processing_SD.	GCA_034187815.1	SAMN38512525	Clostridioides difficile	Host	Homo sapiens	Homo sapiens	Homo sapiens									assamly	assembly							2018	China
Sample_Type_SD	assembly	sample_processing	Sample_Processing_SD	Processing/preparation terms should move to Sample_Processing_SD.	GCA_034187875.1	SAMN38512536	Clostridioides difficile	Host	Homo sapiens	Homo sapiens	Homo sapiens									assamly	assembly							2019	China
Isolation_Source_SD	bursa content	sample_material	Sample_Type_SD	Physical specimen/material values should not be represented as strict source context.	GCA_034715915.1	SAMEA113444856	Streptococcus pyogenes	Isolation Source	bursa content	Homo sapiens	Homo sapiens						bursa content	bursa content										2023	Norway
Host_Health_State_SD	exposure/contact context	study_group	Host_Study_Group_SD	Study group should move to Host_Study_Group_SD.	GCA_035028125.1	SAMEA8426182	Streptococcus pyogenes	Host	Homo sapiens	Homo sapiens	Homo sapiens			exposure/contact context			Contact Case	clinical/host-associated material	clinical/host-associated material									2018	United Kingdom
Host_Health_State_SD	exposure/contact context	study_group	Host_Study_Group_SD	Study group should move to Host_Study_Group_SD.	GCA_035028145.1	SAMEA8426184	Streptococcus pyogenes	Host	Homo sapiens	Homo sapiens	Homo sapiens			exposure/contact context			Contact Case	clinical/host-associated material	clinical/host-associated material									2018	United Kingdom
Host_Health_State_SD	exposure/contact context	study_group	Host_Study_Group_SD	Study group should move to Host_Study_Group_SD.	GCA_035028165.1	SAMEA8426183	Streptococcus pyogenes	Host	Homo sapiens	Homo sapiens	Homo sapiens			exposure/contact context			Contact Case	clinical/host-associated material	clinical/host-associated material									2018	United Kingdom
Isolation_Source_SD	bronchioalveolar lavage	sample_material	Sample_Type_SD	Physical specimen/material values should not be represented as strict source context.	GCA_036455495.1	SAMN39239667	Klebsiella pneumoniae	Isolation Source	bronchioalveolar lavage	Homo sapiens	Homo sapiens						bronchioalveolar lavage	bronchioalveolar lavage										2019	Germany
Isolation_Source_SD	bronchioalveolar lavage	sample_material	Sample_Type_SD	Physical specimen/material values should not be represented as strict source context.	GCA_036455545.1	SAMN39239665	Klebsiella pneumoniae	Isolation Source	bronchioalveolar lavage	Homo sapiens	Homo sapiens						bronchioalveolar lavage	bronchioalveolar lavage										2019	Germany
Isolation_Source_SD	egg content	sample_material	Sample_Type_SD	Physical specimen/material values should not be represented as strict source context.	GCA_036576535.1	SAMN37155322	Escherichia coli	Isolation Source	egg content	absent							egg content	egg content										2022	China
Isolation_Source_SD	egg content	sample_material	Sample_Type_SD	Physical specimen/material values should not be represented as strict source context.	GCA_036576575.1	SAMN37155318	Escherichia coli	Isolation Source	egg content	absent							egg content	egg content										2022	China
Isolation_Source_SD	egg content	sample_material	Sample_Type_SD	Physical specimen/material values should not be represented as strict source context.	GCA_036759765.1	SAMN35740903	Escherichia coli	Isolation Source	egg content	unknown							egg content	egg content										2022	China
Isolation_Source_SD	the contents of the uterine cavity	sample_material	Sample_Type_SD	Physical specimen/material values should not be represented as strict source context.	GCA_038653055.1	SAMN18524556	Listeria monocytogenes	Isolation Source	the contents of the uterine cavity	Homo sapiens	Homo sapiens						the contents of the uterine cavity	the contents of the uterine cavity										2020	Russia
Sample_Type_SD	spore release material	unresolved	admin_review	Sample_Type fields should contain physical specimen/material values only.	GCA_039939275.1	SAMN39639590	Parasphingorhabdus sp.	Host	Macrocystis pyrifera	Macrocystis pyrifera	Macrocystis pyrifera						spore release from mature blade	clinical/host-associated material	clinical/host-associated material	metagenomic assembly	spore release material					marine environment		2018	United States
Sample_Type_SD	spore release material	unresolved	admin_review	Sample_Type fields should contain physical specimen/material values only.	GCA_039939315.1	SAMN39639586	Marinomonas sp.	Host	Macrocystis pyrifera	Macrocystis pyrifera	Macrocystis pyrifera						spore release from mature blade	clinical/host-associated material	clinical/host-associated material	metagenomic assembly	spore release material					marine environment		2018	United States
Sample_Type_SD	spore release material	unresolved	admin_review	Sample_Type fields should contain physical specimen/material values only.	GCA_039939335.1	SAMN39639588	Nonlabens ulvanivorans	Host	Macrocystis pyrifera	Macrocystis pyrifera	Macrocystis pyrifera						spore release from mature blade	clinical/host-associated material	clinical/host-associated material	metagenomic assembly	spore release material					marine environment		2018	United States
Isolation_Source_SD	Bronchoavleolar lavage	sample_material	Sample_Type_SD	Physical specimen/material values should not be represented as strict source context.	GCA_040104695.1	SAMN41574053	Neisseria polysaccharea	Isolation Source	Bronchoavleolar lavage	Homo sapiens	Homo sapiens						Bronchoavleolar lavage	Bronchoavleolar lavage										2024	United States
Isolation_Source_SD	Right hip (fluid)	sample_material	Sample_Type_SD	Physical specimen/material values should not be represented as strict source context.	GCA_040709135.1	SAMN42469903	Salmonella enterica	Isolation Source	Right hip (fluid)	Homo sapiens	Homo sapiens						Right hip (fluid)	Right hip (fluid)										absent	United States
Isolation_Source_SD	body fluid	sample_material	Sample_Type_SD	Physical specimen/material values should not be represented as strict source context.	GCA_040763755.1	SAMN39706836	Trueperella pyogenes	Host	Bos taurus	Bos taurus	Bos taurus							body fluid										2022	United States
Isolation_Source_SD	alveolar lavage	sample_material	Sample_Type_SD	Physical specimen/material values should not be represented as strict source context.	GCA_041004025.1	SAMN42440405	Klebsiella quasipneumoniae	Isolation Source	alveolar lavage	Homo sapiens	Homo sapiens						alveolar lavage	alveolar lavage										2019	China
Isolation_Source_SD	cerebrospinal	sample_material	Sample_Type_SD	Physical specimen/material values should not be represented as strict source context.	GCA_041345855.1	SAMN28591312	Klebsiella pneumoniae	Isolation Source	cerebrospinal	Homo sapiens	Homo sapiens						cerebrospinal	cerebrospinal										2016	China
Sample_Type_SD	screening culture	sample_processing	Sample_Processing_SD	Processing/preparation terms should move to Sample_Processing_SD.	GCA_041447655.1	SAMN43196466	Salmonella enterica subsp. enterica	Isolation Source	perianal screening culture	Homo sapiens	Homo sapiens					rectum/perianal region	perianal screening culture				screening culture	culture	rectum/perianal region					2014	Switzerland
Isolation_Source_SD	Broncho alveolar lavage	sample_material	Sample_Type_SD	Physical specimen/material values should not be represented as strict source context.	GCA_042490795.1	SAMN41922211	Klebsiella pneumoniae	Isolation Source	Broncho alveolar lavage	Homo sapiens	Homo sapiens						Broncho alveolar lavage	Broncho alveolar lavage										2021	France
Isolation_Source_SD	Bronko-alveolær lavage	sample_material	Sample_Type_SD	Physical specimen/material values should not be represented as strict source context.	GCA_042511755.1	SAMEA8953210	Neisseria meningitidis	Isolation Source	Bronko-alveolær lavage	Homo sapiens	Homo sapiens						Bronko-alveolær lavage	Bronko-alveolær lavage										2021	Norway
Sample_Type_SD	feed/fodder	unresolved	admin_review	Sample_Type fields should contain physical specimen/material values only.	GCA_043329035.1	SAMEA114033637	Salmonella enterica subsp. enterica serovar Meleagridis	Host	Fodder	Fodder							Fodder	clinical/host-associated material	clinical/host-associated material		feed/fodder							2010	China
Isolation_Source_SD	Bronchialveolar Lavage	sample_material	Sample_Type_SD	Physical specimen/material values should not be represented as strict source context.	GCA_043962935.1	SAMN44409378	Klebsiella pneumoniae	Isolation Source	Bronchialveolar Lavage	Homo sapiens	Homo sapiens						Bronchialveolar Lavage	Bronchialveolar Lavage										2020	United States
Isolation_Source_SD	Lizards faeces	sample_material	Sample_Type_SD	Physical specimen/material values should not be represented as strict source context.	GCA_044312995.1	SAMN35669530	Salmonella enterica subsp. enterica serovar Typhimurium	Isolation Source	Lizards faeces	absent							Lizards faeces	Lizards faeces										2010	China
Isolation_Source_SD	Lizards faeces	sample_material	Sample_Type_SD	Physical specimen/material values should not be represented as strict source context.	GCA_044313005.1	SAMN35669531	Salmonella enterica subsp. enterica serovar Typhimurium	Isolation Source	Lizards faeces	absent							Lizards faeces	Lizards faeces										2010	China
Isolation_Source_SD	Snake faeces	sample_material	Sample_Type_SD	Physical specimen/material values should not be represented as strict source context.	GCA_044313065.1	SAMN35669532	Salmonella enterica subsp. enterica serovar Typhimurium	Isolation Source	Snake faeces	absent	Serpentes					feces/stool	Snake faeces	Snake faeces										2010	China
Isolation_Source_SD	Broncho alveolaire lavage	sample_material	Sample_Type_SD	Physical specimen/material values should not be represented as strict source context.	GCA_044667635.1	SAMN41108379	Pseudomonas aeruginosa	Isolation Source	Broncho alveolaire lavage	Homo sapiens	Homo sapiens						Broncho alveolaire lavage	Broncho alveolaire lavage										2020	Belgium
Isolation_Source_SD	Broncho alveolaire lavage	sample_material	Sample_Type_SD	Physical specimen/material values should not be represented as strict source context.	GCA_044667685.1	SAMN41108344	Pseudomonas aeruginosa	Isolation Source	Broncho alveolaire lavage	Homo sapiens	Homo sapiens						Broncho alveolaire lavage	Broncho alveolaire lavage										2023	Belgium
Sample_Type_SD	screening culture	sample_processing	Sample_Processing_SD	Processing/preparation terms should move to Sample_Processing_SD.	GCA_044893065.1	SAMN44699166	Enterococcus faecium	Isolation Source	Rectal screening culture	Homo sapiens	Homo sapiens					rectum/perianal region	Rectal screening culture	clinical/host-associated material	clinical/host-associated material		screening culture	culture	rectum/perianal region					2022	United States
Sample_Type_SD	screening culture	sample_processing	Sample_Processing_SD	Processing/preparation terms should move to Sample_Processing_SD.	GCA_044893105.1	SAMN44699168	Enterococcus faecium	Isolation Source	Rectal screening culture	Homo sapiens	Homo sapiens					rectum/perianal region	Rectal screening culture	clinical/host-associated material	clinical/host-associated material		screening culture	culture	rectum/perianal region					2022	United States
Isolation_Source_SD	Vulture faeces	sample_material	Sample_Type_SD	Physical specimen/material values should not be represented as strict source context.	GCA_045021715.1	SAMN03483407	Enterococcus faecium	Isolation Source	Vulture faeces	Enterococcus faecium	Aves					feces/stool	Vulture faeces	Vulture faeces										2010	Spain
Isolation_Source_SD	Corn Snake (Faeces)	sample_material	Sample_Type_SD	Physical specimen/material values should not be represented as strict source context.	GCA_045153515.1	SAMN40601698	Clostridioides difficile	Isolation Source	Corn Snake (Faeces)	absent	Zea mays					feces/stool	Corn Snake (Faeces)	Corn Snake (Faeces)										2018	Germany
Isolation_Source_SD	endotrach lavage	sample_material	Sample_Type_SD	Physical specimen/material values should not be represented as strict source context.	GCA_046527235.1	SAMN46112613	Enterobacter hormaechei	Isolation Source	endotrach lavage	Canis lupus familiaris	Canis lupus familiaris		pneumonia	diseased			endotrach lavage	endotrach lavage		animal								2024	Canada
Sample_Type_SD	ice core section from central arctic ocean	unresolved	admin_review	Sample_Type fields should contain physical specimen/material values only.	GCA_046709345.1	SAMN44748483	Octadecabacter sp.	Isolation Source	Ice Core Section from Central Arctic Ocean	absent							Ice Core Section from Central Arctic Ocean	clinical/host-associated material	clinical/host-associated material	metagenomic assembly	ice core section from central arctic ocean	environmental/geologic material		sea ice		marine environment		2020	Arctic Ocean
Sample_Type_SD	ice core section from central arctic ocean	unresolved	admin_review	Sample_Type fields should contain physical specimen/material values only.	GCA_046709405.1	SAMN44748481	Paraglaciecola sp.	Isolation Source	Ice Core Section from Central Arctic Ocean	absent							Ice Core Section from Central Arctic Ocean	clinical/host-associated material	clinical/host-associated material	metagenomic assembly	ice core section from central arctic ocean	environmental/geologic material		sea ice		marine environment		2020	Arctic Ocean
Sample_Type_SD	ice core section from central arctic ocean	unresolved	admin_review	Sample_Type fields should contain physical specimen/material values only.	GCA_046709415.1	SAMN44748482	Colwellia sp.	Isolation Source	Ice Core Section from Central Arctic Ocean	absent							Ice Core Section from Central Arctic Ocean	clinical/host-associated material	clinical/host-associated material	metagenomic assembly	ice core section from central arctic ocean	environmental/geologic material		sea ice		marine environment		2020	Arctic Ocean
Isolation_Source_SD	Post-lavage	sample_material	Sample_Type_SD	Physical specimen/material values should not be represented as strict source context.	GCA_047799705.1	SAMN46710442	Escherichia coli	Isolation Source	Post-lavage	Canis lupus familiaris	Canis lupus familiaris						Post-lavage	Post-lavage										2024	United States
Isolation_Source_SD	Abdominal contents	sample_material	Sample_Type_SD	Physical specimen/material values should not be represented as strict source context.	GCA_047799725.1	SAMN46710444	Escherichia coli	Isolation Source	Abdominal contents	Canis lupus familiaris	Canis lupus familiaris						Abdominal contents	Abdominal contents										2024	United States
Isolation_Source_SD	Post-lavage	sample_material	Sample_Type_SD	Physical specimen/material values should not be represented as strict source context.	GCA_047799755.1	SAMN46710441	Escherichia coli	Isolation Source	Post-lavage	Canis lupus familiaris	Canis lupus familiaris						Post-lavage	Post-lavage										2024	United States
Isolation_Source_SD	roe deer faeces	sample_material	Sample_Type_SD	Physical specimen/material values should not be represented as strict source context.	GCA_047968565.1	SAMN46434509	Escherichia coli	Isolation Source	roe deer faeces	absent	Cervidae					feces/stool	roe deer faeces	roe deer faeces										2009	Hungary
Isolation_Source_SD	Abdominal (drain aspirate)	sample_material	Sample_Type_SD	Physical specimen/material values should not be represented as strict source context.	GCA_048025515.1	SAMN45989848	Clostridium perfringens	Isolation Source	Abdominal (drain aspirate)	Homo sapiens	Homo sapiens						Abdominal (drain aspirate)	Abdominal (drain aspirate)		human								2024	United States
Isolation_Source_SD	pancreatic cyst contents	sample_material	Sample_Type_SD	Physical specimen/material values should not be represented as strict source context.	GCA_048513255.1	SAMN47146434	Klebsiella pneumoniae	Isolation Source	pancreatic cyst contents	Homo sapiens	Homo sapiens						pancreatic cyst contents	pancreatic cyst contents										2021	Russia
Isolation_Source_SD	pancreatic cyst contents	sample_material	Sample_Type_SD	Physical specimen/material values should not be represented as strict source context.	GCA_048514235.1	SAMN47146435	Klebsiella pneumoniae	Isolation Source	pancreatic cyst contents	Homo sapiens	Homo sapiens						pancreatic cyst contents	pancreatic cyst contents										2021	Russia
Isolation_Source_SD	Broncheoalveolar lavage	sample_material	Sample_Type_SD	Physical specimen/material values should not be represented as strict source context.	GCA_048831865.1	SAMEA115373230	Streptococcus pneumoniae	Isolation Source	Broncheoalveolar lavage	Homo sapiens	Homo sapiens						Broncheoalveolar lavage	Broncheoalveolar lavage										2022	India
Isolation_Source_SD	Broncheoalveolar lavage	sample_material	Sample_Type_SD	Physical specimen/material values should not be represented as strict source context.	GCA_048831885.1	SAMEA115373228	Streptococcus pneumoniae	Isolation Source	Broncheoalveolar lavage	Homo sapiens	Homo sapiens						Broncheoalveolar lavage	Broncheoalveolar lavage										2022	India
Isolation_Source_SD	faeces 9.7	sample_material	Sample_Type_SD	Physical specimen/material values should not be represented as strict source context.	GCA_049096815.1	SAMN41722708	Klebsiella pneumoniae	Isolation Source	faeces 9.7	Sus scrofa	Sus scrofa						faeces 9.7	faeces 9.7										2022	Australia
Isolation_Source_SD	faeces 9.8	sample_material	Sample_Type_SD	Physical specimen/material values should not be represented as strict source context.	GCA_049096855.1	SAMN41722709	Klebsiella pneumoniae	Isolation Source	faeces 9.8	Sus scrofa	Sus scrofa						faeces 9.8	faeces 9.8										2022	Australia
Isolation_Source_SD	faeces 9.9	sample_material	Sample_Type_SD	Physical specimen/material values should not be represented as strict source context.	GCA_049096875.1	SAMN41722710	Klebsiella pneumoniae	Isolation Source	faeces 9.9	Sus scrofa	Sus scrofa						faeces 9.9	faeces 9.9										2022	Australia
Isolation_Source_SD	faeces 9.10	sample_material	Sample_Type_SD	Physical specimen/material values should not be represented as strict source context.	GCA_049096895.1	SAMN41722711	Klebsiella pneumoniae	Isolation Source	faeces 9.10	Sus scrofa	Sus scrofa						faeces 9.10	faeces 9.10										2022	Australia
Isolation_Source_SD	faeces 9.11	sample_material	Sample_Type_SD	Physical specimen/material values should not be represented as strict source context.	GCA_049096915.1	SAMN41722712	Klebsiella pneumoniae	Isolation Source	faeces 9.11	Sus scrofa	Sus scrofa						faeces 9.11	faeces 9.11										2022	Australia
Isolation_Source_SD	faeces 9.12	sample_material	Sample_Type_SD	Physical specimen/material values should not be represented as strict source context.	GCA_049096935.1	SAMN41722713	Klebsiella pneumoniae	Isolation Source	faeces 9.12	Sus scrofa	Sus scrofa						faeces 9.12	faeces 9.12										2022	Australia
Isolation_Source_SD	faeces 9.13	sample_material	Sample_Type_SD	Physical specimen/material values should not be represented as strict source context.	GCA_049096955.1	SAMN41722714	Klebsiella pneumoniae	Isolation Source	faeces 9.13	Sus scrofa	Sus scrofa						faeces 9.13	faeces 9.13										2022	Australia
Isolation_Source_SD	faeces 9.14	sample_material	Sample_Type_SD	Physical specimen/material values should not be represented as strict source context.	GCA_049096975.1	SAMN41722715	Klebsiella pneumoniae	Isolation Source	faeces 9.14	Sus scrofa	Sus scrofa						faeces 9.14	faeces 9.14										2022	Australia
Isolation_Source_SD	faeces 9.15	sample_material	Sample_Type_SD	Physical specimen/material values should not be represented as strict source context.	GCA_049096995.1	SAMN41722716	Klebsiella pneumoniae	Isolation Source	faeces 9.15	Sus scrofa	Sus scrofa						faeces 9.15	faeces 9.15										2022	Australia
Isolation_Source_SD	faeces 9.16	sample_material	Sample_Type_SD	Physical specimen/material values should not be represented as strict source context.	GCA_049097015.1	SAMN41722717	Klebsiella pneumoniae	Isolation Source	faeces 9.16	Sus scrofa	Sus scrofa						faeces 9.16	faeces 9.16										2022	Australia
Isolation_Source_SD	faeces 9.17	sample_material	Sample_Type_SD	Physical specimen/material values should not be represented as strict source context.	GCA_049097035.1	SAMN41722718	Klebsiella pneumoniae	Isolation Source	faeces 9.17	Sus scrofa	Sus scrofa						faeces 9.17	faeces 9.17										2022	Australia
Isolation_Source_SD	Bronco-Alveolar Lavage	sample_material	Sample_Type_SD	Physical specimen/material values should not be represented as strict source context.	GCA_049097555.1	SAMN39991505	Klebsiella pneumoniae	Isolation Source	Bronco-Alveolar Lavage	Homo sapiens	Homo sapiens						Bronco-Alveolar Lavage	Bronco-Alveolar Lavage										2022	Italy
Isolation_Source_SD	Cerebrospinal	sample_material	Sample_Type_SD	Physical specimen/material values should not be represented as strict source context.	GCA_049507255.1	SAMN36970305	Haemophilus influenzae	Isolation Source	Cerebrospinal	Homo sapiens	Homo sapiens		infectious disease	diseased			Cerebrospinal	Cerebrospinal										2018	Australia
Isolation_Source_SD	Bronchoalve. Lavage	sample_material	Sample_Type_SD	Physical specimen/material values should not be represented as strict source context.	GCA_049806575.1	SAMN47904029	Enterococcus faecalis	Isolation Source	Bronchoalve. Lavage	Canis lupus familiaris	Canis lupus familiaris						Bronchoalve. Lavage	Bronchoalve. Lavage										2021	United States
Sample_Type_SD	grain product	unresolved	admin_review	Sample_Type fields should contain physical specimen/material values only.	GCA_049815675.1	SAMN47883039	Acetilactobacillus jinshanensis	Host Disease	Plants: Grains: Other processed grain products	absent							fermented grains of Baijiu	fermented grains of Baijiu			grain product					plant-associated environment		2020	China
Isolation_Source_SD	uterine content	sample_material	Sample_Type_SD	Physical specimen/material values should not be represented as strict source context.	GCA_050686515.1	SAMN48739290	Aliarcobacter sp. ERUVET-8	Isolation Source	uterine content	cow	Bos taurus						uterine content	uterine content		Whole Organism								2016	Turkey
Isolation_Source_SD	uterine contents	sample_material	Sample_Type_SD	Physical specimen/material values should not be represented as strict source context.	GCA_050834215.1	SAMD00623916	Staphylococcus aureus	Isolation Source	uterine contents	Canis lupus familiaris	Canis lupus familiaris						uterine contents	uterine contents										2019	Japan
Isolation_Source_SD	tracheal contents	sample_material	Sample_Type_SD	Physical specimen/material values should not be represented as strict source context.	GCA_050834995.1	SAMD00624139	Staphylococcus aureus	Isolation Source	tracheal contents	Felis catus	Felis catus						tracheal contents	tracheal contents										2021	Japan
Isolation_Source_SD	uterine contents	sample_material	Sample_Type_SD	Physical specimen/material values should not be represented as strict source context.	GCA_050835095.1	SAMD00624079	Staphylococcus aureus	Isolation Source	uterine contents	Canis lupus familiaris	Canis lupus familiaris						uterine contents	uterine contents										2021	Japan
Isolation_Source_SD	GI content	sample_material	Sample_Type_SD	Physical specimen/material values should not be represented as strict source context.	GCA_050902095.1	SAMN36386972	Salmonella enterica	Isolation Source	GI content	Equine	Equus caballus						GI content	GI content										2020	United States
Isolation_Source_SD_Broad	medical device	unresolved	admin_review	Broad source category mixes non-source semantic classes; document or migrate.	GCA_051067675.1	SAMN49344239	Sphingobacterium multivorum	Host	Homo sapiens	Homo sapiens	Homo sapiens						catheter	catheter	medical device	Clinical sample	clinical sample	clinical/host-associated material				clinical/host-associated material		2021	France
Isolation_Source_SD	Bronchioaleveolar lavage	sample_material	Sample_Type_SD	Physical specimen/material values should not be represented as strict source context.	GCA_051329755.1	SAMN49912612	Klebsiella pneumoniae	Isolation Source	Bronchioaleveolar lavage	Homo sapiens	Homo sapiens						Bronchioaleveolar lavage	Bronchioaleveolar lavage										2025	United States
Isolation_Source_SD	Bronco-Alveolar Lavage	sample_material	Sample_Type_SD	Physical specimen/material values should not be represented as strict source context.	GCA_051330085.1	SAMN41904626	Klebsiella pneumoniae	Isolation Source	Bronco-Alveolar Lavage	Homo sapiens	Homo sapiens						Bronco-Alveolar Lavage	Bronco-Alveolar Lavage										2022	Italy
Isolation_Source_SD	Bronco-Alveolar Lavage	sample_material	Sample_Type_SD	Physical specimen/material values should not be represented as strict source context.	GCA_051330145.1	SAMN41904630	Klebsiella pneumoniae	Isolation Source	Bronco-Alveolar Lavage	Homo sapiens	Homo sapiens						Bronco-Alveolar Lavage	Bronco-Alveolar Lavage										2022	Italy
Isolation_Source_SD	Eviscerated content	sample_material	Sample_Type_SD	Physical specimen/material values should not be represented as strict source context.	GCA_051448465.1	SAMN48730433	Pseudomonas aeruginosa	Isolation Source	Eviscerated content	Homo sapiens	Homo sapiens						Eviscerated content	Eviscerated content										2024	India
Isolation_Source_SD	Eviscerated contents	sample_material	Sample_Type_SD	Physical specimen/material values should not be represented as strict source context.	GCA_051450745.1	SAMN48730355	Staphylococcus aureus	Isolation Source	Eviscerated contents	Homo sapiens	Homo sapiens						Eviscerated contents	Eviscerated contents										2023	India
Isolation_Source_SD	Eviscerated Contents	sample_material	Sample_Type_SD	Physical specimen/material values should not be represented as strict source context.	GCA_051452585.1	SAMN48730221	Staphylococcus epidermidis	Isolation Source	Eviscerated Contents	Homo sapiens	Homo sapiens						Eviscerated Contents	Eviscerated Contents										2022	India
Sample_Type_SD	grain product	unresolved	admin_review	Sample_Type fields should contain physical specimen/material values only.	GCA_051915165.1	SAMN50000241	Bacillus cereus group sp. MYBKT14-2	Isolation Source	grain products	absent							grain products	clinical/host-associated material	clinical/host-associated material	grain products	grain product							2023	China
Sample_Type_SD	grain product	unresolved	admin_review	Sample_Type fields should contain physical specimen/material values only.	GCA_051915185.1	SAMN50000240	Bacillus cereus group sp. MYBKT14-1	Isolation Source	grain products	absent							grain products	clinical/host-associated material	clinical/host-associated material	grain products	grain product							2023	China
Isolation_Source_SD_Broad	molecular extract	sample_processing	Sample_Processing_SD	Broad source category mixes non-source semantic classes; document or migrate.	GCA_052044725.1	SAMN40583769	Candidatus Erwinia dacicola	Host	Bactrocera oleae	Bactrocera oleae	Bactrocera oleae							DNA extract	molecular extract	host whole body								2022	United States
Isolation_Source_SD	brochoalveolar lavage	sample_material	Sample_Type_SD	Physical specimen/material values should not be represented as strict source context.	GCA_052171935.1	SAMN50579504	Klebsiella pneumoniae	Isolation Source	brochoalveolar lavage	Homo sapiens	Homo sapiens						brochoalveolar lavage	brochoalveolar lavage										2025	United States
Sample_Type_SD	freshwater fish product	environment_medium	Environment_Medium_SD	Environmental terms should not be physical sample type values.	GCA_052789505.1	SAMN38505000	Streptococcus agalactiae	Host	fish	fish		fish					Flesh of freshwater fish, Wet market stall	clinical/host-associated material	clinical/host-associated material		freshwater fish product	aquatic food product		freshwater	water	freshwater environment		2021	Hong Kong
Sample_Type_SD	freshwater fish product	environment_medium	Environment_Medium_SD	Environmental terms should not be physical sample type values.	GCA_052789525.1	SAMN38505001	Streptococcus agalactiae	Host	fish	fish		fish					Freshwater fish spleen, Wet market stall	clinical/host-associated material	clinical/host-associated material		freshwater fish product	aquatic food product	organ/tissue site	freshwater	water	freshwater environment		2021	Hong Kong
Sample_Type_SD	freshwater fish product	environment_medium	Environment_Medium_SD	Environmental terms should not be physical sample type values.	GCA_052789605.1	SAMN38504999	Streptococcus agalactiae	Host	fish	fish		fish					Freshwater fish flesh, Wet market stall	clinical/host-associated material	clinical/host-associated material		freshwater fish product	aquatic food product		freshwater	water	freshwater environment		2021	Hong Kong
Isolation_Source_SD	Post lavage	sample_material	Sample_Type_SD	Physical specimen/material values should not be represented as strict source context.	GCA_053355855.1	SAMN53091027	Escherichia coli	Isolation Source	Post lavage	Canis lupus familiaris	Canis lupus familiaris						Post lavage	Post lavage										2025	United States
Isolation_Source_SD	Chest (PUS)	sample_material	Sample_Type_SD	Physical specimen/material values should not be represented as strict source context.	GCA_053471385.1	SAMN48887289	Mycobacterium colombiense	Isolation Source	Chest (PUS)	Homo sapiens	Homo sapiens		infectious disease	diseased			Chest (PUS)	Chest (PUS)										2014	Thailand
Isolation_Source_SD	Elbow(PUS)-left	sample_material	Sample_Type_SD	Physical specimen/material values should not be represented as strict source context.	GCA_053471445.1	SAMN48887285	Mycobacterium colombiense	Isolation Source	Elbow(PUS)-left	Homo sapiens	Homo sapiens		infectious disease	diseased			Elbow(PUS)-left	Elbow(PUS)-left										2016	Thailand
Isolation_Source_SD	brochoalveolar lavage	sample_material	Sample_Type_SD	Physical specimen/material values should not be represented as strict source context.	GCA_053734975.1	SAMN53418010	Legionella pneumophila	Isolation Source	brochoalveolar lavage	Homo sapiens	Homo sapiens						brochoalveolar lavage	brochoalveolar lavage		whole organism								2025	United States
Sample_Type_SD	transport swab	collection_device	Sample_Collection_Device_SD	Sample_Type fields should contain physical specimen/material values only.	GCA_054165545.1	SAMN50912839	Providencia stuartii	Isolation Source	transport swab	canine	Canis lupus familiaris						transport swab	clinical/host-associated material	clinical/host-associated material		transport swab	swab						2019	China
Sample_Type_SD	transport swab	collection_device	Sample_Collection_Device_SD	Sample_Type fields should contain physical specimen/material values only.	GCA_054165555.1	SAMN50912838	Providencia stuartii	Isolation Source	transport swab	canine	Canis lupus familiaris						transport swab	clinical/host-associated material	clinical/host-associated material		transport swab	swab						2018	China
Sample_Type_SD	transport swab	collection_device	Sample_Collection_Device_SD	Sample_Type fields should contain physical specimen/material values only.	GCA_054165585.1	SAMN50912840	Providencia stuartii	Isolation Source	transport swab	canine	Canis lupus familiaris						transport swab	clinical/host-associated material	clinical/host-associated material		transport swab	swab						2020	China
Isolation_Source_SD	Bronchioalveolar lavage	sample_material	Sample_Type_SD	Physical specimen/material values should not be represented as strict source context.	GCA_054492505.1	SAMN54592067	Acinetobacter baumannii	Isolation Source	Bronchioalveolar lavage	Homo sapiens	Homo sapiens						Bronchioalveolar lavage	Bronchioalveolar lavage										2025	United States
Host_Health_State_SD	convalescent	disease_stage	Host_Disease_Stage_SD	Disease stage should move to Host_Disease_Stage_SD.	GCA_055389265.1	SAMD01611174	Escherichia coli	Isolation Source	feces from diphtheria convalescent	absent			diphtheria	convalescent			feces from diphtheria convalescent	clinical/host-associated material	clinical/host-associated material		feces/stool	feces/stool				host-associated gut/oral/fecal environment	gut/fecal local context	2007	absent
Isolation_Source_SD	peritoneal lavage	sample_material	Sample_Type_SD	Physical specimen/material values should not be represented as strict source context.	GCA_055476075.1	SAMN41648388	Klebsiella pneumoniae	Isolation Source	peritoneal lavage	Homo sapiens	Homo sapiens						peritoneal lavage	peritoneal lavage										2021	Brazil
Isolation_Source_SD_Broad	sample	metadata_descriptor	suppress/provenance only	Broad source category mixes non-source semantic classes; document or migrate.	GCA_055987595.1	SAMN55393551	Staphylococcus aureus	Host	Homo sapiens	Homo sapiens	Homo sapiens						isolation source	source/sample material	sample									2025	China
Isolation_Source_SD	purulent content	sample_material	Sample_Type_SD	Physical specimen/material values should not be represented as strict source context.	GCA_056620055.1	SAMN56809300	Klebsiella pneumoniae	Isolation Source	purulent content	dog	Canis lupus familiaris						purulent content	purulent content										2025	Brazil
Isolation_Source_SD	ileal contents	sample_material	Sample_Type_SD	Physical specimen/material values should not be represented as strict source context.	GCA_057404465.1	SAMN46310808	Candidatus Neoarthromitus sp.	Isolation Source	ileal contents	chicken	Gallus gallus						ileal contents	ileal contents										2024	China
Isolation_Source_SD	ileal contents	sample_material	Sample_Type_SD	Physical specimen/material values should not be represented as strict source context.	GCA_057404475.1	SAMN46316199	Candidatus Neoarthromitus sp.	Isolation Source	ileal contents	chicken	Gallus gallus						ileal contents	ileal contents										2024	China
Sample_Type_SD	wound/pus swab	collection_device	Sample_Collection_Device_SD	Sample_Type fields should contain physical specimen/material values only.	GCA_057736455.1	SAMN59911556	Streptococcus equi subsp. zooepidemicus	Sample Type	pus swab	donkey	Equus asinus									pus swab	wound/pus swab	swab	pus					2025	China
Sample_Type_SD	intestinal epithelial cells	unresolved	admin_review	Sample_Type fields should contain physical specimen/material values only.	GCA_902636315.1	SAMEA6139653	uncultured Wolbachia sp.	Isolation Source	WT Mouse intestinal epithelial cells	absent	Mus musculus					gastrointestinal tract	WT Mouse intestinal epithelial cells	clinical/host-associated material	clinical/host-associated material		intestinal epithelial cells	gut/host-associated material	gastrointestinal tract				gut/fecal local context	absent	absent
Sample_Type_SD_Broad	gut/host-associated material	host_context	Host_Context_SD	Sample_Type fields should contain physical specimen/material values only.	GCA_902636315.1	SAMEA6139653	uncultured Wolbachia sp.	Host	absent	absent	Mus musculus					gastrointestinal tract	WT Mouse intestinal epithelial cells	clinical/host-associated material	clinical/host-associated material		intestinal epithelial cells	gut/host-associated material	gastrointestinal tract				gut/fecal local context	absent	absent
Sample_Type_SD	intestinal epithelial cells	unresolved	admin_review	Sample_Type fields should contain physical specimen/material values only.	GCA_902636325.1	SAMEA6139648	uncultured Wolbachia sp.	Isolation Source	WT Mouse intestinal epithelial cells	absent	Mus musculus					gastrointestinal tract	WT Mouse intestinal epithelial cells	clinical/host-associated material	clinical/host-associated material		intestinal epithelial cells	gut/host-associated material	gastrointestinal tract				gut/fecal local context	absent	absent
Sample_Type_SD_Broad	gut/host-associated material	host_context	Host_Context_SD	Sample_Type fields should contain physical specimen/material values only.	GCA_902636325.1	SAMEA6139648	uncultured Wolbachia sp.	Host	absent	absent	Mus musculus					gastrointestinal tract	WT Mouse intestinal epithelial cells	clinical/host-associated material	clinical/host-associated material		intestinal epithelial cells	gut/host-associated material	gastrointestinal tract				gut/fecal local context	absent	absent
Sample_Type_SD	intestinal epithelial cells	unresolved	admin_review	Sample_Type fields should contain physical specimen/material values only.	GCA_902636335.1	SAMEA6139656	uncultured Wolbachia sp.	Isolation Source	WT Mouse intestinal epithelial cells	absent	Mus musculus					gastrointestinal tract	WT Mouse intestinal epithelial cells	clinical/host-associated material	clinical/host-associated material		intestinal epithelial cells	gut/host-associated material	gastrointestinal tract				gut/fecal local context	absent	absent
Sample_Type_SD_Broad	gut/host-associated material	host_context	Host_Context_SD	Sample_Type fields should contain physical specimen/material values only.	GCA_902636335.1	SAMEA6139656	uncultured Wolbachia sp.	Host	absent	absent	Mus musculus					gastrointestinal tract	WT Mouse intestinal epithelial cells	clinical/host-associated material	clinical/host-associated material		intestinal epithelial cells	gut/host-associated material	gastrointestinal tract				gut/fecal local context	absent	absent
Host_Health_State_SD	specific pathogen free	host_context	Host_Context_SD	Host_Health_State_SD should contain strict health states only.	GCA_902651955.1	SAMEA6160239	Anaerococcus vaginalis	Host Health State	Specific pathogen free	absent				specific pathogen free				clinical/host-associated material	clinical/host-associated material				organ/tissue site					absent	absent
Host_Health_State_SD	specific pathogen free	host_context	Host_Context_SD	Host_Health_State_SD should contain strict health states only.	GCA_902651965.1	SAMEA6160245	Bacteroides caccae	Host Health State	Specific pathogen free	absent				specific pathogen free				clinical/host-associated material	clinical/host-associated material				organ/tissue site					absent	absent
Host_Health_State_SD	specific pathogen free	host_context	Host_Context_SD	Host_Health_State_SD should contain strict health states only.	GCA_902651975.1	SAMEA6160242	uncultured Anaerotruncus sp.	Host Health State	Specific pathogen free	absent				specific pathogen free				clinical/host-associated material	clinical/host-associated material				organ/tissue site					absent	absent
Isolation_Source_SD_Broad	molecular extract	sample_processing	Sample_Processing_SD	Broad source category mixes non-source semantic classes; document or migrate.	GCA_913009855.1	SAMEA9694967	uncultured Loktanella sp.	Host	absent	absent								DNA extract	molecular extract									absent	absent
Isolation_Source_SD_Broad	molecular extract	sample_processing	Sample_Processing_SD	Broad source category mixes non-source semantic classes; document or migrate.	GCA_913052095.1	SAMEA9694968	uncultured Micavibrio sp.	Host	absent	absent								DNA extract	molecular extract									absent	absent
Isolation_Source_SD	bat, faeces	sample_material	Sample_Type_SD	Physical specimen/material values should not be represented as strict source context.	GCA_923277005.1	SAMEA11658548	Haemophilus influenzae	Isolation Source	bat, faeces	absent	Chiroptera					feces/stool	bat, faeces	bat, faeces										2017	Poland
Isolation_Source_SD	bat, faeces	sample_material	Sample_Type_SD	Physical specimen/material values should not be represented as strict source context.	GCA_923282145.1	SAMEA11658547	Haemophilus influenzae	Isolation Source	bat, faeces	absent	Chiroptera					feces/stool	bat, faeces	bat, faeces										2017	Poland
Isolation_Source_SD	appendix content	sample_material	Sample_Type_SD	Physical specimen/material values should not be represented as strict source context.	GCA_934667375.1	SAMEA13519281	uncultured Bacteroides sp.	Host	absent	absent								appendix content										absent	absent
Isolation_Source_SD	appendix content	sample_material	Sample_Type_SD	Physical specimen/material values should not be represented as strict source context.	GCA_934668525.1	SAMEA13519279	uncultured Bacteroides sp.	Host	absent	absent								appendix content										absent	absent
Isolation_Source_SD	body fluid	sample_material	Sample_Type_SD	Physical specimen/material values should not be represented as strict source context.	GCA_937921815.1	SAMEA14084232	uncultured Phascolarctobacterium sp.	Host	absent	absent								body fluid										absent	absent
Isolation_Source_SD	body fluid	sample_material	Sample_Type_SD	Physical specimen/material values should not be represented as strict source context.	GCA_937927475.1	SAMEA14084202	uncultured Bacteroides sp.	Host	absent	absent								body fluid										absent	absent
Isolation_Source_SD	Faeces - Goat - Local livestock market	sample_material	Sample_Type_SD	Physical specimen/material values should not be represented as strict source context.	GCA_948470425.1	SAMEA112258705	Escherichia coli	Isolation Source	Faeces - Goat - Local livestock market	Capra aegagrus hircus	Capra hircus						Faeces - Goat - Local livestock market	Faeces - Goat - Local livestock market										2021	Djibouti
Isolation_Source_SD	Gastric lavage	sample_material	Sample_Type_SD	Physical specimen/material values should not be represented as strict source context.	GCA_963378075.1	SAMEA114267545	[Mycobacterium] kokjensenii	Isolation Source	Gastric lavage	Homo sapiens	Homo sapiens						Gastric lavage	Gastric lavage										1949	Denmark
Isolation_Source_SD	Gastric lavage	sample_material	Sample_Type_SD	Physical specimen/material values should not be represented as strict source context.	GCA_963378085.1	SAMEA114267541	[Mycobacterium] wendilense	Isolation Source	Gastric lavage	Homo sapiens	Homo sapiens						Gastric lavage	Gastric lavage										1948	Denmark
Host_Health_State_SD	non-hospitalized	care_setting	Host_Care_Setting_SD	Care setting should move to Host_Care_Setting_SD.	GCA_964188645.1	SAMEA115461144	Enterococcus faecium	Isolation Source	Non-hospitalized person	Homo sapiens	Homo sapiens			non-hospitalized			Non-hospitalized person											2014	Norway
Host_Health_State_SD	non-hospitalized	care_setting	Host_Care_Setting_SD	Care setting should move to Host_Care_Setting_SD.	GCA_964188655.1	SAMEA115461169	Enterococcus lactis	Isolation Source	Non-hospitalized person	Homo sapiens	Homo sapiens			non-hospitalized			Non-hospitalized person											2014	Norway
Host_Health_State_SD	non-hospitalized	care_setting	Host_Care_Setting_SD	Care setting should move to Host_Care_Setting_SD.	GCA_964188665.1	SAMEA115461137	Enterococcus lactis	Isolation Source	Non-hospitalized person	Homo sapiens	Homo sapiens			non-hospitalized			Non-hospitalized person											2014	Norway
Isolation_Source_SD	poulltry faeces	sample_material	Sample_Type_SD	Physical specimen/material values should not be represented as strict source context.	GCA_965266185.1	SAMEA117993679	Campylobacter coli	Isolation Source	poulltry faeces	absent							poulltry faeces	poulltry faeces										2022	Luxembourg
Isolation_Source_SD	culture	sample_processing	Sample_Processing_SD	Culture/process context unless explicitly submitted material.	GCA_000003135.1	SAMN00001475	Bifidobacterium longum subsp. longum ATCC 55813	Host	Homo sapiens	Homo sapiens	Homo sapiens						ATCC 55813	culture	culture					biological product	biological/clinical product	terrestrial environment		absent	absent
Sample_Type_SD	gut content	sample_material	Sample_Type_SD	Gut/intestinal contents are specimen material.	GCA_000008865.2	SAMN01911278	Escherichia coli O157:H7 str. Sakai	Host	Homo sapiens	Homo sapiens	Homo sapiens					gastrointestinal tract	Human intestinal microflora				gut content	gut content	gastrointestinal tract				gut/fecal local context	1996	Japan
Sample_Type_SD_Broad	gut content	sample_material	Sample_Type_SD	Gut/intestinal contents are specimen material.	GCA_000008865.2	SAMN01911278	Escherichia coli O157:H7 str. Sakai	Host	Homo sapiens	Homo sapiens	Homo sapiens					gastrointestinal tract	Human intestinal microflora				gut content	gut content	gastrointestinal tract				gut/fecal local context	1996	Japan
Isolation_Source_SD_Broad	clinical/host-associated material	source_context	Isolation_Source_SD	Broad clinical or host-associated source context.	GCA_000008985.1	SAMEA3138185	Francisella tularensis subsp. tularensis SCHU S4	Host	absent	absent								blood	clinical/host-associated material									absent	absent
Isolation_Source_SD_Broad	clinical/host-associated material	source_context	Isolation_Source_SD	Broad clinical or host-associated source context.	GCA_000009025.1	SAMEA3138187	Dehalococcoides mccartyi CBDB1	Host	absent	absent								blood	clinical/host-associated material									absent	absent
Isolation_Source_SD_Broad	clinical/host-associated material	source_context	Isolation_Source_SD	Broad clinical or host-associated source context.	GCA_000009045.1	SAMEA3138188	Bacillus subtilis subsp. subtilis str. 168	Host	absent	absent								blood	clinical/host-associated material									absent	absent
Isolation_Source_SD	clinical/host-associated material	source_context	Isolation_Source_SD	Broad clinical or host-associated source context.	GCA_000013925.2	SAMN02603346	Mycobacterium ulcerans Agy99	Host	absent	absent	Homo sapiens						human tissue biopsy	clinical/host-associated material	clinical/host-associated material		biopsy	clinical/host-associated material						1999	Ghana
Isolation_Source_SD	clinical/host-associated material	source_context	Isolation_Source_SD	Broad clinical or host-associated source context.	GCA_000019825.1	SAMN02603350	Streptococcus pneumoniae G54	Host	absent	absent							respiratory sample	clinical/host-associated material	clinical/host-associated material		respiratory sample	clinical/host-associated material	respiratory tract					1991	Italy
Host_Health_State_SD	diseased	health_state	Host_Health_State_SD	Generic health state; not a named disease.	GCA_000021885.1	SAMN02603313	Glaesserella parasuis SH0165	Host	swine	swine	Sus scrofa			diseased			isolated from a Glasser's disease outbreak farm	clinical/host-associated material	clinical/host-associated material		farm	agricultural environment					farm	absent	China
Isolation_Source_SD	clinical/host-associated material	source_context	Isolation_Source_SD	Broad clinical or host-associated source context.	GCA_000021885.1	SAMN02603313	Glaesserella parasuis SH0165	Host	swine	swine	Sus scrofa			diseased			isolated from a Glasser's disease outbreak farm	clinical/host-associated material	clinical/host-associated material		farm	agricultural environment					farm	absent	China
Host_Health_State_SD	diseased	health_state	Host_Health_State_SD	Generic health state; not a named disease.	GCA_000023845.1	SAMN02598434	Cryptobacterium curtum DSM 15641	Host	Homo sapiens	Homo sapiens	Homo sapiens		infectious disease	diseased			Periodontal pocket of an adult patient with periodontal disease in 1995	clinical/host-associated material	clinical/host-associated material									1995	absent
Sample_Type_SD	gut content	sample_material	Sample_Type_SD	Gut/intestinal contents are specimen material.	GCA_000023885.1	SAMN02598438	Slackia heliotrinireducens DSM 20476	Host	Sheep	Sheep	Ovis aries					gastrointestinal tract	Sheep rumen, Australia	clinical/host-associated material	clinical/host-associated material		gut content	gut content	gastrointestinal tract					absent	Australia
Sample_Type_SD_Broad	gut content	sample_material	Sample_Type_SD	Gut/intestinal contents are specimen material.	GCA_000023885.1	SAMN02598438	Slackia heliotrinireducens DSM 20476	Host	Sheep	Sheep	Ovis aries					gastrointestinal tract	Sheep rumen, Australia	clinical/host-associated material	clinical/host-associated material		gut content	gut content	gastrointestinal tract					absent	Australia
Host_Health_State_SD	diseased	health_state	Host_Health_State_SD	Generic health state; not a named disease.	GCA_000023925.1	SAMN02598443	Kytococcus sedentarius DSM 20547	Host	absent	absent			pneumonia	diseased			slide submerged in sea water probably in San Diego	environmental material	environmental material					agricultural/food-production water	water	marine environment		1944	United States
Sample_Type_SD	gut content	sample_material	Sample_Type_SD	Gut/intestinal contents are specimen material.	GCA_000024405.1	SAMN02598468	Sebaldella termitidis ATCC 33386	Host	Termite	Termite	Termitoidae					gastrointestinal tract	termite intestine	clinical/host-associated material	clinical/host-associated material		gut content	gut content	gastrointestinal tract					absent	absent
Sample_Type_SD_Broad	gut content	sample_material	Sample_Type_SD	Gut/intestinal contents are specimen material.	GCA_000024405.1	SAMN02598468	Sebaldella termitidis ATCC 33386	Host	Termite	Termite	Termitoidae					gastrointestinal tract	termite intestine	clinical/host-associated material	clinical/host-associated material		gut content	gut content	gastrointestinal tract					absent	absent
Environment_Broad_Scale_SD	clinical/host-associated material	source_context	Isolation_Source_SD	Broad clinical or host-associated source context.	GCA_000025085.1	SAMN02603957	Staphylococcus lugdunensis HKU09-01	Host	Homo sapiens	Homo sapiens	Homo sapiens						clinical specimen	clinical/host-associated material	clinical/host-associated material		clinical sample	clinical/host-associated material				clinical/host-associated material		absent	Hong Kong
Sample_Type_SD_Broad	clinical fluid/material	sample_material	Sample_Type_SD	Broad clinical fluid or purulent material class.	GCA_000025105.1	SAMN02598505	Thermotoga petrophila RKU-10	Host	absent	absent							Production fluid of the Kubiki oil reservoir in Niigata Japan	clinical/host-associated material	clinical/host-associated material		bodily fluid	clinical fluid/material						absent	Japan
Environment_Medium_SD_Broad	clinical fluid/material	sample_material	Sample_Type_SD	Broad clinical fluid or purulent material class.	GCA_000025485.1	SAMN02598487	Allochromatium vinosum DSM 180	Host	absent	absent							Ditch water	environmental material	environmental material					drainage/runoff water	clinical fluid/material			absent	absent
Sample_Type_SD_Broad	clinical fluid/material	sample_material	Sample_Type_SD	Broad clinical fluid or purulent material class.	GCA_000025845.1	SAMN02603450	Mycoplasma crocodyli MP145	Host	Crocodylus niloticus	Crocodylus niloticus	Crocodylus niloticus						synovial fluid of crocodile with polyarthritis	clinical/host-associated material	clinical/host-associated material		bodily fluid	clinical fluid/material						absent	Zimbabwe
Isolation_Source_SD	culture	sample_processing	Sample_Processing_SD	Culture/process context unless explicitly submitted material.	GCA_000143745.1	SAMN00001478	Lactiplantibacillus plantarum subsp. plantarum ATCC 14917 = JCM 1149 = CGMCC 1.2437	Host	Homo sapiens	Homo sapiens	Homo sapiens						ATCC 14917, IAM 12477	culture	culture					biological product	biological/clinical product	terrestrial environment		absent	absent
Isolation_Source_SD	culture	sample_processing	Sample_Processing_SD	Culture/process context unless explicitly submitted material.	GCA_000143765.1	SAMN00001488	Sphingobacterium spiritivorum ATCC 33861	Host	Homo sapiens	Homo sapiens	Homo sapiens						ATCC 33861, CDC E7288, JCM 1277, NCTC 11386	culture	culture					biological product	biological/clinical product	terrestrial environment		absent	absent
Sample_Type_SD	abscess	sample_material	Sample_Type_SD	Abscess material unless explicit site wording exists.	GCA_000144675.2	SAMN02604117	Corynebacterium pseudotuberculosis C231	Isolation Source	caseous lymphadenitis abscess	sheep	Ovis aries						caseous lymphadenitis abscess	clinical/host-associated material	clinical/host-associated material		abscess	clinical fluid/material	abscess					absent	Brazil
Sample_Type_SD_Broad	clinical fluid/material	sample_material	Sample_Type_SD	Broad clinical fluid or purulent material class.	GCA_000144675.2	SAMN02604117	Corynebacterium pseudotuberculosis C231	Host	sheep	sheep	Ovis aries						caseous lymphadenitis abscess	clinical/host-associated material	clinical/host-associated material		abscess	clinical fluid/material	abscess					absent	Brazil
Sample_Type_SD	abscess	sample_material	Sample_Type_SD	Abscess material unless explicit site wording exists.	GCA_000144935.3	SAMN02603609	Corynebacterium pseudotuberculosis 1002	Isolation Source	caseous lymphedenitis abscess	goat	Capra hircus						caseous lymphedenitis abscess	clinical/host-associated material	clinical/host-associated material		abscess	clinical fluid/material	abscess					absent	Brazil
Environment_Broad_Scale_SD	clinical/host-associated material	source_context	Isolation_Source_SD	Broad clinical or host-associated source context.	GCA_000152065.3	SAMN02603739	Corynebacterium pseudotuberculosis I19	Host	bovine	bovine	Bos taurus		mastitis	diseased			mastitis abscess from cow with severe clinical mastitis in two quarters	clinical/host-associated material	clinical/host-associated material		clinical sample	clinical/host-associated material	abscess			clinical/host-associated material		absent	Israel
Environment_Broad_Scale_SD	clinical/host-associated material	source_context	Isolation_Source_SD	Broad clinical or host-associated source context.	GCA_000167615.1	SAMN02363423	Streptococcus pneumoniae TIGR4	Host	Homo sapiens	Homo sapiens	Homo sapiens			patient			clinical isolate from the blood of a 30 year old patient	clinical/host-associated material	clinical/host-associated material		clinical sample	clinical/host-associated material				clinical/host-associated material		absent	Norway
Sample_Type_SD	abscess	sample_material	Sample_Type_SD	Abscess material unless explicit site wording exists.	GCA_000190535.1	SAMN00713588	Odoribacter splanchnicus DSM 20712	Isolation Source	abdominal abscess	Homo sapiens	Homo sapiens						abdominal abscess	clinical/host-associated material	clinical/host-associated material		abscess	clinical fluid/material	abscess					1972	absent
Environment_Medium_SD	manure	sample_material	Sample_Type_SD	Agricultural fecal material; not anatomical site.	GCA_000212915.1	SAMN02256469	Bacteroides coprosuis DSM 18011	Isolation Source	Pig faeces, swine manure; USA	Sus scrofa	Sus scrofa						Pig faeces, swine manure; USA				feces/stool	feces/stool	manure	manure	agricultural fecal material			absent	United States
Environment_Medium_SD_Broad	clinical fluid/material	sample_material	Sample_Type_SD	Broad clinical fluid or purulent material class.	GCA_000254415.2	SAMN02428961	Campylobacter jejuni subsp. jejuni LMG 23269	Host	chicken	chicken	Gallus gallus						water ditch of chicken farm between 1998-2001	agricultural environment	agricultural environment		farm	agricultural environment		drainage/runoff water	clinical fluid/material		farm	absent	Belgium
Sample_Type_SD	pus	sample_material	Sample_Type_SD	Purulent specimen material, not anatomical site.	GCA_000259735.1	SAMN02471975	Burkholderia pseudomallei 1026a	Isolation Source	pus from a primary melioidosis infection	Homo sapiens	Homo sapiens		melioidosis	diseased			pus from a primary melioidosis infection	clinical/host-associated material	clinical/host-associated material		pus	clinical fluid/material	pus					1993	Thailand
Sample_Type_SD	bronchoalveolar lavage fluid	sample_material	Sample_Type_SD	Lavage fluid specimen.	GCA_000260615.2	SAMN02471408	Mycobacteroides abscessus M24	Host	Homo sapiens	Homo sapiens	Homo sapiens		infectious disease	diseased		lower respiratory tract/bronch/pleural cavity	bronchoalveolar lavage sample from patient with lung infection	clinical fluid/material	clinical fluid/material		bronchoalveolar lavage fluid	respiratory sample	lower respiratory tract/bronch/pleural cavity					2010	Malaysia
Sample_Type_SD	bronchoalveolar lavage fluid	sample_material	Sample_Type_SD	Lavage fluid specimen.	GCA_000262105.1	SAMN02469370	Enterococcus faecium LCT-EF128	Isolation Source	bronchoalveolar lavage	Homo sapiens	Homo sapiens					lower respiratory tract/bronch/pleural cavity	bronchoalveolar lavage	clinical fluid/material	clinical fluid/material		bronchoalveolar lavage fluid	respiratory sample	lower respiratory tract/bronch/pleural cavity					2011	China
Sample_Type_SD	bronchoalveolar lavage fluid	sample_material	Sample_Type_SD	Lavage fluid specimen.	GCA_000301315.1	SAMN02471271	Acinetobacter baumannii AB_2008-15-45	Isolation Source	bronchoalveolar lavage	Homo sapiens	Homo sapiens					lower respiratory tract/bronch/pleural cavity	bronchoalveolar lavage	clinical fluid/material	clinical fluid/material		bronchoalveolar lavage fluid	respiratory sample	lower respiratory tract/bronch/pleural cavity					absent	absent
Sample_Type_SD	pus	sample_material	Sample_Type_SD	Purulent specimen material, not anatomical site.	GCA_000309035.1	SAMN02471288	Acinetobacter haemolyticus TG19602	Isolation Source	ocular pus	Homo sapiens	Homo sapiens						ocular pus	clinical/host-associated material	clinical/host-associated material		pus	clinical fluid/material	pus					absent	absent
Sample_Type_SD	pus	sample_material	Sample_Type_SD	Purulent specimen material, not anatomical site.	GCA_000321965.1	SAMN00779819	Enterococcus faecium EnGen0031	Isolation Source	Pus	Hospitalized patient	Homo sapiens						Pus	clinical/host-associated material	clinical/host-associated material		pus	clinical fluid/material	pus					1960	Netherlands
Sample_Type_SD	gastric biopsy	sample_material	Sample_Type_SD	Biopsy material with gastrointestinal site context.	GCA_000332835.1	SAMN02470612	Brucella intermedia M86	Isolation Source	gastric biopsy	Homo sapiens	Homo sapiens						gastric biopsy	clinical/host-associated material	clinical/host-associated material		gastric biopsy	gut content	gastrointestinal tract					2005	India
Sample_Type_SD	cerebrospinal fluid	sample_material	Sample_Type_SD	Clinical fluid specimen.	GCA_000371145.1	SAMN01047734	Brucella suis CNGB 247	Host	Homo sapiens	Homo sapiens	Homo sapiens						CSF	clinical/host-associated material	clinical/host-associated material		cerebrospinal fluid	clinical/host-associated material	cerebrospinal fluid					1996	Argentina
Sample_Type_SD	tracheal aspirate	sample_material	Sample_Type_SD	Aspirate specimen.	GCA_000375525.1	SAMN02441734	Corynebacterium propinquum DSM 44285	Host	Homo sapiens	Homo sapiens	Homo sapiens						Human tracheal aspiration	clinical/host-associated material	clinical/host-associated material		tracheal aspirate	clinical fluid/material						absent	France
Sample_Type_SD	manure	sample_material	Sample_Type_SD	Agricultural fecal material; not anatomical site.	GCA_000381765.1	SAMN02440490	[Zimmermannella] faecalis ATCC 13722	Isolation Source	cow manure	absent	Bos taurus						cow manure	environmental material	environmental material		manure	agricultural fecal material	manure	manure	agricultural fecal material			absent	absent
Environment_Medium_SD	manure	sample_material	Sample_Type_SD	Agricultural fecal material; not anatomical site.	GCA_000381765.1	SAMN02440490	[Zimmermannella] faecalis ATCC 13722	Isolation Source	cow manure	absent	Bos taurus						cow manure	environmental material	environmental material		manure	agricultural fecal material	manure	manure	agricultural fecal material			absent	absent
Sample_Type_SD	manure	sample_material	Sample_Type_SD	Agricultural fecal material; not anatomical site.	GCA_000401915.1	SAMN02471029	Thermobifida fusca TM51	Isolation Source	hot region of horse manure compost (70-80C)	absent	Equus caballus						hot region of horse manure compost (70-80C)	environmental material	environmental material		manure	agricultural fecal material	manure	manure	agricultural fecal material			1993	Hungary
Environment_Medium_SD	manure	sample_material	Sample_Type_SD	Agricultural fecal material; not anatomical site.	GCA_000401915.1	SAMN02471029	Thermobifida fusca TM51	Isolation Source	hot region of horse manure compost (70-80C)	absent	Equus caballus						hot region of horse manure compost (70-80C)	environmental material	environmental material		manure	agricultural fecal material	manure	manure	agricultural fecal material			1993	Hungary
Sample_Type_SD	gastric biopsy	sample_material	Sample_Type_SD	Biopsy material with gastrointestinal site context.	GCA_000444305.1	SAMN02214239	Helicobacter pylori UM111	Isolation Source	gastric biopsy tissue	Homo sapiens	Homo sapiens						gastric biopsy tissue	clinical/host-associated material	clinical/host-associated material		gastric biopsy	gut content	gastrointestinal tract					2012	Malaysia
Sample_Type_SD	gastric biopsy	sample_material	Sample_Type_SD	Biopsy material with gastrointestinal site context.	GCA_000444345.1	SAMN02214237	Helicobacter pylori UM038	Isolation Source	gastric biopsy tissue	Homo sapiens	Homo sapiens						gastric biopsy tissue	clinical/host-associated material	clinical/host-associated material		gastric biopsy	gut content	gastrointestinal tract					2012	Malaysia
Sample_Type_SD	cerebrospinal fluid	sample_material	Sample_Type_SD	Clinical fluid specimen.	GCA_000465305.1	SAMN02470609	Mycobacterium tuberculosis 43-16836	Host	Homo sapiens	Homo sapiens	Homo sapiens						CSF	clinical/host-associated material	clinical/host-associated material		cerebrospinal fluid	clinical/host-associated material	cerebrospinal fluid					2000	Thailand
Sample_Type_SD	cerebrospinal fluid	sample_material	Sample_Type_SD	Clinical fluid specimen.	GCA_000513675.1	SAMN05771119	Listeria monocytogenes serotype 1/2a str. 10-1047	Host	Homo sapiens	Homo sapiens	Homo sapiens						CSF	clinical/host-associated material	clinical/host-associated material		cerebrospinal fluid	clinical/host-associated material	cerebrospinal fluid					2010	Canada
Sample_Type_SD	manure	sample_material	Sample_Type_SD	Agricultural fecal material; not anatomical site.	GCA_000518565.1	SAMN02584976	Thermoanaerobacter thermocopriae JCM 7501	Isolation Source	composted cattle manure, Japan	absent	Bos taurus						composted cattle manure, Japan	environmental material	environmental material		manure	agricultural fecal material	manure	manure	agricultural fecal material			absent	Japan
Sample_Type_SD	tracheal aspirate	sample_material	Sample_Type_SD	Aspirate specimen.	GCA_000943095.1	SAMEA2072940	Klebsiella pneumoniae	Host	Homo sapiens	Homo sapiens	Homo sapiens						Tracheal aspiration	clinical/host-associated material	clinical/host-associated material		tracheal aspirate	clinical fluid/material						2012	Nepal
Environment_Medium_SD_Broad	clinical fluid/material	sample_material	Sample_Type_SD	Broad clinical fluid or purulent material class.	GCA_001581915.1	SAMN04325951	Ferrovum myxofaciens	Host	absent	absent							acid mine drainage water	environmental material	environmental material	whole organism				drainage water	clinical fluid/material			absent	Germany
Sample_Type_SD	tracheal aspirate	sample_material	Sample_Type_SD	Aspirate specimen.	GCA_002263405.1	SAMN07344899	Pseudomonas aeruginosa	Host	Homo sapiens	Homo sapiens	Homo sapiens						tracheal aspiration	clinical/host-associated material	clinical/host-associated material		tracheal aspirate	clinical fluid/material						2013	Belgium
Isolation_Source_SD	clinical sample	source_context	Isolation_Source_SD	Clinical sampling context, not a physical material.	GCA_002925805.1	SAMN08436979	Enterobacter cloacae complex sp.	Host	Homo sapiens	Homo sapiens	Homo sapiens		infectious disease	diseased			clinical material	clinical sample	clinical/host-associated material		clinical material	clinical/host-associated material				clinical/host-associated material		2012	Czech Republic
Isolation_Source_SD	clinical sample	source_context	Isolation_Source_SD	Clinical sampling context, not a physical material.	GCA_003057395.1	SAMN08450112	Enterobacter cloacae complex sp.	Host	Homo sapiens	Homo sapiens	Homo sapiens		infectious disease	diseased			clinical material	clinical sample	clinical/host-associated material		clinical material	clinical/host-associated material				clinical/host-associated material		2016	Czech Republic
Isolation_Source_SD	clinical sample	source_context	Isolation_Source_SD	Clinical sampling context, not a physical material.	GCA_003605215.1	SAMN09935546	Staphylococcus aureus	Host	Homo sapiens	Homo sapiens	Homo sapiens						clinical material	clinical sample	clinical/host-associated material		clinical material	clinical/host-associated material				clinical/host-associated material		2013	Greece
Isolation_Source_SD	sink	environment_local_scale	Environment_Local_Scale_SD	Built-environment local feature.	GCA_017641395.1	SAMN10984520	Enterococcus faecalis	Isolation Source	Peadiatric - sink	Hospital environment							Peadiatric - sink	sink	built environment					healthcare facility	healthcare-associated environment	healthcare-associated environment	healthcare facility	2017	South Africa
Isolation_Source_SD	sink	environment_local_scale	Environment_Local_Scale_SD	Built-environment local feature.	GCA_017641595.1	SAMN10984506	Enterococcus faecalis	Isolation Source	Peadiatric - sink	Hospital environment							Peadiatric - sink	sink	built environment					healthcare facility	healthcare-associated environment	healthcare-associated environment	healthcare facility	2017	South Africa
Isolation_Source_SD	sink	environment_local_scale	Environment_Local_Scale_SD	Built-environment local feature.	GCA_017641625.1	SAMN10984509	Enterococcus faecalis	Isolation Source	Peadiatric - sink	Hospital environment							Peadiatric - sink	sink	built environment					healthcare facility	healthcare-associated environment	healthcare-associated environment	healthcare facility	2017	South Africa
Host_Health_State_SD	healthy/no disease reported	health_state	Host_Health_State_SD	Health state/no disease report, not a disease.	GCA_021440055.1	SAMN24424716	Segatella copri	Host	Homo sapiens	Homo sapiens	Homo sapiens		healthy/no disease reported	healthy/no disease reported			stool samples from healthy people			pure cultures of bacteria	pure/single culture	culture				host-associated gut/oral/fecal environment	gut/fecal local context	2021	China
Isolation_Source_SD	catheter	collection_device	Sample_Collection_Device_SD	Medical device/collection device, not anatomical site.	GCA_024024535.1	SAMN27561618	Corynebacterium striatum	Host	venous catheters	venous catheters								catheter	medical device									2021	China
Host_Health_State_SD	healthy/no disease reported	health_state	Host_Health_State_SD	Health state/no disease report, not a disease.	GCA_026684115.1	SAMN31880433	Salmonella enterica subsp. enterica	Host	Homo sapiens	Homo sapiens	Homo sapiens		healthy/no disease reported	healthy/no disease reported			Fecal samples from healthy people				feces/stool	feces/stool						2000	China
Host_Health_State_SD	healthy/no disease reported	health_state	Host_Health_State_SD	Health state/no disease report, not a disease.	GCA_043267265.1	SAMN44234726	Salmonella enterica	Host	Homo sapiens	Homo sapiens	Homo sapiens		healthy/no disease reported	healthy/no disease reported			healthy people											2021	China
Isolation_Source_SD	catheter	collection_device	Sample_Collection_Device_SD	Medical device/collection device, not anatomical site.	GCA_051067675.1	SAMN49344239	Sphingobacterium multivorum	Isolation Source	catheter	Homo sapiens	Homo sapiens						catheter	catheter	medical device	Clinical sample	clinical sample	clinical/host-associated material				clinical/host-associated material		2021	France
Isolation_Source_SD	DNA extract	sample_processing	Sample_Processing_SD	Molecular extract/processing state.	GCA_052044725.1	SAMN40583769	Candidatus Erwinia dacicola	Host	Bactrocera oleae	Bactrocera oleae	Bactrocera oleae							DNA extract	molecular extract	host whole body								2022	United States
Isolation_Source_SD	DNA extract	sample_processing	Sample_Processing_SD	Molecular extract/processing state.	GCA_913009855.1	SAMEA9694967	uncultured Loktanella sp.	Host	absent	absent								DNA extract	molecular extract									absent	absent
Isolation_Source_SD	DNA extract	sample_processing	Sample_Processing_SD	Molecular extract/processing state.	GCA_913052095.1	SAMEA9694968	uncultured Micavibrio sp.	Host	absent	absent								DNA extract	molecular extract									absent	absent
