field	standardized_value	primary_semantic_class	secondary_semantic_classes	semantic_components	confidence	field_compatibility	additive_destinations	remove_from_current_field	review_required	action_class	row_count	reason	expected_semantic_classes
Isolation_Source_SD_Broad	clinical/host-associated material	source_context		source_context:clinical or host-associated source context	high	compatible	Isolation_Source_SD	false	false	additive_axis_enrichment	1058090	source_context:clinical or host-associated source context	anatomical_material|environment_broad_scale|environment_medium|food_commodity|host_context|sample_material|source_context
Isolation_Source_SD_Broad	environmental material	source_context		source_context:broad source context	high	compatible	Isolation_Source_SD	false	false	additive_axis_enrichment	418885	source_context:broad source context	anatomical_material|environment_broad_scale|environment_medium|food_commodity|host_context|sample_material|source_context
Sample_Type_SD_Broad	clinical/host-associated material	source_context		source_context:clinical or host-associated source context	high	compatible	Isolation_Source_SD	false	false	additive_axis_enrichment	329869	source_context:clinical or host-associated source context	collection_device|data_product|food_commodity|sample_entity|sample_material|sample_processing|sampling_context|source_context
Environment_Medium_SD_Broad	water	environment_medium		environment_medium:environmental medium	high	compatible	Environment_Medium_SD	false	false	additive_axis_enrichment	192665	environment_medium:environmental medium	environment_medium
Sample_Type_SD_Broad	food/meat	food_commodity		food_commodity:explicit food or commodity context	high	compatible	Isolation_Source_SD|Sample_Type_SD	false	false	additive_axis_enrichment	133186	food_commodity:explicit food or commodity context	collection_device|data_product|food_commodity|sample_entity|sample_material|sample_processing|sampling_context|source_context
Isolation_Source_SD_Broad	food/meat	food_commodity		food_commodity:explicit food or commodity context	high	compatible	Isolation_Source_SD|Sample_Type_SD	false	false	additive_axis_enrichment	131650	food_commodity:explicit food or commodity context	anatomical_material|environment_broad_scale|environment_medium|food_commodity|host_context|sample_material|source_context
Host_Anatomical_Site_SD	gastrointestinal tract	anatomical_site		anatomical_site:anatomical site or plant part	high	compatible	Isolation_Site_SD	false	false	additive_axis_enrichment	103923	anatomical_site:anatomical site or plant part	anatomical_site
Isolation_Site_SD	gastrointestinal tract	anatomical_site		anatomical_site:anatomical site or plant part	high	compatible	Host_Anatomical_Site_SD	false	false	additive_axis_enrichment	103798	anatomical_site:anatomical site or plant part	anatomical_site
Environment_Medium_SD_Broad	soil	environment_medium		environment_medium:environmental medium	high	compatible	Environment_Medium_SD	false	false	additive_axis_enrichment	97507	environment_medium:environmental medium	environment_medium
Environment_Medium_SD_Broad	sediment	environment_medium		environment_medium:environmental medium	high	compatible	Environment_Medium_SD	false	false	additive_axis_enrichment	76342	environment_medium:environmental medium	environment_medium
Sample_Type_SD	urine	sample_material		sample_material:physical specimen/material	high	compatible	Sample_Material_SD	false	false	additive_axis_enrichment	68685	sample_material:physical specimen/material	collection_device|data_product|food_commodity|sample_entity|sample_material|sample_processing|sampling_context
Isolation_Site_SD	sterile body site	anatomical_site		anatomical_site:anatomical site or plant part	high	compatible	Host_Anatomical_Site_SD	false	false	additive_axis_enrichment	46777	anatomical_site:anatomical site or plant part	anatomical_site
Sample_Type_SD	chicken meat	food_commodity		food_commodity:explicit food or commodity context	high	compatible	Isolation_Source_SD	false	false	additive_axis_enrichment	44567	food_commodity:explicit food or commodity context	collection_device|data_product|food_commodity|sample_entity|sample_material|sample_processing|sampling_context
Host_Anatomical_Site_SD	rectum/perianal region	anatomical_site		anatomical_site:anatomical site or plant part	high	compatible	Isolation_Site_SD	false	false	additive_axis_enrichment	36352	anatomical_site:anatomical site or plant part	anatomical_site
Isolation_Site_SD	rectum/perianal region	anatomical_site		anatomical_site:anatomical site or plant part	high	compatible	Host_Anatomical_Site_SD	false	false	additive_axis_enrichment	36352	anatomical_site:anatomical site or plant part	anatomical_site
Sample_Type_SD	sputum	sample_material		sample_material:physical specimen/material	high	compatible	Sample_Material_SD	false	false	additive_axis_enrichment	35588	sample_material:physical specimen/material	collection_device|data_product|food_commodity|sample_entity|sample_material|sample_processing|sampling_context
Sample_Type_SD	clinical sample	sampling_context		sampling_context:clinical	high	compatible	Sampling_Context_SD	false	false	additive_axis_enrichment	33519	sampling_context:clinical	collection_device|data_product|food_commodity|sample_entity|sample_material|sample_processing|sampling_context
Isolation_Source_SD_Broad	food	food_commodity		food_commodity:explicit food or commodity context	high	compatible	Isolation_Source_SD|Sample_Type_SD	false	false	additive_axis_enrichment	32991	food_commodity:explicit food or commodity context	anatomical_material|environment_broad_scale|environment_medium|food_commodity|host_context|sample_material|source_context
Isolation_Site_SD	nasopharynx/oropharynx	anatomical_site		anatomical_site:anatomical site or plant part	high	compatible	Host_Anatomical_Site_SD	false	false	additive_axis_enrichment	29951	anatomical_site:anatomical site or plant part	anatomical_site
Sample_Type_SD_Broad	clinical fluid/material	sample_material		sample_material:clinical fluid or purulent material	high	compatible	Sample_Material_SD|Sample_Type_SD	false	false	additive_axis_enrichment	29791	sample_material:clinical fluid or purulent material	collection_device|data_product|food_commodity|sample_entity|sample_material|sample_processing|sampling_context|source_context
Isolation_Source_SD_Broad	healthcare-associated environment	environment_broad_scale		environment_broad_scale:broad environmental setting	high	compatible	Environment_Broad_Scale_SD	false	false	additive_axis_enrichment	29706	environment_broad_scale:broad environmental setting	anatomical_material|environment_broad_scale|environment_medium|food_commodity|host_context|sample_material|source_context
Sample_Type_SD_Broad	food	food_commodity		food_commodity:explicit food or commodity context	high	compatible	Isolation_Source_SD|Sample_Type_SD	false	false	additive_axis_enrichment	29078	food_commodity:explicit food or commodity context	collection_device|data_product|food_commodity|sample_entity|sample_material|sample_processing|sampling_context|source_context
Isolation_Source_SD	food/food product	food_commodity		food_commodity:explicit food or commodity context	high	compatible	Sample_Type_SD	false	false	additive_axis_enrichment	27204	food_commodity:explicit food or commodity context	anatomical_material|environment_broad_scale|environment_local_scale|environment_medium|food_commodity|host_context|sample_material|source_context
Isolation_Source_SD	healthcare facility	environment_local_scale		environment_local_scale:local environmental or facility feature	high	compatible	Environment_Local_Scale_SD	false	false	additive_axis_enrichment	24785	environment_local_scale:local environmental or facility feature	anatomical_material|environment_broad_scale|environment_local_scale|environment_medium|food_commodity|host_context|sample_material|source_context
Sample_Type_SD	food	food_commodity		food_commodity:explicit food or commodity context	high	compatible	Isolation_Source_SD	false	false	additive_axis_enrichment	24769	food_commodity:explicit food or commodity context	collection_device|data_product|food_commodity|sample_entity|sample_material|sample_processing|sampling_context
Isolation_Site_SD	wound	anatomical_site		anatomical_site:anatomical site or plant part	high	compatible	Host_Anatomical_Site_SD	false	false	additive_axis_enrichment	22269	anatomical_site:anatomical site or plant part	anatomical_site
Isolation_Site_SD	lower respiratory tract/bronch/pleural cavity	anatomical_site		anatomical_site:anatomical site or plant part	high	compatible	Host_Anatomical_Site_SD	false	false	additive_axis_enrichment	20282	anatomical_site:anatomical site or plant part	anatomical_site
Sample_Type_SD_Broad	environmental material	source_context		source_context:broad source context	high	compatible	Isolation_Source_SD	false	false	additive_axis_enrichment	19876	source_context:broad source context	collection_device|data_product|food_commodity|sample_entity|sample_material|sample_processing|sampling_context|source_context
Environment_Medium_SD_Broad	wastewater/sewage	environment_medium		environment_medium:environmental medium	high	compatible	Environment_Medium_SD	false	false	additive_axis_enrichment	19627	environment_medium:environmental medium	environment_medium
Sample_Type_SD	environmental sample	sampling_context		sampling_context:sampling context	high	compatible	Sampling_Context_SD	false	false	additive_axis_enrichment	18083	sampling_context:sampling context	collection_device|data_product|food_commodity|sample_entity|sample_material|sample_processing|sampling_context
Host_Anatomical_Site_SD	lower respiratory tract/bronch/pleural cavity	anatomical_site		anatomical_site:anatomical site or plant part	high	compatible	Isolation_Site_SD	false	false	additive_axis_enrichment	17996	anatomical_site:anatomical site or plant part	anatomical_site
Host_Anatomical_Site_SD	nasal cavity/sinus/upper respiratory tract	anatomical_site		anatomical_site:anatomical site or plant part	high	compatible	Isolation_Site_SD	false	false	additive_axis_enrichment	17926	anatomical_site:anatomical site or plant part	anatomical_site
Isolation_Site_SD	nasal cavity/sinus/upper respiratory tract	anatomical_site		anatomical_site:anatomical site or plant part	high	compatible	Host_Anatomical_Site_SD	false	false	additive_axis_enrichment	17919	anatomical_site:anatomical site or plant part	anatomical_site
Sample_Type_SD	beef	food_commodity		food_commodity:explicit food or commodity context	high	compatible	Isolation_Source_SD	false	false	additive_axis_enrichment	15328	food_commodity:explicit food or commodity context	collection_device|data_product|food_commodity|sample_entity|sample_material|sample_processing|sampling_context
Isolation_Source_SD	pork/meat product	food_commodity		food_commodity:explicit food or commodity context	high	compatible	Sample_Type_SD	false	false	additive_axis_enrichment	15096	food_commodity:explicit food or commodity context	anatomical_material|environment_broad_scale|environment_local_scale|environment_medium|food_commodity|host_context|sample_material|source_context
Sample_Type_SD	pork	food_commodity		food_commodity:explicit food or commodity context	high	compatible	Isolation_Source_SD	false	false	additive_axis_enrichment	15029	food_commodity:explicit food or commodity context	collection_device|data_product|food_commodity|sample_entity|sample_material|sample_processing|sampling_context
Isolation_Source_SD	beef/meat product	food_commodity		food_commodity:explicit food or commodity context	high	compatible	Sample_Type_SD	false	false	additive_axis_enrichment	14499	food_commodity:explicit food or commodity context	anatomical_material|environment_broad_scale|environment_local_scale|environment_medium|food_commodity|host_context|sample_material|source_context
Isolation_Site_SD	oral cavity	anatomical_site		anatomical_site:anatomical site or plant part	high	compatible	Host_Anatomical_Site_SD	false	false	additive_axis_enrichment	14445	anatomical_site:anatomical site or plant part	anatomical_site
Host_Anatomical_Site_SD	oral cavity	anatomical_site		anatomical_site:anatomical site or plant part	high	compatible	Isolation_Site_SD	false	false	additive_axis_enrichment	14437	anatomical_site:anatomical site or plant part	anatomical_site
Sample_Type_SD_Broad	tissue	sample_material		sample_material:physical specimen/material	high	compatible	Sample_Material_SD|Sample_Type_SD	false	false	additive_axis_enrichment	14360	sample_material:physical specimen/material	collection_device|data_product|food_commodity|sample_entity|sample_material|sample_processing|sampling_context|source_context
Isolation_Source_SD	turkey meat/product	food_commodity		food_commodity:explicit food or commodity context	high	compatible	Sample_Type_SD	false	false	additive_axis_enrichment	14060	food_commodity:explicit food or commodity context	anatomical_material|environment_broad_scale|environment_local_scale|environment_medium|food_commodity|host_context|sample_material|source_context
Sample_Type_SD	turkey meat	food_commodity		food_commodity:explicit food or commodity context	high	compatible	Isolation_Source_SD	false	false	additive_axis_enrichment	14058	food_commodity:explicit food or commodity context	collection_device|data_product|food_commodity|sample_entity|sample_material|sample_processing|sampling_context
Sample_Type_SD_Broad	food/dairy	food_commodity		food_commodity:explicit food or commodity context	high	compatible	Isolation_Source_SD|Sample_Type_SD	false	false	additive_axis_enrichment	13886	food_commodity:explicit food or commodity context	collection_device|data_product|food_commodity|sample_entity|sample_material|sample_processing|sampling_context|source_context
Sample_Type_SD	tissue	sample_material		sample_material:physical specimen/material	high	compatible	Sample_Material_SD	false	false	additive_axis_enrichment	13818	sample_material:physical specimen/material	collection_device|data_product|food_commodity|sample_entity|sample_material|sample_processing|sampling_context
Sample_Type_SD	environmental swab	collection_device		collection_device:collection device	high	compatible	Sample_Collection_Device_SD	false	false	additive_axis_enrichment	12999	collection_device:collection device	collection_device|data_product|food_commodity|sample_entity|sample_material|sample_processing|sampling_context
Isolation_Source_SD_Broad	host-associated context	source_context		source_context:host-associated source context	high	compatible	Isolation_Source_SD	false	false	additive_axis_enrichment	12257	source_context:host-associated source context	anatomical_material|environment_broad_scale|environment_medium|food_commodity|host_context|sample_material|source_context
Sample_Type_SD_Broad	environmental/geologic material	source_context		source_context:environmental or geologic source context	high	compatible	Isolation_Source_SD	false	false	additive_axis_enrichment	12244	source_context:environmental or geologic source context	collection_device|data_product|food_commodity|sample_entity|sample_material|sample_processing|sampling_context|source_context
Isolation_Site_SD	respiratory tract	anatomical_site		anatomical_site:anatomical site or plant part	high	compatible	Host_Anatomical_Site_SD	false	false	additive_axis_enrichment	11118	anatomical_site:anatomical site or plant part	anatomical_site
Sample_Type_SD	bodily fluid	sample_material		sample_material:physical specimen/material	high	compatible	Sample_Material_SD	false	false	additive_axis_enrichment	10562	sample_material:physical specimen/material	collection_device|data_product|food_commodity|sample_entity|sample_material|sample_processing|sampling_context
Isolation_Source_SD_Broad	clinical fluid/material	sample_material		sample_material:clinical fluid or purulent material	high	compatible	Sample_Material_SD|Sample_Type_SD	false	false	additive_axis_enrichment	9023	sample_material:clinical fluid or purulent material	anatomical_material|environment_broad_scale|environment_medium|food_commodity|host_context|sample_material|source_context
Isolation_Source_SD	clinical fluid/material	sample_material		sample_material:clinical fluid or purulent material	high	compatible	Sample_Material_SD|Sample_Type_SD	false	false	additive_axis_enrichment	9021	sample_material:clinical fluid or purulent material	anatomical_material|environment_broad_scale|environment_local_scale|environment_medium|food_commodity|host_context|sample_material|source_context
Sample_Type_SD	milk	sample_material		sample_material:physical specimen/material	high	compatible	Sample_Material_SD	false	false	additive_axis_enrichment	8044	sample_material:physical specimen/material	collection_device|data_product|food_commodity|sample_entity|sample_material|sample_processing|sampling_context
Isolation_Site_SD	urogenital tract	anatomical_site		anatomical_site:anatomical site or plant part	high	compatible	Host_Anatomical_Site_SD	false	false	additive_axis_enrichment	7165	anatomical_site:anatomical site or plant part	anatomical_site
Isolation_Source_SD_Broad	food/dairy	food_commodity		food_commodity:explicit food or commodity context	high	compatible	Isolation_Source_SD|Sample_Type_SD	false	false	additive_axis_enrichment	7050	food_commodity:explicit food or commodity context	anatomical_material|environment_broad_scale|environment_medium|food_commodity|host_context|sample_material|source_context
Host_Anatomical_Site_SD	urogenital tract	anatomical_site		anatomical_site:anatomical site or plant part	high	compatible	Isolation_Site_SD	false	false	additive_axis_enrichment	6968	anatomical_site:anatomical site or plant part	anatomical_site
Isolation_Source_SD	dairy food	food_commodity		food_commodity:explicit food or commodity context	high	compatible	Sample_Type_SD	false	false	additive_axis_enrichment	6863	food_commodity:explicit food or commodity context	anatomical_material|environment_broad_scale|environment_local_scale|environment_medium|food_commodity|host_context|sample_material|source_context
Environment_Medium_SD_Broad	biofilm	environment_medium		environment_medium:environmental medium	high	compatible	Environment_Medium_SD	false	false	additive_axis_enrichment	6560	environment_medium:environmental medium	environment_medium
Isolation_Source_SD	meat product	food_commodity		food_commodity:explicit food or commodity context	high	compatible	Sample_Type_SD	false	false	additive_axis_enrichment	5480	food_commodity:explicit food or commodity context	anatomical_material|environment_broad_scale|environment_local_scale|environment_medium|food_commodity|host_context|sample_material|source_context
Sample_Type_SD	meat product	food_commodity		food_commodity:explicit food or commodity context	high	compatible	Isolation_Source_SD	false	false	additive_axis_enrichment	5315	food_commodity:explicit food or commodity context	collection_device|data_product|food_commodity|sample_entity|sample_material|sample_processing|sampling_context
Isolation_Source_SD_Broad	water	environment_medium		environment_medium:environmental medium	high	compatible	Environment_Medium_SD	false	false	additive_axis_enrichment	5148	environment_medium:environmental medium	anatomical_material|environment_broad_scale|environment_medium|food_commodity|host_context|sample_material|source_context
Sample_Type_SD	dairy food	food_commodity		food_commodity:explicit food or commodity context	high	compatible	Isolation_Source_SD	false	false	additive_axis_enrichment	4959	food_commodity:explicit food or commodity context	collection_device|data_product|food_commodity|sample_entity|sample_material|sample_processing|sampling_context
Isolation_Source_SD	healthcare-associated environment	environment_broad_scale		environment_broad_scale:broad environmental setting	high	compatible	Environment_Broad_Scale_SD	false	false	additive_axis_enrichment	4921	environment_broad_scale:broad environmental setting	anatomical_material|environment_broad_scale|environment_local_scale|environment_medium|food_commodity|host_context|sample_material|source_context
Isolation_Source_SD_Broad	aquatic food product	food_commodity		food_commodity:explicit food or commodity context	high	compatible	Isolation_Source_SD|Sample_Type_SD	false	false	additive_axis_enrichment	4516	food_commodity:explicit food or commodity context	anatomical_material|environment_broad_scale|environment_medium|food_commodity|host_context|sample_material|source_context
Isolation_Source_SD	seafood/aquatic food product	food_commodity		food_commodity:explicit food or commodity context	high	compatible	Sample_Type_SD	false	false	additive_axis_enrichment	4489	food_commodity:explicit food or commodity context	anatomical_material|environment_broad_scale|environment_local_scale|environment_medium|food_commodity|host_context|sample_material|source_context
Sample_Type_SD_Broad	host-associated context	source_context		source_context:host-associated source context	high	compatible	Isolation_Source_SD	false	false	additive_axis_enrichment	4000	source_context:host-associated source context	collection_device|data_product|food_commodity|sample_entity|sample_material|sample_processing|sampling_context|source_context
Isolation_Source_SD	wastewater/organic waste	environment_medium		environment_medium:environmental medium	high	compatible	Environment_Medium_SD	false	false	additive_axis_enrichment	3760	environment_medium:environmental medium	anatomical_material|environment_broad_scale|environment_local_scale|environment_medium|food_commodity|host_context|sample_material|source_context
Isolation_Source_SD_Broad	wastewater/organic waste	environment_medium		environment_medium:environmental medium	high	compatible	Environment_Medium_SD	false	false	additive_axis_enrichment	3760	environment_medium:environmental medium	anatomical_material|environment_broad_scale|environment_medium|food_commodity|host_context|sample_material|source_context
Sample_Type_SD	sponge	collection_device		collection_device:sponge	high	compatible	Sample_Collection_Device_SD	false	false	additive_axis_enrichment	3554	collection_device:sponge	collection_device|data_product|food_commodity|sample_entity|sample_material|sample_processing|sampling_context
Isolation_Source_SD	urine	sample_material		sample_material:physical specimen/material	high	compatible	Sample_Material_SD|Sample_Type_SD	false	false	additive_axis_enrichment	2891	sample_material:physical specimen/material	anatomical_material|environment_broad_scale|environment_local_scale|environment_medium|food_commodity|host_context|sample_material|source_context
Environment_Local_Scale_SD	intensive care unit	care_setting		care_setting:care setting	high	compatible	Host_Care_Setting_SD	false	false	additive_axis_enrichment	2869	care_setting:care setting	care_setting|environment_local_scale
Isolation_Site_SD	root	anatomical_site		anatomical_site:anatomical site or plant part	high	compatible	Host_Anatomical_Site_SD	false	false	additive_axis_enrichment	2857	anatomical_site:anatomical site or plant part	anatomical_site
Isolation_Source_SD_Broad	environmental/geologic material	source_context		source_context:environmental or geologic source context	high	compatible	Isolation_Source_SD	false	false	additive_axis_enrichment	2831	source_context:environmental or geologic source context	anatomical_material|environment_broad_scale|environment_medium|food_commodity|host_context|sample_material|source_context
Isolation_Source_SD	Římov reservoir	environment_local_scale		environment_local_scale:local environmental or facility feature	high	compatible	Environment_Local_Scale_SD	false	false	additive_axis_enrichment	2383	environment_local_scale:local environmental or facility feature	anatomical_material|environment_broad_scale|environment_local_scale|environment_medium|food_commodity|host_context|sample_material|source_context
Sample_Type_SD_Broad	food/produce	food_commodity		food_commodity:explicit food or commodity context	high	compatible	Isolation_Source_SD|Sample_Type_SD	false	false	additive_axis_enrichment	2345	food_commodity:explicit food or commodity context	collection_device|data_product|food_commodity|sample_entity|sample_material|sample_processing|sampling_context|source_context
Isolation_Source_SD_Broad	agricultural environment	environment_broad_scale		environment_broad_scale:broad environmental setting	high	compatible	Environment_Broad_Scale_SD	false	false	additive_axis_enrichment	2212	environment_broad_scale:broad environmental setting	anatomical_material|environment_broad_scale|environment_medium|food_commodity|host_context|sample_material|source_context
Isolation_Source_SD	agricultural environment	environment_broad_scale		environment_broad_scale:broad environmental setting	high	compatible	Environment_Broad_Scale_SD	false	false	additive_axis_enrichment	2197	environment_broad_scale:broad environmental setting	anatomical_material|environment_broad_scale|environment_local_scale|environment_medium|food_commodity|host_context|sample_material|source_context
Sample_Type_SD	clinical material	sampling_context		sampling_context:clinical	high	compatible	Sampling_Context_SD	false	false	additive_axis_enrichment	1956	sampling_context:clinical	collection_device|data_product|food_commodity|sample_entity|sample_material|sample_processing|sampling_context
Sample_Type_SD_Broad	food/processing environment	food_commodity		food_commodity:explicit food or commodity context	high	compatible	Isolation_Source_SD|Sample_Type_SD	false	false	additive_axis_enrichment	1943	food_commodity:explicit food or commodity context	collection_device|data_product|food_commodity|sample_entity|sample_material|sample_processing|sampling_context|source_context
Sample_Type_SD_Broad	aquatic food product	food_commodity		food_commodity:explicit food or commodity context	high	compatible	Isolation_Source_SD|Sample_Type_SD	false	false	additive_axis_enrichment	1932	food_commodity:explicit food or commodity context	collection_device|data_product|food_commodity|sample_entity|sample_material|sample_processing|sampling_context|source_context
Sample_Type_SD	food processing environment	food_commodity		food_commodity:explicit food or commodity context	high	compatible	Isolation_Source_SD	false	false	additive_axis_enrichment	1905	food_commodity:explicit food or commodity context	collection_device|data_product|food_commodity|sample_entity|sample_material|sample_processing|sampling_context
Isolation_Site_SD	cloaca	anatomical_site		anatomical_site:anatomical site or plant part	high	compatible	Host_Anatomical_Site_SD	false	false	additive_axis_enrichment	1900	anatomical_site:anatomical site or plant part	anatomical_site
Sample_Type_SD	food product	food_commodity		food_commodity:explicit food or commodity context	high	compatible	Isolation_Source_SD	false	false	additive_axis_enrichment	1477	food_commodity:explicit food or commodity context	collection_device|data_product|food_commodity|sample_entity|sample_material|sample_processing|sampling_context
Isolation_Source_SD_Broad	built environment	environment_broad_scale		environment_broad_scale:broad environmental setting	high	compatible	Environment_Broad_Scale_SD	false	false	additive_axis_enrichment	1404	environment_broad_scale:broad environmental setting	anatomical_material|environment_broad_scale|environment_medium|food_commodity|host_context|sample_material|source_context
Sample_Type_SD	seafood	food_commodity		food_commodity:explicit food or commodity context	high	compatible	Isolation_Source_SD	false	false	additive_axis_enrichment	1264	food_commodity:explicit food or commodity context	collection_device|data_product|food_commodity|sample_entity|sample_material|sample_processing|sampling_context
Host_Anatomical_Site_SD	cervix	anatomical_site		anatomical_site:anatomical site or plant part	high	compatible	Isolation_Site_SD	false	false	additive_axis_enrichment	1165	anatomical_site:anatomical site or plant part	anatomical_site
Isolation_Site_SD	cervix	anatomical_site		anatomical_site:anatomical site or plant part	high	compatible	Host_Anatomical_Site_SD	false	false	additive_axis_enrichment	1165	anatomical_site:anatomical site or plant part	anatomical_site
Sample_Type_SD	bile	sample_material		sample_material:physical specimen/material	high	compatible	Sample_Material_SD	false	false	additive_axis_enrichment	1119	sample_material:physical specimen/material	collection_device|data_product|food_commodity|sample_entity|sample_material|sample_processing|sampling_context
Sample_Type_SD	pleural fluid	sample_material		sample_material:physical specimen/material	high	compatible	Sample_Material_SD	false	false	additive_axis_enrichment	1019	sample_material:physical specimen/material	collection_device|data_product|food_commodity|sample_entity|sample_material|sample_processing|sampling_context
Host_Anatomical_Site_SD	breast	anatomical_site		anatomical_site:anatomical site or plant part	high	compatible	Isolation_Site_SD	false	false	additive_axis_enrichment	972	anatomical_site:anatomical site or plant part	anatomical_site
Isolation_Site_SD	breast	anatomical_site		anatomical_site:anatomical site or plant part	high	compatible	Host_Anatomical_Site_SD	false	false	additive_axis_enrichment	972	anatomical_site:anatomical site or plant part	anatomical_site
Isolation_Source_SD	Klíčava reservoir	environment_local_scale		environment_local_scale:local environmental or facility feature	high	compatible	Environment_Local_Scale_SD	false	false	additive_axis_enrichment	746	environment_local_scale:local environmental or facility feature	anatomical_material|environment_broad_scale|environment_local_scale|environment_medium|food_commodity|host_context|sample_material|source_context
Host_Anatomical_Site_SD	vagina	anatomical_site		anatomical_site:anatomical site or plant part	high	compatible	Isolation_Site_SD	false	false	additive_axis_enrichment	675	anatomical_site:anatomical site or plant part	anatomical_site
Isolation_Site_SD	vagina	anatomical_site		anatomical_site:anatomical site or plant part	high	compatible	Host_Anatomical_Site_SD	false	false	additive_axis_enrichment	675	anatomical_site:anatomical site or plant part	anatomical_site
Isolation_Source_SD	fermented food/beverage	food_commodity		food_commodity:explicit food or commodity context	high	compatible	Sample_Type_SD	false	false	additive_axis_enrichment	658	food_commodity:explicit food or commodity context	anatomical_material|environment_broad_scale|environment_local_scale|environment_medium|food_commodity|host_context|sample_material|source_context
Isolation_Site_SD	tonsil/oropharyngeal site	anatomical_site		anatomical_site:anatomical site or plant part	high	compatible	Host_Anatomical_Site_SD	false	false	additive_axis_enrichment	639	anatomical_site:anatomical site or plant part	anatomical_site
Host_Anatomical_Site_SD	tonsil/oropharyngeal site	anatomical_site		anatomical_site:anatomical site or plant part	high	compatible	Isolation_Site_SD	false	false	additive_axis_enrichment	638	anatomical_site:anatomical site or plant part	anatomical_site
Sample_Type_SD	pet food	food_commodity		food_commodity:explicit food or commodity context	high	compatible	Isolation_Source_SD	false	false	additive_axis_enrichment	626	food_commodity:explicit food or commodity context	collection_device|data_product|food_commodity|sample_entity|sample_material|sample_processing|sampling_context
Sample_Type_SD	ice cream	food_commodity		food_commodity:ice cream/dairy food	high	compatible	Isolation_Source_SD	false	false	additive_axis_enrichment	605	food_commodity:ice cream/dairy food	collection_device|data_product|food_commodity|sample_entity|sample_material|sample_processing|sampling_context
Sample_Type_SD	fermented food/beverage	food_commodity		food_commodity:explicit food or commodity context	high	compatible	Isolation_Source_SD	false	false	additive_axis_enrichment	579	food_commodity:explicit food or commodity context	collection_device|data_product|food_commodity|sample_entity|sample_material|sample_processing|sampling_context
Isolation_Source_SD	Žlutice reservoir	environment_local_scale		environment_local_scale:local environmental or facility feature	high	compatible	Environment_Local_Scale_SD	false	false	additive_axis_enrichment	557	environment_local_scale:local environmental or facility feature	anatomical_material|environment_broad_scale|environment_local_scale|environment_medium|food_commodity|host_context|sample_material|source_context
Isolation_Source_SD	food processing environment	food_commodity		food_commodity:explicit food or commodity context	high	compatible	Sample_Type_SD	false	false	additive_axis_enrichment	506	food_commodity:explicit food or commodity context	anatomical_material|environment_broad_scale|environment_local_scale|environment_medium|food_commodity|host_context|sample_material|source_context
Isolation_Source_SD_Broad	food/processing environment	food_commodity		food_commodity:explicit food or commodity context	high	compatible	Isolation_Source_SD|Sample_Type_SD	false	false	additive_axis_enrichment	506	food_commodity:explicit food or commodity context	anatomical_material|environment_broad_scale|environment_medium|food_commodity|host_context|sample_material|source_context
Sample_Type_SD	ready-to-eat product	food_commodity		food_commodity:ready-to-eat food product	high	compatible	Isolation_Source_SD	false	false	additive_axis_enrichment	497	food_commodity:ready-to-eat food product	collection_device|data_product|food_commodity|sample_entity|sample_material|sample_processing|sampling_context
Isolation_Source_SD	biomass from liquid digestate stored in the CSTR at the Surrey Biofuel Facility	environment_local_scale		environment_local_scale:local environmental or facility feature	high	compatible	Environment_Local_Scale_SD	false	false	additive_axis_enrichment	449	environment_local_scale:local environmental or facility feature	anatomical_material|environment_broad_scale|environment_local_scale|environment_medium|food_commodity|host_context|sample_material|source_context
Isolation_Source_SD	Rimov Reservoir	environment_local_scale		environment_local_scale:local environmental or facility feature	high	compatible	Environment_Local_Scale_SD	false	false	additive_axis_enrichment	387	environment_local_scale:local environmental or facility feature	anatomical_material|environment_broad_scale|environment_local_scale|environment_medium|food_commodity|host_context|sample_material|source_context
Sample_Type_SD	trap sample	collection_device		collection_device:collection device	high	compatible	Sample_Collection_Device_SD	false	false	additive_axis_enrichment	378	collection_device:collection device	collection_device|data_product|food_commodity|sample_entity|sample_material|sample_processing|sampling_context
Host_Anatomical_Site_SD	cloaca	anatomical_site		anatomical_site:anatomical site or plant part	high	compatible	Isolation_Site_SD	false	false	additive_axis_enrichment	326	anatomical_site:anatomical site or plant part	anatomical_site
Sample_Type_SD	FFPE tissue	sample_material		sample_material:physical specimen/material	high	compatible	Sample_Material_SD	false	false	additive_axis_enrichment	319	sample_material:physical specimen/material	collection_device|data_product|food_commodity|sample_entity|sample_material|sample_processing|sampling_context
Sample_Type_SD	respiratory swab	collection_device		collection_device:collection device	high	compatible	Sample_Collection_Device_SD	false	false	additive_axis_enrichment	273	collection_device:collection device	collection_device|data_product|food_commodity|sample_entity|sample_material|sample_processing|sampling_context
Isolation_Source_SD	Landštejn reservoir	environment_local_scale		environment_local_scale:local environmental or facility feature	high	compatible	Environment_Local_Scale_SD	false	false	additive_axis_enrichment	233	environment_local_scale:local environmental or facility feature	anatomical_material|environment_broad_scale|environment_local_scale|environment_medium|food_commodity|host_context|sample_material|source_context
Sample_Type_SD	shrimp product	food_commodity		food_commodity:explicit food or commodity context	high	compatible	Isolation_Source_SD	false	false	additive_axis_enrichment	227	food_commodity:explicit food or commodity context	collection_device|data_product|food_commodity|sample_entity|sample_material|sample_processing|sampling_context
Host_Anatomical_Site_SD	uterus	anatomical_site		anatomical_site:anatomical site or plant part	high	compatible	Isolation_Site_SD	false	false	additive_axis_enrichment	226	anatomical_site:anatomical site or plant part	anatomical_site
Isolation_Site_SD	uterus	anatomical_site		anatomical_site:anatomical site or plant part	high	compatible	Host_Anatomical_Site_SD	false	false	additive_axis_enrichment	226	anatomical_site:anatomical site or plant part	anatomical_site
Isolation_Site_SD	cubital fossa	anatomical_site		anatomical_site:anatomical site or plant part	high	compatible	Host_Anatomical_Site_SD	false	false	additive_axis_enrichment	225	anatomical_site:anatomical site or plant part	anatomical_site
Sample_Type_SD	catfish product	food_commodity		food_commodity:fish product	high	compatible	Isolation_Source_SD	false	false	additive_axis_enrichment	200	food_commodity:fish product	collection_device|data_product|food_commodity|sample_entity|sample_material|sample_processing|sampling_context
Isolation_Source_SD	Slapy reservoir	environment_local_scale		environment_local_scale:local environmental or facility feature	high	compatible	Environment_Local_Scale_SD	false	false	additive_axis_enrichment	187	environment_local_scale:local environmental or facility feature	anatomical_material|environment_broad_scale|environment_local_scale|environment_medium|food_commodity|host_context|sample_material|source_context
Sample_Type_SD	ready-to-eat food	food_commodity		food_commodity:explicit food or commodity context	high	compatible	Isolation_Source_SD	false	false	additive_axis_enrichment	179	food_commodity:explicit food or commodity context	collection_device|data_product|food_commodity|sample_entity|sample_material|sample_processing|sampling_context
Sample_Type_SD	fermented food	food_commodity		food_commodity:explicit food or commodity context	high	compatible	Isolation_Source_SD	false	false	additive_axis_enrichment	155	food_commodity:explicit food or commodity context	collection_device|data_product|food_commodity|sample_entity|sample_material|sample_processing|sampling_context
Isolation_Source_SD	Cleanroom	environment_local_scale		environment_local_scale:local environmental or facility feature	high	compatible	Environment_Local_Scale_SD	false	false	additive_axis_enrichment	153	environment_local_scale:local environmental or facility feature	anatomical_material|environment_broad_scale|environment_local_scale|environment_medium|food_commodity|host_context|sample_material|source_context
Isolation_Source_SD	Health Facility	environment_local_scale		environment_local_scale:local environmental or facility feature	high	compatible	Environment_Local_Scale_SD	false	false	additive_axis_enrichment	144	environment_local_scale:local environmental or facility feature	anatomical_material|environment_broad_scale|environment_local_scale|environment_medium|food_commodity|host_context|sample_material|source_context
Isolation_Source_SD	Animal-Calf-Bob Veal	host_context		host_context:host-associated context	high	compatible	Host_Context_SD	false	false	additive_axis_enrichment	137	host_context:host-associated context	anatomical_material|environment_broad_scale|environment_local_scale|environment_medium|food_commodity|host_context|sample_material|source_context
Sample_Type_SD	dairy product	food_commodity		food_commodity:explicit food or commodity context	high	compatible	Isolation_Source_SD	false	false	additive_axis_enrichment	134	food_commodity:explicit food or commodity context	collection_device|data_product|food_commodity|sample_entity|sample_material|sample_processing|sampling_context
Isolation_Source_SD	Cinciș reservoir	environment_local_scale		environment_local_scale:local environmental or facility feature	high	compatible	Environment_Local_Scale_SD	false	false	additive_axis_enrichment	128	environment_local_scale:local environmental or facility feature	anatomical_material|environment_broad_scale|environment_local_scale|environment_medium|food_commodity|host_context|sample_material|source_context
Isolation_Source_SD	Embalse de Tous reservoir	environment_local_scale		environment_local_scale:local environmental or facility feature	high	compatible	Environment_Local_Scale_SD	false	false	additive_axis_enrichment	127	environment_local_scale:local environmental or facility feature	anatomical_material|environment_broad_scale|environment_local_scale|environment_medium|food_commodity|host_context|sample_material|source_context
Isolation_Source_SD	Tarnița reservoir	environment_local_scale		environment_local_scale:local environmental or facility feature	high	compatible	Environment_Local_Scale_SD	false	false	additive_axis_enrichment	127	environment_local_scale:local environmental or facility feature	anatomical_material|environment_broad_scale|environment_local_scale|environment_medium|food_commodity|host_context|sample_material|source_context
Isolation_Source_SD	Fântânele reservoir	environment_local_scale		environment_local_scale:local environmental or facility feature	high	compatible	Environment_Local_Scale_SD	false	false	additive_axis_enrichment	126	environment_local_scale:local environmental or facility feature	anatomical_material|environment_broad_scale|environment_local_scale|environment_medium|food_commodity|host_context|sample_material|source_context
Isolation_Source_SD	Wild Animal	host_context		host_context:host-associated context	high	compatible	Host_Context_SD	false	false	additive_axis_enrichment	123	host_context:host-associated context	anatomical_material|environment_broad_scale|environment_local_scale|environment_medium|food_commodity|host_context|sample_material|source_context
Isolation_Source_SD	milk	sample_material		sample_material:physical specimen/material	high	compatible	Sample_Material_SD|Sample_Type_SD	false	false	additive_axis_enrichment	123	sample_material:physical specimen/material	anatomical_material|environment_broad_scale|environment_local_scale|environment_medium|food_commodity|host_context|sample_material|source_context
Sample_Type_SD	kimchi	food_commodity		food_commodity:fermented vegetable food	high	compatible	Isolation_Source_SD	false	false	additive_axis_enrichment	122	food_commodity:fermented vegetable food	collection_device|data_product|food_commodity|sample_entity|sample_material|sample_processing|sampling_context
Sample_Type_SD_Broad	fermented food	food_commodity		food_commodity:explicit food or commodity context	high	compatible	Isolation_Source_SD|Sample_Type_SD	false	false	additive_axis_enrichment	122	food_commodity:explicit food or commodity context	collection_device|data_product|food_commodity|sample_entity|sample_material|sample_processing|sampling_context|source_context
Isolation_Source_SD	Amadorio reservoir	environment_local_scale		environment_local_scale:local environmental or facility feature	high	compatible	Environment_Local_Scale_SD	false	false	additive_axis_enrichment	121	environment_local_scale:local environmental or facility feature	anatomical_material|environment_broad_scale|environment_local_scale|environment_medium|food_commodity|host_context|sample_material|source_context
Sample_Type_SD	milk powder	sample_material		sample_material:physical specimen/material	high	compatible	Sample_Material_SD	false	false	additive_axis_enrichment	119	sample_material:physical specimen/material	collection_device|data_product|food_commodity|sample_entity|sample_material|sample_processing|sampling_context
Sample_Type_SD	internal-site swab	collection_device		collection_device:collection device	high	compatible	Sample_Collection_Device_SD	false	false	additive_axis_enrichment	117	collection_device:collection device	collection_device|data_product|food_commodity|sample_entity|sample_material|sample_processing|sampling_context
Isolation_Source_SD	animal by-product	host_context		host_context:host-associated context	high	compatible	Host_Context_SD	false	false	additive_axis_enrichment	112	host_context:host-associated context	anatomical_material|environment_broad_scale|environment_local_scale|environment_medium|food_commodity|host_context|sample_material|source_context
Isolation_Source_SD	wet market	environment_local_scale		environment_local_scale:local environmental or facility feature	high	compatible	Environment_Local_Scale_SD	false	false	additive_axis_enrichment	109	environment_local_scale:local environmental or facility feature	anatomical_material|environment_broad_scale|environment_local_scale|environment_medium|food_commodity|host_context|sample_material|source_context
Isolation_Source_SD	Animal-Calf-Formula-fed Veal	host_context		host_context:host-associated context	high	compatible	Host_Context_SD	false	false	additive_axis_enrichment	90	host_context:host-associated context	anatomical_material|environment_broad_scale|environment_local_scale|environment_medium|food_commodity|host_context|sample_material|source_context
Isolation_Source_SD	animal feed	host_context		host_context:host-associated context	high	compatible	Host_Context_SD	false	false	additive_axis_enrichment	85	host_context:host-associated context	anatomical_material|environment_broad_scale|environment_local_scale|environment_medium|food_commodity|host_context|sample_material|source_context
Isolation_Source_SD	freshwater	environment_medium		environment_medium:environmental medium	high	compatible	Environment_Medium_SD	false	false	additive_axis_enrichment	81	environment_medium:environmental medium	anatomical_material|environment_broad_scale|environment_local_scale|environment_medium|food_commodity|host_context|sample_material|source_context
Isolation_Source_SD	caeca content	sample_material		sample_material:physical specimen/material	high	compatible	Sample_Material_SD|Sample_Type_SD	false	false	additive_axis_enrichment	80	sample_material:physical specimen/material	anatomical_material|environment_broad_scale|environment_local_scale|environment_medium|food_commodity|host_context|sample_material|source_context
Isolation_Source_SD	fermented food	food_commodity		food_commodity:explicit food or commodity context	high	compatible	Sample_Type_SD	false	false	additive_axis_enrichment	67	food_commodity:explicit food or commodity context	anatomical_material|environment_broad_scale|environment_local_scale|environment_medium|food_commodity|host_context|sample_material|source_context
Sample_Type_SD	unicyanobacterial culture	sample_processing		sample_processing:processing or molecular preparation	high	compatible	Sample_Processing_SD	false	false	additive_axis_enrichment	61	sample_processing:processing or molecular preparation	collection_device|data_product|food_commodity|sample_entity|sample_material|sample_processing|sampling_context
Sample_Type_SD	assembly	sample_processing		sample_processing:processing or molecular preparation	high	compatible	Sample_Processing_SD	false	false	additive_axis_enrichment	50	sample_processing:processing or molecular preparation	collection_device|data_product|food_commodity|sample_entity|sample_material|sample_processing|sampling_context
Sample_Type_SD	prawn product	food_commodity		food_commodity:seafood/prawn product	high	compatible	Isolation_Source_SD	false	false	additive_axis_enrichment	49	food_commodity:seafood/prawn product	collection_device|data_product|food_commodity|sample_entity|sample_material|sample_processing|sampling_context
Isolation_Source_SD	Domestic animal	host_context		host_context:host-associated context	high	compatible	Host_Context_SD	false	false	additive_axis_enrichment	47	host_context:host-associated context	anatomical_material|environment_broad_scale|environment_local_scale|environment_medium|food_commodity|host_context|sample_material|source_context
Sample_Type_SD	screening culture	sample_processing		sample_processing:processing or molecular preparation	high	compatible	Sample_Processing_SD	false	false	additive_axis_enrichment	47	sample_processing:processing or molecular preparation	collection_device|data_product|food_commodity|sample_entity|sample_material|sample_processing|sampling_context
Isolation_Source_SD	Participant hand , Facility 1000	environment_local_scale		environment_local_scale:local environmental or facility feature	high	compatible	Environment_Local_Scale_SD	false	false	additive_axis_enrichment	46	environment_local_scale:local environmental or facility feature	anatomical_material|environment_broad_scale|environment_local_scale|environment_medium|food_commodity|host_context|sample_material|source_context
Isolation_Source_SD_Broad	tissue	sample_material		sample_material:physical specimen/material	high	compatible	Sample_Material_SD|Sample_Type_SD	false	false	additive_axis_enrichment	44	sample_material:physical specimen/material	anatomical_material|environment_broad_scale|environment_medium|food_commodity|host_context|sample_material|source_context
Isolation_Source_SD	Animal-Goat	host_context		host_context:host-associated context	high	compatible	Host_Context_SD	false	false	additive_axis_enrichment	43	host_context:host-associated context	anatomical_material|environment_broad_scale|environment_local_scale|environment_medium|food_commodity|host_context|sample_material|source_context
Isolation_Source_SD	ceacal content	sample_material		sample_material:physical specimen/material	high	compatible	Sample_Material_SD|Sample_Type_SD	false	false	additive_axis_enrichment	43	sample_material:physical specimen/material	anatomical_material|environment_broad_scale|environment_local_scale|environment_medium|food_commodity|host_context|sample_material|source_context
Isolation_Source_SD	tissue	sample_material		sample_material:physical specimen/material	high	compatible	Sample_Material_SD|Sample_Type_SD	false	false	additive_axis_enrichment	43	sample_material:physical specimen/material	anatomical_material|environment_broad_scale|environment_local_scale|environment_medium|food_commodity|host_context|sample_material|source_context
Sample_Type_SD	oyster product	food_commodity		food_commodity:explicit food or commodity context	high	compatible	Isolation_Source_SD	false	false	additive_axis_enrichment	42	food_commodity:explicit food or commodity context	collection_device|data_product|food_commodity|sample_entity|sample_material|sample_processing|sampling_context
Isolation_Source_SD	Intermediate-Care Facility	environment_local_scale		environment_local_scale:local environmental or facility feature	high	compatible	Environment_Local_Scale_SD	false	false	additive_axis_enrichment	39	environment_local_scale:local environmental or facility feature	anatomical_material|environment_broad_scale|environment_local_scale|environment_medium|food_commodity|host_context|sample_material|source_context
Sample_Type_SD_Broad	biological/clinical product	source_context		source_context:broad source context	high	compatible	Isolation_Source_SD	false	false	additive_axis_enrichment	36	source_context:broad source context	collection_device|data_product|food_commodity|sample_entity|sample_material|sample_processing|sampling_context|source_context
Isolation_Source_SD	Animal feed	host_context		host_context:host-associated context	high	compatible	Host_Context_SD	false	false	additive_axis_enrichment	34	host_context:host-associated context	anatomical_material|environment_broad_scale|environment_local_scale|environment_medium|food_commodity|host_context|sample_material|source_context
Sample_Type_SD	bootsock/environmental swab	collection_device		collection_device:collection device	high	compatible	Sample_Collection_Device_SD	false	false	additive_axis_enrichment	33	collection_device:collection device	collection_device|data_product|food_commodity|sample_entity|sample_material|sample_processing|sampling_context
Isolation_Source_SD	Participant hand , Facility 2000	environment_local_scale		environment_local_scale:local environmental or facility feature	high	compatible	Environment_Local_Scale_SD	false	false	additive_axis_enrichment	32	environment_local_scale:local environmental or facility feature	anatomical_material|environment_broad_scale|environment_local_scale|environment_medium|food_commodity|host_context|sample_material|source_context
Sample_Type_SD	teat/nipple swab	collection_device		collection_device:collection device	high	compatible	Sample_Collection_Device_SD	false	false	additive_axis_enrichment	32	collection_device:collection device	collection_device|data_product|food_commodity|sample_entity|sample_material|sample_processing|sampling_context
Isolation_Source_SD	floor-dry aisle	environment_local_scale		environment_local_scale:local environmental or facility feature	high	compatible	Environment_Local_Scale_SD	false	false	additive_axis_enrichment	30	environment_local_scale:local environmental or facility feature	anatomical_material|environment_broad_scale|environment_local_scale|environment_medium|food_commodity|host_context|sample_material|source_context
Isolation_Source_SD	Animal-Calf-Non Formula-fed Veal	host_context		host_context:host-associated context	high	compatible	Host_Context_SD	false	false	additive_axis_enrichment	29	host_context:host-associated context	anatomical_material|environment_broad_scale|environment_local_scale|environment_medium|food_commodity|host_context|sample_material|source_context
Isolation_Source_SD	sold in market	environment_local_scale		environment_local_scale:local environmental or facility feature	high	compatible	Environment_Local_Scale_SD	false	false	additive_axis_enrichment	28	environment_local_scale:local environmental or facility feature	anatomical_material|environment_broad_scale|environment_local_scale|environment_medium|food_commodity|host_context|sample_material|source_context
Sample_Type_SD	plate culture	sample_processing		sample_processing:processing or molecular preparation	high	compatible	Sample_Processing_SD	false	false	additive_axis_enrichment	26	sample_processing:processing or molecular preparation	collection_device|data_product|food_commodity|sample_entity|sample_material|sample_processing|sampling_context
Isolation_Source_SD	oyster product	food_commodity		food_commodity:explicit food or commodity context	high	compatible	Sample_Type_SD	false	false	additive_axis_enrichment	25	food_commodity:explicit food or commodity context	anatomical_material|environment_broad_scale|environment_local_scale|environment_medium|food_commodity|host_context|sample_material|source_context
Isolation_Source_SD	wholesale market	environment_local_scale		environment_local_scale:local environmental or facility feature	high	compatible	Environment_Local_Scale_SD	false	false	additive_axis_enrichment	25	environment_local_scale:local environmental or facility feature	anatomical_material|environment_broad_scale|environment_local_scale|environment_medium|food_commodity|host_context|sample_material|source_context
Isolation_Source_SD	Barn floor	environment_local_scale		environment_local_scale:local environmental or facility feature	high	compatible	Environment_Local_Scale_SD	false	false	additive_axis_enrichment	24	environment_local_scale:local environmental or facility feature	anatomical_material|environment_broad_scale|environment_local_scale|environment_medium|food_commodity|host_context|sample_material|source_context
Sample_Type_SD	shellfish product	food_commodity		food_commodity:explicit food or commodity context	high	compatible	Isolation_Source_SD	false	false	additive_axis_enrichment	24	food_commodity:explicit food or commodity context	collection_device|data_product|food_commodity|sample_entity|sample_material|sample_processing|sampling_context
Isolation_Source_SD	Payload Hazardous Servicing Facility	environment_local_scale		environment_local_scale:local environmental or facility feature	high	compatible	Environment_Local_Scale_SD	false	false	additive_axis_enrichment	21	environment_local_scale:local environmental or facility feature	anatomical_material|environment_broad_scale|environment_local_scale|environment_medium|food_commodity|host_context|sample_material|source_context
Isolation_Source_SD	Table , Facility 2000	environment_local_scale		environment_local_scale:local environmental or facility feature	high	compatible	Environment_Local_Scale_SD	false	false	additive_axis_enrichment	21	environment_local_scale:local environmental or facility feature	anatomical_material|environment_broad_scale|environment_local_scale|environment_medium|food_commodity|host_context|sample_material|source_context
Isolation_Source_SD	animal feed canola meal	host_context		host_context:host-associated context	high	compatible	Host_Context_SD	false	false	additive_axis_enrichment	20	host_context:host-associated context	anatomical_material|environment_broad_scale|environment_local_scale|environment_medium|food_commodity|host_context|sample_material|source_context
Isolation_Source_SD	Wild animal	host_context		host_context:host-associated context	high	compatible	Host_Context_SD	false	false	additive_axis_enrichment	19	host_context:host-associated context	anatomical_material|environment_broad_scale|environment_local_scale|environment_medium|food_commodity|host_context|sample_material|source_context
Sample_Type_SD	liquid culture	sample_processing		sample_processing:processing or molecular preparation	high	compatible	Sample_Processing_SD	false	false	additive_axis_enrichment	19	sample_processing:processing or molecular preparation	collection_device|data_product|food_commodity|sample_entity|sample_material|sample_processing|sampling_context
Isolation_Source_SD	Bedrail , Facility 2000	environment_local_scale		environment_local_scale:local environmental or facility feature	high	compatible	Environment_Local_Scale_SD	false	false	additive_axis_enrichment	18	environment_local_scale:local environmental or facility feature	anatomical_material|environment_broad_scale|environment_local_scale|environment_medium|food_commodity|host_context|sample_material|source_context
Isolation_Source_SD	Call button , Facility 2000	environment_local_scale		environment_local_scale:local environmental or facility feature	high	compatible	Environment_Local_Scale_SD	false	false	additive_axis_enrichment	17	environment_local_scale:local environmental or facility feature	anatomical_material|environment_broad_scale|environment_local_scale|environment_medium|food_commodity|host_context|sample_material|source_context
Isolation_Source_SD	Curtain , Facility 2000	environment_local_scale		environment_local_scale:local environmental or facility feature	high	compatible	Environment_Local_Scale_SD	false	false	additive_axis_enrichment	17	environment_local_scale:local environmental or facility feature	anatomical_material|environment_broad_scale|environment_local_scale|environment_medium|food_commodity|host_context|sample_material|source_context
Isolation_Source_SD	Tv buttons , Facility 1000	environment_local_scale		environment_local_scale:local environmental or facility feature	high	compatible	Environment_Local_Scale_SD	false	false	additive_axis_enrichment	16	environment_local_scale:local environmental or facility feature	anatomical_material|environment_broad_scale|environment_local_scale|environment_medium|food_commodity|host_context|sample_material|source_context
Isolation_Source_SD	floor-deli	environment_local_scale		environment_local_scale:local environmental or facility feature	high	compatible	Environment_Local_Scale_SD	false	false	additive_axis_enrichment	16	environment_local_scale:local environmental or facility feature	anatomical_material|environment_broad_scale|environment_local_scale|environment_medium|food_commodity|host_context|sample_material|source_context
Isolation_Source_SD	sink	environment_local_scale		environment_local_scale:sink	high	compatible	Environment_Local_Scale_SD	false	false	additive_axis_enrichment	16	environment_local_scale:sink	anatomical_material|environment_broad_scale|environment_local_scale|environment_medium|food_commodity|host_context|sample_material|source_context
Isolation_Source_SD	Toilet seat , Facility 2000	environment_local_scale		environment_local_scale:local environmental or facility feature	high	compatible	Environment_Local_Scale_SD	false	false	additive_axis_enrichment	15	environment_local_scale:local environmental or facility feature	anatomical_material|environment_broad_scale|environment_local_scale|environment_medium|food_commodity|host_context|sample_material|source_context
Isolation_Source_SD	Tv buttons , Facility 2000	environment_local_scale		environment_local_scale:local environmental or facility feature	high	compatible	Environment_Local_Scale_SD	false	false	additive_axis_enrichment	15	environment_local_scale:local environmental or facility feature	anatomical_material|environment_broad_scale|environment_local_scale|environment_medium|food_commodity|host_context|sample_material|source_context
Isolation_Source_SD	farm	environment_local_scale		environment_local_scale:farm	high	compatible	Environment_Local_Scale_SD	false	false	additive_axis_enrichment	15	environment_local_scale:farm	anatomical_material|environment_broad_scale|environment_local_scale|environment_medium|food_commodity|host_context|sample_material|source_context
Isolation_Source_SD	residential aged care facility	environment_local_scale		environment_local_scale:local environmental or facility feature	high	compatible	Environment_Local_Scale_SD	false	false	additive_axis_enrichment	15	environment_local_scale:local environmental or facility feature	anatomical_material|environment_broad_scale|environment_local_scale|environment_medium|food_commodity|host_context|sample_material|source_context
Isolation_Source_SD	retail market	environment_local_scale		environment_local_scale:local environmental or facility feature	high	compatible	Environment_Local_Scale_SD	false	false	additive_axis_enrichment	15	environment_local_scale:local environmental or facility feature	anatomical_material|environment_broad_scale|environment_local_scale|environment_medium|food_commodity|host_context|sample_material|source_context
Isolation_Source_SD	Floor	environment_local_scale		environment_local_scale:local environmental or facility feature	high	compatible	Environment_Local_Scale_SD	false	false	additive_axis_enrichment	14	environment_local_scale:local environmental or facility feature	anatomical_material|environment_broad_scale|environment_local_scale|environment_medium|food_commodity|host_context|sample_material|source_context
Isolation_Source_SD	Toilet seat , Facility 1000	environment_local_scale		environment_local_scale:local environmental or facility feature	high	compatible	Environment_Local_Scale_SD	false	false	additive_axis_enrichment	14	environment_local_scale:local environmental or facility feature	anatomical_material|environment_broad_scale|environment_local_scale|environment_medium|food_commodity|host_context|sample_material|source_context
Sample_Type_SD	clone culture	sample_processing		sample_processing:processing or molecular preparation	high	compatible	Sample_Processing_SD	false	false	additive_axis_enrichment	14	sample_processing:processing or molecular preparation	collection_device|data_product|food_commodity|sample_entity|sample_material|sample_processing|sampling_context
Isolation_Source_SD	body fluid	sample_material		sample_material:physical specimen/material	high	compatible	Sample_Material_SD|Sample_Type_SD	false	false	additive_axis_enrichment	13	sample_material:physical specimen/material	anatomical_material|environment_broad_scale|environment_local_scale|environment_medium|food_commodity|host_context|sample_material|source_context
Isolation_Source_SD	combination of 24 samples (8 from lake Croche, 8 from Montjoie and 8 from Simoncouche) collected from 2013 through 2014	environment_local_scale		environment_local_scale:local environmental or facility feature	high	compatible	Environment_Local_Scale_SD	false	false	additive_axis_enrichment	13	environment_local_scale:local environmental or facility feature	anatomical_material|environment_broad_scale|environment_local_scale|environment_medium|food_commodity|host_context|sample_material|source_context
Isolation_Source_SD	Pig product	host_context		host_context:host-associated context	high	compatible	Host_Context_SD	false	false	additive_axis_enrichment	12	host_context:host-associated context	anatomical_material|environment_broad_scale|environment_local_scale|environment_medium|food_commodity|host_context|sample_material|source_context
Isolation_Source_SD	Table , Facility 1000	environment_local_scale		environment_local_scale:local environmental or facility feature	high	compatible	Environment_Local_Scale_SD	false	false	additive_axis_enrichment	12	environment_local_scale:local environmental or facility feature	anatomical_material|environment_broad_scale|environment_local_scale|environment_medium|food_commodity|host_context|sample_material|source_context
Isolation_Source_SD	oil production facility	environment_local_scale		environment_local_scale:local environmental or facility feature	high	compatible	Environment_Local_Scale_SD	false	false	additive_axis_enrichment	12	environment_local_scale:local environmental or facility feature	anatomical_material|environment_broad_scale|environment_local_scale|environment_medium|food_commodity|host_context|sample_material|source_context
Isolation_Source_SD	Call button , Facility 1000	environment_local_scale		environment_local_scale:local environmental or facility feature	high	compatible	Environment_Local_Scale_SD	false	false	additive_axis_enrichment	11	environment_local_scale:local environmental or facility feature	anatomical_material|environment_broad_scale|environment_local_scale|environment_medium|food_commodity|host_context|sample_material|source_context
Isolation_Source_SD	animal feed wheat	host_context		host_context:host-associated context	high	compatible	Host_Context_SD	false	false	additive_axis_enrichment	11	host_context:host-associated context	anatomical_material|environment_broad_scale|environment_local_scale|environment_medium|food_commodity|host_context|sample_material|source_context
Isolation_Source_SD	Bedrail , Facility 1000	environment_local_scale		environment_local_scale:local environmental or facility feature	high	compatible	Environment_Local_Scale_SD	false	false	additive_axis_enrichment	10	environment_local_scale:local environmental or facility feature	anatomical_material|environment_broad_scale|environment_local_scale|environment_medium|food_commodity|host_context|sample_material|source_context
Isolation_Source_SD	ENVO:00002173 (vet hospital)	environment_local_scale		environment_local_scale:local environmental or facility feature	high	compatible	Environment_Local_Scale_SD	false	false	additive_axis_enrichment	10	environment_local_scale:local environmental or facility feature	anatomical_material|environment_broad_scale|environment_local_scale|environment_medium|food_commodity|host_context|sample_material|source_context
Isolation_Source_SD	Calf shed floor	environment_local_scale		environment_local_scale:local environmental or facility feature	high	compatible	Environment_Local_Scale_SD	false	false	additive_axis_enrichment	9	environment_local_scale:local environmental or facility feature	anatomical_material|environment_broad_scale|environment_local_scale|environment_medium|food_commodity|host_context|sample_material|source_context
Isolation_Source_SD	Curtain , Facility 1000	environment_local_scale		environment_local_scale:local environmental or facility feature	high	compatible	Environment_Local_Scale_SD	false	false	additive_axis_enrichment	9	environment_local_scale:local environmental or facility feature	anatomical_material|environment_broad_scale|environment_local_scale|environment_medium|food_commodity|host_context|sample_material|source_context
Isolation_Source_SD	animal-associated	host_context		host_context:host-associated context	high	compatible	Host_Context_SD	false	false	additive_axis_enrichment	9	host_context:host-associated context	anatomical_material|environment_broad_scale|environment_local_scale|environment_medium|food_commodity|host_context|sample_material|source_context
Isolation_Source_SD	pharmaceutical industry facility	environment_local_scale		environment_local_scale:local environmental or facility feature	high	compatible	Environment_Local_Scale_SD	false	false	additive_axis_enrichment	9	environment_local_scale:local environmental or facility feature	anatomical_material|environment_broad_scale|environment_local_scale|environment_medium|food_commodity|host_context|sample_material|source_context
Isolation_Source_SD	retail raw cream cow	host_context		host_context:host-associated context	high	compatible	Host_Context_SD	false	false	additive_axis_enrichment	9	host_context:host-associated context	anatomical_material|environment_broad_scale|environment_local_scale|environment_medium|food_commodity|host_context|sample_material|source_context
Isolation_Source_SD	Intrauterine purulent content	sample_material		sample_material:physical specimen/material	high	compatible	Sample_Material_SD|Sample_Type_SD	false	false	additive_axis_enrichment	8	sample_material:physical specimen/material	anatomical_material|environment_broad_scale|environment_local_scale|environment_medium|food_commodity|host_context|sample_material|source_context
Isolation_Source_SD	sputum	sample_material		sample_material:physical specimen/material	high	compatible	Sample_Material_SD|Sample_Type_SD	false	false	additive_axis_enrichment	8	sample_material:physical specimen/material	anatomical_material|environment_broad_scale|environment_local_scale|environment_medium|food_commodity|host_context|sample_material|source_context
Isolation_Source_SD	Kge cow field	host_context		host_context:host-associated context	high	compatible	Host_Context_SD	false	false	additive_axis_enrichment	7	host_context:host-associated context	anatomical_material|environment_broad_scale|environment_local_scale|environment_medium|food_commodity|host_context|sample_material|source_context
Isolation_Source_SD	Wet market	environment_local_scale		environment_local_scale:local environmental or facility feature	high	compatible	Environment_Local_Scale_SD	false	false	additive_axis_enrichment	7	environment_local_scale:local environmental or facility feature	anatomical_material|environment_broad_scale|environment_local_scale|environment_medium|food_commodity|host_context|sample_material|source_context
Isolation_Source_SD	cave	environment_local_scale		environment_local_scale:local environmental or facility feature	high	compatible	Environment_Local_Scale_SD	false	false	additive_axis_enrichment	7	environment_local_scale:local environmental or facility feature	anatomical_material|environment_broad_scale|environment_local_scale|environment_medium|food_commodity|host_context|sample_material|source_context
Isolation_Site_SD	liver	anatomical_site		anatomical_site:anatomical site or plant part	high	compatible	Host_Anatomical_Site_SD	false	false	additive_axis_enrichment	6	anatomical_site:anatomical site or plant part	anatomical_site
Isolation_Site_SD	nasal site	anatomical_site		anatomical_site:anatomical site or plant part	high	compatible	Host_Anatomical_Site_SD	false	false	additive_axis_enrichment	6	anatomical_site:anatomical site or plant part	anatomical_site
Isolation_Source_SD	Animal Feed	host_context		host_context:host-associated context	high	compatible	Host_Context_SD	false	false	additive_axis_enrichment	6	host_context:host-associated context	anatomical_material|environment_broad_scale|environment_local_scale|environment_medium|food_commodity|host_context|sample_material|source_context
Isolation_Source_SD	Animal-Calf	host_context		host_context:host-associated context	high	compatible	Host_Context_SD	false	false	additive_axis_enrichment	6	host_context:host-associated context	anatomical_material|environment_broad_scale|environment_local_scale|environment_medium|food_commodity|host_context|sample_material|source_context
Isolation_Source_SD	Cave wall	environment_local_scale		environment_local_scale:local environmental or facility feature	high	compatible	Environment_Local_Scale_SD	false	false	additive_axis_enrichment	6	environment_local_scale:local environmental or facility feature	anatomical_material|environment_broad_scale|environment_local_scale|environment_medium|food_commodity|host_context|sample_material|source_context
Isolation_Source_SD	Human melanoma cell line	host_context		host_context:host-associated context	high	compatible	Host_Context_SD	false	false	additive_axis_enrichment	6	host_context:host-associated context	anatomical_material|environment_broad_scale|environment_local_scale|environment_medium|food_commodity|host_context|sample_material|source_context
Isolation_Source_SD	Room floor	environment_local_scale		environment_local_scale:local environmental or facility feature	high	compatible	Environment_Local_Scale_SD	false	false	additive_axis_enrichment	6	environment_local_scale:local environmental or facility feature	anatomical_material|environment_broad_scale|environment_local_scale|environment_medium|food_commodity|host_context|sample_material|source_context
Isolation_Source_SD	Sea cave	environment_local_scale		environment_local_scale:local environmental or facility feature	high	compatible	Environment_Local_Scale_SD	false	false	additive_axis_enrichment	6	environment_local_scale:local environmental or facility feature	anatomical_material|environment_broad_scale|environment_local_scale|environment_medium|food_commodity|host_context|sample_material|source_context
Isolation_Source_SD	final product sale animal origin	host_context		host_context:host-associated context	high	compatible	Host_Context_SD	false	false	additive_axis_enrichment	6	host_context:host-associated context	anatomical_material|environment_broad_scale|environment_local_scale|environment_medium|food_commodity|host_context|sample_material|source_context
Isolation_Site_SD	brain	anatomical_site		anatomical_site:anatomical site or plant part	high	compatible	Host_Anatomical_Site_SD	false	false	additive_axis_enrichment	5	anatomical_site:anatomical site or plant part	anatomical_site
Isolation_Source_SD	Farmers' market	environment_local_scale		environment_local_scale:local environmental or facility feature	high	compatible	Environment_Local_Scale_SD	false	false	additive_axis_enrichment	5	environment_local_scale:local environmental or facility feature	anatomical_material|environment_broad_scale|environment_local_scale|environment_medium|food_commodity|host_context|sample_material|source_context
Isolation_Source_SD	Frozen surimi product from retail market	environment_local_scale		environment_local_scale:local environmental or facility feature	high	compatible	Environment_Local_Scale_SD	false	false	additive_axis_enrichment	5	environment_local_scale:local environmental or facility feature	anatomical_material|environment_broad_scale|environment_local_scale|environment_medium|food_commodity|host_context|sample_material|source_context
Isolation_Source_SD	Hcw hand , Facility 1000	environment_local_scale		environment_local_scale:local environmental or facility feature	high	compatible	Environment_Local_Scale_SD	false	false	additive_axis_enrichment	5	environment_local_scale:local environmental or facility feature	anatomical_material|environment_broad_scale|environment_local_scale|environment_medium|food_commodity|host_context|sample_material|source_context
Isolation_Source_SD	Mahanak Market	environment_local_scale		environment_local_scale:local environmental or facility feature	high	compatible	Environment_Local_Scale_SD	false	false	additive_axis_enrichment	5	environment_local_scale:local environmental or facility feature	anatomical_material|environment_broad_scale|environment_local_scale|environment_medium|food_commodity|host_context|sample_material|source_context
Isolation_Source_SD	a zoological facility	environment_local_scale		environment_local_scale:local environmental or facility feature	high	compatible	Environment_Local_Scale_SD	false	false	additive_axis_enrichment	5	environment_local_scale:local environmental or facility feature	anatomical_material|environment_broad_scale|environment_local_scale|environment_medium|food_commodity|host_context|sample_material|source_context
Isolation_Source_SD	abomasum content	sample_material		sample_material:physical specimen/material	high	compatible	Sample_Material_SD|Sample_Type_SD	false	false	additive_axis_enrichment	5	sample_material:physical specimen/material	anatomical_material|environment_broad_scale|environment_local_scale|environment_medium|food_commodity|host_context|sample_material|source_context
Isolation_Source_SD	cloacal content	sample_material		sample_material:physical specimen/material	high	compatible	Sample_Material_SD|Sample_Type_SD	false	false	additive_axis_enrichment	5	sample_material:physical specimen/material	anatomical_material|environment_broad_scale|environment_local_scale|environment_medium|food_commodity|host_context|sample_material|source_context
Isolation_Source_SD	floor wipe	environment_local_scale		environment_local_scale:local environmental or facility feature	high	compatible	Environment_Local_Scale_SD	false	false	additive_axis_enrichment	5	environment_local_scale:local environmental or facility feature	anatomical_material|environment_broad_scale|environment_local_scale|environment_medium|food_commodity|host_context|sample_material|source_context
Isolation_Source_SD	raw pig	host_context		host_context:host-associated context	high	compatible	Host_Context_SD	false	false	additive_axis_enrichment	5	host_context:host-associated context	anatomical_material|environment_broad_scale|environment_local_scale|environment_medium|food_commodity|host_context|sample_material|source_context
Isolation_Source_SD	ruminal content	sample_material		sample_material:physical specimen/material	high	compatible	Sample_Material_SD|Sample_Type_SD	false	false	additive_axis_enrichment	5	sample_material:physical specimen/material	anatomical_material|environment_broad_scale|environment_local_scale|environment_medium|food_commodity|host_context|sample_material|source_context
Isolation_Site_SD	placenta	anatomical_site		anatomical_site:anatomical site or plant part	high	compatible	Host_Anatomical_Site_SD	false	false	additive_axis_enrichment	4	anatomical_site:anatomical site or plant part	anatomical_site
Isolation_Source_SD	Animal - Avian	host_context		host_context:host-associated context	high	compatible	Host_Context_SD	false	false	additive_axis_enrichment	4	host_context:host-associated context	anatomical_material|environment_broad_scale|environment_local_scale|environment_medium|food_commodity|host_context|sample_material|source_context
Isolation_Source_SD	Bos taurus (Cow)	host_context		host_context:host-associated context	high	compatible	Host_Context_SD	false	false	additive_axis_enrichment	4	host_context:host-associated context	anatomical_material|environment_broad_scale|environment_local_scale|environment_medium|food_commodity|host_context|sample_material|source_context
Isolation_Source_SD	Floor squeegee	environment_local_scale		environment_local_scale:local environmental or facility feature	high	compatible	Environment_Local_Scale_SD	false	false	additive_axis_enrichment	4	environment_local_scale:local environmental or facility feature	anatomical_material|environment_broad_scale|environment_local_scale|environment_medium|food_commodity|host_context|sample_material|source_context
Isolation_Source_SD	Khlong Toei Market	environment_local_scale		environment_local_scale:local environmental or facility feature	high	compatible	Environment_Local_Scale_SD	false	false	additive_axis_enrichment	4	environment_local_scale:local environmental or facility feature	anatomical_material|environment_broad_scale|environment_local_scale|environment_medium|food_commodity|host_context|sample_material|source_context
Isolation_Source_SD	animal feed feather meal	host_context		host_context:host-associated context	high	compatible	Host_Context_SD	false	false	additive_axis_enrichment	4	host_context:host-associated context	anatomical_material|environment_broad_scale|environment_local_scale|environment_medium|food_commodity|host_context|sample_material|source_context
Isolation_Source_SD	ceca contents	sample_material		sample_material:physical specimen/material	high	compatible	Sample_Material_SD|Sample_Type_SD	false	false	additive_axis_enrichment	4	sample_material:physical specimen/material	anatomical_material|environment_broad_scale|environment_local_scale|environment_medium|food_commodity|host_context|sample_material|source_context
Isolation_Source_SD	deep subsurface oil reservoir	environment_local_scale		environment_local_scale:local environmental or facility feature	high	compatible	Environment_Local_Scale_SD	false	false	additive_axis_enrichment	4	environment_local_scale:local environmental or facility feature	anatomical_material|environment_broad_scale|environment_local_scale|environment_medium|food_commodity|host_context|sample_material|source_context
Isolation_Source_SD	egg content	sample_material		sample_material:physical specimen/material	high	compatible	Sample_Material_SD|Sample_Type_SD	false	false	additive_axis_enrichment	4	sample_material:physical specimen/material	anatomical_material|environment_broad_scale|environment_local_scale|environment_medium|food_commodity|host_context|sample_material|source_context
Isolation_Source_SD	oil reservoir	environment_local_scale		environment_local_scale:local environmental or facility feature	high	compatible	Environment_Local_Scale_SD	false	false	additive_axis_enrichment	4	environment_local_scale:local environmental or facility feature	anatomical_material|environment_broad_scale|environment_local_scale|environment_medium|food_commodity|host_context|sample_material|source_context
Isolation_Source_SD	uterine content	sample_material		sample_material:physical specimen/material	high	compatible	Sample_Material_SD|Sample_Type_SD	false	false	additive_axis_enrichment	4	sample_material:physical specimen/material	anatomical_material|environment_broad_scale|environment_local_scale|environment_medium|food_commodity|host_context|sample_material|source_context
Sample_Type_SD	transport swab	collection_device		collection_device:collection device	high	compatible	Sample_Collection_Device_SD	false	false	additive_axis_enrichment	4	collection_device:collection device	collection_device|data_product|food_commodity|sample_entity|sample_material|sample_processing|sampling_context
Isolation_Source_SD	Animal Protein Products	host_context		host_context:host-associated context	high	compatible	Host_Context_SD	false	false	additive_axis_enrichment	3	host_context:host-associated context	anatomical_material|environment_broad_scale|environment_local_scale|environment_medium|food_commodity|host_context|sample_material|source_context
Isolation_Source_SD	Captive animal	host_context		host_context:host-associated context	high	compatible	Host_Context_SD	false	false	additive_axis_enrichment	3	host_context:host-associated context	anatomical_material|environment_broad_scale|environment_local_scale|environment_medium|food_commodity|host_context|sample_material|source_context
Isolation_Source_SD	Elderly care facility	environment_local_scale		environment_local_scale:local environmental or facility feature	high	compatible	Environment_Local_Scale_SD	false	false	additive_axis_enrichment	3	environment_local_scale:local environmental or facility feature	anatomical_material|environment_broad_scale|environment_local_scale|environment_medium|food_commodity|host_context|sample_material|source_context
Isolation_Source_SD	Hcw hand , Facility 2000	environment_local_scale		environment_local_scale:local environmental or facility feature	high	compatible	Environment_Local_Scale_SD	false	false	additive_axis_enrichment	3	environment_local_scale:local environmental or facility feature	anatomical_material|environment_broad_scale|environment_local_scale|environment_medium|food_commodity|host_context|sample_material|source_context
Isolation_Source_SD	animal associated	host_context		host_context:host-associated context	high	compatible	Host_Context_SD	false	false	additive_axis_enrichment	3	host_context:host-associated context	anatomical_material|environment_broad_scale|environment_local_scale|environment_medium|food_commodity|host_context|sample_material|source_context
Isolation_Source_SD	animal calf bob veal	host_context		host_context:host-associated context	high	compatible	Host_Context_SD	false	false	additive_axis_enrichment	3	host_context:host-associated context	anatomical_material|environment_broad_scale|environment_local_scale|environment_medium|food_commodity|host_context|sample_material|source_context
Isolation_Source_SD	animal feed distiller dry grain cake	host_context		host_context:host-associated context	high	compatible	Host_Context_SD	false	false	additive_axis_enrichment	3	host_context:host-associated context	anatomical_material|environment_broad_scale|environment_local_scale|environment_medium|food_commodity|host_context|sample_material|source_context
Isolation_Source_SD	animal feed soybean meal	host_context		host_context:host-associated context	high	compatible	Host_Context_SD	false	false	additive_axis_enrichment	3	host_context:host-associated context	anatomical_material|environment_broad_scale|environment_local_scale|environment_medium|food_commodity|host_context|sample_material|source_context
Isolation_Source_SD	animal feed wheat bran	host_context		host_context:host-associated context	high	compatible	Host_Context_SD	false	false	additive_axis_enrichment	3	host_context:host-associated context	anatomical_material|environment_broad_scale|environment_local_scale|environment_medium|food_commodity|host_context|sample_material|source_context
Isolation_Source_SD	canola meal for animal feed	host_context		host_context:host-associated context	high	compatible	Host_Context_SD	false	false	additive_axis_enrichment	3	host_context:host-associated context	anatomical_material|environment_broad_scale|environment_local_scale|environment_medium|food_commodity|host_context|sample_material|source_context
Isolation_Source_SD	cave deposit	environment_local_scale		environment_local_scale:local environmental or facility feature	high	compatible	Environment_Local_Scale_SD	false	false	additive_axis_enrichment	3	environment_local_scale:local environmental or facility feature	anatomical_material|environment_broad_scale|environment_local_scale|environment_medium|food_commodity|host_context|sample_material|source_context
Isolation_Source_SD	cave wall	environment_local_scale		environment_local_scale:local environmental or facility feature	high	compatible	Environment_Local_Scale_SD	false	false	additive_axis_enrichment	3	environment_local_scale:local environmental or facility feature	anatomical_material|environment_broad_scale|environment_local_scale|environment_medium|food_commodity|host_context|sample_material|source_context
Isolation_Source_SD	farmer's market	environment_local_scale		environment_local_scale:local environmental or facility feature	high	compatible	Environment_Local_Scale_SD	false	false	additive_axis_enrichment	3	environment_local_scale:local environmental or facility feature	anatomical_material|environment_broad_scale|environment_local_scale|environment_medium|food_commodity|host_context|sample_material|source_context
Isolation_Source_SD	feather animal meal	host_context		host_context:host-associated context	high	compatible	Host_Context_SD	false	false	additive_axis_enrichment	3	host_context:host-associated context	anatomical_material|environment_broad_scale|environment_local_scale|environment_medium|food_commodity|host_context|sample_material|source_context
Isolation_Source_SD	floor	environment_local_scale		environment_local_scale:local environmental or facility feature	high	compatible	Environment_Local_Scale_SD	false	false	additive_axis_enrichment	3	environment_local_scale:local environmental or facility feature	anatomical_material|environment_broad_scale|environment_local_scale|environment_medium|food_commodity|host_context|sample_material|source_context
Isolation_Source_SD	floor in production room	environment_local_scale		environment_local_scale:local environmental or facility feature	high	compatible	Environment_Local_Scale_SD	false	false	additive_axis_enrichment	3	environment_local_scale:local environmental or facility feature	anatomical_material|environment_broad_scale|environment_local_scale|environment_medium|food_commodity|host_context|sample_material|source_context
Isolation_Source_SD	frozen animal feed adult mouse	host_context		host_context:host-associated context	high	compatible	Host_Context_SD	false	false	additive_axis_enrichment	3	host_context:host-associated context	anatomical_material|environment_broad_scale|environment_local_scale|environment_medium|food_commodity|host_context|sample_material|source_context
Isolation_Source_SD	frozen animal feed baby mouse	host_context		host_context:host-associated context	high	compatible	Host_Context_SD	false	false	additive_axis_enrichment	3	host_context:host-associated context	anatomical_material|environment_broad_scale|environment_local_scale|environment_medium|food_commodity|host_context|sample_material|source_context
Isolation_Source_SD	frozen animal feed young mouse	host_context		host_context:host-associated context	high	compatible	Host_Context_SD	false	false	additive_axis_enrichment	3	host_context:host-associated context	anatomical_material|environment_broad_scale|environment_local_scale|environment_medium|food_commodity|host_context|sample_material|source_context
Isolation_Source_SD	holes in floor in front of 4th section of finished part of racking	environment_local_scale		environment_local_scale:local environmental or facility feature	high	compatible	Environment_Local_Scale_SD	false	false	additive_axis_enrichment	3	environment_local_scale:local environmental or facility feature	anatomical_material|environment_broad_scale|environment_local_scale|environment_medium|food_commodity|host_context|sample_material|source_context
Isolation_Source_SD	hydrolyzed feather animal meal	host_context		host_context:host-associated context	high	compatible	Host_Context_SD	false	false	additive_axis_enrichment	3	host_context:host-associated context	anatomical_material|environment_broad_scale|environment_local_scale|environment_medium|food_commodity|host_context|sample_material|source_context
Isolation_Source_SD	livestock market loading dock	environment_local_scale		environment_local_scale:local environmental or facility feature	high	compatible	Environment_Local_Scale_SD	false	false	additive_axis_enrichment	3	environment_local_scale:local environmental or facility feature	anatomical_material|environment_broad_scale|environment_local_scale|environment_medium|food_commodity|host_context|sample_material|source_context
Isolation_Source_SD	public market	environment_local_scale		environment_local_scale:local environmental or facility feature	high	compatible	Environment_Local_Scale_SD	false	false	additive_axis_enrichment	3	environment_local_scale:local environmental or facility feature	anatomical_material|environment_broad_scale|environment_local_scale|environment_medium|food_commodity|host_context|sample_material|source_context
Isolation_Source_SD	sidewalk floor urban downtown	environment_local_scale		environment_local_scale:local environmental or facility feature	high	compatible	Environment_Local_Scale_SD	false	false	additive_axis_enrichment	3	environment_local_scale:local environmental or facility feature	anatomical_material|environment_broad_scale|environment_local_scale|environment_medium|food_commodity|host_context|sample_material|source_context
Isolation_Source_SD	soybean meal animal feed	host_context		host_context:host-associated context	high	compatible	Host_Context_SD	false	false	additive_axis_enrichment	3	host_context:host-associated context	anatomical_material|environment_broad_scale|environment_local_scale|environment_medium|food_commodity|host_context|sample_material|source_context
Sample_Type_SD	freshwater fish product	food_commodity		food_commodity:fish product|food_commodity:freshwater fish product	high	compatible	Isolation_Source_SD	false	false	additive_axis_enrichment	3	food_commodity:fish product; food_commodity:freshwater fish product	collection_device|data_product|food_commodity|sample_entity|sample_material|sample_processing|sampling_context
Sample_Type_SD	meat	food_commodity		food_commodity:explicit food or commodity context	high	compatible	Isolation_Source_SD	false	false	additive_axis_enrichment	3	food_commodity:explicit food or commodity context	collection_device|data_product|food_commodity|sample_entity|sample_material|sample_processing|sampling_context
Isolation_Site_SD	ear	anatomical_site		anatomical_site:anatomical site or plant part	high	compatible	Host_Anatomical_Site_SD	false	false	additive_axis_enrichment	2	anatomical_site:anatomical site or plant part	anatomical_site
Isolation_Site_SD	kidney	anatomical_site		anatomical_site:anatomical site or plant part	high	compatible	Host_Anatomical_Site_SD	false	false	additive_axis_enrichment	2	anatomical_site:anatomical site or plant part	anatomical_site
Isolation_Source_SD	Albertan oil reservoir	environment_local_scale		environment_local_scale:local environmental or facility feature	high	compatible	Environment_Local_Scale_SD	false	false	additive_axis_enrichment	2	environment_local_scale:local environmental or facility feature	anatomical_material|environment_broad_scale|environment_local_scale|environment_medium|food_commodity|host_context|sample_material|source_context
Isolation_Source_SD	Amphibian, Wild Animal, Frog	host_context		host_context:host-associated context	high	compatible	Host_Context_SD	false	false	additive_axis_enrichment	2	host_context:host-associated context	anatomical_material|environment_broad_scale|environment_local_scale|environment_medium|food_commodity|host_context|sample_material|source_context
Isolation_Source_SD	Animal-Bearded Dragon	host_context		host_context:host-associated context	high	compatible	Host_Context_SD	false	false	additive_axis_enrichment	2	host_context:host-associated context	anatomical_material|environment_broad_scale|environment_local_scale|environment_medium|food_commodity|host_context|sample_material|source_context
Isolation_Source_SD	Animal-Bison	host_context		host_context:host-associated context	high	compatible	Host_Context_SD	false	false	additive_axis_enrichment	2	host_context:host-associated context	anatomical_material|environment_broad_scale|environment_local_scale|environment_medium|food_commodity|host_context|sample_material|source_context
Isolation_Source_SD	Animal-Calf-Heavy Calf	host_context		host_context:host-associated context	high	compatible	Host_Context_SD	false	false	additive_axis_enrichment	2	host_context:host-associated context	anatomical_material|environment_broad_scale|environment_local_scale|environment_medium|food_commodity|host_context|sample_material|source_context
Isolation_Source_SD	Animal-Turtle	host_context		host_context:host-associated context	high	compatible	Host_Context_SD	false	false	additive_axis_enrichment	2	host_context:host-associated context	anatomical_material|environment_broad_scale|environment_local_scale|environment_medium|food_commodity|host_context|sample_material|source_context
Isolation_Source_SD	Belt , Facility 2000	environment_local_scale		environment_local_scale:local environmental or facility feature	high	compatible	Environment_Local_Scale_SD	false	false	additive_axis_enrichment	2	environment_local_scale:local environmental or facility feature	anatomical_material|environment_broad_scale|environment_local_scale|environment_medium|food_commodity|host_context|sample_material|source_context
Isolation_Source_SD	Bikehandles , Facility 1000	environment_local_scale		environment_local_scale:local environmental or facility feature	high	compatible	Environment_Local_Scale_SD	false	false	additive_axis_enrichment	2	environment_local_scale:local environmental or facility feature	anatomical_material|environment_broad_scale|environment_local_scale|environment_medium|food_commodity|host_context|sample_material|source_context
Isolation_Source_SD	Bos (cattle)	host_context		host_context:host-associated context	high	compatible	Host_Context_SD	false	false	additive_axis_enrichment	2	host_context:host-associated context	anatomical_material|environment_broad_scale|environment_local_scale|environment_medium|food_commodity|host_context|sample_material|source_context
Isolation_Source_SD	Call button , Facility 3000	environment_local_scale		environment_local_scale:local environmental or facility feature	high	compatible	Environment_Local_Scale_SD	false	false	additive_axis_enrichment	2	environment_local_scale:local environmental or facility feature	anatomical_material|environment_broad_scale|environment_local_scale|environment_medium|food_commodity|host_context|sample_material|source_context
Isolation_Source_SD	Cave	environment_local_scale		environment_local_scale:local environmental or facility feature	high	compatible	Environment_Local_Scale_SD	false	false	additive_axis_enrichment	2	environment_local_scale:local environmental or facility feature	anatomical_material|environment_broad_scale|environment_local_scale|environment_medium|food_commodity|host_context|sample_material|source_context
Isolation_Source_SD	Chair , Facility 2000	environment_local_scale		environment_local_scale:local environmental or facility feature	high	compatible	Environment_Local_Scale_SD	false	false	additive_axis_enrichment	2	environment_local_scale:local environmental or facility feature	anatomical_material|environment_broad_scale|environment_local_scale|environment_medium|food_commodity|host_context|sample_material|source_context
Isolation_Source_SD	Cooked peanuts from wild market	environment_local_scale		environment_local_scale:local environmental or facility feature	high	compatible	Environment_Local_Scale_SD	false	false	additive_axis_enrichment	2	environment_local_scale:local environmental or facility feature	anatomical_material|environment_broad_scale|environment_local_scale|environment_medium|food_commodity|host_context|sample_material|source_context
Isolation_Source_SD	Demon Drop Wall in Sorcerer's Cave, Texas	environment_local_scale		environment_local_scale:local environmental or facility feature	high	compatible	Environment_Local_Scale_SD	false	false	additive_axis_enrichment	2	environment_local_scale:local environmental or facility feature	anatomical_material|environment_broad_scale|environment_local_scale|environment_medium|food_commodity|host_context|sample_material|source_context
Isolation_Source_SD	Elanco Animal Health	host_context		host_context:host-associated context	high	compatible	Host_Context_SD	false	false	additive_axis_enrichment	2	host_context:host-associated context	anatomical_material|environment_broad_scale|environment_local_scale|environment_medium|food_commodity|host_context|sample_material|source_context
Isolation_Source_SD	Feed, animal-based	host_context		host_context:host-associated context	high	compatible	Host_Context_SD	false	false	additive_axis_enrichment	2	host_context:host-associated context	anatomical_material|environment_broad_scale|environment_local_scale|environment_medium|food_commodity|host_context|sample_material|source_context
Isolation_Source_SD	Floor Litter	environment_local_scale		environment_local_scale:local environmental or facility feature	high	compatible	Environment_Local_Scale_SD	false	false	additive_axis_enrichment	2	environment_local_scale:local environmental or facility feature	anatomical_material|environment_broad_scale|environment_local_scale|environment_medium|food_commodity|host_context|sample_material|source_context
Isolation_Source_SD	Floor Picking trolley	environment_local_scale		environment_local_scale:local environmental or facility feature	high	compatible	Environment_Local_Scale_SD	false	false	additive_axis_enrichment	2	environment_local_scale:local environmental or facility feature	anatomical_material|environment_broad_scale|environment_local_scale|environment_medium|food_commodity|host_context|sample_material|source_context
Isolation_Source_SD	Floor in dry aisle	environment_local_scale		environment_local_scale:local environmental or facility feature	high	compatible	Environment_Local_Scale_SD	false	false	additive_axis_enrichment	2	environment_local_scale:local environmental or facility feature	anatomical_material|environment_broad_scale|environment_local_scale|environment_medium|food_commodity|host_context|sample_material|source_context
Isolation_Source_SD	Floor of barn	environment_local_scale		environment_local_scale:local environmental or facility feature	high	compatible	Environment_Local_Scale_SD	false	false	additive_axis_enrichment	2	environment_local_scale:local environmental or facility feature	anatomical_material|environment_broad_scale|environment_local_scale|environment_medium|food_commodity|host_context|sample_material|source_context
Isolation_Source_SD	Hallway floor	environment_local_scale		environment_local_scale:local environmental or facility feature	high	compatible	Environment_Local_Scale_SD	false	false	additive_axis_enrichment	2	environment_local_scale:local environmental or facility feature	anatomical_material|environment_broad_scale|environment_local_scale|environment_medium|food_commodity|host_context|sample_material|source_context
Isolation_Source_SD	Livestock animal	host_context		host_context:host-associated context	high	compatible	Host_Context_SD	false	false	additive_axis_enrichment	2	host_context:host-associated context	anatomical_material|environment_broad_scale|environment_local_scale|environment_medium|food_commodity|host_context|sample_material|source_context
Isolation_Source_SD	Lohmann Animal Health	host_context		host_context:host-associated context	high	compatible	Host_Context_SD	false	false	additive_axis_enrichment	2	host_context:host-associated context	anatomical_material|environment_broad_scale|environment_local_scale|environment_medium|food_commodity|host_context|sample_material|source_context
Isolation_Source_SD	Ngari (fermented fish)	host_context		host_context:host-associated context	high	compatible	Host_Context_SD	false	false	additive_axis_enrichment	2	host_context:host-associated context	anatomical_material|environment_broad_scale|environment_local_scale|environment_medium|food_commodity|host_context|sample_material|source_context
Isolation_Source_SD	Preparation zone I. Floor.	environment_local_scale		environment_local_scale:local environmental or facility feature	high	compatible	Environment_Local_Scale_SD	false	false	additive_axis_enrichment	2	environment_local_scale:local environmental or facility feature	anatomical_material|environment_broad_scale|environment_local_scale|environment_medium|food_commodity|host_context|sample_material|source_context
Isolation_Source_SD	Reptile, Wild Animal, Snake	host_context		host_context:host-associated context	high	compatible	Host_Context_SD	false	false	additive_axis_enrichment	2	host_context:host-associated context	anatomical_material|environment_broad_scale|environment_local_scale|environment_medium|food_commodity|host_context|sample_material|source_context
Isolation_Source_SD	Reservoir	environment_local_scale		environment_local_scale:local environmental or facility feature	high	compatible	Environment_Local_Scale_SD	false	false	additive_axis_enrichment	2	environment_local_scale:local environmental or facility feature	anatomical_material|environment_broad_scale|environment_local_scale|environment_medium|food_commodity|host_context|sample_material|source_context
Isolation_Source_SD	Reservoir, Represa de India Muerta	environment_local_scale		environment_local_scale:local environmental or facility feature	high	compatible	Environment_Local_Scale_SD	false	false	additive_axis_enrichment	2	environment_local_scale:local environmental or facility feature	anatomical_material|environment_broad_scale|environment_local_scale|environment_medium|food_commodity|host_context|sample_material|source_context
Isolation_Source_SD	SMOKE ROOM FLOOR	environment_local_scale		environment_local_scale:local environmental or facility feature	high	compatible	Environment_Local_Scale_SD	false	false	additive_axis_enrichment	2	environment_local_scale:local environmental or facility feature	anatomical_material|environment_broad_scale|environment_local_scale|environment_medium|food_commodity|host_context|sample_material|source_context
Isolation_Source_SD	Shoe sole rubber boot (slaughterhouse)	environment_local_scale		environment_local_scale:local environmental or facility feature	high	compatible	Environment_Local_Scale_SD	false	false	additive_axis_enrichment	2	environment_local_scale:local environmental or facility feature	anatomical_material|environment_broad_scale|environment_local_scale|environment_medium|food_commodity|host_context|sample_material|source_context
Isolation_Source_SD	Si Mum Mueang Market	environment_local_scale		environment_local_scale:local environmental or facility feature	high	compatible	Environment_Local_Scale_SD	false	false	additive_axis_enrichment	2	environment_local_scale:local environmental or facility feature	anatomical_material|environment_broad_scale|environment_local_scale|environment_medium|food_commodity|host_context|sample_material|source_context
Isolation_Source_SD	Sound player , Facility 2000	environment_local_scale		environment_local_scale:local environmental or facility feature	high	compatible	Environment_Local_Scale_SD	false	false	additive_axis_enrichment	2	environment_local_scale:local environmental or facility feature	anatomical_material|environment_broad_scale|environment_local_scale|environment_medium|food_commodity|host_context|sample_material|source_context
Isolation_Source_SD	Sushi from retail market	environment_local_scale		environment_local_scale:local environmental or facility feature	high	compatible	Environment_Local_Scale_SD	false	false	additive_axis_enrichment	2	environment_local_scale:local environmental or facility feature	anatomical_material|environment_broad_scale|environment_local_scale|environment_medium|food_commodity|host_context|sample_material|source_context
Isolation_Source_SD	Table , Facility 3000	environment_local_scale		environment_local_scale:local environmental or facility feature	high	compatible	Environment_Local_Scale_SD	false	false	additive_axis_enrichment	2	environment_local_scale:local environmental or facility feature	anatomical_material|environment_broad_scale|environment_local_scale|environment_medium|food_commodity|host_context|sample_material|source_context
Isolation_Source_SD	Tray , Facility 2000	environment_local_scale		environment_local_scale:local environmental or facility feature	high	compatible	Environment_Local_Scale_SD	false	false	additive_axis_enrichment	2	environment_local_scale:local environmental or facility feature	anatomical_material|environment_broad_scale|environment_local_scale|environment_medium|food_commodity|host_context|sample_material|source_context
Isolation_Source_SD	Vomit (food poisoning)	food_commodity		food_commodity:explicit food or commodity context	high	compatible	Sample_Type_SD	false	false	additive_axis_enrichment	2	food_commodity:explicit food or commodity context	anatomical_material|environment_broad_scale|environment_local_scale|environment_medium|food_commodity|host_context|sample_material|source_context
Isolation_Source_SD	Walker , Facility 1000	environment_local_scale		environment_local_scale:local environmental or facility feature	high	compatible	Environment_Local_Scale_SD	false	false	additive_axis_enrichment	2	environment_local_scale:local environmental or facility feature	anatomical_material|environment_broad_scale|environment_local_scale|environment_medium|food_commodity|host_context|sample_material|source_context
Isolation_Source_SD	Washing room. Sink.	environment_local_scale		environment_local_scale:local environmental or facility feature	high	compatible	Environment_Local_Scale_SD	false	false	additive_axis_enrichment	2	environment_local_scale:local environmental or facility feature	anatomical_material|environment_broad_scale|environment_local_scale|environment_medium|food_commodity|host_context|sample_material|source_context
Isolation_Source_SD	animal feed blend	host_context		host_context:host-associated context	high	compatible	Host_Context_SD	false	false	additive_axis_enrichment	2	host_context:host-associated context	anatomical_material|environment_broad_scale|environment_local_scale|environment_medium|food_commodity|host_context|sample_material|source_context
Isolation_Source_SD	animal feed distilled corn	host_context		host_context:host-associated context	high	compatible	Host_Context_SD	false	false	additive_axis_enrichment	2	host_context:host-associated context	anatomical_material|environment_broad_scale|environment_local_scale|environment_medium|food_commodity|host_context|sample_material|source_context
Isolation_Source_SD	animal feed sesame meal	host_context		host_context:host-associated context	high	compatible	Host_Context_SD	false	false	additive_axis_enrichment	2	host_context:host-associated context	anatomical_material|environment_broad_scale|environment_local_scale|environment_medium|food_commodity|host_context|sample_material|source_context
Isolation_Source_SD	animal origin	host_context		host_context:host-associated context	high	compatible	Host_Context_SD	false	false	additive_axis_enrichment	2	host_context:host-associated context	anatomical_material|environment_broad_scale|environment_local_scale|environment_medium|food_commodity|host_context|sample_material|source_context
Isolation_Source_SD	animal protein	host_context		host_context:host-associated context	high	compatible	Host_Context_SD	false	false	additive_axis_enrichment	2	host_context:host-associated context	anatomical_material|environment_broad_scale|environment_local_scale|environment_medium|food_commodity|host_context|sample_material|source_context
Isolation_Source_SD	animal waste	host_context		host_context:host-associated context	high	compatible	Host_Context_SD	false	false	additive_axis_enrichment	2	host_context:host-associated context	anatomical_material|environment_broad_scale|environment_local_scale|environment_medium|food_commodity|host_context|sample_material|source_context
Isolation_Source_SD	appendix content	sample_material		sample_material:physical specimen/material	high	compatible	Sample_Material_SD|Sample_Type_SD	false	false	additive_axis_enrichment	2	sample_material:physical specimen/material	anatomical_material|environment_broad_scale|environment_local_scale|environment_medium|food_commodity|host_context|sample_material|source_context
Isolation_Source_SD	biogas reactor content	sample_material		sample_material:physical specimen/material	high	compatible	Sample_Material_SD|Sample_Type_SD	false	false	additive_axis_enrichment	2	sample_material:physical specimen/material	anatomical_material|environment_broad_scale|environment_local_scale|environment_medium|food_commodity|host_context|sample_material|source_context
Isolation_Source_SD	calcite moonmilk deposits from the cave wall	environment_local_scale		environment_local_scale:local environmental or facility feature	high	compatible	Environment_Local_Scale_SD	false	false	additive_axis_enrichment	2	environment_local_scale:local environmental or facility feature	anatomical_material|environment_broad_scale|environment_local_scale|environment_medium|food_commodity|host_context|sample_material|source_context
Isolation_Source_SD	cave wall, scraping from roof of cave near entrance	environment_local_scale		environment_local_scale:local environmental or facility feature	high	compatible	Environment_Local_Scale_SD	false	false	additive_axis_enrichment	2	environment_local_scale:local environmental or facility feature	anatomical_material|environment_broad_scale|environment_local_scale|environment_medium|food_commodity|host_context|sample_material|source_context
Isolation_Source_SD	central nervous system of the animal	host_context		host_context:host-associated context	high	compatible	Host_Context_SD	false	false	additive_axis_enrichment	2	host_context:host-associated context	anatomical_material|environment_broad_scale|environment_local_scale|environment_medium|food_commodity|host_context|sample_material|source_context
Isolation_Source_SD	cerebrospinal	sample_material		sample_material:physical specimen/material	high	compatible	Sample_Material_SD|Sample_Type_SD	false	false	additive_axis_enrichment	2	sample_material:physical specimen/material	anatomical_material|environment_broad_scale|environment_local_scale|environment_medium|food_commodity|host_context|sample_material|source_context
Isolation_Source_SD	chipped concrete floor	environment_local_scale		environment_local_scale:local environmental or facility feature	high	compatible	Environment_Local_Scale_SD	false	false	additive_axis_enrichment	2	environment_local_scale:local environmental or facility feature	anatomical_material|environment_broad_scale|environment_local_scale|environment_medium|food_commodity|host_context|sample_material|source_context
Isolation_Source_SD	concrete floor seam	environment_local_scale		environment_local_scale:local environmental or facility feature	high	compatible	Environment_Local_Scale_SD	false	false	additive_axis_enrichment	2	environment_local_scale:local environmental or facility feature	anatomical_material|environment_broad_scale|environment_local_scale|environment_medium|food_commodity|host_context|sample_material|source_context
Isolation_Source_SD	coralloid from cave wall	environment_local_scale		environment_local_scale:local environmental or facility feature	high	compatible	Environment_Local_Scale_SD	false	false	additive_axis_enrichment	2	environment_local_scale:local environmental or facility feature	anatomical_material|environment_broad_scale|environment_local_scale|environment_medium|food_commodity|host_context|sample_material|source_context
Isolation_Source_SD	crack in floor	environment_local_scale		environment_local_scale:local environmental or facility feature	high	compatible	Environment_Local_Scale_SD	false	false	additive_axis_enrichment	2	environment_local_scale:local environmental or facility feature	anatomical_material|environment_broad_scale|environment_local_scale|environment_medium|food_commodity|host_context|sample_material|source_context
Isolation_Source_SD	dried animal hooves	host_context		host_context:host-associated context	high	compatible	Host_Context_SD	false	false	additive_axis_enrichment	2	host_context:host-associated context	anatomical_material|environment_broad_scale|environment_local_scale|environment_medium|food_commodity|host_context|sample_material|source_context
Isolation_Source_SD	floor or floor mat near store entrance	environment_local_scale		environment_local_scale:local environmental or facility feature	high	compatible	Environment_Local_Scale_SD	false	false	additive_axis_enrichment	2	environment_local_scale:local environmental or facility feature	anatomical_material|environment_broad_scale|environment_local_scale|environment_medium|food_commodity|host_context|sample_material|source_context
Isolation_Source_SD	frozen animal feed feeder mouse	host_context		host_context:host-associated context	high	compatible	Host_Context_SD	false	false	additive_axis_enrichment	2	host_context:host-associated context	anatomical_material|environment_broad_scale|environment_local_scale|environment_medium|food_commodity|host_context|sample_material|source_context
Isolation_Source_SD	frozen animal feed pink baby mouse	host_context		host_context:host-associated context	high	compatible	Host_Context_SD	false	false	additive_axis_enrichment	2	host_context:host-associated context	anatomical_material|environment_broad_scale|environment_local_scale|environment_medium|food_commodity|host_context|sample_material|source_context
Isolation_Source_SD	frozen animal feed raw for cat	host_context		host_context:host-associated context	high	compatible	Host_Context_SD	false	false	additive_axis_enrichment	2	host_context:host-associated context	anatomical_material|environment_broad_scale|environment_local_scale|environment_medium|food_commodity|host_context|sample_material|source_context
Isolation_Source_SD	gastric content	sample_material		sample_material:physical specimen/material	high	compatible	Sample_Material_SD|Sample_Type_SD	false	false	additive_axis_enrichment	2	sample_material:physical specimen/material	anatomical_material|environment_broad_scale|environment_local_scale|environment_medium|food_commodity|host_context|sample_material|source_context
Isolation_Source_SD	ileal contents	sample_material		sample_material:physical specimen/material	high	compatible	Sample_Material_SD|Sample_Type_SD	false	false	additive_axis_enrichment	2	sample_material:physical specimen/material	anatomical_material|environment_broad_scale|environment_local_scale|environment_medium|food_commodity|host_context|sample_material|source_context
Isolation_Source_SD	industrialized animal ration	host_context		host_context:host-associated context	high	compatible	Host_Context_SD	false	false	additive_axis_enrichment	2	host_context:host-associated context	anatomical_material|environment_broad_scale|environment_local_scale|environment_medium|food_commodity|host_context|sample_material|source_context
Isolation_Source_SD	karst cave	environment_local_scale		environment_local_scale:local environmental or facility feature	high	compatible	Environment_Local_Scale_SD	false	false	additive_axis_enrichment	2	environment_local_scale:local environmental or facility feature	anatomical_material|environment_broad_scale|environment_local_scale|environment_medium|food_commodity|host_context|sample_material|source_context
Isolation_Source_SD	livestock trailer floor	environment_local_scale		environment_local_scale:local environmental or facility feature	high	compatible	Environment_Local_Scale_SD	false	false	additive_axis_enrichment	2	environment_local_scale:local environmental or facility feature	anatomical_material|environment_broad_scale|environment_local_scale|environment_medium|food_commodity|host_context|sample_material|source_context
Isolation_Source_SD	pancreatic cyst contents	sample_material		sample_material:physical specimen/material	high	compatible	Sample_Material_SD|Sample_Type_SD	false	false	additive_axis_enrichment	2	sample_material:physical specimen/material	anatomical_material|environment_broad_scale|environment_local_scale|environment_medium|food_commodity|host_context|sample_material|source_context
Isolation_Source_SD	prepared checken wing from retail market	environment_local_scale		environment_local_scale:local environmental or facility feature	high	compatible	Environment_Local_Scale_SD	false	false	additive_axis_enrichment	2	environment_local_scale:local environmental or facility feature	anatomical_material|environment_broad_scale|environment_local_scale|environment_medium|food_commodity|host_context|sample_material|source_context
Isolation_Source_SD	raw cream cow	host_context		host_context:host-associated context	high	compatible	Host_Context_SD	false	false	additive_axis_enrichment	2	host_context:host-associated context	anatomical_material|environment_broad_scale|environment_local_scale|environment_medium|food_commodity|host_context|sample_material|source_context
Isolation_Source_SD	school toilet floor	environment_local_scale		environment_local_scale:local environmental or facility feature	high	compatible	Environment_Local_Scale_SD	false	false	additive_axis_enrichment	2	environment_local_scale:local environmental or facility feature	anatomical_material|environment_broad_scale|environment_local_scale|environment_medium|food_commodity|host_context|sample_material|source_context
Isolation_Source_SD	seafood	food_commodity		food_commodity:explicit food or commodity context	high	compatible	Sample_Type_SD	false	false	additive_axis_enrichment	2	food_commodity:explicit food or commodity context	anatomical_material|environment_broad_scale|environment_local_scale|environment_medium|food_commodity|host_context|sample_material|source_context
Isolation_Source_SD	uterine contents	sample_material		sample_material:physical specimen/material	high	compatible	Sample_Material_SD|Sample_Type_SD	false	false	additive_axis_enrichment	2	sample_material:physical specimen/material	anatomical_material|environment_broad_scale|environment_local_scale|environment_medium|food_commodity|host_context|sample_material|source_context
Isolation_Site_SD	skin	anatomical_site		anatomical_site:anatomical site or plant part	high	compatible	Host_Anatomical_Site_SD	false	false	additive_axis_enrichment	1	anatomical_site:anatomical site or plant part	anatomical_site
Isolation_Source_SD	2nd floor shower north, bar/chair	environment_local_scale		environment_local_scale:local environmental or facility feature	high	compatible	Environment_Local_Scale_SD	false	false	additive_axis_enrichment	1	environment_local_scale:local environmental or facility feature	anatomical_material|environment_broad_scale|environment_local_scale|environment_medium|food_commodity|host_context|sample_material|source_context
Isolation_Source_SD	2nd floor shower south, left bar/chair	environment_local_scale		environment_local_scale:local environmental or facility feature	high	compatible	Environment_Local_Scale_SD	false	false	additive_axis_enrichment	1	environment_local_scale:local environmental or facility feature	anatomical_material|environment_broad_scale|environment_local_scale|environment_medium|food_commodity|host_context|sample_material|source_context
Isolation_Source_SD	Abdominal contents	sample_material		sample_material:physical specimen/material	high	compatible	Sample_Material_SD|Sample_Type_SD	false	false	additive_axis_enrichment	1	sample_material:physical specimen/material	anatomical_material|environment_broad_scale|environment_local_scale|environment_medium|food_commodity|host_context|sample_material|source_context
Isolation_Source_SD	Abomasum content	sample_material		sample_material:physical specimen/material	high	compatible	Sample_Material_SD|Sample_Type_SD	false	false	additive_axis_enrichment	1	sample_material:physical specimen/material	anatomical_material|environment_broad_scale|environment_local_scale|environment_medium|food_commodity|host_context|sample_material|source_context
Isolation_Source_SD	Animal - Avian-Yolk sac	host_context		host_context:host-associated context	high	compatible	Host_Context_SD	false	false	additive_axis_enrichment	1	host_context:host-associated context	anatomical_material|environment_broad_scale|environment_local_scale|environment_medium|food_commodity|host_context|sample_material|source_context
Isolation_Source_SD	Animal - Rodent	host_context		host_context:host-associated context	high	compatible	Host_Context_SD	false	false	additive_axis_enrichment	1	host_context:host-associated context	anatomical_material|environment_broad_scale|environment_local_scale|environment_medium|food_commodity|host_context|sample_material|source_context
Isolation_Source_SD	Animal excrete	host_context		host_context:host-associated context	high	compatible	Host_Context_SD	false	false	additive_axis_enrichment	1	host_context:host-associated context	anatomical_material|environment_broad_scale|environment_local_scale|environment_medium|food_commodity|host_context|sample_material|source_context
Isolation_Source_SD	Animal, Animal	host_context		host_context:host-associated context	high	compatible	Host_Context_SD	false	false	additive_axis_enrichment	1	host_context:host-associated context	anatomical_material|environment_broad_scale|environment_local_scale|environment_medium|food_commodity|host_context|sample_material|source_context
Isolation_Source_SD	Animal, cat	host_context		host_context:host-associated context	high	compatible	Host_Context_SD	false	false	additive_axis_enrichment	1	host_context:host-associated context	anatomical_material|environment_broad_scale|environment_local_scale|environment_medium|food_commodity|host_context|sample_material|source_context
Isolation_Source_SD	Animal, iguana	host_context		host_context:host-associated context	high	compatible	Host_Context_SD	false	false	additive_axis_enrichment	1	host_context:host-associated context	anatomical_material|environment_broad_scale|environment_local_scale|environment_medium|food_commodity|host_context|sample_material|source_context
Isolation_Source_SD	Animal, organs/carcasses	host_context		host_context:host-associated context	high	compatible	Host_Context_SD	false	false	additive_axis_enrichment	1	host_context:host-associated context	anatomical_material|environment_broad_scale|environment_local_scale|environment_medium|food_commodity|host_context|sample_material|source_context
Isolation_Source_SD	Animal, reptile	host_context		host_context:host-associated context	high	compatible	Host_Context_SD	false	false	additive_axis_enrichment	1	host_context:host-associated context	anatomical_material|environment_broad_scale|environment_local_scale|environment_medium|food_commodity|host_context|sample_material|source_context
Isolation_Source_SD	Animal-Gecko	host_context		host_context:host-associated context	high	compatible	Host_Context_SD	false	false	additive_axis_enrichment	1	host_context:host-associated context	anatomical_material|environment_broad_scale|environment_local_scale|environment_medium|food_commodity|host_context|sample_material|source_context
Isolation_Source_SD	Animal-Leopard Gecko	host_context		host_context:host-associated context	high	compatible	Host_Context_SD	false	false	additive_axis_enrichment	1	host_context:host-associated context	anatomical_material|environment_broad_scale|environment_local_scale|environment_medium|food_commodity|host_context|sample_material|source_context
Isolation_Source_SD	Animal-Snake	host_context		host_context:host-associated context	high	compatible	Host_Context_SD	false	false	additive_axis_enrichment	1	host_context:host-associated context	anatomical_material|environment_broad_scale|environment_local_scale|environment_medium|food_commodity|host_context|sample_material|source_context
Isolation_Source_SD	Animal-snake	host_context		host_context:host-associated context	high	compatible	Host_Context_SD	false	false	additive_axis_enrichment	1	host_context:host-associated context	anatomical_material|environment_broad_scale|environment_local_scale|environment_medium|food_commodity|host_context|sample_material|source_context
Isolation_Source_SD	Animal-turtle	host_context		host_context:host-associated context	high	compatible	Host_Context_SD	false	false	additive_axis_enrichment	1	host_context:host-associated context	anatomical_material|environment_broad_scale|environment_local_scale|environment_medium|food_commodity|host_context|sample_material|source_context
Isolation_Source_SD	Aquaculture facility	environment_local_scale		environment_local_scale:local environmental or facility feature	high	compatible	Environment_Local_Scale_SD	false	false	additive_axis_enrichment	1	environment_local_scale:local environmental or facility feature	anatomical_material|environment_broad_scale|environment_local_scale|environment_medium|food_commodity|host_context|sample_material|source_context
Isolation_Source_SD	Avian, Wild Animal, Bird	host_context		host_context:host-associated context	high	compatible	Host_Context_SD	false	false	additive_axis_enrichment	1	host_context:host-associated context	anatomical_material|environment_broad_scale|environment_local_scale|environment_medium|food_commodity|host_context|sample_material|source_context
Isolation_Source_SD	Bed , Facility 1000	environment_local_scale		environment_local_scale:local environmental or facility feature	high	compatible	Environment_Local_Scale_SD	false	false	additive_axis_enrichment	1	environment_local_scale:local environmental or facility feature	anatomical_material|environment_broad_scale|environment_local_scale|environment_medium|food_commodity|host_context|sample_material|source_context
Isolation_Source_SD	Bedrail , Facility 3000	environment_local_scale		environment_local_scale:local environmental or facility feature	high	compatible	Environment_Local_Scale_SD	false	false	additive_axis_enrichment	1	environment_local_scale:local environmental or facility feature	anatomical_material|environment_broad_scale|environment_local_scale|environment_medium|food_commodity|host_context|sample_material|source_context
Isolation_Source_SD	Body hoist wrap , Facility 2000	environment_local_scale		environment_local_scale:local environmental or facility feature	high	compatible	Environment_Local_Scale_SD	false	false	additive_axis_enrichment	1	environment_local_scale:local environmental or facility feature	anatomical_material|environment_broad_scale|environment_local_scale|environment_medium|food_commodity|host_context|sample_material|source_context
Isolation_Source_SD	CANOLA MEAL FOR ANIMAL FEED	host_context		host_context:host-associated context	high	compatible	Host_Context_SD	false	false	additive_axis_enrichment	1	host_context:host-associated context	anatomical_material|environment_broad_scale|environment_local_scale|environment_medium|food_commodity|host_context|sample_material|source_context
Isolation_Source_SD	Cage floor	environment_local_scale		environment_local_scale:local environmental or facility feature	high	compatible	Environment_Local_Scale_SD	false	false	additive_axis_enrichment	1	environment_local_scale:local environmental or facility feature	anatomical_material|environment_broad_scale|environment_local_scale|environment_medium|food_commodity|host_context|sample_material|source_context
Isolation_Source_SD	Cave deposits	environment_local_scale		environment_local_scale:local environmental or facility feature	high	compatible	Environment_Local_Scale_SD	false	false	additive_axis_enrichment	1	environment_local_scale:local environmental or facility feature	anatomical_material|environment_broad_scale|environment_local_scale|environment_medium|food_commodity|host_context|sample_material|source_context
Isolation_Source_SD	Cerebrospinal	sample_material		sample_material:physical specimen/material	high	compatible	Sample_Material_SD|Sample_Type_SD	false	false	additive_axis_enrichment	1	sample_material:physical specimen/material	anatomical_material|environment_broad_scale|environment_local_scale|environment_medium|food_commodity|host_context|sample_material|source_context
Isolation_Source_SD	Chungkukjang (Korean traditional fermented food)	food_commodity		food_commodity:explicit food or commodity context	high	compatible	Sample_Type_SD	false	false	additive_axis_enrichment	1	food_commodity:explicit food or commodity context	anatomical_material|environment_broad_scale|environment_local_scale|environment_medium|food_commodity|host_context|sample_material|source_context
Isolation_Source_SD	Cold Storage Room Floor (NFCS)	environment_local_scale		environment_local_scale:local environmental or facility feature	high	compatible	Environment_Local_Scale_SD	false	false	additive_axis_enrichment	1	environment_local_scale:local environmental or facility feature	anatomical_material|environment_broad_scale|environment_local_scale|environment_medium|food_commodity|host_context|sample_material|source_context
Isolation_Source_SD	Cold storage room-floor	environment_local_scale		environment_local_scale:local environmental or facility feature	high	compatible	Environment_Local_Scale_SD	false	false	additive_axis_enrichment	1	environment_local_scale:local environmental or facility feature	anatomical_material|environment_broad_scale|environment_local_scale|environment_medium|food_commodity|host_context|sample_material|source_context
Isolation_Source_SD	Columba livia crop contents	sample_material		sample_material:physical specimen/material	high	compatible	Sample_Material_SD|Sample_Type_SD	false	false	additive_axis_enrichment	1	sample_material:physical specimen/material	anatomical_material|environment_broad_scale|environment_local_scale|environment_medium|food_commodity|host_context|sample_material|source_context
Isolation_Source_SD	Commercial egg laying facility	environment_local_scale		environment_local_scale:local environmental or facility feature	high	compatible	Environment_Local_Scale_SD	false	false	additive_axis_enrichment	1	environment_local_scale:local environmental or facility feature	anatomical_material|environment_broad_scale|environment_local_scale|environment_medium|food_commodity|host_context|sample_material|source_context
Isolation_Source_SD	Cow	host_context		host_context:host-associated context	high	compatible	Host_Context_SD	false	false	additive_axis_enrichment	1	host_context:host-associated context	anatomical_material|environment_broad_scale|environment_local_scale|environment_medium|food_commodity|host_context|sample_material|source_context
Isolation_Source_SD	Crystal Cave (limestone)	environment_local_scale		environment_local_scale:local environmental or facility feature	high	compatible	Environment_Local_Scale_SD	false	false	additive_axis_enrichment	1	environment_local_scale:local environmental or facility feature	anatomical_material|environment_broad_scale|environment_local_scale|environment_medium|food_commodity|host_context|sample_material|source_context
Isolation_Source_SD	Crystal Cave, a limestone cave	environment_local_scale		environment_local_scale:local environmental or facility feature	high	compatible	Environment_Local_Scale_SD	false	false	additive_axis_enrichment	1	environment_local_scale:local environmental or facility feature	anatomical_material|environment_broad_scale|environment_local_scale|environment_medium|food_commodity|host_context|sample_material|source_context
Isolation_Source_SD	Curtain , Facility 3000	environment_local_scale		environment_local_scale:local environmental or facility feature	high	compatible	Environment_Local_Scale_SD	false	false	additive_axis_enrichment	1	environment_local_scale:local environmental or facility feature	anatomical_material|environment_broad_scale|environment_local_scale|environment_medium|food_commodity|host_context|sample_material|source_context
Isolation_Source_SD	Daechung reservoir	environment_local_scale		environment_local_scale:local environmental or facility feature	high	compatible	Environment_Local_Scale_SD	false	false	additive_axis_enrichment	1	environment_local_scale:local environmental or facility feature	anatomical_material|environment_broad_scale|environment_local_scale|environment_medium|food_commodity|host_context|sample_material|source_context
Isolation_Source_SD	Deli Floor (NFCS)	environment_local_scale		environment_local_scale:local environmental or facility feature	high	compatible	Environment_Local_Scale_SD	false	false	additive_axis_enrichment	1	environment_local_scale:local environmental or facility feature	anatomical_material|environment_broad_scale|environment_local_scale|environment_medium|food_commodity|host_context|sample_material|source_context
Isolation_Source_SD	Doenjang(Soybean paste, Korea traditional fermented food)	food_commodity		food_commodity:explicit food or commodity context	high	compatible	Sample_Type_SD	false	false	additive_axis_enrichment	1	food_commodity:explicit food or commodity context	anatomical_material|environment_broad_scale|environment_local_scale|environment_medium|food_commodity|host_context|sample_material|source_context
Isolation_Source_SD	Dumpling (pork stuffing)	food_commodity		food_commodity:explicit food or commodity context	high	compatible	Sample_Type_SD	false	false	additive_axis_enrichment	1	food_commodity:explicit food or commodity context	anatomical_material|environment_broad_scale|environment_local_scale|environment_medium|food_commodity|host_context|sample_material|source_context
Isolation_Source_SD	EVT COOLER FLOOR	environment_local_scale		environment_local_scale:local environmental or facility feature	high	compatible	Environment_Local_Scale_SD	false	false	additive_axis_enrichment	1	environment_local_scale:local environmental or facility feature	anatomical_material|environment_broad_scale|environment_local_scale|environment_medium|food_commodity|host_context|sample_material|source_context
Isolation_Source_SD	Envirnoment (water)	environment_medium		environment_medium:environmental medium	high	compatible	Environment_Medium_SD	false	false	additive_axis_enrichment	1	environment_medium:environmental medium	anatomical_material|environment_broad_scale|environment_local_scale|environment_medium|food_commodity|host_context|sample_material|source_context
Isolation_Source_SD	Eviscerated Contents	sample_material		sample_material:physical specimen/material	high	compatible	Sample_Material_SD|Sample_Type_SD	false	false	additive_axis_enrichment	1	sample_material:physical specimen/material	anatomical_material|environment_broad_scale|environment_local_scale|environment_medium|food_commodity|host_context|sample_material|source_context
Isolation_Source_SD	Eviscerated content	sample_material		sample_material:physical specimen/material	high	compatible	Sample_Material_SD|Sample_Type_SD	false	false	additive_axis_enrichment	1	sample_material:physical specimen/material	anatomical_material|environment_broad_scale|environment_local_scale|environment_medium|food_commodity|host_context|sample_material|source_context
Isolation_Source_SD	Eviscerated contents	sample_material		sample_material:physical specimen/material	high	compatible	Sample_Material_SD|Sample_Type_SD	false	false	additive_axis_enrichment	1	sample_material:physical specimen/material	anatomical_material|environment_broad_scale|environment_local_scale|environment_medium|food_commodity|host_context|sample_material|source_context
Isolation_Source_SD	Evisceration room (floor) ofSlaughterhouse C	environment_local_scale		environment_local_scale:local environmental or facility feature	high	compatible	Environment_Local_Scale_SD	false	false	additive_axis_enrichment	1	environment_local_scale:local environmental or facility feature	anatomical_material|environment_broad_scale|environment_local_scale|environment_medium|food_commodity|host_context|sample_material|source_context
Isolation_Source_SD	Exercise ball , Facility 2000	environment_local_scale		environment_local_scale:local environmental or facility feature	high	compatible	Environment_Local_Scale_SD	false	false	additive_axis_enrichment	1	environment_local_scale:local environmental or facility feature	anatomical_material|environment_broad_scale|environment_local_scale|environment_medium|food_commodity|host_context|sample_material|source_context
Isolation_Source_SD	Exercise band , Facility 1000	environment_local_scale		environment_local_scale:local environmental or facility feature	high	compatible	Environment_Local_Scale_SD	false	false	additive_axis_enrichment	1	environment_local_scale:local environmental or facility feature	anatomical_material|environment_broad_scale|environment_local_scale|environment_medium|food_commodity|host_context|sample_material|source_context
Isolation_Source_SD	FLOOR OF SPICE ROOM	environment_local_scale		environment_local_scale:local environmental or facility feature	high	compatible	Environment_Local_Scale_SD	false	false	additive_axis_enrichment	1	environment_local_scale:local environmental or facility feature	anatomical_material|environment_broad_scale|environment_local_scale|environment_medium|food_commodity|host_context|sample_material|source_context
Isolation_Source_SD	FLOOR OF SPICE ROOM CRACKS	environment_local_scale		environment_local_scale:local environmental or facility feature	high	compatible	Environment_Local_Scale_SD	false	false	additive_axis_enrichment	1	environment_local_scale:local environmental or facility feature	anatomical_material|environment_broad_scale|environment_local_scale|environment_medium|food_commodity|host_context|sample_material|source_context
Isolation_Source_SD	FLOOR/WALL JUNCTION NFC	environment_local_scale		environment_local_scale:local environmental or facility feature	high	compatible	Environment_Local_Scale_SD	false	false	additive_axis_enrichment	1	environment_local_scale:local environmental or facility feature	anatomical_material|environment_broad_scale|environment_local_scale|environment_medium|food_commodity|host_context|sample_material|source_context
Isolation_Source_SD	Floor (Entrance)	environment_local_scale		environment_local_scale:local environmental or facility feature	high	compatible	Environment_Local_Scale_SD	false	false	additive_axis_enrichment	1	environment_local_scale:local environmental or facility feature	anatomical_material|environment_broad_scale|environment_local_scale|environment_medium|food_commodity|host_context|sample_material|source_context
Isolation_Source_SD	Floor (entrance)	environment_local_scale		environment_local_scale:local environmental or facility feature	high	compatible	Environment_Local_Scale_SD	false	false	additive_axis_enrichment	1	environment_local_scale:local environmental or facility feature	anatomical_material|environment_broad_scale|environment_local_scale|environment_medium|food_commodity|host_context|sample_material|source_context
Isolation_Source_SD	Floor (under vat)	environment_local_scale		environment_local_scale:local environmental or facility feature	high	compatible	Environment_Local_Scale_SD	false	false	additive_axis_enrichment	1	environment_local_scale:local environmental or facility feature	anatomical_material|environment_broad_scale|environment_local_scale|environment_medium|food_commodity|host_context|sample_material|source_context
Isolation_Source_SD	Floor Cleaning Equipment (NFCS)	environment_local_scale		environment_local_scale:local environmental or facility feature	high	compatible	Environment_Local_Scale_SD	false	false	additive_axis_enrichment	1	environment_local_scale:local environmental or facility feature	anatomical_material|environment_broad_scale|environment_local_scale|environment_medium|food_commodity|host_context|sample_material|source_context
Isolation_Source_SD	Floor at Door of fridge	environment_local_scale		environment_local_scale:local environmental or facility feature	high	compatible	Environment_Local_Scale_SD	false	false	additive_axis_enrichment	1	environment_local_scale:local environmental or facility feature	anatomical_material|environment_broad_scale|environment_local_scale|environment_medium|food_commodity|host_context|sample_material|source_context
Isolation_Source_SD	Floor litter	environment_local_scale		environment_local_scale:local environmental or facility feature	high	compatible	Environment_Local_Scale_SD	false	false	additive_axis_enrichment	1	environment_local_scale:local environmental or facility feature	anatomical_material|environment_broad_scale|environment_local_scale|environment_medium|food_commodity|host_context|sample_material|source_context
Isolation_Source_SD	Floor or floor mat near store entrance	environment_local_scale		environment_local_scale:local environmental or facility feature	high	compatible	Environment_Local_Scale_SD	false	false	additive_axis_enrichment	1	environment_local_scale:local environmental or facility feature	anatomical_material|environment_broad_scale|environment_local_scale|environment_medium|food_commodity|host_context|sample_material|source_context
Isolation_Source_SD	Floor press	environment_local_scale		environment_local_scale:local environmental or facility feature	high	compatible	Environment_Local_Scale_SD	false	false	additive_axis_enrichment	1	environment_local_scale:local environmental or facility feature	anatomical_material|environment_broad_scale|environment_local_scale|environment_medium|food_commodity|host_context|sample_material|source_context
Isolation_Source_SD	Frozen flour products from retail market	environment_local_scale		environment_local_scale:local environmental or facility feature	high	compatible	Environment_Local_Scale_SD	false	false	additive_axis_enrichment	1	environment_local_scale:local environmental or facility feature	anatomical_material|environment_broad_scale|environment_local_scale|environment_medium|food_commodity|host_context|sample_material|source_context
Isolation_Source_SD	Fuel ethanol production facility	environment_local_scale		environment_local_scale:local environmental or facility feature	high	compatible	Environment_Local_Scale_SD	false	false	additive_axis_enrichment	1	environment_local_scale:local environmental or facility feature	anatomical_material|environment_broad_scale|environment_local_scale|environment_medium|food_commodity|host_context|sample_material|source_context
Isolation_Source_SD	Fuqi Feipian (Sliced Beef and Ox Tongue in Chilli Sauce)	food_commodity		food_commodity:explicit food or commodity context	high	compatible	Sample_Type_SD	false	false	additive_axis_enrichment	1	food_commodity:explicit food or commodity context	anatomical_material|environment_broad_scale|environment_local_scale|environment_medium|food_commodity|host_context|sample_material|source_context
Isolation_Source_SD	GI content	sample_material		sample_material:physical specimen/material	high	compatible	Sample_Material_SD|Sample_Type_SD	false	false	additive_axis_enrichment	1	sample_material:physical specimen/material	anatomical_material|environment_broad_scale|environment_local_scale|environment_medium|food_commodity|host_context|sample_material|source_context
Isolation_Source_SD	Gastric Contents	sample_material		sample_material:physical specimen/material	high	compatible	Sample_Material_SD|Sample_Type_SD	false	false	additive_axis_enrichment	1	sample_material:physical specimen/material	anatomical_material|environment_broad_scale|environment_local_scale|environment_medium|food_commodity|host_context|sample_material|source_context
Isolation_Source_SD	Gastric content	sample_material		sample_material:physical specimen/material	high	compatible	Sample_Material_SD|Sample_Type_SD	false	false	additive_axis_enrichment	1	sample_material:physical specimen/material	anatomical_material|environment_broad_scale|environment_local_scale|environment_medium|food_commodity|host_context|sample_material|source_context
Isolation_Source_SD	Gastric contents	sample_material		sample_material:physical specimen/material	high	compatible	Sample_Material_SD|Sample_Type_SD	false	false	additive_axis_enrichment	1	sample_material:physical specimen/material	anatomical_material|environment_broad_scale|environment_local_scale|environment_medium|food_commodity|host_context|sample_material|source_context
Isolation_Source_SD	Glacial forefield (soil)	environment_medium		environment_medium:environmental medium	high	compatible	Environment_Medium_SD	false	false	additive_axis_enrichment	1	environment_medium:environmental medium	anatomical_material|environment_broad_scale|environment_local_scale|environment_medium|food_commodity|host_context|sample_material|source_context
Isolation_Source_SD	Gravel material from soured oil reservoir	environment_local_scale		environment_local_scale:local environmental or facility feature	high	compatible	Environment_Local_Scale_SD	false	false	additive_axis_enrichment	1	environment_local_scale:local environmental or facility feature	anatomical_material|environment_broad_scale|environment_local_scale|environment_medium|food_commodity|host_context|sample_material|source_context
Isolation_Source_SD	Ground swine	host_context		host_context:host-associated context	high	compatible	Host_Context_SD	false	false	additive_axis_enrichment	1	host_context:host-associated context	anatomical_material|environment_broad_scale|environment_local_scale|environment_medium|food_commodity|host_context|sample_material|source_context
Isolation_Source_SD	HALLWAY FLOOR	environment_local_scale		environment_local_scale:local environmental or facility feature	high	compatible	Environment_Local_Scale_SD	false	false	additive_axis_enrichment	1	environment_local_scale:local environmental or facility feature	anatomical_material|environment_broad_scale|environment_local_scale|environment_medium|food_commodity|host_context|sample_material|source_context
Isolation_Source_SD	Ham(food poisoning)	food_commodity		food_commodity:explicit food or commodity context	high	compatible	Sample_Type_SD	false	false	additive_axis_enrichment	1	food_commodity:explicit food or commodity context	anatomical_material|environment_broad_scale|environment_local_scale|environment_medium|food_commodity|host_context|sample_material|source_context
Isolation_Source_SD	Home canned vegetarian pate (food)	food_commodity		food_commodity:explicit food or commodity context	high	compatible	Sample_Type_SD	false	false	additive_axis_enrichment	1	food_commodity:explicit food or commodity context	anatomical_material|environment_broad_scale|environment_local_scale|environment_medium|food_commodity|host_context|sample_material|source_context
Isolation_Source_SD	Human carious dentine	host_context		host_context:host-associated context	high	compatible	Host_Context_SD	false	false	additive_axis_enrichment	1	host_context:host-associated context	anatomical_material|environment_broad_scale|environment_local_scale|environment_medium|food_commodity|host_context|sample_material|source_context
Isolation_Source_SD	Human gingival crevice	host_context		host_context:host-associated context	high	compatible	Host_Context_SD	false	false	additive_axis_enrichment	1	host_context:host-associated context	anatomical_material|environment_broad_scale|environment_local_scale|environment_medium|food_commodity|host_context|sample_material|source_context
Isolation_Source_SD	"ISS indoor enironment, V2A steel surface. Exposure experiment (""BIORISK"")"	environment_local_scale		environment_local_scale:local environmental or facility feature	high	compatible	Environment_Local_Scale_SD	false	false	additive_axis_enrichment	1	environment_local_scale:local environmental or facility feature	anatomical_material|environment_broad_scale|environment_local_scale|environment_medium|food_commodity|host_context|sample_material|source_context
Isolation_Source_SD	Jaw lesion in adult cow	host_context		host_context:host-associated context	high	compatible	Host_Context_SD	false	false	additive_axis_enrichment	1	host_context:host-associated context	anatomical_material|environment_broad_scale|environment_local_scale|environment_medium|food_commodity|host_context|sample_material|source_context
Isolation_Source_SD	Krylava reservoir	environment_local_scale		environment_local_scale:local environmental or facility feature	high	compatible	Environment_Local_Scale_SD	false	false	additive_axis_enrichment	1	environment_local_scale:local environmental or facility feature	anatomical_material|environment_broad_scale|environment_local_scale|environment_medium|food_commodity|host_context|sample_material|source_context
Isolation_Source_SD	Kusaya gravy (fermented brine used for the production dried fish)	host_context		host_context:host-associated context	high	compatible	Host_Context_SD	false	false	additive_axis_enrichment	1	host_context:host-associated context	anatomical_material|environment_broad_scale|environment_local_scale|environment_medium|food_commodity|host_context|sample_material|source_context
Isolation_Source_SD	Lamb Parts (Stew Meat)	food_commodity		food_commodity:explicit food or commodity context	high	compatible	Sample_Type_SD	false	false	additive_axis_enrichment	1	food_commodity:explicit food or commodity context	anatomical_material|environment_broad_scale|environment_local_scale|environment_medium|food_commodity|host_context|sample_material|source_context
Isolation_Source_SD	Lift/grab bars , Facility 1000	environment_local_scale		environment_local_scale:local environmental or facility feature	high	compatible	Environment_Local_Scale_SD	false	false	additive_axis_enrichment	1	environment_local_scale:local environmental or facility feature	anatomical_material|environment_broad_scale|environment_local_scale|environment_medium|food_commodity|host_context|sample_material|source_context
Isolation_Source_SD	Lift/grab bars , Facility 2000	environment_local_scale		environment_local_scale:local environmental or facility feature	high	compatible	Environment_Local_Scale_SD	false	false	additive_axis_enrichment	1	environment_local_scale:local environmental or facility feature	anatomical_material|environment_broad_scale|environment_local_scale|environment_medium|food_commodity|host_context|sample_material|source_context
Isolation_Source_SD	MIDDLE OF FLOOR SMOKE ROOM DRA	environment_local_scale		environment_local_scale:local environmental or facility feature	high	compatible	Environment_Local_Scale_SD	false	false	additive_axis_enrichment	1	environment_local_scale:local environmental or facility feature	anatomical_material|environment_broad_scale|environment_local_scale|environment_medium|food_commodity|host_context|sample_material|source_context
Isolation_Source_SD	Market hog	environment_local_scale		environment_local_scale:local environmental or facility feature	high	compatible	Environment_Local_Scale_SD	false	false	additive_axis_enrichment	1	environment_local_scale:local environmental or facility feature	anatomical_material|environment_broad_scale|environment_local_scale|environment_medium|food_commodity|host_context|sample_material|source_context
Isolation_Source_SD	Mat , Facility 1000	environment_local_scale		environment_local_scale:local environmental or facility feature	high	compatible	Environment_Local_Scale_SD	false	false	additive_axis_enrichment	1	environment_local_scale:local environmental or facility feature	anatomical_material|environment_broad_scale|environment_local_scale|environment_medium|food_commodity|host_context|sample_material|source_context
Isolation_Source_SD	NFC -SMOKER FLOOR	environment_local_scale		environment_local_scale:local environmental or facility feature	high	compatible	Environment_Local_Scale_SD	false	false	additive_axis_enrichment	1	environment_local_scale:local environmental or facility feature	anatomical_material|environment_broad_scale|environment_local_scale|environment_medium|food_commodity|host_context|sample_material|source_context
Isolation_Source_SD	Nail (Handler of pressed Beef)	food_commodity		food_commodity:explicit food or commodity context	high	compatible	Sample_Type_SD	false	false	additive_axis_enrichment	1	food_commodity:explicit food or commodity context	anatomical_material|environment_broad_scale|environment_local_scale|environment_medium|food_commodity|host_context|sample_material|source_context
Isolation_Source_SD	National Veterinary Research Institute PIWet Puawy (animal origin)	host_context		host_context:host-associated context	high	compatible	Host_Context_SD	false	false	additive_axis_enrichment	1	host_context:host-associated context	anatomical_material|environment_broad_scale|environment_local_scale|environment_medium|food_commodity|host_context|sample_material|source_context
Isolation_Source_SD	Oil reservoir	environment_local_scale		environment_local_scale:local environmental or facility feature	high	compatible	Environment_Local_Scale_SD	false	false	additive_axis_enrichment	1	environment_local_scale:local environmental or facility feature	anatomical_material|environment_broad_scale|environment_local_scale|environment_medium|food_commodity|host_context|sample_material|source_context
Isolation_Source_SD	Oil reservoir model column	environment_local_scale		environment_local_scale:local environmental or facility feature	high	compatible	Environment_Local_Scale_SD	false	false	additive_axis_enrichment	1	environment_local_scale:local environmental or facility feature	anatomical_material|environment_broad_scale|environment_local_scale|environment_medium|food_commodity|host_context|sample_material|source_context
Isolation_Source_SD	Oxygen cage floor	environment_local_scale		environment_local_scale:local environmental or facility feature	high	compatible	Environment_Local_Scale_SD	false	false	additive_axis_enrichment	1	environment_local_scale:local environmental or facility feature	anatomical_material|environment_broad_scale|environment_local_scale|environment_medium|food_commodity|host_context|sample_material|source_context
Isolation_Source_SD	Participant cell , Facility 1000	environment_local_scale		environment_local_scale:local environmental or facility feature	high	compatible	Environment_Local_Scale_SD	false	false	additive_axis_enrichment	1	environment_local_scale:local environmental or facility feature	anatomical_material|environment_broad_scale|environment_local_scale|environment_medium|food_commodity|host_context|sample_material|source_context
Isolation_Source_SD	Participant hand , Facility 3000	environment_local_scale		environment_local_scale:local environmental or facility feature	high	compatible	Environment_Local_Scale_SD	false	false	additive_axis_enrichment	1	environment_local_scale:local environmental or facility feature	anatomical_material|environment_broad_scale|environment_local_scale|environment_medium|food_commodity|host_context|sample_material|source_context
Isolation_Source_SD	Pelvic floor	environment_local_scale		environment_local_scale:local environmental or facility feature	high	compatible	Environment_Local_Scale_SD	false	false	additive_axis_enrichment	1	environment_local_scale:local environmental or facility feature	anatomical_material|environment_broad_scale|environment_local_scale|environment_medium|food_commodity|host_context|sample_material|source_context
Isolation_Source_SD	Prachaniwet Market	environment_local_scale		environment_local_scale:local environmental or facility feature	high	compatible	Environment_Local_Scale_SD	false	false	additive_axis_enrichment	1	environment_local_scale:local environmental or facility feature	anatomical_material|environment_broad_scale|environment_local_scale|environment_medium|food_commodity|host_context|sample_material|source_context
Isolation_Source_SD	Preparation zone II. Floor	environment_local_scale		environment_local_scale:local environmental or facility feature	high	compatible	Environment_Local_Scale_SD	false	false	additive_axis_enrichment	1	environment_local_scale:local environmental or facility feature	anatomical_material|environment_broad_scale|environment_local_scale|environment_medium|food_commodity|host_context|sample_material|source_context
Isolation_Source_SD	Primate, Wild Animal, Golden Lion Tamarin Monkey	host_context		host_context:host-associated context	high	compatible	Host_Context_SD	false	false	additive_axis_enrichment	1	host_context:host-associated context	anatomical_material|environment_broad_scale|environment_local_scale|environment_medium|food_commodity|host_context|sample_material|source_context
Isolation_Source_SD	Prosthetic , Facility 1000	environment_local_scale		environment_local_scale:local environmental or facility feature	high	compatible	Environment_Local_Scale_SD	false	false	additive_axis_enrichment	1	environment_local_scale:local environmental or facility feature	anatomical_material|environment_broad_scale|environment_local_scale|environment_medium|food_commodity|host_context|sample_material|source_context
Isolation_Source_SD	Pulse ox , Facility 1000	environment_local_scale		environment_local_scale:local environmental or facility feature	high	compatible	Environment_Local_Scale_SD	false	false	additive_axis_enrichment	1	environment_local_scale:local environmental or facility feature	anatomical_material|environment_broad_scale|environment_local_scale|environment_medium|food_commodity|host_context|sample_material|source_context
Isolation_Source_SD	Pulse ox , Facility 2000	environment_local_scale		environment_local_scale:local environmental or facility feature	high	compatible	Environment_Local_Scale_SD	false	false	additive_axis_enrichment	1	environment_local_scale:local environmental or facility feature	anatomical_material|environment_broad_scale|environment_local_scale|environment_medium|food_commodity|host_context|sample_material|source_context
Isolation_Source_SD	R elbow synovial fluid.	sample_material		sample_material:physical specimen/material	high	compatible	Sample_Material_SD|Sample_Type_SD	false	false	additive_axis_enrichment	1	sample_material:physical specimen/material	anatomical_material|environment_broad_scale|environment_local_scale|environment_medium|food_commodity|host_context|sample_material|source_context
Isolation_Source_SD	Ragi-local market	environment_local_scale		environment_local_scale:local environmental or facility feature	high	compatible	Environment_Local_Scale_SD	false	false	additive_axis_enrichment	1	environment_local_scale:local environmental or facility feature	anatomical_material|environment_broad_scale|environment_local_scale|environment_medium|food_commodity|host_context|sample_material|source_context
Isolation_Source_SD	Reptile, Wild Animal, Agamid	host_context		host_context:host-associated context	high	compatible	Host_Context_SD	false	false	additive_axis_enrichment	1	host_context:host-associated context	anatomical_material|environment_broad_scale|environment_local_scale|environment_medium|food_commodity|host_context|sample_material|source_context
Isolation_Source_SD	Reptile, Wild Animal, Halys viper	host_context		host_context:host-associated context	high	compatible	Host_Context_SD	false	false	additive_axis_enrichment	1	host_context:host-associated context	anatomical_material|environment_broad_scale|environment_local_scale|environment_medium|food_commodity|host_context|sample_material|source_context
Isolation_Source_SD	Reptile, Wild Animal, Lizard	host_context		host_context:host-associated context	high	compatible	Host_Context_SD	false	false	additive_axis_enrichment	1	host_context:host-associated context	anatomical_material|environment_broad_scale|environment_local_scale|environment_medium|food_commodity|host_context|sample_material|source_context
Isolation_Source_SD	Reptile, Wild Animal, Terrapin	host_context		host_context:host-associated context	high	compatible	Host_Context_SD	false	false	additive_axis_enrichment	1	host_context:host-associated context	anatomical_material|environment_broad_scale|environment_local_scale|environment_medium|food_commodity|host_context|sample_material|source_context
Isolation_Source_SD	Reptile, Wild Animal, Turtle	host_context		host_context:host-associated context	high	compatible	Host_Context_SD	false	false	additive_axis_enrichment	1	host_context:host-associated context	anatomical_material|environment_broad_scale|environment_local_scale|environment_medium|food_commodity|host_context|sample_material|source_context
Isolation_Source_SD	Rice-straw residue from a methanogenic reactor treating waste from cattle farms	host_context		host_context:host-associated context	high	compatible	Host_Context_SD	false	false	additive_axis_enrichment	1	host_context:host-associated context	anatomical_material|environment_broad_scale|environment_local_scale|environment_medium|food_commodity|host_context|sample_material|source_context
Isolation_Source_SD	Rice-straw residue obtained from a methanogenic reactor treating waste collected from cattle farms	host_context		host_context:host-associated context	high	compatible	Host_Context_SD	false	false	additive_axis_enrichment	1	host_context:host-associated context	anatomical_material|environment_broad_scale|environment_local_scale|environment_medium|food_commodity|host_context|sample_material|source_context
Isolation_Source_SD	Right hip (fluid)	sample_material		sample_material:physical specimen/material	high	compatible	Sample_Material_SD|Sample_Type_SD	false	false	additive_axis_enrichment	1	sample_material:physical specimen/material	anatomical_material|environment_broad_scale|environment_local_scale|environment_medium|food_commodity|host_context|sample_material|source_context
Isolation_Source_SD	Right knee synovial fluid.	sample_material		sample_material:physical specimen/material	high	compatible	Sample_Material_SD|Sample_Type_SD	false	false	additive_axis_enrichment	1	sample_material:physical specimen/material	anatomical_material|environment_broad_scale|environment_local_scale|environment_medium|food_commodity|host_context|sample_material|source_context
Isolation_Source_SD	SEAM IN FLOOR NEAR VACUUM MACH	environment_local_scale		environment_local_scale:local environmental or facility feature	high	compatible	Environment_Local_Scale_SD	false	false	additive_axis_enrichment	1	environment_local_scale:local environmental or facility feature	anatomical_material|environment_broad_scale|environment_local_scale|environment_medium|food_commodity|host_context|sample_material|source_context
Isolation_Source_SD	Sauerkraut from a local market within the Moscow region of Russia	environment_local_scale		environment_local_scale:local environmental or facility feature	high	compatible	Environment_Local_Scale_SD	false	false	additive_axis_enrichment	1	environment_local_scale:local environmental or facility feature	anatomical_material|environment_broad_scale|environment_local_scale|environment_medium|food_commodity|host_context|sample_material|source_context
Isolation_Source_SD	Scabs from cattle, North Rhodesia	host_context		host_context:host-associated context	high	compatible	Host_Context_SD	false	false	additive_axis_enrichment	1	host_context:host-associated context	anatomical_material|environment_broad_scale|environment_local_scale|environment_medium|food_commodity|host_context|sample_material|source_context
Isolation_Source_SD	Silt in the tailings reservoir area	environment_local_scale		environment_local_scale:local environmental or facility feature	high	compatible	Environment_Local_Scale_SD	false	false	additive_axis_enrichment	1	environment_local_scale:local environmental or facility feature	anatomical_material|environment_broad_scale|environment_local_scale|environment_medium|food_commodity|host_context|sample_material|source_context
Isolation_Source_SD	Slide board , Facility 1000	environment_local_scale		environment_local_scale:local environmental or facility feature	high	compatible	Environment_Local_Scale_SD	false	false	additive_axis_enrichment	1	environment_local_scale:local environmental or facility feature	anatomical_material|environment_broad_scale|environment_local_scale|environment_medium|food_commodity|host_context|sample_material|source_context
Isolation_Source_SD	Sock aid , Facility 2000	environment_local_scale		environment_local_scale:local environmental or facility feature	high	compatible	Environment_Local_Scale_SD	false	false	additive_axis_enrichment	1	environment_local_scale:local environmental or facility feature	anatomical_material|environment_broad_scale|environment_local_scale|environment_medium|food_commodity|host_context|sample_material|source_context
Isolation_Source_SD	Soft rock inside the cave	environment_local_scale		environment_local_scale:local environmental or facility feature	high	compatible	Environment_Local_Scale_SD	false	false	additive_axis_enrichment	1	environment_local_scale:local environmental or facility feature	anatomical_material|environment_broad_scale|environment_local_scale|environment_medium|food_commodity|host_context|sample_material|source_context
Isolation_Source_SD	Som fak (Thai fermented fish)	host_context		host_context:host-associated context	high	compatible	Host_Context_SD	false	false	additive_axis_enrichment	1	host_context:host-associated context	anatomical_material|environment_broad_scale|environment_local_scale|environment_medium|food_commodity|host_context|sample_material|source_context
Isolation_Source_SD	Sturgeon (fish)	host_context		host_context:host-associated context	high	compatible	Host_Context_SD	false	false	additive_axis_enrichment	1	host_context:host-associated context	anatomical_material|environment_broad_scale|environment_local_scale|environment_medium|food_commodity|host_context|sample_material|source_context
Isolation_Source_SD	Subcutaneous Reservoir	environment_local_scale		environment_local_scale:local environmental or facility feature	high	compatible	Environment_Local_Scale_SD	false	false	additive_axis_enrichment	1	environment_local_scale:local environmental or facility feature	anatomical_material|environment_broad_scale|environment_local_scale|environment_medium|food_commodity|host_context|sample_material|source_context
Isolation_Source_SD	Swine dysentery	host_context		host_context:host-associated context	high	compatible	Host_Context_SD	false	false	additive_axis_enrichment	1	host_context:host-associated context	anatomical_material|environment_broad_scale|environment_local_scale|environment_medium|food_commodity|host_context|sample_material|source_context
Isolation_Source_SD	Tao Poon Market	environment_local_scale		environment_local_scale:local environmental or facility feature	high	compatible	Environment_Local_Scale_SD	false	false	additive_axis_enrichment	1	environment_local_scale:local environmental or facility feature	anatomical_material|environment_broad_scale|environment_local_scale|environment_medium|food_commodity|host_context|sample_material|source_context
Isolation_Source_SD	Tilapia flesh, Wet market stall	environment_local_scale		environment_local_scale:local environmental or facility feature	high	compatible	Environment_Local_Scale_SD	false	false	additive_axis_enrichment	1	environment_local_scale:local environmental or facility feature	anatomical_material|environment_broad_scale|environment_local_scale|environment_medium|food_commodity|host_context|sample_material|source_context
Isolation_Source_SD	Toilet seat , Facility 3000	environment_local_scale		environment_local_scale:local environmental or facility feature	high	compatible	Environment_Local_Scale_SD	false	false	additive_axis_enrichment	1	environment_local_scale:local environmental or facility feature	anatomical_material|environment_broad_scale|environment_local_scale|environment_medium|food_commodity|host_context|sample_material|source_context
Isolation_Source_SD	Transport chair , Facility 1000	environment_local_scale		environment_local_scale:local environmental or facility feature	high	compatible	Environment_Local_Scale_SD	false	false	additive_axis_enrichment	1	environment_local_scale:local environmental or facility feature	anatomical_material|environment_broad_scale|environment_local_scale|environment_medium|food_commodity|host_context|sample_material|source_context
Isolation_Source_SD	UCSB animal house	host_context		host_context:host-associated context	high	compatible	Host_Context_SD	false	false	additive_axis_enrichment	1	host_context:host-associated context	anatomical_material|environment_broad_scale|environment_local_scale|environment_medium|food_commodity|host_context|sample_material|source_context
Isolation_Source_SD	Uterine Body Plus Contents	sample_material		sample_material:physical specimen/material	high	compatible	Sample_Material_SD|Sample_Type_SD	false	false	additive_axis_enrichment	1	sample_material:physical specimen/material	anatomical_material|environment_broad_scale|environment_local_scale|environment_medium|food_commodity|host_context|sample_material|source_context
Isolation_Source_SD	VACUUM CONTENTS	sample_material		sample_material:physical specimen/material	high	compatible	Sample_Material_SD|Sample_Type_SD	false	false	additive_axis_enrichment	1	sample_material:physical specimen/material	anatomical_material|environment_broad_scale|environment_local_scale|environment_medium|food_commodity|host_context|sample_material|source_context
Isolation_Source_SD	WPCP 1 2329 Danielsville-Colbert Rd, past the Madison/Oglethorpe Animal Shelter	host_context		host_context:host-associated context	high	compatible	Host_Context_SD	false	false	additive_axis_enrichment	1	host_context:host-associated context	anatomical_material|environment_broad_scale|environment_local_scale|environment_medium|food_commodity|host_context|sample_material|source_context
Isolation_Source_SD	Wall of a cave	environment_local_scale		environment_local_scale:local environmental or facility feature	high	compatible	Environment_Local_Scale_SD	false	false	additive_axis_enrichment	1	environment_local_scale:local environmental or facility feature	anatomical_material|environment_broad_scale|environment_local_scale|environment_medium|food_commodity|host_context|sample_material|source_context
Isolation_Source_SD	Weanling pig	host_context		host_context:host-associated context	high	compatible	Host_Context_SD	false	false	additive_axis_enrichment	1	host_context:host-associated context	anatomical_material|environment_broad_scale|environment_local_scale|environment_medium|food_commodity|host_context|sample_material|source_context
Isolation_Source_SD	Wrist weights , Facility 1000	environment_local_scale		environment_local_scale:local environmental or facility feature	high	compatible	Environment_Local_Scale_SD	false	false	additive_axis_enrichment	1	environment_local_scale:local environmental or facility feature	anatomical_material|environment_broad_scale|environment_local_scale|environment_medium|food_commodity|host_context|sample_material|source_context
Isolation_Source_SD	Young adult whole animal	host_context		host_context:host-associated context	high	compatible	Host_Context_SD	false	false	additive_axis_enrichment	1	host_context:host-associated context	anatomical_material|environment_broad_scale|environment_local_scale|environment_medium|food_commodity|host_context|sample_material|source_context
Isolation_Source_SD	abomasal content	sample_material		sample_material:physical specimen/material	high	compatible	Sample_Material_SD|Sample_Type_SD	false	false	additive_axis_enrichment	1	sample_material:physical specimen/material	anatomical_material|environment_broad_scale|environment_local_scale|environment_medium|food_commodity|host_context|sample_material|source_context
Isolation_Source_SD	adult insects fed liquid diet (100% cellulose matrix soaked in 11% saccharose in water)	environment_medium		environment_medium:environmental medium	high	compatible	Environment_Medium_SD	false	false	additive_axis_enrichment	1	environment_medium:environmental medium	anatomical_material|environment_broad_scale|environment_local_scale|environment_medium|food_commodity|host_context|sample_material|source_context
Isolation_Source_SD	animal calf formula fed veal	host_context		host_context:host-associated context	high	compatible	Host_Context_SD	false	false	additive_axis_enrichment	1	host_context:host-associated context	anatomical_material|environment_broad_scale|environment_local_scale|environment_medium|food_commodity|host_context|sample_material|source_context
Isolation_Source_SD	animal cloacal swabs	host_context		host_context:host-associated context	high	compatible	Host_Context_SD	false	false	additive_axis_enrichment	1	host_context:host-associated context	anatomical_material|environment_broad_scale|environment_local_scale|environment_medium|food_commodity|host_context|sample_material|source_context
Isolation_Source_SD	animal droppings	host_context		host_context:host-associated context	high	compatible	Host_Context_SD	false	false	additive_axis_enrichment	1	host_context:host-associated context	anatomical_material|environment_broad_scale|environment_local_scale|environment_medium|food_commodity|host_context|sample_material|source_context
Isolation_Source_SD	animal dung	host_context		host_context:host-associated context	high	compatible	Host_Context_SD	false	false	additive_axis_enrichment	1	host_context:host-associated context	anatomical_material|environment_broad_scale|environment_local_scale|environment_medium|food_commodity|host_context|sample_material|source_context
Isolation_Source_SD	animal facilities of Max-Planck-Institute for Evolutionary Biology	host_context		host_context:host-associated context	high	compatible	Host_Context_SD	false	false	additive_axis_enrichment	1	host_context:host-associated context	anatomical_material|environment_broad_scale|environment_local_scale|environment_medium|food_commodity|host_context|sample_material|source_context
Isolation_Source_SD	animal feed bison pellet	host_context		host_context:host-associated context	high	compatible	Host_Context_SD	false	false	additive_axis_enrichment	1	host_context:host-associated context	anatomical_material|environment_broad_scale|environment_local_scale|environment_medium|food_commodity|host_context|sample_material|source_context
Isolation_Source_SD	animal feed bulk protein	host_context		host_context:host-associated context	high	compatible	Host_Context_SD	false	false	additive_axis_enrichment	1	host_context:host-associated context	anatomical_material|environment_broad_scale|environment_local_scale|environment_medium|food_commodity|host_context|sample_material|source_context
Isolation_Source_SD	animal feed compressed pellet	host_context		host_context:host-associated context	high	compatible	Host_Context_SD	false	false	additive_axis_enrichment	1	host_context:host-associated context	anatomical_material|environment_broad_scale|environment_local_scale|environment_medium|food_commodity|host_context|sample_material|source_context
Isolation_Source_SD	animal feed dried senna pod	host_context		host_context:host-associated context	high	compatible	Host_Context_SD	false	false	additive_axis_enrichment	1	host_context:host-associated context	anatomical_material|environment_broad_scale|environment_local_scale|environment_medium|food_commodity|host_context|sample_material|source_context
Isolation_Source_SD	animal feed hen	host_context		host_context:host-associated context	high	compatible	Host_Context_SD	false	false	additive_axis_enrichment	1	host_context:host-associated context	anatomical_material|environment_broad_scale|environment_local_scale|environment_medium|food_commodity|host_context|sample_material|source_context
Isolation_Source_SD	animal feed layer	host_context		host_context:host-associated context	high	compatible	Host_Context_SD	false	false	additive_axis_enrichment	1	host_context:host-associated context	anatomical_material|environment_broad_scale|environment_local_scale|environment_medium|food_commodity|host_context|sample_material|source_context
Isolation_Source_SD	animal feed laying mash	host_context		host_context:host-associated context	high	compatible	Host_Context_SD	false	false	additive_axis_enrichment	1	host_context:host-associated context	anatomical_material|environment_broad_scale|environment_local_scale|environment_medium|food_commodity|host_context|sample_material|source_context
Isolation_Source_SD	animal feed ovine meal	host_context		host_context:host-associated context	high	compatible	Host_Context_SD	false	false	additive_axis_enrichment	1	host_context:host-associated context	anatomical_material|environment_broad_scale|environment_local_scale|environment_medium|food_commodity|host_context|sample_material|source_context
Isolation_Source_SD	animal feed soybean hull	host_context		host_context:host-associated context	high	compatible	Host_Context_SD	false	false	additive_axis_enrichment	1	host_context:host-associated context	anatomical_material|environment_broad_scale|environment_local_scale|environment_medium|food_commodity|host_context|sample_material|source_context
Isolation_Source_SD	animal feed sweet oat	host_context		host_context:host-associated context	high	compatible	Host_Context_SD	false	false	additive_axis_enrichment	1	host_context:host-associated context	anatomical_material|environment_broad_scale|environment_local_scale|environment_medium|food_commodity|host_context|sample_material|source_context
Isolation_Source_SD	animal feed vitamin supplement	host_context		host_context:host-associated context	high	compatible	Host_Context_SD	false	false	additive_axis_enrichment	1	host_context:host-associated context	anatomical_material|environment_broad_scale|environment_local_scale|environment_medium|food_commodity|host_context|sample_material|source_context
Isolation_Source_SD	animal feed zoo diet	host_context		host_context:host-associated context	high	compatible	Host_Context_SD	false	false	additive_axis_enrichment	1	host_context:host-associated context	anatomical_material|environment_broad_scale|environment_local_scale|environment_medium|food_commodity|host_context|sample_material|source_context
Isolation_Source_SD	animal feed, bulk ground corn	host_context		host_context:host-associated context	high	compatible	Host_Context_SD	false	false	additive_axis_enrichment	1	host_context:host-associated context	anatomical_material|environment_broad_scale|environment_local_scale|environment_medium|food_commodity|host_context|sample_material|source_context
Isolation_Source_SD	animal feed, soybean meal	host_context		host_context:host-associated context	high	compatible	Host_Context_SD	false	false	additive_axis_enrichment	1	host_context:host-associated context	anatomical_material|environment_broad_scale|environment_local_scale|environment_medium|food_commodity|host_context|sample_material|source_context
Isolation_Source_SD	animal scat	host_context		host_context:host-associated context	high	compatible	Host_Context_SD	false	false	additive_axis_enrichment	1	host_context:host-associated context	anatomical_material|environment_broad_scale|environment_local_scale|environment_medium|food_commodity|host_context|sample_material|source_context
Isolation_Source_SD	aquaculture (freshwater)	environment_medium		environment_medium:environmental medium	high	compatible	Environment_Medium_SD	false	false	additive_axis_enrichment	1	environment_medium:environmental medium	anatomical_material|environment_broad_scale|environment_local_scale|environment_medium|food_commodity|host_context|sample_material|source_context
Isolation_Source_SD	aquaculture facility biome [ENVO:01000062]	environment_local_scale		environment_local_scale:local environmental or facility feature	high	compatible	Environment_Local_Scale_SD	false	false	additive_axis_enrichment	1	environment_local_scale:local environmental or facility feature	anatomical_material|environment_broad_scale|environment_local_scale|environment_medium|food_commodity|host_context|sample_material|source_context
Isolation_Source_SD	belly cave	environment_local_scale		environment_local_scale:local environmental or facility feature	high	compatible	Environment_Local_Scale_SD	false	false	additive_axis_enrichment	1	environment_local_scale:local environmental or facility feature	anatomical_material|environment_broad_scale|environment_local_scale|environment_medium|food_commodity|host_context|sample_material|source_context
Isolation_Source_SD	bulk soyplus animal feed	host_context		host_context:host-associated context	high	compatible	Host_Context_SD	false	false	additive_axis_enrichment	1	host_context:host-associated context	anatomical_material|environment_broad_scale|environment_local_scale|environment_medium|food_commodity|host_context|sample_material|source_context
Isolation_Source_SD	bursa content	sample_material		sample_material:physical specimen/material	high	compatible	Sample_Material_SD|Sample_Type_SD	false	false	additive_axis_enrichment	1	sample_material:physical specimen/material	anatomical_material|environment_broad_scale|environment_local_scale|environment_medium|food_commodity|host_context|sample_material|source_context
Isolation_Source_SD	canola meal animal feed	host_context		host_context:host-associated context	high	compatible	Host_Context_SD	false	false	additive_axis_enrichment	1	host_context:host-associated context	anatomical_material|environment_broad_scale|environment_local_scale|environment_medium|food_commodity|host_context|sample_material|source_context
Isolation_Source_SD	cave biome	environment_local_scale		environment_local_scale:local environmental or facility feature	high	compatible	Environment_Local_Scale_SD	false	false	additive_axis_enrichment	1	environment_local_scale:local environmental or facility feature	anatomical_material|environment_broad_scale|environment_local_scale|environment_medium|food_commodity|host_context|sample_material|source_context
Isolation_Source_SD	cave community	environment_local_scale		environment_local_scale:local environmental or facility feature	high	compatible	Environment_Local_Scale_SD	false	false	additive_axis_enrichment	1	environment_local_scale:local environmental or facility feature	anatomical_material|environment_broad_scale|environment_local_scale|environment_medium|food_commodity|host_context|sample_material|source_context
Isolation_Source_SD	cave entrance	environment_local_scale		environment_local_scale:local environmental or facility feature	high	compatible	Environment_Local_Scale_SD	false	false	additive_axis_enrichment	1	environment_local_scale:local environmental or facility feature	anatomical_material|environment_broad_scale|environment_local_scale|environment_medium|food_commodity|host_context|sample_material|source_context
Isolation_Source_SD	cave walls	environment_local_scale		environment_local_scale:local environmental or facility feature	high	compatible	Environment_Local_Scale_SD	false	false	additive_axis_enrichment	1	environment_local_scale:local environmental or facility feature	anatomical_material|environment_broad_scale|environment_local_scale|environment_medium|food_commodity|host_context|sample_material|source_context
Isolation_Source_SD	city market	environment_local_scale		environment_local_scale:local environmental or facility feature	high	compatible	Environment_Local_Scale_SD	false	false	additive_axis_enrichment	1	environment_local_scale:local environmental or facility feature	anatomical_material|environment_broad_scale|environment_local_scale|environment_medium|food_commodity|host_context|sample_material|source_context
Isolation_Source_SD	cold storage room floor	environment_local_scale		environment_local_scale:local environmental or facility feature	high	compatible	Environment_Local_Scale_SD	false	false	additive_axis_enrichment	1	environment_local_scale:local environmental or facility feature	anatomical_material|environment_broad_scale|environment_local_scale|environment_medium|food_commodity|host_context|sample_material|source_context
Isolation_Source_SD	colic surgical floor	environment_local_scale		environment_local_scale:local environmental or facility feature	high	compatible	Environment_Local_Scale_SD	false	false	additive_axis_enrichment	1	environment_local_scale:local environmental or facility feature	anatomical_material|environment_broad_scale|environment_local_scale|environment_medium|food_commodity|host_context|sample_material|source_context
Isolation_Source_SD	colonic content	sample_material		sample_material:physical specimen/material	high	compatible	Sample_Material_SD|Sample_Type_SD	false	false	additive_axis_enrichment	1	sample_material:physical specimen/material	anatomical_material|environment_broad_scale|environment_local_scale|environment_medium|food_commodity|host_context|sample_material|source_context
Isolation_Source_SD	cow dung	host_context		host_context:host-associated context	high	compatible	Host_Context_SD	false	false	additive_axis_enrichment	1	host_context:host-associated context	anatomical_material|environment_broad_scale|environment_local_scale|environment_medium|food_commodity|host_context|sample_material|source_context
Isolation_Source_SD	crack in floor at junction	environment_local_scale		environment_local_scale:local environmental or facility feature	high	compatible	Environment_Local_Scale_SD	false	false	additive_axis_enrichment	1	environment_local_scale:local environmental or facility feature	anatomical_material|environment_broad_scale|environment_local_scale|environment_medium|food_commodity|host_context|sample_material|source_context
Isolation_Source_SD	damp rock above a pool in the cave	environment_local_scale		environment_local_scale:local environmental or facility feature	high	compatible	Environment_Local_Scale_SD	false	false	additive_axis_enrichment	1	environment_local_scale:local environmental or facility feature	anatomical_material|environment_broad_scale|environment_local_scale|environment_medium|food_commodity|host_context|sample_material|source_context
Isolation_Source_SD	domestic pigeon from market square	environment_local_scale		environment_local_scale:local environmental or facility feature	high	compatible	Environment_Local_Scale_SD	false	false	additive_axis_enrichment	1	environment_local_scale:local environmental or facility feature	anatomical_material|environment_broad_scale|environment_local_scale|environment_medium|food_commodity|host_context|sample_material|source_context
Isolation_Source_SD	drag (farm)	environment_local_scale		environment_local_scale:local environmental or facility feature	high	compatible	Environment_Local_Scale_SD	false	false	additive_axis_enrichment	1	environment_local_scale:local environmental or facility feature	anatomical_material|environment_broad_scale|environment_local_scale|environment_medium|food_commodity|host_context|sample_material|source_context
Isolation_Source_SD	dry rock wall scrape from sinkhole in cave	environment_local_scale		environment_local_scale:local environmental or facility feature	high	compatible	Environment_Local_Scale_SD	false	false	additive_axis_enrichment	1	environment_local_scale:local environmental or facility feature	anatomical_material|environment_broad_scale|environment_local_scale|environment_medium|food_commodity|host_context|sample_material|source_context
Isolation_Source_SD	egg product	food_commodity		food_commodity:explicit food or commodity context	high	compatible	Sample_Type_SD	false	false	additive_axis_enrichment	1	food_commodity:explicit food or commodity context	anatomical_material|environment_broad_scale|environment_local_scale|environment_medium|food_commodity|host_context|sample_material|source_context
Isolation_Source_SD	feed to animal	host_context		host_context:host-associated context	high	compatible	Host_Context_SD	false	false	additive_axis_enrichment	1	host_context:host-associated context	anatomical_material|environment_broad_scale|environment_local_scale|environment_medium|food_commodity|host_context|sample_material|source_context
Isolation_Source_SD	floor at back entrance	environment_local_scale		environment_local_scale:local environmental or facility feature	high	compatible	Environment_Local_Scale_SD	false	false	additive_axis_enrichment	1	environment_local_scale:local environmental or facility feature	anatomical_material|environment_broad_scale|environment_local_scale|environment_medium|food_commodity|host_context|sample_material|source_context
Isolation_Source_SD	floor cold storage room	environment_local_scale		environment_local_scale:local environmental or facility feature	high	compatible	Environment_Local_Scale_SD	false	false	additive_axis_enrichment	1	environment_local_scale:local environmental or facility feature	anatomical_material|environment_broad_scale|environment_local_scale|environment_medium|food_commodity|host_context|sample_material|source_context
Isolation_Source_SD	floor in dry aisle	environment_local_scale		environment_local_scale:local environmental or facility feature	high	compatible	Environment_Local_Scale_SD	false	false	additive_axis_enrichment	1	environment_local_scale:local environmental or facility feature	anatomical_material|environment_broad_scale|environment_local_scale|environment_medium|food_commodity|host_context|sample_material|source_context
Isolation_Source_SD	floor in expedition room	environment_local_scale		environment_local_scale:local environmental or facility feature	high	compatible	Environment_Local_Scale_SD	false	false	additive_axis_enrichment	1	environment_local_scale:local environmental or facility feature	anatomical_material|environment_broad_scale|environment_local_scale|environment_medium|food_commodity|host_context|sample_material|source_context
Isolation_Source_SD	floor in weaning pigs' house	environment_local_scale		environment_local_scale:local environmental or facility feature	high	compatible	Environment_Local_Scale_SD	false	false	additive_axis_enrichment	1	environment_local_scale:local environmental or facility feature	anatomical_material|environment_broad_scale|environment_local_scale|environment_medium|food_commodity|host_context|sample_material|source_context
Isolation_Source_SD	floor mat	environment_local_scale		environment_local_scale:local environmental or facility feature	high	compatible	Environment_Local_Scale_SD	false	false	additive_axis_enrichment	1	environment_local_scale:local environmental or facility feature	anatomical_material|environment_broad_scale|environment_local_scale|environment_medium|food_commodity|host_context|sample_material|source_context
Isolation_Source_SD	floor space deli counter area	environment_local_scale		environment_local_scale:local environmental or facility feature	high	compatible	Environment_Local_Scale_SD	false	false	additive_axis_enrichment	1	environment_local_scale:local environmental or facility feature	anatomical_material|environment_broad_scale|environment_local_scale|environment_medium|food_commodity|host_context|sample_material|source_context
Isolation_Source_SD	floor under hood vent	environment_local_scale		environment_local_scale:local environmental or facility feature	high	compatible	Environment_Local_Scale_SD	false	false	additive_axis_enrichment	1	environment_local_scale:local environmental or facility feature	anatomical_material|environment_broad_scale|environment_local_scale|environment_medium|food_commodity|host_context|sample_material|source_context
Isolation_Source_SD	forest floor	environment_local_scale		environment_local_scale:local environmental or facility feature	high	compatible	Environment_Local_Scale_SD	false	false	additive_axis_enrichment	1	environment_local_scale:local environmental or facility feature	anatomical_material|environment_broad_scale|environment_local_scale|environment_medium|food_commodity|host_context|sample_material|source_context
Isolation_Source_SD	freezer floor	environment_local_scale		environment_local_scale:local environmental or facility feature	high	compatible	Environment_Local_Scale_SD	false	false	additive_axis_enrichment	1	environment_local_scale:local environmental or facility feature	anatomical_material|environment_broad_scale|environment_local_scale|environment_medium|food_commodity|host_context|sample_material|source_context
Isolation_Source_SD	fried eel (fish)	host_context		host_context:host-associated context	high	compatible	Host_Context_SD	false	false	additive_axis_enrichment	1	host_context:host-associated context	anatomical_material|environment_broad_scale|environment_local_scale|environment_medium|food_commodity|host_context|sample_material|source_context
Isolation_Source_SD	ground swine	host_context		host_context:host-associated context	high	compatible	Host_Context_SD	false	false	additive_axis_enrichment	1	host_context:host-associated context	anatomical_material|environment_broad_scale|environment_local_scale|environment_medium|food_commodity|host_context|sample_material|source_context
Isolation_Source_SD	guttural pouch contents	sample_material		sample_material:physical specimen/material	high	compatible	Sample_Material_SD|Sample_Type_SD	false	false	additive_axis_enrichment	1	sample_material:physical specimen/material	anatomical_material|environment_broad_scale|environment_local_scale|environment_medium|food_commodity|host_context|sample_material|source_context
Isolation_Source_SD	hand (human)	host_context		host_context:host-associated context	high	compatible	Host_Context_SD	false	false	additive_axis_enrichment	1	host_context:host-associated context	anatomical_material|environment_broad_scale|environment_local_scale|environment_medium|food_commodity|host_context|sample_material|source_context
Isolation_Source_SD	host body (fish)	host_context		host_context:host-associated context	high	compatible	Host_Context_SD	false	false	additive_axis_enrichment	1	host_context:host-associated context	anatomical_material|environment_broad_scale|environment_local_scale|environment_medium|food_commodity|host_context|sample_material|source_context
Isolation_Source_SD	hydrolized feather animal meal	host_context		host_context:host-associated context	high	compatible	Host_Context_SD	false	false	additive_axis_enrichment	1	host_context:host-associated context	anatomical_material|environment_broad_scale|environment_local_scale|environment_medium|food_commodity|host_context|sample_material|source_context
Isolation_Source_SD	intraocular contents	sample_material		sample_material:physical specimen/material	high	compatible	Sample_Material_SD|Sample_Type_SD	false	false	additive_axis_enrichment	1	sample_material:physical specimen/material	anatomical_material|environment_broad_scale|environment_local_scale|environment_medium|food_commodity|host_context|sample_material|source_context
Isolation_Source_SD	jeotgal (Korean fermented food)	food_commodity		food_commodity:explicit food or commodity context	high	compatible	Sample_Type_SD	false	false	additive_axis_enrichment	1	food_commodity:explicit food or commodity context	anatomical_material|environment_broad_scale|environment_local_scale|environment_medium|food_commodity|host_context|sample_material|source_context
Isolation_Source_SD	kelp meal for animal	host_context		host_context:host-associated context	high	compatible	Host_Context_SD	false	false	additive_axis_enrichment	1	host_context:host-associated context	anatomical_material|environment_broad_scale|environment_local_scale|environment_medium|food_commodity|host_context|sample_material|source_context
Isolation_Source_SD	mandibular lymphnode (abscess)	sample_material		sample_material:physical specimen/material	high	compatible	Sample_Material_SD|Sample_Type_SD	false	false	additive_axis_enrichment	1	sample_material:physical specimen/material	anatomical_material|environment_broad_scale|environment_local_scale|environment_medium|food_commodity|host_context|sample_material|source_context
Isolation_Source_SD	meat	food_commodity		food_commodity:explicit food or commodity context	high	compatible	Sample_Type_SD	false	false	additive_axis_enrichment	1	food_commodity:explicit food or commodity context	anatomical_material|environment_broad_scale|environment_local_scale|environment_medium|food_commodity|host_context|sample_material|source_context
Isolation_Source_SD	meleagris floor	environment_local_scale		environment_local_scale:local environmental or facility feature	high	compatible	Environment_Local_Scale_SD	false	false	additive_axis_enrichment	1	environment_local_scale:local environmental or facility feature	anatomical_material|environment_broad_scale|environment_local_scale|environment_medium|food_commodity|host_context|sample_material|source_context
Isolation_Source_SD	midgut content	sample_material		sample_material:physical specimen/material	high	compatible	Sample_Material_SD|Sample_Type_SD	false	false	additive_axis_enrichment	1	sample_material:physical specimen/material	anatomical_material|environment_broad_scale|environment_local_scale|environment_medium|food_commodity|host_context|sample_material|source_context
Isolation_Source_SD	midgut of holothurian from sea floor	environment_local_scale		environment_local_scale:local environmental or facility feature	high	compatible	Environment_Local_Scale_SD	false	false	additive_axis_enrichment	1	environment_local_scale:local environmental or facility feature	anatomical_material|environment_broad_scale|environment_local_scale|environment_medium|food_commodity|host_context|sample_material|source_context
Isolation_Source_SD	mud bottom (0-1cm deep and water deep: 5m)	environment_medium		environment_medium:environmental medium	high	compatible	Environment_Medium_SD	false	false	additive_axis_enrichment	1	environment_medium:environmental medium	anatomical_material|environment_broad_scale|environment_local_scale|environment_medium|food_commodity|host_context|sample_material|source_context
Isolation_Source_SD	near cave entrance, scraping from roof of cave	environment_local_scale		environment_local_scale:local environmental or facility feature	high	compatible	Environment_Local_Scale_SD	false	false	additive_axis_enrichment	1	environment_local_scale:local environmental or facility feature	anatomical_material|environment_broad_scale|environment_local_scale|environment_medium|food_commodity|host_context|sample_material|source_context
Isolation_Source_SD	organ from animal collected by hunter	host_context		host_context:host-associated context	high	compatible	Host_Context_SD	false	false	additive_axis_enrichment	1	host_context:host-associated context	anatomical_material|environment_broad_scale|environment_local_scale|environment_medium|food_commodity|host_context|sample_material|source_context
Isolation_Source_SD	pharmaceutical industry facility'	environment_local_scale		environment_local_scale:local environmental or facility feature	high	compatible	Environment_Local_Scale_SD	false	false	additive_axis_enrichment	1	environment_local_scale:local environmental or facility feature	anatomical_material|environment_broad_scale|environment_local_scale|environment_medium|food_commodity|host_context|sample_material|source_context
Isolation_Source_SD	phosphate buffer (atmospheric dust)	environment_medium		environment_medium:environmental medium	high	compatible	Environment_Medium_SD	false	false	additive_axis_enrichment	1	environment_medium:environmental medium	anatomical_material|environment_broad_scale|environment_local_scale|environment_medium|food_commodity|host_context|sample_material|source_context
Isolation_Source_SD	pieces of stalactites from a lava cave	environment_local_scale		environment_local_scale:local environmental or facility feature	high	compatible	Environment_Local_Scale_SD	false	false	additive_axis_enrichment	1	environment_local_scale:local environmental or facility feature	anatomical_material|environment_broad_scale|environment_local_scale|environment_medium|food_commodity|host_context|sample_material|source_context
Isolation_Source_SD	primate facility	environment_local_scale		environment_local_scale:local environmental or facility feature	high	compatible	Environment_Local_Scale_SD	false	false	additive_axis_enrichment	1	environment_local_scale:local environmental or facility feature	anatomical_material|environment_broad_scale|environment_local_scale|environment_medium|food_commodity|host_context|sample_material|source_context
Isolation_Source_SD	production facility	environment_local_scale		environment_local_scale:local environmental or facility feature	high	compatible	Environment_Local_Scale_SD	false	false	additive_axis_enrichment	1	environment_local_scale:local environmental or facility feature	anatomical_material|environment_broad_scale|environment_local_scale|environment_medium|food_commodity|host_context|sample_material|source_context
Isolation_Source_SD	purulent content	sample_material		sample_material:physical specimen/material	high	compatible	Sample_Material_SD|Sample_Type_SD	false	false	additive_axis_enrichment	1	sample_material:physical specimen/material	anatomical_material|environment_broad_scale|environment_local_scale|environment_medium|food_commodity|host_context|sample_material|source_context
Isolation_Source_SD	render cattle by product	host_context		host_context:host-associated context	high	compatible	Host_Context_SD	false	false	additive_axis_enrichment	1	host_context:host-associated context	anatomical_material|environment_broad_scale|environment_local_scale|environment_medium|food_commodity|host_context|sample_material|source_context
Isolation_Source_SD	reservoir	environment_local_scale		environment_local_scale:local environmental or facility feature	high	compatible	Environment_Local_Scale_SD	false	false	additive_axis_enrichment	1	environment_local_scale:local environmental or facility feature	anatomical_material|environment_broad_scale|environment_local_scale|environment_medium|food_commodity|host_context|sample_material|source_context
Isolation_Source_SD	scraper near floor	environment_local_scale		environment_local_scale:local environmental or facility feature	high	compatible	Environment_Local_Scale_SD	false	false	additive_axis_enrichment	1	environment_local_scale:local environmental or facility feature	anatomical_material|environment_broad_scale|environment_local_scale|environment_medium|food_commodity|host_context|sample_material|source_context
Isolation_Source_SD	scraping from cave wall	environment_local_scale		environment_local_scale:local environmental or facility feature	high	compatible	Environment_Local_Scale_SD	false	false	additive_axis_enrichment	1	environment_local_scale:local environmental or facility feature	anatomical_material|environment_broad_scale|environment_local_scale|environment_medium|food_commodity|host_context|sample_material|source_context
Isolation_Source_SD	sea-animal; barnacle on rock and mussels	host_context		host_context:host-associated context	high	compatible	Host_Context_SD	false	false	additive_axis_enrichment	1	host_context:host-associated context	anatomical_material|environment_broad_scale|environment_local_scale|environment_medium|food_commodity|host_context|sample_material|source_context
Isolation_Source_SD	shoulder animal	host_context		host_context:host-associated context	high	compatible	Host_Context_SD	false	false	additive_axis_enrichment	1	host_context:host-associated context	anatomical_material|environment_broad_scale|environment_local_scale|environment_medium|food_commodity|host_context|sample_material|source_context
Isolation_Source_SD	soft-shelled turtle from agricultural market	environment_local_scale		environment_local_scale:local environmental or facility feature	high	compatible	Environment_Local_Scale_SD	false	false	additive_axis_enrichment	1	environment_local_scale:local environmental or facility feature	anatomical_material|environment_broad_scale|environment_local_scale|environment_medium|food_commodity|host_context|sample_material|source_context
Isolation_Source_SD	soft-shelled turtle, from agricultural market	environment_local_scale		environment_local_scale:local environmental or facility feature	high	compatible	Environment_Local_Scale_SD	false	false	additive_axis_enrichment	1	environment_local_scale:local environmental or facility feature	anatomical_material|environment_broad_scale|environment_local_scale|environment_medium|food_commodity|host_context|sample_material|source_context
Isolation_Source_SD	soy meal animal feed	host_context		host_context:host-associated context	high	compatible	Host_Context_SD	false	false	additive_axis_enrichment	1	host_context:host-associated context	anatomical_material|environment_broad_scale|environment_local_scale|environment_medium|food_commodity|host_context|sample_material|source_context
Isolation_Source_SD	soybean animal meal	host_context		host_context:host-associated context	high	compatible	Host_Context_SD	false	false	additive_axis_enrichment	1	host_context:host-associated context	anatomical_material|environment_broad_scale|environment_local_scale|environment_medium|food_commodity|host_context|sample_material|source_context
Isolation_Source_SD	soybean meal for animal feed	host_context		host_context:host-associated context	high	compatible	Host_Context_SD	false	false	additive_axis_enrichment	1	host_context:host-associated context	anatomical_material|environment_broad_scale|environment_local_scale|environment_medium|food_commodity|host_context|sample_material|source_context
Isolation_Source_SD	soymeal animal feed	host_context		host_context:host-associated context	high	compatible	Host_Context_SD	false	false	additive_axis_enrichment	1	host_context:host-associated context	anatomical_material|environment_broad_scale|environment_local_scale|environment_medium|food_commodity|host_context|sample_material|source_context
Isolation_Source_SD	squared floor	environment_local_scale		environment_local_scale:local environmental or facility feature	high	compatible	Environment_Local_Scale_SD	false	false	additive_axis_enrichment	1	environment_local_scale:local environmental or facility feature	anatomical_material|environment_broad_scale|environment_local_scale|environment_medium|food_commodity|host_context|sample_material|source_context
Isolation_Source_SD	swiffer equine iso stall floor	environment_local_scale		environment_local_scale:local environmental or facility feature	high	compatible	Environment_Local_Scale_SD	false	false	additive_axis_enrichment	1	environment_local_scale:local environmental or facility feature	anatomical_material|environment_broad_scale|environment_local_scale|environment_medium|food_commodity|host_context|sample_material|source_context
Isolation_Source_SD	swiffer equine isolation nurses station- floor	environment_local_scale		environment_local_scale:local environmental or facility feature	high	compatible	Environment_Local_Scale_SD	false	false	additive_axis_enrichment	1	environment_local_scale:local environmental or facility feature	anatomical_material|environment_broad_scale|environment_local_scale|environment_medium|food_commodity|host_context|sample_material|source_context
Isolation_Source_SD	synovial fluid.	sample_material		sample_material:physical specimen/material	high	compatible	Sample_Material_SD|Sample_Type_SD	false	false	additive_axis_enrichment	1	sample_material:physical specimen/material	anatomical_material|environment_broad_scale|environment_local_scale|environment_medium|food_commodity|host_context|sample_material|source_context
Isolation_Source_SD	the contents of the uterine cavity	sample_material		sample_material:physical specimen/material	high	compatible	Sample_Material_SD|Sample_Type_SD	false	false	additive_axis_enrichment	1	sample_material:physical specimen/material	anatomical_material|environment_broad_scale|environment_local_scale|environment_medium|food_commodity|host_context|sample_material|source_context
Isolation_Source_SD	tracheal contents	sample_material		sample_material:physical specimen/material	high	compatible	Sample_Material_SD|Sample_Type_SD	false	false	additive_axis_enrichment	1	sample_material:physical specimen/material	anatomical_material|environment_broad_scale|environment_local_scale|environment_medium|food_commodity|host_context|sample_material|source_context
Isolation_Source_SD	unground oats (animal feed)	host_context		host_context:host-associated context	high	compatible	Host_Context_SD	false	false	additive_axis_enrichment	1	host_context:host-associated context	anatomical_material|environment_broad_scale|environment_local_scale|environment_medium|food_commodity|host_context|sample_material|source_context
Isolation_Source_SD	uterine reservoir	environment_local_scale		environment_local_scale:local environmental or facility feature	high	compatible	Environment_Local_Scale_SD	false	false	additive_axis_enrichment	1	environment_local_scale:local environmental or facility feature	anatomical_material|environment_broad_scale|environment_local_scale|environment_medium|food_commodity|host_context|sample_material|source_context
Isolation_Source_SD	waste liquid treatment facility of Bafeng Pharmaceutical Company	environment_local_scale		environment_local_scale:local environmental or facility feature	high	compatible	Environment_Local_Scale_SD	false	false	additive_axis_enrichment	1	environment_local_scale:local environmental or facility feature	anatomical_material|environment_broad_scale|environment_local_scale|environment_medium|food_commodity|host_context|sample_material|source_context
Isolation_Source_SD	zebrafish from quarantine facility	environment_local_scale		environment_local_scale:local environmental or facility feature	high	compatible	Environment_Local_Scale_SD	false	false	additive_axis_enrichment	1	environment_local_scale:local environmental or facility feature	anatomical_material|environment_broad_scale|environment_local_scale|environment_medium|food_commodity|host_context|sample_material|source_context
Isolation_Source_SD	zoo animal	host_context		host_context:host-associated context	high	compatible	Host_Context_SD	false	false	additive_axis_enrichment	1	host_context:host-associated context	anatomical_material|environment_broad_scale|environment_local_scale|environment_medium|food_commodity|host_context|sample_material|source_context
Sample_Type_SD	urethral swab	collection_device		collection_device:collection device	high	compatible	Sample_Collection_Device_SD	false	false	additive_axis_enrichment	1	collection_device:collection device	collection_device|data_product|food_commodity|sample_entity|sample_material|sample_processing|sampling_context
