rule_id	outcome_status	recommended_reviewer_decision	assembly_accession	biosample	organism	current_field	current_value	destination_field	destination_value	existing_destination_value	event_evidence	event_detail	raw_evidence_json	Environment_Medium_SD	Environment_Broad_Scale_SD	Environment_Local_Scale_SD	Sampling_Context_SD	Host_Context_SD	Host_Health_State_SD	Host_Study_Group_SD	Semantic_Axis_Provenance
SC1-ENV-BROAD-ENV-SAMPLE	applied	hold for manual review	GCA_000188955.5	SAMN00710608	Salmonella enterica subsp. enterica serovar Montevideo str. 507440-20	Environment_Broad_Scale_SD	environmental sample	Sampling_Context_SD	environmental		destination_blank=true		"{""Isolation Source"":""environmental swab""}"	air	environmental sample						{}
SC1-ENV-BROAD-ENV-SAMPLE	applied	hold for manual review	GCA_000280075.1	SAMN01041114	Salmonella enterica subsp. enterica serovar Enteritidis str. 622731-39	Environment_Broad_Scale_SD	environmental sample	Sampling_Context_SD	environmental		destination_blank=true		"{""Isolation Source"":""environmental swab""}"	air	environmental sample						{}
SC1-ENV-BROAD-ENV-SAMPLE	applied	hold for manual review	GCA_000280155.1	SAMN01041109	Salmonella enterica subsp. enterica serovar Enteritidis str. 607307-6	Environment_Broad_Scale_SD	environmental sample	Sampling_Context_SD	environmental		destination_blank=true		"{""Isolation Source"":""environmental swab""}"	air	environmental sample						{}
SC1-ENV-BROAD-ENV-SAMPLE	applied	hold for manual review	GCA_000280175.1	SAMN01041093	Salmonella enterica subsp. enterica serovar Enteritidis str. 485549-17	Environment_Broad_Scale_SD	environmental sample	Sampling_Context_SD	environmental		destination_blank=true		"{""Isolation Source"":""environmental swab""}"	air	environmental sample						{}
SC1-ENV-BROAD-ENV-SAMPLE	applied	hold for manual review	GCA_000280195.1	SAMN01041105	Salmonella enterica subsp. enterica serovar Enteritidis str. 596866-22	Environment_Broad_Scale_SD	environmental sample	Sampling_Context_SD	environmental		destination_blank=true		"{""Isolation Source"":""environmental swab""}"	air	environmental sample						{}
SC1-ENV-BROAD-ENV-SAMPLE	applied	hold for manual review	GCA_000280215.1	SAMN01041106	Salmonella enterica subsp. enterica serovar Enteritidis str. 596866-70	Environment_Broad_Scale_SD	environmental sample	Sampling_Context_SD	environmental		destination_blank=true		"{""Isolation Source"":""environmental swab""}"	air	environmental sample						{}
SC1-ENV-BROAD-ENV-SAMPLE	applied	hold for manual review	GCA_000280235.1	SAMN01041116	Salmonella enterica subsp. enterica serovar Enteritidis str. 629164-26	Environment_Broad_Scale_SD	environmental sample	Sampling_Context_SD	environmental		destination_blank=true		"{""Isolation Source"":""environmental swab""}"	air	environmental sample						{}
SC1-ENV-BROAD-ENV-SAMPLE	applied	hold for manual review	GCA_000280255.1	SAMN01041117	Salmonella enterica subsp. enterica serovar Enteritidis str. 629164-37	Environment_Broad_Scale_SD	environmental sample	Sampling_Context_SD	environmental		destination_blank=true		"{""Isolation Source"":""environmental swab""}"	air	environmental sample						{}
SC1-ENV-BROAD-ENV-SAMPLE	applied	hold for manual review	GCA_000280275.1	SAMN01041121	Salmonella enterica subsp. enterica serovar Enteritidis str. 639672-46	Environment_Broad_Scale_SD	environmental sample	Sampling_Context_SD	environmental		destination_blank=true		"{""Isolation Source"":""environmental swab""}"	air	environmental sample						{}
SC1-ENV-BROAD-ENV-SAMPLE	applied	hold for manual review	GCA_000280295.1	SAMN01041122	Salmonella enterica subsp. enterica serovar Enteritidis str. 639672-50	Environment_Broad_Scale_SD	environmental sample	Sampling_Context_SD	environmental		destination_blank=true		"{""Isolation Source"":""environmental swab""}"	air	environmental sample						{}
SC1-ENV-BROAD-ENV-SAMPLE	applied	hold for manual review	GCA_000280415.1	SAMN01041137	Salmonella enterica subsp. enterica serovar Enteritidis str. 648905 5-18	Environment_Broad_Scale_SD	environmental sample	Sampling_Context_SD	environmental		destination_blank=true		"{""Isolation Source"":""environmental swab""}"	air	environmental sample						{}
SC1-ENV-BROAD-ENV-SAMPLE	applied	hold for manual review	GCA_000280435.1	SAMN01041133	Salmonella enterica subsp. enterica serovar Enteritidis str. 648901 6-18	Environment_Broad_Scale_SD	environmental sample	Sampling_Context_SD	environmental		destination_blank=true		"{""Isolation Source"":""environmental swab""}"	air	environmental sample						{}
SC1-ENV-BROAD-ENV-SAMPLE	applied	hold for manual review	GCA_000307635.1	SAMN01816400	Clostridium botulinum CFSAN001627	Environment_Broad_Scale_SD	environmental sample	Sampling_Context_SD	environmental		destination_blank=true		"{""BioSample Isolation Source"":""well water"",""Host Disease"":""environmental-water"",""Isolation Source"":""well water"",""Sample Type"":""environmental""}"	water	environmental sample						"{""Environment_Medium_SD"":[{""confidence"":""high"",""evidence"":""destination_same=true"",""method"":""source_environment_semantic_completion"",""rule_id"":""SEC-MEDIUM-WATER"",""ruleset_version"":""source_environment_semantic_completion_v1"",""source_current_field"":""Environment_Medium_SD"",""source_current_value"":""water"",""source_raw_field"":""Environment_Medium_SD"",""source_raw_value"":""water""}]}"
SC1-ENV-BROAD-ENV-SAMPLE	applied	hold for manual review	GCA_000307655.2	SAMN01816399	Clostridium botulinum CFSAN001628	Environment_Broad_Scale_SD	environmental sample	Sampling_Context_SD	environmental		destination_blank=true		"{""BioSample Isolation Source"":""well water"",""Host Disease"":""environmental-water"",""Isolation Source"":""well water"",""Sample Type"":""environmental""}"	water	environmental sample						"{""Environment_Medium_SD"":[{""confidence"":""high"",""evidence"":""destination_same=true"",""method"":""source_environment_semantic_completion"",""rule_id"":""SEC-MEDIUM-WATER"",""ruleset_version"":""source_environment_semantic_completion_v1"",""source_current_field"":""Environment_Medium_SD"",""source_current_value"":""water"",""source_raw_field"":""Environment_Medium_SD"",""source_raw_value"":""water""}]}"
SC1-ENV-BROAD-ENV-SAMPLE	applied	hold for manual review	GCA_000314025.1	SAMN01795759	Campylobacter coli BIGS0003	Environment_Broad_Scale_SD	environmental sample	Sampling_Context_SD	environmental		destination_blank=true		"{""Isolation Source"":""environmental""}"	air	environmental sample						{}
SC1-ENV-BROAD-ENV-SAMPLE	applied	hold for manual review	GCA_000314525.1	SAMN01795910	Campylobacter jejuni subsp. jejuni BIGS0030	Environment_Broad_Scale_SD	environmental sample	Sampling_Context_SD	environmental		destination_blank=true		"{""Isolation Source"":""environmental""}"	air	environmental sample						{}
SC1-ENV-BROAD-ENV-SAMPLE	applied	hold for manual review	GCA_000321325.1	SAMN01795757	Campylobacter coli BIGS0001	Environment_Broad_Scale_SD	environmental sample	Sampling_Context_SD	environmental		destination_blank=true		"{""Isolation Source"":""environmental""}"	air	environmental sample						{}
SC1-ENV-BROAD-ENV-SAMPLE	applied	hold for manual review	GCA_000329665.1	SAMN01041118	Salmonella enterica subsp. enterica serovar Enteritidis str. 635290-58	Environment_Broad_Scale_SD	environmental sample	Sampling_Context_SD	environmental		destination_blank=true		"{""Isolation Source"":""environmental swab""}"	air	environmental sample						{}
SC1-ENV-BROAD-ENV-SAMPLE	applied	hold for manual review	GCA_000329685.1	SAMN01041110	Salmonella enterica subsp. enterica serovar Enteritidis str. 607308-16	Environment_Broad_Scale_SD	environmental sample	Sampling_Context_SD	environmental		destination_blank=true		"{""Isolation Source"":""environmental swab""}"	air	environmental sample						{}
SC1-ENV-BROAD-ENV-SAMPLE	applied	hold for manual review	GCA_000329705.1	SAMN01041111	Salmonella enterica subsp. enterica serovar Enteritidis str. 607308-19	Environment_Broad_Scale_SD	environmental sample	Sampling_Context_SD	environmental		destination_blank=true		"{""Isolation Source"":""environmental swab""}"	air	environmental sample						{}
SC1-ENV-MEDIUM-MARINE	applied	hold for manual review	GCA_001028705.1	SAMN03757733	Croceicoccus naphthovorans	Environment_Medium_SD	marine	Environment_Broad_Scale_SD	marine environment		destination_blank=true		"{""Isolation Source"":""sterile tools""}"	marine							{}
SC1-HHS-DISEASED-PATIENT-HEALTH	applied	apply-now candidate	GCA_001053095.1	SAMEA859916	Yersinia similis	Host_Health_State_SD	diseased/patient	Host_Health_State_SD	diseased	diseased/patient	condition=always		"{""BioSample Host Health State"":""disease: otitis media"",""BioSample Isolation Source"":""middle ear"",""Host"":""Homo sapiens"",""Host Health State"":""disease: otitis media"",""Host_Cleaned"":""homo sapiens"",""Host_Original"":""Homo sapiens"",""Isolation Source"":""middle ear""}"						diseased/patient		{}
SC1-HHS-DISEASED-PATIENT-HUMAN	applied	apply-now candidate; verify independent human evidence in examples	GCA_001053095.1	SAMEA859916	Yersinia similis	Host_Health_State_SD	diseased/patient	Host_Context_SD	human-associated		human_host_evidence=true		"{""BioSample Host Health State"":""disease: otitis media"",""BioSample Isolation Source"":""middle ear"",""Host"":""Homo sapiens"",""Host Health State"":""disease: otitis media"",""Host_Cleaned"":""homo sapiens"",""Host_Original"":""Homo sapiens"",""Isolation Source"":""middle ear""}"						diseased/patient		{}
SC1-HHS-DISEASED-PATIENT-HEALTH	applied	apply-now candidate	GCA_001089645.1	SAMEA859870	Yersinia frederiksenii	Host_Health_State_SD	diseased/patient	Host_Health_State_SD	diseased	diseased/patient	condition=always		"{""BioSample Host Health State"":""disease: otitis media"",""BioSample Isolation Source"":""middle ear"",""Host"":""Homo sapiens"",""Host Health State"":""disease: otitis media"",""Host_Cleaned"":""homo sapiens"",""Host_Original"":""Homo sapiens"",""Isolation Source"":""middle ear""}"						diseased/patient		{}
SC1-HHS-DISEASED-PATIENT-HUMAN	applied	apply-now candidate; verify independent human evidence in examples	GCA_001089645.1	SAMEA859870	Yersinia frederiksenii	Host_Health_State_SD	diseased/patient	Host_Context_SD	human-associated		human_host_evidence=true		"{""BioSample Host Health State"":""disease: otitis media"",""BioSample Isolation Source"":""middle ear"",""Host"":""Homo sapiens"",""Host Health State"":""disease: otitis media"",""Host_Cleaned"":""homo sapiens"",""Host_Original"":""Homo sapiens"",""Isolation Source"":""middle ear""}"						diseased/patient		{}
SC1-HHS-DISEASED-PATIENT-HEALTH	applied	apply-now candidate	GCA_001104045.1	SAMEA859877	Yersinia pseudotuberculosis	Host_Health_State_SD	diseased/patient	Host_Health_State_SD	diseased	diseased/patient	condition=always		"{""BioSample Host Health State"":""disease: otitis media"",""BioSample Isolation Source"":""middle ear"",""Host"":""Homo sapiens"",""Host Health State"":""disease: otitis media"",""Host_Cleaned"":""homo sapiens"",""Host_Original"":""Homo sapiens"",""Isolation Source"":""middle ear""}"						diseased/patient		{}
SC1-HHS-DISEASED-PATIENT-HUMAN	applied	apply-now candidate; verify independent human evidence in examples	GCA_001104045.1	SAMEA859877	Yersinia pseudotuberculosis	Host_Health_State_SD	diseased/patient	Host_Context_SD	human-associated		human_host_evidence=true		"{""BioSample Host Health State"":""disease: otitis media"",""BioSample Isolation Source"":""middle ear"",""Host"":""Homo sapiens"",""Host Health State"":""disease: otitis media"",""Host_Cleaned"":""homo sapiens"",""Host_Original"":""Homo sapiens"",""Isolation Source"":""middle ear""}"						diseased/patient		{}
SC1-HHS-DISEASED-PATIENT-HEALTH	applied	apply-now candidate	GCA_001125265.1	SAMEA859893	Yersinia pseudotuberculosis	Host_Health_State_SD	diseased/patient	Host_Health_State_SD	diseased	diseased/patient	condition=always		"{""BioSample Host Health State"":""disease: otitis media"",""BioSample Isolation Source"":""middle ear"",""Host"":""Homo sapiens"",""Host Health State"":""disease: otitis media"",""Host_Cleaned"":""homo sapiens"",""Host_Original"":""Homo sapiens"",""Isolation Source"":""middle ear""}"						diseased/patient		{}
SC1-HHS-DISEASED-PATIENT-HUMAN	applied	apply-now candidate; verify independent human evidence in examples	GCA_001125265.1	SAMEA859893	Yersinia pseudotuberculosis	Host_Health_State_SD	diseased/patient	Host_Context_SD	human-associated		human_host_evidence=true		"{""BioSample Host Health State"":""disease: otitis media"",""BioSample Isolation Source"":""middle ear"",""Host"":""Homo sapiens"",""Host Health State"":""disease: otitis media"",""Host_Cleaned"":""homo sapiens"",""Host_Original"":""Homo sapiens"",""Isolation Source"":""middle ear""}"						diseased/patient		{}
SC1-HHS-DISEASED-PATIENT-HEALTH	applied	apply-now candidate	GCA_001136465.1	SAMEA859914	Yersinia similis	Host_Health_State_SD	diseased/patient	Host_Health_State_SD	diseased	diseased/patient	condition=always		"{""BioSample Host Health State"":""disease: otitis media"",""BioSample Isolation Source"":""middle ear"",""Host"":""Homo sapiens"",""Host Health State"":""disease: otitis media"",""Host_Cleaned"":""homo sapiens"",""Host_Original"":""Homo sapiens"",""Isolation Source"":""middle ear""}"						diseased/patient		{}
SC1-HHS-DISEASED-PATIENT-HUMAN	applied	apply-now candidate; verify independent human evidence in examples	GCA_001136465.1	SAMEA859914	Yersinia similis	Host_Health_State_SD	diseased/patient	Host_Context_SD	human-associated		human_host_evidence=true		"{""BioSample Host Health State"":""disease: otitis media"",""BioSample Isolation Source"":""middle ear"",""Host"":""Homo sapiens"",""Host Health State"":""disease: otitis media"",""Host_Cleaned"":""homo sapiens"",""Host_Original"":""Homo sapiens"",""Isolation Source"":""middle ear""}"						diseased/patient		{}
SC1-HHS-DISEASED-PATIENT-HEALTH	applied	apply-now candidate	GCA_001142745.1	SAMEA859868	Yersinia frederiksenii	Host_Health_State_SD	diseased/patient	Host_Health_State_SD	diseased	diseased/patient	condition=always		"{""BioSample Host Health State"":""disease: otitis media"",""BioSample Isolation Source"":""middle ear"",""Host"":""Homo sapiens"",""Host Health State"":""disease: otitis media"",""Host_Cleaned"":""homo sapiens"",""Host_Original"":""Homo sapiens"",""Isolation Source"":""middle ear""}"						diseased/patient		{}
SC1-HHS-DISEASED-PATIENT-HUMAN	applied	apply-now candidate; verify independent human evidence in examples	GCA_001142745.1	SAMEA859868	Yersinia frederiksenii	Host_Health_State_SD	diseased/patient	Host_Context_SD	human-associated		human_host_evidence=true		"{""BioSample Host Health State"":""disease: otitis media"",""BioSample Isolation Source"":""middle ear"",""Host"":""Homo sapiens"",""Host Health State"":""disease: otitis media"",""Host_Cleaned"":""homo sapiens"",""Host_Original"":""Homo sapiens"",""Isolation Source"":""middle ear""}"						diseased/patient		{}
SC1-HHS-DISEASED-PATIENT-HEALTH	applied	apply-now candidate	GCA_001144805.1	SAMEA859932	Yersinia kristensenii	Host_Health_State_SD	diseased/patient	Host_Health_State_SD	diseased	diseased/patient	condition=always		"{""BioSample Host Health State"":""disease: otitis media"",""BioSample Isolation Source"":""middle ear"",""Host"":""Homo sapiens"",""Host Health State"":""disease: otitis media"",""Host_Cleaned"":""homo sapiens"",""Host_Original"":""Homo sapiens"",""Isolation Source"":""middle ear""}"						diseased/patient		{}
SC1-HHS-DISEASED-PATIENT-HUMAN	applied	apply-now candidate; verify independent human evidence in examples	GCA_001144805.1	SAMEA859932	Yersinia kristensenii	Host_Health_State_SD	diseased/patient	Host_Context_SD	human-associated		human_host_evidence=true		"{""BioSample Host Health State"":""disease: otitis media"",""BioSample Isolation Source"":""middle ear"",""Host"":""Homo sapiens"",""Host Health State"":""disease: otitis media"",""Host_Cleaned"":""homo sapiens"",""Host_Original"":""Homo sapiens"",""Isolation Source"":""middle ear""}"						diseased/patient		{}
SC1-HHS-DISEASED-PATIENT-HEALTH	applied	apply-now candidate	GCA_001149645.1	SAMEA859879	Yersinia mollaretii	Host_Health_State_SD	diseased/patient	Host_Health_State_SD	diseased	diseased/patient	condition=always		"{""BioSample Host Health State"":""disease: otitis media"",""BioSample Isolation Source"":""middle ear"",""Host"":""Homo sapiens"",""Host Health State"":""disease: otitis media"",""Host_Cleaned"":""homo sapiens"",""Host_Original"":""Homo sapiens"",""Isolation Source"":""middle ear""}"						diseased/patient		{}
SC1-HHS-DISEASED-PATIENT-HUMAN	applied	apply-now candidate; verify independent human evidence in examples	GCA_001149645.1	SAMEA859879	Yersinia mollaretii	Host_Health_State_SD	diseased/patient	Host_Context_SD	human-associated		human_host_evidence=true		"{""BioSample Host Health State"":""disease: otitis media"",""BioSample Isolation Source"":""middle ear"",""Host"":""Homo sapiens"",""Host Health State"":""disease: otitis media"",""Host_Cleaned"":""homo sapiens"",""Host_Original"":""Homo sapiens"",""Isolation Source"":""middle ear""}"						diseased/patient		{}
SC1-HHS-DISEASED-PATIENT-HEALTH	applied	apply-now candidate	GCA_001150985.1	SAMEA859917	Yersinia pseudotuberculosis	Host_Health_State_SD	diseased/patient	Host_Health_State_SD	diseased	diseased/patient	condition=always		"{""BioSample Host Health State"":""disease: otitis media"",""BioSample Isolation Source"":""middle ear"",""Host"":""Homo sapiens"",""Host Health State"":""disease: otitis media"",""Host_Cleaned"":""homo sapiens"",""Host_Original"":""Homo sapiens"",""Isolation Source"":""middle ear""}"						diseased/patient		{}
SC1-HHS-DISEASED-PATIENT-HUMAN	applied	apply-now candidate; verify independent human evidence in examples	GCA_001150985.1	SAMEA859917	Yersinia pseudotuberculosis	Host_Health_State_SD	diseased/patient	Host_Context_SD	human-associated		human_host_evidence=true		"{""BioSample Host Health State"":""disease: otitis media"",""BioSample Isolation Source"":""middle ear"",""Host"":""Homo sapiens"",""Host Health State"":""disease: otitis media"",""Host_Cleaned"":""homo sapiens"",""Host_Original"":""Homo sapiens"",""Isolation Source"":""middle ear""}"						diseased/patient		{}
SC1-HHS-DISEASED-PATIENT-HEALTH	applied	apply-now candidate	GCA_001151185.1	SAMEA859881	Yersinia frederiksenii	Host_Health_State_SD	diseased/patient	Host_Health_State_SD	diseased	diseased/patient	condition=always		"{""BioSample Host Health State"":""disease: otitis media"",""BioSample Isolation Source"":""middle ear"",""Host"":""Homo sapiens"",""Host Health State"":""disease: otitis media"",""Host_Cleaned"":""homo sapiens"",""Host_Original"":""Homo sapiens"",""Isolation Source"":""middle ear""}"						diseased/patient		{}
SC1-HHS-DISEASED-PATIENT-HUMAN	applied	apply-now candidate; verify independent human evidence in examples	GCA_001151185.1	SAMEA859881	Yersinia frederiksenii	Host_Health_State_SD	diseased/patient	Host_Context_SD	human-associated		human_host_evidence=true		"{""BioSample Host Health State"":""disease: otitis media"",""BioSample Isolation Source"":""middle ear"",""Host"":""Homo sapiens"",""Host Health State"":""disease: otitis media"",""Host_Cleaned"":""homo sapiens"",""Host_Original"":""Homo sapiens"",""Isolation Source"":""middle ear""}"						diseased/patient		{}
SC1-HHS-DISEASED-PATIENT-HEALTH	applied	apply-now candidate	GCA_001152185.1	SAMEA859904	Yersinia rohdei	Host_Health_State_SD	diseased/patient	Host_Health_State_SD	diseased	diseased/patient	condition=always		"{""BioSample Host Health State"":""disease: otitis media"",""BioSample Isolation Source"":""middle ear"",""Host"":""Homo sapiens"",""Host Health State"":""disease: otitis media"",""Host_Cleaned"":""homo sapiens"",""Host_Original"":""Homo sapiens"",""Isolation Source"":""middle ear""}"						diseased/patient		{}
SC1-HHS-DISEASED-PATIENT-HUMAN	applied	apply-now candidate; verify independent human evidence in examples	GCA_001152185.1	SAMEA859904	Yersinia rohdei	Host_Health_State_SD	diseased/patient	Host_Context_SD	human-associated		human_host_evidence=true		"{""BioSample Host Health State"":""disease: otitis media"",""BioSample Isolation Source"":""middle ear"",""Host"":""Homo sapiens"",""Host Health State"":""disease: otitis media"",""Host_Cleaned"":""homo sapiens"",""Host_Original"":""Homo sapiens"",""Isolation Source"":""middle ear""}"						diseased/patient		{}
SC1-HHS-DISEASED-PATIENT-HEALTH	applied	apply-now candidate	GCA_001166625.1	SAMEA859871	Yersinia intermedia	Host_Health_State_SD	diseased/patient	Host_Health_State_SD	diseased	diseased/patient	condition=always		"{""BioSample Host Health State"":""disease: otitis media"",""BioSample Isolation Source"":""middle ear"",""Host"":""Homo sapiens"",""Host Health State"":""disease: otitis media"",""Host_Cleaned"":""homo sapiens"",""Host_Original"":""Homo sapiens"",""Isolation Source"":""middle ear""}"						diseased/patient		{}
SC1-HHS-DISEASED-PATIENT-HUMAN	applied	apply-now candidate; verify independent human evidence in examples	GCA_001166625.1	SAMEA859871	Yersinia intermedia	Host_Health_State_SD	diseased/patient	Host_Context_SD	human-associated		human_host_evidence=true		"{""BioSample Host Health State"":""disease: otitis media"",""BioSample Isolation Source"":""middle ear"",""Host"":""Homo sapiens"",""Host Health State"":""disease: otitis media"",""Host_Cleaned"":""homo sapiens"",""Host_Original"":""Homo sapiens"",""Isolation Source"":""middle ear""}"						diseased/patient		{}
SC1-HHS-DISEASED-PATIENT-HEALTH	applied	apply-now candidate	GCA_001167085.1	SAMEA859880	Yersinia intermedia	Host_Health_State_SD	diseased/patient	Host_Health_State_SD	diseased	diseased/patient	condition=always		"{""BioSample Host Health State"":""disease: otitis media"",""BioSample Isolation Source"":""middle ear"",""Host"":""Homo sapiens"",""Host Health State"":""disease: otitis media"",""Host_Cleaned"":""homo sapiens"",""Host_Original"":""Homo sapiens"",""Isolation Source"":""middle ear""}"						diseased/patient		{}
SC1-HHS-DISEASED-PATIENT-HUMAN	applied	apply-now candidate; verify independent human evidence in examples	GCA_001167085.1	SAMEA859880	Yersinia intermedia	Host_Health_State_SD	diseased/patient	Host_Context_SD	human-associated		human_host_evidence=true		"{""BioSample Host Health State"":""disease: otitis media"",""BioSample Isolation Source"":""middle ear"",""Host"":""Homo sapiens"",""Host Health State"":""disease: otitis media"",""Host_Cleaned"":""homo sapiens"",""Host_Original"":""Homo sapiens"",""Isolation Source"":""middle ear""}"						diseased/patient		{}
SC1-HHS-DISEASED-PATIENT-HEALTH	applied	apply-now candidate	GCA_001244605.1	SAMEA859918	Yersinia kristensenii	Host_Health_State_SD	diseased/patient	Host_Health_State_SD	diseased	diseased/patient	condition=always		"{""BioSample Host Health State"":""disease: otitis media"",""BioSample Isolation Source"":""middle ear"",""Host"":""Homo sapiens"",""Host Health State"":""disease: otitis media"",""Host_Cleaned"":""homo sapiens"",""Host_Original"":""Homo sapiens"",""Isolation Source"":""middle ear""}"						diseased/patient		{}
SC1-HHS-DISEASED-PATIENT-HUMAN	applied	apply-now candidate; verify independent human evidence in examples	GCA_001244605.1	SAMEA859918	Yersinia kristensenii	Host_Health_State_SD	diseased/patient	Host_Context_SD	human-associated		human_host_evidence=true		"{""BioSample Host Health State"":""disease: otitis media"",""BioSample Isolation Source"":""middle ear"",""Host"":""Homo sapiens"",""Host Health State"":""disease: otitis media"",""Host_Cleaned"":""homo sapiens"",""Host_Original"":""Homo sapiens"",""Isolation Source"":""middle ear""}"						diseased/patient		{}
SC1-HHS-DISEASED-PATIENT-HEALTH	applied	apply-now candidate	GCA_001319525.1	SAMEA859853	Yersinia frederiksenii	Host_Health_State_SD	diseased/patient	Host_Health_State_SD	diseased	diseased/patient	condition=always		"{""BioSample Host Health State"":""disease: otitis media"",""BioSample Isolation Source"":""middle ear"",""Host"":""Homo sapiens"",""Host Health State"":""disease: otitis media"",""Host_Cleaned"":""homo sapiens"",""Host_Original"":""Homo sapiens"",""Isolation Source"":""middle ear""}"						diseased/patient		{}
SC1-HHS-DISEASED-PATIENT-HUMAN	applied	apply-now candidate; verify independent human evidence in examples	GCA_001319525.1	SAMEA859853	Yersinia frederiksenii	Host_Health_State_SD	diseased/patient	Host_Context_SD	human-associated		human_host_evidence=true		"{""BioSample Host Health State"":""disease: otitis media"",""BioSample Isolation Source"":""middle ear"",""Host"":""Homo sapiens"",""Host Health State"":""disease: otitis media"",""Host_Cleaned"":""homo sapiens"",""Host_Original"":""Homo sapiens"",""Isolation Source"":""middle ear""}"						diseased/patient		{}
SC1-HHS-DISEASED-PATIENT-HEALTH	applied	apply-now candidate	GCA_001319745.1	SAMEA859915	Yersinia similis	Host_Health_State_SD	diseased/patient	Host_Health_State_SD	diseased	diseased/patient	condition=always		"{""BioSample Host Health State"":""disease: otitis media"",""BioSample Isolation Source"":""middle ear"",""Host"":""Homo sapiens"",""Host Health State"":""disease: otitis media"",""Host_Cleaned"":""homo sapiens"",""Host_Original"":""Homo sapiens"",""Isolation Source"":""middle ear""}"						diseased/patient		{}
SC1-HHS-DISEASED-PATIENT-HUMAN	applied	apply-now candidate; verify independent human evidence in examples	GCA_001319745.1	SAMEA859915	Yersinia similis	Host_Health_State_SD	diseased/patient	Host_Context_SD	human-associated		human_host_evidence=true		"{""BioSample Host Health State"":""disease: otitis media"",""BioSample Isolation Source"":""middle ear"",""Host"":""Homo sapiens"",""Host Health State"":""disease: otitis media"",""Host_Cleaned"":""homo sapiens"",""Host_Original"":""Homo sapiens"",""Isolation Source"":""middle ear""}"						diseased/patient		{}
SC1-HHS-DISEASED-PATIENT-HEALTH	applied	apply-now candidate	GCA_001319885.1	SAMEA859934	Yersinia pseudotuberculosis	Host_Health_State_SD	diseased/patient	Host_Health_State_SD	diseased	diseased/patient	condition=always		"{""BioSample Host Health State"":""disease: otitis media"",""BioSample Isolation Source"":""middle ear"",""Host"":""Homo sapiens"",""Host Health State"":""disease: otitis media"",""Host_Cleaned"":""homo sapiens"",""Host_Original"":""Homo sapiens"",""Isolation Source"":""middle ear""}"						diseased/patient		{}
SC1-HHS-DISEASED-PATIENT-HUMAN	applied	apply-now candidate; verify independent human evidence in examples	GCA_001319885.1	SAMEA859934	Yersinia pseudotuberculosis	Host_Health_State_SD	diseased/patient	Host_Context_SD	human-associated		human_host_evidence=true		"{""BioSample Host Health State"":""disease: otitis media"",""BioSample Isolation Source"":""middle ear"",""Host"":""Homo sapiens"",""Host Health State"":""disease: otitis media"",""Host_Cleaned"":""homo sapiens"",""Host_Original"":""Homo sapiens"",""Isolation Source"":""middle ear""}"						diseased/patient		{}
SC1-HHS-HEALTHY-CONTROL-HEALTH	applied	apply-now candidate	GCA_001643135.1	SAMN04489739	Sphingobium yanoikuyae	Host_Health_State_SD	healthy/control	Host_Health_State_SD	healthy	healthy/control	condition=always		"{""BioSample Host"":""Homo sapiens"",""BioSample Isolation Source"":""Duodenal mucosa of Non-Celiac control"",""Host"":""Homo sapiens"",""Host_Cleaned"":""homo sapiens"",""Host_Original"":""Homo sapiens"",""Isolation Source"":""Duodenal mucosa of Non-Celiac control"",""Sample Type"":""Tissue""}"						healthy/control		"{""Sample_Material_SD"":[{""confidence"":""medium"",""evidence"":""destination_blank=true"",""method"":""source_environment_semantic_completion"",""rule_id"":""SEC-MATERIAL-TISSUE"",""ruleset_version"":""source_environment_semantic_completion_v1"",""source_current_field"":""Sample_Type_SD"",""source_current_value"":""tissue"",""source_raw_field"":"""",""source_raw_value"":""""}],""_cleared_strict_fields"":[{""cleared_companion_fields"":[{""field"":""Host_Disease_SD_Detail"",""is_primary"":""false"",""previous_value"":""healthy/no disease reported""},{""field"":""Host_Disease_SD_Method"",""is_primary"":""false"",""previous_value"":""context_dictionary""}],""cleared_field"":""Host_Disease_SD"",""destination_outcomes"":[{""condition"":""blank_or_same"",""detail"":""existing nonblank destination preserved per merge policy; existing=healthy/control; proposed=healthy"",""evidence"":""merge_policy=set_when_blank_or_same"",""field"":""Host_Health_State_SD"",""rule_id"":""PH2A-HD-HEALTHY-NO-DISEASE"",""status"":""existing_different"",""value"":""healthy""}],""destination_status"":""removal_only"",""method"":""semantic_phase2a_canonical_apply"",""previous_value"":""healthy/no disease reported"",""reason"":""healthy/no disease reported is health state not disease"",""removal_confidence"":""high"",""rule_id"":""PH2A-HD-HEALTHY-NO-DISEASE"",""ruleset_version"":""semantic_phase2a_confirmed_rules_v2"",""source_audit_commit"":""fea41b9430bcf245ce7052b503135316a1a255a2"",""source_raw_field"":"""",""source_raw_value"":""""}]}"
SC1-HHS-HEALTHY-CONTROL-STUDY	applied	apply-now candidate	GCA_001643135.1	SAMN04489739	Sphingobium yanoikuyae	Host_Health_State_SD	healthy/control	Host_Study_Group_SD	control		condition=always		"{""BioSample Host"":""Homo sapiens"",""BioSample Isolation Source"":""Duodenal mucosa of Non-Celiac control"",""Host"":""Homo sapiens"",""Host_Cleaned"":""homo sapiens"",""Host_Original"":""Homo sapiens"",""Isolation Source"":""Duodenal mucosa of Non-Celiac control"",""Sample Type"":""Tissue""}"						healthy/control		"{""Sample_Material_SD"":[{""confidence"":""medium"",""evidence"":""destination_blank=true"",""method"":""source_environment_semantic_completion"",""rule_id"":""SEC-MATERIAL-TISSUE"",""ruleset_version"":""source_environment_semantic_completion_v1"",""source_current_field"":""Sample_Type_SD"",""source_current_value"":""tissue"",""source_raw_field"":"""",""source_raw_value"":""""}],""_cleared_strict_fields"":[{""cleared_companion_fields"":[{""field"":""Host_Disease_SD_Detail"",""is_primary"":""false"",""previous_value"":""healthy/no disease reported""},{""field"":""Host_Disease_SD_Method"",""is_primary"":""false"",""previous_value"":""context_dictionary""}],""cleared_field"":""Host_Disease_SD"",""destination_outcomes"":[{""condition"":""blank_or_same"",""detail"":""existing nonblank destination preserved per merge policy; existing=healthy/control; proposed=healthy"",""evidence"":""merge_policy=set_when_blank_or_same"",""field"":""Host_Health_State_SD"",""rule_id"":""PH2A-HD-HEALTHY-NO-DISEASE"",""status"":""existing_different"",""value"":""healthy""}],""destination_status"":""removal_only"",""method"":""semantic_phase2a_canonical_apply"",""previous_value"":""healthy/no disease reported"",""reason"":""healthy/no disease reported is health state not disease"",""removal_confidence"":""high"",""rule_id"":""PH2A-HD-HEALTHY-NO-DISEASE"",""ruleset_version"":""semantic_phase2a_confirmed_rules_v2"",""source_audit_commit"":""fea41b9430bcf245ce7052b503135316a1a255a2"",""source_raw_field"":"""",""source_raw_value"":""""}]}"
SC1-HHS-DISEASED-PATIENT-HEALTH	applied	apply-now candidate	GCA_001877015.1	SAMN05948859	Glaesserella parasuis	Host_Health_State_SD	diseased/patient	Host_Health_State_SD	diseased	diseased/patient	condition=always		"{""BioSample Host"":""swine"",""BioSample Host Disease"":""Glassers Disease/pneumonia"",""BioSample Isolation Source"":""lung"",""Host"":""swine"",""Host Disease"":""Glassers Disease/pneumonia"",""Host_Cleaned"":""swine"",""Host_Original"":""swine"",""Isolation Source"":""lung""}"						diseased/patient		{}
SC1-HHS-HEALTHY-CONTROL-HEALTH	applied	apply-now candidate	GCA_002075615.1	SAMN06124517	Cronobacter sakazakii	Host_Health_State_SD	healthy/control	Host_Health_State_SD	healthy	healthy/control	condition=always		"{""BioSample Isolation Source"":""powdered infant formula control"",""Host Disease"":""multi-ingedient| dairy"",""Isolation Source"":""powdered infant formula control"",""Sample Type"":""food""}"		food-associated environment				healthy/control		"{""_cleared_strict_fields"":[{""cleared_companion_fields"":[{""field"":""Host_Disease_SD_Detail"",""is_primary"":""false"",""previous_value"":""healthy/no disease reported""},{""field"":""Host_Disease_SD_Method"",""is_primary"":""false"",""previous_value"":""context_dictionary""}],""cleared_field"":""Host_Disease_SD"",""destination_outcomes"":[{""condition"":""blank_or_same"",""detail"":""existing nonblank destination preserved per merge policy; existing=healthy/control; proposed=healthy"",""evidence"":""merge_policy=set_when_blank_or_same"",""field"":""Host_Health_State_SD"",""rule_id"":""PH2A-HD-HEALTHY-NO-DISEASE"",""status"":""existing_different"",""value"":""healthy""}],""destination_status"":""removal_only"",""method"":""semantic_phase2a_canonical_apply"",""previous_value"":""healthy/no disease reported"",""reason"":""healthy/no disease reported is health state not disease"",""removal_confidence"":""high"",""rule_id"":""PH2A-HD-HEALTHY-NO-DISEASE"",""ruleset_version"":""semantic_phase2a_confirmed_rules_v2"",""source_audit_commit"":""fea41b9430bcf245ce7052b503135316a1a255a2"",""source_raw_field"":"""",""source_raw_value"":""""}]}"
SC1-HHS-HEALTHY-CONTROL-STUDY	applied	apply-now candidate	GCA_002075615.1	SAMN06124517	Cronobacter sakazakii	Host_Health_State_SD	healthy/control	Host_Study_Group_SD	control		condition=always		"{""BioSample Isolation Source"":""powdered infant formula control"",""Host Disease"":""multi-ingedient| dairy"",""Isolation Source"":""powdered infant formula control"",""Sample Type"":""food""}"		food-associated environment				healthy/control		"{""_cleared_strict_fields"":[{""cleared_companion_fields"":[{""field"":""Host_Disease_SD_Detail"",""is_primary"":""false"",""previous_value"":""healthy/no disease reported""},{""field"":""Host_Disease_SD_Method"",""is_primary"":""false"",""previous_value"":""context_dictionary""}],""cleared_field"":""Host_Disease_SD"",""destination_outcomes"":[{""condition"":""blank_or_same"",""detail"":""existing nonblank destination preserved per merge policy; existing=healthy/control; proposed=healthy"",""evidence"":""merge_policy=set_when_blank_or_same"",""field"":""Host_Health_State_SD"",""rule_id"":""PH2A-HD-HEALTHY-NO-DISEASE"",""status"":""existing_different"",""value"":""healthy""}],""destination_status"":""removal_only"",""method"":""semantic_phase2a_canonical_apply"",""previous_value"":""healthy/no disease reported"",""reason"":""healthy/no disease reported is health state not disease"",""removal_confidence"":""high"",""rule_id"":""PH2A-HD-HEALTHY-NO-DISEASE"",""ruleset_version"":""semantic_phase2a_confirmed_rules_v2"",""source_audit_commit"":""fea41b9430bcf245ce7052b503135316a1a255a2"",""source_raw_field"":"""",""source_raw_value"":""""}]}"
SC1-HHS-HEALTHY-CONTROL-HEALTH	applied	apply-now candidate	GCA_002075655.1	SAMN06124516	Cronobacter sakazakii	Host_Health_State_SD	healthy/control	Host_Health_State_SD	healthy	healthy/control	condition=always		"{""BioSample Isolation Source"":""powdered infant formula control"",""Host Disease"":""multi-ingedient| dairy"",""Isolation Source"":""powdered infant formula control"",""Sample Type"":""food""}"		food-associated environment				healthy/control		"{""_cleared_strict_fields"":[{""cleared_companion_fields"":[{""field"":""Host_Disease_SD_Detail"",""is_primary"":""false"",""previous_value"":""healthy/no disease reported""},{""field"":""Host_Disease_SD_Method"",""is_primary"":""false"",""previous_value"":""context_dictionary""}],""cleared_field"":""Host_Disease_SD"",""destination_outcomes"":[{""condition"":""blank_or_same"",""detail"":""existing nonblank destination preserved per merge policy; existing=healthy/control; proposed=healthy"",""evidence"":""merge_policy=set_when_blank_or_same"",""field"":""Host_Health_State_SD"",""rule_id"":""PH2A-HD-HEALTHY-NO-DISEASE"",""status"":""existing_different"",""value"":""healthy""}],""destination_status"":""removal_only"",""method"":""semantic_phase2a_canonical_apply"",""previous_value"":""healthy/no disease reported"",""reason"":""healthy/no disease reported is health state not disease"",""removal_confidence"":""high"",""rule_id"":""PH2A-HD-HEALTHY-NO-DISEASE"",""ruleset_version"":""semantic_phase2a_confirmed_rules_v2"",""source_audit_commit"":""fea41b9430bcf245ce7052b503135316a1a255a2"",""source_raw_field"":"""",""source_raw_value"":""""}]}"
SC1-HHS-HEALTHY-CONTROL-STUDY	applied	apply-now candidate	GCA_002075655.1	SAMN06124516	Cronobacter sakazakii	Host_Health_State_SD	healthy/control	Host_Study_Group_SD	control		condition=always		"{""BioSample Isolation Source"":""powdered infant formula control"",""Host Disease"":""multi-ingedient| dairy"",""Isolation Source"":""powdered infant formula control"",""Sample Type"":""food""}"		food-associated environment				healthy/control		"{""_cleared_strict_fields"":[{""cleared_companion_fields"":[{""field"":""Host_Disease_SD_Detail"",""is_primary"":""false"",""previous_value"":""healthy/no disease reported""},{""field"":""Host_Disease_SD_Method"",""is_primary"":""false"",""previous_value"":""context_dictionary""}],""cleared_field"":""Host_Disease_SD"",""destination_outcomes"":[{""condition"":""blank_or_same"",""detail"":""existing nonblank destination preserved per merge policy; existing=healthy/control; proposed=healthy"",""evidence"":""merge_policy=set_when_blank_or_same"",""field"":""Host_Health_State_SD"",""rule_id"":""PH2A-HD-HEALTHY-NO-DISEASE"",""status"":""existing_different"",""value"":""healthy""}],""destination_status"":""removal_only"",""method"":""semantic_phase2a_canonical_apply"",""previous_value"":""healthy/no disease reported"",""reason"":""healthy/no disease reported is health state not disease"",""removal_confidence"":""high"",""rule_id"":""PH2A-HD-HEALTHY-NO-DISEASE"",""ruleset_version"":""semantic_phase2a_confirmed_rules_v2"",""source_audit_commit"":""fea41b9430bcf245ce7052b503135316a1a255a2"",""source_raw_field"":"""",""source_raw_value"":""""}]}"
SC1-HHS-HEALTHY-CONTROL-HEALTH	applied	apply-now candidate	GCA_002075695.1	SAMN06124499	Cronobacter sakazakii	Host_Health_State_SD	healthy/control	Host_Health_State_SD	healthy	healthy/control	condition=always		"{""BioSample Isolation Source"":""powdered infant formula control"",""Host Disease"":""multi-ingedient| dairy"",""Isolation Source"":""powdered infant formula control"",""Sample Type"":""food""}"		food-associated environment				healthy/control		"{""_cleared_strict_fields"":[{""cleared_companion_fields"":[{""field"":""Host_Disease_SD_Detail"",""is_primary"":""false"",""previous_value"":""healthy/no disease reported""},{""field"":""Host_Disease_SD_Method"",""is_primary"":""false"",""previous_value"":""context_dictionary""}],""cleared_field"":""Host_Disease_SD"",""destination_outcomes"":[{""condition"":""blank_or_same"",""detail"":""existing nonblank destination preserved per merge policy; existing=healthy/control; proposed=healthy"",""evidence"":""merge_policy=set_when_blank_or_same"",""field"":""Host_Health_State_SD"",""rule_id"":""PH2A-HD-HEALTHY-NO-DISEASE"",""status"":""existing_different"",""value"":""healthy""}],""destination_status"":""removal_only"",""method"":""semantic_phase2a_canonical_apply"",""previous_value"":""healthy/no disease reported"",""reason"":""healthy/no disease reported is health state not disease"",""removal_confidence"":""high"",""rule_id"":""PH2A-HD-HEALTHY-NO-DISEASE"",""ruleset_version"":""semantic_phase2a_confirmed_rules_v2"",""source_audit_commit"":""fea41b9430bcf245ce7052b503135316a1a255a2"",""source_raw_field"":"""",""source_raw_value"":""""}]}"
SC1-HHS-HEALTHY-CONTROL-STUDY	applied	apply-now candidate	GCA_002075695.1	SAMN06124499	Cronobacter sakazakii	Host_Health_State_SD	healthy/control	Host_Study_Group_SD	control		condition=always		"{""BioSample Isolation Source"":""powdered infant formula control"",""Host Disease"":""multi-ingedient| dairy"",""Isolation Source"":""powdered infant formula control"",""Sample Type"":""food""}"		food-associated environment				healthy/control		"{""_cleared_strict_fields"":[{""cleared_companion_fields"":[{""field"":""Host_Disease_SD_Detail"",""is_primary"":""false"",""previous_value"":""healthy/no disease reported""},{""field"":""Host_Disease_SD_Method"",""is_primary"":""false"",""previous_value"":""context_dictionary""}],""cleared_field"":""Host_Disease_SD"",""destination_outcomes"":[{""condition"":""blank_or_same"",""detail"":""existing nonblank destination preserved per merge policy; existing=healthy/control; proposed=healthy"",""evidence"":""merge_policy=set_when_blank_or_same"",""field"":""Host_Health_State_SD"",""rule_id"":""PH2A-HD-HEALTHY-NO-DISEASE"",""status"":""existing_different"",""value"":""healthy""}],""destination_status"":""removal_only"",""method"":""semantic_phase2a_canonical_apply"",""previous_value"":""healthy/no disease reported"",""reason"":""healthy/no disease reported is health state not disease"",""removal_confidence"":""high"",""rule_id"":""PH2A-HD-HEALTHY-NO-DISEASE"",""ruleset_version"":""semantic_phase2a_confirmed_rules_v2"",""source_audit_commit"":""fea41b9430bcf245ce7052b503135316a1a255a2"",""source_raw_field"":"""",""source_raw_value"":""""}]}"
SC1-HHS-HEALTHY-CONTROL-HEALTH	applied	apply-now candidate	GCA_002208725.2	SAMN06173319	Prevotella melaninogenica	Host_Health_State_SD	healthy/control	Host_Health_State_SD	healthy	healthy/control	condition=always		"{""BioSample Host"":""Homo sapiens"",""BioSample Isolation Source"":""sputum from South Carolina Dept. of Health and Environmental Control"",""Host"":""Homo sapiens"",""Host_Cleaned"":""homo sapiens"",""Host_Original"":""Homo sapiens"",""Isolation Source"":""sputum from South Carolina Dept. of Health and Environmental Control""}"	air	environmental sample				healthy/control		"{""_cleared_strict_fields"":[{""cleared_companion_fields"":[{""field"":""Host_Disease_SD_Detail"",""is_primary"":""false"",""previous_value"":""healthy/no disease reported""},{""field"":""Host_Disease_SD_Method"",""is_primary"":""false"",""previous_value"":""context_dictionary""}],""cleared_field"":""Host_Disease_SD"",""destination_outcomes"":[{""condition"":""blank_or_same"",""detail"":""existing nonblank destination preserved per merge policy; existing=healthy/control; proposed=healthy"",""evidence"":""merge_policy=set_when_blank_or_same"",""field"":""Host_Health_State_SD"",""rule_id"":""PH2A-HD-HEALTHY-NO-DISEASE"",""status"":""existing_different"",""value"":""healthy""}],""destination_status"":""removal_only"",""method"":""semantic_phase2a_canonical_apply"",""previous_value"":""healthy/no disease reported"",""reason"":""healthy/no disease reported is health state not disease"",""removal_confidence"":""high"",""rule_id"":""PH2A-HD-HEALTHY-NO-DISEASE"",""ruleset_version"":""semantic_phase2a_confirmed_rules_v2"",""source_audit_commit"":""fea41b9430bcf245ce7052b503135316a1a255a2"",""source_raw_field"":"""",""source_raw_value"":""""}]}"
SC1-HHS-HEALTHY-CONTROL-STUDY	applied	apply-now candidate	GCA_002208725.2	SAMN06173319	Prevotella melaninogenica	Host_Health_State_SD	healthy/control	Host_Study_Group_SD	control		condition=always		"{""BioSample Host"":""Homo sapiens"",""BioSample Isolation Source"":""sputum from South Carolina Dept. of Health and Environmental Control"",""Host"":""Homo sapiens"",""Host_Cleaned"":""homo sapiens"",""Host_Original"":""Homo sapiens"",""Isolation Source"":""sputum from South Carolina Dept. of Health and Environmental Control""}"	air	environmental sample				healthy/control		"{""_cleared_strict_fields"":[{""cleared_companion_fields"":[{""field"":""Host_Disease_SD_Detail"",""is_primary"":""false"",""previous_value"":""healthy/no disease reported""},{""field"":""Host_Disease_SD_Method"",""is_primary"":""false"",""previous_value"":""context_dictionary""}],""cleared_field"":""Host_Disease_SD"",""destination_outcomes"":[{""condition"":""blank_or_same"",""detail"":""existing nonblank destination preserved per merge policy; existing=healthy/control; proposed=healthy"",""evidence"":""merge_policy=set_when_blank_or_same"",""field"":""Host_Health_State_SD"",""rule_id"":""PH2A-HD-HEALTHY-NO-DISEASE"",""status"":""existing_different"",""value"":""healthy""}],""destination_status"":""removal_only"",""method"":""semantic_phase2a_canonical_apply"",""previous_value"":""healthy/no disease reported"",""reason"":""healthy/no disease reported is health state not disease"",""removal_confidence"":""high"",""rule_id"":""PH2A-HD-HEALTHY-NO-DISEASE"",""ruleset_version"":""semantic_phase2a_confirmed_rules_v2"",""source_audit_commit"":""fea41b9430bcf245ce7052b503135316a1a255a2"",""source_raw_field"":"""",""source_raw_value"":""""}]}"
SC1-HHS-HEALTHY-CONTROL-HEALTH	applied	apply-now candidate	GCA_002285635.2	SAMN07488153	Chryseobacterium piperi	Host_Health_State_SD	healthy/control	Host_Health_State_SD	healthy	healthy/control	condition=always		"{""BioSample Isolation Source"":""laboratory control strain"",""Host Disease"":""clinical/research"",""Isolation Source"":""laboratory control strain""}"	laboratory	laboratory environment	laboratory	laboratory		healthy/control		"{""Environment_Broad_Scale_SD"":[{""confidence"":""high"",""evidence"":""destination_same=true"",""method"":""source_environment_semantic_completion"",""rule_id"":""SEC-BROAD-LABORATORY"",""ruleset_version"":""source_environment_semantic_completion_v1"",""source_current_field"":""Sample_Type_SD_Broad"",""source_current_value"":""laboratory environment"",""source_raw_field"":"""",""source_raw_value"":""""}],""Sampling_Context_SD"":[{""confidence"":""medium"",""evidence"":""destination_blank=true"",""method"":""source_environment_semantic_completion"",""rule_id"":""SEC-CONTEXT-LABORATORY"",""ruleset_version"":""source_environment_semantic_completion_v1"",""source_current_field"":""Sample_Type_SD"",""source_current_value"":""laboratory"",""source_raw_field"":"""",""source_raw_value"":""""}],""_cleared_strict_fields"":[{""cleared_companion_fields"":[{""field"":""Host_Disease_SD_Detail"",""is_primary"":""false"",""previous_value"":""healthy/no disease reported""},{""field"":""Host_Disease_SD_Method"",""is_primary"":""false"",""previous_value"":""context_dictionary""}],""cleared_field"":""Host_Disease_SD"",""destination_outcomes"":[{""condition"":""blank_or_same"",""detail"":""existing nonblank destination preserved per merge policy; existing=healthy/control; proposed=healthy"",""evidence"":""merge_policy=set_when_blank_or_same"",""field"":""Host_Health_State_SD"",""rule_id"":""PH2A-HD-HEALTHY-NO-DISEASE"",""status"":""existing_different"",""value"":""healthy""}],""destination_status"":""removal_only"",""method"":""semantic_phase2a_canonical_apply"",""previous_value"":""healthy/no disease reported"",""reason"":""healthy/no disease reported is health state not disease"",""removal_confidence"":""high"",""rule_id"":""PH2A-HD-HEALTHY-NO-DISEASE"",""ruleset_version"":""semantic_phase2a_confirmed_rules_v2"",""source_audit_commit"":""fea41b9430bcf245ce7052b503135316a1a255a2"",""source_raw_field"":"""",""source_raw_value"":""""}]}"
SC1-HHS-HEALTHY-CONTROL-STUDY	applied	apply-now candidate	GCA_002285635.2	SAMN07488153	Chryseobacterium piperi	Host_Health_State_SD	healthy/control	Host_Study_Group_SD	control		condition=always		"{""BioSample Isolation Source"":""laboratory control strain"",""Host Disease"":""clinical/research"",""Isolation Source"":""laboratory control strain""}"	laboratory	laboratory environment	laboratory	laboratory		healthy/control		"{""Environment_Broad_Scale_SD"":[{""confidence"":""high"",""evidence"":""destination_same=true"",""method"":""source_environment_semantic_completion"",""rule_id"":""SEC-BROAD-LABORATORY"",""ruleset_version"":""source_environment_semantic_completion_v1"",""source_current_field"":""Sample_Type_SD_Broad"",""source_current_value"":""laboratory environment"",""source_raw_field"":"""",""source_raw_value"":""""}],""Sampling_Context_SD"":[{""confidence"":""medium"",""evidence"":""destination_blank=true"",""method"":""source_environment_semantic_completion"",""rule_id"":""SEC-CONTEXT-LABORATORY"",""ruleset_version"":""source_environment_semantic_completion_v1"",""source_current_field"":""Sample_Type_SD"",""source_current_value"":""laboratory"",""source_raw_field"":"""",""source_raw_value"":""""}],""_cleared_strict_fields"":[{""cleared_companion_fields"":[{""field"":""Host_Disease_SD_Detail"",""is_primary"":""false"",""previous_value"":""healthy/no disease reported""},{""field"":""Host_Disease_SD_Method"",""is_primary"":""false"",""previous_value"":""context_dictionary""}],""cleared_field"":""Host_Disease_SD"",""destination_outcomes"":[{""condition"":""blank_or_same"",""detail"":""existing nonblank destination preserved per merge policy; existing=healthy/control; proposed=healthy"",""evidence"":""merge_policy=set_when_blank_or_same"",""field"":""Host_Health_State_SD"",""rule_id"":""PH2A-HD-HEALTHY-NO-DISEASE"",""status"":""existing_different"",""value"":""healthy""}],""destination_status"":""removal_only"",""method"":""semantic_phase2a_canonical_apply"",""previous_value"":""healthy/no disease reported"",""reason"":""healthy/no disease reported is health state not disease"",""removal_confidence"":""high"",""rule_id"":""PH2A-HD-HEALTHY-NO-DISEASE"",""ruleset_version"":""semantic_phase2a_confirmed_rules_v2"",""source_audit_commit"":""fea41b9430bcf245ce7052b503135316a1a255a2"",""source_raw_field"":"""",""source_raw_value"":""""}]}"
SC1-HHS-HEALTHY-CONTROL-HEALTH	applied	apply-now candidate	GCA_003058585.1	SAMN08381300	Helicobacter pylori	Host_Health_State_SD	healthy/control	Host_Health_State_SD	healthy	healthy/control	condition=always		"{""BioSample Host"":""Homo sapiens"",""BioSample Host Disease"":""Control"",""BioSample Isolation Source"":""stomach"",""Host"":""Homo sapiens"",""Host Disease"":""Control"",""Host_Cleaned"":""homo sapiens"",""Host_Original"":""Homo sapiens"",""Isolation Source"":""stomach""}"						healthy/control		"{""_cleared_strict_fields"":[{""cleared_companion_fields"":[{""field"":""Host_Disease_SD_Detail"",""is_primary"":""false"",""previous_value"":""healthy/no disease reported""},{""field"":""Host_Disease_SD_Method"",""is_primary"":""false"",""previous_value"":""dictionary""}],""cleared_field"":""Host_Disease_SD"",""destination_outcomes"":[{""condition"":""blank_or_same"",""detail"":""existing nonblank destination preserved per merge policy; existing=healthy/control; proposed=healthy"",""evidence"":""merge_policy=set_when_blank_or_same"",""field"":""Host_Health_State_SD"",""rule_id"":""PH2A-HD-HEALTHY-NO-DISEASE"",""status"":""existing_different"",""value"":""healthy""}],""destination_status"":""removal_only"",""method"":""semantic_phase2a_canonical_apply"",""previous_value"":""healthy/no disease reported"",""reason"":""healthy/no disease reported is health state not disease"",""removal_confidence"":""high"",""rule_id"":""PH2A-HD-HEALTHY-NO-DISEASE"",""ruleset_version"":""semantic_phase2a_confirmed_rules_v2"",""source_audit_commit"":""fea41b9430bcf245ce7052b503135316a1a255a2"",""source_raw_field"":"""",""source_raw_value"":""""}]}"
SC1-HHS-HEALTHY-CONTROL-STUDY	applied	apply-now candidate	GCA_003058585.1	SAMN08381300	Helicobacter pylori	Host_Health_State_SD	healthy/control	Host_Study_Group_SD	control		condition=always		"{""BioSample Host"":""Homo sapiens"",""BioSample Host Disease"":""Control"",""BioSample Isolation Source"":""stomach"",""Host"":""Homo sapiens"",""Host Disease"":""Control"",""Host_Cleaned"":""homo sapiens"",""Host_Original"":""Homo sapiens"",""Isolation Source"":""stomach""}"						healthy/control		"{""_cleared_strict_fields"":[{""cleared_companion_fields"":[{""field"":""Host_Disease_SD_Detail"",""is_primary"":""false"",""previous_value"":""healthy/no disease reported""},{""field"":""Host_Disease_SD_Method"",""is_primary"":""false"",""previous_value"":""dictionary""}],""cleared_field"":""Host_Disease_SD"",""destination_outcomes"":[{""condition"":""blank_or_same"",""detail"":""existing nonblank destination preserved per merge policy; existing=healthy/control; proposed=healthy"",""evidence"":""merge_policy=set_when_blank_or_same"",""field"":""Host_Health_State_SD"",""rule_id"":""PH2A-HD-HEALTHY-NO-DISEASE"",""status"":""existing_different"",""value"":""healthy""}],""destination_status"":""removal_only"",""method"":""semantic_phase2a_canonical_apply"",""previous_value"":""healthy/no disease reported"",""reason"":""healthy/no disease reported is health state not disease"",""removal_confidence"":""high"",""rule_id"":""PH2A-HD-HEALTHY-NO-DISEASE"",""ruleset_version"":""semantic_phase2a_confirmed_rules_v2"",""source_audit_commit"":""fea41b9430bcf245ce7052b503135316a1a255a2"",""source_raw_field"":"""",""source_raw_value"":""""}]}"
SC1-HHS-HEALTHY-CONTROL-HEALTH	applied	apply-now candidate	GCA_003058595.1	SAMN08381307	Helicobacter pylori	Host_Health_State_SD	healthy/control	Host_Health_State_SD	healthy	healthy/control	condition=always		"{""BioSample Host"":""Homo sapiens"",""BioSample Host Disease"":""Control"",""BioSample Isolation Source"":""stomach"",""Host"":""Homo sapiens"",""Host Disease"":""Control"",""Host_Cleaned"":""homo sapiens"",""Host_Original"":""Homo sapiens"",""Isolation Source"":""stomach""}"						healthy/control		"{""_cleared_strict_fields"":[{""cleared_companion_fields"":[{""field"":""Host_Disease_SD_Detail"",""is_primary"":""false"",""previous_value"":""healthy/no disease reported""},{""field"":""Host_Disease_SD_Method"",""is_primary"":""false"",""previous_value"":""dictionary""}],""cleared_field"":""Host_Disease_SD"",""destination_outcomes"":[{""condition"":""blank_or_same"",""detail"":""existing nonblank destination preserved per merge policy; existing=healthy/control; proposed=healthy"",""evidence"":""merge_policy=set_when_blank_or_same"",""field"":""Host_Health_State_SD"",""rule_id"":""PH2A-HD-HEALTHY-NO-DISEASE"",""status"":""existing_different"",""value"":""healthy""}],""destination_status"":""removal_only"",""method"":""semantic_phase2a_canonical_apply"",""previous_value"":""healthy/no disease reported"",""reason"":""healthy/no disease reported is health state not disease"",""removal_confidence"":""high"",""rule_id"":""PH2A-HD-HEALTHY-NO-DISEASE"",""ruleset_version"":""semantic_phase2a_confirmed_rules_v2"",""source_audit_commit"":""fea41b9430bcf245ce7052b503135316a1a255a2"",""source_raw_field"":"""",""source_raw_value"":""""}]}"
SC1-HHS-HEALTHY-CONTROL-STUDY	applied	apply-now candidate	GCA_003058595.1	SAMN08381307	Helicobacter pylori	Host_Health_State_SD	healthy/control	Host_Study_Group_SD	control		condition=always		"{""BioSample Host"":""Homo sapiens"",""BioSample Host Disease"":""Control"",""BioSample Isolation Source"":""stomach"",""Host"":""Homo sapiens"",""Host Disease"":""Control"",""Host_Cleaned"":""homo sapiens"",""Host_Original"":""Homo sapiens"",""Isolation Source"":""stomach""}"						healthy/control		"{""_cleared_strict_fields"":[{""cleared_companion_fields"":[{""field"":""Host_Disease_SD_Detail"",""is_primary"":""false"",""previous_value"":""healthy/no disease reported""},{""field"":""Host_Disease_SD_Method"",""is_primary"":""false"",""previous_value"":""dictionary""}],""cleared_field"":""Host_Disease_SD"",""destination_outcomes"":[{""condition"":""blank_or_same"",""detail"":""existing nonblank destination preserved per merge policy; existing=healthy/control; proposed=healthy"",""evidence"":""merge_policy=set_when_blank_or_same"",""field"":""Host_Health_State_SD"",""rule_id"":""PH2A-HD-HEALTHY-NO-DISEASE"",""status"":""existing_different"",""value"":""healthy""}],""destination_status"":""removal_only"",""method"":""semantic_phase2a_canonical_apply"",""previous_value"":""healthy/no disease reported"",""reason"":""healthy/no disease reported is health state not disease"",""removal_confidence"":""high"",""rule_id"":""PH2A-HD-HEALTHY-NO-DISEASE"",""ruleset_version"":""semantic_phase2a_confirmed_rules_v2"",""source_audit_commit"":""fea41b9430bcf245ce7052b503135316a1a255a2"",""source_raw_field"":"""",""source_raw_value"":""""}]}"
SC1-HHS-HEALTHY-CONTROL-HEALTH	applied	apply-now candidate	GCA_003058625.1	SAMN08381299	Helicobacter pylori	Host_Health_State_SD	healthy/control	Host_Health_State_SD	healthy	healthy/control	condition=always		"{""BioSample Host"":""Homo sapiens"",""BioSample Host Disease"":""Control"",""BioSample Isolation Source"":""stomach"",""Host"":""Homo sapiens"",""Host Disease"":""Control"",""Host_Cleaned"":""homo sapiens"",""Host_Original"":""Homo sapiens"",""Isolation Source"":""stomach""}"						healthy/control		"{""_cleared_strict_fields"":[{""cleared_companion_fields"":[{""field"":""Host_Disease_SD_Detail"",""is_primary"":""false"",""previous_value"":""healthy/no disease reported""},{""field"":""Host_Disease_SD_Method"",""is_primary"":""false"",""previous_value"":""dictionary""}],""cleared_field"":""Host_Disease_SD"",""destination_outcomes"":[{""condition"":""blank_or_same"",""detail"":""existing nonblank destination preserved per merge policy; existing=healthy/control; proposed=healthy"",""evidence"":""merge_policy=set_when_blank_or_same"",""field"":""Host_Health_State_SD"",""rule_id"":""PH2A-HD-HEALTHY-NO-DISEASE"",""status"":""existing_different"",""value"":""healthy""}],""destination_status"":""removal_only"",""method"":""semantic_phase2a_canonical_apply"",""previous_value"":""healthy/no disease reported"",""reason"":""healthy/no disease reported is health state not disease"",""removal_confidence"":""high"",""rule_id"":""PH2A-HD-HEALTHY-NO-DISEASE"",""ruleset_version"":""semantic_phase2a_confirmed_rules_v2"",""source_audit_commit"":""fea41b9430bcf245ce7052b503135316a1a255a2"",""source_raw_field"":"""",""source_raw_value"":""""}]}"
SC1-HHS-HEALTHY-CONTROL-STUDY	applied	apply-now candidate	GCA_003058625.1	SAMN08381299	Helicobacter pylori	Host_Health_State_SD	healthy/control	Host_Study_Group_SD	control		condition=always		"{""BioSample Host"":""Homo sapiens"",""BioSample Host Disease"":""Control"",""BioSample Isolation Source"":""stomach"",""Host"":""Homo sapiens"",""Host Disease"":""Control"",""Host_Cleaned"":""homo sapiens"",""Host_Original"":""Homo sapiens"",""Isolation Source"":""stomach""}"						healthy/control		"{""_cleared_strict_fields"":[{""cleared_companion_fields"":[{""field"":""Host_Disease_SD_Detail"",""is_primary"":""false"",""previous_value"":""healthy/no disease reported""},{""field"":""Host_Disease_SD_Method"",""is_primary"":""false"",""previous_value"":""dictionary""}],""cleared_field"":""Host_Disease_SD"",""destination_outcomes"":[{""condition"":""blank_or_same"",""detail"":""existing nonblank destination preserved per merge policy; existing=healthy/control; proposed=healthy"",""evidence"":""merge_policy=set_when_blank_or_same"",""field"":""Host_Health_State_SD"",""rule_id"":""PH2A-HD-HEALTHY-NO-DISEASE"",""status"":""existing_different"",""value"":""healthy""}],""destination_status"":""removal_only"",""method"":""semantic_phase2a_canonical_apply"",""previous_value"":""healthy/no disease reported"",""reason"":""healthy/no disease reported is health state not disease"",""removal_confidence"":""high"",""rule_id"":""PH2A-HD-HEALTHY-NO-DISEASE"",""ruleset_version"":""semantic_phase2a_confirmed_rules_v2"",""source_audit_commit"":""fea41b9430bcf245ce7052b503135316a1a255a2"",""source_raw_field"":"""",""source_raw_value"":""""}]}"
SC1-HHS-HEALTHY-CONTROL-HEALTH	applied	apply-now candidate	GCA_003058635.1	SAMN08381301	Helicobacter pylori	Host_Health_State_SD	healthy/control	Host_Health_State_SD	healthy	healthy/control	condition=always		"{""BioSample Host"":""Homo sapiens"",""BioSample Host Disease"":""Control"",""BioSample Isolation Source"":""stomach"",""Host"":""Homo sapiens"",""Host Disease"":""Control"",""Host_Cleaned"":""homo sapiens"",""Host_Original"":""Homo sapiens"",""Isolation Source"":""stomach""}"						healthy/control		"{""_cleared_strict_fields"":[{""cleared_companion_fields"":[{""field"":""Host_Disease_SD_Detail"",""is_primary"":""false"",""previous_value"":""healthy/no disease reported""},{""field"":""Host_Disease_SD_Method"",""is_primary"":""false"",""previous_value"":""dictionary""}],""cleared_field"":""Host_Disease_SD"",""destination_outcomes"":[{""condition"":""blank_or_same"",""detail"":""existing nonblank destination preserved per merge policy; existing=healthy/control; proposed=healthy"",""evidence"":""merge_policy=set_when_blank_or_same"",""field"":""Host_Health_State_SD"",""rule_id"":""PH2A-HD-HEALTHY-NO-DISEASE"",""status"":""existing_different"",""value"":""healthy""}],""destination_status"":""removal_only"",""method"":""semantic_phase2a_canonical_apply"",""previous_value"":""healthy/no disease reported"",""reason"":""healthy/no disease reported is health state not disease"",""removal_confidence"":""high"",""rule_id"":""PH2A-HD-HEALTHY-NO-DISEASE"",""ruleset_version"":""semantic_phase2a_confirmed_rules_v2"",""source_audit_commit"":""fea41b9430bcf245ce7052b503135316a1a255a2"",""source_raw_field"":"""",""source_raw_value"":""""}]}"
SC1-HHS-HEALTHY-CONTROL-STUDY	applied	apply-now candidate	GCA_003058635.1	SAMN08381301	Helicobacter pylori	Host_Health_State_SD	healthy/control	Host_Study_Group_SD	control		condition=always		"{""BioSample Host"":""Homo sapiens"",""BioSample Host Disease"":""Control"",""BioSample Isolation Source"":""stomach"",""Host"":""Homo sapiens"",""Host Disease"":""Control"",""Host_Cleaned"":""homo sapiens"",""Host_Original"":""Homo sapiens"",""Isolation Source"":""stomach""}"						healthy/control		"{""_cleared_strict_fields"":[{""cleared_companion_fields"":[{""field"":""Host_Disease_SD_Detail"",""is_primary"":""false"",""previous_value"":""healthy/no disease reported""},{""field"":""Host_Disease_SD_Method"",""is_primary"":""false"",""previous_value"":""dictionary""}],""cleared_field"":""Host_Disease_SD"",""destination_outcomes"":[{""condition"":""blank_or_same"",""detail"":""existing nonblank destination preserved per merge policy; existing=healthy/control; proposed=healthy"",""evidence"":""merge_policy=set_when_blank_or_same"",""field"":""Host_Health_State_SD"",""rule_id"":""PH2A-HD-HEALTHY-NO-DISEASE"",""status"":""existing_different"",""value"":""healthy""}],""destination_status"":""removal_only"",""method"":""semantic_phase2a_canonical_apply"",""previous_value"":""healthy/no disease reported"",""reason"":""healthy/no disease reported is health state not disease"",""removal_confidence"":""high"",""rule_id"":""PH2A-HD-HEALTHY-NO-DISEASE"",""ruleset_version"":""semantic_phase2a_confirmed_rules_v2"",""source_audit_commit"":""fea41b9430bcf245ce7052b503135316a1a255a2"",""source_raw_field"":"""",""source_raw_value"":""""}]}"
SC1-HHS-HEALTHY-CONTROL-HEALTH	applied	apply-now candidate	GCA_003058655.1	SAMN08381297	Helicobacter pylori	Host_Health_State_SD	healthy/control	Host_Health_State_SD	healthy	healthy/control	condition=always		"{""BioSample Host"":""Homo sapiens"",""BioSample Host Disease"":""Control"",""BioSample Isolation Source"":""stomach"",""Host"":""Homo sapiens"",""Host Disease"":""Control"",""Host_Cleaned"":""homo sapiens"",""Host_Original"":""Homo sapiens"",""Isolation Source"":""stomach""}"						healthy/control		"{""_cleared_strict_fields"":[{""cleared_companion_fields"":[{""field"":""Host_Disease_SD_Detail"",""is_primary"":""false"",""previous_value"":""healthy/no disease reported""},{""field"":""Host_Disease_SD_Method"",""is_primary"":""false"",""previous_value"":""dictionary""}],""cleared_field"":""Host_Disease_SD"",""destination_outcomes"":[{""condition"":""blank_or_same"",""detail"":""existing nonblank destination preserved per merge policy; existing=healthy/control; proposed=healthy"",""evidence"":""merge_policy=set_when_blank_or_same"",""field"":""Host_Health_State_SD"",""rule_id"":""PH2A-HD-HEALTHY-NO-DISEASE"",""status"":""existing_different"",""value"":""healthy""}],""destination_status"":""removal_only"",""method"":""semantic_phase2a_canonical_apply"",""previous_value"":""healthy/no disease reported"",""reason"":""healthy/no disease reported is health state not disease"",""removal_confidence"":""high"",""rule_id"":""PH2A-HD-HEALTHY-NO-DISEASE"",""ruleset_version"":""semantic_phase2a_confirmed_rules_v2"",""source_audit_commit"":""fea41b9430bcf245ce7052b503135316a1a255a2"",""source_raw_field"":"""",""source_raw_value"":""""}]}"
SC1-HHS-HEALTHY-CONTROL-STUDY	applied	apply-now candidate	GCA_003058655.1	SAMN08381297	Helicobacter pylori	Host_Health_State_SD	healthy/control	Host_Study_Group_SD	control		condition=always		"{""BioSample Host"":""Homo sapiens"",""BioSample Host Disease"":""Control"",""BioSample Isolation Source"":""stomach"",""Host"":""Homo sapiens"",""Host Disease"":""Control"",""Host_Cleaned"":""homo sapiens"",""Host_Original"":""Homo sapiens"",""Isolation Source"":""stomach""}"						healthy/control		"{""_cleared_strict_fields"":[{""cleared_companion_fields"":[{""field"":""Host_Disease_SD_Detail"",""is_primary"":""false"",""previous_value"":""healthy/no disease reported""},{""field"":""Host_Disease_SD_Method"",""is_primary"":""false"",""previous_value"":""dictionary""}],""cleared_field"":""Host_Disease_SD"",""destination_outcomes"":[{""condition"":""blank_or_same"",""detail"":""existing nonblank destination preserved per merge policy; existing=healthy/control; proposed=healthy"",""evidence"":""merge_policy=set_when_blank_or_same"",""field"":""Host_Health_State_SD"",""rule_id"":""PH2A-HD-HEALTHY-NO-DISEASE"",""status"":""existing_different"",""value"":""healthy""}],""destination_status"":""removal_only"",""method"":""semantic_phase2a_canonical_apply"",""previous_value"":""healthy/no disease reported"",""reason"":""healthy/no disease reported is health state not disease"",""removal_confidence"":""high"",""rule_id"":""PH2A-HD-HEALTHY-NO-DISEASE"",""ruleset_version"":""semantic_phase2a_confirmed_rules_v2"",""source_audit_commit"":""fea41b9430bcf245ce7052b503135316a1a255a2"",""source_raw_field"":"""",""source_raw_value"":""""}]}"
SC1-HHS-HEALTHY-CONTROL-HEALTH	applied	apply-now candidate	GCA_003058685.1	SAMN08381295	Helicobacter pylori	Host_Health_State_SD	healthy/control	Host_Health_State_SD	healthy	healthy/control	condition=always		"{""BioSample Host"":""Homo sapiens"",""BioSample Host Disease"":""Control"",""BioSample Isolation Source"":""stomach"",""Host"":""Homo sapiens"",""Host Disease"":""Control"",""Host_Cleaned"":""homo sapiens"",""Host_Original"":""Homo sapiens"",""Isolation Source"":""stomach""}"						healthy/control		"{""_cleared_strict_fields"":[{""cleared_companion_fields"":[{""field"":""Host_Disease_SD_Detail"",""is_primary"":""false"",""previous_value"":""healthy/no disease reported""},{""field"":""Host_Disease_SD_Method"",""is_primary"":""false"",""previous_value"":""dictionary""}],""cleared_field"":""Host_Disease_SD"",""destination_outcomes"":[{""condition"":""blank_or_same"",""detail"":""existing nonblank destination preserved per merge policy; existing=healthy/control; proposed=healthy"",""evidence"":""merge_policy=set_when_blank_or_same"",""field"":""Host_Health_State_SD"",""rule_id"":""PH2A-HD-HEALTHY-NO-DISEASE"",""status"":""existing_different"",""value"":""healthy""}],""destination_status"":""removal_only"",""method"":""semantic_phase2a_canonical_apply"",""previous_value"":""healthy/no disease reported"",""reason"":""healthy/no disease reported is health state not disease"",""removal_confidence"":""high"",""rule_id"":""PH2A-HD-HEALTHY-NO-DISEASE"",""ruleset_version"":""semantic_phase2a_confirmed_rules_v2"",""source_audit_commit"":""fea41b9430bcf245ce7052b503135316a1a255a2"",""source_raw_field"":"""",""source_raw_value"":""""}]}"
SC1-HHS-HEALTHY-CONTROL-STUDY	applied	apply-now candidate	GCA_003058685.1	SAMN08381295	Helicobacter pylori	Host_Health_State_SD	healthy/control	Host_Study_Group_SD	control		condition=always		"{""BioSample Host"":""Homo sapiens"",""BioSample Host Disease"":""Control"",""BioSample Isolation Source"":""stomach"",""Host"":""Homo sapiens"",""Host Disease"":""Control"",""Host_Cleaned"":""homo sapiens"",""Host_Original"":""Homo sapiens"",""Isolation Source"":""stomach""}"						healthy/control		"{""_cleared_strict_fields"":[{""cleared_companion_fields"":[{""field"":""Host_Disease_SD_Detail"",""is_primary"":""false"",""previous_value"":""healthy/no disease reported""},{""field"":""Host_Disease_SD_Method"",""is_primary"":""false"",""previous_value"":""dictionary""}],""cleared_field"":""Host_Disease_SD"",""destination_outcomes"":[{""condition"":""blank_or_same"",""detail"":""existing nonblank destination preserved per merge policy; existing=healthy/control; proposed=healthy"",""evidence"":""merge_policy=set_when_blank_or_same"",""field"":""Host_Health_State_SD"",""rule_id"":""PH2A-HD-HEALTHY-NO-DISEASE"",""status"":""existing_different"",""value"":""healthy""}],""destination_status"":""removal_only"",""method"":""semantic_phase2a_canonical_apply"",""previous_value"":""healthy/no disease reported"",""reason"":""healthy/no disease reported is health state not disease"",""removal_confidence"":""high"",""rule_id"":""PH2A-HD-HEALTHY-NO-DISEASE"",""ruleset_version"":""semantic_phase2a_confirmed_rules_v2"",""source_audit_commit"":""fea41b9430bcf245ce7052b503135316a1a255a2"",""source_raw_field"":"""",""source_raw_value"":""""}]}"
SC1-HHS-HEALTHY-CONTROL-HEALTH	applied	apply-now candidate	GCA_003058715.1	SAMN08381294	Helicobacter pylori	Host_Health_State_SD	healthy/control	Host_Health_State_SD	healthy	healthy/control	condition=always		"{""BioSample Host"":""Homo sapiens"",""BioSample Host Disease"":""Control"",""BioSample Isolation Source"":""stomach"",""Host"":""Homo sapiens"",""Host Disease"":""Control"",""Host_Cleaned"":""homo sapiens"",""Host_Original"":""Homo sapiens"",""Isolation Source"":""stomach""}"						healthy/control		"{""_cleared_strict_fields"":[{""cleared_companion_fields"":[{""field"":""Host_Disease_SD_Detail"",""is_primary"":""false"",""previous_value"":""healthy/no disease reported""},{""field"":""Host_Disease_SD_Method"",""is_primary"":""false"",""previous_value"":""dictionary""}],""cleared_field"":""Host_Disease_SD"",""destination_outcomes"":[{""condition"":""blank_or_same"",""detail"":""existing nonblank destination preserved per merge policy; existing=healthy/control; proposed=healthy"",""evidence"":""merge_policy=set_when_blank_or_same"",""field"":""Host_Health_State_SD"",""rule_id"":""PH2A-HD-HEALTHY-NO-DISEASE"",""status"":""existing_different"",""value"":""healthy""}],""destination_status"":""removal_only"",""method"":""semantic_phase2a_canonical_apply"",""previous_value"":""healthy/no disease reported"",""reason"":""healthy/no disease reported is health state not disease"",""removal_confidence"":""high"",""rule_id"":""PH2A-HD-HEALTHY-NO-DISEASE"",""ruleset_version"":""semantic_phase2a_confirmed_rules_v2"",""source_audit_commit"":""fea41b9430bcf245ce7052b503135316a1a255a2"",""source_raw_field"":"""",""source_raw_value"":""""}]}"
SC1-HHS-HEALTHY-CONTROL-STUDY	applied	apply-now candidate	GCA_003058715.1	SAMN08381294	Helicobacter pylori	Host_Health_State_SD	healthy/control	Host_Study_Group_SD	control		condition=always		"{""BioSample Host"":""Homo sapiens"",""BioSample Host Disease"":""Control"",""BioSample Isolation Source"":""stomach"",""Host"":""Homo sapiens"",""Host Disease"":""Control"",""Host_Cleaned"":""homo sapiens"",""Host_Original"":""Homo sapiens"",""Isolation Source"":""stomach""}"						healthy/control		"{""_cleared_strict_fields"":[{""cleared_companion_fields"":[{""field"":""Host_Disease_SD_Detail"",""is_primary"":""false"",""previous_value"":""healthy/no disease reported""},{""field"":""Host_Disease_SD_Method"",""is_primary"":""false"",""previous_value"":""dictionary""}],""cleared_field"":""Host_Disease_SD"",""destination_outcomes"":[{""condition"":""blank_or_same"",""detail"":""existing nonblank destination preserved per merge policy; existing=healthy/control; proposed=healthy"",""evidence"":""merge_policy=set_when_blank_or_same"",""field"":""Host_Health_State_SD"",""rule_id"":""PH2A-HD-HEALTHY-NO-DISEASE"",""status"":""existing_different"",""value"":""healthy""}],""destination_status"":""removal_only"",""method"":""semantic_phase2a_canonical_apply"",""previous_value"":""healthy/no disease reported"",""reason"":""healthy/no disease reported is health state not disease"",""removal_confidence"":""high"",""rule_id"":""PH2A-HD-HEALTHY-NO-DISEASE"",""ruleset_version"":""semantic_phase2a_confirmed_rules_v2"",""source_audit_commit"":""fea41b9430bcf245ce7052b503135316a1a255a2"",""source_raw_field"":"""",""source_raw_value"":""""}]}"
SC1-HHS-HEALTHY-CONTROL-HEALTH	applied	apply-now candidate	GCA_003058865.1	SAMN08381244	Helicobacter pylori	Host_Health_State_SD	healthy/control	Host_Health_State_SD	healthy	healthy/control	condition=always		"{""BioSample Host"":""Homo sapiens"",""BioSample Host Disease"":""Control"",""BioSample Isolation Source"":""stomach"",""Host"":""Homo sapiens"",""Host Disease"":""Control"",""Host_Cleaned"":""homo sapiens"",""Host_Original"":""Homo sapiens"",""Isolation Source"":""stomach""}"						healthy/control		"{""_cleared_strict_fields"":[{""cleared_companion_fields"":[{""field"":""Host_Disease_SD_Detail"",""is_primary"":""false"",""previous_value"":""healthy/no disease reported""},{""field"":""Host_Disease_SD_Method"",""is_primary"":""false"",""previous_value"":""dictionary""}],""cleared_field"":""Host_Disease_SD"",""destination_outcomes"":[{""condition"":""blank_or_same"",""detail"":""existing nonblank destination preserved per merge policy; existing=healthy/control; proposed=healthy"",""evidence"":""merge_policy=set_when_blank_or_same"",""field"":""Host_Health_State_SD"",""rule_id"":""PH2A-HD-HEALTHY-NO-DISEASE"",""status"":""existing_different"",""value"":""healthy""}],""destination_status"":""removal_only"",""method"":""semantic_phase2a_canonical_apply"",""previous_value"":""healthy/no disease reported"",""reason"":""healthy/no disease reported is health state not disease"",""removal_confidence"":""high"",""rule_id"":""PH2A-HD-HEALTHY-NO-DISEASE"",""ruleset_version"":""semantic_phase2a_confirmed_rules_v2"",""source_audit_commit"":""fea41b9430bcf245ce7052b503135316a1a255a2"",""source_raw_field"":"""",""source_raw_value"":""""}]}"
SC1-HHS-HEALTHY-CONTROL-STUDY	applied	apply-now candidate	GCA_003058865.1	SAMN08381244	Helicobacter pylori	Host_Health_State_SD	healthy/control	Host_Study_Group_SD	control		condition=always		"{""BioSample Host"":""Homo sapiens"",""BioSample Host Disease"":""Control"",""BioSample Isolation Source"":""stomach"",""Host"":""Homo sapiens"",""Host Disease"":""Control"",""Host_Cleaned"":""homo sapiens"",""Host_Original"":""Homo sapiens"",""Isolation Source"":""stomach""}"						healthy/control		"{""_cleared_strict_fields"":[{""cleared_companion_fields"":[{""field"":""Host_Disease_SD_Detail"",""is_primary"":""false"",""previous_value"":""healthy/no disease reported""},{""field"":""Host_Disease_SD_Method"",""is_primary"":""false"",""previous_value"":""dictionary""}],""cleared_field"":""Host_Disease_SD"",""destination_outcomes"":[{""condition"":""blank_or_same"",""detail"":""existing nonblank destination preserved per merge policy; existing=healthy/control; proposed=healthy"",""evidence"":""merge_policy=set_when_blank_or_same"",""field"":""Host_Health_State_SD"",""rule_id"":""PH2A-HD-HEALTHY-NO-DISEASE"",""status"":""existing_different"",""value"":""healthy""}],""destination_status"":""removal_only"",""method"":""semantic_phase2a_canonical_apply"",""previous_value"":""healthy/no disease reported"",""reason"":""healthy/no disease reported is health state not disease"",""removal_confidence"":""high"",""rule_id"":""PH2A-HD-HEALTHY-NO-DISEASE"",""ruleset_version"":""semantic_phase2a_confirmed_rules_v2"",""source_audit_commit"":""fea41b9430bcf245ce7052b503135316a1a255a2"",""source_raw_field"":"""",""source_raw_value"":""""}]}"
SC1-HHS-HEALTHY-CONTROL-HEALTH	applied	apply-now candidate	GCA_003058885.1	SAMN08381242	Helicobacter pylori	Host_Health_State_SD	healthy/control	Host_Health_State_SD	healthy	healthy/control	condition=always		"{""BioSample Host"":""Homo sapiens"",""BioSample Host Disease"":""Control"",""BioSample Isolation Source"":""stomach"",""Host"":""Homo sapiens"",""Host Disease"":""Control"",""Host_Cleaned"":""homo sapiens"",""Host_Original"":""Homo sapiens"",""Isolation Source"":""stomach""}"						healthy/control		"{""_cleared_strict_fields"":[{""cleared_companion_fields"":[{""field"":""Host_Disease_SD_Detail"",""is_primary"":""false"",""previous_value"":""healthy/no disease reported""},{""field"":""Host_Disease_SD_Method"",""is_primary"":""false"",""previous_value"":""dictionary""}],""cleared_field"":""Host_Disease_SD"",""destination_outcomes"":[{""condition"":""blank_or_same"",""detail"":""existing nonblank destination preserved per merge policy; existing=healthy/control; proposed=healthy"",""evidence"":""merge_policy=set_when_blank_or_same"",""field"":""Host_Health_State_SD"",""rule_id"":""PH2A-HD-HEALTHY-NO-DISEASE"",""status"":""existing_different"",""value"":""healthy""}],""destination_status"":""removal_only"",""method"":""semantic_phase2a_canonical_apply"",""previous_value"":""healthy/no disease reported"",""reason"":""healthy/no disease reported is health state not disease"",""removal_confidence"":""high"",""rule_id"":""PH2A-HD-HEALTHY-NO-DISEASE"",""ruleset_version"":""semantic_phase2a_confirmed_rules_v2"",""source_audit_commit"":""fea41b9430bcf245ce7052b503135316a1a255a2"",""source_raw_field"":"""",""source_raw_value"":""""}]}"
SC1-HHS-HEALTHY-CONTROL-STUDY	applied	apply-now candidate	GCA_003058885.1	SAMN08381242	Helicobacter pylori	Host_Health_State_SD	healthy/control	Host_Study_Group_SD	control		condition=always		"{""BioSample Host"":""Homo sapiens"",""BioSample Host Disease"":""Control"",""BioSample Isolation Source"":""stomach"",""Host"":""Homo sapiens"",""Host Disease"":""Control"",""Host_Cleaned"":""homo sapiens"",""Host_Original"":""Homo sapiens"",""Isolation Source"":""stomach""}"						healthy/control		"{""_cleared_strict_fields"":[{""cleared_companion_fields"":[{""field"":""Host_Disease_SD_Detail"",""is_primary"":""false"",""previous_value"":""healthy/no disease reported""},{""field"":""Host_Disease_SD_Method"",""is_primary"":""false"",""previous_value"":""dictionary""}],""cleared_field"":""Host_Disease_SD"",""destination_outcomes"":[{""condition"":""blank_or_same"",""detail"":""existing nonblank destination preserved per merge policy; existing=healthy/control; proposed=healthy"",""evidence"":""merge_policy=set_when_blank_or_same"",""field"":""Host_Health_State_SD"",""rule_id"":""PH2A-HD-HEALTHY-NO-DISEASE"",""status"":""existing_different"",""value"":""healthy""}],""destination_status"":""removal_only"",""method"":""semantic_phase2a_canonical_apply"",""previous_value"":""healthy/no disease reported"",""reason"":""healthy/no disease reported is health state not disease"",""removal_confidence"":""high"",""rule_id"":""PH2A-HD-HEALTHY-NO-DISEASE"",""ruleset_version"":""semantic_phase2a_confirmed_rules_v2"",""source_audit_commit"":""fea41b9430bcf245ce7052b503135316a1a255a2"",""source_raw_field"":"""",""source_raw_value"":""""}]}"
SC1-HHS-HEALTHY-CONTROL-HEALTH	applied	apply-now candidate	GCA_003058965.1	SAMN08381302	Helicobacter pylori	Host_Health_State_SD	healthy/control	Host_Health_State_SD	healthy	healthy/control	condition=always		"{""BioSample Host"":""Homo sapiens"",""BioSample Host Disease"":""Control"",""BioSample Isolation Source"":""stomach"",""Host"":""Homo sapiens"",""Host Disease"":""Control"",""Host_Cleaned"":""homo sapiens"",""Host_Original"":""Homo sapiens"",""Isolation Source"":""stomach""}"						healthy/control		"{""_cleared_strict_fields"":[{""cleared_companion_fields"":[{""field"":""Host_Disease_SD_Detail"",""is_primary"":""false"",""previous_value"":""healthy/no disease reported""},{""field"":""Host_Disease_SD_Method"",""is_primary"":""false"",""previous_value"":""dictionary""}],""cleared_field"":""Host_Disease_SD"",""destination_outcomes"":[{""condition"":""blank_or_same"",""detail"":""existing nonblank destination preserved per merge policy; existing=healthy/control; proposed=healthy"",""evidence"":""merge_policy=set_when_blank_or_same"",""field"":""Host_Health_State_SD"",""rule_id"":""PH2A-HD-HEALTHY-NO-DISEASE"",""status"":""existing_different"",""value"":""healthy""}],""destination_status"":""removal_only"",""method"":""semantic_phase2a_canonical_apply"",""previous_value"":""healthy/no disease reported"",""reason"":""healthy/no disease reported is health state not disease"",""removal_confidence"":""high"",""rule_id"":""PH2A-HD-HEALTHY-NO-DISEASE"",""ruleset_version"":""semantic_phase2a_confirmed_rules_v2"",""source_audit_commit"":""fea41b9430bcf245ce7052b503135316a1a255a2"",""source_raw_field"":"""",""source_raw_value"":""""}]}"
SC1-HHS-HEALTHY-CONTROL-STUDY	applied	apply-now candidate	GCA_003058965.1	SAMN08381302	Helicobacter pylori	Host_Health_State_SD	healthy/control	Host_Study_Group_SD	control		condition=always		"{""BioSample Host"":""Homo sapiens"",""BioSample Host Disease"":""Control"",""BioSample Isolation Source"":""stomach"",""Host"":""Homo sapiens"",""Host Disease"":""Control"",""Host_Cleaned"":""homo sapiens"",""Host_Original"":""Homo sapiens"",""Isolation Source"":""stomach""}"						healthy/control		"{""_cleared_strict_fields"":[{""cleared_companion_fields"":[{""field"":""Host_Disease_SD_Detail"",""is_primary"":""false"",""previous_value"":""healthy/no disease reported""},{""field"":""Host_Disease_SD_Method"",""is_primary"":""false"",""previous_value"":""dictionary""}],""cleared_field"":""Host_Disease_SD"",""destination_outcomes"":[{""condition"":""blank_or_same"",""detail"":""existing nonblank destination preserved per merge policy; existing=healthy/control; proposed=healthy"",""evidence"":""merge_policy=set_when_blank_or_same"",""field"":""Host_Health_State_SD"",""rule_id"":""PH2A-HD-HEALTHY-NO-DISEASE"",""status"":""existing_different"",""value"":""healthy""}],""destination_status"":""removal_only"",""method"":""semantic_phase2a_canonical_apply"",""previous_value"":""healthy/no disease reported"",""reason"":""healthy/no disease reported is health state not disease"",""removal_confidence"":""high"",""rule_id"":""PH2A-HD-HEALTHY-NO-DISEASE"",""ruleset_version"":""semantic_phase2a_confirmed_rules_v2"",""source_audit_commit"":""fea41b9430bcf245ce7052b503135316a1a255a2"",""source_raw_field"":"""",""source_raw_value"":""""}]}"
SC1-HHS-HEALTHY-CONTROL-HEALTH	applied	apply-now candidate	GCA_003058985.1	SAMN08381303	Helicobacter pylori	Host_Health_State_SD	healthy/control	Host_Health_State_SD	healthy	healthy/control	condition=always		"{""BioSample Host"":""Homo sapiens"",""BioSample Host Disease"":""Control"",""BioSample Isolation Source"":""stomach"",""Host"":""Homo sapiens"",""Host Disease"":""Control"",""Host_Cleaned"":""homo sapiens"",""Host_Original"":""Homo sapiens"",""Isolation Source"":""stomach""}"						healthy/control		"{""_cleared_strict_fields"":[{""cleared_companion_fields"":[{""field"":""Host_Disease_SD_Detail"",""is_primary"":""false"",""previous_value"":""healthy/no disease reported""},{""field"":""Host_Disease_SD_Method"",""is_primary"":""false"",""previous_value"":""dictionary""}],""cleared_field"":""Host_Disease_SD"",""destination_outcomes"":[{""condition"":""blank_or_same"",""detail"":""existing nonblank destination preserved per merge policy; existing=healthy/control; proposed=healthy"",""evidence"":""merge_policy=set_when_blank_or_same"",""field"":""Host_Health_State_SD"",""rule_id"":""PH2A-HD-HEALTHY-NO-DISEASE"",""status"":""existing_different"",""value"":""healthy""}],""destination_status"":""removal_only"",""method"":""semantic_phase2a_canonical_apply"",""previous_value"":""healthy/no disease reported"",""reason"":""healthy/no disease reported is health state not disease"",""removal_confidence"":""high"",""rule_id"":""PH2A-HD-HEALTHY-NO-DISEASE"",""ruleset_version"":""semantic_phase2a_confirmed_rules_v2"",""source_audit_commit"":""fea41b9430bcf245ce7052b503135316a1a255a2"",""source_raw_field"":"""",""source_raw_value"":""""}]}"
SC1-HHS-HEALTHY-CONTROL-STUDY	applied	apply-now candidate	GCA_003058985.1	SAMN08381303	Helicobacter pylori	Host_Health_State_SD	healthy/control	Host_Study_Group_SD	control		condition=always		"{""BioSample Host"":""Homo sapiens"",""BioSample Host Disease"":""Control"",""BioSample Isolation Source"":""stomach"",""Host"":""Homo sapiens"",""Host Disease"":""Control"",""Host_Cleaned"":""homo sapiens"",""Host_Original"":""Homo sapiens"",""Isolation Source"":""stomach""}"						healthy/control		"{""_cleared_strict_fields"":[{""cleared_companion_fields"":[{""field"":""Host_Disease_SD_Detail"",""is_primary"":""false"",""previous_value"":""healthy/no disease reported""},{""field"":""Host_Disease_SD_Method"",""is_primary"":""false"",""previous_value"":""dictionary""}],""cleared_field"":""Host_Disease_SD"",""destination_outcomes"":[{""condition"":""blank_or_same"",""detail"":""existing nonblank destination preserved per merge policy; existing=healthy/control; proposed=healthy"",""evidence"":""merge_policy=set_when_blank_or_same"",""field"":""Host_Health_State_SD"",""rule_id"":""PH2A-HD-HEALTHY-NO-DISEASE"",""status"":""existing_different"",""value"":""healthy""}],""destination_status"":""removal_only"",""method"":""semantic_phase2a_canonical_apply"",""previous_value"":""healthy/no disease reported"",""reason"":""healthy/no disease reported is health state not disease"",""removal_confidence"":""high"",""rule_id"":""PH2A-HD-HEALTHY-NO-DISEASE"",""ruleset_version"":""semantic_phase2a_confirmed_rules_v2"",""source_audit_commit"":""fea41b9430bcf245ce7052b503135316a1a255a2"",""source_raw_field"":"""",""source_raw_value"":""""}]}"
SC1-HHS-HEALTHY-CONTROL-HEALTH	applied	apply-now candidate	GCA_003058995.1	SAMN08381288	Helicobacter pylori	Host_Health_State_SD	healthy/control	Host_Health_State_SD	healthy	healthy/control	condition=always		"{""BioSample Host"":""Homo sapiens"",""BioSample Host Disease"":""Control"",""BioSample Isolation Source"":""stomach"",""Host"":""Homo sapiens"",""Host Disease"":""Control"",""Host_Cleaned"":""homo sapiens"",""Host_Original"":""Homo sapiens"",""Isolation Source"":""stomach""}"						healthy/control		"{""_cleared_strict_fields"":[{""cleared_companion_fields"":[{""field"":""Host_Disease_SD_Detail"",""is_primary"":""false"",""previous_value"":""healthy/no disease reported""},{""field"":""Host_Disease_SD_Method"",""is_primary"":""false"",""previous_value"":""dictionary""}],""cleared_field"":""Host_Disease_SD"",""destination_outcomes"":[{""condition"":""blank_or_same"",""detail"":""existing nonblank destination preserved per merge policy; existing=healthy/control; proposed=healthy"",""evidence"":""merge_policy=set_when_blank_or_same"",""field"":""Host_Health_State_SD"",""rule_id"":""PH2A-HD-HEALTHY-NO-DISEASE"",""status"":""existing_different"",""value"":""healthy""}],""destination_status"":""removal_only"",""method"":""semantic_phase2a_canonical_apply"",""previous_value"":""healthy/no disease reported"",""reason"":""healthy/no disease reported is health state not disease"",""removal_confidence"":""high"",""rule_id"":""PH2A-HD-HEALTHY-NO-DISEASE"",""ruleset_version"":""semantic_phase2a_confirmed_rules_v2"",""source_audit_commit"":""fea41b9430bcf245ce7052b503135316a1a255a2"",""source_raw_field"":"""",""source_raw_value"":""""}]}"
SC1-HHS-HEALTHY-CONTROL-STUDY	applied	apply-now candidate	GCA_003058995.1	SAMN08381288	Helicobacter pylori	Host_Health_State_SD	healthy/control	Host_Study_Group_SD	control		condition=always		"{""BioSample Host"":""Homo sapiens"",""BioSample Host Disease"":""Control"",""BioSample Isolation Source"":""stomach"",""Host"":""Homo sapiens"",""Host Disease"":""Control"",""Host_Cleaned"":""homo sapiens"",""Host_Original"":""Homo sapiens"",""Isolation Source"":""stomach""}"						healthy/control		"{""_cleared_strict_fields"":[{""cleared_companion_fields"":[{""field"":""Host_Disease_SD_Detail"",""is_primary"":""false"",""previous_value"":""healthy/no disease reported""},{""field"":""Host_Disease_SD_Method"",""is_primary"":""false"",""previous_value"":""dictionary""}],""cleared_field"":""Host_Disease_SD"",""destination_outcomes"":[{""condition"":""blank_or_same"",""detail"":""existing nonblank destination preserved per merge policy; existing=healthy/control; proposed=healthy"",""evidence"":""merge_policy=set_when_blank_or_same"",""field"":""Host_Health_State_SD"",""rule_id"":""PH2A-HD-HEALTHY-NO-DISEASE"",""status"":""existing_different"",""value"":""healthy""}],""destination_status"":""removal_only"",""method"":""semantic_phase2a_canonical_apply"",""previous_value"":""healthy/no disease reported"",""reason"":""healthy/no disease reported is health state not disease"",""removal_confidence"":""high"",""rule_id"":""PH2A-HD-HEALTHY-NO-DISEASE"",""ruleset_version"":""semantic_phase2a_confirmed_rules_v2"",""source_audit_commit"":""fea41b9430bcf245ce7052b503135316a1a255a2"",""source_raw_field"":"""",""source_raw_value"":""""}]}"
SC1-HHS-HEALTHY-CONTROL-HEALTH	applied	apply-now candidate	GCA_003059025.1	SAMN08381287	Helicobacter pylori	Host_Health_State_SD	healthy/control	Host_Health_State_SD	healthy	healthy/control	condition=always		"{""BioSample Host"":""Homo sapiens"",""BioSample Host Disease"":""Control"",""BioSample Isolation Source"":""stomach"",""Host"":""Homo sapiens"",""Host Disease"":""Control"",""Host_Cleaned"":""homo sapiens"",""Host_Original"":""Homo sapiens"",""Isolation Source"":""stomach""}"						healthy/control		"{""_cleared_strict_fields"":[{""cleared_companion_fields"":[{""field"":""Host_Disease_SD_Detail"",""is_primary"":""false"",""previous_value"":""healthy/no disease reported""},{""field"":""Host_Disease_SD_Method"",""is_primary"":""false"",""previous_value"":""dictionary""}],""cleared_field"":""Host_Disease_SD"",""destination_outcomes"":[{""condition"":""blank_or_same"",""detail"":""existing nonblank destination preserved per merge policy; existing=healthy/control; proposed=healthy"",""evidence"":""merge_policy=set_when_blank_or_same"",""field"":""Host_Health_State_SD"",""rule_id"":""PH2A-HD-HEALTHY-NO-DISEASE"",""status"":""existing_different"",""value"":""healthy""}],""destination_status"":""removal_only"",""method"":""semantic_phase2a_canonical_apply"",""previous_value"":""healthy/no disease reported"",""reason"":""healthy/no disease reported is health state not disease"",""removal_confidence"":""high"",""rule_id"":""PH2A-HD-HEALTHY-NO-DISEASE"",""ruleset_version"":""semantic_phase2a_confirmed_rules_v2"",""source_audit_commit"":""fea41b9430bcf245ce7052b503135316a1a255a2"",""source_raw_field"":"""",""source_raw_value"":""""}]}"
SC1-HHS-HEALTHY-CONTROL-STUDY	applied	apply-now candidate	GCA_003059025.1	SAMN08381287	Helicobacter pylori	Host_Health_State_SD	healthy/control	Host_Study_Group_SD	control		condition=always		"{""BioSample Host"":""Homo sapiens"",""BioSample Host Disease"":""Control"",""BioSample Isolation Source"":""stomach"",""Host"":""Homo sapiens"",""Host Disease"":""Control"",""Host_Cleaned"":""homo sapiens"",""Host_Original"":""Homo sapiens"",""Isolation Source"":""stomach""}"						healthy/control		"{""_cleared_strict_fields"":[{""cleared_companion_fields"":[{""field"":""Host_Disease_SD_Detail"",""is_primary"":""false"",""previous_value"":""healthy/no disease reported""},{""field"":""Host_Disease_SD_Method"",""is_primary"":""false"",""previous_value"":""dictionary""}],""cleared_field"":""Host_Disease_SD"",""destination_outcomes"":[{""condition"":""blank_or_same"",""detail"":""existing nonblank destination preserved per merge policy; existing=healthy/control; proposed=healthy"",""evidence"":""merge_policy=set_when_blank_or_same"",""field"":""Host_Health_State_SD"",""rule_id"":""PH2A-HD-HEALTHY-NO-DISEASE"",""status"":""existing_different"",""value"":""healthy""}],""destination_status"":""removal_only"",""method"":""semantic_phase2a_canonical_apply"",""previous_value"":""healthy/no disease reported"",""reason"":""healthy/no disease reported is health state not disease"",""removal_confidence"":""high"",""rule_id"":""PH2A-HD-HEALTHY-NO-DISEASE"",""ruleset_version"":""semantic_phase2a_confirmed_rules_v2"",""source_audit_commit"":""fea41b9430bcf245ce7052b503135316a1a255a2"",""source_raw_field"":"""",""source_raw_value"":""""}]}"
SC1-HHS-HEALTHY-CONTROL-HEALTH	applied	apply-now candidate	GCA_003059045.1	SAMN08381277	Helicobacter pylori	Host_Health_State_SD	healthy/control	Host_Health_State_SD	healthy	healthy/control	condition=always		"{""BioSample Host"":""Homo sapiens"",""BioSample Host Disease"":""Control"",""BioSample Isolation Source"":""stomach"",""Host"":""Homo sapiens"",""Host Disease"":""Control"",""Host_Cleaned"":""homo sapiens"",""Host_Original"":""Homo sapiens"",""Isolation Source"":""stomach""}"						healthy/control		"{""_cleared_strict_fields"":[{""cleared_companion_fields"":[{""field"":""Host_Disease_SD_Detail"",""is_primary"":""false"",""previous_value"":""healthy/no disease reported""},{""field"":""Host_Disease_SD_Method"",""is_primary"":""false"",""previous_value"":""dictionary""}],""cleared_field"":""Host_Disease_SD"",""destination_outcomes"":[{""condition"":""blank_or_same"",""detail"":""existing nonblank destination preserved per merge policy; existing=healthy/control; proposed=healthy"",""evidence"":""merge_policy=set_when_blank_or_same"",""field"":""Host_Health_State_SD"",""rule_id"":""PH2A-HD-HEALTHY-NO-DISEASE"",""status"":""existing_different"",""value"":""healthy""}],""destination_status"":""removal_only"",""method"":""semantic_phase2a_canonical_apply"",""previous_value"":""healthy/no disease reported"",""reason"":""healthy/no disease reported is health state not disease"",""removal_confidence"":""high"",""rule_id"":""PH2A-HD-HEALTHY-NO-DISEASE"",""ruleset_version"":""semantic_phase2a_confirmed_rules_v2"",""source_audit_commit"":""fea41b9430bcf245ce7052b503135316a1a255a2"",""source_raw_field"":"""",""source_raw_value"":""""}]}"
SC1-HHS-HEALTHY-CONTROL-STUDY	applied	apply-now candidate	GCA_003059045.1	SAMN08381277	Helicobacter pylori	Host_Health_State_SD	healthy/control	Host_Study_Group_SD	control		condition=always		"{""BioSample Host"":""Homo sapiens"",""BioSample Host Disease"":""Control"",""BioSample Isolation Source"":""stomach"",""Host"":""Homo sapiens"",""Host Disease"":""Control"",""Host_Cleaned"":""homo sapiens"",""Host_Original"":""Homo sapiens"",""Isolation Source"":""stomach""}"						healthy/control		"{""_cleared_strict_fields"":[{""cleared_companion_fields"":[{""field"":""Host_Disease_SD_Detail"",""is_primary"":""false"",""previous_value"":""healthy/no disease reported""},{""field"":""Host_Disease_SD_Method"",""is_primary"":""false"",""previous_value"":""dictionary""}],""cleared_field"":""Host_Disease_SD"",""destination_outcomes"":[{""condition"":""blank_or_same"",""detail"":""existing nonblank destination preserved per merge policy; existing=healthy/control; proposed=healthy"",""evidence"":""merge_policy=set_when_blank_or_same"",""field"":""Host_Health_State_SD"",""rule_id"":""PH2A-HD-HEALTHY-NO-DISEASE"",""status"":""existing_different"",""value"":""healthy""}],""destination_status"":""removal_only"",""method"":""semantic_phase2a_canonical_apply"",""previous_value"":""healthy/no disease reported"",""reason"":""healthy/no disease reported is health state not disease"",""removal_confidence"":""high"",""rule_id"":""PH2A-HD-HEALTHY-NO-DISEASE"",""ruleset_version"":""semantic_phase2a_confirmed_rules_v2"",""source_audit_commit"":""fea41b9430bcf245ce7052b503135316a1a255a2"",""source_raw_field"":"""",""source_raw_value"":""""}]}"
SC1-HHS-DISEASED-PATIENT-HEALTH	applied	apply-now candidate	GCA_003112695.1	SAMD00113005	Azospira sp. I13	Host_Health_State_SD	diseased/patient	Host_Health_State_SD	diseased	diseased/patient	condition=always		"{""BioSample Host Health State"":""disease: otitis media"",""BioSample Isolation Source"":""middle ear"",""Host"":""Homo sapiens"",""Host Health State"":""disease: otitis media"",""Host_Cleaned"":""homo sapiens"",""Host_Original"":""Homo sapiens"",""Isolation Source"":""middle ear""}"						diseased/patient		{}
SC1-HHS-DISEASED-PATIENT-HUMAN	applied	apply-now candidate; verify independent human evidence in examples	GCA_003112695.1	SAMD00113005	Azospira sp. I13	Host_Health_State_SD	diseased/patient	Host_Context_SD	human-associated		human_host_evidence=true		"{""BioSample Host Health State"":""disease: otitis media"",""BioSample Isolation Source"":""middle ear"",""Host"":""Homo sapiens"",""Host Health State"":""disease: otitis media"",""Host_Cleaned"":""homo sapiens"",""Host_Original"":""Homo sapiens"",""Isolation Source"":""middle ear""}"						diseased/patient		{}
SC1-ENV-MEDIUM-HEALTHCARE-FACILITY	applied	hold for manual review	GCA_004359005.1	SAMN10799735	Mycolicibacterium obuense	Environment_Medium_SD	healthcare facility	Environment_Local_Scale_SD	healthcare facility		destination_blank=true		{}	healthcare facility	healthcare-associated environment						"{""Environment_Broad_Scale_SD"":[{""confidence"":""high"",""evidence"":""destination_same=true"",""method"":""source_environment_semantic_completion"",""rule_id"":""SEC-BROAD-HEALTHCARE"",""ruleset_version"":""source_environment_semantic_completion_v1"",""source_current_field"":""Environment_Broad_Scale_SD"",""source_current_value"":""healthcare-associated environment"",""source_raw_field"":""Environment_Broad_Scale_SD"",""source_raw_value"":""healthcare-associated environment""}]}"
SC1-ENV-MEDIUM-HEALTHCARE-FACILITY	applied	hold for manual review	GCA_004359015.1	SAMN10799737	Mycobacterium paragordonae	Environment_Medium_SD	healthcare facility	Environment_Local_Scale_SD	healthcare facility		destination_blank=true		{}	healthcare facility	healthcare-associated environment						"{""Environment_Broad_Scale_SD"":[{""confidence"":""high"",""evidence"":""destination_same=true"",""method"":""source_environment_semantic_completion"",""rule_id"":""SEC-BROAD-HEALTHCARE"",""ruleset_version"":""source_environment_semantic_completion_v1"",""source_current_field"":""Environment_Broad_Scale_SD"",""source_current_value"":""healthcare-associated environment"",""source_raw_field"":""Environment_Broad_Scale_SD"",""source_raw_value"":""healthcare-associated environment""}]}"
SC1-ENV-MEDIUM-HEALTHCARE-FACILITY	applied	hold for manual review	GCA_004359025.1	SAMN10799738	Mycobacterium paragordonae	Environment_Medium_SD	healthcare facility	Environment_Local_Scale_SD	healthcare facility		destination_blank=true		{}	healthcare facility	healthcare-associated environment						"{""Environment_Broad_Scale_SD"":[{""confidence"":""high"",""evidence"":""destination_same=true"",""method"":""source_environment_semantic_completion"",""rule_id"":""SEC-BROAD-HEALTHCARE"",""ruleset_version"":""source_environment_semantic_completion_v1"",""source_current_field"":""Environment_Broad_Scale_SD"",""source_current_value"":""healthcare-associated environment"",""source_raw_field"":""Environment_Broad_Scale_SD"",""source_raw_value"":""healthcare-associated environment""}]}"
SC1-ENV-MEDIUM-HEALTHCARE-FACILITY	applied	hold for manual review	GCA_004359035.1	SAMN10799734	Mycobacterium paragordonae	Environment_Medium_SD	healthcare facility	Environment_Local_Scale_SD	healthcare facility		destination_blank=true		{}	healthcare facility	healthcare-associated environment						"{""Environment_Broad_Scale_SD"":[{""confidence"":""high"",""evidence"":""destination_same=true"",""method"":""source_environment_semantic_completion"",""rule_id"":""SEC-BROAD-HEALTHCARE"",""ruleset_version"":""source_environment_semantic_completion_v1"",""source_current_field"":""Environment_Broad_Scale_SD"",""source_current_value"":""healthcare-associated environment"",""source_raw_field"":""Environment_Broad_Scale_SD"",""source_raw_value"":""healthcare-associated environment""}]}"
SC1-ENV-MEDIUM-HEALTHCARE-FACILITY	applied	hold for manual review	GCA_004359045.1	SAMN10799736	Mycolicibacterium mucogenicum	Environment_Medium_SD	healthcare facility	Environment_Local_Scale_SD	healthcare facility		destination_blank=true		{}	healthcare facility	healthcare-associated environment						"{""Environment_Broad_Scale_SD"":[{""confidence"":""high"",""evidence"":""destination_same=true"",""method"":""source_environment_semantic_completion"",""rule_id"":""SEC-BROAD-HEALTHCARE"",""ruleset_version"":""source_environment_semantic_completion_v1"",""source_current_field"":""Environment_Broad_Scale_SD"",""source_current_value"":""healthcare-associated environment"",""source_raw_field"":""Environment_Broad_Scale_SD"",""source_raw_value"":""healthcare-associated environment""}]}"
SC1-ENV-MEDIUM-MARINE	applied	hold for manual review	GCA_007832195.1	SAMN05583246	Bacillus licheniformis	Environment_Medium_SD	marine	Environment_Broad_Scale_SD	marine environment		destination_blank=true		{}	marine							{}
SC1-ENV-LOCAL-AGRICULTURAL-ENV	applied	hold for manual review	GCA_010096965.1	SAMN04331094	Listeria monocytogenes	Environment_Local_Scale_SD	agricultural environment	Environment_Broad_Scale_SD	agricultural environment	environmental sample	destination_blank=true		"{""Isolation Source"":""Environmental, Swab or Sampling; drain; agricultural - dairy""}"	air	environmental sample	agricultural environment					{}
SC1-ENV-LOCAL-AGRICULTURAL-ENV	applied	hold for manual review	GCA_010098185.1	SAMN04331187	Listeria monocytogenes	Environment_Local_Scale_SD	agricultural environment	Environment_Broad_Scale_SD	agricultural environment	environmental sample	destination_blank=true		"{""Isolation Source"":""Environmental, Swab or Sampling; swab - inanimate object surface; agricultural - dairy""}"	air	environmental sample	agricultural environment					{}
SC1-ENV-LOCAL-AGRICULTURAL-ENV	applied	hold for manual review	GCA_010098365.1	SAMN04331183	Listeria monocytogenes	Environment_Local_Scale_SD	agricultural environment	Environment_Broad_Scale_SD	agricultural environment	environmental sample	destination_blank=true		"{""Isolation Source"":""Environmental, Swab or Sampling; swab - inanimate object surface; agricultural - dairy""}"	air	environmental sample	agricultural environment					{}
SC1-ENV-LOCAL-AGRICULTURAL-ENV	applied	hold for manual review	GCA_010098585.1	SAMN04331185	Listeria monocytogenes	Environment_Local_Scale_SD	agricultural environment	Environment_Broad_Scale_SD	agricultural environment	environmental sample	destination_blank=true		"{""Isolation Source"":""Environmental, Swab or Sampling; swab - inanimate object surface; agricultural - dairy""}"	air	environmental sample	agricultural environment					{}
SC1-ENV-LOCAL-AGRICULTURAL-ENV	applied	hold for manual review	GCA_010098785.1	SAMN04331182	Listeria monocytogenes	Environment_Local_Scale_SD	agricultural environment	Environment_Broad_Scale_SD	agricultural environment	environmental sample	destination_blank=true		"{""Isolation Source"":""Environmental, Swab or Sampling; swab - inanimate object surface; agricultural - dairy""}"	air	environmental sample	agricultural environment					{}
SC1-ENV-MEDIUM-MARINE	applied	hold for manual review	GCA_019798055.1	SAMN19763611	Salsipaludibacter albus	Environment_Medium_SD	marine	Environment_Broad_Scale_SD	marine environment		destination_blank=true		"{""BioSample Isolation Source"":""one-year dried salt witout any treatment"",""Isolation Source"":""one-year dried salt witout any treatment""}"	marine							{}
SC1-ENV-LOCAL-AGRICULTURAL-ENV	applied	hold for manual review	GCA_022808635.1	SAMN24896226	Ralstonia pseudosolanacearum	Environment_Local_Scale_SD	agricultural environment	Environment_Broad_Scale_SD	agricultural environment	environmental sample	destination_blank=true		"{""BioSample Host"":""tobacco"",""BioSample Isolation Source"":""agricultural environmental material"",""Host"":""tobacco"",""Host_Cleaned"":""tobacco"",""Host_Original"":""tobacco"",""Isolation Source"":""agricultural environmental material"",""Sample Type"":""Tissue sample""}"	air	environmental sample	agricultural environment					"{""Sample_Material_SD"":[{""confidence"":""medium"",""evidence"":""destination_blank=true"",""method"":""source_environment_semantic_completion"",""rule_id"":""SEC-MATERIAL-TISSUE"",""ruleset_version"":""source_environment_semantic_completion_v1"",""source_current_field"":""Sample_Type_SD"",""source_current_value"":""tissue"",""source_raw_field"":"""",""source_raw_value"":""""}]}"
SC1-ENV-LOCAL-AGRICULTURAL-ENV	applied	hold for manual review	GCA_024102695.1	SAMN17951857	Sinorhizobium meliloti	Environment_Local_Scale_SD	agricultural environment	Environment_Broad_Scale_SD	agricultural environment	environmental sample	destination_blank=true		"{""BioSample Host"":""legume"",""BioSample Isolation Source"":""nodules"",""Host"":""legume"",""Host_Cleaned"":""legume"",""Host_Original"":""legume"",""Isolation Source"":""nodules""}"	soil	environmental sample	agricultural environment					{}
SC1-ENV-BROAD-WASTEWATER	applied	hold for manual review	GCA_039961615.1	SAMN14837130	Ignavibacterium sp.	Environment_Broad_Scale_SD	wastewater/sewage	Environment_Medium_SD	wastewater/sewage		destination_blank=true		"{""BioSample Isolation Source"":""Enrichment reactor operating at elevated temperatures"",""Isolation Source"":""Enrichment reactor operating at elevated temperatures"",""Sample Type"":""metagenomic assembly""}"		wastewater/sewage						{}
SC1-ENV-BROAD-WASTEWATER	applied	hold for manual review	GCA_039961715.1	SAMN14837122	Ignavibacterium sp.	Environment_Broad_Scale_SD	wastewater/sewage	Environment_Medium_SD	wastewater/sewage		destination_blank=true		"{""BioSample Isolation Source"":""Enrichment reactor operating at elevated temperatures"",""Isolation Source"":""Enrichment reactor operating at elevated temperatures"",""Sample Type"":""metagenomic assembly""}"		wastewater/sewage						{}
SC1-ENV-BROAD-WASTEWATER	applied	hold for manual review	GCA_040048245.1	SAMN14837119	Candidatus Brocadia sp.	Environment_Broad_Scale_SD	wastewater/sewage	Environment_Medium_SD	wastewater/sewage		destination_blank=true		"{""BioSample Isolation Source"":""Enrichment reactor operating at elevated temperatures"",""Isolation Source"":""Enrichment reactor operating at elevated temperatures"",""Sample Type"":""metagenomic assembly""}"		wastewater/sewage						{}
SC1-ENV-BROAD-WASTEWATER	applied	hold for manual review	GCA_041916535.1	SAMN38072007	Fuscovulum sp.	Environment_Broad_Scale_SD	wastewater/sewage	Environment_Medium_SD	wastewater/sewage		destination_blank=true		"{""BioSample Isolation Source"":""aerobic bioreactor [ENVO:00002123]"",""Isolation Source"":""aerobic bioreactor [ENVO:00002123]"",""Sample Type"":""metagenomic assembly""}"		wastewater/sewage						{}
SC1-ENV-BROAD-WASTEWATER	applied	hold for manual review	GCA_041916595.1	SAMN38072064	Lacunisphaera sp.	Environment_Broad_Scale_SD	wastewater/sewage	Environment_Medium_SD	wastewater/sewage		destination_blank=true		"{""BioSample Isolation Source"":""aerobic bioreactor [ENVO:00002123]"",""Isolation Source"":""aerobic bioreactor [ENVO:00002123]"",""Sample Type"":""metagenomic assembly""}"		wastewater/sewage						{}
SC1-ENV-BROAD-WASTEWATER	applied	hold for manual review	GCA_041916655.1	SAMN38071877	Azonexus sp.	Environment_Broad_Scale_SD	wastewater/sewage	Environment_Medium_SD	wastewater/sewage		destination_blank=true		"{""BioSample Isolation Source"":""aerobic bioreactor [ENVO:00002123]"",""Isolation Source"":""aerobic bioreactor [ENVO:00002123]"",""Sample Type"":""metagenomic assembly""}"		wastewater/sewage						{}
SC1-ENV-BROAD-WASTEWATER	applied	hold for manual review	GCA_041916675.1	SAMN38071948	Devosia sp.	Environment_Broad_Scale_SD	wastewater/sewage	Environment_Medium_SD	wastewater/sewage		destination_blank=true		"{""BioSample Isolation Source"":""aerobic bioreactor [ENVO:00002123]"",""Isolation Source"":""aerobic bioreactor [ENVO:00002123]"",""Sample Type"":""metagenomic assembly""}"		wastewater/sewage						{}
SC1-ENV-BROAD-WASTEWATER	applied	hold for manual review	GCA_041916695.1	SAMN38071947	Devosia sp.	Environment_Broad_Scale_SD	wastewater/sewage	Environment_Medium_SD	wastewater/sewage		destination_blank=true		"{""BioSample Isolation Source"":""aerobic bioreactor [ENVO:00002123]"",""Isolation Source"":""aerobic bioreactor [ENVO:00002123]"",""Sample Type"":""metagenomic assembly""}"		wastewater/sewage						{}
SC1-ENV-BROAD-WASTEWATER	applied	hold for manual review	GCA_041916735.1	SAMN38072377	Zoogloea sp.	Environment_Broad_Scale_SD	wastewater/sewage	Environment_Medium_SD	wastewater/sewage		destination_blank=true		"{""BioSample Isolation Source"":""aerobic bioreactor [ENVO:00002123]"",""Isolation Source"":""aerobic bioreactor [ENVO:00002123]"",""Sample Type"":""metagenomic assembly""}"		wastewater/sewage						{}
SC1-ENV-BROAD-WASTEWATER	applied	hold for manual review	GCA_041916745.1	SAMN38072264	Stenotrophomonas lactitubi	Environment_Broad_Scale_SD	wastewater/sewage	Environment_Medium_SD	wastewater/sewage		destination_blank=true		"{""BioSample Isolation Source"":""aerobic bioreactor [ENVO:00002123]"",""Isolation Source"":""aerobic bioreactor [ENVO:00002123]"",""Sample Type"":""metagenomic assembly""}"		wastewater/sewage						{}
SC1-ENV-BROAD-WASTEWATER	applied	hold for manual review	GCA_041916855.1	SAMN38072040	Inhella sp.	Environment_Broad_Scale_SD	wastewater/sewage	Environment_Medium_SD	wastewater/sewage		destination_blank=true		"{""BioSample Isolation Source"":""aerobic bioreactor [ENVO:00002123]"",""Isolation Source"":""aerobic bioreactor [ENVO:00002123]"",""Sample Type"":""metagenomic assembly""}"		wastewater/sewage						{}
SC1-ENV-BROAD-WASTEWATER	applied	hold for manual review	GCA_041916875.1	SAMN38072002	Flavobacterium sp.	Environment_Broad_Scale_SD	wastewater/sewage	Environment_Medium_SD	wastewater/sewage		destination_blank=true		"{""BioSample Isolation Source"":""aerobic bioreactor [ENVO:00002123]"",""Isolation Source"":""aerobic bioreactor [ENVO:00002123]"",""Sample Type"":""metagenomic assembly""}"		wastewater/sewage						{}
SC1-ENV-BROAD-WASTEWATER	applied	hold for manual review	GCA_041916895.1	SAMN38072167	Propionicimonas sp.	Environment_Broad_Scale_SD	wastewater/sewage	Environment_Medium_SD	wastewater/sewage		destination_blank=true		"{""BioSample Isolation Source"":""aerobic bioreactor [ENVO:00002123]"",""Isolation Source"":""aerobic bioreactor [ENVO:00002123]"",""Sample Type"":""metagenomic assembly""}"		wastewater/sewage						{}
SC1-ENV-BROAD-WASTEWATER	applied	hold for manual review	GCA_041916915.1	SAMN38071949	Devosia sp.	Environment_Broad_Scale_SD	wastewater/sewage	Environment_Medium_SD	wastewater/sewage		destination_blank=true		"{""BioSample Isolation Source"":""aerobic bioreactor [ENVO:00002123]"",""Isolation Source"":""aerobic bioreactor [ENVO:00002123]"",""Sample Type"":""metagenomic assembly""}"		wastewater/sewage						{}
SC1-ENV-BROAD-WASTEWATER	applied	hold for manual review	GCA_041916955.1	SAMN38071985	Exiguobacterium sp.	Environment_Broad_Scale_SD	wastewater/sewage	Environment_Medium_SD	wastewater/sewage		destination_blank=true		"{""BioSample Isolation Source"":""aerobic bioreactor [ENVO:00002123]"",""Isolation Source"":""aerobic bioreactor [ENVO:00002123]"",""Sample Type"":""metagenomic assembly""}"		wastewater/sewage						{}
SC1-ENV-BROAD-WASTEWATER	applied	hold for manual review	GCA_041916975.1	SAMN38072258	Sphingosinicella sp.	Environment_Broad_Scale_SD	wastewater/sewage	Environment_Medium_SD	wastewater/sewage		destination_blank=true		"{""BioSample Isolation Source"":""aerobic bioreactor [ENVO:00002123]"",""Isolation Source"":""aerobic bioreactor [ENVO:00002123]"",""Sample Type"":""metagenomic assembly""}"		wastewater/sewage						{}
SC1-ENV-BROAD-WASTEWATER	applied	hold for manual review	GCA_041916995.1	SAMN38071834	Agrobacterium salinitolerans	Environment_Broad_Scale_SD	wastewater/sewage	Environment_Medium_SD	wastewater/sewage		destination_blank=true		"{""BioSample Isolation Source"":""aerobic bioreactor [ENVO:00002123]"",""Isolation Source"":""aerobic bioreactor [ENVO:00002123]"",""Sample Type"":""metagenomic assembly""}"		wastewater/sewage						{}
SC1-ENV-BROAD-WASTEWATER	applied	hold for manual review	GCA_041917015.1	SAMN38072284	Thauera aminoaromatica	Environment_Broad_Scale_SD	wastewater/sewage	Environment_Medium_SD	wastewater/sewage		destination_blank=true		"{""BioSample Isolation Source"":""aerobic bioreactor [ENVO:00002123]"",""Isolation Source"":""aerobic bioreactor [ENVO:00002123]"",""Sample Type"":""metagenomic assembly""}"		wastewater/sewage						{}
SC1-ENV-BROAD-WASTEWATER	applied	hold for manual review	GCA_041917035.1	SAMN38071946	Devosia sp.	Environment_Broad_Scale_SD	wastewater/sewage	Environment_Medium_SD	wastewater/sewage		destination_blank=true		"{""BioSample Isolation Source"":""aerobic bioreactor [ENVO:00002123]"",""Isolation Source"":""aerobic bioreactor [ENVO:00002123]"",""Sample Type"":""metagenomic assembly""}"		wastewater/sewage						{}
SC1-ENV-BROAD-WASTEWATER	applied	hold for manual review	GCA_041917075.1	SAMN38071938	Delftia acidovorans	Environment_Broad_Scale_SD	wastewater/sewage	Environment_Medium_SD	wastewater/sewage		destination_blank=true		"{""BioSample Isolation Source"":""aerobic bioreactor [ENVO:00002123]"",""Isolation Source"":""aerobic bioreactor [ENVO:00002123]"",""Sample Type"":""metagenomic assembly""}"		wastewater/sewage						{}
SC1-HHS-DISEASED-PATIENT-HEALTH	applied	apply-now candidate	GCA_054748345.1	SAMD00752387	Helicobacter pylori	Host_Health_State_SD	diseased/patient	Host_Health_State_SD	diseased	diseased/patient	condition=always		"{""BioSample Host Health State"":""disease: meningitis"",""Host"":""Homo sapiens"",""Host Health State"":""disease: meningitis"",""Host_Cleaned"":""homo sapiens"",""Host_Original"":""Homo sapiens""}"						diseased/patient		{}
SC1-HHS-DISEASED-PATIENT-HUMAN	applied	apply-now candidate; verify independent human evidence in examples	GCA_054748345.1	SAMD00752387	Helicobacter pylori	Host_Health_State_SD	diseased/patient	Host_Context_SD	human-associated		human_host_evidence=true		"{""BioSample Host Health State"":""disease: meningitis"",""Host"":""Homo sapiens"",""Host Health State"":""disease: meningitis"",""Host_Cleaned"":""homo sapiens"",""Host_Original"":""Homo sapiens""}"						diseased/patient		{}
SC1-HHS-DISEASED-PATIENT-HUMAN	applied	apply-now candidate; verify independent human evidence in examples	GCA_054748385.1	SAMD00752385	Helicobacter pylori	Host_Health_State_SD	diseased/patient	Host_Context_SD	human-associated		human_host_evidence=true		"{""BioSample Host Health State"":""disease: sepsis"",""Host"":""Homo sapiens"",""Host Health State"":""disease: sepsis"",""Host_Cleaned"":""homo sapiens"",""Host_Original"":""Homo sapiens""}"						diseased/patient		{}
SC1-ENV-MEDIUM-MARINE	applied	hold for manual review	GCA_937875675.1	SAMEA14074907	uncultured Gammaproteobacteria bacterium	Environment_Medium_SD	marine	Environment_Broad_Scale_SD	marine environment	environmental sample	destination_blank=true		"{""Isolation Source"":""marine metagenome""}"	marine	environmental sample						{}
SC1-ENV-MEDIUM-MARINE	applied	hold for manual review	GCA_937875755.1	SAMEA14074886	uncultured Verrucomicrobiales bacterium	Environment_Medium_SD	marine	Environment_Broad_Scale_SD	marine environment	environmental sample	destination_blank=true		"{""Isolation Source"":""marine metagenome""}"	marine	environmental sample						{}
SC1-ENV-MEDIUM-MARINE	applied	hold for manual review	GCA_937875765.1	SAMEA14074990	uncultured Phycisphaerae bacterium	Environment_Medium_SD	marine	Environment_Broad_Scale_SD	marine environment	environmental sample	destination_blank=true		"{""Isolation Source"":""marine metagenome""}"	marine	environmental sample						{}
SC1-ENV-MEDIUM-MARINE	applied	hold for manual review	GCA_937875815.1	SAMEA14074922	uncultured Actinomycetes bacterium	Environment_Medium_SD	marine	Environment_Broad_Scale_SD	marine environment	environmental sample	destination_blank=true		"{""Isolation Source"":""marine metagenome""}"	marine	environmental sample						{}
SC1-ENV-MEDIUM-MARINE	applied	hold for manual review	GCA_937875855.1	SAMEA14074889	uncultured Flavobacteriales bacterium	Environment_Medium_SD	marine	Environment_Broad_Scale_SD	marine environment	environmental sample	destination_blank=true		"{""Isolation Source"":""marine metagenome""}"	marine	environmental sample						{}
SC1-ENV-MEDIUM-MARINE	applied	hold for manual review	GCA_937875875.1	SAMEA14074672	uncultured Chlamydiae bacterium	Environment_Medium_SD	marine	Environment_Broad_Scale_SD	marine environment	environmental sample	destination_blank=true		"{""Isolation Source"":""marine metagenome""}"	marine	environmental sample						{}
SC1-ENV-MEDIUM-MARINE	applied	hold for manual review	GCA_937875975.1	SAMEA14074741	uncultured Opitutia bacterium	Environment_Medium_SD	marine	Environment_Broad_Scale_SD	marine environment	environmental sample	destination_blank=true		"{""Isolation Source"":""marine metagenome""}"	marine	environmental sample						{}
SC1-ENV-MEDIUM-MARINE	applied	hold for manual review	GCA_937876045.1	SAMEA14074896	uncultured Dehalococcoidia bacterium	Environment_Medium_SD	marine	Environment_Broad_Scale_SD	marine environment	environmental sample	destination_blank=true		"{""Isolation Source"":""marine metagenome""}"	marine	environmental sample						{}
SC1-ENV-MEDIUM-MARINE	applied	hold for manual review	GCA_937876065.1	SAMEA14074977	uncultured Chloroflexota bacterium	Environment_Medium_SD	marine	Environment_Broad_Scale_SD	marine environment	environmental sample	destination_blank=true		"{""Isolation Source"":""marine metagenome""}"	marine	environmental sample						{}
SC1-ENV-MEDIUM-MARINE	applied	hold for manual review	GCA_937876075.1	SAMEA14074867	uncultured Actinomycetes bacterium	Environment_Medium_SD	marine	Environment_Broad_Scale_SD	marine environment	environmental sample	destination_blank=true		"{""Isolation Source"":""marine metagenome""}"	marine	environmental sample						{}
SC1-ENV-MEDIUM-MARINE	applied	hold for manual review	GCA_937876105.1	SAMEA14075000	uncultured Paracoccaceae bacterium	Environment_Medium_SD	marine	Environment_Broad_Scale_SD	marine environment	environmental sample	destination_blank=true		"{""Isolation Source"":""marine metagenome""}"	marine	environmental sample						{}
SC1-ENV-MEDIUM-MARINE	applied	hold for manual review	GCA_937876115.1	SAMEA14074883	uncultured Flavobacteriales bacterium	Environment_Medium_SD	marine	Environment_Broad_Scale_SD	marine environment	environmental sample	destination_blank=true		"{""Isolation Source"":""marine metagenome""}"	marine	environmental sample						{}
SC1-ENV-MEDIUM-MARINE	applied	hold for manual review	GCA_937876125.1	SAMEA14074894	uncultured bacterium	Environment_Medium_SD	marine	Environment_Broad_Scale_SD	marine environment	environmental sample	destination_blank=true		"{""Isolation Source"":""marine metagenome""}"	marine	environmental sample						{}
SC1-ENV-MEDIUM-MARINE	applied	hold for manual review	GCA_937876135.1	SAMEA14074920	uncultured Actinomycetes bacterium	Environment_Medium_SD	marine	Environment_Broad_Scale_SD	marine environment	environmental sample	destination_blank=true		"{""Isolation Source"":""marine metagenome""}"	marine	environmental sample						{}
SC1-ENV-MEDIUM-MARINE	applied	hold for manual review	GCA_937876165.1	SAMEA14074974	uncultured Anaerolineales bacterium	Environment_Medium_SD	marine	Environment_Broad_Scale_SD	marine environment	environmental sample	destination_blank=true		"{""Isolation Source"":""marine metagenome""}"	marine	environmental sample						{}
SC1-ENV-MEDIUM-MARINE	applied	hold for manual review	GCA_937876175.1	SAMEA14074965	uncultured Verrucomicrobiales bacterium	Environment_Medium_SD	marine	Environment_Broad_Scale_SD	marine environment	environmental sample	destination_blank=true		"{""Isolation Source"":""marine metagenome""}"	marine	environmental sample						{}
SC1-ENV-MEDIUM-MARINE	applied	hold for manual review	GCA_937876245.1	SAMEA14074858	uncultured Actinomycetes bacterium	Environment_Medium_SD	marine	Environment_Broad_Scale_SD	marine environment	environmental sample	destination_blank=true		"{""Isolation Source"":""marine metagenome""}"	marine	environmental sample						{}
