assembly_accession	biosample	organism	rule_id	field	value	condition	evidence	detail	Host_SD	Host_TaxID	Host_Context_SD	Host_Health_State_SD	Host_Disease_SD	Isolation_Site_SD	Isolation_Source_SD	Sample_Type_SD
GCA_002221455.1	SAMN07171768	Methylobacterium radiotolerans	PH2A-SITE-PLANT-SAMPLE-MATERIAL	Sample_Material_SD	plant material	plant_material_evidence	plant_material_evidence=false		Combretum erythrophyllum	507406				plant-associated material	plant-associated material	DNA extract
GCA_011602315.1	SAMN14299348	Micromonospora sp. CMU55-4	PH2A-SITE-PLANT-SAMPLE-MATERIAL	Sample_Material_SD	plant material	plant_material_evidence	plant_material_evidence=false		Campylopus involutus	255499				plant-associated material	plant-associated material	
GCA_022527425.1	SAMN25988587	Citrobacter freundii	PH2A-HHS-PATIENT-HUMAN-CONTEXT	Host_Context_SD	human-associated	human_host_evidence	human_host_evidence=false					patient			healthcare-associated environment	hospital wastewater
GCA_947085915.1	SAMEA111451388	uncultured Parcubacteria group bacterium	PH2A-SITE-PLANT-SAMPLE-MATERIAL	Sample_Material_SD	plant material	plant_material_evidence	plant_material_evidence=false		Viridiplantae	33090				plant-associated material	plant-associated material	
GCA_038433005.1	SAMN40911111	Shewanella indica	PH2A-HHS-PATIENT-HUMAN-CONTEXT	Host_Context_SD	human-associated	human_host_evidence	human_host_evidence=false					patient		rectum/perianal region	clinical/host-associated material	rectal swab
GCA_046549355.1	SAMN16788664	Streptomyces sp. 030-HV	PH2A-SITE-PLANT-SAMPLE-MATERIAL	Sample_Material_SD	plant material	plant_material_evidence	plant_material_evidence=false		Viridiplantae	33090				plant-associated material	plant-associated material	
GCA_002574755.1	SAMN07598172	Bacillus anthracis	PH2A-SITE-PLANT-SAMPLE-MATERIAL	Sample_Material_SD	plant material	plant_material_evidence	plant_material_evidence=false		Viridiplantae	33090				plant-associated material	plant-associated material	cell culture
GCA_002586275.1	SAMN07597796	Bacillus cereus	PH2A-SITE-PLANT-SAMPLE-MATERIAL	Sample_Material_SD	plant material	plant_material_evidence	plant_material_evidence=false		Viridiplantae	33090				plant-associated material	plant-associated material	
GCA_025136135.1	SAMN07156305	Clostridioides difficile	PH2A-SITE-PLANT-SAMPLE-MATERIAL	Sample_Material_SD	plant material	plant_material_evidence	plant_material_evidence=false		Viridiplantae	33090				plant-associated material	environmental material	cell culture
GCA_023278305.1	SAMN18451302	Bacillus velezensis	PH2A-SITE-PLANT-SAMPLE-MATERIAL	Sample_Material_SD	plant material	plant_material_evidence	plant_material_evidence=false		Viridiplantae	33090				plant-associated material	plant-associated material	
GCA_052497575.1	SAMN50796169	Paenibacillus polymyxa	PH2A-SITE-PLANT-SAMPLE-MATERIAL	Sample_Material_SD	plant material	plant_material_evidence	plant_material_evidence=false		Viridiplantae	33090				plant-associated material	plant-associated material	
GCA_002554755.1	SAMN07597500	Bacillus toyonensis	PH2A-SITE-PLANT-SAMPLE-MATERIAL	Sample_Material_SD	plant material	plant_material_evidence	plant_material_evidence=false		Viridiplantae	33090				plant-associated material	plant-associated material	
GCA_056846615.1	SAMN47254572	Xanthomonas citri pv. citri	PH2A-SITE-PLANT-SAMPLE-MATERIAL	Sample_Material_SD	plant material	plant_material_evidence	plant_material_evidence=false		Citrus	2706				plant-associated material	plant-associated material	
GCA_046549365.1	SAMN16788666	Streptomyces sp. 049-1	PH2A-SITE-PLANT-SAMPLE-MATERIAL	Sample_Material_SD	plant material	plant_material_evidence	plant_material_evidence=false		Viridiplantae	33090				plant-associated material	plant-associated material	
GCA_025654235.1	SAMN25232815	Shewanella sp. SM32	PH2A-SITE-PLANT-SAMPLE-MATERIAL	Sample_Material_SD	plant material	plant_material_evidence	plant_material_evidence=false		Viridiplantae	33090				plant-associated material	plant-associated material	
GCA_019104045.1	SAMN19813354	Pseudomonas viridiflava	PH2A-SITE-PLANT-SAMPLE-MATERIAL	Sample_Material_SD	plant material	plant_material_evidence	plant_material_evidence=false		Medicago sativa	3879				plant-associated material	plant-associated material	
GCA_022525925.1	SAMN25988962	Klebsiella pneumoniae	PH2A-HHS-PATIENT-HUMAN-CONTEXT	Host_Context_SD	human-associated	human_host_evidence	human_host_evidence=false					patient			healthcare-associated environment	hospital wastewater
GCA_022527825.1	SAMN25988618	Klebsiella pneumoniae	PH2A-HHS-PATIENT-HUMAN-CONTEXT	Host_Context_SD	human-associated	human_host_evidence	human_host_evidence=false					patient			healthcare-associated environment	hospital wastewater
GCA_022531405.1	SAMN25988456	Klebsiella pneumoniae	PH2A-HHS-PATIENT-HUMAN-CONTEXT	Host_Context_SD	human-associated	human_host_evidence	human_host_evidence=false					patient			healthcare-associated environment	hospital wastewater
GCA_053834525.1	SAMEA120398500	Klebsiella pneumoniae	PH2A-HHS-PATIENT-HUMAN-CONTEXT	Host_Context_SD	human-associated	human_host_evidence	human_host_evidence=false					patient			clinical/host-associated material	drain
GCA_015015595.1	SAMN14091595	Listeria monocytogenes	PH2A-SITE-PLANT-SAMPLE-MATERIAL	Sample_Material_SD	plant material	plant_material_evidence	plant_material_evidence=false		Aves	8782				plant-associated material	plant-associated material	drain
GCA_015017195.1	SAMN14091662	Listeria monocytogenes	PH2A-SITE-PLANT-SAMPLE-MATERIAL	Sample_Material_SD	plant material	plant_material_evidence	plant_material_evidence=false		Aves	8782				plant-associated material	plant-associated material	drain
GCA_015018535.1	SAMN14091622	Listeria monocytogenes	PH2A-SITE-PLANT-SAMPLE-MATERIAL	Sample_Material_SD	plant material	plant_material_evidence	plant_material_evidence=false		Aves	8782				plant-associated material	plant-associated material	drain
GCA_015019075.1	SAMN14091644	Listeria monocytogenes	PH2A-SITE-PLANT-SAMPLE-MATERIAL	Sample_Material_SD	plant material	plant_material_evidence	plant_material_evidence=false		Aves	8782				plant-associated material	plant-associated material	drain
GCA_015019275.1	SAMN14091733	Listeria monocytogenes	PH2A-SITE-PLANT-SAMPLE-MATERIAL	Sample_Material_SD	plant material	plant_material_evidence	plant_material_evidence=false		Aves	8782				plant-associated material	plant-associated material	drain
GCA_015117075.1	SAMN07807110	Escherichia coli	PH2A-SITE-PLANT-SAMPLE-MATERIAL	Sample_Material_SD	plant material	plant_material_evidence	plant_material_evidence=false		Bos taurus	9913				plant-associated material	plant-associated material	
GCA_022520805.1	SAMN25989244	Citrobacter farmeri	PH2A-HHS-PATIENT-HUMAN-CONTEXT	Host_Context_SD	human-associated	human_host_evidence	human_host_evidence=false					patient			healthcare-associated environment	hospital wastewater
GCA_910585095.1	SAMEA8805476	uncultured Lachnospira sp.	PH2A-SITE-PLANT-SAMPLE-MATERIAL	Sample_Material_SD	plant material	plant_material_evidence	plant_material_evidence=false		Viridiplantae	33090				plant-associated material	plant-associated material	
GCA_910585675.1	SAMEA8805473	uncultured Desulfovibrio sp.	PH2A-SITE-PLANT-SAMPLE-MATERIAL	Sample_Material_SD	plant material	plant_material_evidence	plant_material_evidence=false		Viridiplantae	33090				plant-associated material	plant-associated material	
GCA_051040505.1	SAMN37308746	Clavibacter michiganensis	PH2A-SITE-PLANT-SAMPLE-MATERIAL	Sample_Material_SD	plant material	plant_material_evidence	plant_material_evidence=false		Solanum lycopersicum	4081				plant-associated material	plant-associated material	cell culture
GCA_053903145.1	SAMN27610179	Bacillus sp. JZ39	PH2A-SITE-PLANT-SAMPLE-MATERIAL	Sample_Material_SD	plant material	plant_material_evidence	plant_material_evidence=false		Tribulus terrestris	210369				plant-associated material	plant-associated material	
GCA_047978695.1	SAMN45227933	Pseudomonas aeruginosa	PH2A-HHS-PATIENT-HUMAN-CONTEXT	Host_Context_SD	human-associated	human_host_evidence	human_host_evidence=false					patient			clinical/host-associated material	sink
GCA_047984265.1	SAMN45227856	Pseudomonas aeruginosa	PH2A-HHS-PATIENT-HUMAN-CONTEXT	Host_Context_SD	human-associated	human_host_evidence	human_host_evidence=false					patient			clinical/host-associated material	sink
GCA_002252075.2	SAMN06821038	Acholeplasma laidlawii	PH2A-SITE-PLANT-SAMPLE-MATERIAL	Sample_Material_SD	plant material	plant_material_evidence	plant_material_evidence=false		Viridiplantae	33090				plant-associated material	plant-associated material	
GCA_004462905.1	SAMN11110190	Micrococcus yunnanensis	PH2A-SITE-PLANT-SAMPLE-MATERIAL	Sample_Material_SD	plant material	plant_material_evidence	plant_material_evidence=false		Viridiplantae	33090				plant-associated material	plant-associated material	
GCA_017933235.1	SAMN12730703	Streptomyces scabiei	PH2A-SITE-PLANT-SAMPLE-MATERIAL	Sample_Material_SD	plant material	plant_material_evidence	plant_material_evidence=false		Solanum tuberosum	4113				plant-associated material	plant-associated material	
GCA_024979275.1	SAMN30149034	Herbiconiux oxytropis	PH2A-SITE-PLANT-SAMPLE-MATERIAL	Sample_Material_SD	plant material	plant_material_evidence	plant_material_evidence=false		Oxytropis	20802				plant-associated material		
GCA_004078655.1	SAMN10640885	Labedella populi	PH2A-SITE-PLANT-SAMPLE-MATERIAL	Sample_Material_SD	plant material	plant_material_evidence	plant_material_evidence=false		Viridiplantae	33090				plant-associated material	plant-associated material	
GCA_947085485.1	SAMEA111451394	uncultured Prolixibacteraceae bacterium	PH2A-SITE-PLANT-SAMPLE-MATERIAL	Sample_Material_SD	plant material	plant_material_evidence	plant_material_evidence=false		Viridiplantae	33090				plant-associated material	plant-associated material	
GCA_947084865.1	SAMEA111451372	uncultured Nitrospinota bacterium	PH2A-SITE-PLANT-SAMPLE-MATERIAL	Sample_Material_SD	plant material	plant_material_evidence	plant_material_evidence=false		Viridiplantae	33090				plant-associated material	plant-associated material	
GCA_947085905.1	SAMEA111451296	uncultured Actinomycetes bacterium	PH2A-SITE-PLANT-SAMPLE-MATERIAL	Sample_Material_SD	plant material	plant_material_evidence	plant_material_evidence=false		Viridiplantae	33090				plant-associated material	plant-associated material	
GCA_947085885.1	SAMEA111451404	uncultured Syntrophobacterales bacterium	PH2A-SITE-PLANT-SAMPLE-MATERIAL	Sample_Material_SD	plant material	plant_material_evidence	plant_material_evidence=false		Viridiplantae	33090				plant-associated material	plant-associated material	
GCA_947085585.1	SAMEA111451398	uncultured Rhodocyclaceae bacterium	PH2A-SITE-PLANT-SAMPLE-MATERIAL	Sample_Material_SD	plant material	plant_material_evidence	plant_material_evidence=false		Viridiplantae	33090				plant-associated material	plant-associated material	
GCA_002571315.1	SAMN07598186	Bacillus thuringiensis	PH2A-SITE-PLANT-SAMPLE-MATERIAL	Sample_Material_SD	plant material	plant_material_evidence	plant_material_evidence=false		Viridiplantae	33090				plant-associated material	plant-associated material	cell culture
GCA_002576875.1	SAMN07598007	Bacillus thuringiensis	PH2A-SITE-PLANT-SAMPLE-MATERIAL	Sample_Material_SD	plant material	plant_material_evidence	plant_material_evidence=false		Viridiplantae	33090				plant-associated material	plant-associated material	cell culture
GCA_001854185.1	SAMN05858599	Andreesenella formicacetica	PH2A-SITE-PLANT-SAMPLE-MATERIAL	Sample_Material_SD	plant material	plant_material_evidence	plant_material_evidence=false		Viridiplantae	33090				plant-associated material	environmental material	
GCA_000633215.1	SAMN02729844	Microbacterium paraoxydans DH1b	PH2A-SITE-PLANT-SAMPLE-MATERIAL	Sample_Material_SD	plant material	plant_material_evidence	plant_material_evidence=false		Viridiplantae	33090				plant-associated material	plant-associated material	
GCA_001692245.1	SAMN04901298	Agrobacterium tumefaciens	PH2A-SITE-PLANT-SAMPLE-MATERIAL	Sample_Material_SD	plant material	plant_material_evidence	plant_material_evidence=false		Prunus persica	3760				plant-associated material	plant-associated material	
GCA_001623415.1	SAMN03418705	Pseudomonas syringae pv. syringae	PH2A-SITE-PLANT-SAMPLE-MATERIAL	Sample_Material_SD	plant material	plant_material_evidence	plant_material_evidence=false		populus	3689				plant-associated material	plant-associated material	
GCA_018951915.1	SAMN13738868	Clostridioides difficile	PH2A-SITE-PLANT-SAMPLE-MATERIAL	Sample_Material_SD	plant material	plant_material_evidence	plant_material_evidence=false		Viridiplantae	33090				plant-associated material	plant-associated material	
GCA_051949415.1	SAMN41787766	Xanthomonas citri pv. mangiferaeindicae	PH2A-SITE-PLANT-SAMPLE-MATERIAL	Sample_Material_SD	plant material	plant_material_evidence	plant_material_evidence=false		Mangifera indica	29780				plant-associated material	plant-associated material	microbial isolate
GCA_022517985.1	SAMN25989974	Klebsiella pneumoniae	PH2A-HHS-PATIENT-HUMAN-CONTEXT	Host_Context_SD	human-associated	human_host_evidence	human_host_evidence=false					patient			healthcare-associated environment	hospital wastewater
GCA_022519395.1	SAMN25989172	Klebsiella pneumoniae	PH2A-HHS-PATIENT-HUMAN-CONTEXT	Host_Context_SD	human-associated	human_host_evidence	human_host_evidence=false					patient			healthcare-associated environment	hospital wastewater
GCA_022533735.1	SAMN25988749	Klebsiella pneumoniae	PH2A-HHS-PATIENT-HUMAN-CONTEXT	Host_Context_SD	human-associated	human_host_evidence	human_host_evidence=false					patient			healthcare-associated environment	hospital wastewater
GCA_022534315.1	SAMN25988875	Klebsiella pneumoniae	PH2A-HHS-PATIENT-HUMAN-CONTEXT	Host_Context_SD	human-associated	human_host_evidence	human_host_evidence=false					patient			healthcare-associated environment	hospital wastewater
GCA_022535095.1	SAMN25989091	Klebsiella pneumoniae	PH2A-HHS-PATIENT-HUMAN-CONTEXT	Host_Context_SD	human-associated	human_host_evidence	human_host_evidence=false					patient			healthcare-associated environment	hospital wastewater
GCA_009796045.1	SAMN09427695	Clavibacter michiganensis subsp. michiganensis	PH2A-SITE-PLANT-SAMPLE-MATERIAL	Sample_Material_SD	plant material	plant_material_evidence	plant_material_evidence=false		Solanum lycopersicum	4081				plant-associated material	plant-associated material	
GCA_020093375.1	SAMN21169274	Pseudomonas fluorescens group sp.	PH2A-SITE-PLANT-SAMPLE-MATERIAL	Sample_Material_SD	plant material	plant_material_evidence	plant_material_evidence=false		Sugar beet	3555				plant-associated material	plant-associated material	
GCA_054161375.1	SAMN27610219	Bacillus sp. PK3-130	PH2A-SITE-PLANT-SAMPLE-MATERIAL	Sample_Material_SD	plant material	plant_material_evidence	plant_material_evidence=false		Janochloa antidotale	3031383				plant-associated material	plant-associated material	
GCA_056738245.1	SAMN41787751	Xanthomonas citri pv. mangiferaeindicae	PH2A-SITE-PLANT-SAMPLE-MATERIAL	Sample_Material_SD	plant material	plant_material_evidence	plant_material_evidence=false		Mangifera indica	29780				plant-associated material	plant-associated material	microbial isolate
GCA_056738285.1	SAMN41787736	Xanthomonas citri pv. mangiferaeindicae	PH2A-SITE-PLANT-SAMPLE-MATERIAL	Sample_Material_SD	plant material	plant_material_evidence	plant_material_evidence=false		Mangifera indica	29780				plant-associated material	plant-associated material	microbial isolate
GCA_056868445.1	SAMN47254636	Xanthomonas citri pv. glycines	PH2A-SITE-PLANT-SAMPLE-MATERIAL	Sample_Material_SD	plant material	plant_material_evidence	plant_material_evidence=false		Gossypium hirsutum	3635				plant-associated material	plant-associated material	
GCA_015319165.1	SAMN16632632	Nocardioides acrostichi	PH2A-SITE-PLANT-SAMPLE-MATERIAL	Sample_Material_SD	plant material	plant_material_evidence	plant_material_evidence=false		Viridiplantae	33090				plant-associated material	plant-associated material	
GCA_021892805.1	SAMN14372652	Lactiplantibacillus plantarum	PH2A-SITE-PLANT-SAMPLE-MATERIAL	Sample_Material_SD	plant material	plant_material_evidence	plant_material_evidence=false		Viridiplantae	33090				plant-associated material	plant-associated material	
GCA_051040495.1	SAMN37308747	Clavibacter michiganensis	PH2A-SITE-PLANT-SAMPLE-MATERIAL	Sample_Material_SD	plant material	plant_material_evidence	plant_material_evidence=false		Solanum lycopersicum	4081				plant-associated material	plant-associated material	cell culture
GCA_036345095.1	SAMN30553145	Streptomyces sp. NBC_00588	PH2A-SITE-PLANT-SAMPLE-MATERIAL	Sample_Material_SD	plant material	plant_material_evidence	plant_material_evidence=false		Viridiplantae	33090				plant-associated material	plant-associated material	
GCA_002575275.1	SAMN07598089	Bacillus cereus	PH2A-SITE-PLANT-SAMPLE-MATERIAL	Sample_Material_SD	plant material	plant_material_evidence	plant_material_evidence=false		Viridiplantae	33090				plant-associated material	plant-associated material	cell culture
GCA_039668665.1	SAMN40017597	Listeria monocytogenes	PH2A-SITE-PLANT-SAMPLE-MATERIAL	Sample_Material_SD	plant material	plant_material_evidence	plant_material_evidence=false							plant-associated material	plant-associated material	meat product
GCA_043984615.1	SAMN35524841	Acinetobacter baumannii	PH2A-HHS-PATIENT-HUMAN-CONTEXT	Host_Context_SD	human-associated	human_host_evidence	human_host_evidence=false					patient			clinical/host-associated material	
GCA_047979005.1	SAMN45227919	Pseudomonas aeruginosa	PH2A-HHS-PATIENT-HUMAN-CONTEXT	Host_Context_SD	human-associated	human_host_evidence	human_host_evidence=false					patient			clinical/host-associated material	sink
GCA_047983705.1	SAMN45227877	Pseudomonas aeruginosa	PH2A-HHS-PATIENT-HUMAN-CONTEXT	Host_Context_SD	human-associated	human_host_evidence	human_host_evidence=false					patient			clinical/host-associated material	sink
GCA_051132105.1	SAMN18220745	Pseudomonas sp. R1-7	PH2A-SITE-PLANT-SAMPLE-MATERIAL	Sample_Material_SD	plant material	plant_material_evidence	plant_material_evidence=false		Plantago cylindrica	1928669				plant-associated material	plant-associated material	
GCA_037414965.1	SAMN40422411	Bacillus tropicus	PH2A-SITE-PLANT-SAMPLE-MATERIAL	Sample_Material_SD	plant material	plant_material_evidence	plant_material_evidence=false		Arachis hypogaea	3818				plant-associated material	clinical/host-associated material	cell culture
GCA_025654545.1	SAMN25232811	Shewanella sp. SM20	PH2A-SITE-PLANT-SAMPLE-MATERIAL	Sample_Material_SD	plant material	plant_material_evidence	plant_material_evidence=false		Viridiplantae	33090				plant-associated material	plant-associated material	
GCA_043195235.1	SAMN40385057	Xylella fastidiosa subsp. multiplex	PH2A-SITE-PLANT-SAMPLE-MATERIAL	Sample_Material_SD	plant material	plant_material_evidence	plant_material_evidence=false		Viridiplantae	33090				plant-associated material	plant-associated material	
GCA_048824055.1	SAMN47426705	Bacillus cereus	PH2A-SITE-PLANT-SAMPLE-MATERIAL	Sample_Material_SD	plant material	plant_material_evidence	plant_material_evidence=false		Viridiplantae	33090				plant-associated material	plant-associated material	
GCA_056738275.1	SAMN41787745	Xanthomonas citri pv. mangiferaeindicae	PH2A-SITE-PLANT-SAMPLE-MATERIAL	Sample_Material_SD	plant material	plant_material_evidence	plant_material_evidence=false		Mangifera indica	29780				plant-associated material	plant-associated material	microbial isolate
GCA_022532225.1	SAMN25989694	Klebsiella pneumoniae	PH2A-HHS-PATIENT-HUMAN-CONTEXT	Host_Context_SD	human-associated	human_host_evidence	human_host_evidence=false					patient			healthcare-associated environment	hospital wastewater
GCA_022519965.1	SAMN25988854	Klebsiella pneumoniae	PH2A-HHS-PATIENT-HUMAN-CONTEXT	Host_Context_SD	human-associated	human_host_evidence	human_host_evidence=false					patient			healthcare-associated environment	hospital wastewater
GCA_022530525.1	SAMN25989399	Klebsiella pneumoniae	PH2A-HHS-PATIENT-HUMAN-CONTEXT	Host_Context_SD	human-associated	human_host_evidence	human_host_evidence=false					patient			healthcare-associated environment	hospital wastewater
GCA_022532285.1	SAMN25989293	Klebsiella pneumoniae	PH2A-HHS-PATIENT-HUMAN-CONTEXT	Host_Context_SD	human-associated	human_host_evidence	human_host_evidence=false					patient			healthcare-associated environment	hospital wastewater
GCA_022534835.1	SAMN25989486	Klebsiella pneumoniae	PH2A-HHS-PATIENT-HUMAN-CONTEXT	Host_Context_SD	human-associated	human_host_evidence	human_host_evidence=false					patient			healthcare-associated environment	hospital wastewater
GCA_000633275.1	SAMN02729845	Lysinibacillus fusiformis H1k	PH2A-SITE-PLANT-SAMPLE-MATERIAL	Sample_Material_SD	plant material	plant_material_evidence	plant_material_evidence=false		Viridiplantae	33090				plant-associated material	plant-associated material	
GCA_002558195.1	SAMN07597410	Bacillus anthracis	PH2A-SITE-PLANT-SAMPLE-MATERIAL	Sample_Material_SD	plant material	plant_material_evidence	plant_material_evidence=false		Viridiplantae	33090				plant-associated material	plant-associated material	cell culture
GCA_001602215.1	SAMN04216069	Rickettsia prowazekii	PH2A-HHS-PATIENT-HUMAN-CONTEXT	Host_Context_SD	human-associated	human_host_evidence	human_host_evidence=false		Simiiformes	314293		patient				blood
GCA_015015915.1	SAMN14091652	Listeria monocytogenes	PH2A-SITE-PLANT-SAMPLE-MATERIAL	Sample_Material_SD	plant material	plant_material_evidence	plant_material_evidence=false		Aves	8782				plant-associated material	plant-associated material	drain
GCA_015017475.1	SAMN14091731	Listeria monocytogenes	PH2A-SITE-PLANT-SAMPLE-MATERIAL	Sample_Material_SD	plant material	plant_material_evidence	plant_material_evidence=false		Aves	8782				plant-associated material	plant-associated material	drain
GCA_015018755.1	SAMN14091708	Listeria monocytogenes	PH2A-SITE-PLANT-SAMPLE-MATERIAL	Sample_Material_SD	plant material	plant_material_evidence	plant_material_evidence=false		Aves	8782				plant-associated material	plant-associated material	drain
GCA_014210335.1	SAMN15371200	Ralstonia solanacearum	PH2A-SITE-PLANT-SAMPLE-MATERIAL	Sample_Material_SD	plant material	plant_material_evidence	plant_material_evidence=false		Musa	4640		diseased		plant-associated material	plant-associated material	
GCA_003600835.1	SAMN07514321	Bacillus sp. PK3_68	PH2A-SITE-PLANT-SAMPLE-MATERIAL	Sample_Material_SD	plant material	plant_material_evidence	plant_material_evidence=false		Janochloa antidotale	3031383				plant-associated material	plant-associated material	
GCA_964414565.1	SAMEA117375456	uncultured Cellvibrionaceae bacterium	PH2A-SITE-PLANT-SAMPLE-MATERIAL	Sample_Material_SD	plant material	plant_material_evidence	plant_material_evidence=false		Viridiplantae	33090				plant-associated material		
GCA_023845705.1	SAMN27478409	Clostridium sp. ZBS15	PH2A-SITE-PLANT-SAMPLE-MATERIAL	Sample_Material_SD	plant material	plant_material_evidence	plant_material_evidence=false		Viridiplantae	33090				plant-associated material	plant-associated material	
GCA_002575135.1	SAMN07598099	Bacillus cereus	PH2A-SITE-PLANT-SAMPLE-MATERIAL	Sample_Material_SD	plant material	plant_material_evidence	plant_material_evidence=false		Zea mays	4577				plant-associated material	plant-associated material	
GCA_015015115.1	SAMN14091658	Listeria monocytogenes	PH2A-SITE-PLANT-SAMPLE-MATERIAL	Sample_Material_SD	plant material	plant_material_evidence	plant_material_evidence=false							plant-associated material	plant-associated material	
GCA_015019195.1	SAMN14091688	Listeria monocytogenes	PH2A-SITE-PLANT-SAMPLE-MATERIAL	Sample_Material_SD	plant material	plant_material_evidence	plant_material_evidence=false							plant-associated material	plant-associated material	
GCA_047979525.1	SAMN45227905	Pseudomonas aeruginosa	PH2A-HHS-PATIENT-HUMAN-CONTEXT	Host_Context_SD	human-associated	human_host_evidence	human_host_evidence=false					patient			clinical/host-associated material	sink
GCA_047986005.1	SAMN45227799	Pseudomonas aeruginosa	PH2A-HHS-PATIENT-HUMAN-CONTEXT	Host_Context_SD	human-associated	human_host_evidence	human_host_evidence=false					patient			clinical/host-associated material	sink
GCA_000633455.1	SAMN02729849	Pedobacter jeongneungensis	PH2A-SITE-PLANT-SAMPLE-MATERIAL	Sample_Material_SD	plant material	plant_material_evidence	plant_material_evidence=false		Viridiplantae	33090				plant-associated material	plant-associated material	
GCA_022529785.1	SAMN25988858	Citrobacter freundii	PH2A-HHS-PATIENT-HUMAN-CONTEXT	Host_Context_SD	human-associated	human_host_evidence	human_host_evidence=false					patient			healthcare-associated environment	hospital wastewater
GCA_022533065.1	SAMN25989989	Citrobacter freundii	PH2A-HHS-PATIENT-HUMAN-CONTEXT	Host_Context_SD	human-associated	human_host_evidence	human_host_evidence=false					patient			healthcare-associated environment	hospital wastewater
GCA_947085245.1	SAMEA111451337	uncultured Chitinophagaceae bacterium	PH2A-SITE-PLANT-SAMPLE-MATERIAL	Sample_Material_SD	plant material	plant_material_evidence	plant_material_evidence=false		Viridiplantae	33090				plant-associated material	plant-associated material	
GCA_947085655.1	SAMEA111451287	uncultured Omnitrophica bacterium	PH2A-SITE-PLANT-SAMPLE-MATERIAL	Sample_Material_SD	plant material	plant_material_evidence	plant_material_evidence=false		Viridiplantae	33090				plant-associated material	plant-associated material	
GCA_021892735.1	SAMN14372655	Lactiplantibacillus plantarum	PH2A-SITE-PLANT-SAMPLE-MATERIAL	Sample_Material_SD	plant material	plant_material_evidence	plant_material_evidence=false		Viridiplantae	33090				plant-associated material	plant-associated material	
GCA_021893095.1	SAMN14372635	Lactiplantibacillus plantarum	PH2A-SITE-PLANT-SAMPLE-MATERIAL	Sample_Material_SD	plant material	plant_material_evidence	plant_material_evidence=false		Viridiplantae	33090				plant-associated material	plant-associated material	
GCA_003985025.1	SAMN10531140	Bacillus pumilus	PH2A-SITE-PLANT-SAMPLE-MATERIAL	Sample_Material_SD	plant material	plant_material_evidence	plant_material_evidence=false		Lathyrus oleraceus	3888				plant-associated material	plant-associated material	cell culture
GCA_017968935.1	SAMN12730711	Streptomyces scabiei	PH2A-SITE-PLANT-SAMPLE-MATERIAL	Sample_Material_SD	plant material	plant_material_evidence	plant_material_evidence=false		Solanum tuberosum	4113				plant-associated material	plant-associated material	
GCA_022602315.1	SAMN26199808	Rosenbergiella epipactidis	PH2A-SITE-PLANT-SAMPLE-MATERIAL	Sample_Material_SD	plant material	plant_material_evidence	plant_material_evidence=false		diplacus aurantiacus	68869				plant-associated material	plant-associated material	
GCA_029686065.1	SAMN25989336	Enterobacter asburiae	PH2A-HHS-PATIENT-HUMAN-CONTEXT	Host_Context_SD	human-associated	human_host_evidence	human_host_evidence=false					patient			healthcare-associated environment	hospital wastewater
GCA_056850515.1	SAMN47254752	Xanthomonas citri pv. malvacearum	PH2A-SITE-PLANT-SAMPLE-MATERIAL	Sample_Material_SD	plant material	plant_material_evidence	plant_material_evidence=false		Prunus persica	3760				plant-associated material	plant-associated material	
GCA_014960805.1	SAMN16434557	Litchfieldia suaedae	PH2A-SITE-PLANT-SAMPLE-MATERIAL	Sample_Material_SD	plant material	plant_material_evidence	plant_material_evidence=false		Viridiplantae	33090				plant-associated material	plant-associated material	
GCA_021044925.1	SAMN23489722	Jiella flava	PH2A-SITE-PLANT-SAMPLE-MATERIAL	Sample_Material_SD	plant material	plant_material_evidence	plant_material_evidence=false		Viridiplantae	33090				plant-associated material		
GCA_021365485.1	SAMN24011484	Erwinia tracheiphila	PH2A-SITE-PLANT-SAMPLE-MATERIAL	Sample_Material_SD	plant material	plant_material_evidence	plant_material_evidence=false		Cucumis melo	3656				plant-associated material	plant-associated material	cell culture
GCA_025653905.1	SAMN25232823	Shewanella sp. SM71	PH2A-SITE-PLANT-SAMPLE-MATERIAL	Sample_Material_SD	plant material	plant_material_evidence	plant_material_evidence=false		Viridiplantae	33090				plant-associated material	plant-associated material	
GCA_051949535.1	SAMN41787760	Xanthomonas citri pv. mangiferaeindicae	PH2A-SITE-PLANT-SAMPLE-MATERIAL	Sample_Material_SD	plant material	plant_material_evidence	plant_material_evidence=false		Mangifera indica	29780				plant-associated material	plant-associated material	microbial isolate
GCA_051949855.1	SAMN41787744	Xanthomonas citri pv. mangiferaeindicae	PH2A-SITE-PLANT-SAMPLE-MATERIAL	Sample_Material_SD	plant material	plant_material_evidence	plant_material_evidence=false		Mangifera indica	29780				plant-associated material	plant-associated material	microbial isolate
GCA_008014695.1	SAMN12541752	Chryseobacterium sp.	PH2A-SITE-PLANT-SAMPLE-MATERIAL	Sample_Material_SD	plant material	plant_material_evidence	plant_material_evidence=false		Viridiplantae	33090				plant-associated material	plant-associated material	
GCA_022828345.1	SAMN18649709	Pseudomonas amygdali pv. loropetali	PH2A-SITE-PLANT-SAMPLE-MATERIAL	Sample_Material_SD	plant material	plant_material_evidence	plant_material_evidence=false		Loropetalum chinense	64118				plant-associated material	plant-associated material	
GCA_022518125.1	SAMN25989691	Klebsiella pneumoniae	PH2A-HHS-PATIENT-HUMAN-CONTEXT	Host_Context_SD	human-associated	human_host_evidence	human_host_evidence=false					patient			healthcare-associated environment	hospital wastewater
GCA_022520825.1	SAMN25989377	Klebsiella pneumoniae	PH2A-HHS-PATIENT-HUMAN-CONTEXT	Host_Context_SD	human-associated	human_host_evidence	human_host_evidence=false					patient			healthcare-associated environment	hospital wastewater
GCA_022525945.1	SAMN25989253	Klebsiella pneumoniae	PH2A-HHS-PATIENT-HUMAN-CONTEXT	Host_Context_SD	human-associated	human_host_evidence	human_host_evidence=false					patient			healthcare-associated environment	hospital wastewater
GCA_022536215.1	SAMN25988969	Klebsiella pneumoniae	PH2A-HHS-PATIENT-HUMAN-CONTEXT	Host_Context_SD	human-associated	human_host_evidence	human_host_evidence=false					patient			healthcare-associated environment	hospital wastewater
GCA_022536675.1	SAMN25988585	Klebsiella pneumoniae	PH2A-HHS-PATIENT-HUMAN-CONTEXT	Host_Context_SD	human-associated	human_host_evidence	human_host_evidence=false					patient			healthcare-associated environment	hospital wastewater
GCA_015013985.1	SAMN14091598	Listeria monocytogenes	PH2A-SITE-PLANT-SAMPLE-MATERIAL	Sample_Material_SD	plant material	plant_material_evidence	plant_material_evidence=false		Aves	8782				plant-associated material	plant-associated material	drain
GCA_015014515.1	SAMN15486408	Listeria monocytogenes	PH2A-SITE-PLANT-SAMPLE-MATERIAL	Sample_Material_SD	plant material	plant_material_evidence	plant_material_evidence=false		Aves	8782				plant-associated material	plant-associated material	drain
GCA_015017335.1	SAMN14091641	Listeria monocytogenes	PH2A-SITE-PLANT-SAMPLE-MATERIAL	Sample_Material_SD	plant material	plant_material_evidence	plant_material_evidence=false		Aves	8782				plant-associated material	plant-associated material	drain
GCA_015017515.1	SAMN14091719	Listeria monocytogenes	PH2A-SITE-PLANT-SAMPLE-MATERIAL	Sample_Material_SD	plant material	plant_material_evidence	plant_material_evidence=false		Aves	8782				plant-associated material	plant-associated material	drain
GCA_015018315.1	SAMN14091633	Listeria monocytogenes	PH2A-SITE-PLANT-SAMPLE-MATERIAL	Sample_Material_SD	plant material	plant_material_evidence	plant_material_evidence=false		Aves	8782				plant-associated material	plant-associated material	drain
GCA_015019095.1	SAMN14091631	Listeria monocytogenes	PH2A-SITE-PLANT-SAMPLE-MATERIAL	Sample_Material_SD	plant material	plant_material_evidence	plant_material_evidence=false		Aves	8782				plant-associated material	plant-associated material	drain
GCA_029616825.1	SAMN14270849	Xanthomonas vesicatoria	PH2A-SITE-PLANT-SAMPLE-MATERIAL	Sample_Material_SD	plant material	plant_material_evidence	plant_material_evidence=false		Solanum lycopersicum	4081				plant-associated material	plant-associated material	cell culture
GCA_018951235.1	SAMN13738869	Clostridioides difficile	PH2A-SITE-PLANT-SAMPLE-MATERIAL	Sample_Material_SD	plant material	plant_material_evidence	plant_material_evidence=false		Viridiplantae	33090				plant-associated material	plant-associated material	
GCA_022533815.1	SAMN25988971	Citrobacter freundii	PH2A-HHS-PATIENT-HUMAN-CONTEXT	Host_Context_SD	human-associated	human_host_evidence	human_host_evidence=false					patient			healthcare-associated environment	hospital wastewater
GCA_047782435.1	SAMN16788671	Streptomyces sp. 067-1	PH2A-SITE-PLANT-SAMPLE-MATERIAL	Sample_Material_SD	plant material	plant_material_evidence	plant_material_evidence=false		Viridiplantae	33090				plant-associated material	plant-associated material	
GCA_015014535.1	SAMN14091676	Listeria monocytogenes	PH2A-SITE-PLANT-SAMPLE-MATERIAL	Sample_Material_SD	plant material	plant_material_evidence	plant_material_evidence=false		Aves	8782				plant-associated material	plant-associated material	drain
GCA_002560215.1	SAMN07597570	Bacillus cereus	PH2A-SITE-PLANT-SAMPLE-MATERIAL	Sample_Material_SD	plant material	plant_material_evidence	plant_material_evidence=false		Viridiplantae	33090				plant-associated material	plant-associated material	cell culture
GCA_047978785.1	SAMN45227931	Pseudomonas aeruginosa	PH2A-HHS-PATIENT-HUMAN-CONTEXT	Host_Context_SD	human-associated	human_host_evidence	human_host_evidence=false					patient			clinical/host-associated material	sink
GCA_047978965.1	SAMN45227922	Pseudomonas aeruginosa	PH2A-HHS-PATIENT-HUMAN-CONTEXT	Host_Context_SD	human-associated	human_host_evidence	human_host_evidence=false					patient			clinical/host-associated material	sink
GCA_047984565.1	SAMN45227841	Pseudomonas aeruginosa	PH2A-HHS-PATIENT-HUMAN-CONTEXT	Host_Context_SD	human-associated	human_host_evidence	human_host_evidence=false					patient			clinical/host-associated material	sink
GCA_047987565.1	SAMN45227740	Pseudomonas aeruginosa	PH2A-HHS-PATIENT-HUMAN-CONTEXT	Host_Context_SD	human-associated	human_host_evidence	human_host_evidence=false					patient			clinical/host-associated material	sink
GCA_051132015.1	SAMN18220756	Pseudomonas sp. Z1-12	PH2A-SITE-PLANT-SAMPLE-MATERIAL	Sample_Material_SD	plant material	plant_material_evidence	plant_material_evidence=false		Viridiplantae	33090				plant-associated material	plant-associated material	
GCA_002844395.1	SAMN07503206	Acetivibrio saccincola	PH2A-SITE-PLANT-SAMPLE-MATERIAL	Sample_Material_SD	plant material	plant_material_evidence	plant_material_evidence=false		Viridiplantae	33090				plant-associated material	plant-associated material	culture
GCA_055633145.1	SAMN52659784	Bacillus thuringiensis	PH2A-HHS-PATIENT-HUMAN-CONTEXT	Host_Context_SD	human-associated	human_host_evidence	human_host_evidence=false					patient			healthcare-associated environment	laboratory culture
GCA_054161495.1	SAMN27610243	Enterobacteriaceae bacterium	PH2A-SITE-PLANT-SAMPLE-MATERIAL	Sample_Material_SD	plant material	plant_material_evidence	plant_material_evidence=false		Bassia eriophora	267525				plant-associated material	plant-associated material	
GCA_021892835.1	SAMN14372650	Lactiplantibacillus plantarum	PH2A-SITE-PLANT-SAMPLE-MATERIAL	Sample_Material_SD	plant material	plant_material_evidence	plant_material_evidence=false		Viridiplantae	33090				plant-associated material	plant-associated material	
GCA_018951395.1	SAMN13738874	Clostridioides difficile	PH2A-SITE-PLANT-SAMPLE-MATERIAL	Sample_Material_SD	plant material	plant_material_evidence	plant_material_evidence=false		Viridiplantae	33090				plant-associated material	plant-associated material	
GCA_018951435.1	SAMN13738867	Clostridioides difficile	PH2A-SITE-PLANT-SAMPLE-MATERIAL	Sample_Material_SD	plant material	plant_material_evidence	plant_material_evidence=false		Viridiplantae	33090				plant-associated material	plant-associated material	
GCA_022524185.1	SAMN25989357	Klebsiella pneumoniae	PH2A-HHS-PATIENT-HUMAN-CONTEXT	Host_Context_SD	human-associated	human_host_evidence	human_host_evidence=false					patient			healthcare-associated environment	hospital wastewater
GCA_049904395.1	SAMD00828288	Staphylococcus pseudintermedius	PH2A-HHS-PATIENT-HUMAN-CONTEXT	Host_Context_SD	human-associated	human_host_evidence	human_host_evidence=false		Canis lupus familiaris	9615		patient				
GCA_022521345.1	SAMN25988564	Klebsiella pneumoniae	PH2A-HHS-PATIENT-HUMAN-CONTEXT	Host_Context_SD	human-associated	human_host_evidence	human_host_evidence=false					patient			healthcare-associated environment	hospital wastewater
GCA_022534695.1	SAMN25989580	Klebsiella pneumoniae	PH2A-HHS-PATIENT-HUMAN-CONTEXT	Host_Context_SD	human-associated	human_host_evidence	human_host_evidence=false					patient			healthcare-associated environment	hospital wastewater
GCA_022525785.1	SAMN25989266	Klebsiella pneumoniae	PH2A-HHS-PATIENT-HUMAN-CONTEXT	Host_Context_SD	human-associated	human_host_evidence	human_host_evidence=false					patient			healthcare-associated environment	hospital wastewater
GCA_022529985.1	SAMN25989760	Klebsiella pneumoniae	PH2A-HHS-PATIENT-HUMAN-CONTEXT	Host_Context_SD	human-associated	human_host_evidence	human_host_evidence=false					patient			healthcare-associated environment	hospital wastewater
GCA_022534075.1	SAMN25988901	Klebsiella oxytoca	PH2A-HHS-PATIENT-HUMAN-CONTEXT	Host_Context_SD	human-associated	human_host_evidence	human_host_evidence=false					patient			healthcare-associated environment	hospital wastewater
GCA_022535595.1	SAMN25989800	Klebsiella pneumoniae	PH2A-HHS-PATIENT-HUMAN-CONTEXT	Host_Context_SD	human-associated	human_host_evidence	human_host_evidence=false					patient			healthcare-associated environment	hospital wastewater
GCA_002795885.1	SAMN08014802	Bacillus velezensis	PH2A-SITE-PLANT-SAMPLE-MATERIAL	Sample_Material_SD	plant material	plant_material_evidence	plant_material_evidence=false		Glycine max	3847				plant-associated material	soybean seeds	
GCA_003581425.1	SAMN09930308	Amnibacterium setariae	PH2A-SITE-PLANT-SAMPLE-MATERIAL	Sample_Material_SD	plant material	plant_material_evidence	plant_material_evidence=false		Viridiplantae	33090				plant-associated material	plant-associated material	
GCA_015016355.1	SAMN14091648	Listeria monocytogenes	PH2A-SITE-PLANT-SAMPLE-MATERIAL	Sample_Material_SD	plant material	plant_material_evidence	plant_material_evidence=false		Aves	8782				plant-associated material	plant-associated material	drain
GCA_015019155.1	SAMN14091722	Listeria monocytogenes	PH2A-SITE-PLANT-SAMPLE-MATERIAL	Sample_Material_SD	plant material	plant_material_evidence	plant_material_evidence=false		Aves	8782				plant-associated material	plant-associated material	drain
GCA_015021235.1	SAMN14091623	Listeria monocytogenes	PH2A-SITE-PLANT-SAMPLE-MATERIAL	Sample_Material_SD	plant material	plant_material_evidence	plant_material_evidence=false		Aves	8782				plant-associated material	plant-associated material	drain
GCA_015022375.1	SAMN14091642	Listeria monocytogenes	PH2A-SITE-PLANT-SAMPLE-MATERIAL	Sample_Material_SD	plant material	plant_material_evidence	plant_material_evidence=false		Aves	8782				plant-associated material	plant-associated material	drain
GCA_015326965.1	SAMN05828174	Paenibacillus sp. JZ16	PH2A-SITE-PLANT-SAMPLE-MATERIAL	Sample_Material_SD	plant material	plant_material_evidence	plant_material_evidence=false		Tetraena simplex	2499693				plant-associated material	plant-associated material	
GCA_022535875.1	SAMN25988705	Citrobacter freundii	PH2A-HHS-PATIENT-HUMAN-CONTEXT	Host_Context_SD	human-associated	human_host_evidence	human_host_evidence=false					patient			healthcare-associated environment	hospital wastewater
GCA_029768505.1	SAMN25988930	Pluralibacter gergoviae	PH2A-HHS-PATIENT-HUMAN-CONTEXT	Host_Context_SD	human-associated	human_host_evidence	human_host_evidence=false					patient			healthcare-associated environment	hospital wastewater
GCA_056867705.1	SAMN47254583	Xanthomonas citri pv. citri	PH2A-SITE-PLANT-SAMPLE-MATERIAL	Sample_Material_SD	plant material	plant_material_evidence	plant_material_evidence=false		Citrus	2706				plant-associated material	plant-associated material	
GCA_964411195.1	SAMEA117375481	uncultured Candidatus Peribacteria bacterium	PH2A-SITE-PLANT-SAMPLE-MATERIAL	Sample_Material_SD	plant material	plant_material_evidence	plant_material_evidence=false		Viridiplantae	33090				plant-associated material		
GCA_022533835.1	SAMN25989325	Citrobacter freundii	PH2A-HHS-PATIENT-HUMAN-CONTEXT	Host_Context_SD	human-associated	human_host_evidence	human_host_evidence=false					patient			healthcare-associated environment	hospital wastewater
GCA_022535355.1	SAMN25988417	Citrobacter farmeri	PH2A-HHS-PATIENT-HUMAN-CONTEXT	Host_Context_SD	human-associated	human_host_evidence	human_host_evidence=false					patient			healthcare-associated environment	hospital wastewater
GCA_022536315.1	SAMN25988579	Citrobacter freundii	PH2A-HHS-PATIENT-HUMAN-CONTEXT	Host_Context_SD	human-associated	human_host_evidence	human_host_evidence=false					patient			healthcare-associated environment	hospital wastewater
GCA_054130535.1	SAMN27610167	Arthrobacter sp. D1-17	PH2A-SITE-PLANT-SAMPLE-MATERIAL	Sample_Material_SD	plant material	plant_material_evidence	plant_material_evidence=false		Erodium	21555				plant-associated material	plant-associated material	
GCA_015015815.1	SAMN14091686	Listeria monocytogenes	PH2A-SITE-PLANT-SAMPLE-MATERIAL	Sample_Material_SD	plant material	plant_material_evidence	plant_material_evidence=false		Aves	8782				plant-associated material	plant-associated material	drain
GCA_015015875.1	SAMN14091732	Listeria monocytogenes	PH2A-SITE-PLANT-SAMPLE-MATERIAL	Sample_Material_SD	plant material	plant_material_evidence	plant_material_evidence=false		Aves	8782				plant-associated material	plant-associated material	drain
GCA_051132085.1	SAMN18220746	Pseudomonas sp. R1-15	PH2A-SITE-PLANT-SAMPLE-MATERIAL	Sample_Material_SD	plant material	plant_material_evidence	plant_material_evidence=false		Plantago cylindrica	1928669				plant-associated material	plant-associated material	
GCA_052983395.1	SAMN52030213	Sinomicrobium sp. M5D2P17	PH2A-SITE-PLANT-SAMPLE-MATERIAL	Sample_Material_SD	plant material	plant_material_evidence	plant_material_evidence=false		Viridiplantae	33090				plant-associated material	plant-associated material	
GCA_002574185.1	SAMN07598168	Bacillus anthracis	PH2A-SITE-PLANT-SAMPLE-MATERIAL	Sample_Material_SD	plant material	plant_material_evidence	plant_material_evidence=false		Viridiplantae	33090				plant-associated material	plant-associated material	cell culture
GCA_002699855.1	SAMN04092606	Pseudomonas amygdali	PH2A-SITE-PLANT-SAMPLE-MATERIAL	Sample_Material_SD	plant material	plant_material_evidence	plant_material_evidence=false		Viridiplantae	33090				plant-associated material	plant-associated material	
GCA_000633415.1	SAMN02729858	Leucobacter sp. PH1c	PH2A-SITE-PLANT-SAMPLE-MATERIAL	Sample_Material_SD	plant material	plant_material_evidence	plant_material_evidence=false		Viridiplantae	33090				plant-associated material	plant-associated material	
GCA_007846085.1	SAMN12359317	Mucilaginibacter pallidiroseus	PH2A-SITE-PLANT-SAMPLE-MATERIAL	Sample_Material_SD	plant material	plant_material_evidence	plant_material_evidence=false		Viridiplantae	33090				plant-associated material	plant-associated material	
GCA_024192645.1	SAMN20963343	Xanthomonas euvesicatoria pv. allii	PH2A-SITE-PLANT-SAMPLE-MATERIAL	Sample_Material_SD	plant material	plant_material_evidence	plant_material_evidence=false		Allium cepa	4679				plant-associated material	plant-associated material	microbial isolate
GCA_051374245.1	SAMN49881671	Streptomyces albus	PH2A-SITE-PLANT-SAMPLE-MATERIAL	Sample_Material_SD	plant material	plant_material_evidence	plant_material_evidence=false		Viridiplantae	33090				plant-associated material	plant-associated material	
GCA_056530405.1	SAMN27610234	Rhizobium sp. PK7-22	PH2A-SITE-PLANT-SAMPLE-MATERIAL	Sample_Material_SD	plant material	plant_material_evidence	plant_material_evidence=false		Tribulus terrestris	210369				plant-associated material	plant-associated material	
GCA_902555985.1	SAMEA6075662	uncultured Candidatus Actinomarina sp.	PH2A-SITE-PLANT-SAMPLE-MATERIAL	Sample_Material_SD	plant material	plant_material_evidence	plant_material_evidence=false		Viridiplantae	33090				plant-associated material	plant-associated material	
GCA_947085005.1	SAMEA111451363	uncultured Ignavibacteria bacterium	PH2A-SITE-PLANT-SAMPLE-MATERIAL	Sample_Material_SD	plant material	plant_material_evidence	plant_material_evidence=false		Viridiplantae	33090				plant-associated material	plant-associated material	
GCA_009796225.1	SAMN09428057	Clavibacter michiganensis subsp. michiganensis	PH2A-SITE-PLANT-SAMPLE-MATERIAL	Sample_Material_SD	plant material	plant_material_evidence	plant_material_evidence=false		Solanum lycopersicum	4081				plant-associated material	plant-associated material	
GCA_002565435.1	SAMN07598511	Bacillus thuringiensis	PH2A-SITE-PLANT-SAMPLE-MATERIAL	Sample_Material_SD	plant material	plant_material_evidence	plant_material_evidence=false		Viridiplantae	33090				plant-associated material	plant-associated material	cell culture
GCA_002576695.1	SAMN07598033	Bacillus cereus	PH2A-SITE-PLANT-SAMPLE-MATERIAL	Sample_Material_SD	plant material	plant_material_evidence	plant_material_evidence=false		Viridiplantae	33090				plant-associated material	plant-associated material	cell culture
GCA_002582745.1	SAMN07597862	Bacillus cereus	PH2A-SITE-PLANT-SAMPLE-MATERIAL	Sample_Material_SD	plant material	plant_material_evidence	plant_material_evidence=false		Viridiplantae	33090				plant-associated material	plant-associated material	cell culture
GCA_011290685.1	SAMN14331233	Cyclobacterium plantarum	PH2A-SITE-PLANT-SAMPLE-MATERIAL	Sample_Material_SD	plant material	plant_material_evidence	plant_material_evidence=false		Viridiplantae	33090				plant-associated material	plant-associated material	
GCA_038440975.1	SAMN40911113	Shewanella algae	PH2A-HHS-PATIENT-HUMAN-CONTEXT	Host_Context_SD	human-associated	human_host_evidence	human_host_evidence=false					patient		rectum/perianal region	clinical/host-associated material	rectal swab
GCA_015019255.1	SAMN14091725	Listeria monocytogenes	PH2A-SITE-PLANT-SAMPLE-MATERIAL	Sample_Material_SD	plant material	plant_material_evidence	plant_material_evidence=false		Aves	8782				plant-associated material	plant-associated material	drain
GCA_050709935.1	SAMN47300692	Pseudomonas gorinensis	PH2A-SITE-PLANT-SAMPLE-MATERIAL	Sample_Material_SD	plant material	plant_material_evidence	plant_material_evidence=false		Triticum aestivum	4565				plant-associated material	plant-associated material	
GCA_018726825.1	SAMN19222483	Pantoea sp. B270	PH2A-SITE-PLANT-SAMPLE-MATERIAL	Sample_Material_SD	plant material	plant_material_evidence	plant_material_evidence=false		Arachis hypogaea	3818				plant-associated material	plant-associated material	
GCA_947085155.1	SAMEA111451322	uncultured Burkholderiales bacterium	PH2A-SITE-PLANT-SAMPLE-MATERIAL	Sample_Material_SD	plant material	plant_material_evidence	plant_material_evidence=false		Viridiplantae	33090				plant-associated material	plant-associated material	
GCA_947085645.1	SAMEA111451354	uncultured Gammaproteobacteria bacterium	PH2A-SITE-PLANT-SAMPLE-MATERIAL	Sample_Material_SD	plant material	plant_material_evidence	plant_material_evidence=false		Viridiplantae	33090				plant-associated material	plant-associated material	
GCA_947085715.1	SAMEA111451348	uncultured Elusimicrobia bacterium	PH2A-SITE-PLANT-SAMPLE-MATERIAL	Sample_Material_SD	plant material	plant_material_evidence	plant_material_evidence=false		Viridiplantae	33090				plant-associated material	plant-associated material	
GCA_947085725.1	SAMEA111451328	uncultured Candidatus Peregrinibacteria bacterium	PH2A-SITE-PLANT-SAMPLE-MATERIAL	Sample_Material_SD	plant material	plant_material_evidence	plant_material_evidence=false		Viridiplantae	33090				plant-associated material	plant-associated material	
GCA_002574735.1	SAMN07598174	Bacillus thuringiensis	PH2A-SITE-PLANT-SAMPLE-MATERIAL	Sample_Material_SD	plant material	plant_material_evidence	plant_material_evidence=false		Viridiplantae	33090				plant-associated material	plant-associated material	cell culture
GCA_002577335.1	SAMN07597944	Bacillus cereus	PH2A-SITE-PLANT-SAMPLE-MATERIAL	Sample_Material_SD	plant material	plant_material_evidence	plant_material_evidence=false		Viridiplantae	33090				plant-associated material	plant-associated material	cell culture
GCA_002578425.1	SAMN07597910	Bacillus cereus	PH2A-SITE-PLANT-SAMPLE-MATERIAL	Sample_Material_SD	plant material	plant_material_evidence	plant_material_evidence=false		Viridiplantae	33090				plant-associated material	plant-associated material	cell culture
GCA_002581765.1	SAMN07597961	Bacillus toyonensis	PH2A-SITE-PLANT-SAMPLE-MATERIAL	Sample_Material_SD	plant material	plant_material_evidence	plant_material_evidence=false		Viridiplantae	33090				plant-associated material	plant-associated material	
GCA_002583445.1	SAMN07597789	Bacillus thuringiensis	PH2A-SITE-PLANT-SAMPLE-MATERIAL	Sample_Material_SD	plant material	plant_material_evidence	plant_material_evidence=false		Viridiplantae	33090				plant-associated material	plant-associated material	cell culture
GCA_002584695.1	SAMN07597812	Bacillus cereus	PH2A-SITE-PLANT-SAMPLE-MATERIAL	Sample_Material_SD	plant material	plant_material_evidence	plant_material_evidence=false		Viridiplantae	33090				plant-associated material	plant-associated material	
GCA_023277385.1	SAMN20060267	Xanthomonas oryzae pv. oryzae	PH2A-SITE-PLANT-SAMPLE-MATERIAL	Sample_Material_SD	plant material	plant_material_evidence	plant_material_evidence=false		Viridiplantae	33090				plant-associated material	plant-associated material	
GCA_900447645.1	SAMEA3443780	Enterobacter hormaechei	PH2A-SITE-PLANT-SAMPLE-MATERIAL	Sample_Material_SD	plant material	plant_material_evidence	plant_material_evidence=false		Viridiplantae	33090				plant-associated material	plant-associated material	
GCA_051949975.1	SAMN41787740	Xanthomonas citri pv. mangiferaeindicae	PH2A-SITE-PLANT-SAMPLE-MATERIAL	Sample_Material_SD	plant material	plant_material_evidence	plant_material_evidence=false		Mangifera indica	29780				plant-associated material	plant-associated material	microbial isolate
GCA_046267835.1	SAMN43911274	Bacillus subtilis	PH2A-SITE-PLANT-SAMPLE-MATERIAL	Sample_Material_SD	plant material	plant_material_evidence	plant_material_evidence=false		Viridiplantae	33090				plant-associated material	plant-associated material	
GCA_964508085.1	SAMEA117375484	uncultured Saprospiraceae bacterium	PH2A-SITE-PLANT-SAMPLE-MATERIAL	Sample_Material_SD	plant material	plant_material_evidence	plant_material_evidence=false		Viridiplantae	33090				plant-associated material		
GCA_028447565.1	SAMN30078474	Acinetobacter baumannii	PH2A-SITE-PLANT-SAMPLE-MATERIAL	Sample_Material_SD	plant material	plant_material_evidence	plant_material_evidence=false		Urtica dioica	3501				plant-associated material	plant-associated material	
GCA_051949595.1	SAMN41787757	Xanthomonas citri pv. mangiferaeindicae	PH2A-SITE-PLANT-SAMPLE-MATERIAL	Sample_Material_SD	plant material	plant_material_evidence	plant_material_evidence=false		Mangifera indica	29780				plant-associated material	plant-associated material	microbial isolate
GCA_022522905.1	SAMN25989848	Klebsiella pneumoniae	PH2A-HHS-PATIENT-HUMAN-CONTEXT	Host_Context_SD	human-associated	human_host_evidence	human_host_evidence=false					patient			healthcare-associated environment	hospital wastewater
GCA_022534155.1	SAMN25988895	Klebsiella pneumoniae	PH2A-HHS-PATIENT-HUMAN-CONTEXT	Host_Context_SD	human-associated	human_host_evidence	human_host_evidence=false					patient			healthcare-associated environment	hospital wastewater
GCA_022532485.1	SAMN25989140	Klebsiella pneumoniae	PH2A-HHS-PATIENT-HUMAN-CONTEXT	Host_Context_SD	human-associated	human_host_evidence	human_host_evidence=false					patient			healthcare-associated environment	hospital wastewater
GCA_022524025.1	SAMN25988458	Klebsiella pneumoniae	PH2A-HHS-PATIENT-HUMAN-CONTEXT	Host_Context_SD	human-associated	human_host_evidence	human_host_evidence=false					patient			healthcare-associated environment	hospital wastewater
GCA_022534255.1	SAMN25988881	Klebsiella pneumoniae	PH2A-HHS-PATIENT-HUMAN-CONTEXT	Host_Context_SD	human-associated	human_host_evidence	human_host_evidence=false					patient			healthcare-associated environment	hospital wastewater
GCA_022535375.1	SAMN25989886	Klebsiella pneumoniae	PH2A-HHS-PATIENT-HUMAN-CONTEXT	Host_Context_SD	human-associated	human_host_evidence	human_host_evidence=false					patient			healthcare-associated environment	hospital wastewater
GCA_022536015.1	SAMN25989632	Klebsiella pneumoniae	PH2A-HHS-PATIENT-HUMAN-CONTEXT	Host_Context_SD	human-associated	human_host_evidence	human_host_evidence=false					patient			healthcare-associated environment	hospital wastewater
GCA_002567185.1	SAMN07598358	Bacillus cereus	PH2A-SITE-PLANT-SAMPLE-MATERIAL	Sample_Material_SD	plant material	plant_material_evidence	plant_material_evidence=false		Solanum lycopersicum	4081				plant-associated material	plant-associated material	
GCA_002568085.1	SAMN07598266	Bacillus thuringiensis	PH2A-SITE-PLANT-SAMPLE-MATERIAL	Sample_Material_SD	plant material	plant_material_evidence	plant_material_evidence=false		Viridiplantae	33090				plant-associated material	plant-associated material	cell culture
GCA_013141765.1	SAMN13054614	Paenibacillus foliorum	PH2A-SITE-PLANT-SAMPLE-MATERIAL	Sample_Material_SD	plant material	plant_material_evidence	plant_material_evidence=false		Viridiplantae	33090				plant-associated material	plant-associated material	
GCA_015015995.1	SAMN14091655	Listeria monocytogenes	PH2A-SITE-PLANT-SAMPLE-MATERIAL	Sample_Material_SD	plant material	plant_material_evidence	plant_material_evidence=false		Aves	8782				plant-associated material	plant-associated material	drain
GCA_015019055.1	SAMN14091643	Listeria monocytogenes	PH2A-SITE-PLANT-SAMPLE-MATERIAL	Sample_Material_SD	plant material	plant_material_evidence	plant_material_evidence=false		Aves	8782				plant-associated material	plant-associated material	drain
GCA_015024265.1	SAMN15701915	Nocardioides lijunqiniae	PH2A-SITE-PLANT-SAMPLE-MATERIAL	Sample_Material_SD	plant material	plant_material_evidence	plant_material_evidence=false		Viridiplantae	33090				plant-associated material	plant-associated material	pure/single culture
GCA_002565225.1	SAMN07598563	Bacillus cereus	PH2A-SITE-PLANT-SAMPLE-MATERIAL	Sample_Material_SD	plant material	plant_material_evidence	plant_material_evidence=false		Viridiplantae	33090				plant-associated material	plant-associated material	
GCA_000225975.2	SAMN02471171	Xanthomonas sacchari NCPPB 4393	PH2A-SITE-PLANT-SAMPLE-MATERIAL	Sample_Material_SD	plant material	plant_material_evidence	plant_material_evidence=false		Insecta	50557				plant-associated material	plant-associated material	
GCA_002551855.1	SAMN07598696	Bacillus cereus	PH2A-SITE-PLANT-SAMPLE-MATERIAL	Sample_Material_SD	plant material	plant_material_evidence	plant_material_evidence=false		Viridiplantae	33090				plant-associated material	plant-associated material	cell culture
GCA_046549335.1	SAMN16788667	Micromonospora sp. 050-3	PH2A-SITE-PLANT-SAMPLE-MATERIAL	Sample_Material_SD	plant material	plant_material_evidence	plant_material_evidence=false		Viridiplantae	33090				plant-associated material	plant-associated material	
GCA_053901255.1	SAMN53526166	Xylella fastidiosa subsp. multiplex	PH2A-SITE-PLANT-SAMPLE-MATERIAL	Sample_Material_SD	plant material	plant_material_evidence	plant_material_evidence=false		Ulmus americana	29740				plant-associated material	plant-associated material	cell culture
GCA_045311955.1	SAMN44359600	Exiguobacterium acetylicum	PH2A-SITE-PLANT-SAMPLE-MATERIAL	Sample_Material_SD	plant material	plant_material_evidence	plant_material_evidence=false		Phaseolus vulgaris	3885				plant-associated material	plant-associated material	
GCA_020557275.1	SAMN16124468	Enterococcus faecium	PH2A-HHS-PATIENT-HUMAN-CONTEXT	Host_Context_SD	human-associated	human_host_evidence	human_host_evidence=false					patient				
GCA_023630785.1	SAMN26211625	Caballeronia sp. ASUFL_F1_KS2A	PH2A-SITE-PLANT-SAMPLE-MATERIAL	Sample_Material_SD	plant material	plant_material_evidence	plant_material_evidence=false		Anasa scorbutica	2714318				plant-associated material	plant-associated material	gut content
GCA_023631185.1	SAMN26211604	Caballeronia sp. NCTM5	PH2A-SITE-PLANT-SAMPLE-MATERIAL	Sample_Material_SD	plant material	plant_material_evidence	plant_material_evidence=false		Anasa tristis	236421				plant-associated material	plant-associated material	gut content
GCA_047984825.1	SAMN45227828	Pseudomonas aeruginosa	PH2A-HHS-PATIENT-HUMAN-CONTEXT	Host_Context_SD	human-associated	human_host_evidence	human_host_evidence=false					patient			clinical/host-associated material	sink
GCA_052682255.1	SAMN51206709	Pseudomonas sp. 32A	PH2A-SITE-PLANT-SAMPLE-MATERIAL	Sample_Material_SD	plant material	plant_material_evidence	plant_material_evidence=false		Viridiplantae	33090				plant-associated material	plant-associated material	
GCA_054130735.1	SAMN27610172	Pseudomonas sp. D2-5	PH2A-SITE-PLANT-SAMPLE-MATERIAL	Sample_Material_SD	plant material	plant_material_evidence	plant_material_evidence=false		Plantago cretica	197801				plant-associated material	plant-associated material	
GCA_056867715.1	SAMN47254584	Xanthomonas citri pv. citri	PH2A-SITE-PLANT-SAMPLE-MATERIAL	Sample_Material_SD	plant material	plant_material_evidence	plant_material_evidence=false		Viridiplantae	33090				plant-associated material	plant-associated material	
GCA_002879955.1	SAMN08322979	Xanthomonas campestris pv. campestris	PH2A-SITE-PLANT-SAMPLE-MATERIAL	Sample_Material_SD	plant material	plant_material_evidence	plant_material_evidence=false		Brassica oleracea	3712				plant-associated material	plant-associated material	
GCA_051950055.1	SAMN41787739	Xanthomonas citri pv. mangiferaeindicae	PH2A-SITE-PLANT-SAMPLE-MATERIAL	Sample_Material_SD	plant material	plant_material_evidence	plant_material_evidence=false		Mangifera indica	29780				plant-associated material	plant-associated material	microbial isolate
GCA_964528685.1	SAMEA117375455	uncultured Saprospiraceae bacterium	PH2A-SITE-PLANT-SAMPLE-MATERIAL	Sample_Material_SD	plant material	plant_material_evidence	plant_material_evidence=false		Viridiplantae	33090				plant-associated material		
GCA_964594465.1	SAMEA117375472	uncultured Rhodobacterales bacterium	PH2A-SITE-PLANT-SAMPLE-MATERIAL	Sample_Material_SD	plant material	plant_material_evidence	plant_material_evidence=false		Viridiplantae	33090				plant-associated material		
GCA_051949675.1	SAMN41787755	Xanthomonas citri pv. mangiferaeindicae	PH2A-SITE-PLANT-SAMPLE-MATERIAL	Sample_Material_SD	plant material	plant_material_evidence	plant_material_evidence=false		Mangifera indica	29780				plant-associated material	plant-associated material	microbial isolate
GCA_046549095.1	SAMN16788684	Streptomyces sp. x-80	PH2A-SITE-PLANT-SAMPLE-MATERIAL	Sample_Material_SD	plant material	plant_material_evidence	plant_material_evidence=false		Viridiplantae	33090				plant-associated material	plant-associated material	
GCA_022531945.1	SAMN25989215	Klebsiella pneumoniae	PH2A-HHS-PATIENT-HUMAN-CONTEXT	Host_Context_SD	human-associated	human_host_evidence	human_host_evidence=false					patient			healthcare-associated environment	hospital wastewater
GCA_022534435.1	SAMN25988795	Klebsiella pneumoniae	PH2A-HHS-PATIENT-HUMAN-CONTEXT	Host_Context_SD	human-associated	human_host_evidence	human_host_evidence=false					patient			healthcare-associated environment	hospital wastewater
GCA_013425825.1	SAMN15517094	Pseudomonas putida	PH2A-SITE-PLANT-SAMPLE-MATERIAL	Sample_Material_SD	plant material	plant_material_evidence	plant_material_evidence=false		Viridiplantae	33090				plant-associated material	plant-associated material	
GCA_022534415.1	SAMN25988796	Klebsiella pneumoniae	PH2A-HHS-PATIENT-HUMAN-CONTEXT	Host_Context_SD	human-associated	human_host_evidence	human_host_evidence=false					patient			healthcare-associated environment	hospital wastewater
GCA_024181795.1	SAMN29361904	Vibrio sp. Y10_XG_PY6	PH2A-SITE-PLANT-SAMPLE-MATERIAL	Sample_Material_SD	plant material	plant_material_evidence	plant_material_evidence=false		Viridiplantae	33090				plant-associated material	plant-associated material	
GCA_003171735.1	SAMN09223082	Priestia aryabhattai	PH2A-SITE-PLANT-SAMPLE-MATERIAL	Sample_Material_SD	plant material	plant_material_evidence	plant_material_evidence=false		Crocus sativus	82528				plant-associated material	plant-associated material	single cell
GCA_015016855.1	SAMN14091594	Listeria monocytogenes	PH2A-SITE-PLANT-SAMPLE-MATERIAL	Sample_Material_SD	plant material	plant_material_evidence	plant_material_evidence=false		Aves	8782				plant-associated material	plant-associated material	drain
GCA_017161585.1	SAMN18052491	Dickeya solani	PH2A-SITE-PLANT-SAMPLE-MATERIAL	Sample_Material_SD	plant material	plant_material_evidence	plant_material_evidence=false		Viridiplantae	33090				plant-associated material	plant-associated material	
GCA_033343995.1	SAMN37868380	Streptomyces solicathayae	PH2A-SITE-PLANT-SAMPLE-MATERIAL	Sample_Material_SD	plant material	plant_material_evidence	plant_material_evidence=false		Viridiplantae	33090				plant-associated material	plant-associated material	microbial isolate
GCA_051040255.1	SAMN37308751	Clavibacter michiganensis	PH2A-SITE-PLANT-SAMPLE-MATERIAL	Sample_Material_SD	plant material	plant_material_evidence	plant_material_evidence=false		Solanum lycopersicum	4081				plant-associated material	plant-associated material	cell culture
GCA_023630765.1	SAMN26211626	Caballeronia sp. ATUFL_F2_KS9A	PH2A-SITE-PLANT-SAMPLE-MATERIAL	Sample_Material_SD	plant material	plant_material_evidence	plant_material_evidence=false		Anasa tristis	236421				plant-associated material	plant-associated material	gut content
GCA_030369995.1	SAMN35778304	Xanthomonas hortorum pv. vitians	PH2A-SITE-PLANT-SAMPLE-MATERIAL	Sample_Material_SD	plant material	plant_material_evidence	plant_material_evidence=false		Viridiplantae	33090				plant-associated material	plant-associated material	
GCA_023477425.1	SAMN20568459	Salmonella enterica subsp. enterica serovar Dublin	PH2A-SITE-PLANT-SAMPLE-MATERIAL	Sample_Material_SD	plant material	plant_material_evidence	plant_material_evidence=false		Viridiplantae	33090				plant-associated material	plant-associated material	
GCA_002256685.1	SAMN05908748	Methylococcaceae bacterium NSP1-2	PH2A-SITE-PLANT-SAMPLE-MATERIAL	Sample_Material_SD	plant material	plant_material_evidence	plant_material_evidence=false		Viridiplantae	33090				plant-associated material	plant-associated material	
GCA_047978835.1	SAMN45227927	Pseudomonas aeruginosa	PH2A-HHS-PATIENT-HUMAN-CONTEXT	Host_Context_SD	human-associated	human_host_evidence	human_host_evidence=false					patient			clinical/host-associated material	sink
GCA_047985415.1	SAMN45227815	Pseudomonas aeruginosa	PH2A-HHS-PATIENT-HUMAN-CONTEXT	Host_Context_SD	human-associated	human_host_evidence	human_host_evidence=false					patient			clinical/host-associated material	sink
GCA_051132195.1	SAMN18220734	Pseudomonas sp. D2-3	PH2A-SITE-PLANT-SAMPLE-MATERIAL	Sample_Material_SD	plant material	plant_material_evidence	plant_material_evidence=false		Plantago cretica	197801				plant-associated material	plant-associated material	
GCA_013362995.1	SAMN15099414	Streptomyces sp. TRM64462	PH2A-SITE-PLANT-SAMPLE-MATERIAL	Sample_Material_SD	plant material	plant_material_evidence	plant_material_evidence=false		Alhagi sparsifolia	218100				plant-associated material	plant-associated material	
GCA_036345155.1	SAMN30553142	Streptomyces sp. NBC_00582	PH2A-SITE-PLANT-SAMPLE-MATERIAL	Sample_Material_SD	plant material	plant_material_evidence	plant_material_evidence=false		Viridiplantae	33090				plant-associated material	plant-associated material	
GCA_047226435.1	SAMN46289076	Curtobacterium poinsettiae	PH2A-SITE-PLANT-SAMPLE-MATERIAL	Sample_Material_SD	plant material	plant_material_evidence	plant_material_evidence=false		Euphorbia pulcherrima	37495				plant-associated material	plant-associated material	cell culture
GCA_053903095.1	SAMN27610250	Bacillus sp. AK130	PH2A-SITE-PLANT-SAMPLE-MATERIAL	Sample_Material_SD	plant material	plant_material_evidence	plant_material_evidence=false		Avicennia marina	82927				plant-associated material	plant-associated material	
GCA_002569275.1	SAMN07598407	Bacillus thuringiensis	PH2A-SITE-PLANT-SAMPLE-MATERIAL	Sample_Material_SD	plant material	plant_material_evidence	plant_material_evidence=false		Viridiplantae	33090				plant-associated material	plant-associated material	cell culture
GCA_015024225.1	SAMN15701753	Nocardioides lijunqiniae	PH2A-SITE-PLANT-SAMPLE-MATERIAL	Sample_Material_SD	plant material	plant_material_evidence	plant_material_evidence=false		Viridiplantae	33090				plant-associated material	plant-associated material	pure/single culture
GCA_021277265.1	SAMN23440782	Kineosporia rhizophila	PH2A-SITE-PLANT-SAMPLE-MATERIAL	Sample_Material_SD	plant material	plant_material_evidence	plant_material_evidence=false		Viridiplantae	33090				plant-associated material	plant-associated material	single cell
GCA_009793285.1	SAMN09427969	Clavibacter michiganensis subsp. michiganensis	PH2A-SITE-PLANT-SAMPLE-MATERIAL	Sample_Material_SD	plant material	plant_material_evidence	plant_material_evidence=false		Solanum lycopersicum	4081				plant-associated material	plant-associated material	
GCA_014268865.1	SAMN15248327	Pseudomonas sp. BW16M2	PH2A-SITE-PLANT-SAMPLE-MATERIAL	Sample_Material_SD	plant material	plant_material_evidence	plant_material_evidence=false		Viridiplantae	33090				plant-associated material	plant-associated material	
GCA_028438175.1	SAMN29993307	Acinetobacter baumannii	PH2A-SITE-PLANT-SAMPLE-MATERIAL	Sample_Material_SD	plant material	plant_material_evidence	plant_material_evidence=false		Viridiplantae	33090				plant-associated material	plant-associated material	
GCA_001931845.1	SAMN05200884	Enterococcus faecalis	PH2A-SITE-PLANT-SAMPLE-MATERIAL	Sample_Material_SD	plant material	plant_material_evidence	plant_material_evidence=false		Viridiplantae	33090				plant-associated material	plant-associated material	
GCA_004137785.1	SAMN08985456	Pectobacterium zantedeschiae	PH2A-SITE-PLANT-SAMPLE-MATERIAL	Sample_Material_SD	plant material	plant_material_evidence	plant_material_evidence=false		Zantedeschia aethiopica	69721				plant-associated material	plant-associated material	
GCA_022529645.1	SAMN25989967	Citrobacter freundii	PH2A-HHS-PATIENT-HUMAN-CONTEXT	Host_Context_SD	human-associated	human_host_evidence	human_host_evidence=false					patient			healthcare-associated environment	hospital wastewater
GCA_030847105.1	SAMN30207200	Cronobacter sakazakii	PH2A-SITE-PLANT-SAMPLE-MATERIAL	Sample_Material_SD	plant material	plant_material_evidence	plant_material_evidence=false							plant-associated material	plant-associated material	milk powder
GCA_051040555.1	SAMN37308741	Clavibacter michiganensis	PH2A-SITE-PLANT-SAMPLE-MATERIAL	Sample_Material_SD	plant material	plant_material_evidence	plant_material_evidence=false		Solanum lycopersicum	4081				plant-associated material	plant-associated material	cell culture
GCA_002561195.1	SAMN07597465	Bacillus anthracis	PH2A-SITE-PLANT-SAMPLE-MATERIAL	Sample_Material_SD	plant material	plant_material_evidence	plant_material_evidence=false		Viridiplantae	33090				plant-associated material	plant-associated material	cell culture
GCA_002550685.1	SAMN07598628	Bacillus pseudomycoides	PH2A-SITE-PLANT-SAMPLE-MATERIAL	Sample_Material_SD	plant material	plant_material_evidence	plant_material_evidence=false		Viridiplantae	33090				plant-associated material	plant-associated material	cell culture
GCA_056738165.1	SAMN41787769	Xanthomonas citri pv. mangiferaeindicae	PH2A-SITE-PLANT-SAMPLE-MATERIAL	Sample_Material_SD	plant material	plant_material_evidence	plant_material_evidence=false		Mangifera indica	29780				plant-associated material	plant-associated material	microbial isolate
GCA_036226545.1	SAMN30553193	Streptomyces canus	PH2A-SITE-PLANT-SAMPLE-MATERIAL	Sample_Material_SD	plant material	plant_material_evidence	plant_material_evidence=false		Viridiplantae	33090				plant-associated material	plant-associated material	
GCA_001530965.1	SAMN03449521	Burkholderia territorii	PH2A-SITE-PLANT-SAMPLE-MATERIAL	Sample_Material_SD	plant material	plant_material_evidence	plant_material_evidence=false		Viridiplantae	33090				plant-associated material	plant-associated material	
GCA_001531005.1	SAMN03449524	Burkholderia territorii	PH2A-SITE-PLANT-SAMPLE-MATERIAL	Sample_Material_SD	plant material	plant_material_evidence	plant_material_evidence=false		Viridiplantae	33090				plant-associated material	plant-associated material	
GCA_001635995.1	SAMN03457175	Bacillus cereus	PH2A-HHS-PATIENT-HUMAN-CONTEXT	Host_Context_SD	human-associated	human_host_evidence	human_host_evidence=false					patient				cell culture
GCA_044142145.1	SAMN43910048	Streptomyces sp. BK79	PH2A-SITE-PLANT-SAMPLE-MATERIAL	Sample_Material_SD	plant material	plant_material_evidence	plant_material_evidence=false		Artemisia herba-alba	72329				plant-associated material		
GCA_021365535.1	SAMN24011483	Erwinia tracheiphila	PH2A-SITE-PLANT-SAMPLE-MATERIAL	Sample_Material_SD	plant material	plant_material_evidence	plant_material_evidence=false		Cucumis sativus	3659				plant-associated material	plant-associated material	cell culture
GCA_025654245.1	SAMN25232814	Shewanella sp. SM29	PH2A-SITE-PLANT-SAMPLE-MATERIAL	Sample_Material_SD	plant material	plant_material_evidence	plant_material_evidence=false		Viridiplantae	33090				plant-associated material	plant-associated material	
GCA_002559755.1	SAMN07597608	Bacillus anthracis	PH2A-SITE-PLANT-SAMPLE-MATERIAL	Sample_Material_SD	plant material	plant_material_evidence	plant_material_evidence=false		Viridiplantae	33090				plant-associated material	plant-associated material	cell culture
GCA_002584055.1	SAMN07597864	Bacillus thuringiensis	PH2A-SITE-PLANT-SAMPLE-MATERIAL	Sample_Material_SD	plant material	plant_material_evidence	plant_material_evidence=false		Viridiplantae	33090				plant-associated material	plant-associated material	cell culture
GCA_050822385.1	SAMN25148929	Lactococcus lactis	PH2A-SITE-PLANT-SAMPLE-MATERIAL	Sample_Material_SD	plant material	plant_material_evidence	plant_material_evidence=false							plant-associated material	plant-associated material	cell culture
GCA_022534215.1	SAMN25988896	Klebsiella pneumoniae	PH2A-HHS-PATIENT-HUMAN-CONTEXT	Host_Context_SD	human-associated	human_host_evidence	human_host_evidence=false					patient			healthcare-associated environment	hospital wastewater
GCA_002736925.1	SAMN04092614	Pseudomonas amygdali pv. morsprunorum	PH2A-SITE-PLANT-SAMPLE-MATERIAL	Sample_Material_SD	plant material	plant_material_evidence	plant_material_evidence=false		Viridiplantae	33090				plant-associated material	plant-associated material	
GCA_005298075.1	SAMN11577469	Nakamurella flava	PH2A-SITE-PLANT-SAMPLE-MATERIAL	Sample_Material_SD	plant material	plant_material_evidence	plant_material_evidence=false		Viridiplantae	33090				plant-associated material	plant-associated material	
GCA_015019175.1	SAMN14091721	Listeria monocytogenes	PH2A-SITE-PLANT-SAMPLE-MATERIAL	Sample_Material_SD	plant material	plant_material_evidence	plant_material_evidence=false		Aves	8782				plant-associated material	plant-associated material	drain
GCA_016765795.1	SAMN17222278	Fuscibacter oryzae	PH2A-SITE-PLANT-SAMPLE-MATERIAL	Sample_Material_SD	plant material	plant_material_evidence	plant_material_evidence=false		Viridiplantae	33090				plant-associated material	plant-associated material	
GCA_022528275.1	SAMN25989725	Citrobacter freundii	PH2A-HHS-PATIENT-HUMAN-CONTEXT	Host_Context_SD	human-associated	human_host_evidence	human_host_evidence=false					patient			healthcare-associated environment	hospital wastewater
GCA_033845325.1	SAMN38252434	Bacillus subtilis	PH2A-SITE-PLANT-SAMPLE-MATERIAL	Sample_Material_SD	plant material	plant_material_evidence	plant_material_evidence=false		Viridiplantae	33090				plant-associated material	plant-associated material	
GCA_053903215.1	SAMN27610207	Bacillus sp. JZ35	PH2A-SITE-PLANT-SAMPLE-MATERIAL	Sample_Material_SD	plant material	plant_material_evidence	plant_material_evidence=false		Euphorbia granulata	1046465				plant-associated material	plant-associated material	
GCA_023521275.1	SAMN08362829	Bacillus subtilis	PH2A-SITE-PLANT-SAMPLE-MATERIAL	Sample_Material_SD	plant material	plant_material_evidence	plant_material_evidence=false		Tribulus terrestris	210369				plant-associated material	plant-associated material	
GCA_029686165.1	SAMN25989197	Enterobacter asburiae	PH2A-HHS-PATIENT-HUMAN-CONTEXT	Host_Context_SD	human-associated	human_host_evidence	human_host_evidence=false					patient			healthcare-associated environment	hospital wastewater
GCA_015018515.1	SAMN14091634	Listeria monocytogenes	PH2A-SITE-PLANT-SAMPLE-MATERIAL	Sample_Material_SD	plant material	plant_material_evidence	plant_material_evidence=false		Aves	8782				plant-associated material	plant-associated material	
GCA_022534395.1	SAMN25988872	Citrobacter freundii	PH2A-HHS-PATIENT-HUMAN-CONTEXT	Host_Context_SD	human-associated	human_host_evidence	human_host_evidence=false					patient			healthcare-associated environment	hospital wastewater
GCA_022536295.1	SAMN25988589	Citrobacter freundii	PH2A-HHS-PATIENT-HUMAN-CONTEXT	Host_Context_SD	human-associated	human_host_evidence	human_host_evidence=false					patient			healthcare-associated environment	hospital wastewater
GCA_051028275.1	SAMN17601316	Stutzerimonas stutzeri	PH2A-SITE-PLANT-SAMPLE-MATERIAL	Sample_Material_SD	plant material	plant_material_evidence	plant_material_evidence=false		Panicum turgidum	861245				plant-associated material	plant-associated material	
GCA_051040265.1	SAMN37308750	Clavibacter michiganensis	PH2A-SITE-PLANT-SAMPLE-MATERIAL	Sample_Material_SD	plant material	plant_material_evidence	plant_material_evidence=false		Solanum lycopersicum	4081				plant-associated material	plant-associated material	cell culture
GCA_015019945.1	SAMN14091681	Listeria monocytogenes	PH2A-SITE-PLANT-SAMPLE-MATERIAL	Sample_Material_SD	plant material	plant_material_evidence	plant_material_evidence=false		Aves	8782				plant-associated material	plant-associated material	drain
GCA_023631365.1	SAMN26211597	Caballeronia sp. INML2	PH2A-SITE-PLANT-SAMPLE-MATERIAL	Sample_Material_SD	plant material	plant_material_evidence	plant_material_evidence=false		Anasa tristis	236421				plant-associated material	plant-associated material	gut content
GCA_002575565.1	SAMN07598063	Bacillus cereus	PH2A-SITE-PLANT-SAMPLE-MATERIAL	Sample_Material_SD	plant material	plant_material_evidence	plant_material_evidence=false		Glycine max	3847				plant-associated material	plant-associated material	
GCA_016765675.1	SAMN17370706	Neobacillus paridis	PH2A-SITE-PLANT-SAMPLE-MATERIAL	Sample_Material_SD	plant material	plant_material_evidence	plant_material_evidence=false		Paris polyphylla var. yunnanensis	221260				plant-associated material	plant-associated material	cell culture
GCA_020556885.1	SAMN16124480	Enterococcus lactis	PH2A-HHS-PATIENT-HUMAN-CONTEXT	Host_Context_SD	human-associated	human_host_evidence	human_host_evidence=false					patient				
GCA_047983165.1	SAMN45227890	Pseudomonas aeruginosa	PH2A-HHS-PATIENT-HUMAN-CONTEXT	Host_Context_SD	human-associated	human_host_evidence	human_host_evidence=false					patient			clinical/host-associated material	sink
GCA_020471925.1	SAMN13738861	Clostridioides difficile	PH2A-SITE-PLANT-SAMPLE-MATERIAL	Sample_Material_SD	plant material	plant_material_evidence	plant_material_evidence=false		Viridiplantae	33090				plant-associated material	plant-associated material	
GCA_022518225.1	SAMN25989678	Citrobacter freundii	PH2A-HHS-PATIENT-HUMAN-CONTEXT	Host_Context_SD	human-associated	human_host_evidence	human_host_evidence=false					patient			healthcare-associated environment	hospital wastewater
GCA_022531075.1	SAMN25989444	Citrobacter freundii	PH2A-HHS-PATIENT-HUMAN-CONTEXT	Host_Context_SD	human-associated	human_host_evidence	human_host_evidence=false					patient			healthcare-associated environment	hospital wastewater
GCA_030026685.1	SAMN34999852	Cronobacter sakazakii	PH2A-SITE-PLANT-SAMPLE-MATERIAL	Sample_Material_SD	plant material	plant_material_evidence	plant_material_evidence=false							plant-associated material	plant-associated material	food
GCA_020907265.1	SAMN23070849	Streptomyces parvulus	PH2A-SITE-PLANT-SAMPLE-MATERIAL	Sample_Material_SD	plant material	plant_material_evidence	plant_material_evidence=false		Aegiceras corniculatum	59970				plant-associated material	plant-associated material	single cell
GCA_038432945.1	SAMN40911117	Shewanella algae	PH2A-HHS-PATIENT-HUMAN-CONTEXT	Host_Context_SD	human-associated	human_host_evidence	human_host_evidence=false					patient		rectum/perianal region	clinical/host-associated material	rectal swab
GCA_043195255.1	SAMN40380455	Xylella fastidiosa subsp. multiplex	PH2A-SITE-PLANT-SAMPLE-MATERIAL	Sample_Material_SD	plant material	plant_material_evidence	plant_material_evidence=false		Viridiplantae	33090				plant-associated material	plant-associated material	
GCA_051904275.1	SAMN49942764	Micrococcus luteus KDCGSN	PH2A-SITE-PLANT-SAMPLE-MATERIAL	Sample_Material_SD	plant material	plant_material_evidence	plant_material_evidence=false		Rhizophora apiculata	106626				plant-associated material	plant-associated material	
GCA_022522365.1	SAMN25989923	Klebsiella pneumoniae	PH2A-HHS-PATIENT-HUMAN-CONTEXT	Host_Context_SD	human-associated	human_host_evidence	human_host_evidence=false					patient			healthcare-associated environment	hospital wastewater
GCA_002776205.1	SAMN07420954	Listeria monocytogenes	PH2A-SITE-PLANT-SAMPLE-MATERIAL	Sample_Material_SD	plant material	plant_material_evidence	plant_material_evidence=false							plant-associated material	plant-associated material	meat product
GCA_022518745.1	SAMN25989032	Klebsiella pneumoniae	PH2A-HHS-PATIENT-HUMAN-CONTEXT	Host_Context_SD	human-associated	human_host_evidence	human_host_evidence=false					patient			healthcare-associated environment	hospital wastewater
GCA_022520645.1	SAMN25989247	Klebsiella pneumoniae	PH2A-HHS-PATIENT-HUMAN-CONTEXT	Host_Context_SD	human-associated	human_host_evidence	human_host_evidence=false					patient			healthcare-associated environment	hospital wastewater
GCA_022532965.1	SAMN25989079	Klebsiella pneumoniae	PH2A-HHS-PATIENT-HUMAN-CONTEXT	Host_Context_SD	human-associated	human_host_evidence	human_host_evidence=false					patient			healthcare-associated environment	hospital wastewater
GCA_022534755.1	SAMN25989351	Klebsiella pneumoniae	PH2A-HHS-PATIENT-HUMAN-CONTEXT	Host_Context_SD	human-associated	human_host_evidence	human_host_evidence=false					patient			healthcare-associated environment	hospital wastewater
GCA_022534935.1	SAMN25989910	Klebsiella pneumoniae	PH2A-HHS-PATIENT-HUMAN-CONTEXT	Host_Context_SD	human-associated	human_host_evidence	human_host_evidence=false					patient			healthcare-associated environment	hospital wastewater
GCA_050932645.1	SAMN15835548	Klebsiella quasipneumoniae	PH2A-SITE-PLANT-SAMPLE-MATERIAL	Sample_Material_SD	plant material	plant_material_evidence	plant_material_evidence=false		Viridiplantae	33090				plant-associated material	plant-associated material	
GCA_055902415.1	SAMN50434436	Bacillus sp. SSR7	PH2A-SITE-PLANT-SAMPLE-MATERIAL	Sample_Material_SD	plant material	plant_material_evidence	plant_material_evidence=false		Oryza sativa	4530				plant-associated material	plant-associated material	
GCA_022519845.1	SAMN25988506	Citrobacter freundii	PH2A-HHS-PATIENT-HUMAN-CONTEXT	Host_Context_SD	human-associated	human_host_evidence	human_host_evidence=false					patient			healthcare-associated environment	hospital wastewater
GCA_029768565.1	SAMN25989873	Pluralibacter gergoviae	PH2A-HHS-PATIENT-HUMAN-CONTEXT	Host_Context_SD	human-associated	human_host_evidence	human_host_evidence=false					patient			healthcare-associated environment	hospital wastewater
GCA_002555205.1	SAMN07597406	Bacillus cereus	PH2A-SITE-PLANT-SAMPLE-MATERIAL	Sample_Material_SD	plant material	plant_material_evidence	plant_material_evidence=false		Viridiplantae	33090				plant-associated material	plant-associated material	cell culture
GCA_006209985.1	SAMN08923869	Salmonella enterica subsp. enterica serovar Bareilly	PH2A-SITE-PLANT-SAMPLE-MATERIAL	Sample_Material_SD	plant material	plant_material_evidence	plant_material_evidence=false		Bacopa monnieri	263974				plant-associated material	plant-associated material	
GCA_009796265.1	SAMN09428082	Clavibacter michiganensis subsp. michiganensis	PH2A-SITE-PLANT-SAMPLE-MATERIAL	Sample_Material_SD	plant material	plant_material_evidence	plant_material_evidence=false		Solanum lycopersicum	4081				plant-associated material	plant-associated material	
GCA_021442415.2	SAMN06292591	Streptomyces sp. MH191	PH2A-SITE-PLANT-SAMPLE-MATERIAL	Sample_Material_SD	plant material	plant_material_evidence	plant_material_evidence=false		Triticum aestivum	4565				plant-associated material		root
GCA_022602615.1	SAMN26199800	Rosenbergiella epipactidis subsp. californiensis	PH2A-SITE-PLANT-SAMPLE-MATERIAL	Sample_Material_SD	plant material	plant_material_evidence	plant_material_evidence=false		diplacus aurantiacus	68869				plant-associated material	plant-associated material	
GCA_015015775.1	SAMN14091728	Listeria monocytogenes	PH2A-SITE-PLANT-SAMPLE-MATERIAL	Sample_Material_SD	plant material	plant_material_evidence	plant_material_evidence=false		Aves	8782				plant-associated material	plant-associated material	drain
GCA_015017135.1	SAMN14091707	Listeria monocytogenes	PH2A-SITE-PLANT-SAMPLE-MATERIAL	Sample_Material_SD	plant material	plant_material_evidence	plant_material_evidence=false		Aves	8782				plant-associated material	plant-associated material	drain
GCA_002561965.1	SAMN07597438	Bacillus cereus	PH2A-SITE-PLANT-SAMPLE-MATERIAL	Sample_Material_SD	plant material	plant_material_evidence	plant_material_evidence=false		Viridiplantae	33090				plant-associated material	plant-associated material	cell culture
GCA_015018135.1	SAMN14091646	Listeria monocytogenes	PH2A-SITE-PLANT-SAMPLE-MATERIAL	Sample_Material_SD	plant material	plant_material_evidence	plant_material_evidence=false							plant-associated material	plant-associated material	
GCA_020557245.1	SAMN16124467	Enterococcus faecium	PH2A-HHS-PATIENT-HUMAN-CONTEXT	Host_Context_SD	human-associated	human_host_evidence	human_host_evidence=false					patient				
GCA_023630885.1	SAMN26211618	Caballeronia sp. ASUFL_M1_KS38	PH2A-SITE-PLANT-SAMPLE-MATERIAL	Sample_Material_SD	plant material	plant_material_evidence	plant_material_evidence=false		Anasa scorbutica	2714318				plant-associated material	plant-associated material	gut content
GCA_047987505.1	SAMN45227743	Pseudomonas aeruginosa	PH2A-HHS-PATIENT-HUMAN-CONTEXT	Host_Context_SD	human-associated	human_host_evidence	human_host_evidence=false					patient			clinical/host-associated material	sink
GCA_051132225.1	SAMN18220731	Pseudomonas sp. D1-1	PH2A-SITE-PLANT-SAMPLE-MATERIAL	Sample_Material_SD	plant material	plant_material_evidence	plant_material_evidence=false		Erodium	21555				plant-associated material	plant-associated material	
GCA_001456195.2	SAMN03166214	Xylella fastidiosa	PH2A-SITE-PLANT-SAMPLE-MATERIAL	Sample_Material_SD	plant material	plant_material_evidence	plant_material_evidence=false		Coffea	13442				plant-associated material	plant-associated material	
GCA_022529065.1	SAMN25989121	Citrobacter freundii	PH2A-HHS-PATIENT-HUMAN-CONTEXT	Host_Context_SD	human-associated	human_host_evidence	human_host_evidence=false					patient			healthcare-associated environment	hospital wastewater
GCA_030847125.1	SAMN30207199	Cronobacter sakazakii	PH2A-SITE-PLANT-SAMPLE-MATERIAL	Sample_Material_SD	plant material	plant_material_evidence	plant_material_evidence=false							plant-associated material	plant-associated material	milk powder
GCA_043355825.1	SAMN40289419	Xylella fastidiosa subsp. multiplex	PH2A-SITE-PLANT-SAMPLE-MATERIAL	Sample_Material_SD	plant material	plant_material_evidence	plant_material_evidence=false		Viridiplantae	33090				plant-associated material	plant-associated material	
GCA_051039385.1	SAMN37308762	Clavibacter michiganensis	PH2A-SITE-PLANT-SAMPLE-MATERIAL	Sample_Material_SD	plant material	plant_material_evidence	plant_material_evidence=false		Solanum lycopersicum	4081				plant-associated material	plant-associated material	cell culture
GCA_947085375.1	SAMEA111451346	uncultured delta proteobacterium	PH2A-SITE-PLANT-SAMPLE-MATERIAL	Sample_Material_SD	plant material	plant_material_evidence	plant_material_evidence=false		Viridiplantae	33090				plant-associated material	plant-associated material	
GCA_947084965.1	SAMEA111451385	uncultured Parcubacteria group bacterium	PH2A-SITE-PLANT-SAMPLE-MATERIAL	Sample_Material_SD	plant material	plant_material_evidence	plant_material_evidence=false		Viridiplantae	33090				plant-associated material	plant-associated material	
GCA_002564815.1	SAMN07598491	Bacillus cereus	PH2A-SITE-PLANT-SAMPLE-MATERIAL	Sample_Material_SD	plant material	plant_material_evidence	plant_material_evidence=false		Viridiplantae	33090				plant-associated material	plant-associated material	cell culture
GCA_013284655.1	SAMN15009506	Bacillus velezensis	PH2A-SITE-PLANT-SAMPLE-MATERIAL	Sample_Material_SD	plant material	plant_material_evidence	plant_material_evidence=false		Solanum lycopersicum	4081				plant-associated material	plant-associated material	
GCA_008932145.1	SAMN05828177	Cronobacter sp. JZ38	PH2A-SITE-PLANT-SAMPLE-MATERIAL	Sample_Material_SD	plant material	plant_material_evidence	plant_material_evidence=false		Tribulus terrestris	210369				plant-associated material	plant-associated material	
GCA_050172365.1	SAMN42759234	Escherichia coli	PH2A-SITE-PLANT-SAMPLE-MATERIAL	Sample_Material_SD	plant material	plant_material_evidence	plant_material_evidence=false		Viridiplantae	33090				plant-associated material	plant-associated material	
GCA_022520125.1	SAMN25989184	Citrobacter freundii	PH2A-HHS-PATIENT-HUMAN-CONTEXT	Host_Context_SD	human-associated	human_host_evidence	human_host_evidence=false					patient			healthcare-associated environment	hospital wastewater
GCA_022527745.1	SAMN25988640	Citrobacter freundii	PH2A-HHS-PATIENT-HUMAN-CONTEXT	Host_Context_SD	human-associated	human_host_evidence	human_host_evidence=false					patient			healthcare-associated environment	hospital wastewater
GCA_022533775.1	SAMN25989028	Citrobacter freundii	PH2A-HHS-PATIENT-HUMAN-CONTEXT	Host_Context_SD	human-associated	human_host_evidence	human_host_evidence=false					patient			healthcare-associated environment	hospital wastewater
GCA_023554635.1	SAMN28546152	Nocardioides bruguierae	PH2A-SITE-PLANT-SAMPLE-MATERIAL	Sample_Material_SD	plant material	plant_material_evidence	plant_material_evidence=false		Viridiplantae	33090				plant-associated material	plant-associated material	
GCA_029016125.1	SAMN21555674	Pantoea agglomerans	PH2A-SITE-PLANT-SAMPLE-MATERIAL	Sample_Material_SD	plant material	plant_material_evidence	plant_material_evidence=false		Allium cepa	4679				plant-associated material	plant-associated material	mixed culture
GCA_054792405.1	SAMN27610189	Ralstonia sp. SA306	PH2A-SITE-PLANT-SAMPLE-MATERIAL	Sample_Material_SD	plant material	plant_material_evidence	plant_material_evidence=false		Indigofera argentea	198858				plant-associated material	plant-associated material	
GCA_947085555.1	SAMEA111451349	uncultured Elusimicrobia bacterium	PH2A-SITE-PLANT-SAMPLE-MATERIAL	Sample_Material_SD	plant material	plant_material_evidence	plant_material_evidence=false		Viridiplantae	33090				plant-associated material	plant-associated material	
GCA_051783825.1	SAMN49740157	Dickeya dianthicola	PH2A-SITE-PLANT-SAMPLE-MATERIAL	Sample_Material_SD	plant material	plant_material_evidence	plant_material_evidence=false		Dianthus caryophyllus	3570				plant-associated material	plant-associated material	
GCA_002577475.1	SAMN07597932	Bacillus anthracis	PH2A-SITE-PLANT-SAMPLE-MATERIAL	Sample_Material_SD	plant material	plant_material_evidence	plant_material_evidence=false		Viridiplantae	33090				plant-associated material	plant-associated material	cell culture
GCA_024919095.1	SAMN30473216	Bacillus velezensis	PH2A-SITE-PLANT-SAMPLE-MATERIAL	Sample_Material_SD	plant material	plant_material_evidence	plant_material_evidence=false		Viridiplantae	33090				plant-associated material	plant-associated material	cell culture
GCA_030646155.1	SAMN36726704	Conexibacter sp. CPCC 205762	PH2A-SITE-PLANT-SAMPLE-MATERIAL	Sample_Material_SD	plant material	plant_material_evidence	plant_material_evidence=false		Viridiplantae	33090				plant-associated material	plant-associated material	
GCA_036226805.1	SAMN24016268	Streptomyces melanogenes	PH2A-SITE-PLANT-SAMPLE-MATERIAL	Sample_Material_SD	plant material	plant_material_evidence	plant_material_evidence=false		Viridiplantae	33090				plant-associated material	plant-associated material	
GCA_000382065.1	SAMN02441648	Stenotrophomonas hibiscicola ATCC 19867	PH2A-SITE-PLANT-SAMPLE-MATERIAL	Sample_Material_SD	plant material	plant_material_evidence	plant_material_evidence=false		Viridiplantae	33090				plant-associated material	plant-associated material	
GCA_015019355.1	SAMN14091607	Listeria monocytogenes	PH2A-SITE-PLANT-SAMPLE-MATERIAL	Sample_Material_SD	plant material	plant_material_evidence	plant_material_evidence=false		Aves	8782				plant-associated material	plant-associated material	drain
GCA_021892675.1	SAMN14372660	Lactiplantibacillus plantarum	PH2A-SITE-PLANT-SAMPLE-MATERIAL	Sample_Material_SD	plant material	plant_material_evidence	plant_material_evidence=false		Viridiplantae	33090				plant-associated material	plant-associated material	
GCA_021893205.1	SAMN14372630	Lactiplantibacillus plantarum	PH2A-SITE-PLANT-SAMPLE-MATERIAL	Sample_Material_SD	plant material	plant_material_evidence	plant_material_evidence=false		Viridiplantae	33090				plant-associated material	plant-associated material	
GCA_021893275.1	SAMN14372629	Lactiplantibacillus plantarum	PH2A-SITE-PLANT-SAMPLE-MATERIAL	Sample_Material_SD	plant material	plant_material_evidence	plant_material_evidence=false		Viridiplantae	33090				plant-associated material	plant-associated material	
GCA_051949865.1	SAMN41787743	Xanthomonas citri pv. mangiferaeindicae	PH2A-SITE-PLANT-SAMPLE-MATERIAL	Sample_Material_SD	plant material	plant_material_evidence	plant_material_evidence=false		Mangifera indica	29780				plant-associated material	plant-associated material	microbial isolate
GCA_053903115.1	SAMN27610252	Vibrio sp. AK197	PH2A-SITE-PLANT-SAMPLE-MATERIAL	Sample_Material_SD	plant material	plant_material_evidence	plant_material_evidence=false		Avicennia marina	82927				plant-associated material	plant-associated material	
GCA_022528905.1	SAMN25988503	Klebsiella pneumoniae	PH2A-HHS-PATIENT-HUMAN-CONTEXT	Host_Context_SD	human-associated	human_host_evidence	human_host_evidence=false					patient			healthcare-associated environment	hospital wastewater
GCA_002556855.1	SAMN07597606	Bacillus cereus	PH2A-SITE-PLANT-SAMPLE-MATERIAL	Sample_Material_SD	plant material	plant_material_evidence	plant_material_evidence=false		Viridiplantae	33090				plant-associated material	plant-associated material	cell culture
GCA_015018595.1	SAMN14091619	Listeria monocytogenes	PH2A-SITE-PLANT-SAMPLE-MATERIAL	Sample_Material_SD	plant material	plant_material_evidence	plant_material_evidence=false		Aves	8782				plant-associated material	plant-associated material	drain
GCA_022532345.1	SAMN25989232	Citrobacter freundii	PH2A-HHS-PATIENT-HUMAN-CONTEXT	Host_Context_SD	human-associated	human_host_evidence	human_host_evidence=false					patient			healthcare-associated environment	hospital wastewater
GCA_022535695.1	SAMN25989655	Citrobacter freundii	PH2A-HHS-PATIENT-HUMAN-CONTEXT	Host_Context_SD	human-associated	human_host_evidence	human_host_evidence=false					patient			healthcare-associated environment	hospital wastewater
GCA_009796175.1	SAMN09428007	Clavibacter michiganensis subsp. michiganensis	PH2A-SITE-PLANT-SAMPLE-MATERIAL	Sample_Material_SD	plant material	plant_material_evidence	plant_material_evidence=false		Solanum lycopersicum	4081				plant-associated material	plant-associated material	
GCA_004319345.1	SAMD00156070	Clostridioides difficile	PH2A-SITE-PLANT-SAMPLE-MATERIAL	Sample_Material_SD	plant material	plant_material_evidence	plant_material_evidence=false							plant-associated material		
GCA_023630725.1	SAMN26211627	Caballeronia sp. ATUFL_M1_KS5A	PH2A-SITE-PLANT-SAMPLE-MATERIAL	Sample_Material_SD	plant material	plant_material_evidence	plant_material_evidence=false		Anasa tristis	236421				plant-associated material	plant-associated material	gut content
GCA_015022285.1	SAMN14091687	Listeria monocytogenes	PH2A-SITE-PLANT-SAMPLE-MATERIAL	Sample_Material_SD	plant material	plant_material_evidence	plant_material_evidence=false							plant-associated material	plant-associated material	
GCA_047982925.1	SAMN45227898	Pseudomonas aeruginosa	PH2A-HHS-PATIENT-HUMAN-CONTEXT	Host_Context_SD	human-associated	human_host_evidence	human_host_evidence=false					patient			clinical/host-associated material	sink
GCA_047983535.1	SAMN45227882	Pseudomonas aeruginosa	PH2A-HHS-PATIENT-HUMAN-CONTEXT	Host_Context_SD	human-associated	human_host_evidence	human_host_evidence=false					patient			clinical/host-associated material	sink
GCA_047984325.1	SAMN45227854	Pseudomonas aeruginosa	PH2A-HHS-PATIENT-HUMAN-CONTEXT	Host_Context_SD	human-associated	human_host_evidence	human_host_evidence=false					patient			clinical/host-associated material	sink
GCA_047984625.1	SAMN45227837	Pseudomonas aeruginosa	PH2A-HHS-PATIENT-HUMAN-CONTEXT	Host_Context_SD	human-associated	human_host_evidence	human_host_evidence=false					patient			clinical/host-associated material	sink
GCA_047986325.1	SAMN45227786	Pseudomonas aeruginosa	PH2A-HHS-PATIENT-HUMAN-CONTEXT	Host_Context_SD	human-associated	human_host_evidence	human_host_evidence=false					patient			clinical/host-associated material	sink
GCA_051131965.1	SAMN18220761	Pseudomonas sp. Z4-7	PH2A-SITE-PLANT-SAMPLE-MATERIAL	Sample_Material_SD	plant material	plant_material_evidence	plant_material_evidence=false		Pallenis hierochuntica	73980				plant-associated material	plant-associated material	
GCA_054106265.1	SAMN52021218	Pseudomonas syringae	PH2A-SITE-PLANT-SAMPLE-MATERIAL	Sample_Material_SD	plant material	plant_material_evidence	plant_material_evidence=false		Solanum lycopersicum	4081				plant-associated material	plant-associated material	
GCA_051950215.1	SAMN41787731	Xanthomonas citri pv. mangiferaeindicae	PH2A-SITE-PLANT-SAMPLE-MATERIAL	Sample_Material_SD	plant material	plant_material_evidence	plant_material_evidence=false		Mangifera indica	29780				plant-associated material	plant-associated material	microbial isolate
GCA_001531385.1	SAMN03449523	Burkholderia territorii	PH2A-SITE-PLANT-SAMPLE-MATERIAL	Sample_Material_SD	plant material	plant_material_evidence	plant_material_evidence=false		Viridiplantae	33090				plant-associated material	plant-associated material	
GCA_964513525.1	SAMEA117375463	uncultured Saprospiraceae bacterium	PH2A-SITE-PLANT-SAMPLE-MATERIAL	Sample_Material_SD	plant material	plant_material_evidence	plant_material_evidence=false		Viridiplantae	33090				plant-associated material		
GCA_018951895.1	SAMN13738872	Clostridioides difficile	PH2A-SITE-PLANT-SAMPLE-MATERIAL	Sample_Material_SD	plant material	plant_material_evidence	plant_material_evidence=false		Viridiplantae	33090				plant-associated material	plant-associated material	
GCA_037482365.1	SAMN40414375	Pseudokineococcus sp. 1T1Z-3	PH2A-SITE-PLANT-SAMPLE-MATERIAL	Sample_Material_SD	plant material	plant_material_evidence	plant_material_evidence=false		Viridiplantae	33090				plant-associated material	plant-associated material	
GCA_051949575.1	SAMN41787758	Xanthomonas citri pv. mangiferaeindicae	PH2A-SITE-PLANT-SAMPLE-MATERIAL	Sample_Material_SD	plant material	plant_material_evidence	plant_material_evidence=false		Mangifera indica	29780				plant-associated material	plant-associated material	microbial isolate
GCA_046549435.1	SAMN16788661	Streptomyces sp. 021-3	PH2A-SITE-PLANT-SAMPLE-MATERIAL	Sample_Material_SD	plant material	plant_material_evidence	plant_material_evidence=false		Viridiplantae	33090				plant-associated material	plant-associated material	
GCA_057756455.1	SAMN60418186	Salmonella enterica subsp. enterica serovar Enteritidis	PH2A-SITE-PLANT-SAMPLE-MATERIAL	Sample_Material_SD	plant material	plant_material_evidence	plant_material_evidence=false		Viridiplantae	33090				plant-associated material	plant-associated material	
GCA_022534795.1	SAMN25988741	Klebsiella pneumoniae	PH2A-HHS-PATIENT-HUMAN-CONTEXT	Host_Context_SD	human-associated	human_host_evidence	human_host_evidence=false					patient			healthcare-associated environment	hospital wastewater
GCA_947084895.1	SAMEA111451313	uncultured bacterium	PH2A-SITE-PLANT-SAMPLE-MATERIAL	Sample_Material_SD	plant material	plant_material_evidence	plant_material_evidence=false		Viridiplantae	33090				plant-associated material	plant-associated material	
GCA_017308755.1	SAMN16872605	Listeria monocytogenes	PH2A-SITE-PLANT-SAMPLE-MATERIAL	Sample_Material_SD	plant material	plant_material_evidence	plant_material_evidence=false		Viridiplantae	33090				plant-associated material	plant-associated material	
GCA_017308795.1	SAMN16872601	Listeria monocytogenes	PH2A-SITE-PLANT-SAMPLE-MATERIAL	Sample_Material_SD	plant material	plant_material_evidence	plant_material_evidence=false		Viridiplantae	33090				plant-associated material	plant-associated material	
GCA_022518105.1	SAMN25988816	Escherichia coli	PH2A-HHS-PATIENT-HUMAN-CONTEXT	Host_Context_SD	human-associated	human_host_evidence	human_host_evidence=false					patient			healthcare-associated environment	hospital wastewater
GCA_022518645.1	SAMN25988987	Klebsiella pneumoniae	PH2A-HHS-PATIENT-HUMAN-CONTEXT	Host_Context_SD	human-associated	human_host_evidence	human_host_evidence=false					patient			healthcare-associated environment	hospital wastewater
GCA_022519125.1	SAMN25989638	Klebsiella pneumoniae	PH2A-HHS-PATIENT-HUMAN-CONTEXT	Host_Context_SD	human-associated	human_host_evidence	human_host_evidence=false					patient			healthcare-associated environment	hospital wastewater
GCA_022519345.1	SAMN25989456	Klebsiella pneumoniae	PH2A-HHS-PATIENT-HUMAN-CONTEXT	Host_Context_SD	human-associated	human_host_evidence	human_host_evidence=false					patient			healthcare-associated environment	hospital wastewater
GCA_022520745.1	SAMN25989110	Klebsiella pneumoniae	PH2A-HHS-PATIENT-HUMAN-CONTEXT	Host_Context_SD	human-associated	human_host_evidence	human_host_evidence=false					patient			healthcare-associated environment	hospital wastewater
GCA_022527205.1	SAMN25988592	Klebsiella pneumoniae	PH2A-HHS-PATIENT-HUMAN-CONTEXT	Host_Context_SD	human-associated	human_host_evidence	human_host_evidence=false					patient			healthcare-associated environment	hospital wastewater
GCA_022527485.1	SAMN25988565	Klebsiella pneumoniae	PH2A-HHS-PATIENT-HUMAN-CONTEXT	Host_Context_SD	human-associated	human_host_evidence	human_host_evidence=false					patient			healthcare-associated environment	hospital wastewater
GCA_022531235.1	SAMN25989396	Klebsiella pneumoniae	PH2A-HHS-PATIENT-HUMAN-CONTEXT	Host_Context_SD	human-associated	human_host_evidence	human_host_evidence=false					patient			healthcare-associated environment	hospital wastewater
GCA_041379735.1	SAMN43160958	Klebsiella aerogenes	PH2A-SITE-PLANT-SAMPLE-MATERIAL	Sample_Material_SD	plant material	plant_material_evidence	plant_material_evidence=false		Suaeda glauca	397272				plant-associated material	plant-associated material	
GCA_053824755.1	SAMEA120398502	Escherichia coli	PH2A-HHS-PATIENT-HUMAN-CONTEXT	Host_Context_SD	human-associated	human_host_evidence	human_host_evidence=false					patient			clinical/host-associated material	drain
GCA_002559365.1	SAMN07597257	Bacillus cereus	PH2A-SITE-PLANT-SAMPLE-MATERIAL	Sample_Material_SD	plant material	plant_material_evidence	plant_material_evidence=false		Zea mays	4577				plant-associated material	plant-associated material	
GCA_013184735.1	SAMN14444807	Falsiroseomonas frigidaquae	PH2A-SITE-PLANT-SAMPLE-MATERIAL	Sample_Material_SD	plant material	plant_material_evidence	plant_material_evidence=false		Viridiplantae	33090				plant-associated material	plant-associated material	
GCA_013141775.1	SAMN13055038	Paenibacillus phytohabitans	PH2A-SITE-PLANT-SAMPLE-MATERIAL	Sample_Material_SD	plant material	plant_material_evidence	plant_material_evidence=false		Viridiplantae	33090				plant-associated material	plant-associated material	
GCA_015014615.1	SAMN14091650	Listeria monocytogenes	PH2A-SITE-PLANT-SAMPLE-MATERIAL	Sample_Material_SD	plant material	plant_material_evidence	plant_material_evidence=false		Aves	8782				plant-associated material	plant-associated material	drain
GCA_015017105.1	SAMN14091706	Listeria monocytogenes	PH2A-SITE-PLANT-SAMPLE-MATERIAL	Sample_Material_SD	plant material	plant_material_evidence	plant_material_evidence=false		Aves	8782				plant-associated material	plant-associated material	drain
GCA_015018985.1	SAMN14091672	Listeria monocytogenes	PH2A-SITE-PLANT-SAMPLE-MATERIAL	Sample_Material_SD	plant material	plant_material_evidence	plant_material_evidence=false		Aves	8782				plant-associated material	plant-associated material	
GCA_022518905.1	SAMN25988798	Citrobacter freundii	PH2A-HHS-PATIENT-HUMAN-CONTEXT	Host_Context_SD	human-associated	human_host_evidence	human_host_evidence=false					patient			healthcare-associated environment	hospital wastewater
GCA_022520665.1	SAMN25989127	Citrobacter freundii	PH2A-HHS-PATIENT-HUMAN-CONTEXT	Host_Context_SD	human-associated	human_host_evidence	human_host_evidence=false					patient			healthcare-associated environment	hospital wastewater
GCA_022531365.1	SAMN25988457	Citrobacter freundii	PH2A-HHS-PATIENT-HUMAN-CONTEXT	Host_Context_SD	human-associated	human_host_evidence	human_host_evidence=false					patient			healthcare-associated environment	hospital wastewater
GCA_022536055.1	SAMN25989635	Citrobacter freundii	PH2A-HHS-PATIENT-HUMAN-CONTEXT	Host_Context_SD	human-associated	human_host_evidence	human_host_evidence=false					patient			healthcare-associated environment	hospital wastewater
GCA_038432995.1	SAMN40911115	Shewanella algae	PH2A-HHS-PATIENT-HUMAN-CONTEXT	Host_Context_SD	human-associated	human_host_evidence	human_host_evidence=false					patient		rectum/perianal region	clinical/host-associated material	rectal swab
GCA_022533365.1	SAMN25989945	Citrobacter freundii	PH2A-HHS-PATIENT-HUMAN-CONTEXT	Host_Context_SD	human-associated	human_host_evidence	human_host_evidence=false					patient			healthcare-associated environment	hospital wastewater
GCA_046599285.1	SAMN46069079	Bacillus sp. C15	PH2A-SITE-PLANT-SAMPLE-MATERIAL	Sample_Material_SD	plant material	plant_material_evidence	plant_material_evidence=false		Viridiplantae	33090				plant-associated material	plant-associated material	
GCA_020557255.1	SAMN16124469	Enterococcus faecium	PH2A-HHS-PATIENT-HUMAN-CONTEXT	Host_Context_SD	human-associated	human_host_evidence	human_host_evidence=false					patient				
GCA_021892695.1	SAMN14372657	Lactiplantibacillus plantarum	PH2A-SITE-PLANT-SAMPLE-MATERIAL	Sample_Material_SD	plant material	plant_material_evidence	plant_material_evidence=false		Viridiplantae	33090				plant-associated material	plant-associated material	
GCA_021893115.1	SAMN14372638	Lactiplantibacillus plantarum	PH2A-SITE-PLANT-SAMPLE-MATERIAL	Sample_Material_SD	plant material	plant_material_evidence	plant_material_evidence=false		Viridiplantae	33090				plant-associated material	plant-associated material	
GCA_047984685.1	SAMN45227836	Pseudomonas aeruginosa	PH2A-HHS-PATIENT-HUMAN-CONTEXT	Host_Context_SD	human-associated	human_host_evidence	human_host_evidence=false					patient			clinical/host-associated material	sink
GCA_047987025.1	SAMN45227762	Pseudomonas aeruginosa	PH2A-HHS-PATIENT-HUMAN-CONTEXT	Host_Context_SD	human-associated	human_host_evidence	human_host_evidence=false					patient			clinical/host-associated material	sink
GCA_050626915.1	SAMN47300699	Pseudomonas alvandae	PH2A-SITE-PLANT-SAMPLE-MATERIAL	Sample_Material_SD	plant material	plant_material_evidence	plant_material_evidence=false		Pisum sativum	3888				plant-associated material	plant-associated material	
GCA_026184315.1	SAMN29594852	Agrobacterium tumefaciens	PH2A-SITE-PLANT-SAMPLE-MATERIAL	Sample_Material_SD	plant material	plant_material_evidence	plant_material_evidence=false		Vitis vinifera	29760				plant-associated material	plant-associated material	
GCA_022532585.1	SAMN25988994	Citrobacter freundii	PH2A-HHS-PATIENT-HUMAN-CONTEXT	Host_Context_SD	human-associated	human_host_evidence	human_host_evidence=false					patient			healthcare-associated environment	hospital wastewater
GCA_034427935.1	SAMN38273675	Chelativorans sp. M5D2P16	PH2A-SITE-PLANT-SAMPLE-MATERIAL	Sample_Material_SD	plant material	plant_material_evidence	plant_material_evidence=false		Viridiplantae	33090				plant-associated material	plant-associated material	
GCA_002576125.1	SAMN07598004	Bacillus thuringiensis	PH2A-SITE-PLANT-SAMPLE-MATERIAL	Sample_Material_SD	plant material	plant_material_evidence	plant_material_evidence=false		Viridiplantae	33090				plant-associated material	plant-associated material	
GCA_002577245.1	SAMN07597949	Bacillus cereus	PH2A-SITE-PLANT-SAMPLE-MATERIAL	Sample_Material_SD	plant material	plant_material_evidence	plant_material_evidence=false		Viridiplantae	33090				plant-associated material	plant-associated material	cell culture
GCA_015015475.1	SAMN14091604	Listeria monocytogenes	PH2A-SITE-PLANT-SAMPLE-MATERIAL	Sample_Material_SD	plant material	plant_material_evidence	plant_material_evidence=false		Aves	8782				plant-associated material	plant-associated material	drain
GCA_022531255.1	SAMN25989390	Citrobacter freundii	PH2A-HHS-PATIENT-HUMAN-CONTEXT	Host_Context_SD	human-associated	human_host_evidence	human_host_evidence=false					patient			healthcare-associated environment	hospital wastewater
GCA_000830115.1	SAMD00019876	Acinetobacter junii	PH2A-SITE-PLANT-SAMPLE-MATERIAL	Sample_Material_SD	plant material	plant_material_evidence	plant_material_evidence=false		Viridiplantae	33090				plant-associated material	plant-associated material	
GCA_022527225.1	SAMN25988575	Citrobacter freundii	PH2A-HHS-PATIENT-HUMAN-CONTEXT	Host_Context_SD	human-associated	human_host_evidence	human_host_evidence=false					patient			healthcare-associated environment	hospital wastewater
GCA_022529445.1	SAMN25989014	Citrobacter freundii	PH2A-HHS-PATIENT-HUMAN-CONTEXT	Host_Context_SD	human-associated	human_host_evidence	human_host_evidence=false					patient			healthcare-associated environment	hospital wastewater
GCA_947085215.1	SAMEA111451303	uncultured Alphaproteobacteria bacterium	PH2A-SITE-PLANT-SAMPLE-MATERIAL	Sample_Material_SD	plant material	plant_material_evidence	plant_material_evidence=false		Viridiplantae	33090				plant-associated material	plant-associated material	
GCA_947085685.1	SAMEA111451326	uncultured Candidatus Melainabacteria bacterium	PH2A-SITE-PLANT-SAMPLE-MATERIAL	Sample_Material_SD	plant material	plant_material_evidence	plant_material_evidence=false		Viridiplantae	33090				plant-associated material	plant-associated material	
GCA_002577115.1	SAMN07597955	Bacillus cereus	PH2A-SITE-PLANT-SAMPLE-MATERIAL	Sample_Material_SD	plant material	plant_material_evidence	plant_material_evidence=false		Viridiplantae	33090				plant-associated material	plant-associated material	cell culture
GCA_017349315.1	SAMN18147377	Jiella flava	PH2A-SITE-PLANT-SAMPLE-MATERIAL	Sample_Material_SD	plant material	plant_material_evidence	plant_material_evidence=false		Viridiplantae	33090				plant-associated material	plant-associated material	
GCA_030846925.1	SAMN30207208	Cronobacter sakazakii	PH2A-SITE-PLANT-SAMPLE-MATERIAL	Sample_Material_SD	plant material	plant_material_evidence	plant_material_evidence=false							plant-associated material	plant-associated material	milk powder
GCA_015015495.1	SAMN14091627	Listeria monocytogenes	PH2A-SITE-PLANT-SAMPLE-MATERIAL	Sample_Material_SD	plant material	plant_material_evidence	plant_material_evidence=false		Aves	8782				plant-associated material	plant-associated material	
GCA_051040135.1	SAMN37308756	Clavibacter michiganensis	PH2A-SITE-PLANT-SAMPLE-MATERIAL	Sample_Material_SD	plant material	plant_material_evidence	plant_material_evidence=false		Solanum lycopersicum	4081				plant-associated material	plant-associated material	cell culture
GCA_015020505.1	SAMN14091675	Listeria monocytogenes	PH2A-SITE-PLANT-SAMPLE-MATERIAL	Sample_Material_SD	plant material	plant_material_evidence	plant_material_evidence=false		Aves	8782				plant-associated material	plant-associated material	drain
GCA_046600495.1	SAMN46078053	Candidatus Phytoplasma pyri	PH2A-SITE-PLANT-SAMPLE-MATERIAL	Sample_Material_SD	plant material	plant_material_evidence	plant_material_evidence=false		Cydonia oblonga	36610				plant-associated material	pear orchard	
GCA_947085515.1	SAMEA111451340	uncultured Chromatiaceae bacterium	PH2A-SITE-PLANT-SAMPLE-MATERIAL	Sample_Material_SD	plant material	plant_material_evidence	plant_material_evidence=false		Viridiplantae	33090				plant-associated material	plant-associated material	
GCA_046549115.1	SAMN16788682	Streptomyces sp. x-19	PH2A-SITE-PLANT-SAMPLE-MATERIAL	Sample_Material_SD	plant material	plant_material_evidence	plant_material_evidence=false		Viridiplantae	33090				plant-associated material	plant-associated material	
GCA_056738435.1	SAMN41787730	Xanthomonas citri pv. mangiferaeindicae	PH2A-SITE-PLANT-SAMPLE-MATERIAL	Sample_Material_SD	plant material	plant_material_evidence	plant_material_evidence=false		Mangifera indica	29780				plant-associated material	plant-associated material	microbial isolate
GCA_056850435.1	SAMN47254645	Xanthomonas citri pv. glycines	PH2A-SITE-PLANT-SAMPLE-MATERIAL	Sample_Material_SD	plant material	plant_material_evidence	plant_material_evidence=false		Glycine max	3847				plant-associated material	plant-associated material	
GCA_001526805.1	SAMN03449382	Burkholderia territorii	PH2A-SITE-PLANT-SAMPLE-MATERIAL	Sample_Material_SD	plant material	plant_material_evidence	plant_material_evidence=false		Viridiplantae	33090				plant-associated material	plant-associated material	
GCA_022527985.1	SAMN25988533	Klebsiella pneumoniae	PH2A-HHS-PATIENT-HUMAN-CONTEXT	Host_Context_SD	human-associated	human_host_evidence	human_host_evidence=false					patient			healthcare-associated environment	hospital wastewater
GCA_022531665.1	SAMN25989245	Klebsiella pneumoniae	PH2A-HHS-PATIENT-HUMAN-CONTEXT	Host_Context_SD	human-associated	human_host_evidence	human_host_evidence=false					patient			healthcare-associated environment	hospital wastewater
GCA_022520105.1	SAMN25989513	Klebsiella pneumoniae	PH2A-HHS-PATIENT-HUMAN-CONTEXT	Host_Context_SD	human-associated	human_host_evidence	human_host_evidence=false					patient			healthcare-associated environment	hospital wastewater
GCA_022530245.1	SAMN25989698	Klebsiella pneumoniae	PH2A-HHS-PATIENT-HUMAN-CONTEXT	Host_Context_SD	human-associated	human_host_evidence	human_host_evidence=false					patient			healthcare-associated environment	hospital wastewater
GCA_022534955.1	SAMN25989912	Klebsiella pneumoniae	PH2A-HHS-PATIENT-HUMAN-CONTEXT	Host_Context_SD	human-associated	human_host_evidence	human_host_evidence=false					patient			healthcare-associated environment	hospital wastewater
GCA_002570575.1	SAMN07598211	Bacillus anthracis	PH2A-SITE-PLANT-SAMPLE-MATERIAL	Sample_Material_SD	plant material	plant_material_evidence	plant_material_evidence=false		Triticum aestivum	4565				plant-associated material	plant-associated material	
GCA_003546465.1	SAMN02795966	Burkholderia cepacia ATCC 25416	PH2A-SITE-PLANT-SAMPLE-MATERIAL	Sample_Material_SD	plant material	plant_material_evidence	plant_material_evidence=false							plant-associated material	plant-associated material	food
GCA_015017415.1	SAMN14091625	Listeria monocytogenes	PH2A-SITE-PLANT-SAMPLE-MATERIAL	Sample_Material_SD	plant material	plant_material_evidence	plant_material_evidence=false		Aves	8782				plant-associated material	plant-associated material	drain
GCA_056867775.1	SAMN47254596	Xanthomonas citri pv. citri	PH2A-SITE-PLANT-SAMPLE-MATERIAL	Sample_Material_SD	plant material	plant_material_evidence	plant_material_evidence=false		Citrus	2706				plant-associated material	plant-associated material	
GCA_056868435.1	SAMN47254631	Xanthomonas citri pv. glycines	PH2A-SITE-PLANT-SAMPLE-MATERIAL	Sample_Material_SD	plant material	plant_material_evidence	plant_material_evidence=false		Gossypium hirsutum	3635				plant-associated material	plant-associated material	
GCA_018383485.1	SAMN19069556	Pseudomonas syringae	PH2A-SITE-PLANT-SAMPLE-MATERIAL	Sample_Material_SD	plant material	plant_material_evidence	plant_material_evidence=false		Medicago sativa	3879				plant-associated material	plant-associated material	
GCA_023631385.1	SAMN26211595	Caballeronia sp. GACF5	PH2A-SITE-PLANT-SAMPLE-MATERIAL	Sample_Material_SD	plant material	plant_material_evidence	plant_material_evidence=false		Anasa tristis	236421				plant-associated material	plant-associated material	gut content
GCA_051132125.1	SAMN18220742	Pseudomonas sp. D4-21	PH2A-SITE-PLANT-SAMPLE-MATERIAL	Sample_Material_SD	plant material	plant_material_evidence	plant_material_evidence=false		Bassia eriophora	267525				plant-associated material	plant-associated material	
GCA_002095925.1	SAMN06627644	Pseudomonas chlororaphis subsp. chlororaphis	PH2A-SITE-PLANT-SAMPLE-MATERIAL	Sample_Material_SD	plant material	plant_material_evidence	plant_material_evidence=false		Viridiplantae	33090				plant-associated material	plant-associated material	
GCA_004715025.1	SAMN02419861	Listeria monocytogenes	PH2A-SITE-PLANT-SAMPLE-MATERIAL	Sample_Material_SD	plant material	plant_material_evidence	plant_material_evidence=false		Viridiplantae	33090				plant-associated material	plant-associated material	
GCA_020557105.1	SAMN16124472	Enterococcus faecium	PH2A-HHS-PATIENT-HUMAN-CONTEXT	Host_Context_SD	human-associated	human_host_evidence	human_host_evidence=false					patient				
GCA_047983125.1	SAMN45227891	Pseudomonas aeruginosa	PH2A-HHS-PATIENT-HUMAN-CONTEXT	Host_Context_SD	human-associated	human_host_evidence	human_host_evidence=false					patient			clinical/host-associated material	sink
GCA_047984725.1	SAMN45227833	Pseudomonas aeruginosa	PH2A-HHS-PATIENT-HUMAN-CONTEXT	Host_Context_SD	human-associated	human_host_evidence	human_host_evidence=false					patient			clinical/host-associated material	sink
GCA_001692195.1	SAMN04901299	Agrobacterium tumefaciens	PH2A-SITE-PLANT-SAMPLE-MATERIAL	Sample_Material_SD	plant material	plant_material_evidence	plant_material_evidence=false		Vaccinium macrocarpon	13750				plant-associated material	plant-associated material	
GCA_023521175.1	SAMN08362830	Bacillus subtilis	PH2A-SITE-PLANT-SAMPLE-MATERIAL	Sample_Material_SD	plant material	plant_material_evidence	plant_material_evidence=false		Tribulus terrestris	210369				plant-associated material	plant-associated material	
GCA_051949335.1	SAMN41787771	Xanthomonas citri pv. mangiferaeindicae	PH2A-SITE-PLANT-SAMPLE-MATERIAL	Sample_Material_SD	plant material	plant_material_evidence	plant_material_evidence=false		Mangifera indica	29780				plant-associated material	plant-associated material	microbial isolate
GCA_036226825.1	SAMN30553177	Streptomyces sp. NBC_00667	PH2A-SITE-PLANT-SAMPLE-MATERIAL	Sample_Material_SD	plant material	plant_material_evidence	plant_material_evidence=false		Viridiplantae	33090				plant-associated material	plant-associated material	
GCA_002585595.1	SAMN07597866	Bacillus cereus	PH2A-SITE-PLANT-SAMPLE-MATERIAL	Sample_Material_SD	plant material	plant_material_evidence	plant_material_evidence=false		Viridiplantae	33090				plant-associated material	plant-associated material	cell culture
GCA_022517285.1	SAMN25989543	Klebsiella pneumoniae	PH2A-HHS-PATIENT-HUMAN-CONTEXT	Host_Context_SD	human-associated	human_host_evidence	human_host_evidence=false					patient			healthcare-associated environment	hospital wastewater
GCA_022535775.1	SAMN25989647	Klebsiella pneumoniae	PH2A-HHS-PATIENT-HUMAN-CONTEXT	Host_Context_SD	human-associated	human_host_evidence	human_host_evidence=false					patient			healthcare-associated environment	hospital wastewater
GCA_022530405.1	SAMN25989435	Klebsiella pneumoniae	PH2A-HHS-PATIENT-HUMAN-CONTEXT	Host_Context_SD	human-associated	human_host_evidence	human_host_evidence=false					patient			healthcare-associated environment	hospital wastewater
GCA_002570225.1	SAMN07598357	Bacillus anthracis	PH2A-SITE-PLANT-SAMPLE-MATERIAL	Sample_Material_SD	plant material	plant_material_evidence	plant_material_evidence=false		Zea mays	4577				plant-associated material	plant-associated material	cell culture
GCA_002560395.1	SAMN07597552	Bacillus cereus	PH2A-SITE-PLANT-SAMPLE-MATERIAL	Sample_Material_SD	plant material	plant_material_evidence	plant_material_evidence=false		Viridiplantae	33090				plant-associated material	plant-associated material	cell culture
GCA_022519205.1	SAMN25989634	Citrobacter freundii	PH2A-HHS-PATIENT-HUMAN-CONTEXT	Host_Context_SD	human-associated	human_host_evidence	human_host_evidence=false					patient			healthcare-associated environment	hospital wastewater
GCA_052545135.1	SAMN50893212	Nocardia sp. R7R-8	PH2A-SITE-PLANT-SAMPLE-MATERIAL	Sample_Material_SD	plant material	plant_material_evidence	plant_material_evidence=false		Viridiplantae	33090				plant-associated material	plant-associated material	
GCA_936925865.1	SAMEA13911897	uncultured Alphaproteobacteria bacterium	PH2A-SITE-PLANT-SAMPLE-MATERIAL	Sample_Material_SD	plant material	plant_material_evidence	plant_material_evidence=false		Viridiplantae	33090				plant-associated material		
GCA_964570435.1	SAMEA117375460	uncultured Saprospiraceae bacterium	PH2A-SITE-PLANT-SAMPLE-MATERIAL	Sample_Material_SD	plant material	plant_material_evidence	plant_material_evidence=false		Viridiplantae	33090				plant-associated material		
GCA_024919115.1	SAMN30473217	Bacillus toyonensis	PH2A-SITE-PLANT-SAMPLE-MATERIAL	Sample_Material_SD	plant material	plant_material_evidence	plant_material_evidence=false		Viridiplantae	33090				plant-associated material	plant-associated material	cell culture
GCA_022533225.1	SAMN25989062	Citrobacter freundii	PH2A-HHS-PATIENT-HUMAN-CONTEXT	Host_Context_SD	human-associated	human_host_evidence	human_host_evidence=false					patient			healthcare-associated environment	hospital wastewater
GCA_051028265.1	SAMN17601317	Stutzerimonas stutzeri	PH2A-SITE-PLANT-SAMPLE-MATERIAL	Sample_Material_SD	plant material	plant_material_evidence	plant_material_evidence=false		Panicum turgidum	861245				plant-associated material	plant-associated material	
GCA_051040235.1	SAMN37308753	Clavibacter michiganensis	PH2A-SITE-PLANT-SAMPLE-MATERIAL	Sample_Material_SD	plant material	plant_material_evidence	plant_material_evidence=false		Solanum lycopersicum	4081				plant-associated material	plant-associated material	cell culture
GCA_051040655.1	SAMN37308739	Clavibacter michiganensis	PH2A-SITE-PLANT-SAMPLE-MATERIAL	Sample_Material_SD	plant material	plant_material_evidence	plant_material_evidence=false		Solanum lycopersicum	4081				plant-associated material	plant-associated material	cell culture
GCA_008370715.1	SAMN10654118	Pseudomonas brassicacearum	PH2A-SITE-PLANT-SAMPLE-MATERIAL	Sample_Material_SD	plant material	plant_material_evidence	plant_material_evidence=false		Solanum tuberosum	4113				plant-associated material	plant-associated material	
GCA_015015695.1	SAMN14091666	Listeria monocytogenes	PH2A-SITE-PLANT-SAMPLE-MATERIAL	Sample_Material_SD	plant material	plant_material_evidence	plant_material_evidence=false		Aves	8782				plant-associated material	plant-associated material	drain
GCA_002574215.1	SAMN07598160	Bacillus anthracis	PH2A-SITE-PLANT-SAMPLE-MATERIAL	Sample_Material_SD	plant material	plant_material_evidence	plant_material_evidence=false		Viridiplantae	33090				plant-associated material	plant-associated material	cell culture
GCA_004496155.1	SAMN03965303	Listeria monocytogenes	PH2A-SITE-PLANT-SAMPLE-MATERIAL	Sample_Material_SD	plant material	plant_material_evidence	plant_material_evidence=false							plant-associated material	environmental material	environmental sample
GCA_054792355.1	SAMN27610180	Pseudomonas sp. R4-76	PH2A-SITE-PLANT-SAMPLE-MATERIAL	Sample_Material_SD	plant material	plant_material_evidence	plant_material_evidence=false		Ifloga spicata	702251				plant-associated material	plant-associated material	
GCA_022533935.1	SAMN25988926	Citrobacter freundii	PH2A-HHS-PATIENT-HUMAN-CONTEXT	Host_Context_SD	human-associated	human_host_evidence	human_host_evidence=false					patient			healthcare-associated environment	hospital wastewater
GCA_051040535.1	SAMN37308743	Clavibacter michiganensis	PH2A-SITE-PLANT-SAMPLE-MATERIAL	Sample_Material_SD	plant material	plant_material_evidence	plant_material_evidence=false		Solanum lycopersicum	4081				plant-associated material	plant-associated material	cell culture
GCA_002578565.1	SAMN07597903	Bacillus cereus	PH2A-SITE-PLANT-SAMPLE-MATERIAL	Sample_Material_SD	plant material	plant_material_evidence	plant_material_evidence=false		Viridiplantae	33090				plant-associated material	plant-associated material	cell culture
GCA_000691205.1	SAMN02641225	Kosakonia radicincitans UMEnt01/12	PH2A-SITE-PLANT-SAMPLE-MATERIAL	Sample_Material_SD	plant material	plant_material_evidence	plant_material_evidence=false		Viridiplantae	33090				plant-associated material	plant-associated material	
GCA_000749995.1	SAMN03009919	Ralstonia solanacearum	PH2A-SITE-PLANT-SAMPLE-MATERIAL	Sample_Material_SD	plant material	plant_material_evidence	plant_material_evidence=false		Viridiplantae	33090				plant-associated material	plant-associated material	
GCA_038432885.1	SAMN40911118	Shewanella algae	PH2A-HHS-PATIENT-HUMAN-CONTEXT	Host_Context_SD	human-associated	human_host_evidence	human_host_evidence=false					patient		rectum/perianal region	clinical/host-associated material	rectal swab
GCA_038757725.1	SAMN39636068	Oryzifoliimicrobium ureilyticum	PH2A-SITE-PLANT-SAMPLE-MATERIAL	Sample_Material_SD	plant material	plant_material_evidence	plant_material_evidence=false		Viridiplantae	33090				plant-associated material	plant-associated material	
GCA_030846885.1	SAMN30207209	Cronobacter sakazakii	PH2A-SITE-PLANT-SAMPLE-MATERIAL	Sample_Material_SD	plant material	plant_material_evidence	plant_material_evidence=false							plant-associated material	plant-associated material	milk powder
GCA_054408525.1	SAMN27610174	Arthrobacter sp. D3-18	PH2A-SITE-PLANT-SAMPLE-MATERIAL	Sample_Material_SD	plant material	plant_material_evidence	plant_material_evidence=false		Plantago cylindrica	1928669				plant-associated material	plant-associated material	
GCA_947085455.1	SAMEA111451392	uncultured Planctomycetota bacterium	PH2A-SITE-PLANT-SAMPLE-MATERIAL	Sample_Material_SD	plant material	plant_material_evidence	plant_material_evidence=false		Viridiplantae	33090				plant-associated material	plant-associated material	
GCA_004152845.1	SAMN10868459	Sphingobium fuliginis	PH2A-SITE-PLANT-SAMPLE-MATERIAL	Sample_Material_SD	plant material	plant_material_evidence	plant_material_evidence=false		Diptera	7147				plant-associated material	plant-associated material	cell culture
GCA_050627015.1	SAMN47300694	Pseudomonas thivervalensis	PH2A-SITE-PLANT-SAMPLE-MATERIAL	Sample_Material_SD	plant material	plant_material_evidence	plant_material_evidence=false		Triticum aestivum	4565				plant-associated material	plant-associated material	
GCA_054792395.1	SAMN27610190	Arthrobacter sp. Z1-15	PH2A-SITE-PLANT-SAMPLE-MATERIAL	Sample_Material_SD	plant material	plant_material_evidence	plant_material_evidence=false		Viridiplantae	33090				plant-associated material	plant-associated material	
GCA_947085295.1	SAMEA111451304	uncultured Alphaproteobacteria bacterium	PH2A-SITE-PLANT-SAMPLE-MATERIAL	Sample_Material_SD	plant material	plant_material_evidence	plant_material_evidence=false		Viridiplantae	33090				plant-associated material	plant-associated material	
GCA_947085355.1	SAMEA111451345	uncultured delta proteobacterium	PH2A-SITE-PLANT-SAMPLE-MATERIAL	Sample_Material_SD	plant material	plant_material_evidence	plant_material_evidence=false		Viridiplantae	33090				plant-associated material	plant-associated material	
GCA_947085695.1	SAMEA111451327	uncultured Candidatus Peregrinibacteria bacterium	PH2A-SITE-PLANT-SAMPLE-MATERIAL	Sample_Material_SD	plant material	plant_material_evidence	plant_material_evidence=false		Viridiplantae	33090				plant-associated material	plant-associated material	
GCA_964419315.1	SAMEA117375473	uncultured Saprospiraceae bacterium	PH2A-SITE-PLANT-SAMPLE-MATERIAL	Sample_Material_SD	plant material	plant_material_evidence	plant_material_evidence=false		Viridiplantae	33090				plant-associated material		
GCA_000559125.1	SAMN02951910	Xanthomonas citri pv. glycines str. 8ra	PH2A-SITE-PLANT-SAMPLE-MATERIAL	Sample_Material_SD	plant material	plant_material_evidence	plant_material_evidence=false		Glycine max	3847				plant-associated material	plant-associated material	
GCA_002577165.1	SAMN07597954	Bacillus cereus	PH2A-SITE-PLANT-SAMPLE-MATERIAL	Sample_Material_SD	plant material	plant_material_evidence	plant_material_evidence=false		Viridiplantae	33090				plant-associated material	plant-associated material	cell culture
GCA_038433085.1	SAMN40911109	Shewanella algae	PH2A-HHS-PATIENT-HUMAN-CONTEXT	Host_Context_SD	human-associated	human_host_evidence	human_host_evidence=false					patient		rectum/perianal region	clinical/host-associated material	rectal swab
GCA_029759795.1	SAMN33774921	Streptomyces sp. OS603R	PH2A-SITE-PLANT-SAMPLE-MATERIAL	Sample_Material_SD	plant material	plant_material_evidence	plant_material_evidence=false		Ocimum tenuiflorum	204149				plant-associated material	plant-associated material	single cell
GCA_015019235.1	SAMN14091736	Listeria monocytogenes	PH2A-SITE-PLANT-SAMPLE-MATERIAL	Sample_Material_SD	plant material	plant_material_evidence	plant_material_evidence=false		Aves	8782				plant-associated material	plant-associated material	drain
GCA_028441975.1	SAMN29993186	Acinetobacter baumannii	PH2A-SITE-PLANT-SAMPLE-MATERIAL	Sample_Material_SD	plant material	plant_material_evidence	plant_material_evidence=false		Viridiplantae	33090				plant-associated material	plant-associated material	
GCA_001043595.1	SAMN03390111	Chromobacterium violaceum	PH2A-SITE-PLANT-SAMPLE-MATERIAL	Sample_Material_SD	plant material	plant_material_evidence	plant_material_evidence=false		Viridiplantae	33090				plant-associated material	plant-associated material	
GCA_046549415.1	SAMN16788660	Streptomyces sp. 020-2-3H-GM	PH2A-SITE-PLANT-SAMPLE-MATERIAL	Sample_Material_SD	plant material	plant_material_evidence	plant_material_evidence=false		Viridiplantae	33090				plant-associated material	plant-associated material	
GCA_022532665.1	SAMN25988975	Citrobacter farmeri	PH2A-HHS-PATIENT-HUMAN-CONTEXT	Host_Context_SD	human-associated	human_host_evidence	human_host_evidence=false					patient			healthcare-associated environment	hospital wastewater
GCA_964522625.1	SAMEA117375480	uncultured Candidatus Peribacteria bacterium	PH2A-SITE-PLANT-SAMPLE-MATERIAL	Sample_Material_SD	plant material	plant_material_evidence	plant_material_evidence=false		Viridiplantae	33090				plant-associated material		
GCA_022529125.1	SAMN25989104	Klebsiella pneumoniae	PH2A-HHS-PATIENT-HUMAN-CONTEXT	Host_Context_SD	human-associated	human_host_evidence	human_host_evidence=false					patient			healthcare-associated environment	hospital wastewater
GCA_022527005.1	SAMN25988737	Klebsiella pneumoniae	PH2A-HHS-PATIENT-HUMAN-CONTEXT	Host_Context_SD	human-associated	human_host_evidence	human_host_evidence=false					patient			healthcare-associated environment	hospital wastewater
GCA_053834365.1	SAMEA120398547	Klebsiella pneumoniae	PH2A-HHS-PATIENT-HUMAN-CONTEXT	Host_Context_SD	human-associated	human_host_evidence	human_host_evidence=false					patient			clinical/host-associated material	drain
GCA_002561555.1	SAMN07597436	Bacillus anthracis	PH2A-SITE-PLANT-SAMPLE-MATERIAL	Sample_Material_SD	plant material	plant_material_evidence	plant_material_evidence=false		Viridiplantae	33090				plant-associated material	plant-associated material	
GCA_029616785.1	SAMN14270844	Xanthomonas vesicatoria	PH2A-SITE-PLANT-SAMPLE-MATERIAL	Sample_Material_SD	plant material	plant_material_evidence	plant_material_evidence=false		Solanum lycopersicum	4081				plant-associated material	plant-associated material	cell culture
GCA_049683115.1	SAMD00828290	Staphylococcus pseudintermedius	PH2A-HHS-PATIENT-HUMAN-CONTEXT	Host_Context_SD	human-associated	human_host_evidence	human_host_evidence=false		Canis lupus familiaris	9615		patient		organ/tissue site	clinical/host-associated material	
GCA_964590545.1	SAMEA117375462	uncultured Rhodobacterales bacterium	PH2A-SITE-PLANT-SAMPLE-MATERIAL	Sample_Material_SD	plant material	plant_material_evidence	plant_material_evidence=false		Viridiplantae	33090				plant-associated material		
GCA_054161415.1	SAMN27610224	Bacillus sp. PK5-006	PH2A-SITE-PLANT-SAMPLE-MATERIAL	Sample_Material_SD	plant material	plant_material_evidence	plant_material_evidence=false		Tribulus terrestris	210369				plant-associated material	plant-associated material	
GCA_054161445.1	SAMN27610229	Bacillus sp. PK6-013	PH2A-SITE-PLANT-SAMPLE-MATERIAL	Sample_Material_SD	plant material	plant_material_evidence	plant_material_evidence=false		Tetraena simplex	2499693				plant-associated material	plant-associated material	
GCA_026427775.1	SAMN12872866	Arthrobacter sp. CDRTa11	PH2A-SITE-PLANT-SAMPLE-MATERIAL	Sample_Material_SD	plant material	plant_material_evidence	plant_material_evidence=false		Lepidium draba	153317				plant-associated material	plant-associated material	
GCA_023630905.1	SAMN26211617	Caballeronia sp. ATUFL_F1_KS4A	PH2A-SITE-PLANT-SAMPLE-MATERIAL	Sample_Material_SD	plant material	plant_material_evidence	plant_material_evidence=false		Anasa tristis	236421				plant-associated material	plant-associated material	gut content
GCA_020557025.1	SAMN16124476	Enterococcus faecium	PH2A-HHS-PATIENT-HUMAN-CONTEXT	Host_Context_SD	human-associated	human_host_evidence	human_host_evidence=false					patient				
GCA_047985685.1	SAMN45227806	Pseudomonas aeruginosa	PH2A-HHS-PATIENT-HUMAN-CONTEXT	Host_Context_SD	human-associated	human_host_evidence	human_host_evidence=false					patient			clinical/host-associated material	sink
GCA_051131975.1	SAMN18220760	Pseudomonas sp. Z3-8	PH2A-SITE-PLANT-SAMPLE-MATERIAL	Sample_Material_SD	plant material	plant_material_evidence	plant_material_evidence=false		Viridiplantae	33090				plant-associated material	plant-associated material	
GCA_001854165.1	SAMN05722964	Xanthomonas euvesicatoria pv. vesicatoria str. 85-10	PH2A-SITE-PLANT-SAMPLE-MATERIAL	Sample_Material_SD	plant material	plant_material_evidence	plant_material_evidence=false		Capsicum	4071				plant-associated material	plant-associated material	single cell
GCA_009725105.1	SAMN13338513	Paenibacillus campinasensis	PH2A-SITE-PLANT-SAMPLE-MATERIAL	Sample_Material_SD	plant material	plant_material_evidence	plant_material_evidence=false		Viridiplantae	33090				plant-associated material	plant-associated material	single cell
GCA_022527685.1	SAMN25988653	Klebsiella pneumoniae	PH2A-HHS-PATIENT-HUMAN-CONTEXT	Host_Context_SD	human-associated	human_host_evidence	human_host_evidence=false					patient			healthcare-associated environment	hospital wastewater
GCA_022535615.1	SAMN25989798	Klebsiella pneumoniae	PH2A-HHS-PATIENT-HUMAN-CONTEXT	Host_Context_SD	human-associated	human_host_evidence	human_host_evidence=false					patient			healthcare-associated environment	hospital wastewater
GCA_022536275.1	SAMN25988721	Klebsiella pneumoniae	PH2A-HHS-PATIENT-HUMAN-CONTEXT	Host_Context_SD	human-associated	human_host_evidence	human_host_evidence=false					patient			healthcare-associated environment	hospital wastewater
GCA_022519865.1	SAMN25989564	Klebsiella pneumoniae	PH2A-HHS-PATIENT-HUMAN-CONTEXT	Host_Context_SD	human-associated	human_host_evidence	human_host_evidence=false					patient			healthcare-associated environment	hospital wastewater
GCA_022532825.1	SAMN25990033	Klebsiella pneumoniae	PH2A-HHS-PATIENT-HUMAN-CONTEXT	Host_Context_SD	human-associated	human_host_evidence	human_host_evidence=false					patient			healthcare-associated environment	hospital wastewater
GCA_022533145.1	SAMN25988832	Klebsiella pneumoniae	PH2A-HHS-PATIENT-HUMAN-CONTEXT	Host_Context_SD	human-associated	human_host_evidence	human_host_evidence=false					patient			healthcare-associated environment	hospital wastewater
GCA_022535395.1	SAMN25989885	Klebsiella pneumoniae	PH2A-HHS-PATIENT-HUMAN-CONTEXT	Host_Context_SD	human-associated	human_host_evidence	human_host_evidence=false					patient			healthcare-associated environment	hospital wastewater
GCA_022536755.1	SAMN25988594	Klebsiella pneumoniae	PH2A-HHS-PATIENT-HUMAN-CONTEXT	Host_Context_SD	human-associated	human_host_evidence	human_host_evidence=false					patient			healthcare-associated environment	hospital wastewater
GCA_024181785.1	SAMN29361903	Vibrio sp. Y42_MX_L11	PH2A-SITE-PLANT-SAMPLE-MATERIAL	Sample_Material_SD	plant material	plant_material_evidence	plant_material_evidence=false		Viridiplantae	33090				plant-associated material	plant-associated material	
GCA_045678035.1	SAMN14732561	Pseudomonas luteola	PH2A-SITE-PLANT-SAMPLE-MATERIAL	Sample_Material_SD	plant material	plant_material_evidence	plant_material_evidence=false		Tribulus terrestris	210369				plant-associated material	plant-associated material	
GCA_002566395.1	SAMN07598489	Bacillus thuringiensis	PH2A-SITE-PLANT-SAMPLE-MATERIAL	Sample_Material_SD	plant material	plant_material_evidence	plant_material_evidence=false		Viridiplantae	33090				plant-associated material	plant-associated material	
GCA_013141725.1	SAMN13054926	Paenibacillus planticolens	PH2A-SITE-PLANT-SAMPLE-MATERIAL	Sample_Material_SD	plant material	plant_material_evidence	plant_material_evidence=false		Viridiplantae	33090				plant-associated material	plant-associated material	
GCA_015021175.1	SAMN14091617	Listeria monocytogenes	PH2A-SITE-PLANT-SAMPLE-MATERIAL	Sample_Material_SD	plant material	plant_material_evidence	plant_material_evidence=false		Aves	8782				plant-associated material	plant-associated material	drain
GCA_022519265.1	SAMN25989906	Citrobacter freundii	PH2A-HHS-PATIENT-HUMAN-CONTEXT	Host_Context_SD	human-associated	human_host_evidence	human_host_evidence=false					patient			healthcare-associated environment	hospital wastewater
GCA_056867845.1	SAMN47254612	Xanthomonas citri pv. fuscans	PH2A-SITE-PLANT-SAMPLE-MATERIAL	Sample_Material_SD	plant material	plant_material_evidence	plant_material_evidence=false		Phaseolus vulgaris	3885				plant-associated material	plant-associated material	
GCA_013374995.1	SAMN15248734	Pseudomonas eucalypticola	PH2A-SITE-PLANT-SAMPLE-MATERIAL	Sample_Material_SD	plant material	plant_material_evidence	plant_material_evidence=false		Viridiplantae	33090				plant-associated material	plant-associated material	
GCA_047978815.1	SAMN45227929	Pseudomonas aeruginosa	PH2A-HHS-PATIENT-HUMAN-CONTEXT	Host_Context_SD	human-associated	human_host_evidence	human_host_evidence=false					patient			clinical/host-associated material	sink
GCA_047982905.1	SAMN45227896	Pseudomonas aeruginosa	PH2A-HHS-PATIENT-HUMAN-CONTEXT	Host_Context_SD	human-associated	human_host_evidence	human_host_evidence=false					patient			clinical/host-associated material	sink
GCA_051040565.1	SAMN37308740	Clavibacter michiganensis	PH2A-SITE-PLANT-SAMPLE-MATERIAL	Sample_Material_SD	plant material	plant_material_evidence	plant_material_evidence=false		Solanum lycopersicum	4081				plant-associated material	plant-associated material	cell culture
GCA_947085965.1	SAMEA111451362	uncultured Ignavibacteria bacterium	PH2A-SITE-PLANT-SAMPLE-MATERIAL	Sample_Material_SD	plant material	plant_material_evidence	plant_material_evidence=false		Viridiplantae	33090				plant-associated material	plant-associated material	
GCA_002569455.1	SAMN07598504	Bacillus toyonensis	PH2A-SITE-PLANT-SAMPLE-MATERIAL	Sample_Material_SD	plant material	plant_material_evidence	plant_material_evidence=false		Viridiplantae	33090				plant-associated material	plant-associated material	
GCA_021892795.1	SAMN14372651	Lactiplantibacillus plantarum	PH2A-SITE-PLANT-SAMPLE-MATERIAL	Sample_Material_SD	plant material	plant_material_evidence	plant_material_evidence=false		Viridiplantae	33090				plant-associated material	plant-associated material	
GCA_021893365.1	SAMN14372627	Lactiplantibacillus plantarum	PH2A-SITE-PLANT-SAMPLE-MATERIAL	Sample_Material_SD	plant material	plant_material_evidence	plant_material_evidence=false		Viridiplantae	33090				plant-associated material	plant-associated material	
GCA_003860745.1	SAMN10366522	Ralstonia solanacearum	PH2A-SITE-PLANT-SAMPLE-MATERIAL	Sample_Material_SD	plant material	plant_material_evidence	plant_material_evidence=false		Musa	4640				plant-associated material	plant-associated material	
GCA_056831135.1	SAMN47254574	Xanthomonas citri pv. citri	PH2A-SITE-PLANT-SAMPLE-MATERIAL	Sample_Material_SD	plant material	plant_material_evidence	plant_material_evidence=false		Citrus sinensis	2711				plant-associated material	plant-associated material	
GCA_002550475.1	SAMN07598655	Bacillus anthracis	PH2A-SITE-PLANT-SAMPLE-MATERIAL	Sample_Material_SD	plant material	plant_material_evidence	plant_material_evidence=false		Viridiplantae	33090				plant-associated material	plant-associated material	cell culture
GCA_022602235.1	SAMN26199810	Rosenbergiella epipactidis	PH2A-SITE-PLANT-SAMPLE-MATERIAL	Sample_Material_SD	plant material	plant_material_evidence	plant_material_evidence=false		Antirrhinum sp.	29720				plant-associated material	plant-associated material	
GCA_030847005.1	SAMN30207204	Cronobacter sakazakii	PH2A-SITE-PLANT-SAMPLE-MATERIAL	Sample_Material_SD	plant material	plant_material_evidence	plant_material_evidence=false							plant-associated material	plant-associated material	milk powder
GCA_964433145.1	SAMEA117375461	uncultured Flavobacteriaceae bacterium	PH2A-SITE-PLANT-SAMPLE-MATERIAL	Sample_Material_SD	plant material	plant_material_evidence	plant_material_evidence=false		Viridiplantae	33090				plant-associated material		
GCA_002576535.1	SAMN07597963	Bacillus cereus	PH2A-SITE-PLANT-SAMPLE-MATERIAL	Sample_Material_SD	plant material	plant_material_evidence	plant_material_evidence=false		Triticum aestivum	4565				plant-associated material	plant-associated material	
GCA_001902635.1	SAMN05771569	Serratia marcescens	PH2A-SITE-PLANT-SAMPLE-MATERIAL	Sample_Material_SD	plant material	plant_material_evidence	plant_material_evidence=false		Viridiplantae	33090				plant-associated material	plant-associated material	cell culture
GCA_009796015.1	SAMN09427657	Clavibacter michiganensis subsp. michiganensis	PH2A-SITE-PLANT-SAMPLE-MATERIAL	Sample_Material_SD	plant material	plant_material_evidence	plant_material_evidence=false		Solanum lycopersicum	4081				plant-associated material	plant-associated material	
GCA_057178285.1	SAMN57491590	Bacillus paralicheniformis	PH2A-SITE-PLANT-SAMPLE-MATERIAL	Sample_Material_SD	plant material	plant_material_evidence	plant_material_evidence=false		Triticum aestivum	4565				plant-associated material	plant-associated material	
GCA_004025275.1	SAMN02370935	Xanthomonas phaseoli pv. manihotis str. CIO151	PH2A-SITE-PLANT-SAMPLE-MATERIAL	Sample_Material_SD	plant material	plant_material_evidence	plant_material_evidence=false		cassava	3983		diseased	plant disease, unspecified	plant-associated material	plant-associated material	microbial isolate
GCA_000633395.1	SAMN02729860	Pseudomonas sp. PH1b	PH2A-SITE-PLANT-SAMPLE-MATERIAL	Sample_Material_SD	plant material	plant_material_evidence	plant_material_evidence=false		Viridiplantae	33090				plant-associated material	plant-associated material	
GCA_000409345.2	SAMN02952931	Cronobacter dublinensis subsp. lactaridi LMG 23825	PH2A-SITE-PLANT-SAMPLE-MATERIAL	Sample_Material_SD	plant material	plant_material_evidence	plant_material_evidence=false							plant-associated material	plant-associated material	environmental sample
GCA_003028835.1	SAMN08628867	Lactobacillus sp. D1501	PH2A-SITE-PLANT-SAMPLE-MATERIAL	Sample_Material_SD	plant material	plant_material_evidence	plant_material_evidence=false		Viridiplantae	33090				plant-associated material	plant-associated material	
GCA_051950095.1	SAMN41787737	Xanthomonas citri pv. mangiferaeindicae	PH2A-SITE-PLANT-SAMPLE-MATERIAL	Sample_Material_SD	plant material	plant_material_evidence	plant_material_evidence=false		Mangifera indica	29780				plant-associated material	plant-associated material	microbial isolate
GCA_014837145.1	SAMN16095158	Chryseobacterium caseinilyticum	PH2A-SITE-PLANT-SAMPLE-MATERIAL	Sample_Material_SD	plant material	plant_material_evidence	plant_material_evidence=false		Viridiplantae	33090				plant-associated material	plant-associated material	
GCA_015626075.1	SAMN16063171	Escherichia coli	PH2A-SITE-PLANT-SAMPLE-MATERIAL	Sample_Material_SD	plant material	plant_material_evidence	plant_material_evidence=false		Viridiplantae	33090				plant-associated material	environmental material	sponge
GCA_964593305.1	SAMEA117375457	uncultured Saprospiraceae bacterium	PH2A-SITE-PLANT-SAMPLE-MATERIAL	Sample_Material_SD	plant material	plant_material_evidence	plant_material_evidence=false		Viridiplantae	33090				plant-associated material		
GCA_002561295.1	SAMN07597453	Bacillus cereus	PH2A-SITE-PLANT-SAMPLE-MATERIAL	Sample_Material_SD	plant material	plant_material_evidence	plant_material_evidence=false		Viridiplantae	33090				plant-associated material	plant-associated material	cell culture
GCA_002574805.1	SAMN07598144	Bacillus thuringiensis	PH2A-SITE-PLANT-SAMPLE-MATERIAL	Sample_Material_SD	plant material	plant_material_evidence	plant_material_evidence=false		Viridiplantae	33090				plant-associated material	plant-associated material	cell culture
GCA_002553265.1	SAMN07598617	Bacillus anthracis	PH2A-SITE-PLANT-SAMPLE-MATERIAL	Sample_Material_SD	plant material	plant_material_evidence	plant_material_evidence=false		Viridiplantae	33090				plant-associated material	plant-associated material	cell culture
GCA_053903235.1	SAMN27610209	Bacillus sp. JZ71	PH2A-SITE-PLANT-SAMPLE-MATERIAL	Sample_Material_SD	plant material	plant_material_evidence	plant_material_evidence=false		Euphorbia granulata	1046465				plant-associated material	plant-associated material	
GCA_021498225.1	SAMN12405233	Serratia rubidaea	PH2A-SITE-PLANT-SAMPLE-MATERIAL	Sample_Material_SD	plant material	plant_material_evidence	plant_material_evidence=false		Hyacinthus	82024				plant-associated material	clinical/host-associated material	leaves
GCA_025653535.1	SAMN25232828	Shewanella sp. SM78	PH2A-SITE-PLANT-SAMPLE-MATERIAL	Sample_Material_SD	plant material	plant_material_evidence	plant_material_evidence=false		Viridiplantae	33090				plant-associated material	plant-associated material	
GCA_001043705.1	SAMN03392529	Chromobacterium sp. LK11	PH2A-SITE-PLANT-SAMPLE-MATERIAL	Sample_Material_SD	plant material	plant_material_evidence	plant_material_evidence=false		Viridiplantae	33090				plant-associated material	plant-associated material	
GCA_022528485.1	SAMN25989528	Escherichia coli	PH2A-HHS-PATIENT-HUMAN-CONTEXT	Host_Context_SD	human-associated	human_host_evidence	human_host_evidence=false					patient			healthcare-associated environment	hospital wastewater
GCA_022537015.1	SAMN25988684	Klebsiella pneumoniae	PH2A-HHS-PATIENT-HUMAN-CONTEXT	Host_Context_SD	human-associated	human_host_evidence	human_host_evidence=false					patient			healthcare-associated environment	hospital wastewater
GCA_013141695.1	SAMN13054892	Paenibacillus plantarum	PH2A-SITE-PLANT-SAMPLE-MATERIAL	Sample_Material_SD	plant material	plant_material_evidence	plant_material_evidence=false		Viridiplantae	33090				plant-associated material	plant-associated material	
GCA_022520405.1	SAMN25989132	Citrobacter freundii	PH2A-HHS-PATIENT-HUMAN-CONTEXT	Host_Context_SD	human-associated	human_host_evidence	human_host_evidence=false					patient			healthcare-associated environment	hospital wastewater
GCA_022535995.1	SAMN25988682	Citrobacter freundii	PH2A-HHS-PATIENT-HUMAN-CONTEXT	Host_Context_SD	human-associated	human_host_evidence	human_host_evidence=false					patient			healthcare-associated environment	hospital wastewater
GCA_022536475.1	SAMN25988944	Citrobacter freundii	PH2A-HHS-PATIENT-HUMAN-CONTEXT	Host_Context_SD	human-associated	human_host_evidence	human_host_evidence=false					patient			healthcare-associated environment	hospital wastewater
GCA_964479305.1	SAMEA117375452	uncultured Gammaproteobacteria bacterium	PH2A-SITE-PLANT-SAMPLE-MATERIAL	Sample_Material_SD	plant material	plant_material_evidence	plant_material_evidence=false		Viridiplantae	33090				plant-associated material		
GCA_016888005.1	SAMN17734760	Phycicoccus sp. CSK15P-2	PH2A-SITE-PLANT-SAMPLE-MATERIAL	Sample_Material_SD	plant material	plant_material_evidence	plant_material_evidence=false		Viridiplantae	33090				plant-associated material	plant-associated material	
GCA_022529425.1	SAMN25989009	Citrobacter freundii	PH2A-HHS-PATIENT-HUMAN-CONTEXT	Host_Context_SD	human-associated	human_host_evidence	human_host_evidence=false					patient			healthcare-associated environment	hospital wastewater
GCA_051040245.1	SAMN37308752	Clavibacter michiganensis	PH2A-SITE-PLANT-SAMPLE-MATERIAL	Sample_Material_SD	plant material	plant_material_evidence	plant_material_evidence=false		Solanum lycopersicum	4081				plant-associated material	plant-associated material	cell culture
GCA_051040525.1	SAMN37308744	Clavibacter michiganensis	PH2A-SITE-PLANT-SAMPLE-MATERIAL	Sample_Material_SD	plant material	plant_material_evidence	plant_material_evidence=false		Solanum lycopersicum	4081				plant-associated material	plant-associated material	cell culture
GCA_016735615.1	SAMN17222287	Flavobacterium tagetis	PH2A-SITE-PLANT-SAMPLE-MATERIAL	Sample_Material_SD	plant material	plant_material_evidence	plant_material_evidence=false		Viridiplantae	33090				plant-associated material	plant-associated material	
GCA_036226845.1	SAMN30553176	Streptomyces pseudovenezuelae	PH2A-SITE-PLANT-SAMPLE-MATERIAL	Sample_Material_SD	plant material	plant_material_evidence	plant_material_evidence=false		Viridiplantae	33090				plant-associated material	plant-associated material	
GCA_015022135.1	SAMN14091683	Listeria monocytogenes	PH2A-SITE-PLANT-SAMPLE-MATERIAL	Sample_Material_SD	plant material	plant_material_evidence	plant_material_evidence=false		Aves	8782				plant-associated material	plant-associated material	drain
GCA_021026315.1	SAMN23417616	Rhizobium sp. C4	PH2A-SITE-PLANT-SAMPLE-MATERIAL	Sample_Material_SD	plant material	plant_material_evidence	plant_material_evidence=false		Viridiplantae	33090				plant-associated material	plant-associated material	
GCA_016792445.1	SAMN17584892	Escherichia coli	PH2A-SITE-PLANT-SAMPLE-MATERIAL	Sample_Material_SD	plant material	plant_material_evidence	plant_material_evidence=false		Bos taurus	9913				plant-associated material	plant-associated material	
GCA_047978725.1	SAMN45227934	Pseudomonas aeruginosa	PH2A-HHS-PATIENT-HUMAN-CONTEXT	Host_Context_SD	human-associated	human_host_evidence	human_host_evidence=false					patient			clinical/host-associated material	sink
GCA_047979115.1	SAMN45227914	Pseudomonas aeruginosa	PH2A-HHS-PATIENT-HUMAN-CONTEXT	Host_Context_SD	human-associated	human_host_evidence	human_host_evidence=false					patient			clinical/host-associated material	sink
GCA_047983385.1	SAMN45227887	Pseudomonas aeruginosa	PH2A-HHS-PATIENT-HUMAN-CONTEXT	Host_Context_SD	human-associated	human_host_evidence	human_host_evidence=false					patient			clinical/host-associated material	sink
GCA_017968905.1	SAMN12730710	Streptomyces scabiei	PH2A-SITE-PLANT-SAMPLE-MATERIAL	Sample_Material_SD	plant material	plant_material_evidence	plant_material_evidence=false		Solanum tuberosum	4113				plant-associated material	plant-associated material	
GCA_021894315.1	SAMN14372573	Lactiplantibacillus plantarum	PH2A-SITE-PLANT-SAMPLE-MATERIAL	Sample_Material_SD	plant material	plant_material_evidence	plant_material_evidence=false		Viridiplantae	33090				plant-associated material	plant-associated material	
GCA_022532505.1	SAMN25989133	Klebsiella pneumoniae	PH2A-HHS-PATIENT-HUMAN-CONTEXT	Host_Context_SD	human-associated	human_host_evidence	human_host_evidence=false					patient			healthcare-associated environment	hospital wastewater
GCA_003121765.1	SAMN08979058	Pectobacterium versatile	PH2A-SITE-PLANT-SAMPLE-MATERIAL	Sample_Material_SD	plant material	plant_material_evidence	plant_material_evidence=false		Solanum tuberosum	4113				plant-associated material	plant-associated material	tissue
GCA_022519025.1	SAMN25989657	Klebsiella pneumoniae	PH2A-HHS-PATIENT-HUMAN-CONTEXT	Host_Context_SD	human-associated	human_host_evidence	human_host_evidence=false					patient			healthcare-associated environment	hospital wastewater
GCA_022526085.1	SAMN25989010	Klebsiella pneumoniae	PH2A-HHS-PATIENT-HUMAN-CONTEXT	Host_Context_SD	human-associated	human_host_evidence	human_host_evidence=false					patient			healthcare-associated environment	hospital wastewater
GCA_002568455.1	SAMN07598293	Bacillus cereus	PH2A-SITE-PLANT-SAMPLE-MATERIAL	Sample_Material_SD	plant material	plant_material_evidence	plant_material_evidence=false		Viridiplantae	33090				plant-associated material	plant-associated material	cell culture
GCA_014210375.1	SAMN15371199	Ralstonia solanacearum	PH2A-SITE-PLANT-SAMPLE-MATERIAL	Sample_Material_SD	plant material	plant_material_evidence	plant_material_evidence=false		Musa	4640		diseased		plant-associated material	plant-associated material	
GCA_004563985.1	SAMN11245780	Micrococcus endophyticus	PH2A-SITE-PLANT-SAMPLE-MATERIAL	Sample_Material_SD	plant material	plant_material_evidence	plant_material_evidence=false		Viridiplantae	33090				plant-associated material	plant-associated material	
GCA_047987605.1	SAMN45227737	Pseudomonas aeruginosa	PH2A-HHS-PATIENT-HUMAN-CONTEXT	Host_Context_SD	human-associated	human_host_evidence	human_host_evidence=false					patient			clinical/host-associated material	sink
GCA_947085175.1	SAMEA111451336	uncultured Chitinophagaceae bacterium	PH2A-SITE-PLANT-SAMPLE-MATERIAL	Sample_Material_SD	plant material	plant_material_evidence	plant_material_evidence=false		Viridiplantae	33090				plant-associated material	plant-associated material	
GCA_947085285.1	SAMEA111451366	uncultured Ignavibacteriota bacterium	PH2A-SITE-PLANT-SAMPLE-MATERIAL	Sample_Material_SD	plant material	plant_material_evidence	plant_material_evidence=false		Viridiplantae	33090				plant-associated material	plant-associated material	
GCA_947085085.1	SAMEA111451342	uncultured Comamonadaceae bacterium	PH2A-SITE-PLANT-SAMPLE-MATERIAL	Sample_Material_SD	plant material	plant_material_evidence	plant_material_evidence=false		Viridiplantae	33090				plant-associated material	plant-associated material	
GCA_947085365.1	SAMEA111451378	uncultured Nitrospirota bacterium	PH2A-SITE-PLANT-SAMPLE-MATERIAL	Sample_Material_SD	plant material	plant_material_evidence	plant_material_evidence=false		Viridiplantae	33090				plant-associated material	plant-associated material	
GCA_947085985.1	SAMEA111451311	uncultured bacterium	PH2A-SITE-PLANT-SAMPLE-MATERIAL	Sample_Material_SD	plant material	plant_material_evidence	plant_material_evidence=false		Viridiplantae	33090				plant-associated material	plant-associated material	
GCA_947085635.1	SAMEA111451301	uncultured Actinomycetes bacterium	PH2A-SITE-PLANT-SAMPLE-MATERIAL	Sample_Material_SD	plant material	plant_material_evidence	plant_material_evidence=false		Viridiplantae	33090				plant-associated material	plant-associated material	
GCA_002562055.1	SAMN07597394	Bacillus thuringiensis	PH2A-SITE-PLANT-SAMPLE-MATERIAL	Sample_Material_SD	plant material	plant_material_evidence	plant_material_evidence=false		Viridiplantae	33090				plant-associated material	plant-associated material	cell culture
GCA_002566525.1	SAMN07598460	Bacillus cereus	PH2A-SITE-PLANT-SAMPLE-MATERIAL	Sample_Material_SD	plant material	plant_material_evidence	plant_material_evidence=false		Viridiplantae	33090				plant-associated material	plant-associated material	
GCA_002574635.1	SAMN07598110	Bacillus cereus	PH2A-SITE-PLANT-SAMPLE-MATERIAL	Sample_Material_SD	plant material	plant_material_evidence	plant_material_evidence=false		Viridiplantae	33090				plant-associated material	plant-associated material	cell culture
GCA_002580305.1	SAMN07598069	Bacillus toyonensis	PH2A-SITE-PLANT-SAMPLE-MATERIAL	Sample_Material_SD	plant material	plant_material_evidence	plant_material_evidence=false		Viridiplantae	33090				plant-associated material	plant-associated material	
GCA_947085205.1	SAMEA111451376	uncultured Nitrospiraceae bacterium	PH2A-SITE-PLANT-SAMPLE-MATERIAL	Sample_Material_SD	plant material	plant_material_evidence	plant_material_evidence=false		Viridiplantae	33090				plant-associated material	plant-associated material	
GCA_056715695.1	SAMN41787776	Xanthomonas citri pv. anacardii	PH2A-SITE-PLANT-SAMPLE-MATERIAL	Sample_Material_SD	plant material	plant_material_evidence	plant_material_evidence=false		Mangifera indica	29780				plant-associated material	plant-associated material	microbial isolate
GCA_011765715.1	SAMN14409517	Streptomyces sp. 2BBP-J2	PH2A-SITE-PLANT-SAMPLE-MATERIAL	Sample_Material_SD	plant material	plant_material_evidence	plant_material_evidence=false		Viridiplantae	33090				plant-associated material	plant-associated material	cell culture
GCA_036327795.1	SAMN36728887	Rhodococcus artemisiae	PH2A-SITE-PLANT-SAMPLE-MATERIAL	Sample_Material_SD	plant material	plant_material_evidence	plant_material_evidence=false		Artemisia annua	35608				plant-associated material	plant-associated material	
GCA_002585935.1	SAMN07597811	Bacillus thuringiensis	PH2A-SITE-PLANT-SAMPLE-MATERIAL	Sample_Material_SD	plant material	plant_material_evidence	plant_material_evidence=false		Viridiplantae	33090				plant-associated material	plant-associated material	cell culture
GCA_032911385.1	SAMN37746240	Stenotrophomonas sp. C3(2023)	PH2A-SITE-PLANT-SAMPLE-MATERIAL	Sample_Material_SD	plant material	plant_material_evidence	plant_material_evidence=false		Cereus hexagonus	1586196				plant-associated material	plant-associated material	
GCA_009796155.1	SAMN09428084	Clavibacter michiganensis subsp. michiganensis	PH2A-SITE-PLANT-SAMPLE-MATERIAL	Sample_Material_SD	plant material	plant_material_evidence	plant_material_evidence=false		Solanum lycopersicum	4081				plant-associated material	plant-associated material	
GCA_002946475.1	SAMN07540322	Priestia filamentosa	PH2A-SITE-PLANT-SAMPLE-MATERIAL	Sample_Material_SD	plant material	plant_material_evidence	plant_material_evidence=false		Salsola stocksii	454507				plant-associated material	plant-associated material	
GCA_036226585.1	SAMN30553191	Streptomyces sp. NBC_00708	PH2A-SITE-PLANT-SAMPLE-MATERIAL	Sample_Material_SD	plant material	plant_material_evidence	plant_material_evidence=false		Viridiplantae	33090				plant-associated material	plant-associated material	
GCA_001456335.3	SAMN03154693	Xylella fastidiosa	PH2A-SITE-PLANT-SAMPLE-MATERIAL	Sample_Material_SD	plant material	plant_material_evidence	plant_material_evidence=false		Citrus	2706				plant-associated material	plant-associated material	
GCA_021892905.1	SAMN14372646	Lactiplantibacillus plantarum	PH2A-SITE-PLANT-SAMPLE-MATERIAL	Sample_Material_SD	plant material	plant_material_evidence	plant_material_evidence=false		Viridiplantae	33090				plant-associated material	plant-associated material	
GCA_025653545.1	SAMN25232833	Shewanella sp. SW1	PH2A-SITE-PLANT-SAMPLE-MATERIAL	Sample_Material_SD	plant material	plant_material_evidence	plant_material_evidence=false		Viridiplantae	33090				plant-associated material	plant-associated material	
GCA_002583305.1	SAMN07597798	Bacillus cereus	PH2A-SITE-PLANT-SAMPLE-MATERIAL	Sample_Material_SD	plant material	plant_material_evidence	plant_material_evidence=false		Viridiplantae	33090				plant-associated material	plant-associated material	cell culture
GCA_001718915.1	SAMN03449611	Burkholderia vietnamiensis	PH2A-SITE-PLANT-SAMPLE-MATERIAL	Sample_Material_SD	plant material	plant_material_evidence	plant_material_evidence=false		Viridiplantae	33090				plant-associated material	plant-associated material	
GCA_001593665.2	SAMN04157986	Paracidovorax citrulli	PH2A-SITE-PLANT-SAMPLE-MATERIAL	Sample_Material_SD	plant material	plant_material_evidence	plant_material_evidence=false		Viridiplantae	33090		symptomatic		plant-associated material	plant-associated material	
GCA_022522425.1	SAMN25989907	Klebsiella pneumoniae	PH2A-HHS-PATIENT-HUMAN-CONTEXT	Host_Context_SD	human-associated	human_host_evidence	human_host_evidence=false					patient			healthcare-associated environment	hospital wastewater
GCA_022527245.1	SAMN25988554	Klebsiella pneumoniae	PH2A-HHS-PATIENT-HUMAN-CONTEXT	Host_Context_SD	human-associated	human_host_evidence	human_host_evidence=false					patient			healthcare-associated environment	hospital wastewater
GCA_022527305.1	SAMN25988486	Klebsiella pneumoniae	PH2A-HHS-PATIENT-HUMAN-CONTEXT	Host_Context_SD	human-associated	human_host_evidence	human_host_evidence=false					patient			healthcare-associated environment	hospital wastewater
GCA_022527865.1	SAMN25988552	Klebsiella pneumoniae	PH2A-HHS-PATIENT-HUMAN-CONTEXT	Host_Context_SD	human-associated	human_host_evidence	human_host_evidence=false					patient			healthcare-associated environment	hospital wastewater
GCA_022529905.1	SAMN25988818	Klebsiella pneumoniae	PH2A-HHS-PATIENT-HUMAN-CONTEXT	Host_Context_SD	human-associated	human_host_evidence	human_host_evidence=false					patient			healthcare-associated environment	hospital wastewater
GCA_022530385.1	SAMN25989676	Klebsiella pneumoniae	PH2A-HHS-PATIENT-HUMAN-CONTEXT	Host_Context_SD	human-associated	human_host_evidence	human_host_evidence=false					patient			healthcare-associated environment	hospital wastewater
GCA_022533795.1	SAMN25989134	Klebsiella pneumoniae	PH2A-HHS-PATIENT-HUMAN-CONTEXT	Host_Context_SD	human-associated	human_host_evidence	human_host_evidence=false					patient			healthcare-associated environment	hospital wastewater
GCA_022534535.1	SAMN25988780	Klebsiella pneumoniae	PH2A-HHS-PATIENT-HUMAN-CONTEXT	Host_Context_SD	human-associated	human_host_evidence	human_host_evidence=false					patient			healthcare-associated environment	hospital wastewater
GCA_022535495.1	SAMN25989821	Klebsiella pneumoniae	PH2A-HHS-PATIENT-HUMAN-CONTEXT	Host_Context_SD	human-associated	human_host_evidence	human_host_evidence=false					patient			healthcare-associated environment	hospital wastewater
GCA_022535635.1	SAMN25989659	Klebsiella pneumoniae	PH2A-HHS-PATIENT-HUMAN-CONTEXT	Host_Context_SD	human-associated	human_host_evidence	human_host_evidence=false					patient			healthcare-associated environment	hospital wastewater
GCA_002567215.1	SAMN07598355	Bacillus cereus	PH2A-SITE-PLANT-SAMPLE-MATERIAL	Sample_Material_SD	plant material	plant_material_evidence	plant_material_evidence=false		Viridiplantae	33090				plant-associated material	plant-associated material	cell culture
GCA_022517565.1	SAMN25989785	Citrobacter freundii	PH2A-HHS-PATIENT-HUMAN-CONTEXT	Host_Context_SD	human-associated	human_host_evidence	human_host_evidence=false					patient			healthcare-associated environment	hospital wastewater
GCA_043293645.1	SAMN42529432	Serratia ureilytica	PH2A-SITE-PLANT-SAMPLE-MATERIAL	Sample_Material_SD	plant material	plant_material_evidence	plant_material_evidence=false		Cucurbita pepo	3663				plant-associated material	plant-associated material	cell culture
GCA_054161285.1	SAMN27610170	Arthrobacter sp. D2-10	PH2A-SITE-PLANT-SAMPLE-MATERIAL	Sample_Material_SD	plant material	plant_material_evidence	plant_material_evidence=false		Plantago cretica	197801				plant-associated material	plant-associated material	
GCA_008807995.1	SAMN12794301	Bacillus amyloliquefaciens	PH2A-SITE-PLANT-SAMPLE-MATERIAL	Sample_Material_SD	plant material	plant_material_evidence	plant_material_evidence=false		Vitis vinifera	29760				plant-associated material	plant-associated material	cell culture
GCA_002558795.1	SAMN07597282	Bacillus thuringiensis	PH2A-SITE-PLANT-SAMPLE-MATERIAL	Sample_Material_SD	plant material	plant_material_evidence	plant_material_evidence=false		Viridiplantae	33090				plant-associated material	plant-associated material	
GCA_022427965.1	SAMN26011952	Fredinandcohnia quinoae	PH2A-SITE-PLANT-SAMPLE-MATERIAL	Sample_Material_SD	plant material	plant_material_evidence	plant_material_evidence=false		Chenopodium quinoa	63459				plant-associated material	plant-associated material	bacterial culture
GCA_001839655.2	SAMN04505866	Phytopseudomonas argentinensis	PH2A-SITE-PLANT-SAMPLE-MATERIAL	Sample_Material_SD	plant material	plant_material_evidence	plant_material_evidence=false		Viridiplantae	33090				plant-associated material	plant-associated material	microbial isolate
GCA_006065115.1	SAMN11864194	Plantibacter sp. M259	PH2A-SITE-PLANT-SAMPLE-MATERIAL	Sample_Material_SD	plant material	plant_material_evidence	plant_material_evidence=false		Achillea millefolium	13329				plant-associated material	environmental material	
GCA_056738175.1	SAMN41787767	Xanthomonas citri pv. mangiferaeindicae	PH2A-SITE-PLANT-SAMPLE-MATERIAL	Sample_Material_SD	plant material	plant_material_evidence	plant_material_evidence=false		Mangifera indica	29780				plant-associated material	plant-associated material	microbial isolate
GCA_052432455.1	SAMN27610184	Enterobacter sp. SA24	PH2A-SITE-PLANT-SAMPLE-MATERIAL	Sample_Material_SD	plant material	plant_material_evidence	plant_material_evidence=false		Indigofera argentea	198858				plant-associated material	plant-associated material	
GCA_023630865.1	SAMN26211619	Caballeronia sp. AAUFL_F1_KS45	PH2A-SITE-PLANT-SAMPLE-MATERIAL	Sample_Material_SD	plant material	plant_material_evidence	plant_material_evidence=false		Anasa andresii	2714317				plant-associated material	plant-associated material	gut content
GCA_023479835.1	SAMN20568456	Salmonella enterica subsp. enterica serovar Dublin	PH2A-SITE-PLANT-SAMPLE-MATERIAL	Sample_Material_SD	plant material	plant_material_evidence	plant_material_evidence=false		Viridiplantae	33090				plant-associated material	plant-associated material	
GCA_023631445.1	SAMN26211592	Caballeronia sp. GAWG1-5s-s	PH2A-SITE-PLANT-SAMPLE-MATERIAL	Sample_Material_SD	plant material	plant_material_evidence	plant_material_evidence=false		Anasa tristis	236421				plant-associated material	plant-associated material	gut content
GCA_002256465.1	SAMN05908747	Methylococcaceae bacterium NSP1-1	PH2A-SITE-PLANT-SAMPLE-MATERIAL	Sample_Material_SD	plant material	plant_material_evidence	plant_material_evidence=false		Viridiplantae	33090				plant-associated material	plant-associated material	
GCA_015016775.1	SAMN14091716	Listeria monocytogenes	PH2A-SITE-PLANT-SAMPLE-MATERIAL	Sample_Material_SD	plant material	plant_material_evidence	plant_material_evidence=false		Aves	8782				plant-associated material	plant-associated material	drain
GCA_015019295.1	SAMN14091734	Listeria monocytogenes	PH2A-SITE-PLANT-SAMPLE-MATERIAL	Sample_Material_SD	plant material	plant_material_evidence	plant_material_evidence=false							plant-associated material	plant-associated material	
GCA_047979025.1	SAMN45227920	Pseudomonas aeruginosa	PH2A-HHS-PATIENT-HUMAN-CONTEXT	Host_Context_SD	human-associated	human_host_evidence	human_host_evidence=false					patient			clinical/host-associated material	sink
GCA_047979385.1	SAMN45227906	Pseudomonas aeruginosa	PH2A-HHS-PATIENT-HUMAN-CONTEXT	Host_Context_SD	human-associated	human_host_evidence	human_host_evidence=false					patient			clinical/host-associated material	sink
GCA_047984065.1	SAMN45227865	Pseudomonas aeruginosa	PH2A-HHS-PATIENT-HUMAN-CONTEXT	Host_Context_SD	human-associated	human_host_evidence	human_host_evidence=false					patient			clinical/host-associated material	sink
GCA_001280205.1	SAMN03896004	Clavibacter capsici	PH2A-SITE-PLANT-SAMPLE-MATERIAL	Sample_Material_SD	plant material	plant_material_evidence	plant_material_evidence=false		Capsicum	4071				plant-associated material	plant-associated material	
GCA_013285055.1	SAMN15010616	Bacillus velezensis	PH2A-SITE-PLANT-SAMPLE-MATERIAL	Sample_Material_SD	plant material	plant_material_evidence	plant_material_evidence=false		Citrus sinensis	2711				plant-associated material	plant-associated material	
GCA_018729305.1	SAMN19461138	Phycicoccus mangrovi	PH2A-SITE-PLANT-SAMPLE-MATERIAL	Sample_Material_SD	plant material	plant_material_evidence	plant_material_evidence=false		Viridiplantae	33090				plant-associated material		
GCA_002562355.1	SAMN07597360	Bacillus cereus	PH2A-SITE-PLANT-SAMPLE-MATERIAL	Sample_Material_SD	plant material	plant_material_evidence	plant_material_evidence=false		Viridiplantae	33090				plant-associated material	plant-associated material	cell culture
GCA_013391705.1	SAMN15422977	Rhizobium leguminosarum bv. viciae	PH2A-SITE-PLANT-SAMPLE-MATERIAL	Sample_Material_SD	plant material	plant_material_evidence	plant_material_evidence=false		Triticum turgidum	4571				plant-associated material	plant-associated material	
GCA_013450275.1	SAMN14598232	Pantoea nemavictus	PH2A-SITE-PLANT-SAMPLE-MATERIAL	Sample_Material_SD	plant material	plant_material_evidence	plant_material_evidence=false		Caenorhabditis elegans	6239				plant-associated material	plant-associated material	cell culture
GCA_002550375.1	SAMN07598676	Bacillus cereus	PH2A-SITE-PLANT-SAMPLE-MATERIAL	Sample_Material_SD	plant material	plant_material_evidence	plant_material_evidence=false		Viridiplantae	33090				plant-associated material	plant-associated material	cell culture
GCA_003860665.1	SAMN10366523	Ralstonia solanacearum	PH2A-SITE-PLANT-SAMPLE-MATERIAL	Sample_Material_SD	plant material	plant_material_evidence	plant_material_evidence=false		Musa	4640				plant-associated material	plant-associated material	
GCA_056867875.1	SAMN47254602	Xanthomonas citri pv. citri	PH2A-SITE-PLANT-SAMPLE-MATERIAL	Sample_Material_SD	plant material	plant_material_evidence	plant_material_evidence=false		Citrus	2706				plant-associated material	plant-associated material	
GCA_022517725.1	SAMN25988776	Klebsiella pneumoniae	PH2A-HHS-PATIENT-HUMAN-CONTEXT	Host_Context_SD	human-associated	human_host_evidence	human_host_evidence=false					patient			healthcare-associated environment	hospital wastewater
GCA_022530545.1	SAMN25989398	Klebsiella pneumoniae	PH2A-HHS-PATIENT-HUMAN-CONTEXT	Host_Context_SD	human-associated	human_host_evidence	human_host_evidence=false					patient			healthcare-associated environment	hospital wastewater
GCA_022535555.1	SAMN25989814	Klebsiella pneumoniae	PH2A-HHS-PATIENT-HUMAN-CONTEXT	Host_Context_SD	human-associated	human_host_evidence	human_host_evidence=false					patient			healthcare-associated environment	hospital wastewater
GCA_017308905.1	SAMN16872597	Listeria monocytogenes	PH2A-SITE-PLANT-SAMPLE-MATERIAL	Sample_Material_SD	plant material	plant_material_evidence	plant_material_evidence=false		Viridiplantae	33090				plant-associated material	plant-associated material	
GCA_022527085.1	SAMN25988715	Escherichia coli	PH2A-HHS-PATIENT-HUMAN-CONTEXT	Host_Context_SD	human-associated	human_host_evidence	human_host_evidence=false					patient			healthcare-associated environment	hospital wastewater
GCA_022533715.1	SAMN25988754	Klebsiella pneumoniae	PH2A-HHS-PATIENT-HUMAN-CONTEXT	Host_Context_SD	human-associated	human_host_evidence	human_host_evidence=false					patient			healthcare-associated environment	hospital wastewater
GCA_002568195.1	SAMN07598290	Priestia megaterium	PH2A-SITE-PLANT-SAMPLE-MATERIAL	Sample_Material_SD	plant material	plant_material_evidence	plant_material_evidence=false		Viridiplantae	33090				plant-associated material	plant-associated material	cell culture
GCA_004795715.1	SAMN11338212	Streptomyces sp. SS52	PH2A-SITE-PLANT-SAMPLE-MATERIAL	Sample_Material_SD	plant material	plant_material_evidence	plant_material_evidence=false		Phyllanthus urinaria	296035				plant-associated material	plant-associated material	
GCA_007197615.1	SAMN12261611	Acholeplasma laidlawii	PH2A-SITE-PLANT-SAMPLE-MATERIAL	Sample_Material_SD	plant material	plant_material_evidence	plant_material_evidence=false		Viridiplantae	33090				plant-associated material	plant-associated material	
GCA_003710245.1	SAMN10290473	[Curtobacterium] plantarum	PH2A-SITE-PLANT-SAMPLE-MATERIAL	Sample_Material_SD	plant material	plant_material_evidence	plant_material_evidence=false		Viridiplantae	33090				plant-associated material	plant-associated material	
GCA_024158145.1	SAMN29395021	Notoacmeibacter sp. MSK16QG-6	PH2A-SITE-PLANT-SAMPLE-MATERIAL	Sample_Material_SD	plant material	plant_material_evidence	plant_material_evidence=false		Viridiplantae	33090				plant-associated material	plant-associated material	
GCA_030846985.1	SAMN30207206	Cronobacter sakazakii	PH2A-SITE-PLANT-SAMPLE-MATERIAL	Sample_Material_SD	plant material	plant_material_evidence	plant_material_evidence=false							plant-associated material	plant-associated material	milk powder
GCA_030847075.1	SAMN30207201	Cronobacter sakazakii	PH2A-SITE-PLANT-SAMPLE-MATERIAL	Sample_Material_SD	plant material	plant_material_evidence	plant_material_evidence=false							plant-associated material	plant-associated material	milk powder
GCA_003595235.1	SAMN09725998	Streptomyces griseorubiginosus	PH2A-SITE-PLANT-SAMPLE-MATERIAL	Sample_Material_SD	plant material	plant_material_evidence	plant_material_evidence=false		Artemisia vulgaris	4220				plant-associated material	plant-associated material	
GCA_053903135.1	SAMN27610178	Bacillus sp. JZ109	PH2A-SITE-PLANT-SAMPLE-MATERIAL	Sample_Material_SD	plant material	plant_material_evidence	plant_material_evidence=false		Tribulus terrestris	210369				plant-associated material	plant-associated material	
GCA_020557125.1	SAMN16124471	Enterococcus faecium	PH2A-HHS-PATIENT-HUMAN-CONTEXT	Host_Context_SD	human-associated	human_host_evidence	human_host_evidence=false					patient				
GCA_024413215.1	SAMN29489347	Pseudomonas tremae	PH2A-SITE-PLANT-SAMPLE-MATERIAL	Sample_Material_SD	plant material	plant_material_evidence	plant_material_evidence=false		Viridiplantae	33090				plant-associated material	plant-associated material	
GCA_047985265.1	SAMN45227818	Pseudomonas aeruginosa	PH2A-HHS-PATIENT-HUMAN-CONTEXT	Host_Context_SD	human-associated	human_host_evidence	human_host_evidence=false					patient			clinical/host-associated material	sink
GCA_047987375.1	SAMN45227745	Pseudomonas aeruginosa	PH2A-HHS-PATIENT-HUMAN-CONTEXT	Host_Context_SD	human-associated	human_host_evidence	human_host_evidence=false					patient			clinical/host-associated material	sink
GCA_051132035.1	SAMN18220754	Pseudomonas sp. R4-83	PH2A-SITE-PLANT-SAMPLE-MATERIAL	Sample_Material_SD	plant material	plant_material_evidence	plant_material_evidence=false		Ifloga spicata	702251				plant-associated material	plant-associated material	
GCA_000410035.1	SAMN02469726	Lacticaseibacillus paracasei subsp. paracasei Lpp49	PH2A-SITE-PLANT-SAMPLE-MATERIAL	Sample_Material_SD	plant material	plant_material_evidence	plant_material_evidence=false		Viridiplantae	33090				plant-associated material	plant-associated material	
GCA_022528945.1	SAMN25989186	Citrobacter freundii	PH2A-HHS-PATIENT-HUMAN-CONTEXT	Host_Context_SD	human-associated	human_host_evidence	human_host_evidence=false					patient			healthcare-associated environment	hospital wastewater
GCA_947085565.1	SAMEA111451316	uncultured Bacteroidota bacterium	PH2A-SITE-PLANT-SAMPLE-MATERIAL	Sample_Material_SD	plant material	plant_material_evidence	plant_material_evidence=false		Viridiplantae	33090				plant-associated material	plant-associated material	
GCA_051783845.1	SAMN49740156	Dickeya dadantii subsp. dieffenbachiae	PH2A-SITE-PLANT-SAMPLE-MATERIAL	Sample_Material_SD	plant material	plant_material_evidence	plant_material_evidence=false		dieffenbachia	42195				plant-associated material	plant-associated material	
GCA_000750575.1	SAMN03009966	Ralstonia solanacearum	PH2A-SITE-PLANT-SAMPLE-MATERIAL	Sample_Material_SD	plant material	plant_material_evidence	plant_material_evidence=false		Solanum tuberosum	4113				plant-associated material	plant/produce food product	potato
GCA_002578975.1	SAMN07598159	Bacillus wiedmannii	PH2A-SITE-PLANT-SAMPLE-MATERIAL	Sample_Material_SD	plant material	plant_material_evidence	plant_material_evidence=false		Viridiplantae	33090				plant-associated material	plant-associated material	cell culture
GCA_021892755.1	SAMN14372654	Lactiplantibacillus plantarum	PH2A-SITE-PLANT-SAMPLE-MATERIAL	Sample_Material_SD	plant material	plant_material_evidence	plant_material_evidence=false		Viridiplantae	33090				plant-associated material	plant-associated material	
GCA_022529525.1	SAMN25989004	Citrobacter freundii	PH2A-HHS-PATIENT-HUMAN-CONTEXT	Host_Context_SD	human-associated	human_host_evidence	human_host_evidence=false					patient			healthcare-associated environment	hospital wastewater
GCA_015019015.1	SAMN14091669	Listeria monocytogenes	PH2A-SITE-PLANT-SAMPLE-MATERIAL	Sample_Material_SD	plant material	plant_material_evidence	plant_material_evidence=false		Aves	8782				plant-associated material	plant-associated material	drain
GCA_947085395.1	SAMEA111451314	uncultured Bacteroidota bacterium	PH2A-SITE-PLANT-SAMPLE-MATERIAL	Sample_Material_SD	plant material	plant_material_evidence	plant_material_evidence=false		Viridiplantae	33090				plant-associated material	plant-associated material	
GCA_947085595.1	SAMEA111451315	uncultured Bacteroidota bacterium	PH2A-SITE-PLANT-SAMPLE-MATERIAL	Sample_Material_SD	plant material	plant_material_evidence	plant_material_evidence=false		Viridiplantae	33090				plant-associated material	plant-associated material	
GCA_002150935.1	SAMN05439581	Clavibacter michiganensis subsp. michiganensis	PH2A-SITE-PLANT-SAMPLE-MATERIAL	Sample_Material_SD	plant material	plant_material_evidence	plant_material_evidence=false		Solanum lycopersicum	4081				plant-associated material	plant-associated material	
GCA_054161385.1	SAMN27610220	Bacillus sp. PK3-136	PH2A-SITE-PLANT-SAMPLE-MATERIAL	Sample_Material_SD	plant material	plant_material_evidence	plant_material_evidence=false		Janochloa antidotale	3031383				plant-associated material	plant-associated material	
GCA_036689615.1	SAMN39889236	Pseudomonas chlororaphis subsp. chlororaphis	PH2A-SITE-PLANT-SAMPLE-MATERIAL	Sample_Material_SD	plant material	plant_material_evidence	plant_material_evidence=false		Viridiplantae	33090				plant-associated material	plant-associated material	
GCA_015159635.1	SAMN16093088	Corynebacterium glutamicum	PH2A-SITE-PLANT-SAMPLE-MATERIAL	Sample_Material_SD	plant material	plant_material_evidence	plant_material_evidence=false		Viridiplantae	33090				plant-associated material	plant-associated material	
GCA_025654175.1	SAMN25232816	Shewanella sp. SM34	PH2A-SITE-PLANT-SAMPLE-MATERIAL	Sample_Material_SD	plant material	plant_material_evidence	plant_material_evidence=false		Viridiplantae	33090				plant-associated material	plant-associated material	
GCA_045920555.1	SAMN45024209	Pseudalkalibacillus sp. A8	PH2A-SITE-PLANT-SAMPLE-MATERIAL	Sample_Material_SD	plant material	plant_material_evidence	plant_material_evidence=false		Cistanche deserticola	161395				plant-associated material	plant-associated material	
GCA_047782465.1	SAMN16788665	Streptomyces sp. 039-1	PH2A-SITE-PLANT-SAMPLE-MATERIAL	Sample_Material_SD	plant material	plant_material_evidence	plant_material_evidence=false		Viridiplantae	33090				plant-associated material	plant-associated material	
GCA_008629695.1	SAMN12698562	Taibaiella lutea	PH2A-SITE-PLANT-SAMPLE-MATERIAL	Sample_Material_SD	plant material	plant_material_evidence	plant_material_evidence=false		Viridiplantae	33090				plant-associated material	plant-associated material	
GCA_013285085.2	SAMN15012571	Bacillus velezensis	PH2A-SITE-PLANT-SAMPLE-MATERIAL	Sample_Material_SD	plant material	plant_material_evidence	plant_material_evidence=false		Capsicum	4071				plant-associated material	plant-associated material	
GCA_045206515.1	SAMN30553152	Streptomyces griseoaurantiacus	PH2A-SITE-PLANT-SAMPLE-MATERIAL	Sample_Material_SD	plant material	plant_material_evidence	plant_material_evidence=false		Viridiplantae	33090				plant-associated material	plant-associated material	
GCA_022520555.1	SAMN25989162	Klebsiella pneumoniae	PH2A-HHS-PATIENT-HUMAN-CONTEXT	Host_Context_SD	human-associated	human_host_evidence	human_host_evidence=false					patient			healthcare-associated environment	hospital wastewater
GCA_022525845.1	SAMN25988627	Klebsiella pneumoniae	PH2A-HHS-PATIENT-HUMAN-CONTEXT	Host_Context_SD	human-associated	human_host_evidence	human_host_evidence=false					patient			healthcare-associated environment	hospital wastewater
GCA_022528165.1	SAMN25989789	Klebsiella pneumoniae	PH2A-HHS-PATIENT-HUMAN-CONTEXT	Host_Context_SD	human-associated	human_host_evidence	human_host_evidence=false					patient			healthcare-associated environment	hospital wastewater
GCA_022528325.1	SAMN25989715	Klebsiella pneumoniae	PH2A-HHS-PATIENT-HUMAN-CONTEXT	Host_Context_SD	human-associated	human_host_evidence	human_host_evidence=false					patient			healthcare-associated environment	hospital wastewater
GCA_000633535.1	SAMN02729857	Leifsonia aquatica H1aii	PH2A-SITE-PLANT-SAMPLE-MATERIAL	Sample_Material_SD	plant material	plant_material_evidence	plant_material_evidence=false		Viridiplantae	33090				plant-associated material	plant-associated material	
GCA_022520325.1	SAMN25989214	Citrobacter freundii	PH2A-HHS-PATIENT-HUMAN-CONTEXT	Host_Context_SD	human-associated	human_host_evidence	human_host_evidence=false					patient			healthcare-associated environment	hospital wastewater
GCA_022532885.1	SAMN25990024	Citrobacter freundii	PH2A-HHS-PATIENT-HUMAN-CONTEXT	Host_Context_SD	human-associated	human_host_evidence	human_host_evidence=false					patient			healthcare-associated environment	hospital wastewater
GCA_045348225.1	SAMN41128325	Xanthomonas citri pv. glycines	PH2A-SITE-PLANT-SAMPLE-MATERIAL	Sample_Material_SD	plant material	plant_material_evidence	plant_material_evidence=false		Glycine max	3847				plant-associated material	plant-associated material	bacterial culture
GCA_047902445.1	SAMN46274536	Bacillus subtilis subsp. subtilis	PH2A-SITE-PLANT-SAMPLE-MATERIAL	Sample_Material_SD	plant material	plant_material_evidence	plant_material_evidence=false		Solanum lycopersicum	4081				plant-associated material	plant-associated material	single cell
GCA_003726095.1	SAMN08362833	Niallia circulans	PH2A-SITE-PLANT-SAMPLE-MATERIAL	Sample_Material_SD	plant material	plant_material_evidence	plant_material_evidence=false		Janochloa antidotale	3031383				plant-associated material	plant-associated material	
GCA_015018695.1	SAMN14091698	Listeria monocytogenes	PH2A-SITE-PLANT-SAMPLE-MATERIAL	Sample_Material_SD	plant material	plant_material_evidence	plant_material_evidence=false		Aves	8782				plant-associated material	plant-associated material	drain
GCA_023487745.1	SAMN20568461	Salmonella enterica subsp. enterica serovar Dublin	PH2A-SITE-PLANT-SAMPLE-MATERIAL	Sample_Material_SD	plant material	plant_material_evidence	plant_material_evidence=false		Viridiplantae	33090				plant-associated material	plant-associated material	
GCA_023631345.1	SAMN26211594	Caballeronia sp. GAWG2-2	PH2A-SITE-PLANT-SAMPLE-MATERIAL	Sample_Material_SD	plant material	plant_material_evidence	plant_material_evidence=false		Anasa tristis	236421				plant-associated material	plant-associated material	gut content
GCA_054161305.1	SAMN27610193	Pseudomonas sp. Z2-11	PH2A-SITE-PLANT-SAMPLE-MATERIAL	Sample_Material_SD	plant material	plant_material_evidence	plant_material_evidence=false		Gagea reticulata	319178				plant-associated material	plant-associated material	
GCA_051122665.1	SAMN46764892	Bacillus amyloliquefaciens	PH2A-SITE-PLANT-SAMPLE-MATERIAL	Sample_Material_SD	plant material	plant_material_evidence	plant_material_evidence=false		Viridiplantae	33090				plant-associated material	plant-associated material	
GCA_013266735.1	SAMN15015861	Pedobacter foliorum	PH2A-SITE-PLANT-SAMPLE-MATERIAL	Sample_Material_SD	plant material	plant_material_evidence	plant_material_evidence=false		Viridiplantae	33090				plant-associated material	plant-associated material	
GCA_015015755.1	SAMN14091605	Listeria monocytogenes	PH2A-SITE-PLANT-SAMPLE-MATERIAL	Sample_Material_SD	plant material	plant_material_evidence	plant_material_evidence=false		Aves	8782				plant-associated material	plant-associated material	drain
GCA_021129305.1	SAMN23440780	Kineosporia babensis	PH2A-SITE-PLANT-SAMPLE-MATERIAL	Sample_Material_SD	plant material	plant_material_evidence	plant_material_evidence=false		Viridiplantae	33090				plant-associated material	plant-associated material	single cell
GCA_030847055.1	SAMN30207205	Cronobacter sakazakii	PH2A-SITE-PLANT-SAMPLE-MATERIAL	Sample_Material_SD	plant material	plant_material_evidence	plant_material_evidence=false							plant-associated material	plant-associated material	milk powder
GCA_002588205.1	SAMN07312467	Clostridium sporogenes	PH2A-SITE-PLANT-SAMPLE-MATERIAL	Sample_Material_SD	plant material	plant_material_evidence	plant_material_evidence=false		Viridiplantae	33090				plant-associated material	plant-associated material	
GCA_002572325.1	SAMN07598238	Bacillus wiedmannii	PH2A-SITE-PLANT-SAMPLE-MATERIAL	Sample_Material_SD	plant material	plant_material_evidence	plant_material_evidence=false		Viridiplantae	33090				plant-associated material	plant-associated material	
GCA_002589045.1	SAMN07597852	Bacillus thuringiensis	PH2A-SITE-PLANT-SAMPLE-MATERIAL	Sample_Material_SD	plant material	plant_material_evidence	plant_material_evidence=false		Triticum aestivum	4565				plant-associated material	plant-associated material	cell culture
GCA_022524145.1	SAMN25989440	Klebsiella pneumoniae	PH2A-HHS-PATIENT-HUMAN-CONTEXT	Host_Context_SD	human-associated	human_host_evidence	human_host_evidence=false					patient			healthcare-associated environment	hospital wastewater
GCA_022521405.1	SAMN25988467	Klebsiella pneumoniae	PH2A-HHS-PATIENT-HUMAN-CONTEXT	Host_Context_SD	human-associated	human_host_evidence	human_host_evidence=false					patient			healthcare-associated environment	hospital wastewater
GCA_022533285.1	SAMN25989057	Klebsiella pneumoniae	PH2A-HHS-PATIENT-HUMAN-CONTEXT	Host_Context_SD	human-associated	human_host_evidence	human_host_evidence=false					patient			healthcare-associated environment	hospital wastewater
GCA_017308815.1	SAMN16872600	Listeria monocytogenes	PH2A-SITE-PLANT-SAMPLE-MATERIAL	Sample_Material_SD	plant material	plant_material_evidence	plant_material_evidence=false		Viridiplantae	33090				plant-associated material	plant-associated material	
GCA_022520625.1	SAMN25989307	Klebsiella pneumoniae	PH2A-HHS-PATIENT-HUMAN-CONTEXT	Host_Context_SD	human-associated	human_host_evidence	human_host_evidence=false					patient			healthcare-associated environment	hospital wastewater
GCA_022534035.1	SAMN25988907	Klebsiella pneumoniae	PH2A-HHS-PATIENT-HUMAN-CONTEXT	Host_Context_SD	human-associated	human_host_evidence	human_host_evidence=false					patient			healthcare-associated environment	hospital wastewater
GCA_022535935.1	SAMN25988689	Escherichia coli	PH2A-HHS-PATIENT-HUMAN-CONTEXT	Host_Context_SD	human-associated	human_host_evidence	human_host_evidence=false					patient			healthcare-associated environment	hospital wastewater
GCA_034653255.1	SAMN38498976	Pseudomonas spirodelae	PH2A-SITE-PLANT-SAMPLE-MATERIAL	Sample_Material_SD	plant material	plant_material_evidence	plant_material_evidence=false		Viridiplantae	33090				plant-associated material	plant-associated material	
GCA_002560455.1	SAMN07597550	Bacillus thuringiensis	PH2A-SITE-PLANT-SAMPLE-MATERIAL	Sample_Material_SD	plant material	plant_material_evidence	plant_material_evidence=false		Viridiplantae	33090				plant-associated material	plant-associated material	cell culture
GCA_022517685.1	SAMN25989540	Citrobacter freundii	PH2A-HHS-PATIENT-HUMAN-CONTEXT	Host_Context_SD	human-associated	human_host_evidence	human_host_evidence=false					patient			healthcare-associated environment	hospital wastewater
GCA_029768485.1	SAMN25988441	Pluralibacter gergoviae	PH2A-HHS-PATIENT-HUMAN-CONTEXT	Host_Context_SD	human-associated	human_host_evidence	human_host_evidence=false					patient			healthcare-associated environment	hospital wastewater
GCA_022517805.1	SAMN25989453	Citrobacter farmeri	PH2A-HHS-PATIENT-HUMAN-CONTEXT	Host_Context_SD	human-associated	human_host_evidence	human_host_evidence=false					patient			healthcare-associated environment	hospital wastewater
GCA_001887265.1	SAMN06016468	Chelatococcus daeguensis	PH2A-SITE-PLANT-SAMPLE-MATERIAL	Sample_Material_SD	plant material	plant_material_evidence	plant_material_evidence=false		Viridiplantae	33090				plant-associated material	plant-associated material	
GCA_053762545.1	SAMN52659786	Bacillus sp. ESY73	PH2A-HHS-PATIENT-HUMAN-CONTEXT	Host_Context_SD	human-associated	human_host_evidence	human_host_evidence=false					patient			healthcare-associated environment	laboratory culture
GCA_023631005.1	SAMN26211613	Caballeronia sp. GAWG2-4	PH2A-SITE-PLANT-SAMPLE-MATERIAL	Sample_Material_SD	plant material	plant_material_evidence	plant_material_evidence=false		Anasa tristis	236421				plant-associated material	plant-associated material	gut content
GCA_047978425.1	SAMN45227947	Pseudomonas aeruginosa	PH2A-HHS-PATIENT-HUMAN-CONTEXT	Host_Context_SD	human-associated	human_host_evidence	human_host_evidence=false					patient			clinical/host-associated material	sink
GCA_051131945.1	SAMN18220763	Pseudomonas sp. Z5-35	PH2A-SITE-PLANT-SAMPLE-MATERIAL	Sample_Material_SD	plant material	plant_material_evidence	plant_material_evidence=false		Filago	261771				plant-associated material	plant-associated material	
GCA_051132205.1	SAMN18220733	Pseudomonas sp. D1-36	PH2A-SITE-PLANT-SAMPLE-MATERIAL	Sample_Material_SD	plant material	plant_material_evidence	plant_material_evidence=false		Erodium	21555				plant-associated material	plant-associated material	
GCA_947085545.1	SAMEA111451305	uncultured Anaerolineae bacterium	PH2A-SITE-PLANT-SAMPLE-MATERIAL	Sample_Material_SD	plant material	plant_material_evidence	plant_material_evidence=false		Viridiplantae	33090				plant-associated material	plant-associated material	
GCA_947085795.1	SAMEA111451298	uncultured Actinomycetes bacterium	PH2A-SITE-PLANT-SAMPLE-MATERIAL	Sample_Material_SD	plant material	plant_material_evidence	plant_material_evidence=false		Viridiplantae	33090				plant-associated material	plant-associated material	
GCA_000750585.1	SAMN03009990	Ralstonia solanacearum	PH2A-SITE-PLANT-SAMPLE-MATERIAL	Sample_Material_SD	plant material	plant_material_evidence	plant_material_evidence=false		Viridiplantae	33090				plant-associated material	plant-associated material	
GCA_002564945.1	SAMN07598450	Bacillus cereus	PH2A-SITE-PLANT-SAMPLE-MATERIAL	Sample_Material_SD	plant material	plant_material_evidence	plant_material_evidence=false		Viridiplantae	33090				plant-associated material	plant-associated material	cell culture
GCA_002576465.1	SAMN07597970	Bacillus cereus	PH2A-SITE-PLANT-SAMPLE-MATERIAL	Sample_Material_SD	plant material	plant_material_evidence	plant_material_evidence=false		Viridiplantae	33090				plant-associated material	plant-associated material	cell culture
GCA_002581275.1	SAMN07598068	Bacillus toyonensis	PH2A-SITE-PLANT-SAMPLE-MATERIAL	Sample_Material_SD	plant material	plant_material_evidence	plant_material_evidence=false		Triticum aestivum	4565				plant-associated material	plant-associated material	
GCA_038433025.1	SAMN40911112	Shewanella algae	PH2A-HHS-PATIENT-HUMAN-CONTEXT	Host_Context_SD	human-associated	human_host_evidence	human_host_evidence=false					patient		rectum/perianal region	clinical/host-associated material	rectal swab
GCA_045678015.1	SAMN14732563	Stutzerimonas zhaodongensis	PH2A-SITE-PLANT-SAMPLE-MATERIAL	Sample_Material_SD	plant material	plant_material_evidence	plant_material_evidence=false		Panicum turgidum	861245				plant-associated material	plant-associated material	
GCA_049201045.1	SAMN14732562	Stutzerimonas urumqiensis	PH2A-SITE-PLANT-SAMPLE-MATERIAL	Sample_Material_SD	plant material	plant_material_evidence	plant_material_evidence=false		Tetraena simplex	2499693				plant-associated material	plant-associated material	
GCA_051851555.1	SAMN48798554	Lonepinella sp. BR2474	PH2A-HHS-PATIENT-HUMAN-CONTEXT	Host_Context_SD	human-associated	human_host_evidence	human_host_evidence=false		Phascolarctos cinereus	38626		patient		oral cavity	clinical/host-associated material	
GCA_030846845.1	SAMN30207212	Cronobacter sakazakii	PH2A-SITE-PLANT-SAMPLE-MATERIAL	Sample_Material_SD	plant material	plant_material_evidence	plant_material_evidence=false							plant-associated material	plant-associated material	milk powder
GCA_054792705.1	SAMN27610196	Arthrobacter sp. Z4-13	PH2A-SITE-PLANT-SAMPLE-MATERIAL	Sample_Material_SD	plant material	plant_material_evidence	plant_material_evidence=false		Asteriscus	56520				plant-associated material	plant-associated material	
GCA_015015655.1	SAMN14091685	Listeria monocytogenes	PH2A-SITE-PLANT-SAMPLE-MATERIAL	Sample_Material_SD	plant material	plant_material_evidence	plant_material_evidence=false		Aves	8782				plant-associated material	plant-associated material	drain
GCA_015018855.1	SAMN14091713	Listeria monocytogenes	PH2A-SITE-PLANT-SAMPLE-MATERIAL	Sample_Material_SD	plant material	plant_material_evidence	plant_material_evidence=false		Aves	8782				plant-associated material	plant-associated material	drain
GCA_002150925.1	SAMN05439589	Clavibacter michiganensis subsp. michiganensis	PH2A-SITE-PLANT-SAMPLE-MATERIAL	Sample_Material_SD	plant material	plant_material_evidence	plant_material_evidence=false		Solanum lycopersicum	4081				plant-associated material	plant-associated material	
GCA_023277405.1	SAMN20060268	Xanthomonas oryzae pv. oryzae	PH2A-SITE-PLANT-SAMPLE-MATERIAL	Sample_Material_SD	plant material	plant_material_evidence	plant_material_evidence=false		Viridiplantae	33090				plant-associated material	plant-associated material	
GCA_018129085.1	SAMN13932463	Plastoroseomonas hellenica	PH2A-SITE-PLANT-SAMPLE-MATERIAL	Sample_Material_SD	plant material	plant_material_evidence	plant_material_evidence=false		Viridiplantae	33090				plant-associated material	plant-associated material	microbial isolate
GCA_030643845.1	SAMN32775247	Bacillus subtilis	PH2A-SITE-PLANT-SAMPLE-MATERIAL	Sample_Material_SD	plant material	plant_material_evidence	plant_material_evidence=false		Viridiplantae	33090				plant-associated material	plant-associated material	microbial culture
GCA_025135955.1	SAMN07156301	Clostridioides difficile	PH2A-SITE-PLANT-SAMPLE-MATERIAL	Sample_Material_SD	plant material	plant_material_evidence	plant_material_evidence=false		Viridiplantae	33090				plant-associated material	environmental material	cell culture
GCA_015018895.1	SAMN14091717	Listeria monocytogenes	PH2A-SITE-PLANT-SAMPLE-MATERIAL	Sample_Material_SD	plant material	plant_material_evidence	plant_material_evidence=false		Aves	8782				plant-associated material	plant-associated material	drain
GCA_051949435.1	SAMN41787765	Xanthomonas citri pv. mangiferaeindicae	PH2A-SITE-PLANT-SAMPLE-MATERIAL	Sample_Material_SD	plant material	plant_material_evidence	plant_material_evidence=false		Mangifera indica	29780				plant-associated material	plant-associated material	microbial isolate
GCA_002551955.1	SAMN07598683	Bacillus thuringiensis	PH2A-SITE-PLANT-SAMPLE-MATERIAL	Sample_Material_SD	plant material	plant_material_evidence	plant_material_evidence=false		Viridiplantae	33090				plant-associated material	plant-associated material	cell culture
GCA_056867675.1	SAMN47254580	Xanthomonas citri pv. citri	PH2A-SITE-PLANT-SAMPLE-MATERIAL	Sample_Material_SD	plant material	plant_material_evidence	plant_material_evidence=false		Citrus	2706				plant-associated material	plant-associated material	
GCA_022569895.1	SAMN26226226	Pseudomonas aeruginosa	PH2A-SITE-PLANT-SAMPLE-MATERIAL	Sample_Material_SD	plant material	plant_material_evidence	plant_material_evidence=false		Capsicum	4071				plant-associated material	plant-associated material	
GCA_022535815.1	SAMN25989640	Klebsiella pneumoniae	PH2A-HHS-PATIENT-HUMAN-CONTEXT	Host_Context_SD	human-associated	human_host_evidence	human_host_evidence=false					patient			healthcare-associated environment	hospital wastewater
GCA_022518965.1	SAMN25989603	Klebsiella pneumoniae	PH2A-HHS-PATIENT-HUMAN-CONTEXT	Host_Context_SD	human-associated	human_host_evidence	human_host_evidence=false					patient			healthcare-associated environment	hospital wastewater
GCA_022519725.1	SAMN25989803	Klebsiella pneumoniae	PH2A-HHS-PATIENT-HUMAN-CONTEXT	Host_Context_SD	human-associated	human_host_evidence	human_host_evidence=false					patient			healthcare-associated environment	hospital wastewater
GCA_022525705.1	SAMN25988668	Klebsiella pneumoniae	PH2A-HHS-PATIENT-HUMAN-CONTEXT	Host_Context_SD	human-associated	human_host_evidence	human_host_evidence=false					patient			healthcare-associated environment	hospital wastewater
GCA_022526005.1	SAMN25988945	Klebsiella pneumoniae	PH2A-HHS-PATIENT-HUMAN-CONTEXT	Host_Context_SD	human-associated	human_host_evidence	human_host_evidence=false					patient			healthcare-associated environment	hospital wastewater
GCA_022528365.1	SAMN25988646	Klebsiella pneumoniae	PH2A-HHS-PATIENT-HUMAN-CONTEXT	Host_Context_SD	human-associated	human_host_evidence	human_host_evidence=false					patient			healthcare-associated environment	hospital wastewater
GCA_022535315.1	SAMN25988421	Klebsiella pneumoniae	PH2A-HHS-PATIENT-HUMAN-CONTEXT	Host_Context_SD	human-associated	human_host_evidence	human_host_evidence=false					patient			healthcare-associated environment	hospital wastewater
GCA_053834265.1	SAMEA120398604	Klebsiella pneumoniae	PH2A-HHS-PATIENT-HUMAN-CONTEXT	Host_Context_SD	human-associated	human_host_evidence	human_host_evidence=false					patient			clinical/host-associated material	drain
GCA_002939385.1	SAMN06284050	Streptomyces sp. MH60	PH2A-SITE-PLANT-SAMPLE-MATERIAL	Sample_Material_SD	plant material	plant_material_evidence	plant_material_evidence=false		Triticum aestivum	4565				plant-associated material		root
GCA_015017535.1	SAMN14091621	Listeria monocytogenes	PH2A-SITE-PLANT-SAMPLE-MATERIAL	Sample_Material_SD	plant material	plant_material_evidence	plant_material_evidence=false		Aves	8782				plant-associated material	plant-associated material	drain
GCA_015020295.1	SAMN14091603	Listeria monocytogenes	PH2A-SITE-PLANT-SAMPLE-MATERIAL	Sample_Material_SD	plant material	plant_material_evidence	plant_material_evidence=false		Aves	8782				plant-associated material	plant-associated material	drain
GCA_014210345.1	SAMN15371201	Ralstonia solanacearum	PH2A-SITE-PLANT-SAMPLE-MATERIAL	Sample_Material_SD	plant material	plant_material_evidence	plant_material_evidence=false		Musa	4640		diseased		plant-associated material	plant-associated material	
GCA_015354315.1	SAMN16095157	Planobacterium oryzisoli	PH2A-SITE-PLANT-SAMPLE-MATERIAL	Sample_Material_SD	plant material	plant_material_evidence	plant_material_evidence=false		Viridiplantae	33090				plant-associated material	plant-associated material	
GCA_022602135.1	SAMN26199813	Rosenbergiella nectarea subsp. apis	PH2A-SITE-PLANT-SAMPLE-MATERIAL	Sample_Material_SD	plant material	plant_material_evidence	plant_material_evidence=false		Epipactis palustris	210730				plant-associated material	plant-associated material	
GCA_003031385.1	SAMN08225245	Xanthomonas oryzae pv. oryzae	PH2A-SITE-PLANT-SAMPLE-MATERIAL	Sample_Material_SD	plant material	plant_material_evidence	plant_material_evidence=false		Oryza sativa	4530				plant-associated material	plant-associated material	
GCA_002576065.1	SAMN07598013	Bacillus cereus	PH2A-SITE-PLANT-SAMPLE-MATERIAL	Sample_Material_SD	plant material	plant_material_evidence	plant_material_evidence=false		Viridiplantae	33090				plant-associated material	plant-associated material	cell culture
GCA_002566145.1	SAMN07598531	Bacillus thuringiensis	PH2A-SITE-PLANT-SAMPLE-MATERIAL	Sample_Material_SD	plant material	plant_material_evidence	plant_material_evidence=false		Viridiplantae	33090				plant-associated material	plant-associated material	cell culture
GCA_013284725.1	SAMN15009693	Bacillus velezensis	PH2A-SITE-PLANT-SAMPLE-MATERIAL	Sample_Material_SD	plant material	plant_material_evidence	plant_material_evidence=false		Solanum lycopersicum	4081				plant-associated material	plant-associated material	
GCA_053762585.1	SAMN52659787	Citrobacter sp. ESY80	PH2A-HHS-PATIENT-HUMAN-CONTEXT	Host_Context_SD	human-associated	human_host_evidence	human_host_evidence=false					patient			healthcare-associated environment	laboratory culture
GCA_054161405.1	SAMN27610223	Bacillus sp. PK5-004	PH2A-SITE-PLANT-SAMPLE-MATERIAL	Sample_Material_SD	plant material	plant_material_evidence	plant_material_evidence=false		Tribulus terrestris	210369				plant-associated material	plant-associated material	
GCA_056850525.1	SAMN47254751	Xanthomonas citri pv. malvacearum	PH2A-SITE-PLANT-SAMPLE-MATERIAL	Sample_Material_SD	plant material	plant_material_evidence	plant_material_evidence=false		Fragaria x ananassa	3747				plant-associated material	plant-associated material	
GCA_047782405.1	SAMN16788681	Paenarthrobacter sp. x-16	PH2A-SITE-PLANT-SAMPLE-MATERIAL	Sample_Material_SD	plant material	plant_material_evidence	plant_material_evidence=false		Viridiplantae	33090				plant-associated material	plant-associated material	
GCA_053901285.1	SAMN53526170	Xylella fastidiosa subsp. pauca	PH2A-SITE-PLANT-SAMPLE-MATERIAL	Sample_Material_SD	plant material	plant_material_evidence	plant_material_evidence=false		Coffea arabica	13443				plant-associated material	plant-associated material	cell culture
GCA_018383435.1	SAMN19068630	Pseudomonas syringae	PH2A-SITE-PLANT-SAMPLE-MATERIAL	Sample_Material_SD	plant material	plant_material_evidence	plant_material_evidence=false		Medicago sativa	3879				plant-associated material	plant-associated material	
GCA_023631065.1	SAMN26211610	Caballeronia sp. GAOx1	PH2A-SITE-PLANT-SAMPLE-MATERIAL	Sample_Material_SD	plant material	plant_material_evidence	plant_material_evidence=false		Anasa tristis	236421				plant-associated material	plant-associated material	gut content
GCA_002564675.1	SAMN07598524	Bacillus cereus	PH2A-SITE-PLANT-SAMPLE-MATERIAL	Sample_Material_SD	plant material	plant_material_evidence	plant_material_evidence=false		Viridiplantae	33090				plant-associated material	plant-associated material	cell culture
GCA_015018615.1	SAMN14091701	Listeria monocytogenes	PH2A-SITE-PLANT-SAMPLE-MATERIAL	Sample_Material_SD	plant material	plant_material_evidence	plant_material_evidence=false							plant-associated material	plant-associated material	
GCA_023631225.1	SAMN26211602	Caballeronia sp. NCTM1	PH2A-SITE-PLANT-SAMPLE-MATERIAL	Sample_Material_SD	plant material	plant_material_evidence	plant_material_evidence=false		Anasa tristis	236421				plant-associated material	plant-associated material	gut content
GCA_025289235.1	SAMN19273746	Klebsiella pneumoniae subsp. pneumoniae	PH2A-SITE-PLANT-SAMPLE-MATERIAL	Sample_Material_SD	plant material	plant_material_evidence	plant_material_evidence=false		Viridiplantae	33090				plant-associated material	plant-associated material	
GCA_047984525.1	SAMN45227844	Pseudomonas aeruginosa	PH2A-HHS-PATIENT-HUMAN-CONTEXT	Host_Context_SD	human-associated	human_host_evidence	human_host_evidence=false					patient			clinical/host-associated material	sink
GCA_047985385.1	SAMN45227816	Pseudomonas aeruginosa	PH2A-HHS-PATIENT-HUMAN-CONTEXT	Host_Context_SD	human-associated	human_host_evidence	human_host_evidence=false					patient			clinical/host-associated material	sink
GCA_047987265.1	SAMN45227749	Pseudomonas aeruginosa	PH2A-HHS-PATIENT-HUMAN-CONTEXT	Host_Context_SD	human-associated	human_host_evidence	human_host_evidence=false					patient			clinical/host-associated material	sink
GCA_046235235.1	SAMN43154798	Enterobacter cloacae	PH2A-SITE-PLANT-SAMPLE-MATERIAL	Sample_Material_SD	plant material	plant_material_evidence	plant_material_evidence=false		Selenicereus	83431				plant-associated material	plant-associated material	
GCA_001644805.2	SAMN02716068	Ralstonia solanacearum	PH2A-SITE-PLANT-SAMPLE-MATERIAL	Sample_Material_SD	plant material	plant_material_evidence	plant_material_evidence=false		Solanum lycopersicum	4081				plant-associated material	plant-associated material	
GCA_046549155.1	SAMN16788683	Streptomyces sp. x-45	PH2A-SITE-PLANT-SAMPLE-MATERIAL	Sample_Material_SD	plant material	plant_material_evidence	plant_material_evidence=false		Viridiplantae	33090				plant-associated material	plant-associated material	
GCA_053819085.1	SAMN53424831	Bacillus subtilis	PH2A-SITE-PLANT-SAMPLE-MATERIAL	Sample_Material_SD	plant material	plant_material_evidence	plant_material_evidence=false		Viridiplantae	33090				plant-associated material	plant-associated material	
GCA_037198305.1	SAMN39681384	Agrobacterium leguminum	PH2A-SITE-PLANT-SAMPLE-MATERIAL	Sample_Material_SD	plant material	plant_material_evidence	plant_material_evidence=false		Viridiplantae	33090				plant-associated material	plant-associated material	
GCA_037482305.1	SAMN40414376	Pseudokineococcus sp. 5B2Z-1	PH2A-SITE-PLANT-SAMPLE-MATERIAL	Sample_Material_SD	plant material	plant_material_evidence	plant_material_evidence=false		Viridiplantae	33090				plant-associated material	plant-associated material	
GCA_056830685.1	SAMN47254573	Xanthomonas citri pv. citri	PH2A-SITE-PLANT-SAMPLE-MATERIAL	Sample_Material_SD	plant material	plant_material_evidence	plant_material_evidence=false		Citrus	2706				plant-associated material	plant-associated material	
GCA_055633115.1	SAMN52659788	Enterobacter asburiae	PH2A-HHS-PATIENT-HUMAN-CONTEXT	Host_Context_SD	human-associated	human_host_evidence	human_host_evidence=false					patient			healthcare-associated environment	laboratory culture
GCA_022531745.1	SAMN25989703	Klebsiella pneumoniae	PH2A-HHS-PATIENT-HUMAN-CONTEXT	Host_Context_SD	human-associated	human_host_evidence	human_host_evidence=false					patient			healthcare-associated environment	hospital wastewater
GCA_022536935.1	SAMN25990040	Klebsiella pneumoniae	PH2A-HHS-PATIENT-HUMAN-CONTEXT	Host_Context_SD	human-associated	human_host_evidence	human_host_evidence=false					patient			healthcare-associated environment	hospital wastewater
GCA_022532245.1	SAMN25989382	Klebsiella ornithinolytica	PH2A-HHS-PATIENT-HUMAN-CONTEXT	Host_Context_SD	human-associated	human_host_evidence	human_host_evidence=false					patient			healthcare-associated environment	hospital wastewater
GCA_022535915.1	SAMN25988694	Klebsiella pneumoniae	PH2A-HHS-PATIENT-HUMAN-CONTEXT	Host_Context_SD	human-associated	human_host_evidence	human_host_evidence=false					patient			healthcare-associated environment	hospital wastewater
GCA_022519745.1	SAMN25988711	Citrobacter freundii	PH2A-HHS-PATIENT-HUMAN-CONTEXT	Host_Context_SD	human-associated	human_host_evidence	human_host_evidence=false					patient			healthcare-associated environment	hospital wastewater
GCA_022528605.1	SAMN25989460	Klebsiella pneumoniae	PH2A-HHS-PATIENT-HUMAN-CONTEXT	Host_Context_SD	human-associated	human_host_evidence	human_host_evidence=false					patient			healthcare-associated environment	hospital wastewater
GCA_022529765.1	SAMN25988853	Klebsiella pneumoniae	PH2A-HHS-PATIENT-HUMAN-CONTEXT	Host_Context_SD	human-associated	human_host_evidence	human_host_evidence=false					patient			healthcare-associated environment	hospital wastewater
GCA_022535155.1	SAMN25989590	Klebsiella oxytoca	PH2A-HHS-PATIENT-HUMAN-CONTEXT	Host_Context_SD	human-associated	human_host_evidence	human_host_evidence=false					patient			healthcare-associated environment	hospital wastewater
GCA_024181825.1	SAMN29361902	Vibrio sp. Y53_MX_L15	PH2A-SITE-PLANT-SAMPLE-MATERIAL	Sample_Material_SD	plant material	plant_material_evidence	plant_material_evidence=false		Viridiplantae	33090				plant-associated material	plant-associated material	
GCA_039822645.1	SAMN41325169	Rossellomorea sp. RS05	PH2A-SITE-PLANT-SAMPLE-MATERIAL	Sample_Material_SD	plant material	plant_material_evidence	plant_material_evidence=false		Viridiplantae	33090				plant-associated material	plant-associated material	bacterial culture
GCA_056831565.1	SAMN47254577	Xanthomonas citri pv. citri	PH2A-SITE-PLANT-SAMPLE-MATERIAL	Sample_Material_SD	plant material	plant_material_evidence	plant_material_evidence=false		Viridiplantae	33090				plant-associated material	plant-associated material	
GCA_015017375.1	SAMN14091727	Listeria monocytogenes	PH2A-SITE-PLANT-SAMPLE-MATERIAL	Sample_Material_SD	plant material	plant_material_evidence	plant_material_evidence=false		Aves	8782				plant-associated material	plant-associated material	drain
GCA_022533855.1	SAMN25989042	Citrobacter freundii	PH2A-HHS-PATIENT-HUMAN-CONTEXT	Host_Context_SD	human-associated	human_host_evidence	human_host_evidence=false					patient			healthcare-associated environment	hospital wastewater
GCA_021892655.1	SAMN14372658	Lactiplantibacillus plantarum	PH2A-SITE-PLANT-SAMPLE-MATERIAL	Sample_Material_SD	plant material	plant_material_evidence	plant_material_evidence=false		Viridiplantae	33090				plant-associated material	plant-associated material	
GCA_022493935.1	SAMN14134880	Herbaspirillum seropedicae	PH2A-SITE-PLANT-SAMPLE-MATERIAL	Sample_Material_SD	plant material	plant_material_evidence	plant_material_evidence=false		Viridiplantae	33090				plant-associated material	plant-associated material	
GCA_003177055.1	SAMN03761947	Sinorhizobium fredii CCBAU 25509	PH2A-SITE-PLANT-SAMPLE-MATERIAL	Sample_Material_SD	plant material	plant_material_evidence	plant_material_evidence=false		Glycine soja	3848				plant-associated material	plant-associated material	cell culture
GCA_001885845.1	SAMN03267167	Enterococcus casseliflavus	PH2A-SITE-PLANT-SAMPLE-MATERIAL	Sample_Material_SD	plant material	plant_material_evidence	plant_material_evidence=false		Viridiplantae	33090				plant-associated material	plant-associated material	
GCA_002558985.1	SAMN07597263	Bacillus cereus	PH2A-SITE-PLANT-SAMPLE-MATERIAL	Sample_Material_SD	plant material	plant_material_evidence	plant_material_evidence=false		Zea mays	4577				plant-associated material	plant-associated material	
GCA_047988525.1	SAMN45227714	Pseudomonas aeruginosa	PH2A-HHS-PATIENT-HUMAN-CONTEXT	Host_Context_SD	human-associated	human_host_evidence	human_host_evidence=false					patient			clinical/host-associated material	sink
GCA_051132075.1	SAMN18220749	Pseudomonas sp. R3-56	PH2A-SITE-PLANT-SAMPLE-MATERIAL	Sample_Material_SD	plant material	plant_material_evidence	plant_material_evidence=false		Bassia eriophora	267525				plant-associated material	plant-associated material	
GCA_057475195.1	SAMN58941104	Lactiplantibacillus plantarum	PH2A-SITE-PLANT-SAMPLE-MATERIAL	Sample_Material_SD	plant material	plant_material_evidence	plant_material_evidence=false							plant-associated material	plant-associated material	meat product
GCA_000504425.1	SAMN02401939	Rhodopseudomonas palustris JSC-3b	PH2A-SITE-PLANT-SAMPLE-MATERIAL	Sample_Material_SD	plant material	plant_material_evidence	plant_material_evidence=false		Viridiplantae	33090				plant-associated material	plant-associated material	
GCA_028765035.1	SAMN33319961	Bacillus toyonensis	PH2A-SITE-PLANT-SAMPLE-MATERIAL	Sample_Material_SD	plant material	plant_material_evidence	plant_material_evidence=false		Arthrocaulon	2116365				plant-associated material	plant-associated material	single cell
GCA_013283915.1	SAMN15053797	Bacillus altitudinis	PH2A-SITE-PLANT-SAMPLE-MATERIAL	Sample_Material_SD	plant material	plant_material_evidence	plant_material_evidence=false		Solanum tuberosum	4113				plant-associated material	plant/produce food product	cell culture
GCA_013284785.2	SAMN15009897	Bacillus velezensis	PH2A-SITE-PLANT-SAMPLE-MATERIAL	Sample_Material_SD	plant material	plant_material_evidence	plant_material_evidence=false		Viridiplantae	33090				plant-associated material	plant-associated material	
GCA_051783725.1	SAMN49740162	Musicola paradisiaca	PH2A-SITE-PLANT-SAMPLE-MATERIAL	Sample_Material_SD	plant material	plant_material_evidence	plant_material_evidence=false		Musa x paradisiaca	89151				plant-associated material	plant-associated material	
GCA_051783765.1	SAMN49740160	Dickeya undicola	PH2A-SITE-PLANT-SAMPLE-MATERIAL	Sample_Material_SD	plant material	plant_material_evidence	plant_material_evidence=false		Ipomoea batatas	4120				plant-associated material	plant-associated material	
GCA_000520875.1	SAMN02769652	Rhizobium leguminosarum bv. trifolii CB782	PH2A-SITE-PLANT-SAMPLE-MATERIAL	Sample_Material_SD	plant material	plant_material_evidence	plant_material_evidence=false		Viridiplantae	33090				plant-associated material	plant-associated material	
GCA_011587045.1	SAMN08923870	Salmonella enterica subsp. enterica serovar Bareilly	PH2A-SITE-PLANT-SAMPLE-MATERIAL	Sample_Material_SD	plant material	plant_material_evidence	plant_material_evidence=false		Bacopa monnieri	263974				plant-associated material	plant-associated material	
GCA_011801245.1	SAMN13899375	Clavibacter capsici	PH2A-SITE-PLANT-SAMPLE-MATERIAL	Sample_Material_SD	plant material	plant_material_evidence	plant_material_evidence=false		Capsicum	4071				plant-associated material	plant-associated material	cell culture
GCA_030846865.1	SAMN30207211	Cronobacter sakazakii	PH2A-SITE-PLANT-SAMPLE-MATERIAL	Sample_Material_SD	plant material	plant_material_evidence	plant_material_evidence=false							plant-associated material	plant-associated material	milk powder
GCA_045207285.1	SAMN30553196	Streptomyces sp. NBC_00715	PH2A-SITE-PLANT-SAMPLE-MATERIAL	Sample_Material_SD	plant material	plant_material_evidence	plant_material_evidence=false		Viridiplantae	33090				plant-associated material	plant-associated material	
GCA_001655615.1	SAMN03701341	Pseudomonas sp. GR 6-02	PH2A-SITE-PLANT-SAMPLE-MATERIAL	Sample_Material_SD	plant material	plant_material_evidence	plant_material_evidence=false		Artemisia princeps	223870				plant-associated material	plant-associated material	
GCA_947084855.1	SAMEA111451379	uncultured Nitrospirota bacterium	PH2A-SITE-PLANT-SAMPLE-MATERIAL	Sample_Material_SD	plant material	plant_material_evidence	plant_material_evidence=false		Viridiplantae	33090				plant-associated material	plant-associated material	
GCA_001692425.1	SAMN04901305	Agrobacterium tumefaciens	PH2A-SITE-PLANT-SAMPLE-MATERIAL	Sample_Material_SD	plant material	plant_material_evidence	plant_material_evidence=false		Leucanthemum	99071				plant-associated material	plant-associated material	
GCA_022525765.1	SAMN25988742	Citrobacter freundii	PH2A-HHS-PATIENT-HUMAN-CONTEXT	Host_Context_SD	human-associated	human_host_evidence	human_host_evidence=false					patient			healthcare-associated environment	hospital wastewater
GCA_002584765.1	SAMN07597807	Bacillus cereus	PH2A-SITE-PLANT-SAMPLE-MATERIAL	Sample_Material_SD	plant material	plant_material_evidence	plant_material_evidence=false		Viridiplantae	33090				plant-associated material	plant-associated material	cell culture
GCA_002574795.1	SAMN07598162	Priestia megaterium	PH2A-SITE-PLANT-SAMPLE-MATERIAL	Sample_Material_SD	plant material	plant_material_evidence	plant_material_evidence=false		Viridiplantae	33090				plant-associated material	plant-associated material	cell culture
GCA_002583575.1	SAMN07597788	Bacillus anthracis	PH2A-SITE-PLANT-SAMPLE-MATERIAL	Sample_Material_SD	plant material	plant_material_evidence	plant_material_evidence=false		Zea mays	4577				plant-associated material	plant-associated material	
GCA_002552505.1	SAMN07598622	Bacillus cereus	PH2A-SITE-PLANT-SAMPLE-MATERIAL	Sample_Material_SD	plant material	plant_material_evidence	plant_material_evidence=false		Viridiplantae	33090				plant-associated material	plant-associated material	cell culture
GCA_002566225.1	SAMN07598509	Bacillus cereus	PH2A-SITE-PLANT-SAMPLE-MATERIAL	Sample_Material_SD	plant material	plant_material_evidence	plant_material_evidence=false		Viridiplantae	33090				plant-associated material	plant-associated material	cell culture
GCA_000959725.1	SAMN03010439	Burkholderia gladioli	PH2A-SITE-PLANT-SAMPLE-MATERIAL	Sample_Material_SD	plant material	plant_material_evidence	plant_material_evidence=false		Viridiplantae	33090				plant-associated material	plant-associated material	
GCA_006541215.1	SAMN12082465	Enterococcus faecalis	PH2A-SITE-PLANT-SAMPLE-MATERIAL	Sample_Material_SD	plant material	plant_material_evidence	plant_material_evidence=false		Viridiplantae	33090				plant-associated material	plant-associated material	beef
GCA_054161355.1	SAMN27610215	Bacillus sp. PK3-037	PH2A-SITE-PLANT-SAMPLE-MATERIAL	Sample_Material_SD	plant material	plant_material_evidence	plant_material_evidence=false		Janochloa antidotale	3031383				plant-associated material	plant-associated material	
GCA_000214805.1	SAMN00713631	Serratia sp. AS13	PH2A-SITE-PLANT-SAMPLE-MATERIAL	Sample_Material_SD	plant material	plant_material_evidence	plant_material_evidence=false		Viridiplantae	33090				plant-associated material	plant-associated material	
GCA_001680695.1	SAMN04990187	Paenibacillus sp. KS1	PH2A-SITE-PLANT-SAMPLE-MATERIAL	Sample_Material_SD	plant material	plant_material_evidence	plant_material_evidence=false		Tillandsia usneoides	49541				plant-associated material	plant-associated material	
GCA_029768425.1	SAMN25989503	Pluralibacter gergoviae	PH2A-HHS-PATIENT-HUMAN-CONTEXT	Host_Context_SD	human-associated	human_host_evidence	human_host_evidence=false					patient			healthcare-associated environment	hospital wastewater
GCA_001529625.1	SAMN03449486	Burkholderia stagnalis	PH2A-SITE-PLANT-SAMPLE-MATERIAL	Sample_Material_SD	plant material	plant_material_evidence	plant_material_evidence=false		Viridiplantae	33090				plant-associated material	plant-associated material	
GCA_056847695.1	SAMN47254632	Xanthomonas citri pv. glycines	PH2A-SITE-PLANT-SAMPLE-MATERIAL	Sample_Material_SD	plant material	plant_material_evidence	plant_material_evidence=false		Glycine max	3847				plant-associated material	plant-associated material	
GCA_041204665.1	SAMN43024808	Saccharomonospora xinjiangensis	PH2A-SITE-PLANT-SAMPLE-MATERIAL	Sample_Material_SD	plant material	plant_material_evidence	plant_material_evidence=false		Viridiplantae	33090				plant-associated material	Picralima nitida	
GCA_056738225.1	SAMN41787759	Xanthomonas citri pv. mangiferaeindicae	PH2A-SITE-PLANT-SAMPLE-MATERIAL	Sample_Material_SD	plant material	plant_material_evidence	plant_material_evidence=false		Mangifera indica	29780				plant-associated material	plant-associated material	microbial isolate
GCA_002775915.1	SAMN07420956	Listeria monocytogenes	PH2A-SITE-PLANT-SAMPLE-MATERIAL	Sample_Material_SD	plant material	plant_material_evidence	plant_material_evidence=false							plant-associated material	plant-associated material	meat product
GCA_019083885.1	SAMN19813349	Pseudomonas viridiflava	PH2A-SITE-PLANT-SAMPLE-MATERIAL	Sample_Material_SD	plant material	plant_material_evidence	plant_material_evidence=false		Medicago sativa	3879				plant-associated material	plant-associated material	
GCA_022522885.1	SAMN25989856	Klebsiella pneumoniae	PH2A-HHS-PATIENT-HUMAN-CONTEXT	Host_Context_SD	human-associated	human_host_evidence	human_host_evidence=false					patient			healthcare-associated environment	hospital wastewater
GCA_022530265.1	SAMN25989692	Klebsiella pneumoniae	PH2A-HHS-PATIENT-HUMAN-CONTEXT	Host_Context_SD	human-associated	human_host_evidence	human_host_evidence=false					patient			healthcare-associated environment	hospital wastewater
GCA_022533695.1	SAMN25989859	Klebsiella pneumoniae	PH2A-HHS-PATIENT-HUMAN-CONTEXT	Host_Context_SD	human-associated	human_host_evidence	human_host_evidence=false					patient			healthcare-associated environment	hospital wastewater
GCA_002574955.1	SAMN07598127	Bacillus cereus	PH2A-SITE-PLANT-SAMPLE-MATERIAL	Sample_Material_SD	plant material	plant_material_evidence	plant_material_evidence=false		Viridiplantae	33090				plant-associated material	plant-associated material	cell culture
GCA_002570505.1	SAMN07598221	Bacillus thuringiensis	PH2A-SITE-PLANT-SAMPLE-MATERIAL	Sample_Material_SD	plant material	plant_material_evidence	plant_material_evidence=false		Viridiplantae	33090				plant-associated material	plant-associated material	cell culture
GCA_015016945.1	SAMN14091636	Listeria monocytogenes	PH2A-SITE-PLANT-SAMPLE-MATERIAL	Sample_Material_SD	plant material	plant_material_evidence	plant_material_evidence=false		Aves	8782				plant-associated material	plant-associated material	drain
GCA_016887965.1	SAMN17734756	Phycicoccus sonneratiae	PH2A-SITE-PLANT-SAMPLE-MATERIAL	Sample_Material_SD	plant material	plant_material_evidence	plant_material_evidence=false		Viridiplantae	33090				plant-associated material	plant-associated material	
GCA_029768585.1	SAMN25989812	Pluralibacter gergoviae	PH2A-HHS-PATIENT-HUMAN-CONTEXT	Host_Context_SD	human-associated	human_host_evidence	human_host_evidence=false					patient			healthcare-associated environment	hospital wastewater
GCA_056868425.1	SAMN47254628	Xanthomonas citri pv. glycines	PH2A-SITE-PLANT-SAMPLE-MATERIAL	Sample_Material_SD	plant material	plant_material_evidence	plant_material_evidence=false		Glycine max	3847				plant-associated material	plant-associated material	
GCA_009725115.1	SAMN13338516	Paenibacillus validus	PH2A-SITE-PLANT-SAMPLE-MATERIAL	Sample_Material_SD	plant material	plant_material_evidence	plant_material_evidence=false		Viridiplantae	33090				plant-associated material	plant-associated material	single cell
GCA_016735675.1	SAMN17222296	Nocardioides baculatus	PH2A-SITE-PLANT-SAMPLE-MATERIAL	Sample_Material_SD	plant material	plant_material_evidence	plant_material_evidence=false		Viridiplantae	33090				plant-associated material	plant-associated material	
GCA_051132185.1	SAMN18220736	Pseudomonas sp. D2-30	PH2A-SITE-PLANT-SAMPLE-MATERIAL	Sample_Material_SD	plant material	plant_material_evidence	plant_material_evidence=false		Plantago cretica	197801				plant-associated material	plant-associated material	
GCA_002700065.1	SAMN04092612	Pseudomonas syringae pv. cerasicola	PH2A-SITE-PLANT-SAMPLE-MATERIAL	Sample_Material_SD	plant material	plant_material_evidence	plant_material_evidence=false		Viridiplantae	33090				plant-associated material	plant-associated material	
GCA_021893415.1	SAMN14372622	Lactiplantibacillus plantarum	PH2A-SITE-PLANT-SAMPLE-MATERIAL	Sample_Material_SD	plant material	plant_material_evidence	plant_material_evidence=false		Viridiplantae	33090				plant-associated material	plant-associated material	
GCA_047978625.1	SAMN45227939	Pseudomonas aeruginosa	PH2A-HHS-PATIENT-HUMAN-CONTEXT	Host_Context_SD	human-associated	human_host_evidence	human_host_evidence=false					patient			clinical/host-associated material	sink
GCA_047984085.1	SAMN45227866	Pseudomonas aeruginosa	PH2A-HHS-PATIENT-HUMAN-CONTEXT	Host_Context_SD	human-associated	human_host_evidence	human_host_evidence=false					patient			clinical/host-associated material	sink
GCA_047985225.1	SAMN45227819	Pseudomonas aeruginosa	PH2A-HHS-PATIENT-HUMAN-CONTEXT	Host_Context_SD	human-associated	human_host_evidence	human_host_evidence=false					patient			clinical/host-associated material	sink
GCA_047985865.1	SAMN45227803	Pseudomonas aeruginosa	PH2A-HHS-PATIENT-HUMAN-CONTEXT	Host_Context_SD	human-associated	human_host_evidence	human_host_evidence=false					patient			clinical/host-associated material	sink
GCA_000633355.1	SAMN02729856	Serratia sp. H1w	PH2A-SITE-PLANT-SAMPLE-MATERIAL	Sample_Material_SD	plant material	plant_material_evidence	plant_material_evidence=false		Viridiplantae	33090				plant-associated material	plant-associated material	
GCA_006757705.1	SAMN12143022	Agrobacterium tumefaciens	PH2A-SITE-PLANT-SAMPLE-MATERIAL	Sample_Material_SD	plant material	plant_material_evidence	plant_material_evidence=false		Viridiplantae	33090				plant-associated material	plant-associated material	pure/single culture
GCA_053567005.1	SAMN27610236	Phyllobacteriaceae bacterium JZ32	PH2A-SITE-PLANT-SAMPLE-MATERIAL	Sample_Material_SD	plant material	plant_material_evidence	plant_material_evidence=false		Euphorbia granulata	1046465				plant-associated material	plant-associated material	
GCA_014604455.1	SAMN03945250	Pectobacterium carotovorum subsp. carotovorum	PH2A-SITE-PLANT-SAMPLE-MATERIAL	Sample_Material_SD	plant material	plant_material_evidence	plant_material_evidence=false		Solanum tuberosum	4113				plant-associated material	plant/produce food product	pure/single culture
GCA_022532625.1	SAMN25988989	Citrobacter freundii	PH2A-HHS-PATIENT-HUMAN-CONTEXT	Host_Context_SD	human-associated	human_host_evidence	human_host_evidence=false					patient			healthcare-associated environment	hospital wastewater
GCA_045161735.1	SAMN24016275	Streptomyces sp. NBC_00726	PH2A-SITE-PLANT-SAMPLE-MATERIAL	Sample_Material_SD	plant material	plant_material_evidence	plant_material_evidence=false		Viridiplantae	33090				plant-associated material	plant-associated material	
GCA_051913965.1	SAMN41787746	Xanthomonas citri pv. mangiferaeindicae	PH2A-SITE-PLANT-SAMPLE-MATERIAL	Sample_Material_SD	plant material	plant_material_evidence	plant_material_evidence=false		Mangifera indica	29780				plant-associated material	plant-associated material	microbial isolate
GCA_022528925.1	SAMN25989188	Klebsiella pneumoniae	PH2A-HHS-PATIENT-HUMAN-CONTEXT	Host_Context_SD	human-associated	human_host_evidence	human_host_evidence=false					patient			healthcare-associated environment	hospital wastewater
GCA_022530025.1	SAMN25989753	Klebsiella pneumoniae	PH2A-HHS-PATIENT-HUMAN-CONTEXT	Host_Context_SD	human-associated	human_host_evidence	human_host_evidence=false					patient			healthcare-associated environment	hospital wastewater
GCA_017969025.1	SAMN12730704	Streptomyces scabiei	PH2A-SITE-PLANT-SAMPLE-MATERIAL	Sample_Material_SD	plant material	plant_material_evidence	plant_material_evidence=false		Solanum tuberosum	4113				plant-associated material	plant-associated material	
GCA_947085345.1	SAMEA111451360	uncultured Gammaproteobacteria bacterium	PH2A-SITE-PLANT-SAMPLE-MATERIAL	Sample_Material_SD	plant material	plant_material_evidence	plant_material_evidence=false		Viridiplantae	33090				plant-associated material	plant-associated material	
GCA_947085625.1	SAMEA111451353	uncultured Gallionellaceae bacterium	PH2A-SITE-PLANT-SAMPLE-MATERIAL	Sample_Material_SD	plant material	plant_material_evidence	plant_material_evidence=false		Viridiplantae	33090				plant-associated material	plant-associated material	
GCA_964384315.1	SAMEA117375479	uncultured Rhodobacterales bacterium	PH2A-SITE-PLANT-SAMPLE-MATERIAL	Sample_Material_SD	plant material	plant_material_evidence	plant_material_evidence=false		Viridiplantae	33090				plant-associated material		
GCA_019056595.1	SAMN08956844	Pectobacterium atrosepticum	PH2A-SITE-PLANT-SAMPLE-MATERIAL	Sample_Material_SD	plant material	plant_material_evidence	plant_material_evidence=false		Solanum tuberosum	4113				plant-associated material	plant-associated material	
GCA_021893225.1	SAMN14372633	Lactiplantibacillus plantarum	PH2A-SITE-PLANT-SAMPLE-MATERIAL	Sample_Material_SD	plant material	plant_material_evidence	plant_material_evidence=false		Viridiplantae	33090				plant-associated material	plant-associated material	
GCA_022813115.1	SAMN27063243	Paenibacillus polymyxa	PH2A-SITE-PLANT-SAMPLE-MATERIAL	Sample_Material_SD	plant material	plant_material_evidence	plant_material_evidence=false		Sporobolus airoides	65992				plant-associated material	plant-associated material	
GCA_001692325.1	SAMN04901294	Rhizobium sp. AC27/96	PH2A-SITE-PLANT-SAMPLE-MATERIAL	Sample_Material_SD	plant material	plant_material_evidence	plant_material_evidence=false		Viridiplantae	33090				plant-associated material	plant-associated material	
GCA_040644255.1	SAMN41495928	Streptomyces populi	PH2A-SITE-PLANT-SAMPLE-MATERIAL	Sample_Material_SD	plant material	plant_material_evidence	plant_material_evidence=false		Viridiplantae	33090				plant-associated material	plant-associated material	
GCA_053903055.1	SAMN27610247	Pseudomonas sp. AK106	PH2A-SITE-PLANT-SAMPLE-MATERIAL	Sample_Material_SD	plant material	plant_material_evidence	plant_material_evidence=false		Avicennia marina	82927				plant-associated material	plant-associated material	
GCA_022602085.1	SAMN26199816	Rosenbergiella collisarenosi	PH2A-SITE-PLANT-SAMPLE-MATERIAL	Sample_Material_SD	plant material	plant_material_evidence	plant_material_evidence=false		Buddleja davidii	28540				plant-associated material	plant-associated material	
GCA_000633495.1	SAMN02729854	Pseudomonas aeruginosa H1l	PH2A-SITE-PLANT-SAMPLE-MATERIAL	Sample_Material_SD	plant material	plant_material_evidence	plant_material_evidence=false		Viridiplantae	33090				plant-associated material	plant-associated material	
GCA_000410335.1	SAMN02469703	Lacticaseibacillus paracasei subsp. tolerans Lpl14	PH2A-SITE-PLANT-SAMPLE-MATERIAL	Sample_Material_SD	plant material	plant_material_evidence	plant_material_evidence=false		Viridiplantae	33090				plant-associated material	plant-associated material	
GCA_001183915.1	SAMN03651169	Geobacillus stearothermophilus	PH2A-SITE-PLANT-SAMPLE-MATERIAL	Sample_Material_SD	plant material	plant_material_evidence	plant_material_evidence=false		Viridiplantae	33090				plant-associated material	plant-associated material	cell culture
GCA_001043515.1	SAMN03392477	Bacillus sp. LK7	PH2A-SITE-PLANT-SAMPLE-MATERIAL	Sample_Material_SD	plant material	plant_material_evidence	plant_material_evidence=false		Viridiplantae	33090				plant-associated material	plant-associated material	
GCA_057178265.1	SAMN57485286	Bacillus halotolerans	PH2A-SITE-PLANT-SAMPLE-MATERIAL	Sample_Material_SD	plant material	plant_material_evidence	plant_material_evidence=false		Triticum aestivum	4565				plant-associated material	plant-associated material	
GCA_056850405.1	SAMN47254640	Xanthomonas citri pv. glycines	PH2A-SITE-PLANT-SAMPLE-MATERIAL	Sample_Material_SD	plant material	plant_material_evidence	plant_material_evidence=false		Glycine max	3847				plant-associated material	plant-associated material	
GCA_056867735.1	SAMN47254587	Xanthomonas citri pv. citri	PH2A-SITE-PLANT-SAMPLE-MATERIAL	Sample_Material_SD	plant material	plant_material_evidence	plant_material_evidence=false		Citrus	2706				plant-associated material	plant-associated material	
GCA_057321285.1	SAMN57446810	Bacillus halotolerans	PH2A-SITE-PLANT-SAMPLE-MATERIAL	Sample_Material_SD	plant material	plant_material_evidence	plant_material_evidence=false		Medicago sativa	3879				plant-associated material	plant-associated material	
GCA_050626965.1	SAMN47300700	Pseudomonas siliginis	PH2A-SITE-PLANT-SAMPLE-MATERIAL	Sample_Material_SD	plant material	plant_material_evidence	plant_material_evidence=false		Pisum sativum	3888				plant-associated material	plant-associated material	
GCA_022819165.1	SAMN13156565	Klebsiella sp. HSTU-Sny5	PH2A-SITE-PLANT-SAMPLE-MATERIAL	Sample_Material_SD	plant material	plant_material_evidence	plant_material_evidence=false		Solanum lycopersicum	4081				plant-associated material	plant-associated material	
GCA_022522345.1	SAMN25989260	Klebsiella pneumoniae	PH2A-HHS-PATIENT-HUMAN-CONTEXT	Host_Context_SD	human-associated	human_host_evidence	human_host_evidence=false					patient			healthcare-associated environment	hospital wastewater
GCA_022519545.1	SAMN25988449	Klebsiella pneumoniae	PH2A-HHS-PATIENT-HUMAN-CONTEXT	Host_Context_SD	human-associated	human_host_evidence	human_host_evidence=false					patient			healthcare-associated environment	hospital wastewater
GCA_022520925.1	SAMN25989891	Klebsiella pneumoniae	PH2A-HHS-PATIENT-HUMAN-CONTEXT	Host_Context_SD	human-associated	human_host_evidence	human_host_evidence=false					patient			healthcare-associated environment	hospital wastewater
GCA_022521045.1	SAMN25989116	Klebsiella pneumoniae	PH2A-HHS-PATIENT-HUMAN-CONTEXT	Host_Context_SD	human-associated	human_host_evidence	human_host_evidence=false					patient			healthcare-associated environment	hospital wastewater
GCA_022523425.1	SAMN25989653	Klebsiella pneumoniae	PH2A-HHS-PATIENT-HUMAN-CONTEXT	Host_Context_SD	human-associated	human_host_evidence	human_host_evidence=false					patient			healthcare-associated environment	hospital wastewater
GCA_022527705.1	SAMN25988641	Klebsiella pneumoniae	PH2A-HHS-PATIENT-HUMAN-CONTEXT	Host_Context_SD	human-associated	human_host_evidence	human_host_evidence=false					patient			healthcare-associated environment	hospital wastewater
GCA_022529285.1	SAMN25989997	Klebsiella pneumoniae	PH2A-HHS-PATIENT-HUMAN-CONTEXT	Host_Context_SD	human-associated	human_host_evidence	human_host_evidence=false					patient			healthcare-associated environment	hospital wastewater
GCA_022536515.1	SAMN25988855	Klebsiella pneumoniae	PH2A-HHS-PATIENT-HUMAN-CONTEXT	Host_Context_SD	human-associated	human_host_evidence	human_host_evidence=false					patient			healthcare-associated environment	hospital wastewater
GCA_022536775.1	SAMN25988519	Klebsiella pneumoniae	PH2A-HHS-PATIENT-HUMAN-CONTEXT	Host_Context_SD	human-associated	human_host_evidence	human_host_evidence=false					patient			healthcare-associated environment	hospital wastewater
GCA_055385345.1	SAMD01706282	Pseudomonas syringae	PH2A-SITE-PLANT-SAMPLE-MATERIAL	Sample_Material_SD	plant material	plant_material_evidence	plant_material_evidence=false		Brassica oleracea	3712				plant-associated material	plant-associated material	
GCA_000764875.2	SAMN03097370	Xanthomonas citri pv. fuscans	PH2A-SITE-PLANT-SAMPLE-MATERIAL	Sample_Material_SD	plant material	plant_material_evidence	plant_material_evidence=false		Phaseolus vulgaris	3885				plant-associated material	plant-associated material	
GCA_002570205.1	SAMN07598360	Bacillus toyonensis	PH2A-SITE-PLANT-SAMPLE-MATERIAL	Sample_Material_SD	plant material	plant_material_evidence	plant_material_evidence=false		Viridiplantae	33090				plant-associated material	plant-associated material	cell culture
GCA_002559605.1	SAMN07597620	Bacillus anthracis	PH2A-SITE-PLANT-SAMPLE-MATERIAL	Sample_Material_SD	plant material	plant_material_evidence	plant_material_evidence=false		Viridiplantae	33090				plant-associated material	plant-associated material	cell culture
GCA_025193525.1	SAMN10365366	Lactobacillus delbrueckii	PH2A-SITE-PLANT-SAMPLE-MATERIAL	Sample_Material_SD	plant material	plant_material_evidence	plant_material_evidence=false		Viridiplantae	33090				plant-associated material	plant-associated material	
GCA_056850335.1	SAMN47254637	Xanthomonas citri pv. glycines	PH2A-SITE-PLANT-SAMPLE-MATERIAL	Sample_Material_SD	plant material	plant_material_evidence	plant_material_evidence=false		Glycine max	3847				plant-associated material	plant-associated material	
GCA_900446975.1	SAMEA3443778	Citrobacter koseri	PH2A-SITE-PLANT-SAMPLE-MATERIAL	Sample_Material_SD	plant material	plant_material_evidence	plant_material_evidence=false		Viridiplantae	33090				plant-associated material	plant-associated material	
GCA_030847215.1	SAMN30207195	Cronobacter sakazakii	PH2A-SITE-PLANT-SAMPLE-MATERIAL	Sample_Material_SD	plant material	plant_material_evidence	plant_material_evidence=false							plant-associated material	plant-associated material	milk powder
GCA_018604405.1	SAMN19267609	Pseudomonas syringae	PH2A-SITE-PLANT-SAMPLE-MATERIAL	Sample_Material_SD	plant material	plant_material_evidence	plant_material_evidence=false		Medicago sativa	3879				plant-associated material	plant-associated material	
GCA_039669365.1	SAMN40017558	Listeria monocytogenes	PH2A-SITE-PLANT-SAMPLE-MATERIAL	Sample_Material_SD	plant material	plant_material_evidence	plant_material_evidence=false		Viridiplantae	33090				plant-associated material	plant-associated material	
GCA_047983825.1	SAMN45227873	Pseudomonas aeruginosa	PH2A-HHS-PATIENT-HUMAN-CONTEXT	Host_Context_SD	human-associated	human_host_evidence	human_host_evidence=false					patient			clinical/host-associated material	sink
GCA_047984485.1	SAMN45227846	Pseudomonas aeruginosa	PH2A-HHS-PATIENT-HUMAN-CONTEXT	Host_Context_SD	human-associated	human_host_evidence	human_host_evidence=false					patient			clinical/host-associated material	sink
GCA_057005475.1	SAMN57153614	Pseudomonas sp. XSS6	PH2A-SITE-PLANT-SAMPLE-MATERIAL	Sample_Material_SD	plant material	plant_material_evidence	plant_material_evidence=false		Viridiplantae	33090				plant-associated material	plant-associated material	
GCA_022520185.1	SAMN25989311	Klebsiella pneumoniae	PH2A-HHS-PATIENT-HUMAN-CONTEXT	Host_Context_SD	human-associated	human_host_evidence	human_host_evidence=false					patient			healthcare-associated environment	hospital wastewater
GCA_022529965.1	SAMN25988812	Klebsiella pneumoniae	PH2A-HHS-PATIENT-HUMAN-CONTEXT	Host_Context_SD	human-associated	human_host_evidence	human_host_evidence=false					patient			healthcare-associated environment	hospital wastewater
GCA_015022335.1	SAMN14091616	Listeria monocytogenes	PH2A-SITE-PLANT-SAMPLE-MATERIAL	Sample_Material_SD	plant material	plant_material_evidence	plant_material_evidence=false		Aves	8782				plant-associated material	plant-associated material	drain
GCA_015023235.1	SAMN14091624	Listeria monocytogenes	PH2A-SITE-PLANT-SAMPLE-MATERIAL	Sample_Material_SD	plant material	plant_material_evidence	plant_material_evidence=false		Aves	8782				plant-associated material	plant-associated material	drain
GCA_020093345.1	SAMN21169190	Pseudomonas fluorescens group sp.	PH2A-SITE-PLANT-SAMPLE-MATERIAL	Sample_Material_SD	plant material	plant_material_evidence	plant_material_evidence=false		Sugar beet	3555				plant-associated material	plant-associated material	
GCA_018854195.1	SAMN14556001	Acidithiobacillus caldus	PH2A-SITE-PLANT-SAMPLE-MATERIAL	Sample_Material_SD	plant material	plant_material_evidence	plant_material_evidence=false		Viridiplantae	33090				plant-associated material	plant-associated material	
GCA_947084975.1	SAMEA111451341	uncultured Comamonadaceae bacterium	PH2A-SITE-PLANT-SAMPLE-MATERIAL	Sample_Material_SD	plant material	plant_material_evidence	plant_material_evidence=false		Viridiplantae	33090				plant-associated material	plant-associated material	
GCA_002565575.1	SAMN07598485	Bacillus cereus	PH2A-SITE-PLANT-SAMPLE-MATERIAL	Sample_Material_SD	plant material	plant_material_evidence	plant_material_evidence=false		Viridiplantae	33090				plant-associated material	plant-associated material	cell culture
GCA_003261015.1	SAMN09428740	Agrobacterium sp. MS2	PH2A-SITE-PLANT-SAMPLE-MATERIAL	Sample_Material_SD	plant material	plant_material_evidence	plant_material_evidence=false		Viridiplantae	33090				plant-associated material	plant-associated material	
GCA_002151065.1	SAMN05439582	Clavibacter michiganensis subsp. michiganensis	PH2A-SITE-PLANT-SAMPLE-MATERIAL	Sample_Material_SD	plant material	plant_material_evidence	plant_material_evidence=false		Solanum lycopersicum	4081				plant-associated material	plant-associated material	
GCA_012648205.1	SAMN14479758	Bacillus subtilis subsp. subtilis	PH2A-SITE-PLANT-SAMPLE-MATERIAL	Sample_Material_SD	plant material	plant_material_evidence	plant_material_evidence=false		Viridiplantae	33090				plant-associated material	plant-associated material	bacterial culture
GCA_013205125.1	SAMN14988424	Bacillus stratosphericus	PH2A-SITE-PLANT-SAMPLE-MATERIAL	Sample_Material_SD	plant material	plant_material_evidence	plant_material_evidence=false		Selenicereus undatus	176265				plant-associated material	plant-associated material	
GCA_003181115.1	SAMN09083457	'Brassica napus' phytoplasma	PH2A-SITE-PLANT-SAMPLE-MATERIAL	Sample_Material_SD	plant material	plant_material_evidence	plant_material_evidence=false		Brassica napus	3708				plant-associated material	plant-associated material	tissue
GCA_001696855.1	SAMN04216071	Ralstonia solanacearum	PH2A-SITE-PLANT-SAMPLE-MATERIAL	Sample_Material_SD	plant material	plant_material_evidence	plant_material_evidence=false		Solanum tuberosum	4113		symptomatic		plant-associated material	plant/produce food product	potato
GCA_005930355.1	SAMN11877707	Paenibacillus sinopodophylli	PH2A-SITE-PLANT-SAMPLE-MATERIAL	Sample_Material_SD	plant material	plant_material_evidence	plant_material_evidence=false		Viridiplantae	33090				plant-associated material	plant-associated material	
GCA_053901405.1	SAMN53526168	Xylella fastidiosa subsp. multiplex	PH2A-SITE-PLANT-SAMPLE-MATERIAL	Sample_Material_SD	plant material	plant_material_evidence	plant_material_evidence=false		Prunus sp.	2942660				plant-associated material	plant-associated material	cell culture
GCA_015018835.1	SAMN14091657	Listeria monocytogenes	PH2A-SITE-PLANT-SAMPLE-MATERIAL	Sample_Material_SD	plant material	plant_material_evidence	plant_material_evidence=false							plant-associated material	plant-associated material	
GCA_018587945.1	SAMN19026552	Pseudomonas sp. VS38	PH2A-SITE-PLANT-SAMPLE-MATERIAL	Sample_Material_SD	plant material	plant_material_evidence	plant_material_evidence=false		Hedera helix	4052				plant-associated material	plant-associated material	
GCA_024413515.1	SAMN29489344	Pseudomonas savastanoi	PH2A-SITE-PLANT-SAMPLE-MATERIAL	Sample_Material_SD	plant material	plant_material_evidence	plant_material_evidence=false		Viridiplantae	33090				plant-associated material	plant-associated material	
GCA_051132055.1	SAMN18220752	Pseudomonas sp. R4-75	PH2A-SITE-PLANT-SAMPLE-MATERIAL	Sample_Material_SD	plant material	plant_material_evidence	plant_material_evidence=false		Ifloga spicata	702251				plant-associated material	plant-associated material	
GCA_023521595.1	SAMN08362827	Bacillus subtilis	PH2A-SITE-PLANT-SAMPLE-MATERIAL	Sample_Material_SD	plant material	plant_material_evidence	plant_material_evidence=false		Tribulus terrestris	210369				plant-associated material	plant-associated material	
GCA_947085255.1	SAMEA111451309	uncultured bacterium	PH2A-SITE-PLANT-SAMPLE-MATERIAL	Sample_Material_SD	plant material	plant_material_evidence	plant_material_evidence=false		Viridiplantae	33090				plant-associated material	plant-associated material	
GCA_002564915.1	SAMN07598457	Bacillus cereus	PH2A-SITE-PLANT-SAMPLE-MATERIAL	Sample_Material_SD	plant material	plant_material_evidence	plant_material_evidence=false		Viridiplantae	33090				plant-associated material	plant-associated material	cell culture
GCA_017968965.1	SAMN12730709	Streptomyces scabiei	PH2A-SITE-PLANT-SAMPLE-MATERIAL	Sample_Material_SD	plant material	plant_material_evidence	plant_material_evidence=false		Solanum tuberosum	4113				plant-associated material	plant-associated material	
GCA_040741485.1	SAMN42162383	Erwinia papayae	PH2A-SITE-PLANT-SAMPLE-MATERIAL	Sample_Material_SD	plant material	plant_material_evidence	plant_material_evidence=false		Carica papaya	3649				plant-associated material	plant-associated material	
GCA_029712845.1	SAMN14148614	Bacillus cereus	PH2A-SITE-PLANT-SAMPLE-MATERIAL	Sample_Material_SD	plant material	plant_material_evidence	plant_material_evidence=false		Felis catus	9685				plant-associated material	plant-associated material	
GCA_030847145.1	SAMN30207196	Cronobacter sakazakii	PH2A-SITE-PLANT-SAMPLE-MATERIAL	Sample_Material_SD	plant material	plant_material_evidence	plant_material_evidence=false							plant-associated material	plant-associated material	milk powder
GCA_015017315.1	SAMN14091628	Listeria monocytogenes	PH2A-SITE-PLANT-SAMPLE-MATERIAL	Sample_Material_SD	plant material	plant_material_evidence	plant_material_evidence=false		Aves	8782				plant-associated material	plant-associated material	
GCA_056867835.1	SAMN47254611	Xanthomonas citri pv. fuscans	PH2A-SITE-PLANT-SAMPLE-MATERIAL	Sample_Material_SD	plant material	plant_material_evidence	plant_material_evidence=false		Phaseolus vulgaris	3885				plant-associated material	plant-associated material	
GCA_057180665.1	SAMN57469387	Serratia sp. Sp408	PH2A-SITE-PLANT-SAMPLE-MATERIAL	Sample_Material_SD	plant material	plant_material_evidence	plant_material_evidence=false		Medicago sativa	3879				plant-associated material	plant-associated material	
GCA_022521265.1	SAMN25988572	Citrobacter freundii	PH2A-HHS-PATIENT-HUMAN-CONTEXT	Host_Context_SD	human-associated	human_host_evidence	human_host_evidence=false					patient			healthcare-associated environment	hospital wastewater
GCA_022534135.1	SAMN25988897	Citrobacter freundii	PH2A-HHS-PATIENT-HUMAN-CONTEXT	Host_Context_SD	human-associated	human_host_evidence	human_host_evidence=false					patient			healthcare-associated environment	hospital wastewater
GCA_036345135.1	SAMN30553143	Streptomyces griseorubiginosus	PH2A-SITE-PLANT-SAMPLE-MATERIAL	Sample_Material_SD	plant material	plant_material_evidence	plant_material_evidence=false		Viridiplantae	33090				plant-associated material	plant-associated material	
GCA_051040545.1	SAMN37308742	Clavibacter michiganensis	PH2A-SITE-PLANT-SAMPLE-MATERIAL	Sample_Material_SD	plant material	plant_material_evidence	plant_material_evidence=false		Solanum lycopersicum	4081				plant-associated material	plant-associated material	cell culture
GCA_947084945.1	SAMEA111451364	uncultured Ignavibacteria bacterium	PH2A-SITE-PLANT-SAMPLE-MATERIAL	Sample_Material_SD	plant material	plant_material_evidence	plant_material_evidence=false		Viridiplantae	33090				plant-associated material	plant-associated material	
GCA_002566545.1	SAMN07598447	Bacillus thuringiensis	PH2A-SITE-PLANT-SAMPLE-MATERIAL	Sample_Material_SD	plant material	plant_material_evidence	plant_material_evidence=false		Viridiplantae	33090				plant-associated material	plant-associated material	
GCA_034653295.1	SAMN38498977	Erythrobacter sp. T5W1-R	PH2A-SITE-PLANT-SAMPLE-MATERIAL	Sample_Material_SD	plant material	plant_material_evidence	plant_material_evidence=false		Viridiplantae	33090				plant-associated material	plant-associated material	culture
GCA_002561115.1	SAMN07597472	Bacillus cereus	PH2A-SITE-PLANT-SAMPLE-MATERIAL	Sample_Material_SD	plant material	plant_material_evidence	plant_material_evidence=false		Viridiplantae	33090				plant-associated material	plant-associated material	cell culture
GCA_008808015.1	SAMN12794366	Bacillus amyloliquefaciens	PH2A-SITE-PLANT-SAMPLE-MATERIAL	Sample_Material_SD	plant material	plant_material_evidence	plant_material_evidence=false		Vitis vinifera	29760				plant-associated material	plant-associated material	cell culture
GCA_000473485.1	SAMN02440719	Burkholderia cepacia ATCC 25416	PH2A-SITE-PLANT-SAMPLE-MATERIAL	Sample_Material_SD	plant material	plant_material_evidence	plant_material_evidence=false		Allium cepa	4679				plant-associated material	plant-associated material	
GCA_013284475.1	SAMN15006543	Bacillus velezensis	PH2A-SITE-PLANT-SAMPLE-MATERIAL	Sample_Material_SD	plant material	plant_material_evidence	plant_material_evidence=false		Citrus sinensis	2711				plant-associated material	plant-associated material	
GCA_002155245.1	SAMN02469793	Ralstonia solanacearum FJAT-91	PH2A-SITE-PLANT-SAMPLE-MATERIAL	Sample_Material_SD	plant material	plant_material_evidence	plant_material_evidence=false		Solanum lycopersicum	4081		healthy	healthy/no disease reported	plant-associated material	plant-associated material	
GCA_011801225.1	SAMN13899376	Clavibacter capsici	PH2A-SITE-PLANT-SAMPLE-MATERIAL	Sample_Material_SD	plant material	plant_material_evidence	plant_material_evidence=false		Capsicum	4071				plant-associated material	plant-associated material	cell culture
GCA_015018735.1	SAMN14091645	Listeria monocytogenes	PH2A-SITE-PLANT-SAMPLE-MATERIAL	Sample_Material_SD	plant material	plant_material_evidence	plant_material_evidence=false		Aves	8782				plant-associated material	plant-associated material	drain
GCA_054161335.1	SAMN27610199	Paenibacillus sp. Z6-24	PH2A-SITE-PLANT-SAMPLE-MATERIAL	Sample_Material_SD	plant material	plant_material_evidence	plant_material_evidence=false		Erodium acaule	337346				plant-associated material	plant-associated material	
GCA_054161455.1	SAMN27610231	Bacillus sp. PK6-026	PH2A-SITE-PLANT-SAMPLE-MATERIAL	Sample_Material_SD	plant material	plant_material_evidence	plant_material_evidence=false		Tetraena simplex	2499693				plant-associated material	plant-associated material	
GCA_001696865.1	SAMN04216070	Ralstonia solanacearum	PH2A-SITE-PLANT-SAMPLE-MATERIAL	Sample_Material_SD	plant material	plant_material_evidence	plant_material_evidence=false		Solanum tuberosum	4113		symptomatic		plant-associated material	plant/produce food product	potato
GCA_029686145.1	SAMN25988713	Enterobacter asburiae	PH2A-HHS-PATIENT-HUMAN-CONTEXT	Host_Context_SD	human-associated	human_host_evidence	human_host_evidence=false					patient			healthcare-associated environment	hospital wastewater
GCA_022518385.1	SAMN25989334	Citrobacter freundii	PH2A-HHS-PATIENT-HUMAN-CONTEXT	Host_Context_SD	human-associated	human_host_evidence	human_host_evidence=false					patient			healthcare-associated environment	hospital wastewater
GCA_022529475.1	SAMN25989016	Klebsiella pneumoniae	PH2A-HHS-PATIENT-HUMAN-CONTEXT	Host_Context_SD	human-associated	human_host_evidence	human_host_evidence=false					patient			healthcare-associated environment	hospital wastewater
GCA_022531465.1	SAMN25988428	Klebsiella pneumoniae	PH2A-HHS-PATIENT-HUMAN-CONTEXT	Host_Context_SD	human-associated	human_host_evidence	human_host_evidence=false					patient			healthcare-associated environment	hospital wastewater
GCA_022531525.1	SAMN25989333	Klebsiella pneumoniae	PH2A-HHS-PATIENT-HUMAN-CONTEXT	Host_Context_SD	human-associated	human_host_evidence	human_host_evidence=false					patient			healthcare-associated environment	hospital wastewater
GCA_022535795.1	SAMN25989644	Klebsiella pneumoniae	PH2A-HHS-PATIENT-HUMAN-CONTEXT	Host_Context_SD	human-associated	human_host_evidence	human_host_evidence=false					patient			healthcare-associated environment	hospital wastewater
GCA_053834245.1	SAMEA120398607	Klebsiella pneumoniae	PH2A-HHS-PATIENT-HUMAN-CONTEXT	Host_Context_SD	human-associated	human_host_evidence	human_host_evidence=false					patient			clinical/host-associated material	drain
GCA_053834425.1	SAMEA120398535	Escherichia coli	PH2A-HHS-PATIENT-HUMAN-CONTEXT	Host_Context_SD	human-associated	human_host_evidence	human_host_evidence=false					patient			clinical/host-associated material	drain
GCA_053834505.1	SAMEA120398518	Escherichia coli	PH2A-HHS-PATIENT-HUMAN-CONTEXT	Host_Context_SD	human-associated	human_host_evidence	human_host_evidence=false					patient			clinical/host-associated material	drain
GCA_000764535.1	SAMN03078686	Sphingomonas taxi	PH2A-SITE-PLANT-SAMPLE-MATERIAL	Sample_Material_SD	plant material	plant_material_evidence	plant_material_evidence=false		Viridiplantae	33090				plant-associated material	plant-associated material	
GCA_002556435.1	SAMN07597240	Bacillus toyonensis	PH2A-SITE-PLANT-SAMPLE-MATERIAL	Sample_Material_SD	plant material	plant_material_evidence	plant_material_evidence=false		Viridiplantae	33090				plant-associated material	plant-associated material	
GCA_002558555.1	SAMN07597304	Bacillus thuringiensis	PH2A-SITE-PLANT-SAMPLE-MATERIAL	Sample_Material_SD	plant material	plant_material_evidence	plant_material_evidence=false		Viridiplantae	33090				plant-associated material	plant-associated material	
GCA_002568385.1	SAMN07598301	Bacillus thuringiensis	PH2A-SITE-PLANT-SAMPLE-MATERIAL	Sample_Material_SD	plant material	plant_material_evidence	plant_material_evidence=false		Viridiplantae	33090				plant-associated material	plant-associated material	cell culture
GCA_015014295.1	SAMN15486404	Listeria monocytogenes	PH2A-SITE-PLANT-SAMPLE-MATERIAL	Sample_Material_SD	plant material	plant_material_evidence	plant_material_evidence=false		Aves	8782				plant-associated material	plant-associated material	drain
GCA_015018255.1	SAMN14091651	Listeria monocytogenes	PH2A-SITE-PLANT-SAMPLE-MATERIAL	Sample_Material_SD	plant material	plant_material_evidence	plant_material_evidence=false		Aves	8782				plant-associated material	plant-associated material	drain
GCA_022520705.1	SAMN25989161	Citrobacter freundii	PH2A-HHS-PATIENT-HUMAN-CONTEXT	Host_Context_SD	human-associated	human_host_evidence	human_host_evidence=false					patient			healthcare-associated environment	hospital wastewater
GCA_022531705.1	SAMN25989239	Citrobacter freundii	PH2A-HHS-PATIENT-HUMAN-CONTEXT	Host_Context_SD	human-associated	human_host_evidence	human_host_evidence=false					patient			healthcare-associated environment	hospital wastewater
GCA_053748375.1	SAMN52904159	Patulibacter sp. S7RM1-6	PH2A-SITE-PLANT-SAMPLE-MATERIAL	Sample_Material_SD	plant material	plant_material_evidence	plant_material_evidence=false		Viridiplantae	33090				plant-associated material	plant-associated material	culture
GCA_015014475.1	SAMN14091715	Listeria monocytogenes	PH2A-SITE-PLANT-SAMPLE-MATERIAL	Sample_Material_SD	plant material	plant_material_evidence	plant_material_evidence=false		Aves	8782				plant-associated material	plant-associated material	drain
GCA_023477385.1	SAMN20568455	Salmonella enterica subsp. enterica serovar Dublin	PH2A-SITE-PLANT-SAMPLE-MATERIAL	Sample_Material_SD	plant material	plant_material_evidence	plant_material_evidence=false		Viridiplantae	33090				plant-associated material	plant-associated material	
GCA_002699945.1	SAMN04092613	Pseudomonas syringae pv. cerasicola	PH2A-SITE-PLANT-SAMPLE-MATERIAL	Sample_Material_SD	plant material	plant_material_evidence	plant_material_evidence=false		Viridiplantae	33090				plant-associated material	plant-associated material	
GCA_015017175.1	SAMN14091709	Listeria monocytogenes	PH2A-SITE-PLANT-SAMPLE-MATERIAL	Sample_Material_SD	plant material	plant_material_evidence	plant_material_evidence=false							plant-associated material	plant-associated material	
GCA_015017575.1	SAMN14091705	Listeria monocytogenes	PH2A-SITE-PLANT-SAMPLE-MATERIAL	Sample_Material_SD	plant material	plant_material_evidence	plant_material_evidence=false							plant-associated material	plant-associated material	
GCA_020556905.1	SAMN16124479	Enterococcus faecium	PH2A-HHS-PATIENT-HUMAN-CONTEXT	Host_Context_SD	human-associated	human_host_evidence	human_host_evidence=false					patient				
GCA_021894775.1	SAMN14372550	Lactiplantibacillus plantarum	PH2A-SITE-PLANT-SAMPLE-MATERIAL	Sample_Material_SD	plant material	plant_material_evidence	plant_material_evidence=false		Viridiplantae	33090				plant-associated material	plant-associated material	
GCA_001530945.1	SAMN03449520	Burkholderia territorii	PH2A-SITE-PLANT-SAMPLE-MATERIAL	Sample_Material_SD	plant material	plant_material_evidence	plant_material_evidence=false		Viridiplantae	33090				plant-associated material	plant-associated material	
GCA_000633335.1	SAMN02729848	Serratia marcescens H1q	PH2A-SITE-PLANT-SAMPLE-MATERIAL	Sample_Material_SD	plant material	plant_material_evidence	plant_material_evidence=false		Viridiplantae	33090				plant-associated material	plant-associated material	
GCA_000410295.1	SAMN02469702	Lacticaseibacillus paracasei subsp. paracasei Lpp189	PH2A-SITE-PLANT-SAMPLE-MATERIAL	Sample_Material_SD	plant material	plant_material_evidence	plant_material_evidence=false		Viridiplantae	33090				plant-associated material	plant-associated material	
GCA_019287315.1	SAMN20080897	Streptomyces sp. WY228	PH2A-SITE-PLANT-SAMPLE-MATERIAL	Sample_Material_SD	plant material	plant_material_evidence	plant_material_evidence=false		Arctium lappa	4217				plant-associated material	plant-associated material	
GCA_025653925.1	SAMN25232821	Shewanella sp. SM68	PH2A-SITE-PLANT-SAMPLE-MATERIAL	Sample_Material_SD	plant material	plant_material_evidence	plant_material_evidence=false		Viridiplantae	33090				plant-associated material	plant-associated material	
GCA_015018795.1	SAMN15486409	Listeria monocytogenes	PH2A-SITE-PLANT-SAMPLE-MATERIAL	Sample_Material_SD	plant material	plant_material_evidence	plant_material_evidence=false		Aves	8782				plant-associated material	plant-associated material	drain
GCA_016406145.1	SAMN17103323	Pseudomonas putida	PH2A-SITE-PLANT-SAMPLE-MATERIAL	Sample_Material_SD	plant material	plant_material_evidence	plant_material_evidence=false		Urochloa reptans	173852				plant-associated material	plant-associated material	
GCA_023205265.1	SAMN13739031	Leuconostoc sp. MTCC 10508	PH2A-SITE-PLANT-SAMPLE-MATERIAL	Sample_Material_SD	plant material	plant_material_evidence	plant_material_evidence=false		Viridiplantae	33090				plant-associated material	plant-associated material	
GCA_001043615.1	SAMN03390110	Burkholderia sp. LK4	PH2A-SITE-PLANT-SAMPLE-MATERIAL	Sample_Material_SD	plant material	plant_material_evidence	plant_material_evidence=false		Viridiplantae	33090				plant-associated material	plant-associated material	
GCA_022523845.1	SAMN25989844	Klebsiella ornithinolytica	PH2A-HHS-PATIENT-HUMAN-CONTEXT	Host_Context_SD	human-associated	human_host_evidence	human_host_evidence=false					patient			healthcare-associated environment	hospital wastewater
GCA_022525865.1	SAMN25989265	Klebsiella pneumoniae	PH2A-HHS-PATIENT-HUMAN-CONTEXT	Host_Context_SD	human-associated	human_host_evidence	human_host_evidence=false					patient			healthcare-associated environment	hospital wastewater
GCA_000297355.1	SAMN02471987	Pseudomonas aeruginosa E2	PH2A-SITE-PLANT-SAMPLE-MATERIAL	Sample_Material_SD	plant material	plant_material_evidence	plant_material_evidence=false		Solanum lycopersicum	4081				plant-associated material	plant-associated material	
GCA_003687745.1	SAMN10250522	Acinetobacter sp. 2JN-4	PH2A-SITE-PLANT-SAMPLE-MATERIAL	Sample_Material_SD	plant material	plant_material_evidence	plant_material_evidence=false		Viridiplantae	33090				plant-associated material	plant-associated material	
GCA_022524645.1	SAMN25988921	Klebsiella pneumoniae	PH2A-HHS-PATIENT-HUMAN-CONTEXT	Host_Context_SD	human-associated	human_host_evidence	human_host_evidence=false					patient			healthcare-associated environment	hospital wastewater
GCA_022527365.1	SAMN25988611	Escherichia coli	PH2A-HHS-PATIENT-HUMAN-CONTEXT	Host_Context_SD	human-associated	human_host_evidence	human_host_evidence=false					patient			healthcare-associated environment	hospital wastewater
GCA_022529605.1	SAMN25988828	Klebsiella pneumoniae	PH2A-HHS-PATIENT-HUMAN-CONTEXT	Host_Context_SD	human-associated	human_host_evidence	human_host_evidence=false					patient			healthcare-associated environment	hospital wastewater
GCA_022535575.1	SAMN25989823	Klebsiella pneumoniae	PH2A-HHS-PATIENT-HUMAN-CONTEXT	Host_Context_SD	human-associated	human_host_evidence	human_host_evidence=false					patient			healthcare-associated environment	hospital wastewater
GCA_000633515.1	SAMN02729859	Morganella morganii H1r	PH2A-SITE-PLANT-SAMPLE-MATERIAL	Sample_Material_SD	plant material	plant_material_evidence	plant_material_evidence=false		Viridiplantae	33090				plant-associated material	plant-associated material	
GCA_022523125.1	SAMN25989423	Citrobacter freundii	PH2A-HHS-PATIENT-HUMAN-CONTEXT	Host_Context_SD	human-associated	human_host_evidence	human_host_evidence=false					patient			healthcare-associated environment	hospital wastewater
GCA_013332455.1	SAMN14987718	Bacillus subtilis subsp. subtilis	PH2A-SITE-PLANT-SAMPLE-MATERIAL	Sample_Material_SD	plant material	plant_material_evidence	plant_material_evidence=false		Solanum melongena	4111				plant-associated material	plant root/rhizosphere	root
GCA_002930085.2	SAMN02999387	Ralstonia solanacearum	PH2A-SITE-PLANT-SAMPLE-MATERIAL	Sample_Material_SD	plant material	plant_material_evidence	plant_material_evidence=false		Solanum lycopersicum	4081				plant-associated material	plant-associated material	
GCA_001692155.1	SAMN04901296	Agrobacterium sp. B131/95	PH2A-SITE-PLANT-SAMPLE-MATERIAL	Sample_Material_SD	plant material	plant_material_evidence	plant_material_evidence=false		Prunus persica	3760				plant-associated material	plant-associated material	
GCA_000724915.1	SAMN02854337	Xanthomonas arboricola pv. celebensis	PH2A-SITE-PLANT-SAMPLE-MATERIAL	Sample_Material_SD	plant material	plant_material_evidence	plant_material_evidence=false		Musa sp.	46838				plant-associated material	plant-associated material	
GCA_002560615.1	SAMN07597536	Bacillus cereus	PH2A-SITE-PLANT-SAMPLE-MATERIAL	Sample_Material_SD	plant material	plant_material_evidence	plant_material_evidence=false		Viridiplantae	33090				plant-associated material	plant-associated material	cell culture
GCA_008831125.1	SAMN12810919	Pseudoclavibacter caeni	PH2A-SITE-PLANT-SAMPLE-MATERIAL	Sample_Material_SD	plant material	plant_material_evidence	plant_material_evidence=false		Viridiplantae	33090				plant-associated material	plant-associated material	
GCA_054161435.1	SAMN27610228	Bacillus sp. PK5-050	PH2A-SITE-PLANT-SAMPLE-MATERIAL	Sample_Material_SD	plant material	plant_material_evidence	plant_material_evidence=false		Tribulus terrestris	210369				plant-associated material	plant-associated material	
GCA_054408535.1	SAMN27610175	Pseudomonas sp. D4-18	PH2A-SITE-PLANT-SAMPLE-MATERIAL	Sample_Material_SD	plant material	plant_material_evidence	plant_material_evidence=false		Bassia eriophora	267525				plant-associated material	plant-associated material	
GCA_023631045.1	SAMN26211611	Caballeronia sp. AZ7_KS35	PH2A-SITE-PLANT-SAMPLE-MATERIAL	Sample_Material_SD	plant material	plant_material_evidence	plant_material_evidence=false		Anasa tristis	236421				plant-associated material	plant-associated material	gut content
GCA_015018915.1	SAMN14091689	Listeria monocytogenes	PH2A-SITE-PLANT-SAMPLE-MATERIAL	Sample_Material_SD	plant material	plant_material_evidence	plant_material_evidence=false							plant-associated material	plant-associated material	
GCA_023631305.1	SAMN26211598	Caballeronia sp. INML3B	PH2A-SITE-PLANT-SAMPLE-MATERIAL	Sample_Material_SD	plant material	plant_material_evidence	plant_material_evidence=false		Anasa tristis	236421				plant-associated material	plant-associated material	gut content
GCA_047979105.1	SAMN45227915	Pseudomonas aeruginosa	PH2A-HHS-PATIENT-HUMAN-CONTEXT	Host_Context_SD	human-associated	human_host_evidence	human_host_evidence=false					patient			clinical/host-associated material	sink
GCA_047979175.1	SAMN45227912	Pseudomonas aeruginosa	PH2A-HHS-PATIENT-HUMAN-CONTEXT	Host_Context_SD	human-associated	human_host_evidence	human_host_evidence=false					patient			clinical/host-associated material	sink
GCA_047986845.1	SAMN45227770	Pseudomonas aeruginosa	PH2A-HHS-PATIENT-HUMAN-CONTEXT	Host_Context_SD	human-associated	human_host_evidence	human_host_evidence=false					patient			clinical/host-associated material	sink
GCA_051131995.1	SAMN18220758	Pseudomonas sp. Z1-29	PH2A-SITE-PLANT-SAMPLE-MATERIAL	Sample_Material_SD	plant material	plant_material_evidence	plant_material_evidence=false		Viridiplantae	33090				plant-associated material	plant-associated material	
GCA_052037755.1	SAMN50285175	Salmonella enterica subsp. enterica serovar Anatum	PH2A-SITE-PLANT-SAMPLE-MATERIAL	Sample_Material_SD	plant material	plant_material_evidence	plant_material_evidence=false							plant-associated material	plant-associated material	meat product
GCA_054131665.1	SAMN27610191	Pseudomonas sp. Z1-24	PH2A-SITE-PLANT-SAMPLE-MATERIAL	Sample_Material_SD	plant material	plant_material_evidence	plant_material_evidence=false		Viridiplantae	33090				plant-associated material	plant-associated material	
GCA_017969045.1	SAMN12730700	Streptomyces scabiei	PH2A-SITE-PLANT-SAMPLE-MATERIAL	Sample_Material_SD	plant material	plant_material_evidence	plant_material_evidence=false		Solanum tuberosum	4113				plant-associated material	plant-associated material	
GCA_947085845.1	SAMEA111451329	uncultured Candidatus Saccharibacteria bacterium	PH2A-SITE-PLANT-SAMPLE-MATERIAL	Sample_Material_SD	plant material	plant_material_evidence	plant_material_evidence=false		Viridiplantae	33090				plant-associated material	plant-associated material	
GCA_051783865.1	SAMN49740155	Dickeya chrysanthemi	PH2A-SITE-PLANT-SAMPLE-MATERIAL	Sample_Material_SD	plant material	plant_material_evidence	plant_material_evidence=false		Chrysanthemum x morifolium	41568				plant-associated material	plant-associated material	
GCA_002589375.1	SAMN07597800	Bacillus toyonensis	PH2A-SITE-PLANT-SAMPLE-MATERIAL	Sample_Material_SD	plant material	plant_material_evidence	plant_material_evidence=false		Solanum lycopersicum	4081				plant-associated material	plant-associated material	
GCA_002582685.1	SAMN07597876	Bacillus thuringiensis	PH2A-SITE-PLANT-SAMPLE-MATERIAL	Sample_Material_SD	plant material	plant_material_evidence	plant_material_evidence=false		Viridiplantae	33090				plant-associated material	plant-associated material	cell culture
GCA_002576225.1	SAMN07597994	Bacillus cereus	PH2A-SITE-PLANT-SAMPLE-MATERIAL	Sample_Material_SD	plant material	plant_material_evidence	plant_material_evidence=false		Viridiplantae	33090				plant-associated material	plant-associated material	cell culture
GCA_002575635.1	SAMN07598053	Bacillus cereus	PH2A-SITE-PLANT-SAMPLE-MATERIAL	Sample_Material_SD	plant material	plant_material_evidence	plant_material_evidence=false		Triticum aestivum	4565				plant-associated material	plant-associated material	
GCA_030370035.1	SAMN35778247	Dickeya chrysanthemi	PH2A-SITE-PLANT-SAMPLE-MATERIAL	Sample_Material_SD	plant material	plant_material_evidence	plant_material_evidence=false		Lactuca sativa	4236				plant-associated material	plant-associated material	
GCA_038432985.1	SAMN40911114	Shewanella algae	PH2A-HHS-PATIENT-HUMAN-CONTEXT	Host_Context_SD	human-associated	human_host_evidence	human_host_evidence=false					patient		rectum/perianal region	clinical/host-associated material	rectal swab
GCA_021183825.1	SAMN23709601	Sinomicrobium kalidii	PH2A-SITE-PLANT-SAMPLE-MATERIAL	Sample_Material_SD	plant material	plant_material_evidence	plant_material_evidence=false		Viridiplantae	33090				plant-associated material	plant-associated material	
GCA_030011965.1	SAMN34997875	Cronobacter dublinensis	PH2A-SITE-PLANT-SAMPLE-MATERIAL	Sample_Material_SD	plant material	plant_material_evidence	plant_material_evidence=false							plant-associated material	plant-associated material	milk powder
GCA_015018815.1	SAMN14091691	Listeria monocytogenes	PH2A-SITE-PLANT-SAMPLE-MATERIAL	Sample_Material_SD	plant material	plant_material_evidence	plant_material_evidence=false		Aves	8782				plant-associated material	plant-associated material	drain
GCA_015018935.1	SAMN14091663	Listeria monocytogenes	PH2A-SITE-PLANT-SAMPLE-MATERIAL	Sample_Material_SD	plant material	plant_material_evidence	plant_material_evidence=false		Aves	8782				plant-associated material	plant-associated material	drain
GCA_009796125.1	SAMN09427952	Clavibacter michiganensis subsp. michiganensis	PH2A-SITE-PLANT-SAMPLE-MATERIAL	Sample_Material_SD	plant material	plant_material_evidence	plant_material_evidence=false		Solanum lycopersicum	4081				plant-associated material	plant-associated material	
GCA_004726505.1	SAMN08611373	Listeria monocytogenes	PH2A-SITE-PLANT-SAMPLE-MATERIAL	Sample_Material_SD	plant material	plant_material_evidence	plant_material_evidence=false		Viridiplantae	33090				plant-associated material	clinical/host-associated material	salmon
GCA_027286085.1	SAMN32260121	Escherichia coli	PH2A-SITE-PLANT-SAMPLE-MATERIAL	Sample_Material_SD	plant material	plant_material_evidence	plant_material_evidence=false		Viridiplantae	33090				plant-associated material	environmental material	
GCA_051528015.1	SAMN13439344	Acinetobacter sp. HSTU-ASm16	PH2A-SITE-PLANT-SAMPLE-MATERIAL	Sample_Material_SD	plant material	plant_material_evidence	plant_material_evidence=false		Oryza sativa	4530				plant-associated material	plant-associated material	
GCA_056850485.1	SAMN47254718	Xanthomonas citri pv. malvacearum	PH2A-SITE-PLANT-SAMPLE-MATERIAL	Sample_Material_SD	plant material	plant_material_evidence	plant_material_evidence=false		Gossypium hirsutum	3635				plant-associated material	plant-associated material	
GCA_007833775.1	SAMN09873985	Salmonella enterica subsp. enterica serovar Braenderup	PH2A-SITE-PLANT-SAMPLE-MATERIAL	Sample_Material_SD	plant material	plant_material_evidence	plant_material_evidence=false		Viridiplantae	33090				plant-associated material	plant-associated material	
GCA_000633435.1	SAMN02729851	Achromobacter sp. DH1f	PH2A-SITE-PLANT-SAMPLE-MATERIAL	Sample_Material_SD	plant material	plant_material_evidence	plant_material_evidence=false		Viridiplantae	33090				plant-associated material	plant-associated material	
GCA_019166075.1	SAMN19767253	Duganella violaceipulchra	PH2A-SITE-PLANT-SAMPLE-MATERIAL	Sample_Material_SD	plant material	plant_material_evidence	plant_material_evidence=false		Viridiplantae	33090				plant-associated material	plant-associated material	cell culture
GCA_022530285.1	SAMN25989684	Citrobacter freundii	PH2A-HHS-PATIENT-HUMAN-CONTEXT	Host_Context_SD	human-associated	human_host_evidence	human_host_evidence=false					patient			healthcare-associated environment	hospital wastewater
GCA_022534275.1	SAMN25988878	Citrobacter freundii	PH2A-HHS-PATIENT-HUMAN-CONTEXT	Host_Context_SD	human-associated	human_host_evidence	human_host_evidence=false					patient			healthcare-associated environment	hospital wastewater
GCA_022536955.1	SAMN25990038	Citrobacter freundii	PH2A-HHS-PATIENT-HUMAN-CONTEXT	Host_Context_SD	human-associated	human_host_evidence	human_host_evidence=false					patient			healthcare-associated environment	hospital wastewater
GCA_009796055.1	SAMN09427755	Clavibacter michiganensis subsp. michiganensis	PH2A-SITE-PLANT-SAMPLE-MATERIAL	Sample_Material_SD	plant material	plant_material_evidence	plant_material_evidence=false		Solanum lycopersicum	4081				plant-associated material	plant-associated material	
GCA_006541305.1	SAMN12082468	Enterococcus faecalis	PH2A-SITE-PLANT-SAMPLE-MATERIAL	Sample_Material_SD	plant material	plant_material_evidence	plant_material_evidence=false		Viridiplantae	33090				plant-associated material	plant-associated material	beef
GCA_015017555.1	SAMN14091682	Listeria monocytogenes	PH2A-SITE-PLANT-SAMPLE-MATERIAL	Sample_Material_SD	plant material	plant_material_evidence	plant_material_evidence=false		Aves	8782				plant-associated material	plant-associated material	drain
GCA_000633235.1	SAMN02729846	Klebsiella michiganensis H1g	PH2A-SITE-PLANT-SAMPLE-MATERIAL	Sample_Material_SD	plant material	plant_material_evidence	plant_material_evidence=false		Viridiplantae	33090				plant-associated material	plant-associated material	
GCA_000423625.1	SAMN02441500	Pseudonocardia asaccharolytica DSM 44247 = NBRC 16224	PH2A-SITE-PLANT-SAMPLE-MATERIAL	Sample_Material_SD	plant material	plant_material_evidence	plant_material_evidence=false		Metazoa	33208				plant-associated material	plant-associated material	
GCA_023630705.1	SAMN26211628	Caballeronia sp. GAFFF1	PH2A-SITE-PLANT-SAMPLE-MATERIAL	Sample_Material_SD	plant material	plant_material_evidence	plant_material_evidence=false		Anasa tristis	236421				plant-associated material	plant-associated material	gut content
GCA_021442405.1	SAMN06292594	Streptomyces sp. MH192	PH2A-SITE-PLANT-SAMPLE-MATERIAL	Sample_Material_SD	plant material	plant_material_evidence	plant_material_evidence=false		Triticum aestivum	4565				plant-associated material	plant-associated material	
GCA_022536855.1	SAMN25989992	Citrobacter farmeri	PH2A-HHS-PATIENT-HUMAN-CONTEXT	Host_Context_SD	human-associated	human_host_evidence	human_host_evidence=false					patient			healthcare-associated environment	hospital wastewater
GCA_019104065.1	SAMN19813352	Pseudomonas viridiflava	PH2A-SITE-PLANT-SAMPLE-MATERIAL	Sample_Material_SD	plant material	plant_material_evidence	plant_material_evidence=false		Medicago sativa	3879				plant-associated material	plant-associated material	
GCA_022520265.1	SAMN25989240	Klebsiella pneumoniae	PH2A-HHS-PATIENT-HUMAN-CONTEXT	Host_Context_SD	human-associated	human_host_evidence	human_host_evidence=false					patient			healthcare-associated environment	hospital wastewater
GCA_022535475.1	SAMN25989868	Klebsiella pneumoniae	PH2A-HHS-PATIENT-HUMAN-CONTEXT	Host_Context_SD	human-associated	human_host_evidence	human_host_evidence=false					patient			healthcare-associated environment	hospital wastewater
GCA_022523305.1	SAMN25989839	Klebsiella pneumoniae	PH2A-HHS-PATIENT-HUMAN-CONTEXT	Host_Context_SD	human-associated	human_host_evidence	human_host_evidence=false					patient			healthcare-associated environment	hospital wastewater
GCA_022529045.1	SAMN25989168	Klebsiella pneumoniae	PH2A-HHS-PATIENT-HUMAN-CONTEXT	Host_Context_SD	human-associated	human_host_evidence	human_host_evidence=false					patient			healthcare-associated environment	hospital wastewater
GCA_022529725.1	SAMN25988863	Klebsiella pneumoniae	PH2A-HHS-PATIENT-HUMAN-CONTEXT	Host_Context_SD	human-associated	human_host_evidence	human_host_evidence=false					patient			healthcare-associated environment	hospital wastewater
GCA_022533045.1	SAMN25989541	Klebsiella pneumoniae	PH2A-HHS-PATIENT-HUMAN-CONTEXT	Host_Context_SD	human-associated	human_host_evidence	human_host_evidence=false					patient			healthcare-associated environment	hospital wastewater
GCA_022536805.1	SAMN25988509	Klebsiella pneumoniae	PH2A-HHS-PATIENT-HUMAN-CONTEXT	Host_Context_SD	human-associated	human_host_evidence	human_host_evidence=false					patient			healthcare-associated environment	hospital wastewater
GCA_026891895.1	SAMN31838585	Peribacillus sp. AS_2	PH2A-SITE-PLANT-SAMPLE-MATERIAL	Sample_Material_SD	plant material	plant_material_evidence	plant_material_evidence=false		Alectra sessiliflora	46040				plant-associated material	plant-associated material	microbial isolate
GCA_053903255.1	SAMN27610212	Cupriavidus sp. JZ107	PH2A-SITE-PLANT-SAMPLE-MATERIAL	Sample_Material_SD	plant material	plant_material_evidence	plant_material_evidence=false		Tribulus terrestris	210369				plant-associated material	plant-associated material	
GCA_001645725.1	SAMN03765174	Ralstonia pseudosolanacearum	PH2A-SITE-PLANT-SAMPLE-MATERIAL	Sample_Material_SD	plant material	plant_material_evidence	plant_material_evidence=false		Osteospermum	118676				plant-associated material	plant-associated material	cell culture
GCA_002076325.1	SAMN06293076	Rhodococcus sp. 66b	PH2A-SITE-PLANT-SAMPLE-MATERIAL	Sample_Material_SD	plant material	plant_material_evidence	plant_material_evidence=false		Triticum aestivum	4565				plant-associated material	plant-associated material	cell culture
GCA_056867895.1	SAMN47254616	Xanthomonas citri pv. fuscans	PH2A-SITE-PLANT-SAMPLE-MATERIAL	Sample_Material_SD	plant material	plant_material_evidence	plant_material_evidence=false		Phaseolus vulgaris	3885				plant-associated material	plant-associated material	
GCA_056867915.1	SAMN47254625	Xanthomonas citri pv. glycines	PH2A-SITE-PLANT-SAMPLE-MATERIAL	Sample_Material_SD	plant material	plant_material_evidence	plant_material_evidence=false		Glycine max	3847				plant-associated material	plant-associated material	
GCA_014534685.1	SAMN15897773	Oryzicola mucosus	PH2A-SITE-PLANT-SAMPLE-MATERIAL	Sample_Material_SD	plant material	plant_material_evidence	plant_material_evidence=false		Viridiplantae	33090				plant-associated material		
GCA_023631145.1	SAMN26211607	Caballeronia sp. NCF4	PH2A-SITE-PLANT-SAMPLE-MATERIAL	Sample_Material_SD	plant material	plant_material_evidence	plant_material_evidence=false		Anasa tristis	236421				plant-associated material	plant-associated material	gut content
GCA_020557305.1	SAMN16124466	Enterococcus faecium	PH2A-HHS-PATIENT-HUMAN-CONTEXT	Host_Context_SD	human-associated	human_host_evidence	human_host_evidence=false					patient				
GCA_047978685.1	SAMN45227936	Pseudomonas aeruginosa	PH2A-HHS-PATIENT-HUMAN-CONTEXT	Host_Context_SD	human-associated	human_host_evidence	human_host_evidence=false					patient			clinical/host-associated material	sink
GCA_006542355.1	SAMN11175157	Swingsia samuiensis	PH2A-SITE-PLANT-SAMPLE-MATERIAL	Sample_Material_SD	plant material	plant_material_evidence	plant_material_evidence=false		Allamanda cathartica	52818				plant-associated material	plant-associated material	
GCA_018951455.1	SAMN13738860	Clostridioides difficile	PH2A-SITE-PLANT-SAMPLE-MATERIAL	Sample_Material_SD	plant material	plant_material_evidence	plant_material_evidence=false		Viridiplantae	33090				plant-associated material	plant-associated material	
GCA_002557115.1	SAMN07597563	Bacillus toyonensis	PH2A-SITE-PLANT-SAMPLE-MATERIAL	Sample_Material_SD	plant material	plant_material_evidence	plant_material_evidence=false		Triticum aestivum	4565				plant-associated material	plant-associated material	
GCA_001043675.1	SAMN03390109	Lysinibacillus sp. LK3	PH2A-SITE-PLANT-SAMPLE-MATERIAL	Sample_Material_SD	plant material	plant_material_evidence	plant_material_evidence=false		Viridiplantae	33090				plant-associated material	plant-associated material	
GCA_002571755.1	SAMN07598260	Bacillus altitudinis	PH2A-SITE-PLANT-SAMPLE-MATERIAL	Sample_Material_SD	plant material	plant_material_evidence	plant_material_evidence=false		Viridiplantae	33090				plant-associated material	plant-associated material	
GCA_002574115.1	SAMN07598170	Bacillus thuringiensis	PH2A-SITE-PLANT-SAMPLE-MATERIAL	Sample_Material_SD	plant material	plant_material_evidence	plant_material_evidence=false		Triticum aestivum	4565				plant-associated material	plant-associated material	
GCA_002575085.1	SAMN07598102	Bacillus cereus	PH2A-SITE-PLANT-SAMPLE-MATERIAL	Sample_Material_SD	plant material	plant_material_evidence	plant_material_evidence=false		Viridiplantae	33090				plant-associated material	plant-associated material	cell culture
GCA_015015615.1	SAMN14091665	Listeria monocytogenes	PH2A-SITE-PLANT-SAMPLE-MATERIAL	Sample_Material_SD	plant material	plant_material_evidence	plant_material_evidence=false		Aves	8782				plant-associated material	plant-associated material	drain
GCA_038432965.1	SAMN40911116	Shewanella algae	PH2A-HHS-PATIENT-HUMAN-CONTEXT	Host_Context_SD	human-associated	human_host_evidence	human_host_evidence=false					patient		rectum/perianal region	clinical/host-associated material	rectal swab
GCA_054161475.1	SAMN27610238	Arthrobacter sp. R1-13	PH2A-SITE-PLANT-SAMPLE-MATERIAL	Sample_Material_SD	plant material	plant_material_evidence	plant_material_evidence=false		Plantago cylindrica	1928669				plant-associated material	plant-associated material	
GCA_023467415.1	SAMN25989098	Citrobacter freundii	PH2A-HHS-PATIENT-HUMAN-CONTEXT	Host_Context_SD	human-associated	human_host_evidence	human_host_evidence=false					patient			healthcare-associated environment	hospital wastewater
GCA_002570925.1	SAMN07598204	Bacillus thuringiensis	PH2A-SITE-PLANT-SAMPLE-MATERIAL	Sample_Material_SD	plant material	plant_material_evidence	plant_material_evidence=false		Viridiplantae	33090				plant-associated material	plant-associated material	cell culture
GCA_002585905.1	SAMN07597815	Bacillus cereus	PH2A-SITE-PLANT-SAMPLE-MATERIAL	Sample_Material_SD	plant material	plant_material_evidence	plant_material_evidence=false		Viridiplantae	33090				plant-associated material	plant-associated material	cell culture
GCA_050627145.1	SAMN47300705	Pseudomonas brassicacearum	PH2A-SITE-PLANT-SAMPLE-MATERIAL	Sample_Material_SD	plant material	plant_material_evidence	plant_material_evidence=false		Pisum sativum	3888				plant-associated material	plant-associated material	
GCA_022517265.1	SAMN25988555	Klebsiella pneumoniae	PH2A-HHS-PATIENT-HUMAN-CONTEXT	Host_Context_SD	human-associated	human_host_evidence	human_host_evidence=false					patient			healthcare-associated environment	hospital wastewater
GCA_022521445.1	SAMN25988450	Klebsiella pneumoniae	PH2A-HHS-PATIENT-HUMAN-CONTEXT	Host_Context_SD	human-associated	human_host_evidence	human_host_evidence=false					patient			healthcare-associated environment	hospital wastewater
GCA_024105115.1	SAMN19461012	Pseudomonas shirazica	PH2A-SITE-PLANT-SAMPLE-MATERIAL	Sample_Material_SD	plant material	plant_material_evidence	plant_material_evidence=false		Viridiplantae	33090				plant-associated material	plant-associated material	
GCA_002558615.1	SAMN07597298	Bacillus cereus	PH2A-SITE-PLANT-SAMPLE-MATERIAL	Sample_Material_SD	plant material	plant_material_evidence	plant_material_evidence=false		Viridiplantae	33090				plant-associated material	plant-associated material	
GCA_015018195.1	SAMN14091647	Listeria monocytogenes	PH2A-SITE-PLANT-SAMPLE-MATERIAL	Sample_Material_SD	plant material	plant_material_evidence	plant_material_evidence=false		Aves	8782				plant-associated material	plant-associated material	drain
GCA_043950145.1	SAMN44355615	Limosilactobacillus fermentum	PH2A-SITE-PLANT-SAMPLE-MATERIAL	Sample_Material_SD	plant material	plant_material_evidence	plant_material_evidence=false		Cucurbita	3660				plant-associated material	plant-associated material	
GCA_016722925.1	SAMN17224792	Phytoamicus setariae	PH2A-SITE-PLANT-SAMPLE-MATERIAL	Sample_Material_SD	plant material	plant_material_evidence	plant_material_evidence=false		Viridiplantae	33090				plant-associated material	plant-associated material	
GCA_025654455.1	SAMN25232808	Shewanella sp. SM102	PH2A-SITE-PLANT-SAMPLE-MATERIAL	Sample_Material_SD	plant material	plant_material_evidence	plant_material_evidence=false		Viridiplantae	33090				plant-associated material	plant-associated material	
GCA_030847045.1	SAMN30207202	Cronobacter sakazakii	PH2A-SITE-PLANT-SAMPLE-MATERIAL	Sample_Material_SD	plant material	plant_material_evidence	plant_material_evidence=false							plant-associated material	plant-associated material	milk powder
GCA_054131575.1	SAMN27610187	Enterobacter sp. SA197	PH2A-SITE-PLANT-SAMPLE-MATERIAL	Sample_Material_SD	plant material	plant_material_evidence	plant_material_evidence=false		Indigofera argentea	198858				plant-associated material	plant-associated material	
GCA_029686125.1	SAMN25989998	Enterobacter asburiae	PH2A-HHS-PATIENT-HUMAN-CONTEXT	Host_Context_SD	human-associated	human_host_evidence	human_host_evidence=false					patient			healthcare-associated environment	hospital wastewater
GCA_054131565.1	SAMN27610186	Pseudomonas sp. SA195	PH2A-SITE-PLANT-SAMPLE-MATERIAL	Sample_Material_SD	plant material	plant_material_evidence	plant_material_evidence=false		Indigofera argentea	198858				plant-associated material	plant-associated material	
GCA_018383455.1	SAMN19069219	Pseudomonas syringae	PH2A-SITE-PLANT-SAMPLE-MATERIAL	Sample_Material_SD	plant material	plant_material_evidence	plant_material_evidence=false		Medicago sativa	3879				plant-associated material	plant-associated material	
GCA_015020855.1	SAMN14091720	Listeria monocytogenes	PH2A-SITE-PLANT-SAMPLE-MATERIAL	Sample_Material_SD	plant material	plant_material_evidence	plant_material_evidence=false		Aves	8782				plant-associated material	plant-associated material	drain
GCA_020556935.1	SAMN16124478	Enterococcus faecium	PH2A-HHS-PATIENT-HUMAN-CONTEXT	Host_Context_SD	human-associated	human_host_evidence	human_host_evidence=false					patient				
GCA_021894365.1	SAMN14372569	Lactiplantibacillus plantarum	PH2A-SITE-PLANT-SAMPLE-MATERIAL	Sample_Material_SD	plant material	plant_material_evidence	plant_material_evidence=false		Viridiplantae	33090				plant-associated material	plant-associated material	
GCA_021892615.1	SAMN14372659	Lactiplantibacillus plantarum	PH2A-SITE-PLANT-SAMPLE-MATERIAL	Sample_Material_SD	plant material	plant_material_evidence	plant_material_evidence=false		Viridiplantae	33090				plant-associated material	plant-associated material	
GCA_047985485.1	SAMN45227810	Pseudomonas aeruginosa	PH2A-HHS-PATIENT-HUMAN-CONTEXT	Host_Context_SD	human-associated	human_host_evidence	human_host_evidence=false					patient			clinical/host-associated material	sink
GCA_047989005.1	SAMN45227791	Pseudomonas aeruginosa	PH2A-HHS-PATIENT-HUMAN-CONTEXT	Host_Context_SD	human-associated	human_host_evidence	human_host_evidence=false					patient			clinical/host-associated material	sink
GCA_056868405.1	SAMN47254593	Xanthomonas citri pv. citri	PH2A-SITE-PLANT-SAMPLE-MATERIAL	Sample_Material_SD	plant material	plant_material_evidence	plant_material_evidence=false		Viridiplantae	33090				plant-associated material	plant-associated material	
GCA_025630775.1	SAMN31132433	Actinoplanes sp. KI2	PH2A-SITE-PLANT-SAMPLE-MATERIAL	Sample_Material_SD	plant material	plant_material_evidence	plant_material_evidence=false		Pistia stratiotes	4477				plant-associated material		
GCA_947085495.1	SAMEA111451331	uncultured Candidatus Saccharibacteria bacterium	PH2A-SITE-PLANT-SAMPLE-MATERIAL	Sample_Material_SD	plant material	plant_material_evidence	plant_material_evidence=false		Viridiplantae	33090				plant-associated material	plant-associated material	
GCA_002569335.1	SAMN07598533	Bacillus cereus	PH2A-SITE-PLANT-SAMPLE-MATERIAL	Sample_Material_SD	plant material	plant_material_evidence	plant_material_evidence=false		Viridiplantae	33090				plant-associated material	plant-associated material	cell culture
GCA_002573505.1	SAMN07598644	Bacillus thuringiensis	PH2A-SITE-PLANT-SAMPLE-MATERIAL	Sample_Material_SD	plant material	plant_material_evidence	plant_material_evidence=false		Viridiplantae	33090				plant-associated material	plant-associated material	cell culture
GCA_056738205.1	SAMN41787763	Xanthomonas citri pv. mangiferaeindicae	PH2A-SITE-PLANT-SAMPLE-MATERIAL	Sample_Material_SD	plant material	plant_material_evidence	plant_material_evidence=false		Mangifera indica	29780				plant-associated material	plant-associated material	microbial isolate
GCA_947084925.1	SAMEA111451359	uncultured Gammaproteobacteria bacterium	PH2A-SITE-PLANT-SAMPLE-MATERIAL	Sample_Material_SD	plant material	plant_material_evidence	plant_material_evidence=false		Viridiplantae	33090				plant-associated material	plant-associated material	
GCA_002551695.1	SAMN07598718	Bacillus thuringiensis	PH2A-SITE-PLANT-SAMPLE-MATERIAL	Sample_Material_SD	plant material	plant_material_evidence	plant_material_evidence=false		Viridiplantae	33090				plant-associated material	plant-associated material	cell culture
GCA_050710055.1	SAMN47300688	Pseudomonas brassicacearum	PH2A-SITE-PLANT-SAMPLE-MATERIAL	Sample_Material_SD	plant material	plant_material_evidence	plant_material_evidence=false		Pisum sativum	3888				plant-associated material	plant-associated material	
GCA_053762565.1	SAMN52659783	Pseudomonas aeruginosa	PH2A-HHS-PATIENT-HUMAN-CONTEXT	Host_Context_SD	human-associated	human_host_evidence	human_host_evidence=false					patient			healthcare facility	sink
GCA_000765305.1	SAMN03093524	Pseudomonas syringae pv. tomato	PH2A-SITE-PLANT-SAMPLE-MATERIAL	Sample_Material_SD	plant material	plant_material_evidence	plant_material_evidence=false		Solanum lycopersicum	4081				plant-associated material	plant-associated material	
GCA_022524105.1	SAMN25988548	Citrobacter freundii	PH2A-HHS-PATIENT-HUMAN-CONTEXT	Host_Context_SD	human-associated	human_host_evidence	human_host_evidence=false					patient			healthcare-associated environment	hospital wastewater
GCA_025780195.1	SAMN31222265	Limosilactobacillus fermentum	PH2A-SITE-PLANT-SAMPLE-MATERIAL	Sample_Material_SD	plant material	plant_material_evidence	plant_material_evidence=false		Zea mays	4577				plant-associated material	plant-associated material	mixed culture
GCA_045161275.1	SAMN24016254	Streptomyces platensis	PH2A-SITE-PLANT-SAMPLE-MATERIAL	Sample_Material_SD	plant material	plant_material_evidence	plant_material_evidence=false		Viridiplantae	33090				plant-associated material	plant-associated material	
GCA_947085385.1	SAMEA111451361	uncultured Gemmatimonadota bacterium	PH2A-SITE-PLANT-SAMPLE-MATERIAL	Sample_Material_SD	plant material	plant_material_evidence	plant_material_evidence=false		Viridiplantae	33090				plant-associated material	plant-associated material	
GCA_013284765.1	SAMN15009799	Bacillus velezensis	PH2A-SITE-PLANT-SAMPLE-MATERIAL	Sample_Material_SD	plant material	plant_material_evidence	plant_material_evidence=false		Solanum lycopersicum	4081				plant-associated material	plant-associated material	
GCA_001692265.2	SAMN04901301	Agrobacterium tumefaciens	PH2A-SITE-PLANT-SAMPLE-MATERIAL	Sample_Material_SD	plant material	plant_material_evidence	plant_material_evidence=false		yarrow	756482				plant-associated material	plant-associated material	
GCA_002093435.1	SAMN04457464	Ensifer aridi	PH2A-SITE-PLANT-SAMPLE-MATERIAL	Sample_Material_SD	plant material	plant_material_evidence	plant_material_evidence=false		Vachellia tortilis subsp. raddiana	1095369				plant-associated material	plant-associated material	
GCA_047226345.1	SAMN46289079	Curtobacterium flaccumfaciens	PH2A-SITE-PLANT-SAMPLE-MATERIAL	Sample_Material_SD	plant material	plant_material_evidence	plant_material_evidence=false		Euphorbia pulcherrima	37495				plant-associated material	plant-associated material	cell culture
GCA_003860765.1	SAMN10366524	Ralstonia solanacearum	PH2A-SITE-PLANT-SAMPLE-MATERIAL	Sample_Material_SD	plant material	plant_material_evidence	plant_material_evidence=false		Musa	4640				plant-associated material	plant-associated material	
GCA_001655595.1	SAMN03701340	Pseudomonas sp. DR 5-09	PH2A-SITE-PLANT-SAMPLE-MATERIAL	Sample_Material_SD	plant material	plant_material_evidence	plant_material_evidence=false		Erigeron canadensis	72917				plant-associated material	plant-associated material	
GCA_025653605.1	SAMN25232830	Shewanella glacialipiscicola	PH2A-SITE-PLANT-SAMPLE-MATERIAL	Sample_Material_SD	plant material	plant_material_evidence	plant_material_evidence=false		Viridiplantae	33090				plant-associated material	plant-associated material	
GCA_022602435.1	SAMN26199805	Rosenbergiella epipactidis subsp. japonicus	PH2A-SITE-PLANT-SAMPLE-MATERIAL	Sample_Material_SD	plant material	plant_material_evidence	plant_material_evidence=false		Eurya japonica	59671				plant-associated material	plant-associated material	
GCA_022517245.1	SAMN25988615	Citrobacter freundii	PH2A-HHS-PATIENT-HUMAN-CONTEXT	Host_Context_SD	human-associated	human_host_evidence	human_host_evidence=false					patient			healthcare-associated environment	hospital wastewater
GCA_022517345.1	SAMN25988460	Citrobacter freundii	PH2A-HHS-PATIENT-HUMAN-CONTEXT	Host_Context_SD	human-associated	human_host_evidence	human_host_evidence=false					patient			healthcare-associated environment	hospital wastewater
GCA_025653985.1	SAMN25232822	Shewanella sp. SM69	PH2A-SITE-PLANT-SAMPLE-MATERIAL	Sample_Material_SD	plant material	plant_material_evidence	plant_material_evidence=false		Viridiplantae	33090				plant-associated material	plant-associated material	
GCA_051949175.1	SAMN41787774	Xanthomonas citri pv. mangiferaeindicae	PH2A-SITE-PLANT-SAMPLE-MATERIAL	Sample_Material_SD	plant material	plant_material_evidence	plant_material_evidence=false		Mangifera indica	29780				plant-associated material	plant-associated material	microbial isolate
GCA_056867905.1	SAMN47254619	Xanthomonas citri pv. fuscans	PH2A-SITE-PLANT-SAMPLE-MATERIAL	Sample_Material_SD	plant material	plant_material_evidence	plant_material_evidence=false		Phaseolus vulgaris	3885				plant-associated material	plant-associated material	
GCA_022535655.1	SAMN25989797	Klebsiella pneumoniae	PH2A-HHS-PATIENT-HUMAN-CONTEXT	Host_Context_SD	human-associated	human_host_evidence	human_host_evidence=false					patient			healthcare-associated environment	hospital wastewater
GCA_022519365.1	SAMN25989449	Klebsiella pneumoniae	PH2A-HHS-PATIENT-HUMAN-CONTEXT	Host_Context_SD	human-associated	human_host_evidence	human_host_evidence=false					patient			healthcare-associated environment	hospital wastewater
GCA_022524535.1	SAMN25989527	Klebsiella pneumoniae	PH2A-HHS-PATIENT-HUMAN-CONTEXT	Host_Context_SD	human-associated	human_host_evidence	human_host_evidence=false					patient			healthcare-associated environment	hospital wastewater
GCA_022528205.1	SAMN25989767	Klebsiella pneumoniae	PH2A-HHS-PATIENT-HUMAN-CONTEXT	Host_Context_SD	human-associated	human_host_evidence	human_host_evidence=false					patient			healthcare-associated environment	hospital wastewater
GCA_022529185.1	SAMN25989094	Klebsiella pneumoniae	PH2A-HHS-PATIENT-HUMAN-CONTEXT	Host_Context_SD	human-associated	human_host_evidence	human_host_evidence=false					patient			healthcare-associated environment	hospital wastewater
GCA_002566485.1	SAMN07598458	Bacillus thuringiensis	PH2A-SITE-PLANT-SAMPLE-MATERIAL	Sample_Material_SD	plant material	plant_material_evidence	plant_material_evidence=false		Viridiplantae	33090				plant-associated material	plant-associated material	cell culture
GCA_056847725.1	SAMN47254634	Xanthomonas citri pv. glycines	PH2A-SITE-PLANT-SAMPLE-MATERIAL	Sample_Material_SD	plant material	plant_material_evidence	plant_material_evidence=false		Capsicum annuum	4072				plant-associated material	plant-associated material	
GCA_002560735.1	SAMN07597528	Bacillus cereus	PH2A-SITE-PLANT-SAMPLE-MATERIAL	Sample_Material_SD	plant material	plant_material_evidence	plant_material_evidence=false		Viridiplantae	33090				plant-associated material	plant-associated material	cell culture
GCA_047782425.1	SAMN16788673	Rhodococcus sp. 077-4	PH2A-SITE-PLANT-SAMPLE-MATERIAL	Sample_Material_SD	plant material	plant_material_evidence	plant_material_evidence=false		Viridiplantae	33090				plant-associated material	plant-associated material	
GCA_009938635.1	SAMN10273225	Cronobacter dublinensis	PH2A-SITE-PLANT-SAMPLE-MATERIAL	Sample_Material_SD	plant material	plant_material_evidence	plant_material_evidence=false		Viridiplantae	33090				plant-associated material	plant-associated material	
GCA_051133315.1	SAMN49477030	Bacillus subtilis	PH2A-SITE-PLANT-SAMPLE-MATERIAL	Sample_Material_SD	plant material	plant_material_evidence	plant_material_evidence=false		Viridiplantae	33090				plant-associated material	plant-associated material	
GCA_001746285.1	SAMN05567309	Streptomyces sp. EN16	PH2A-SITE-PLANT-SAMPLE-MATERIAL	Sample_Material_SD	plant material	plant_material_evidence	plant_material_evidence=false		Triticum aestivum	4565				plant-associated material		root
GCA_002589015.1	SAMN07597816	Bacillus thuringiensis	PH2A-SITE-PLANT-SAMPLE-MATERIAL	Sample_Material_SD	plant material	plant_material_evidence	plant_material_evidence=false		Viridiplantae	33090				plant-associated material	plant-associated material	cell culture
GCA_008728655.1	SAMN12818508	Rhodococcus erythropolis	PH2A-SITE-PLANT-SAMPLE-MATERIAL	Sample_Material_SD	plant material	plant_material_evidence	plant_material_evidence=false		Viridiplantae	33090				plant-associated material	plant-associated material	
GCA_046549275.1	SAMN16788670	Streptomyces sp. 061-3	PH2A-SITE-PLANT-SAMPLE-MATERIAL	Sample_Material_SD	plant material	plant_material_evidence	plant_material_evidence=false		Viridiplantae	33090				plant-associated material	plant-associated material	
GCA_036226645.1	SAMN24016271	Streptomyces sp. NBC_00696	PH2A-SITE-PLANT-SAMPLE-MATERIAL	Sample_Material_SD	plant material	plant_material_evidence	plant_material_evidence=false		Viridiplantae	33090				plant-associated material	plant-associated material	
GCA_002151105.1	SAMN05439592	Clavibacter michiganensis subsp. michiganensis	PH2A-SITE-PLANT-SAMPLE-MATERIAL	Sample_Material_SD	plant material	plant_material_evidence	plant_material_evidence=false		Solanum lycopersicum	4081				plant-associated material	plant-associated material	
GCA_947084915.1	SAMEA111451319	uncultured beta proteobacterium	PH2A-SITE-PLANT-SAMPLE-MATERIAL	Sample_Material_SD	plant material	plant_material_evidence	plant_material_evidence=false		Viridiplantae	33090				plant-associated material	plant-associated material	
GCA_001456295.2	SAMN03166213	Xylella fastidiosa	PH2A-SITE-PLANT-SAMPLE-MATERIAL	Sample_Material_SD	plant material	plant_material_evidence	plant_material_evidence=false		Prunus domestica	3758				plant-associated material	plant-associated material	
GCA_013285105.1	SAMN15010747	Bacillus velezensis	PH2A-SITE-PLANT-SAMPLE-MATERIAL	Sample_Material_SD	plant material	plant_material_evidence	plant_material_evidence=false		Zea mays	4577				plant-associated material	plant-associated material	
GCA_022527545.1	SAMN25988477	Klebsiella pneumoniae	PH2A-HHS-PATIENT-HUMAN-CONTEXT	Host_Context_SD	human-associated	human_host_evidence	human_host_evidence=false					patient			healthcare-associated environment	hospital wastewater
GCA_002737005.1	SAMN04092616	Pseudomonas sp. NZIPFR-PS2	PH2A-SITE-PLANT-SAMPLE-MATERIAL	Sample_Material_SD	plant material	plant_material_evidence	plant_material_evidence=false		Viridiplantae	33090				plant-associated material	plant-associated material	
GCA_022518145.1	SAMN25989682	Klebsiella pneumoniae	PH2A-HHS-PATIENT-HUMAN-CONTEXT	Host_Context_SD	human-associated	human_host_evidence	human_host_evidence=false					patient			healthcare-associated environment	hospital wastewater
GCA_022518585.1	SAMN25988990	Klebsiella pneumoniae	PH2A-HHS-PATIENT-HUMAN-CONTEXT	Host_Context_SD	human-associated	human_host_evidence	human_host_evidence=false					patient			healthcare-associated environment	hospital wastewater
GCA_022518615.1	SAMN25989072	Klebsiella pneumoniae	PH2A-HHS-PATIENT-HUMAN-CONTEXT	Host_Context_SD	human-associated	human_host_evidence	human_host_evidence=false					patient			healthcare-associated environment	hospital wastewater
GCA_022524085.1	SAMN25989479	Klebsiella pneumoniae	PH2A-HHS-PATIENT-HUMAN-CONTEXT	Host_Context_SD	human-associated	human_host_evidence	human_host_evidence=false					patient			healthcare-associated environment	hospital wastewater
GCA_022532025.1	SAMN25989192	Klebsiella pneumoniae	PH2A-HHS-PATIENT-HUMAN-CONTEXT	Host_Context_SD	human-associated	human_host_evidence	human_host_evidence=false					patient			healthcare-associated environment	hospital wastewater
GCA_002555495.1	SAMN07597382	Bacillus toyonensis	PH2A-SITE-PLANT-SAMPLE-MATERIAL	Sample_Material_SD	plant material	plant_material_evidence	plant_material_evidence=false		Viridiplantae	33090				plant-associated material	plant-associated material	cell culture
GCA_003726115.1	SAMN08362831	Niallia circulans	PH2A-SITE-PLANT-SAMPLE-MATERIAL	Sample_Material_SD	plant material	plant_material_evidence	plant_material_evidence=false		Janochloa antidotale	3031383				plant-associated material	plant-associated material	
GCA_009793305.1	SAMN09428083	Clavibacter michiganensis subsp. michiganensis	PH2A-SITE-PLANT-SAMPLE-MATERIAL	Sample_Material_SD	plant material	plant_material_evidence	plant_material_evidence=false		Solanum lycopersicum	4081				plant-associated material	plant-associated material	
GCA_009796075.1	SAMN09427777	Clavibacter michiganensis subsp. michiganensis	PH2A-SITE-PLANT-SAMPLE-MATERIAL	Sample_Material_SD	plant material	plant_material_evidence	plant_material_evidence=false		Solanum lycopersicum	4081				plant-associated material	plant-associated material	
GCA_015018555.1	SAMN14091640	Listeria monocytogenes	PH2A-SITE-PLANT-SAMPLE-MATERIAL	Sample_Material_SD	plant material	plant_material_evidence	plant_material_evidence=false		Aves	8782				plant-associated material	plant-associated material	drain
GCA_015020895.1	SAMN14091632	Listeria monocytogenes	PH2A-SITE-PLANT-SAMPLE-MATERIAL	Sample_Material_SD	plant material	plant_material_evidence	plant_material_evidence=false		Aves	8782				plant-associated material	plant-associated material	drain
GCA_020073815.1	SAMN21220246	Nocardioides mangrovi	PH2A-SITE-PLANT-SAMPLE-MATERIAL	Sample_Material_SD	plant material	plant_material_evidence	plant_material_evidence=false		Viridiplantae	33090				plant-associated material	plant-associated material	
GCA_022535755.1	SAMN25989646	Citrobacter freundii	PH2A-HHS-PATIENT-HUMAN-CONTEXT	Host_Context_SD	human-associated	human_host_evidence	human_host_evidence=false					patient			healthcare-associated environment	hospital wastewater
GCA_021892715.1	SAMN14372656	Lactiplantibacillus plantarum	PH2A-SITE-PLANT-SAMPLE-MATERIAL	Sample_Material_SD	plant material	plant_material_evidence	plant_material_evidence=false		Viridiplantae	33090				plant-associated material	plant-associated material	
GCA_022602375.1	SAMN26199806	Rosenbergiella epipactidis	PH2A-SITE-PLANT-SAMPLE-MATERIAL	Sample_Material_SD	plant material	plant_material_evidence	plant_material_evidence=false		diplacus aurantiacus	68869				plant-associated material	plant-associated material	
GCA_051132145.1	SAMN18220741	Pseudomonas sp. D4-18	PH2A-SITE-PLANT-SAMPLE-MATERIAL	Sample_Material_SD	plant material	plant_material_evidence	plant_material_evidence=false		Bassia eriophora	267525				plant-associated material	plant-associated material	
GCA_018587885.1	SAMN19026553	Pseudomonas sp. VS40	PH2A-SITE-PLANT-SAMPLE-MATERIAL	Sample_Material_SD	plant material	plant_material_evidence	plant_material_evidence=false		Hedera helix	4052				plant-associated material	plant-associated material	
GCA_047987765.1	SAMN45227735	Pseudomonas aeruginosa	PH2A-HHS-PATIENT-HUMAN-CONTEXT	Host_Context_SD	human-associated	human_host_evidence	human_host_evidence=false					patient			clinical/host-associated material	sink
GCA_047988625.1	SAMN45227710	Pseudomonas aeruginosa	PH2A-HHS-PATIENT-HUMAN-CONTEXT	Host_Context_SD	human-associated	human_host_evidence	human_host_evidence=false					patient			clinical/host-associated material	sink
GCA_011801265.1	SAMN13899374	Clavibacter capsici	PH2A-SITE-PLANT-SAMPLE-MATERIAL	Sample_Material_SD	plant material	plant_material_evidence	plant_material_evidence=false		Capsicum	4071				plant-associated material	plant-associated material	cell culture
GCA_022602175.1	SAMN26199812	Rosenbergiella nectarea subsp. apis	PH2A-SITE-PLANT-SAMPLE-MATERIAL	Sample_Material_SD	plant material	plant_material_evidence	plant_material_evidence=false		Epipactis palustris	210730				plant-associated material	plant-associated material	
GCA_947085275.1	SAMEA111451347	uncultured delta proteobacterium	PH2A-SITE-PLANT-SAMPLE-MATERIAL	Sample_Material_SD	plant material	plant_material_evidence	plant_material_evidence=false		Viridiplantae	33090				plant-associated material	plant-associated material	
GCA_947085045.1	SAMEA111451369	uncultured Microbacteriaceae bacterium	PH2A-SITE-PLANT-SAMPLE-MATERIAL	Sample_Material_SD	plant material	plant_material_evidence	plant_material_evidence=false		Viridiplantae	33090				plant-associated material	plant-associated material	
GCA_947085805.1	SAMEA111451386	uncultured Parcubacteria group bacterium	PH2A-SITE-PLANT-SAMPLE-MATERIAL	Sample_Material_SD	plant material	plant_material_evidence	plant_material_evidence=false		Viridiplantae	33090				plant-associated material	plant-associated material	
GCA_947085705.1	SAMEA111451290	uncultured Omnitrophica bacterium	PH2A-SITE-PLANT-SAMPLE-MATERIAL	Sample_Material_SD	plant material	plant_material_evidence	plant_material_evidence=false		Viridiplantae	33090				plant-associated material	plant-associated material	
GCA_054952925.1	SAMN54941967	Serratia marcescens	PH2A-SITE-PLANT-SAMPLE-MATERIAL	Sample_Material_SD	plant material	plant_material_evidence	plant_material_evidence=false		Cynodon dactylon	28909				plant-associated material	plant-associated material	
GCA_022530985.1	SAMN25989752	Citrobacter freundii	PH2A-HHS-PATIENT-HUMAN-CONTEXT	Host_Context_SD	human-associated	human_host_evidence	human_host_evidence=false					patient			healthcare-associated environment	hospital wastewater
GCA_029948125.1	SAMN34245134	Catellatospora sp. KI3	PH2A-SITE-PLANT-SAMPLE-MATERIAL	Sample_Material_SD	plant material	plant_material_evidence	plant_material_evidence=false		Pistia stratiotes	4477				plant-associated material		
GCA_002565245.1	SAMN07598547	Bacillus cereus	PH2A-SITE-PLANT-SAMPLE-MATERIAL	Sample_Material_SD	plant material	plant_material_evidence	plant_material_evidence=false		Viridiplantae	33090				plant-associated material	plant-associated material	cell culture
GCA_002577325.1	SAMN07597945	Bacillus thuringiensis	PH2A-SITE-PLANT-SAMPLE-MATERIAL	Sample_Material_SD	plant material	plant_material_evidence	plant_material_evidence=false		Viridiplantae	33090				plant-associated material	plant-associated material	cell culture
GCA_024752355.1	SAMN30276558	Ancylobacter mangrovi	PH2A-SITE-PLANT-SAMPLE-MATERIAL	Sample_Material_SD	plant material	plant_material_evidence	plant_material_evidence=false		Viridiplantae	33090				plant-associated material	plant-associated material	
GCA_028847345.1	SAMEA4697955	Yersinia enterocolitica	PH2A-SITE-PLANT-SAMPLE-MATERIAL	Sample_Material_SD	plant material	plant_material_evidence	plant_material_evidence=false		Viridiplantae	33090				plant-associated material	plant-associated material	
GCA_006541075.1	SAMN12082467	Enterococcus faecalis	PH2A-SITE-PLANT-SAMPLE-MATERIAL	Sample_Material_SD	plant material	plant_material_evidence	plant_material_evidence=false		Viridiplantae	33090				plant-associated material	plant-associated material	beef
GCA_056530295.1	SAMN27610232	Bacillus sp. PK6-16	PH2A-SITE-PLANT-SAMPLE-MATERIAL	Sample_Material_SD	plant material	plant_material_evidence	plant_material_evidence=false		Tetraena simplex	2499693				plant-associated material	plant-associated material	
GCA_056529615.1	SAMN27610198	Staphylococcus sp. Z5-21	PH2A-SITE-PLANT-SAMPLE-MATERIAL	Sample_Material_SD	plant material	plant_material_evidence	plant_material_evidence=false		Filago	261771				plant-associated material	plant-associated material	
GCA_047979565.1	SAMN45227903	Pseudomonas aeruginosa	PH2A-HHS-PATIENT-HUMAN-CONTEXT	Host_Context_SD	human-associated	human_host_evidence	human_host_evidence=false					patient			clinical/host-associated material	sink
GCA_047983135.1	SAMN45227889	Pseudomonas aeruginosa	PH2A-HHS-PATIENT-HUMAN-CONTEXT	Host_Context_SD	human-associated	human_host_evidence	human_host_evidence=false					patient			clinical/host-associated material	sink
GCA_047985825.1	SAMN45227805	Pseudomonas aeruginosa	PH2A-HHS-PATIENT-HUMAN-CONTEXT	Host_Context_SD	human-associated	human_host_evidence	human_host_evidence=false					patient			clinical/host-associated material	sink
GCA_047987205.1	SAMN45227752	Pseudomonas aeruginosa	PH2A-HHS-PATIENT-HUMAN-CONTEXT	Host_Context_SD	human-associated	human_host_evidence	human_host_evidence=false					patient			clinical/host-associated material	sink
GCA_003100575.1	SAMN03761948	Sinorhizobium fredii CCBAU 45436	PH2A-SITE-PLANT-SAMPLE-MATERIAL	Sample_Material_SD	plant material	plant_material_evidence	plant_material_evidence=false		Glycine max	3847				plant-associated material	plant-associated material	cell culture
GCA_003121735.1	SAMN08979056	Pectobacterium polaris	PH2A-SITE-PLANT-SAMPLE-MATERIAL	Sample_Material_SD	plant material	plant_material_evidence	plant_material_evidence=false		Solanum tuberosum	4113				plant-associated material	plant-associated material	tissue
GCA_052071355.1	SAMN50549433	Proteus mirabilis	PH2A-SITE-PLANT-SAMPLE-MATERIAL	Sample_Material_SD	plant material	plant_material_evidence	plant_material_evidence=false		Viridiplantae	33090				plant-associated material	environmental material	environmental sample
GCA_021893055.1	SAMN14372637	Lactiplantibacillus plantarum	PH2A-SITE-PLANT-SAMPLE-MATERIAL	Sample_Material_SD	plant material	plant_material_evidence	plant_material_evidence=false		Viridiplantae	33090				plant-associated material	plant-associated material	
GCA_008629685.1	SAMN12687949	Adhaeribacter rhizoryzae	PH2A-SITE-PLANT-SAMPLE-MATERIAL	Sample_Material_SD	plant material	plant_material_evidence	plant_material_evidence=false		Viridiplantae	33090				plant-associated material	plant-associated material	
GCA_021365465.1	SAMN24011481	Erwinia tracheiphila	PH2A-SITE-PLANT-SAMPLE-MATERIAL	Sample_Material_SD	plant material	plant_material_evidence	plant_material_evidence=false		Cucurbita moschata	3662				plant-associated material	plant-associated material	cell culture
GCA_025653365.1	SAMN25232836	Shewanella sp. SW32	PH2A-SITE-PLANT-SAMPLE-MATERIAL	Sample_Material_SD	plant material	plant_material_evidence	plant_material_evidence=false		Viridiplantae	33090				plant-associated material	plant-associated material	
GCA_002775955.1	SAMN07420955	Listeria monocytogenes	PH2A-SITE-PLANT-SAMPLE-MATERIAL	Sample_Material_SD	plant material	plant_material_evidence	plant_material_evidence=false							plant-associated material	plant-associated material	meat product
GCA_022517465.1	SAMN25989832	Klebsiella pneumoniae	PH2A-HHS-PATIENT-HUMAN-CONTEXT	Host_Context_SD	human-associated	human_host_evidence	human_host_evidence=false					patient			healthcare-associated environment	hospital wastewater
GCA_022518625.1	SAMN25990043	Klebsiella ornithinolytica	PH2A-HHS-PATIENT-HUMAN-CONTEXT	Host_Context_SD	human-associated	human_host_evidence	human_host_evidence=false					patient			healthcare-associated environment	hospital wastewater
GCA_022518705.1	SAMN25989938	Klebsiella pneumoniae	PH2A-HHS-PATIENT-HUMAN-CONTEXT	Host_Context_SD	human-associated	human_host_evidence	human_host_evidence=false					patient			healthcare-associated environment	hospital wastewater
GCA_022519485.1	SAMN25989685	Klebsiella pneumoniae	PH2A-HHS-PATIENT-HUMAN-CONTEXT	Host_Context_SD	human-associated	human_host_evidence	human_host_evidence=false					patient			healthcare-associated environment	hospital wastewater
GCA_022519655.1	SAMN25989949	Klebsiella pneumoniae	PH2A-HHS-PATIENT-HUMAN-CONTEXT	Host_Context_SD	human-associated	human_host_evidence	human_host_evidence=false					patient			healthcare-associated environment	hospital wastewater
GCA_022519905.1	SAMN25988852	Escherichia coli	PH2A-HHS-PATIENT-HUMAN-CONTEXT	Host_Context_SD	human-associated	human_host_evidence	human_host_evidence=false					patient			healthcare-associated environment	hospital wastewater
GCA_022521245.1	SAMN25989819	Klebsiella pneumoniae	PH2A-HHS-PATIENT-HUMAN-CONTEXT	Host_Context_SD	human-associated	human_host_evidence	human_host_evidence=false					patient			healthcare-associated environment	hospital wastewater
GCA_022523805.1	SAMN25989279	Klebsiella pneumoniae	PH2A-HHS-PATIENT-HUMAN-CONTEXT	Host_Context_SD	human-associated	human_host_evidence	human_host_evidence=false					patient			healthcare-associated environment	hospital wastewater
GCA_002556405.1	SAMN07597258	Bacillus wiedmannii	PH2A-SITE-PLANT-SAMPLE-MATERIAL	Sample_Material_SD	plant material	plant_material_evidence	plant_material_evidence=false		Viridiplantae	33090				plant-associated material	plant-associated material	cell culture
GCA_002569015.1	SAMN07598572	Priestia aryabhattai	PH2A-SITE-PLANT-SAMPLE-MATERIAL	Sample_Material_SD	plant material	plant_material_evidence	plant_material_evidence=false		Triticum aestivum	4565				plant-associated material	plant-associated material	
GCA_003860685.1	SAMN10366525	Ralstonia solanacearum	PH2A-SITE-PLANT-SAMPLE-MATERIAL	Sample_Material_SD	plant material	plant_material_evidence	plant_material_evidence=false		Musa	4640				plant-associated material	plant-associated material	
GCA_015017495.1	SAMN14091723	Listeria monocytogenes	PH2A-SITE-PLANT-SAMPLE-MATERIAL	Sample_Material_SD	plant material	plant_material_evidence	plant_material_evidence=false		Aves	8782				plant-associated material	plant-associated material	drain
GCA_015018455.1	SAMN14091696	Listeria monocytogenes	PH2A-SITE-PLANT-SAMPLE-MATERIAL	Sample_Material_SD	plant material	plant_material_evidence	plant_material_evidence=false		Aves	8782				plant-associated material	plant-associated material	drain
GCA_015018875.1	SAMN14091668	Listeria monocytogenes	PH2A-SITE-PLANT-SAMPLE-MATERIAL	Sample_Material_SD	plant material	plant_material_evidence	plant_material_evidence=false		Aves	8782				plant-associated material	plant-associated material	drain
GCA_018139485.1	SAMN18794748	Phycicoccus avicenniae	PH2A-SITE-PLANT-SAMPLE-MATERIAL	Sample_Material_SD	plant material	plant_material_evidence	plant_material_evidence=false		Viridiplantae	33090				plant-associated material	plant-associated material	
GCA_054161345.1	SAMN27610214	Erwinia sp. PK3-005	PH2A-SITE-PLANT-SAMPLE-MATERIAL	Sample_Material_SD	plant material	plant_material_evidence	plant_material_evidence=false		Janochloa antidotale	3031383				plant-associated material	plant-associated material	
GCA_022527325.1	SAMN25988613	Citrobacter farmeri	PH2A-HHS-PATIENT-HUMAN-CONTEXT	Host_Context_SD	human-associated	human_host_evidence	human_host_evidence=false					patient			healthcare-associated environment	hospital wastewater
GCA_022534975.1	SAMN25989918	Citrobacter freundii	PH2A-HHS-PATIENT-HUMAN-CONTEXT	Host_Context_SD	human-associated	human_host_evidence	human_host_evidence=false					patient			healthcare-associated environment	hospital wastewater
GCA_056499135.1	SAMN27610222	Pseudomonas sp. PK3-6	PH2A-SITE-PLANT-SAMPLE-MATERIAL	Sample_Material_SD	plant material	plant_material_evidence	plant_material_evidence=false		Janochloa antidotale	3031383				plant-associated material	plant-associated material	
GCA_018383395.1	SAMN19068587	Pseudomonas syringae	PH2A-SITE-PLANT-SAMPLE-MATERIAL	Sample_Material_SD	plant material	plant_material_evidence	plant_material_evidence=false		Medicago sativa	3879				plant-associated material	plant-associated material	
GCA_047978585.1	SAMN45227941	Pseudomonas aeruginosa	PH2A-HHS-PATIENT-HUMAN-CONTEXT	Host_Context_SD	human-associated	human_host_evidence	human_host_evidence=false					patient			clinical/host-associated material	sink
GCA_047986805.1	SAMN45227774	Pseudomonas aeruginosa	PH2A-HHS-PATIENT-HUMAN-CONTEXT	Host_Context_SD	human-associated	human_host_evidence	human_host_evidence=false					patient			clinical/host-associated material	sink
GCA_050627115.1	SAMN47300689	Pseudomonas gorinensis	PH2A-SITE-PLANT-SAMPLE-MATERIAL	Sample_Material_SD	plant material	plant_material_evidence	plant_material_evidence=false		Pisum sativum	3888				plant-associated material	plant-associated material	
GCA_002150995.1	SAMN05439586	Clavibacter michiganensis	PH2A-SITE-PLANT-SAMPLE-MATERIAL	Sample_Material_SD	plant material	plant_material_evidence	plant_material_evidence=false		Solanum lycopersicum	4081				plant-associated material	plant-associated material	
GCA_021026335.1	SAMN23417615	Rhizobium sp. C1	PH2A-SITE-PLANT-SAMPLE-MATERIAL	Sample_Material_SD	plant material	plant_material_evidence	plant_material_evidence=false		Viridiplantae	33090				plant-associated material	plant-associated material	
GCA_040980915.1	SAMN37240226	Kocuria sp. CPCC 205233	PH2A-SITE-PLANT-SAMPLE-MATERIAL	Sample_Material_SD	plant material	plant_material_evidence	plant_material_evidence=false		Viridiplantae	33090				plant-associated material	plant-associated material	
GCA_947085525.1	SAMEA111451330	uncultured Candidatus Saccharibacteria bacterium	PH2A-SITE-PLANT-SAMPLE-MATERIAL	Sample_Material_SD	plant material	plant_material_evidence	plant_material_evidence=false		Viridiplantae	33090				plant-associated material	plant-associated material	
GCA_002558645.1	SAMN07597297	Bacillus cereus	PH2A-SITE-PLANT-SAMPLE-MATERIAL	Sample_Material_SD	plant material	plant_material_evidence	plant_material_evidence=false		oats	4498				plant-associated material	plant-associated material	
GCA_002574435.1	SAMN07598137	Bacillus thuringiensis	PH2A-SITE-PLANT-SAMPLE-MATERIAL	Sample_Material_SD	plant material	plant_material_evidence	plant_material_evidence=false		Viridiplantae	33090				plant-associated material	plant-associated material	cell culture
GCA_017353515.1	SAMN18147338	Jiella sonneratiae	PH2A-SITE-PLANT-SAMPLE-MATERIAL	Sample_Material_SD	plant material	plant_material_evidence	plant_material_evidence=false		Viridiplantae	33090				plant-associated material	plant-associated material	
GCA_025653775.1	SAMN25232824	Shewanella sp. SM72	PH2A-SITE-PLANT-SAMPLE-MATERIAL	Sample_Material_SD	plant material	plant_material_evidence	plant_material_evidence=false		Viridiplantae	33090				plant-associated material	plant-associated material	
GCA_947085125.1	SAMEA111451293	uncultured Nitrospirota bacterium	PH2A-SITE-PLANT-SAMPLE-MATERIAL	Sample_Material_SD	plant material	plant_material_evidence	plant_material_evidence=false		Viridiplantae	33090				plant-associated material	plant-associated material	
GCA_947084805.1	SAMEA111451318	uncultured beta proteobacterium	PH2A-SITE-PLANT-SAMPLE-MATERIAL	Sample_Material_SD	plant material	plant_material_evidence	plant_material_evidence=false		Viridiplantae	33090				plant-associated material	plant-associated material	
GCA_046549315.1	SAMN16788668	Streptomyces sp. 058-1L	PH2A-SITE-PLANT-SAMPLE-MATERIAL	Sample_Material_SD	plant material	plant_material_evidence	plant_material_evidence=false		Viridiplantae	33090				plant-associated material	plant-associated material	
GCA_002589455.1	SAMN07597783	Bacillus wiedmannii	PH2A-SITE-PLANT-SAMPLE-MATERIAL	Sample_Material_SD	plant material	plant_material_evidence	plant_material_evidence=false		Viridiplantae	33090				plant-associated material	plant-associated material	cell culture
GCA_002577195.1	SAMN07597951	Bacillus sp. AFS041924	PH2A-SITE-PLANT-SAMPLE-MATERIAL	Sample_Material_SD	plant material	plant_material_evidence	plant_material_evidence=false		Viridiplantae	33090				plant-associated material	plant-associated material	cell culture
GCA_002583915.1	SAMN07597882	Bacillus wiedmannii	PH2A-SITE-PLANT-SAMPLE-MATERIAL	Sample_Material_SD	plant material	plant_material_evidence	plant_material_evidence=false		Solanum lycopersicum	4081				plant-associated material	plant-associated material	
GCA_017968985.1	SAMN12730707	Streptomyces scabiei	PH2A-SITE-PLANT-SAMPLE-MATERIAL	Sample_Material_SD	plant material	plant_material_evidence	plant_material_evidence=false		Solanum tuberosum	4113				plant-associated material	plant-associated material	
GCA_015022195.1	SAMN14091724	Listeria monocytogenes	PH2A-SITE-PLANT-SAMPLE-MATERIAL	Sample_Material_SD	plant material	plant_material_evidence	plant_material_evidence=false		Aves	8782				plant-associated material	plant-associated material	drain
GCA_001634385.1	SAMN03782040	Rathayibacter tanaceti	PH2A-SITE-PLANT-SAMPLE-MATERIAL	Sample_Material_SD	plant material	plant_material_evidence	plant_material_evidence=false		Tanacetum vulgare	128002				plant-associated material	plant-associated material	
GCA_000725365.1	SAMN02864241	Terribacillus saccharophilus	PH2A-SITE-PLANT-SAMPLE-MATERIAL	Sample_Material_SD	plant material	plant_material_evidence	plant_material_evidence=false		Cryptomeria japonica var. sinensis	99810				plant-associated material	plant-associated material	
GCA_002571685.1	SAMN07598277	Bacillus wiedmannii	PH2A-SITE-PLANT-SAMPLE-MATERIAL	Sample_Material_SD	plant material	plant_material_evidence	plant_material_evidence=false		Viridiplantae	33090				plant-associated material	plant-associated material	cell culture
GCA_964480055.1	SAMEA117375477	uncultured Cellvibrionaceae bacterium	PH2A-SITE-PLANT-SAMPLE-MATERIAL	Sample_Material_SD	plant material	plant_material_evidence	plant_material_evidence=false		Viridiplantae	33090				plant-associated material		
GCA_056738965.1	SAMN27610226	Bacillus sp. PK5-025	PH2A-SITE-PLANT-SAMPLE-MATERIAL	Sample_Material_SD	plant material	plant_material_evidence	plant_material_evidence=false		Tribulus terrestris	210369				plant-associated material	plant-associated material	
GCA_002553255.1	SAMN07598623	Bacillus cereus	PH2A-SITE-PLANT-SAMPLE-MATERIAL	Sample_Material_SD	plant material	plant_material_evidence	plant_material_evidence=false		Viridiplantae	33090				plant-associated material	plant-associated material	cell culture
GCA_001043695.1	SAMN03392531	Bacillus safensis	PH2A-SITE-PLANT-SAMPLE-MATERIAL	Sample_Material_SD	plant material	plant_material_evidence	plant_material_evidence=false		Viridiplantae	33090				plant-associated material	plant-associated material	
GCA_002012345.1	SAMN06289803	blood disease bacterium A2-HR MARDI	PH2A-SITE-PLANT-SAMPLE-MATERIAL	Sample_Material_SD	plant material	plant_material_evidence	plant_material_evidence=false		Musa	4640		diseased		plant-associated material	clinical/host-associated material	microbial isolate
GCA_053901235.1	SAMN53526167	Xylella fastidiosa subsp. multiplex	PH2A-SITE-PLANT-SAMPLE-MATERIAL	Sample_Material_SD	plant material	plant_material_evidence	plant_material_evidence=false		Prunus sp.	2942660				plant-associated material	plant-associated material	cell culture
GCA_018951815.1	SAMN13738871	Clostridioides difficile	PH2A-SITE-PLANT-SAMPLE-MATERIAL	Sample_Material_SD	plant material	plant_material_evidence	plant_material_evidence=false		Viridiplantae	33090				plant-associated material	plant-associated material	
GCA_021498245.1	SAMN12405232	Serratia rubidaea	PH2A-SITE-PLANT-SAMPLE-MATERIAL	Sample_Material_SD	plant material	plant_material_evidence	plant_material_evidence=false		Hyacinthus	82024				plant-associated material	clinical/host-associated material	leaves
GCA_022517425.1	SAMN25988941	Klebsiella pneumoniae	PH2A-HHS-PATIENT-HUMAN-CONTEXT	Host_Context_SD	human-associated	human_host_evidence	human_host_evidence=false					patient			healthcare-associated environment	hospital wastewater
GCA_022530185.1	SAMN25988411	Klebsiella pneumoniae	PH2A-HHS-PATIENT-HUMAN-CONTEXT	Host_Context_SD	human-associated	human_host_evidence	human_host_evidence=false					patient			healthcare-associated environment	hospital wastewater
GCA_022519705.1	SAMN25989884	Klebsiella pneumoniae	PH2A-HHS-PATIENT-HUMAN-CONTEXT	Host_Context_SD	human-associated	human_host_evidence	human_host_evidence=false					patient			healthcare-associated environment	hospital wastewater
GCA_022521225.1	SAMN25989138	Klebsiella pneumoniae	PH2A-HHS-PATIENT-HUMAN-CONTEXT	Host_Context_SD	human-associated	human_host_evidence	human_host_evidence=false					patient			healthcare-associated environment	hospital wastewater
GCA_022522925.1	SAMN25989840	Klebsiella pneumoniae	PH2A-HHS-PATIENT-HUMAN-CONTEXT	Host_Context_SD	human-associated	human_host_evidence	human_host_evidence=false					patient			healthcare-associated environment	hospital wastewater
GCA_022523365.1	SAMN25989297	Klebsiella pneumoniae	PH2A-HHS-PATIENT-HUMAN-CONTEXT	Host_Context_SD	human-associated	human_host_evidence	human_host_evidence=false					patient			healthcare-associated environment	hospital wastewater
GCA_022531505.1	SAMN25989339	Klebsiella pneumoniae	PH2A-HHS-PATIENT-HUMAN-CONTEXT	Host_Context_SD	human-associated	human_host_evidence	human_host_evidence=false					patient			healthcare-associated environment	hospital wastewater
GCA_022534615.1	SAMN25989599	Klebsiella pneumoniae	PH2A-HHS-PATIENT-HUMAN-CONTEXT	Host_Context_SD	human-associated	human_host_evidence	human_host_evidence=false					patient			healthcare-associated environment	hospital wastewater
GCA_022535035.1	SAMN25988414	Klebsiella pneumoniae	PH2A-HHS-PATIENT-HUMAN-CONTEXT	Host_Context_SD	human-associated	human_host_evidence	human_host_evidence=false					patient			healthcare-associated environment	hospital wastewater
GCA_053834345.1	SAMEA120398570	Klebsiella pneumoniae	PH2A-HHS-PATIENT-HUMAN-CONTEXT	Host_Context_SD	human-associated	human_host_evidence	human_host_evidence=false					patient			clinical/host-associated material	drain
GCA_055179755.1	SAMN55012043	Staphylococcus sp. TCBT05	PH2A-SITE-PLANT-SAMPLE-MATERIAL	Sample_Material_SD	plant material	plant_material_evidence	plant_material_evidence=false		Viridiplantae	33090				plant-associated material	plant-associated material	
GCA_002555805.1	SAMN07597332	Bacillus toyonensis	PH2A-SITE-PLANT-SAMPLE-MATERIAL	Sample_Material_SD	plant material	plant_material_evidence	plant_material_evidence=false		Viridiplantae	33090				plant-associated material	plant-associated material	
GCA_015018215.1	SAMN14091597	Listeria monocytogenes	PH2A-SITE-PLANT-SAMPLE-MATERIAL	Sample_Material_SD	plant material	plant_material_evidence	plant_material_evidence=false		Aves	8782				plant-associated material	plant-associated material	drain
GCA_015021295.1	SAMN14091599	Listeria monocytogenes	PH2A-SITE-PLANT-SAMPLE-MATERIAL	Sample_Material_SD	plant material	plant_material_evidence	plant_material_evidence=false		Aves	8782				plant-associated material	plant-associated material	drain
GCA_026420865.1	SAMN31422749	Novosphingobium clariflavum	PH2A-SITE-PLANT-SAMPLE-MATERIAL	Sample_Material_SD	plant material	plant_material_evidence	plant_material_evidence=false							plant-associated material	clinical/host-associated material	sponge
GCA_054161465.1	SAMN27610237	Bacillus sp. R1-10	PH2A-SITE-PLANT-SAMPLE-MATERIAL	Sample_Material_SD	plant material	plant_material_evidence	plant_material_evidence=false		Plantago cylindrica	1928669				plant-associated material	plant-associated material	
GCA_016765615.1	SAMN17370666	Clostridium paridis	PH2A-SITE-PLANT-SAMPLE-MATERIAL	Sample_Material_SD	plant material	plant_material_evidence	plant_material_evidence=false		Paris polyphylla var. yunnanensis	221260				plant-associated material	plant-associated material	cell culture
GCA_025654465.1	SAMN25232809	Shewanella sp. SM101	PH2A-SITE-PLANT-SAMPLE-MATERIAL	Sample_Material_SD	plant material	plant_material_evidence	plant_material_evidence=false		Viridiplantae	33090				plant-associated material	plant-associated material	
GCA_051039295.1	SAMN37308763	Clavibacter michiganensis	PH2A-SITE-PLANT-SAMPLE-MATERIAL	Sample_Material_SD	plant material	plant_material_evidence	plant_material_evidence=false		Solanum lycopersicum	4081				plant-associated material	plant-associated material	cell culture
GCA_047978665.1	SAMN45227938	Pseudomonas aeruginosa	PH2A-HHS-PATIENT-HUMAN-CONTEXT	Host_Context_SD	human-associated	human_host_evidence	human_host_evidence=false					patient			clinical/host-associated material	sink
GCA_047983945.1	SAMN45227870	Pseudomonas aeruginosa	PH2A-HHS-PATIENT-HUMAN-CONTEXT	Host_Context_SD	human-associated	human_host_evidence	human_host_evidence=false					patient			clinical/host-associated material	sink
GCA_047986905.1	SAMN45227767	Pseudomonas aeruginosa	PH2A-HHS-PATIENT-HUMAN-CONTEXT	Host_Context_SD	human-associated	human_host_evidence	human_host_evidence=false					patient			clinical/host-associated material	sink
GCA_047988205.1	SAMN45227726	Pseudomonas aeruginosa	PH2A-HHS-PATIENT-HUMAN-CONTEXT	Host_Context_SD	human-associated	human_host_evidence	human_host_evidence=false					patient			clinical/host-associated material	sink
GCA_039555255.1	SAMN37852903	Xanthomonas oryzae pv. oryzae	PH2A-SITE-PLANT-SAMPLE-MATERIAL	Sample_Material_SD	plant material	plant_material_evidence	plant_material_evidence=false		Viridiplantae	33090				plant-associated material	plant-associated material	
GCA_001456315.1	SAMN03173341	Xylella fastidiosa	PH2A-SITE-PLANT-SAMPLE-MATERIAL	Sample_Material_SD	plant material	plant_material_evidence	plant_material_evidence=false		Hibiscus	47605				plant-associated material	plant-associated material	
GCA_022529845.1	SAMN25988820	Klebsiella pneumoniae	PH2A-HHS-PATIENT-HUMAN-CONTEXT	Host_Context_SD	human-associated	human_host_evidence	human_host_evidence=false					patient			healthcare-associated environment	hospital wastewater
GCA_022518505.1	SAMN25989147	Klebsiella pneumoniae	PH2A-HHS-PATIENT-HUMAN-CONTEXT	Host_Context_SD	human-associated	human_host_evidence	human_host_evidence=false					patient			healthcare-associated environment	hospital wastewater
GCA_022523405.1	SAMN25990020	Klebsiella pneumoniae	PH2A-HHS-PATIENT-HUMAN-CONTEXT	Host_Context_SD	human-associated	human_host_evidence	human_host_evidence=false					patient			healthcare-associated environment	hospital wastewater
GCA_002561825.1	SAMN07597478	Bacillus thuringiensis	PH2A-SITE-PLANT-SAMPLE-MATERIAL	Sample_Material_SD	plant material	plant_material_evidence	plant_material_evidence=false		Viridiplantae	33090				plant-associated material	plant-associated material	cell culture
GCA_002553345.1	SAMN07598599	Bacillus cereus	PH2A-SITE-PLANT-SAMPLE-MATERIAL	Sample_Material_SD	plant material	plant_material_evidence	plant_material_evidence=false		oats	4498				plant-associated material	plant-associated material	
GCA_002567495.1	SAMN07598336	Bacillus cereus	PH2A-SITE-PLANT-SAMPLE-MATERIAL	Sample_Material_SD	plant material	plant_material_evidence	plant_material_evidence=false		Viridiplantae	33090				plant-associated material	plant-associated material	cell culture
GCA_013284745.1	SAMN15009802	Bacillus velezensis	PH2A-SITE-PLANT-SAMPLE-MATERIAL	Sample_Material_SD	plant material	plant_material_evidence	plant_material_evidence=false		Solanum lycopersicum	4081				plant-associated material	plant-associated material	
GCA_013359535.1	SAMN15102643	Ralstonia solanacearum	PH2A-SITE-PLANT-SAMPLE-MATERIAL	Sample_Material_SD	plant material	plant_material_evidence	plant_material_evidence=false		Pelargonium	4030		diseased		plant-associated material	plant-associated material	microbial isolate
GCA_009674885.1	SAMN13230585	Paracoccus sp. S-4012	PH2A-SITE-PLANT-SAMPLE-MATERIAL	Sample_Material_SD	plant material	plant_material_evidence	plant_material_evidence=false		Viridiplantae	33090				plant-associated material	plant-associated material	
GCA_018950755.1	SAMN13738870	Clostridioides difficile	PH2A-SITE-PLANT-SAMPLE-MATERIAL	Sample_Material_SD	plant material	plant_material_evidence	plant_material_evidence=false		Viridiplantae	33090				plant-associated material	plant-associated material	
GCA_029524255.1	SAMN32950828	Pectobacterium brasiliense	PH2A-SITE-PLANT-SAMPLE-MATERIAL	Sample_Material_SD	plant material	plant_material_evidence	plant_material_evidence=false		Solanum tuberosum	4113				plant-associated material	plant-associated material	
GCA_053847205.1	SAMN53514400	Rummeliibacillus sp. JY-2-4R	PH2A-SITE-PLANT-SAMPLE-MATERIAL	Sample_Material_SD	plant material	plant_material_evidence	plant_material_evidence=false		Viridiplantae	33090				plant-associated material	plant-associated material	
GCA_002550115.1	SAMN07598710	Bacillus cereus	PH2A-SITE-PLANT-SAMPLE-MATERIAL	Sample_Material_SD	plant material	plant_material_evidence	plant_material_evidence=false		Viridiplantae	33090				plant-associated material	plant-associated material	cell culture
GCA_056850505.1	SAMN47254750	Xanthomonas citri pv. malvacearum	PH2A-SITE-PLANT-SAMPLE-MATERIAL	Sample_Material_SD	plant material	plant_material_evidence	plant_material_evidence=false		Prunus persica	3760				plant-associated material	plant-associated material	
GCA_023630845.1	SAMN26211620	Caballeronia sp. AAUFL_F1_KS47	PH2A-SITE-PLANT-SAMPLE-MATERIAL	Sample_Material_SD	plant material	plant_material_evidence	plant_material_evidence=false		Anasa andresii	2714317				plant-associated material	plant-associated material	gut content
GCA_015015335.1	SAMN14091702	Listeria monocytogenes	PH2A-SITE-PLANT-SAMPLE-MATERIAL	Sample_Material_SD	plant material	plant_material_evidence	plant_material_evidence=false							plant-associated material	plant-associated material	
GCA_047984365.1	SAMN45227850	Pseudomonas aeruginosa	PH2A-HHS-PATIENT-HUMAN-CONTEXT	Host_Context_SD	human-associated	human_host_evidence	human_host_evidence=false					patient			clinical/host-associated material	sink
GCA_002150985.1	SAMN05439591	Clavibacter michiganensis subsp. michiganensis	PH2A-SITE-PLANT-SAMPLE-MATERIAL	Sample_Material_SD	plant material	plant_material_evidence	plant_material_evidence=false		Solanum lycopersicum	4081				plant-associated material	plant-associated material	
GCA_022527655.1	SAMN25988661	Citrobacter freundii	PH2A-HHS-PATIENT-HUMAN-CONTEXT	Host_Context_SD	human-associated	human_host_evidence	human_host_evidence=false					patient			healthcare-associated environment	hospital wastewater
GCA_022602735.1	SAMN26199799	Rosenbergiella nectarea	PH2A-SITE-PLANT-SAMPLE-MATERIAL	Sample_Material_SD	plant material	plant_material_evidence	plant_material_evidence=false		diplacus aurantiacus	68869				plant-associated material	plant-associated material	
GCA_030847185.1	SAMN30207198	Cronobacter sakazakii	PH2A-SITE-PLANT-SAMPLE-MATERIAL	Sample_Material_SD	plant material	plant_material_evidence	plant_material_evidence=false							plant-associated material	plant-associated material	milk powder
GCA_016698665.1	SAMN17222282	Devosia rhizoryzae	PH2A-SITE-PLANT-SAMPLE-MATERIAL	Sample_Material_SD	plant material	plant_material_evidence	plant_material_evidence=false		Viridiplantae	33090				plant-associated material	plant-associated material	
GCA_002561055.1	SAMN07597476	Bacillus anthracis	PH2A-SITE-PLANT-SAMPLE-MATERIAL	Sample_Material_SD	plant material	plant_material_evidence	plant_material_evidence=false		Viridiplantae	33090				plant-associated material	plant-associated material	cell culture
GCA_002576865.1	SAMN07598008	Bacillus cereus	PH2A-SITE-PLANT-SAMPLE-MATERIAL	Sample_Material_SD	plant material	plant_material_evidence	plant_material_evidence=false		Viridiplantae	33090				plant-associated material	plant-associated material	
GCA_006757685.1	SAMN12143021	Klebsiella planticola	PH2A-SITE-PLANT-SAMPLE-MATERIAL	Sample_Material_SD	plant material	plant_material_evidence	plant_material_evidence=false		Viridiplantae	33090				plant-associated material	plant-associated material	
GCA_017742235.1	SAMN18520934	Bacillus sp. 165	PH2A-SITE-PLANT-SAMPLE-MATERIAL	Sample_Material_SD	plant material	plant_material_evidence	plant_material_evidence=false		Viridiplantae	33090				plant-associated material	plant-associated material	
GCA_051048105.1	SAMN17601320	Stutzerimonas urumqiensis	PH2A-SITE-PLANT-SAMPLE-MATERIAL	Sample_Material_SD	plant material	plant_material_evidence	plant_material_evidence=false		Tetraena simplex	2499693				plant-associated material	plant-associated material	
GCA_051027695.1	SAMN17601322	Pseudomonas sp. JZ134	PH2A-SITE-PLANT-SAMPLE-MATERIAL	Sample_Material_SD	plant material	plant_material_evidence	plant_material_evidence=false		Halothamnus bottae	996502				plant-associated material	plant-associated material	
GCA_002563095.1	SAMN07597511	Bacillus cereus	PH2A-SITE-PLANT-SAMPLE-MATERIAL	Sample_Material_SD	plant material	plant_material_evidence	plant_material_evidence=false		Viridiplantae	33090				plant-associated material	plant-associated material	cell culture
GCA_000410095.1	SAMN02641492	Lacticaseibacillus paracasei subsp. paracasei CNCM I-2877	PH2A-SITE-PLANT-SAMPLE-MATERIAL	Sample_Material_SD	plant material	plant_material_evidence	plant_material_evidence=false		Viridiplantae	33090				plant-associated material	plant-associated material	
GCA_025653705.1	SAMN25232829	Shewanella sp. SM87	PH2A-SITE-PLANT-SAMPLE-MATERIAL	Sample_Material_SD	plant material	plant_material_evidence	plant_material_evidence=false		Viridiplantae	33090				plant-associated material	plant-associated material	
GCA_024979295.1	SAMN30148956	Herbiconiux daphne	PH2A-SITE-PLANT-SAMPLE-MATERIAL	Sample_Material_SD	plant material	plant_material_evidence	plant_material_evidence=false		Daphne aurantiaca	2918710				plant-associated material		
GCA_947085835.1	SAMEA111451371	uncultured Nitrosomonadales bacterium	PH2A-SITE-PLANT-SAMPLE-MATERIAL	Sample_Material_SD	plant material	plant_material_evidence	plant_material_evidence=false		Viridiplantae	33090				plant-associated material	plant-associated material	
GCA_947085745.1	SAMEA111451355	uncultured Gammaproteobacteria bacterium	PH2A-SITE-PLANT-SAMPLE-MATERIAL	Sample_Material_SD	plant material	plant_material_evidence	plant_material_evidence=false		Viridiplantae	33090				plant-associated material	plant-associated material	
GCA_056738625.1	SAMN41787727	Xanthomonas citri pv. mangiferaeindicae	PH2A-SITE-PLANT-SAMPLE-MATERIAL	Sample_Material_SD	plant material	plant_material_evidence	plant_material_evidence=false		Mangifera indica	29780				plant-associated material	plant-associated material	microbial isolate
GCA_002566045.1	SAMN07598550	Bacillus cereus	PH2A-SITE-PLANT-SAMPLE-MATERIAL	Sample_Material_SD	plant material	plant_material_evidence	plant_material_evidence=false		Viridiplantae	33090				plant-associated material	plant-associated material	cell culture
GCA_000422305.1	SAMN02440816	Luteimonas mephitis DSM 12574	PH2A-SITE-PLANT-SAMPLE-MATERIAL	Sample_Material_SD	plant material	plant_material_evidence	plant_material_evidence=false		Metazoa	33208				plant-associated material	plant-associated material	
GCA_003612975.2	SAMN07187863	Ralstonia solanacearum	PH2A-SITE-PLANT-SAMPLE-MATERIAL	Sample_Material_SD	plant material	plant_material_evidence	plant_material_evidence=false		Solanum virginianum	223891				plant-associated material	plant-associated material	microbial isolate
GCA_001017485.1	SAMN03486505	Bacillus pumilus	PH2A-SITE-PLANT-SAMPLE-MATERIAL	Sample_Material_SD	plant material	plant_material_evidence	plant_material_evidence=false		Viridiplantae	33090				plant-associated material	plant-associated material	bacterial culture
GCA_002566595.1	SAMN07598432	Bacillus cereus	PH2A-SITE-PLANT-SAMPLE-MATERIAL	Sample_Material_SD	plant material	plant_material_evidence	plant_material_evidence=false		Viridiplantae	33090				plant-associated material	plant-associated material	cell culture
GCA_005651315.1	SAMN10720034	Salmonella enterica	PH2A-SITE-PLANT-SAMPLE-MATERIAL	Sample_Material_SD	plant material	plant_material_evidence	plant_material_evidence=false		Viridiplantae	33090				plant-associated material	plant-associated material	
GCA_026636275.1	SAMN23489387	Staphylococcus pasteuri	PH2A-SITE-PLANT-SAMPLE-MATERIAL	Sample_Material_SD	plant material	plant_material_evidence	plant_material_evidence=false		Viridiplantae	33090				plant-associated material		
GCA_025717005.1	SAMN31156846	Actinotalea endophytica	PH2A-SITE-PLANT-SAMPLE-MATERIAL	Sample_Material_SD	plant material	plant_material_evidence	plant_material_evidence=false		Sonneratia apetala	122813				plant-associated material	plant-associated material	
GCA_040534015.1	SAMN42054010	Novosphingobium kalidii	PH2A-SITE-PLANT-SAMPLE-MATERIAL	Sample_Material_SD	plant material	plant_material_evidence	plant_material_evidence=false		Viridiplantae	33090				plant-associated material	plant-associated material	
GCA_021893215.1	SAMN14372631	Lactiplantibacillus plantarum	PH2A-SITE-PLANT-SAMPLE-MATERIAL	Sample_Material_SD	plant material	plant_material_evidence	plant_material_evidence=false		Viridiplantae	33090				plant-associated material	plant-associated material	
GCA_051949895.1	SAMN41787749	Xanthomonas citri pv. mangiferaeindicae	PH2A-SITE-PLANT-SAMPLE-MATERIAL	Sample_Material_SD	plant material	plant_material_evidence	plant_material_evidence=false		Mangifera indica	29780				plant-associated material	plant-associated material	microbial isolate
GCA_056847675.1	SAMN47254630	Xanthomonas citri pv. glycines	PH2A-SITE-PLANT-SAMPLE-MATERIAL	Sample_Material_SD	plant material	plant_material_evidence	plant_material_evidence=false		Glycine max	3847				plant-associated material	plant-associated material	
GCA_022533385.1	SAMN25989952	Klebsiella pneumoniae	PH2A-HHS-PATIENT-HUMAN-CONTEXT	Host_Context_SD	human-associated	human_host_evidence	human_host_evidence=false					patient			healthcare-associated environment	hospital wastewater
GCA_022518785.1	SAMN25989940	Klebsiella pneumoniae	PH2A-HHS-PATIENT-HUMAN-CONTEXT	Host_Context_SD	human-associated	human_host_evidence	human_host_evidence=false					patient			healthcare-associated environment	hospital wastewater
GCA_022520025.1	SAMN25988410	Klebsiella pneumoniae	PH2A-HHS-PATIENT-HUMAN-CONTEXT	Host_Context_SD	human-associated	human_host_evidence	human_host_evidence=false					patient			healthcare-associated environment	hospital wastewater
GCA_022525805.1	SAMN25989482	Klebsiella pneumoniae	PH2A-HHS-PATIENT-HUMAN-CONTEXT	Host_Context_SD	human-associated	human_host_evidence	human_host_evidence=false					patient			healthcare-associated environment	hospital wastewater
GCA_022529105.1	SAMN25989106	Klebsiella pneumoniae	PH2A-HHS-PATIENT-HUMAN-CONTEXT	Host_Context_SD	human-associated	human_host_evidence	human_host_evidence=false					patient			healthcare-associated environment	hospital wastewater
GCA_022535135.1	SAMN25988792	Klebsiella pneumoniae	PH2A-HHS-PATIENT-HUMAN-CONTEXT	Host_Context_SD	human-associated	human_host_evidence	human_host_evidence=false					patient			healthcare-associated environment	hospital wastewater
GCA_022535335.1	SAMN25988418	Klebsiella pneumoniae	PH2A-HHS-PATIENT-HUMAN-CONTEXT	Host_Context_SD	human-associated	human_host_evidence	human_host_evidence=false					patient			healthcare-associated environment	hospital wastewater
GCA_024181865.1	SAMN29361901	Vibrio sp. Y58_MX_L22	PH2A-SITE-PLANT-SAMPLE-MATERIAL	Sample_Material_SD	plant material	plant_material_evidence	plant_material_evidence=false		Viridiplantae	33090				plant-associated material	plant-associated material	
GCA_000633555.1	SAMN02729853	Serratia marcescens PH1a	PH2A-SITE-PLANT-SAMPLE-MATERIAL	Sample_Material_SD	plant material	plant_material_evidence	plant_material_evidence=false		Viridiplantae	33090				plant-associated material	plant-associated material	
GCA_000648575.1	SAMN02676618	Serratia plymuthica	PH2A-SITE-PLANT-SAMPLE-MATERIAL	Sample_Material_SD	plant material	plant_material_evidence	plant_material_evidence=false							plant-associated material	plant-associated material	milk
GCA_002565105.1	SAMN07598424	Bacillus thuringiensis	PH2A-SITE-PLANT-SAMPLE-MATERIAL	Sample_Material_SD	plant material	plant_material_evidence	plant_material_evidence=false		Viridiplantae	33090				plant-associated material	plant-associated material	cell culture
GCA_002558595.1	SAMN07597303	Bacillus thuringiensis	PH2A-SITE-PLANT-SAMPLE-MATERIAL	Sample_Material_SD	plant material	plant_material_evidence	plant_material_evidence=false		Viridiplantae	33090				plant-associated material	plant-associated material	
GCA_002570745.1	SAMN07598240	Bacillus cereus	PH2A-SITE-PLANT-SAMPLE-MATERIAL	Sample_Material_SD	plant material	plant_material_evidence	plant_material_evidence=false		Viridiplantae	33090				plant-associated material	plant-associated material	cell culture
GCA_013284775.1	SAMN15009896	Bacillus velezensis	PH2A-SITE-PLANT-SAMPLE-MATERIAL	Sample_Material_SD	plant material	plant_material_evidence	plant_material_evidence=false		Viridiplantae	33090				plant-associated material	plant-associated material	
GCA_013284825.1	SAMN15010036	Bacillus velezensis	PH2A-SITE-PLANT-SAMPLE-MATERIAL	Sample_Material_SD	plant material	plant_material_evidence	plant_material_evidence=false		Citrus sinensis	2711				plant-associated material	plant-associated material	
GCA_015021755.1	SAMN14091635	Listeria monocytogenes	PH2A-SITE-PLANT-SAMPLE-MATERIAL	Sample_Material_SD	plant material	plant_material_evidence	plant_material_evidence=false		Aves	8782				plant-associated material	plant-associated material	drain
GCA_015022315.1	SAMN14091614	Listeria monocytogenes	PH2A-SITE-PLANT-SAMPLE-MATERIAL	Sample_Material_SD	plant material	plant_material_evidence	plant_material_evidence=false		Aves	8782				plant-associated material	plant-associated material	drain
GCA_018129095.1	SAMN13932470	Plastoroseomonas hellenica	PH2A-SITE-PLANT-SAMPLE-MATERIAL	Sample_Material_SD	plant material	plant_material_evidence	plant_material_evidence=false		Viridiplantae	33090				plant-associated material	plant-associated material	microbial isolate
GCA_056715705.1	SAMN41787775	Xanthomonas citri pv. anacardii	PH2A-SITE-PLANT-SAMPLE-MATERIAL	Sample_Material_SD	plant material	plant_material_evidence	plant_material_evidence=false		Mangifera indica	29780				plant-associated material	plant-associated material	microbial isolate
GCA_056867855.1	SAMN47254618	Xanthomonas citri pv. fuscans	PH2A-SITE-PLANT-SAMPLE-MATERIAL	Sample_Material_SD	plant material	plant_material_evidence	plant_material_evidence=false		Phaseolus vulgaris	3885				plant-associated material	plant-associated material	
GCA_051040145.1	SAMN37308755	Clavibacter michiganensis	PH2A-SITE-PLANT-SAMPLE-MATERIAL	Sample_Material_SD	plant material	plant_material_evidence	plant_material_evidence=false		Solanum lycopersicum	4081				plant-associated material	plant-associated material	cell culture
GCA_964642935.1	SAMEA117375454	uncultured Rhodobacterales bacterium	PH2A-SITE-PLANT-SAMPLE-MATERIAL	Sample_Material_SD	plant material	plant_material_evidence	plant_material_evidence=false		Viridiplantae	33090				plant-associated material		
GCA_040704505.1	SAMN41497611	Streptomyces sp. NPDC047002	PH2A-SITE-PLANT-SAMPLE-MATERIAL	Sample_Material_SD	plant material	plant_material_evidence	plant_material_evidence=false		Viridiplantae	33090				plant-associated material	plant-associated material	
GCA_018951175.1	SAMN13738863	Clostridioides difficile	PH2A-SITE-PLANT-SAMPLE-MATERIAL	Sample_Material_SD	plant material	plant_material_evidence	plant_material_evidence=false		Viridiplantae	33090				plant-associated material	plant-associated material	
GCA_054130995.1	SAMN27610183	Olivibacter sp. SA151	PH2A-SITE-PLANT-SAMPLE-MATERIAL	Sample_Material_SD	plant material	plant_material_evidence	plant_material_evidence=false		Indigofera argentea	198858				plant-associated material	plant-associated material	
GCA_023631425.1	SAMN26211589	Caballeronia sp. GaOx3	PH2A-SITE-PLANT-SAMPLE-MATERIAL	Sample_Material_SD	plant material	plant_material_evidence	plant_material_evidence=false		Anasa tristis	236421				plant-associated material	plant-associated material	gut content
GCA_018587895.1	SAMN19026554	Pseudomonas sp. VS59	PH2A-SITE-PLANT-SAMPLE-MATERIAL	Sample_Material_SD	plant material	plant_material_evidence	plant_material_evidence=false		Hedera helix	4052				plant-associated material	plant-associated material	
GCA_020557045.1	SAMN16124475	Enterococcus faecium	PH2A-HHS-PATIENT-HUMAN-CONTEXT	Host_Context_SD	human-associated	human_host_evidence	human_host_evidence=false					patient				
GCA_046592915.1	SAMN38756499	Serratia quinivorans	PH2A-SITE-PLANT-SAMPLE-MATERIAL	Sample_Material_SD	plant material	plant_material_evidence	plant_material_evidence=false		Oenothera biennis	3942				plant-associated material		
GCA_047979065.1	SAMN45227917	Pseudomonas aeruginosa	PH2A-HHS-PATIENT-HUMAN-CONTEXT	Host_Context_SD	human-associated	human_host_evidence	human_host_evidence=false					patient			clinical/host-associated material	sink
GCA_047979575.1	SAMN45227904	Pseudomonas aeruginosa	PH2A-HHS-PATIENT-HUMAN-CONTEXT	Host_Context_SD	human-associated	human_host_evidence	human_host_evidence=false					patient			clinical/host-associated material	sink
GCA_047983525.1	SAMN45227881	Pseudomonas aeruginosa	PH2A-HHS-PATIENT-HUMAN-CONTEXT	Host_Context_SD	human-associated	human_host_evidence	human_host_evidence=false					patient			clinical/host-associated material	sink
GCA_047984165.1	SAMN45227862	Pseudomonas aeruginosa	PH2A-HHS-PATIENT-HUMAN-CONTEXT	Host_Context_SD	human-associated	human_host_evidence	human_host_evidence=false					patient			clinical/host-associated material	sink
GCA_047984545.1	SAMN45227842	Pseudomonas aeruginosa	PH2A-HHS-PATIENT-HUMAN-CONTEXT	Host_Context_SD	human-associated	human_host_evidence	human_host_evidence=false					patient			clinical/host-associated material	sink
GCA_047987225.1	SAMN45227751	Pseudomonas aeruginosa	PH2A-HHS-PATIENT-HUMAN-CONTEXT	Host_Context_SD	human-associated	human_host_evidence	human_host_evidence=false					patient			clinical/host-associated material	sink
GCA_002879865.1	SAMN08277008	Paraburkholderia rhynchosiae	PH2A-SITE-PLANT-SAMPLE-MATERIAL	Sample_Material_SD	plant material	plant_material_evidence	plant_material_evidence=false		Viridiplantae	33090				plant-associated material	plant-associated material	
GCA_021892845.1	SAMN14372648	Lactiplantibacillus plantarum	PH2A-SITE-PLANT-SAMPLE-MATERIAL	Sample_Material_SD	plant material	plant_material_evidence	plant_material_evidence=false		Viridiplantae	33090				plant-associated material	plant-associated material	
GCA_021893125.1	SAMN14372636	Lactiplantibacillus plantarum	PH2A-SITE-PLANT-SAMPLE-MATERIAL	Sample_Material_SD	plant material	plant_material_evidence	plant_material_evidence=false		Viridiplantae	33090				plant-associated material	plant-associated material	
GCA_024413415.1	SAMN29489343	Pseudomonas savastanoi	PH2A-SITE-PLANT-SAMPLE-MATERIAL	Sample_Material_SD	plant material	plant_material_evidence	plant_material_evidence=false		Viridiplantae	33090				plant-associated material	plant-associated material	
GCA_030382115.1	SAMN35839405	Nostoc sp. GT001	PH2A-SITE-PLANT-SAMPLE-MATERIAL	Sample_Material_SD	plant material	plant_material_evidence	plant_material_evidence=false		Gunnera tinctoria	251266				plant-associated material		
GCA_013285045.1	SAMN15010696	Bacillus velezensis	PH2A-SITE-PLANT-SAMPLE-MATERIAL	Sample_Material_SD	plant material	plant_material_evidence	plant_material_evidence=false		Viridiplantae	33090				plant-associated material	plant-associated material	
GCA_056847585.1	SAMN47254629	Xanthomonas citri pv. glycines	PH2A-SITE-PLANT-SAMPLE-MATERIAL	Sample_Material_SD	plant material	plant_material_evidence	plant_material_evidence=false		Glycine max	3847				plant-associated material	plant-associated material	
GCA_022534595.1	SAMN25989598	Klebsiella pneumoniae	PH2A-HHS-PATIENT-HUMAN-CONTEXT	Host_Context_SD	human-associated	human_host_evidence	human_host_evidence=false					patient			healthcare-associated environment	hospital wastewater
GCA_022522865.1	SAMN25989894	Klebsiella pneumoniae	PH2A-HHS-PATIENT-HUMAN-CONTEXT	Host_Context_SD	human-associated	human_host_evidence	human_host_evidence=false					patient			healthcare-associated environment	hospital wastewater
GCA_022523045.1	SAMN25989537	Klebsiella pneumoniae	PH2A-HHS-PATIENT-HUMAN-CONTEXT	Host_Context_SD	human-associated	human_host_evidence	human_host_evidence=false					patient			healthcare-associated environment	hospital wastewater
GCA_022528625.1	SAMN25989174	Klebsiella pneumoniae	PH2A-HHS-PATIENT-HUMAN-CONTEXT	Host_Context_SD	human-associated	human_host_evidence	human_host_evidence=false					patient			healthcare-associated environment	hospital wastewater
GCA_022532265.1	SAMN25988448	Klebsiella pneumoniae	PH2A-HHS-PATIENT-HUMAN-CONTEXT	Host_Context_SD	human-associated	human_host_evidence	human_host_evidence=false					patient			healthcare-associated environment	hospital wastewater
GCA_022533955.1	SAMN25988918	Klebsiella pneumoniae	PH2A-HHS-PATIENT-HUMAN-CONTEXT	Host_Context_SD	human-associated	human_host_evidence	human_host_evidence=false					patient			healthcare-associated environment	hospital wastewater
GCA_002552565.1	SAMN07598618	Priestia megaterium	PH2A-SITE-PLANT-SAMPLE-MATERIAL	Sample_Material_SD	plant material	plant_material_evidence	plant_material_evidence=false		Triticum aestivum	4565				plant-associated material	plant-associated material	
GCA_003028395.1	SAMN08626519	Pectobacterium punjabense	PH2A-SITE-PLANT-SAMPLE-MATERIAL	Sample_Material_SD	plant material	plant_material_evidence	plant_material_evidence=false		Solanum tuberosum	4113				plant-associated material	plant-associated material	cell culture
GCA_004307995.1	SAMN10962218	Paenibacillus thalictri	PH2A-SITE-PLANT-SAMPLE-MATERIAL	Sample_Material_SD	plant material	plant_material_evidence	plant_material_evidence=false		Thalictrum simplex	495765				plant-associated material	plant-associated material	tissue
GCA_016735495.2	SAMN17222299	Lysobacter sp. MMG2	PH2A-SITE-PLANT-SAMPLE-MATERIAL	Sample_Material_SD	plant material	plant_material_evidence	plant_material_evidence=false		Viridiplantae	33090				plant-associated material	plant-associated material	
GCA_022517365.1	SAMN25988553	Citrobacter freundii	PH2A-HHS-PATIENT-HUMAN-CONTEXT	Host_Context_SD	human-associated	human_host_evidence	human_host_evidence=false					patient			healthcare-associated environment	hospital wastewater
GCA_022519165.1	SAMN25988686	Citrobacter freundii	PH2A-HHS-PATIENT-HUMAN-CONTEXT	Host_Context_SD	human-associated	human_host_evidence	human_host_evidence=false					patient			healthcare-associated environment	hospital wastewater
GCA_022602295.1	SAMN26199809	Rosenbergiella epipactidis	PH2A-SITE-PLANT-SAMPLE-MATERIAL	Sample_Material_SD	plant material	plant_material_evidence	plant_material_evidence=false		Antirrhinum sp.	29720				plant-associated material	plant-associated material	
GCA_053903075.1	SAMN27610249	Bacillus sp. AK128	PH2A-SITE-PLANT-SAMPLE-MATERIAL	Sample_Material_SD	plant material	plant_material_evidence	plant_material_evidence=false		Avicennia marina	82927				plant-associated material	plant-associated material	
GCA_022533325.1	SAMN25989039	Citrobacter freundii	PH2A-HHS-PATIENT-HUMAN-CONTEXT	Host_Context_SD	human-associated	human_host_evidence	human_host_evidence=false					patient			healthcare-associated environment	hospital wastewater
GCA_036243495.1	SAMN24016273	Streptomyces luteogriseus	PH2A-SITE-PLANT-SAMPLE-MATERIAL	Sample_Material_SD	plant material	plant_material_evidence	plant_material_evidence=false		Viridiplantae	33090				plant-associated material	plant-associated material	
GCA_020312195.1	SAMN18647612	Pseudomonas sp. P129	PH2A-SITE-PLANT-SAMPLE-MATERIAL	Sample_Material_SD	plant material	plant_material_evidence	plant_material_evidence=false		Cucurbita pepo	3663				plant-associated material	plant-associated material	
GCA_047978615.1	SAMN45227937	Pseudomonas aeruginosa	PH2A-HHS-PATIENT-HUMAN-CONTEXT	Host_Context_SD	human-associated	human_host_evidence	human_host_evidence=false					patient			clinical/host-associated material	sink
GCA_024273235.1	SAMN29490045	Sphingomonas faeni	PH2A-SITE-PLANT-SAMPLE-MATERIAL	Sample_Material_SD	plant material	plant_material_evidence	plant_material_evidence=false		Arnebia euchroma	373122				plant-associated material	plant-associated material	
GCA_029887875.1	SAMN34272557	Luteimonas endophytica	PH2A-SITE-PLANT-SAMPLE-MATERIAL	Sample_Material_SD	plant material	plant_material_evidence	plant_material_evidence=false		Viridiplantae	33090				plant-associated material	plant-associated material	
GCA_047226375.1	SAMN46289078	Curtobacterium flaccumfaciens	PH2A-SITE-PLANT-SAMPLE-MATERIAL	Sample_Material_SD	plant material	plant_material_evidence	plant_material_evidence=false		Euphorbia pulcherrima	37495				plant-associated material	plant-associated material	cell culture
GCA_947085505.1	SAMEA111451312	uncultured bacterium	PH2A-SITE-PLANT-SAMPLE-MATERIAL	Sample_Material_SD	plant material	plant_material_evidence	plant_material_evidence=false		Viridiplantae	33090				plant-associated material	plant-associated material	
GCA_008041935.1	SAMN12217346	Quadrisphaera setariae	PH2A-SITE-PLANT-SAMPLE-MATERIAL	Sample_Material_SD	plant material	plant_material_evidence	plant_material_evidence=false		Viridiplantae	33090				plant-associated material	plant-associated material	
GCA_002565235.1	SAMN07598553	Bacillus cereus	PH2A-SITE-PLANT-SAMPLE-MATERIAL	Sample_Material_SD	plant material	plant_material_evidence	plant_material_evidence=false		Viridiplantae	33090				plant-associated material	plant-associated material	
GCA_002583715.1	SAMN07597895	Bacillus toyonensis	PH2A-SITE-PLANT-SAMPLE-MATERIAL	Sample_Material_SD	plant material	plant_material_evidence	plant_material_evidence=false		Viridiplantae	33090				plant-associated material	plant-associated material	cell culture
GCA_056738185.1	SAMN41787768	Xanthomonas citri pv. mangiferaeindicae	PH2A-SITE-PLANT-SAMPLE-MATERIAL	Sample_Material_SD	plant material	plant_material_evidence	plant_material_evidence=false		Mangifera indica	29780				plant-associated material	plant-associated material	microbial isolate
GCA_019443105.1	SAMN20425598	Paenibacillus oenotherae	PH2A-SITE-PLANT-SAMPLE-MATERIAL	Sample_Material_SD	plant material	plant_material_evidence	plant_material_evidence=false		Viridiplantae	33090				plant-associated material	plant-associated material	microbial isolate
GCA_947085325.1	SAMEA111451358	uncultured Gammaproteobacteria bacterium	PH2A-SITE-PLANT-SAMPLE-MATERIAL	Sample_Material_SD	plant material	plant_material_evidence	plant_material_evidence=false		Viridiplantae	33090				plant-associated material	plant-associated material	
GCA_018388545.1	SAMN19070009	Pseudomonas viridiflava	PH2A-SITE-PLANT-SAMPLE-MATERIAL	Sample_Material_SD	plant material	plant_material_evidence	plant_material_evidence=false		Medicago sativa	3879				plant-associated material	plant-associated material	
GCA_002159015.1	SAMN05439585	Clavibacter michiganensis subsp. michiganensis	PH2A-SITE-PLANT-SAMPLE-MATERIAL	Sample_Material_SD	plant material	plant_material_evidence	plant_material_evidence=false		Solanum lycopersicum	4081				plant-associated material	plant-associated material	
GCA_022530365.1	SAMN25989673	Citrobacter freundii	PH2A-HHS-PATIENT-HUMAN-CONTEXT	Host_Context_SD	human-associated	human_host_evidence	human_host_evidence=false					patient			healthcare-associated environment	hospital wastewater
GCA_022532365.1	SAMN25989220	Citrobacter farmeri	PH2A-HHS-PATIENT-HUMAN-CONTEXT	Host_Context_SD	human-associated	human_host_evidence	human_host_evidence=false					patient			healthcare-associated environment	hospital wastewater
GCA_047226385.1	SAMN46289077	Curtobacterium flaccumfaciens	PH2A-SITE-PLANT-SAMPLE-MATERIAL	Sample_Material_SD	plant material	plant_material_evidence	plant_material_evidence=false		Euphorbia pulcherrima	37495				plant-associated material	plant-associated material	cell culture
GCA_049887855.1	SAMN18321903	Chryseobacterium sp. NFX27	PH2A-SITE-PLANT-SAMPLE-MATERIAL	Sample_Material_SD	plant material	plant_material_evidence	plant_material_evidence=false		Viridiplantae	33090				plant-associated material	plant-associated material	cell culture
GCA_051040305.1	SAMN37308748	Clavibacter michiganensis	PH2A-SITE-PLANT-SAMPLE-MATERIAL	Sample_Material_SD	plant material	plant_material_evidence	plant_material_evidence=false		Solanum lycopersicum	4081				plant-associated material	plant-associated material	cell culture
GCA_004078635.1	SAMN10640883	Labedella phragmitis	PH2A-SITE-PLANT-SAMPLE-MATERIAL	Sample_Material_SD	plant material	plant_material_evidence	plant_material_evidence=false		Viridiplantae	33090				plant-associated material	plant-associated material	
GCA_056499105.1	SAMN27610197	Arthrobacter sp. Z5-13	PH2A-SITE-PLANT-SAMPLE-MATERIAL	Sample_Material_SD	plant material	plant_material_evidence	plant_material_evidence=false		Filago	261771				plant-associated material	plant-associated material	
GCA_002576645.1	SAMN07598046	Bacillus thuringiensis	PH2A-SITE-PLANT-SAMPLE-MATERIAL	Sample_Material_SD	plant material	plant_material_evidence	plant_material_evidence=false		Viridiplantae	33090				plant-associated material	plant-associated material	cell culture
GCA_030070085.1	SAMN35174174	Stenotrophomonas sepilia	PH2A-SITE-PLANT-SAMPLE-MATERIAL	Sample_Material_SD	plant material	plant_material_evidence	plant_material_evidence=false		Oryza sativa	4530				plant-associated material	plant-associated material	
GCA_016025255.1	SAMN16095155	Allosphingosinicella flava	PH2A-SITE-PLANT-SAMPLE-MATERIAL	Sample_Material_SD	plant material	plant_material_evidence	plant_material_evidence=false		Viridiplantae	33090				plant-associated material	plant-associated material	
GCA_050709855.1	SAMN47300679	Pseudomonas thivervalensis	PH2A-SITE-PLANT-SAMPLE-MATERIAL	Sample_Material_SD	plant material	plant_material_evidence	plant_material_evidence=false		Pisum sativum	3888				plant-associated material	plant-associated material	
GCA_022527645.1	SAMN25988662	Citrobacter freundii	PH2A-HHS-PATIENT-HUMAN-CONTEXT	Host_Context_SD	human-associated	human_host_evidence	human_host_evidence=false					patient			healthcare-associated environment	hospital wastewater
GCA_006227205.1	SAMN11843475	Pseudomonas sp. ICMP22404	PH2A-SITE-PLANT-SAMPLE-MATERIAL	Sample_Material_SD	plant material	plant_material_evidence	plant_material_evidence=false		Solanum lycopersicum	4081				plant-associated material	plant-associated material	
GCA_009796185.1	SAMN09428033	Clavibacter michiganensis subsp. michiganensis	PH2A-SITE-PLANT-SAMPLE-MATERIAL	Sample_Material_SD	plant material	plant_material_evidence	plant_material_evidence=false		Solanum lycopersicum	4081				plant-associated material	plant-associated material	
GCA_021894415.1	SAMN14372571	Lactiplantibacillus plantarum	PH2A-SITE-PLANT-SAMPLE-MATERIAL	Sample_Material_SD	plant material	plant_material_evidence	plant_material_evidence=false		Viridiplantae	33090				plant-associated material	plant-associated material	
GCA_022517545.1	SAMN25989707	Klebsiella pneumoniae	PH2A-HHS-PATIENT-HUMAN-CONTEXT	Host_Context_SD	human-associated	human_host_evidence	human_host_evidence=false					patient			healthcare-associated environment	hospital wastewater
GCA_022529625.1	SAMN25989770	Klebsiella pneumoniae	PH2A-HHS-PATIENT-HUMAN-CONTEXT	Host_Context_SD	human-associated	human_host_evidence	human_host_evidence=false					patient			healthcare-associated environment	hospital wastewater
GCA_003323815.1	SAMN09630388	Acinetobacter haemolyticus	PH2A-SITE-PLANT-SAMPLE-MATERIAL	Sample_Material_SD	plant material	plant_material_evidence	plant_material_evidence=false		Viridiplantae	33090				plant-associated material	plant-associated material	
GCA_015014375.1	SAMN15486407	Listeria monocytogenes	PH2A-SITE-PLANT-SAMPLE-MATERIAL	Sample_Material_SD	plant material	plant_material_evidence	plant_material_evidence=false		Aves	8782				plant-associated material	plant-associated material	drain
GCA_015015435.1	SAMN14091602	Listeria monocytogenes	PH2A-SITE-PLANT-SAMPLE-MATERIAL	Sample_Material_SD	plant material	plant_material_evidence	plant_material_evidence=false		Aves	8782				plant-associated material	plant-associated material	drain
GCA_013391665.1	SAMN15422976	Rhizobium leguminosarum bv. viciae	PH2A-SITE-PLANT-SAMPLE-MATERIAL	Sample_Material_SD	plant material	plant_material_evidence	plant_material_evidence=false		Triticum turgidum	4571				plant-associated material	plant-associated material	
GCA_002551735.1	SAMN07598709	Bacillus toyonensis	PH2A-SITE-PLANT-SAMPLE-MATERIAL	Sample_Material_SD	plant material	plant_material_evidence	plant_material_evidence=false		Viridiplantae	33090				plant-associated material	plant-associated material	cell culture
GCA_003097495.1	SAMN08984915	Amnibacterium flavum	PH2A-SITE-PLANT-SAMPLE-MATERIAL	Sample_Material_SD	plant material	plant_material_evidence	plant_material_evidence=false		Viridiplantae	33090				plant-associated material	plant-associated material	
GCA_038433045.1	SAMN40911110	Shewanella algae	PH2A-HHS-PATIENT-HUMAN-CONTEXT	Host_Context_SD	human-associated	human_host_evidence	human_host_evidence=false					patient		rectum/perianal region	clinical/host-associated material	rectal swab
GCA_047985705.1	SAMN45227808	Pseudomonas aeruginosa	PH2A-HHS-PATIENT-HUMAN-CONTEXT	Host_Context_SD	human-associated	human_host_evidence	human_host_evidence=false					patient			clinical/host-associated material	sink
GCA_054130595.1	SAMN27610169	Pseudomonas sp. D1-3	PH2A-SITE-PLANT-SAMPLE-MATERIAL	Sample_Material_SD	plant material	plant_material_evidence	plant_material_evidence=false		Erodium	21555				plant-associated material	plant-associated material	
GCA_001043635.1	SAMN03392517	Leclercia sp. LK8	PH2A-SITE-PLANT-SAMPLE-MATERIAL	Sample_Material_SD	plant material	plant_material_evidence	plant_material_evidence=false		Viridiplantae	33090				plant-associated material	plant-associated material	
GCA_002558035.1	SAMN07597403	Bacillus thuringiensis	PH2A-SITE-PLANT-SAMPLE-MATERIAL	Sample_Material_SD	plant material	plant_material_evidence	plant_material_evidence=false		Viridiplantae	33090				plant-associated material	plant-associated material	
GCA_003600775.1	SAMN07514322	Bacillus subtilis	PH2A-SITE-PLANT-SAMPLE-MATERIAL	Sample_Material_SD	plant material	plant_material_evidence	plant_material_evidence=false		Janochloa antidotale	3031383				plant-associated material	plant-associated material	
GCA_051949695.1	SAMN41787752	Xanthomonas citri pv. mangiferaeindicae	PH2A-SITE-PLANT-SAMPLE-MATERIAL	Sample_Material_SD	plant material	plant_material_evidence	plant_material_evidence=false		Mangifera indica	29780				plant-associated material	plant-associated material	microbial isolate
GCA_021026345.1	SAMN23417484	Rhizobium sp. GN54	PH2A-SITE-PLANT-SAMPLE-MATERIAL	Sample_Material_SD	plant material	plant_material_evidence	plant_material_evidence=false		Viridiplantae	33090				plant-associated material	plant-associated material	
GCA_022532425.1	SAMN25989189	Klebsiella pneumoniae	PH2A-HHS-PATIENT-HUMAN-CONTEXT	Host_Context_SD	human-associated	human_host_evidence	human_host_evidence=false					patient			healthcare-associated environment	hospital wastewater
GCA_022532845.1	SAMN25990037	Klebsiella pneumoniae	PH2A-HHS-PATIENT-HUMAN-CONTEXT	Host_Context_SD	human-associated	human_host_evidence	human_host_evidence=false					patient			healthcare-associated environment	hospital wastewater
GCA_022521005.1	SAMN25989771	Klebsiella pneumoniae	PH2A-HHS-PATIENT-HUMAN-CONTEXT	Host_Context_SD	human-associated	human_host_evidence	human_host_evidence=false					patient			healthcare-associated environment	hospital wastewater
GCA_022531215.1	SAMN25989394	Klebsiella pneumoniae	PH2A-HHS-PATIENT-HUMAN-CONTEXT	Host_Context_SD	human-associated	human_host_evidence	human_host_evidence=false					patient			healthcare-associated environment	hospital wastewater
GCA_022535855.1	SAMN25988706	Klebsiella pneumoniae	PH2A-HHS-PATIENT-HUMAN-CONTEXT	Host_Context_SD	human-associated	human_host_evidence	human_host_evidence=false					patient			healthcare-associated environment	hospital wastewater
GCA_024181905.1	SAMN29361905	Vibrio sp. Y28_XK_CS4	PH2A-SITE-PLANT-SAMPLE-MATERIAL	Sample_Material_SD	plant material	plant_material_evidence	plant_material_evidence=false		Viridiplantae	33090				plant-associated material	plant-associated material	
GCA_015014305.1	SAMN15486403	Listeria monocytogenes	PH2A-SITE-PLANT-SAMPLE-MATERIAL	Sample_Material_SD	plant material	plant_material_evidence	plant_material_evidence=false		Aves	8782				plant-associated material	plant-associated material	drain
GCA_015014355.1	SAMN14091692	Listeria monocytogenes	PH2A-SITE-PLANT-SAMPLE-MATERIAL	Sample_Material_SD	plant material	plant_material_evidence	plant_material_evidence=false		Aves	8782				plant-associated material	plant-associated material	drain
GCA_015016935.1	SAMN14091730	Listeria monocytogenes	PH2A-SITE-PLANT-SAMPLE-MATERIAL	Sample_Material_SD	plant material	plant_material_evidence	plant_material_evidence=false		Aves	8782				plant-associated material	plant-associated material	drain
GCA_015017035.1	SAMN14091661	Listeria monocytogenes	PH2A-SITE-PLANT-SAMPLE-MATERIAL	Sample_Material_SD	plant material	plant_material_evidence	plant_material_evidence=false		Aves	8782				plant-associated material	plant-associated material	drain
GCA_015021615.1	SAMN15486402	Listeria monocytogenes	PH2A-SITE-PLANT-SAMPLE-MATERIAL	Sample_Material_SD	plant material	plant_material_evidence	plant_material_evidence=false		Aves	8782				plant-associated material	plant-associated material	drain
GCA_053762605.1	SAMN52659785	Enterobacter sp. ESY66	PH2A-HHS-PATIENT-HUMAN-CONTEXT	Host_Context_SD	human-associated	human_host_evidence	human_host_evidence=false					patient			healthcare-associated environment	laboratory culture
GCA_056867825.1	SAMN47254608	Xanthomonas citri pv. fuscans	PH2A-SITE-PLANT-SAMPLE-MATERIAL	Sample_Material_SD	plant material	plant_material_evidence	plant_material_evidence=false		Phaseolus vulgaris	3885				plant-associated material	plant-associated material	
GCA_056868395.1	SAMN47254576	Xanthomonas citri pv. citri	PH2A-SITE-PLANT-SAMPLE-MATERIAL	Sample_Material_SD	plant material	plant_material_evidence	plant_material_evidence=false		Citrus	2706				plant-associated material	plant-associated material	
GCA_030736815.1	SAMN35979776	Lactiplantibacillus plantarum	PH2A-SITE-PLANT-SAMPLE-MATERIAL	Sample_Material_SD	plant material	plant_material_evidence	plant_material_evidence=false		Pandanus amaryllifolius	260201				plant-associated material	plant-associated material	
GCA_021246025.1	SAMN23960809	Streptomyces sp. 8ZJF_21	PH2A-SITE-PLANT-SAMPLE-MATERIAL	Sample_Material_SD	plant material	plant_material_evidence	plant_material_evidence=false		Viridiplantae	33090				plant-associated material		
GCA_022532765.1	SAMN25990044	Citrobacter farmeri	PH2A-HHS-PATIENT-HUMAN-CONTEXT	Host_Context_SD	human-associated	human_host_evidence	human_host_evidence=false					patient			healthcare-associated environment	hospital wastewater
GCA_051039375.1	SAMN37308761	Clavibacter michiganensis	PH2A-SITE-PLANT-SAMPLE-MATERIAL	Sample_Material_SD	plant material	plant_material_evidence	plant_material_evidence=false		Solanum lycopersicum	4081				plant-associated material	plant-associated material	cell culture
GCA_015016795.1	SAMN14091659	Listeria monocytogenes	PH2A-SITE-PLANT-SAMPLE-MATERIAL	Sample_Material_SD	plant material	plant_material_evidence	plant_material_evidence=false							plant-associated material	plant-associated material	
GCA_023631205.1	SAMN26211603	Caballeronia sp. NCF2	PH2A-SITE-PLANT-SAMPLE-MATERIAL	Sample_Material_SD	plant material	plant_material_evidence	plant_material_evidence=false		Anasa tristis	236421				plant-associated material	plant-associated material	gut content
GCA_047979415.1	SAMN45227910	Pseudomonas aeruginosa	PH2A-HHS-PATIENT-HUMAN-CONTEXT	Host_Context_SD	human-associated	human_host_evidence	human_host_evidence=false					patient			clinical/host-associated material	sink
GCA_047983325.1	SAMN45227886	Pseudomonas aeruginosa	PH2A-HHS-PATIENT-HUMAN-CONTEXT	Host_Context_SD	human-associated	human_host_evidence	human_host_evidence=false					patient			clinical/host-associated material	sink
GCA_018760365.1	SAMN19473484	Pseudooceanicola endophyticus	PH2A-SITE-PLANT-SAMPLE-MATERIAL	Sample_Material_SD	plant material	plant_material_evidence	plant_material_evidence=false		Viridiplantae	33090				plant-associated material	plant-associated material	
GCA_022518765.1	SAMN25989046	Citrobacter freundii	PH2A-HHS-PATIENT-HUMAN-CONTEXT	Host_Context_SD	human-associated	human_host_evidence	human_host_evidence=false					patient			healthcare-associated environment	hospital wastewater
GCA_022533895.1	SAMN25988927	Citrobacter freundii	PH2A-HHS-PATIENT-HUMAN-CONTEXT	Host_Context_SD	human-associated	human_host_evidence	human_host_evidence=false					patient			healthcare-associated environment	hospital wastewater
GCA_947085865.1	SAMEA111451370	uncultured Moraxellaceae bacterium	PH2A-SITE-PLANT-SAMPLE-MATERIAL	Sample_Material_SD	plant material	plant_material_evidence	plant_material_evidence=false		Viridiplantae	33090				plant-associated material	plant-associated material	
GCA_002569255.1	SAMN07598412	Bacillus sp. AFS075960	PH2A-SITE-PLANT-SAMPLE-MATERIAL	Sample_Material_SD	plant material	plant_material_evidence	plant_material_evidence=false		Viridiplantae	33090				plant-associated material	plant-associated material	
GCA_002920025.1	SAMN07572936	Pectobacterium atrosepticum	PH2A-SITE-PLANT-SAMPLE-MATERIAL	Sample_Material_SD	plant material	plant_material_evidence	plant_material_evidence=false		Solanum tuberosum	4113				plant-associated material	plant-associated material	cell culture
GCA_003719305.1	SAMN10102143	Mycolicibacterium stellerae	PH2A-SITE-PLANT-SAMPLE-MATERIAL	Sample_Material_SD	plant material	plant_material_evidence	plant_material_evidence=false		Viridiplantae	33090				plant-associated material		
GCA_054161365.1	SAMN27610217	Bacillus sp. PK3-056	PH2A-SITE-PLANT-SAMPLE-MATERIAL	Sample_Material_SD	plant material	plant_material_evidence	plant_material_evidence=false		Janochloa antidotale	3031383				plant-associated material	plant-associated material	
GCA_015015515.1	SAMN14091618	Listeria monocytogenes	PH2A-SITE-PLANT-SAMPLE-MATERIAL	Sample_Material_SD	plant material	plant_material_evidence	plant_material_evidence=false		Aves	8782				plant-associated material	plant-associated material	drain
GCA_017968925.1	SAMN12730708	Streptomyces scabiei	PH2A-SITE-PLANT-SAMPLE-MATERIAL	Sample_Material_SD	plant material	plant_material_evidence	plant_material_evidence=false		Solanum tuberosum	4113				plant-associated material	plant-associated material	
GCA_046226765.1	SAMN41479507	Xylella fastidiosa subsp. fastidiosa	PH2A-SITE-PLANT-SAMPLE-MATERIAL	Sample_Material_SD	plant material	plant_material_evidence	plant_material_evidence=false		Vitis vinifera	29760				plant-associated material	herbarium specimen	
GCA_013284575.1	SAMN15006544	Bacillus velezensis	PH2A-SITE-PLANT-SAMPLE-MATERIAL	Sample_Material_SD	plant material	plant_material_evidence	plant_material_evidence=false		Citrus sinensis	2711				plant-associated material	plant-associated material	
GCA_056850535.1	SAMN47254755	Xanthomonas citri pv. malvacearum	PH2A-SITE-PLANT-SAMPLE-MATERIAL	Sample_Material_SD	plant material	plant_material_evidence	plant_material_evidence=false		Gossypium hirsutum	3635				plant-associated material	plant-associated material	
GCA_046549295.1	SAMN16788672	Micromonospora sp. 067-2	PH2A-SITE-PLANT-SAMPLE-MATERIAL	Sample_Material_SD	plant material	plant_material_evidence	plant_material_evidence=false		Viridiplantae	33090				plant-associated material	plant-associated material	
GCA_022520385.1	SAMN25989131	Klebsiella pneumoniae	PH2A-HHS-PATIENT-HUMAN-CONTEXT	Host_Context_SD	human-associated	human_host_evidence	human_host_evidence=false					patient			healthcare-associated environment	hospital wastewater
GCA_022517845.1	SAMN25988521	Klebsiella pneumoniae	PH2A-HHS-PATIENT-HUMAN-CONTEXT	Host_Context_SD	human-associated	human_host_evidence	human_host_evidence=false					patient			healthcare-associated environment	hospital wastewater
GCA_022518205.1	SAMN25988491	Klebsiella pneumoniae	PH2A-HHS-PATIENT-HUMAN-CONTEXT	Host_Context_SD	human-associated	human_host_evidence	human_host_evidence=false					patient			healthcare-associated environment	hospital wastewater
GCA_022518885.1	SAMN25988917	Klebsiella pneumoniae	PH2A-HHS-PATIENT-HUMAN-CONTEXT	Host_Context_SD	human-associated	human_host_evidence	human_host_evidence=false					patient			healthcare-associated environment	hospital wastewater
GCA_022519645.1	SAMN25989588	Klebsiella pneumoniae	PH2A-HHS-PATIENT-HUMAN-CONTEXT	Host_Context_SD	human-associated	human_host_evidence	human_host_evidence=false					patient			healthcare-associated environment	hospital wastewater
GCA_022528385.1	SAMN25989766	Klebsiella pneumoniae	PH2A-HHS-PATIENT-HUMAN-CONTEXT	Host_Context_SD	human-associated	human_host_evidence	human_host_evidence=false					patient			healthcare-associated environment	hospital wastewater
GCA_022535255.1	SAMN25989053	Klebsiella pneumoniae	PH2A-HHS-PATIENT-HUMAN-CONTEXT	Host_Context_SD	human-associated	human_host_evidence	human_host_evidence=false					patient			healthcare-associated environment	hospital wastewater
GCA_029768625.1	SAMN25989650	Pluralibacter gergoviae	PH2A-HHS-PATIENT-HUMAN-CONTEXT	Host_Context_SD	human-associated	human_host_evidence	human_host_evidence=false					patient			healthcare-associated environment	hospital wastewater
GCA_002555035.1	SAMN07597448	Bacillus toyonensis	PH2A-SITE-PLANT-SAMPLE-MATERIAL	Sample_Material_SD	plant material	plant_material_evidence	plant_material_evidence=false		Viridiplantae	33090				plant-associated material	plant-associated material	
GCA_003031365.1	SAMN08225246	Xanthomonas oryzae pv. oryzae	PH2A-SITE-PLANT-SAMPLE-MATERIAL	Sample_Material_SD	plant material	plant_material_evidence	plant_material_evidence=false		Oryza sativa	4530				plant-associated material	plant-associated material	
GCA_003600795.1	SAMN07514324	Priestia filamentosa	PH2A-SITE-PLANT-SAMPLE-MATERIAL	Sample_Material_SD	plant material	plant_material_evidence	plant_material_evidence=false		Tribulus terrestris	210369				plant-associated material	plant-associated material	
GCA_020883215.1	SAMN22857674	Stenotrophomonas sp. SI-NJAU-1	PH2A-SITE-PLANT-SAMPLE-MATERIAL	Sample_Material_SD	plant material	plant_material_evidence	plant_material_evidence=false		Viridiplantae	33090				plant-associated material	plant-associated material	
GCA_029768465.1	SAMN25989461	Pluralibacter gergoviae	PH2A-HHS-PATIENT-HUMAN-CONTEXT	Host_Context_SD	human-associated	human_host_evidence	human_host_evidence=false					patient			healthcare-associated environment	hospital wastewater
GCA_015019335.1	SAMN14091613	Listeria monocytogenes	PH2A-SITE-PLANT-SAMPLE-MATERIAL	Sample_Material_SD	plant material	plant_material_evidence	plant_material_evidence=false		Aves	8782				plant-associated material	plant-associated material	drain
GCA_018951155.1	SAMN13738862	Clostridioides difficile	PH2A-SITE-PLANT-SAMPLE-MATERIAL	Sample_Material_SD	plant material	plant_material_evidence	plant_material_evidence=false		Viridiplantae	33090				plant-associated material	plant-associated material	
GCA_018394375.1	SAMN19068034	Pseudomonas syringae	PH2A-SITE-PLANT-SAMPLE-MATERIAL	Sample_Material_SD	plant material	plant_material_evidence	plant_material_evidence=false		Medicago sativa	3879				plant-associated material	plant-associated material	
GCA_018383465.1	SAMN19069639	Pseudomonas syringae	PH2A-SITE-PLANT-SAMPLE-MATERIAL	Sample_Material_SD	plant material	plant_material_evidence	plant_material_evidence=false		Medicago sativa	3879				plant-associated material	plant-associated material	
GCA_023630805.1	SAMN26211622	Caballeronia sp. ASUFL_F2_KS49	PH2A-SITE-PLANT-SAMPLE-MATERIAL	Sample_Material_SD	plant material	plant_material_evidence	plant_material_evidence=false		Anasa scorbutica	2714318				plant-associated material	plant-associated material	gut content
GCA_015021475.1	SAMN14091735	Listeria monocytogenes	PH2A-SITE-PLANT-SAMPLE-MATERIAL	Sample_Material_SD	plant material	plant_material_evidence	plant_material_evidence=false		Aves	8782				plant-associated material	plant-associated material	drain
GCA_002009625.1	SAMN06434186	Candidatus Phytoplasma citri	PH2A-SITE-PLANT-SAMPLE-MATERIAL	Sample_Material_SD	plant material	plant_material_evidence	plant_material_evidence=false		Catharanthus roseus	4058				plant-associated material		microbial isolate
GCA_022519065.1	SAMN25989872	Citrobacter farmeri	PH2A-HHS-PATIENT-HUMAN-CONTEXT	Host_Context_SD	human-associated	human_host_evidence	human_host_evidence=false					patient			healthcare-associated environment	hospital wastewater
GCA_022524165.1	SAMN25989956	Citrobacter freundii	PH2A-HHS-PATIENT-HUMAN-CONTEXT	Host_Context_SD	human-associated	human_host_evidence	human_host_evidence=false					patient			healthcare-associated environment	hospital wastewater
GCA_022602065.1	SAMN26199814	Rosenbergiella australiborealis	PH2A-SITE-PLANT-SAMPLE-MATERIAL	Sample_Material_SD	plant material	plant_material_evidence	plant_material_evidence=false		Narcissus papyraceus	54854				plant-associated material	plant-associated material	
GCA_002576745.1	SAMN07598028	Bacillus cereus	PH2A-SITE-PLANT-SAMPLE-MATERIAL	Sample_Material_SD	plant material	plant_material_evidence	plant_material_evidence=false		Viridiplantae	33090				plant-associated material	plant-associated material	cell culture
GCA_009793225.1	SAMN09427737	Clavibacter michiganensis subsp. michiganensis	PH2A-SITE-PLANT-SAMPLE-MATERIAL	Sample_Material_SD	plant material	plant_material_evidence	plant_material_evidence=false		Solanum lycopersicum	4081				plant-associated material	plant-associated material	
GCA_022528785.1	SAMN25989451	Citrobacter freundii	PH2A-HHS-PATIENT-HUMAN-CONTEXT	Host_Context_SD	human-associated	human_host_evidence	human_host_evidence=false					patient			healthcare-associated environment	hospital wastewater
GCA_030540895.1	SAMN34177315	Staphylococcus hominis	PH2A-SITE-PLANT-SAMPLE-MATERIAL	Sample_Material_SD	plant material	plant_material_evidence	plant_material_evidence=false		Avena sp.	50455				plant-associated material	plant-associated material	
GCA_055632555.1	SAMN53337874	Pseudomonas benzopyrenica	PH2A-SITE-PLANT-SAMPLE-MATERIAL	Sample_Material_SD	plant material	plant_material_evidence	plant_material_evidence=false		Viridiplantae	33090				plant-associated material	plant-associated material	
GCA_015679185.1	SAMN16788849	Pedobacter endophyticus	PH2A-SITE-PLANT-SAMPLE-MATERIAL	Sample_Material_SD	plant material	plant_material_evidence	plant_material_evidence=false		Carex pumila	418179				plant-associated material	carex pumila	
GCA_022518065.1	SAMN25988844	Citrobacter freundii	PH2A-HHS-PATIENT-HUMAN-CONTEXT	Host_Context_SD	human-associated	human_host_evidence	human_host_evidence=false					patient			healthcare-associated environment	hospital wastewater
GCA_022521065.1	SAMN25989937	Citrobacter farmeri	PH2A-HHS-PATIENT-HUMAN-CONTEXT	Host_Context_SD	human-associated	human_host_evidence	human_host_evidence=false					patient			healthcare-associated environment	hospital wastewater
GCA_022536975.1	SAMN25989642	Citrobacter freundii	PH2A-HHS-PATIENT-HUMAN-CONTEXT	Host_Context_SD	human-associated	human_host_evidence	human_host_evidence=false					patient			healthcare-associated environment	hospital wastewater
GCA_947085735.1	SAMEA111451292	uncultured Omnitrophica bacterium	PH2A-SITE-PLANT-SAMPLE-MATERIAL	Sample_Material_SD	plant material	plant_material_evidence	plant_material_evidence=false		Viridiplantae	33090				plant-associated material	plant-associated material	
GCA_000786145.2	SAMN03106920	Bacillus velezensis	PH2A-SITE-PLANT-SAMPLE-MATERIAL	Sample_Material_SD	plant material	plant_material_evidence	plant_material_evidence=false		Viridiplantae	33090				plant-associated material	plant-associated material	
GCA_002562215.1	SAMN07597374	Bacillus cereus	PH2A-SITE-PLANT-SAMPLE-MATERIAL	Sample_Material_SD	plant material	plant_material_evidence	plant_material_evidence=false		Viridiplantae	33090				plant-associated material	plant-associated material	cell culture
GCA_013391685.1	SAMN15422975	Rhizobium leguminosarum bv. viciae	PH2A-SITE-PLANT-SAMPLE-MATERIAL	Sample_Material_SD	plant material	plant_material_evidence	plant_material_evidence=false		Triticum turgidum	4571				plant-associated material	plant-associated material	
GCA_002007925.2	SAMN06297994	Serratia marcescens	PH2A-SITE-PLANT-SAMPLE-MATERIAL	Sample_Material_SD	plant material	plant_material_evidence	plant_material_evidence=false		Agave sisalana	442491				plant-associated material	plant-associated material	
GCA_050471265.1	SAMN48143980	Bacillus velezensis	PH2A-SITE-PLANT-SAMPLE-MATERIAL	Sample_Material_SD	plant material	plant_material_evidence	plant_material_evidence=false		Viridiplantae	33090				plant-associated material	plant-associated material	cell culture
GCA_028438155.1	SAMN29993306	Acinetobacter baumannii	PH2A-SITE-PLANT-SAMPLE-MATERIAL	Sample_Material_SD	plant material	plant_material_evidence	plant_material_evidence=false		Viridiplantae	33090				plant-associated material	plant-associated material	
GCA_046097675.1	SAMN45222775	Pseudomonas sp. UV AK001	PH2A-SITE-PLANT-SAMPLE-MATERIAL	Sample_Material_SD	plant material	plant_material_evidence	plant_material_evidence=false		Viridiplantae	33090				plant-associated material	plant-associated material	
GCA_002585695.1	SAMN07597849	Bacillus cereus	PH2A-SITE-PLANT-SAMPLE-MATERIAL	Sample_Material_SD	plant material	plant_material_evidence	plant_material_evidence=false		oats	4498				plant-associated material	plant-associated material	
GCA_048008025.1	SAMN46310992	Lactiplantibacillus plantarum	PH2A-SITE-PLANT-SAMPLE-MATERIAL	Sample_Material_SD	plant material	plant_material_evidence	plant_material_evidence=false		Viridiplantae	33090				plant-associated material	plant-associated material	
GCA_023520895.1	SAMN08362835	Paenibacillus sp. PK3_47	PH2A-SITE-PLANT-SAMPLE-MATERIAL	Sample_Material_SD	plant material	plant_material_evidence	plant_material_evidence=false		Janochloa antidotale	3031383				plant-associated material	plant-associated material	
GCA_018729315.1	SAMN19461147	Phycicoccus mangrovi	PH2A-SITE-PLANT-SAMPLE-MATERIAL	Sample_Material_SD	plant material	plant_material_evidence	plant_material_evidence=false		Viridiplantae	33090				plant-associated material		
GCA_051949515.1	SAMN41787761	Xanthomonas citri pv. mangiferaeindicae	PH2A-SITE-PLANT-SAMPLE-MATERIAL	Sample_Material_SD	plant material	plant_material_evidence	plant_material_evidence=false		Mangifera indica	29780				plant-associated material	plant-associated material	microbial isolate
GCA_051950315.1	SAMN41787725	Xanthomonas citri pv. mangiferaeindicae	PH2A-SITE-PLANT-SAMPLE-MATERIAL	Sample_Material_SD	plant material	plant_material_evidence	plant_material_evidence=false		Mangifera indica	29780				plant-associated material	plant-associated material	microbial isolate
GCA_022521105.1	SAMN25989820	Klebsiella pneumoniae	PH2A-HHS-PATIENT-HUMAN-CONTEXT	Host_Context_SD	human-associated	human_host_evidence	human_host_evidence=false					patient			healthcare-associated environment	hospital wastewater
GCA_022533975.1	SAMN25988925	Klebsiella pneumoniae	PH2A-HHS-PATIENT-HUMAN-CONTEXT	Host_Context_SD	human-associated	human_host_evidence	human_host_evidence=false					patient			healthcare-associated environment	hospital wastewater
GCA_022520045.1	SAMN25988793	Klebsiella pneumoniae	PH2A-HHS-PATIENT-HUMAN-CONTEXT	Host_Context_SD	human-associated	human_host_evidence	human_host_evidence=false					patient			healthcare-associated environment	hospital wastewater
GCA_022523065.1	SAMN25989991	Klebsiella pneumoniae	PH2A-HHS-PATIENT-HUMAN-CONTEXT	Host_Context_SD	human-associated	human_host_evidence	human_host_evidence=false					patient			healthcare-associated environment	hospital wastewater
GCA_022524045.1	SAMN25989498	Klebsiella pneumoniae	PH2A-HHS-PATIENT-HUMAN-CONTEXT	Host_Context_SD	human-associated	human_host_evidence	human_host_evidence=false					patient			healthcare-associated environment	hospital wastewater
GCA_002560375.1	SAMN07597557	Bacillus cereus	PH2A-SITE-PLANT-SAMPLE-MATERIAL	Sample_Material_SD	plant material	plant_material_evidence	plant_material_evidence=false		Viridiplantae	33090				plant-associated material	plant-associated material	cell culture
GCA_016805985.1	SAMN05828176	Microbacterium sp. JZ31	PH2A-SITE-PLANT-SAMPLE-MATERIAL	Sample_Material_SD	plant material	plant_material_evidence	plant_material_evidence=false		Euphorbia granulata	1046465				plant-associated material	plant-associated material	
GCA_002554975.1	SAMN07597459	Bacillus wiedmannii	PH2A-SITE-PLANT-SAMPLE-MATERIAL	Sample_Material_SD	plant material	plant_material_evidence	plant_material_evidence=false		Viridiplantae	33090				plant-associated material	plant-associated material	cell culture
GCA_021892935.1	SAMN14372645	Lactiplantibacillus plantarum	PH2A-SITE-PLANT-SAMPLE-MATERIAL	Sample_Material_SD	plant material	plant_material_evidence	plant_material_evidence=false		Viridiplantae	33090				plant-associated material	plant-associated material	
GCA_011765685.1	SAMN13951572	Kluyvera genomosp. 3	PH2A-SITE-PLANT-SAMPLE-MATERIAL	Sample_Material_SD	plant material	plant_material_evidence	plant_material_evidence=false		Oryza sativa	4530				plant-associated material	plant-associated material	
GCA_022527025.1	SAMN25988720	Citrobacter freundii	PH2A-HHS-PATIENT-HUMAN-CONTEXT	Host_Context_SD	human-associated	human_host_evidence	human_host_evidence=false					patient			healthcare-associated environment	hospital wastewater
GCA_022535055.1	SAMN25989115	Citrobacter freundii	PH2A-HHS-PATIENT-HUMAN-CONTEXT	Host_Context_SD	human-associated	human_host_evidence	human_host_evidence=false					patient			healthcare-associated environment	hospital wastewater
GCA_036226785.1	SAMN30553178	Streptomyces sp. NBC_00669	PH2A-SITE-PLANT-SAMPLE-MATERIAL	Sample_Material_SD	plant material	plant_material_evidence	plant_material_evidence=false		Viridiplantae	33090				plant-associated material	plant-associated material	
GCA_002574475.1	SAMN07598135	Bacillus thuringiensis	PH2A-SITE-PLANT-SAMPLE-MATERIAL	Sample_Material_SD	plant material	plant_material_evidence	plant_material_evidence=false		Viridiplantae	33090				plant-associated material	plant-associated material	cell culture
GCA_002588905.1	SAMN07597833	Bacillus toyonensis	PH2A-SITE-PLANT-SAMPLE-MATERIAL	Sample_Material_SD	plant material	plant_material_evidence	plant_material_evidence=false		Viridiplantae	33090				plant-associated material	plant-associated material	cell culture
GCA_005825025.1	SAMN10720006	Salmonella enterica	PH2A-SITE-PLANT-SAMPLE-MATERIAL	Sample_Material_SD	plant material	plant_material_evidence	plant_material_evidence=false		Viridiplantae	33090				plant-associated material	plant-associated material	
GCA_015017215.1	SAMN14091673	Listeria monocytogenes	PH2A-SITE-PLANT-SAMPLE-MATERIAL	Sample_Material_SD	plant material	plant_material_evidence	plant_material_evidence=false							plant-associated material	plant-associated material	
GCA_020556865.1	SAMN16124481	Enterococcus lactis	PH2A-HHS-PATIENT-HUMAN-CONTEXT	Host_Context_SD	human-associated	human_host_evidence	human_host_evidence=false					patient				
GCA_047984425.1	SAMN45227849	Pseudomonas aeruginosa	PH2A-HHS-PATIENT-HUMAN-CONTEXT	Host_Context_SD	human-associated	human_host_evidence	human_host_evidence=false					patient			clinical/host-associated material	sink
GCA_051132005.1	SAMN18220757	Pseudomonas sp. Z1-14	PH2A-SITE-PLANT-SAMPLE-MATERIAL	Sample_Material_SD	plant material	plant_material_evidence	plant_material_evidence=false		Viridiplantae	33090				plant-associated material	plant-associated material	
GCA_000500915.1	SAMN02389757	Rhodobacter sp. CACIA14H1	PH2A-SITE-PLANT-SAMPLE-MATERIAL	Sample_Material_SD	plant material	plant_material_evidence	plant_material_evidence=false		Viridiplantae	33090				plant-associated material	plant-associated material	cell culture
GCA_001692185.1	SAMN04901295	Rhizobium sp. AC44/96	PH2A-SITE-PLANT-SAMPLE-MATERIAL	Sample_Material_SD	plant material	plant_material_evidence	plant_material_evidence=false		Viridiplantae	33090				plant-associated material	plant-associated material	
GCA_001746295.1	SAMN05567319	Streptomyces sp. LUP47B	PH2A-SITE-PLANT-SAMPLE-MATERIAL	Sample_Material_SD	plant material	plant_material_evidence	plant_material_evidence=false		lucerne	3879				plant-associated material		root
GCA_003121785.1	SAMN08979057	Pectobacterium parmentieri	PH2A-SITE-PLANT-SAMPLE-MATERIAL	Sample_Material_SD	plant material	plant_material_evidence	plant_material_evidence=false		Solanum tuberosum	4113				plant-associated material	plant-associated material	tissue
GCA_017933115.1	SAMN12730705	Streptomyces scabiei	PH2A-SITE-PLANT-SAMPLE-MATERIAL	Sample_Material_SD	plant material	plant_material_evidence	plant_material_evidence=false		Solanum tuberosum	4113				plant-associated material	plant-associated material	
GCA_021442385.1	SAMN06293020	Micromonospora sp. MH99	PH2A-SITE-PLANT-SAMPLE-MATERIAL	Sample_Material_SD	plant material	plant_material_evidence	plant_material_evidence=false		Triticum aestivum	4565				plant-associated material	plant-associated material	cell culture
GCA_051949655.1	SAMN41787756	Xanthomonas citri pv. mangiferaeindicae	PH2A-SITE-PLANT-SAMPLE-MATERIAL	Sample_Material_SD	plant material	plant_material_evidence	plant_material_evidence=false		Mangifera indica	29780				plant-associated material	plant-associated material	microbial isolate
GCA_022529685.1	SAMN25989962	Klebsiella pneumoniae	PH2A-HHS-PATIENT-HUMAN-CONTEXT	Host_Context_SD	human-associated	human_host_evidence	human_host_evidence=false					patient			healthcare-associated environment	hospital wastewater
GCA_022518545.1	SAMN25989128	Klebsiella pneumoniae	PH2A-HHS-PATIENT-HUMAN-CONTEXT	Host_Context_SD	human-associated	human_host_evidence	human_host_evidence=false					patient			healthcare-associated environment	hospital wastewater
GCA_022527905.1	SAMN25988673	Klebsiella pneumoniae	PH2A-HHS-PATIENT-HUMAN-CONTEXT	Host_Context_SD	human-associated	human_host_evidence	human_host_evidence=false					patient			healthcare-associated environment	hospital wastewater
GCA_022533995.1	SAMN25988910	Klebsiella pneumoniae	PH2A-HHS-PATIENT-HUMAN-CONTEXT	Host_Context_SD	human-associated	human_host_evidence	human_host_evidence=false					patient			healthcare-associated environment	hospital wastewater
GCA_022534995.1	SAMN25989514	Klebsiella pneumoniae	PH2A-HHS-PATIENT-HUMAN-CONTEXT	Host_Context_SD	human-associated	human_host_evidence	human_host_evidence=false					patient			healthcare-associated environment	hospital wastewater
GCA_022535515.1	SAMN25989816	Klebsiella pneumoniae	PH2A-HHS-PATIENT-HUMAN-CONTEXT	Host_Context_SD	human-associated	human_host_evidence	human_host_evidence=false					patient			healthcare-associated environment	hospital wastewater
GCA_022531865.1	SAMN25989113	Citrobacter freundii	PH2A-HHS-PATIENT-HUMAN-CONTEXT	Host_Context_SD	human-associated	human_host_evidence	human_host_evidence=false					patient			healthcare-associated environment	hospital wastewater
GCA_052545115.1	SAMN50893059	Nocardia sp. R6R-6	PH2A-SITE-PLANT-SAMPLE-MATERIAL	Sample_Material_SD	plant material	plant_material_evidence	plant_material_evidence=false		Viridiplantae	33090				plant-associated material	plant-associated material	
GCA_947084875.1	SAMEA111451310	uncultured bacterium	PH2A-SITE-PLANT-SAMPLE-MATERIAL	Sample_Material_SD	plant material	plant_material_evidence	plant_material_evidence=false		Viridiplantae	33090				plant-associated material	plant-associated material	
GCA_056831145.1	SAMN47254575	Xanthomonas citri pv. citri	PH2A-SITE-PLANT-SAMPLE-MATERIAL	Sample_Material_SD	plant material	plant_material_evidence	plant_material_evidence=false		Citrus	2706				plant-associated material	plant-associated material	
GCA_056850495.1	SAMN47254719	Xanthomonas citri pv. malvacearum	PH2A-SITE-PLANT-SAMPLE-MATERIAL	Sample_Material_SD	plant material	plant_material_evidence	plant_material_evidence=false		Gossypium hirsutum	3635				plant-associated material	plant-associated material	
GCA_015117855.1	SAMN07807107	Escherichia coli	PH2A-SITE-PLANT-SAMPLE-MATERIAL	Sample_Material_SD	plant material	plant_material_evidence	plant_material_evidence=false		Bos taurus	9913				plant-associated material	plant-associated material	
GCA_051027705.1	SAMN17601321	Pseudomonas sp. JZ114	PH2A-SITE-PLANT-SAMPLE-MATERIAL	Sample_Material_SD	plant material	plant_material_evidence	plant_material_evidence=false		Tetraena simplex	2499693				plant-associated material	plant-associated material	
GCA_020556955.1	SAMN16124477	Enterococcus faecium	PH2A-HHS-PATIENT-HUMAN-CONTEXT	Host_Context_SD	human-associated	human_host_evidence	human_host_evidence=false					patient				
GCA_023631165.1	SAMN26211605	Caballeronia sp. AZ1_KS37	PH2A-SITE-PLANT-SAMPLE-MATERIAL	Sample_Material_SD	plant material	plant_material_evidence	plant_material_evidence=false		Anasa tristis	236421				plant-associated material	plant-associated material	gut content
GCA_047984225.1	SAMN45227859	Pseudomonas aeruginosa	PH2A-HHS-PATIENT-HUMAN-CONTEXT	Host_Context_SD	human-associated	human_host_evidence	human_host_evidence=false					patient			clinical/host-associated material	sink
GCA_053561475.1	SAMN49485409	Escherichia coli	PH2A-SITE-PLANT-SAMPLE-MATERIAL	Sample_Material_SD	plant material	plant_material_evidence	plant_material_evidence=false		eggplant	4111				plant-associated material	plant-associated material	
GCA_000503195.1	SAMN02767960	Blastomonas sp. CACIA14H2	PH2A-SITE-PLANT-SAMPLE-MATERIAL	Sample_Material_SD	plant material	plant_material_evidence	plant_material_evidence=false		Viridiplantae	33090				plant-associated material	plant-associated material	culture
GCA_001692405.1	SAMN04901304	Agrobacterium tumefaciens	PH2A-SITE-PLANT-SAMPLE-MATERIAL	Sample_Material_SD	plant material	plant_material_evidence	plant_material_evidence=false		Leucanthemum	99071				plant-associated material	plant-associated material	
GCA_022523005.1	SAMN25989784	Citrobacter freundii	PH2A-HHS-PATIENT-HUMAN-CONTEXT	Host_Context_SD	human-associated	human_host_evidence	human_host_evidence=false					patient			healthcare-associated environment	hospital wastewater
GCA_024979315.1	SAMN30149043	Herbiconiux oxytropis	PH2A-SITE-PLANT-SAMPLE-MATERIAL	Sample_Material_SD	plant material	plant_material_evidence	plant_material_evidence=false		Oxytropis	20802				plant-associated material		
GCA_032911305.1	SAMN37738838	Bacillus safensis	PH2A-SITE-PLANT-SAMPLE-MATERIAL	Sample_Material_SD	plant material	plant_material_evidence	plant_material_evidence=false		Nerium oleander	63479				plant-associated material	plant-associated material	
GCA_053903185.1	SAMN27610204	Bacillus sp. JZ142	PH2A-SITE-PLANT-SAMPLE-MATERIAL	Sample_Material_SD	plant material	plant_material_evidence	plant_material_evidence=false		Euphorbia granulata	1046465				plant-associated material	plant-associated material	
GCA_001027325.1	SAMN03646990	Providencia rettgeri	PH2A-SITE-PLANT-SAMPLE-MATERIAL	Sample_Material_SD	plant material	plant_material_evidence	plant_material_evidence=false		Abutilon indicum	318060				plant-associated material	plant-associated material	single cell
GCA_017969005.1	SAMN12730706	Streptomyces scabiei	PH2A-SITE-PLANT-SAMPLE-MATERIAL	Sample_Material_SD	plant material	plant_material_evidence	plant_material_evidence=false		Solanum tuberosum	4113				plant-associated material	plant-associated material	
GCA_023277425.1	SAMN20060269	Xanthomonas oryzae pv. oryzae	PH2A-SITE-PLANT-SAMPLE-MATERIAL	Sample_Material_SD	plant material	plant_material_evidence	plant_material_evidence=false		Viridiplantae	33090				plant-associated material	plant-associated material	
GCA_006541395.1	SAMN12082466	Enterococcus faecalis	PH2A-SITE-PLANT-SAMPLE-MATERIAL	Sample_Material_SD	plant material	plant_material_evidence	plant_material_evidence=false		Viridiplantae	33090				plant-associated material	plant-associated material	beef
GCA_054161395.1	SAMN27610221	Bacillus sp. PK3-137	PH2A-SITE-PLANT-SAMPLE-MATERIAL	Sample_Material_SD	plant material	plant_material_evidence	plant_material_evidence=false		Janochloa antidotale	3031383				plant-associated material	plant-associated material	
GCA_022528865.1	SAMN25988518	Citrobacter farmeri	PH2A-HHS-PATIENT-HUMAN-CONTEXT	Host_Context_SD	human-associated	human_host_evidence	human_host_evidence=false					patient			healthcare-associated environment	hospital wastewater
GCA_022602195.1	SAMN26199811	Rosenbergiella collisarenosi	PH2A-SITE-PLANT-SAMPLE-MATERIAL	Sample_Material_SD	plant material	plant_material_evidence	plant_material_evidence=false		Iris xiphium	889465				plant-associated material	plant-associated material	
GCA_036924415.2	SAMN39606366	Candidatus Phytoplasma prunorum	PH2A-SITE-PLANT-SAMPLE-MATERIAL	Sample_Material_SD	plant material	plant_material_evidence	plant_material_evidence=false		Viridiplantae	33090				plant-associated material	plant-associated material	
GCA_051039865.1	SAMN37308759	Clavibacter michiganensis	PH2A-SITE-PLANT-SAMPLE-MATERIAL	Sample_Material_SD	plant material	plant_material_evidence	plant_material_evidence=false		Solanum lycopersicum	4081				plant-associated material	plant-associated material	cell culture
GCA_947085935.1	SAMEA111451299	uncultured Actinomycetes bacterium	PH2A-SITE-PLANT-SAMPLE-MATERIAL	Sample_Material_SD	plant material	plant_material_evidence	plant_material_evidence=false		Viridiplantae	33090				plant-associated material	plant-associated material	
GCA_947085895.1	SAMEA111451396	uncultured Pseudomonadota bacterium	PH2A-SITE-PLANT-SAMPLE-MATERIAL	Sample_Material_SD	plant material	plant_material_evidence	plant_material_evidence=false		Viridiplantae	33090				plant-associated material	plant-associated material	
GCA_002565525.1	SAMN07598498	Bacillus cereus	PH2A-SITE-PLANT-SAMPLE-MATERIAL	Sample_Material_SD	plant material	plant_material_evidence	plant_material_evidence=false		Viridiplantae	33090				plant-associated material	plant-associated material	cell culture
GCA_002584185.1	SAMN07597859	Bacillus thuringiensis	PH2A-SITE-PLANT-SAMPLE-MATERIAL	Sample_Material_SD	plant material	plant_material_evidence	plant_material_evidence=false		Viridiplantae	33090				plant-associated material	plant-associated material	cell culture
GCA_021892475.1	SAMN14372668	Lactiplantibacillus plantarum	PH2A-SITE-PLANT-SAMPLE-MATERIAL	Sample_Material_SD	plant material	plant_material_evidence	plant_material_evidence=false		Viridiplantae	33090				plant-associated material	plant-associated material	
GCA_024752335.1	SAMN30276371	Ancylobacter mangrovi	PH2A-SITE-PLANT-SAMPLE-MATERIAL	Sample_Material_SD	plant material	plant_material_evidence	plant_material_evidence=false		Viridiplantae	33090				plant-associated material	plant-associated material	
GCA_947084835.1	SAMEA111451317	uncultured Bacteroidota bacterium	PH2A-SITE-PLANT-SAMPLE-MATERIAL	Sample_Material_SD	plant material	plant_material_evidence	plant_material_evidence=false		Viridiplantae	33090				plant-associated material	plant-associated material	
GCA_000633315.1	SAMN02729855	Serratia sp. H1n	PH2A-SITE-PLANT-SAMPLE-MATERIAL	Sample_Material_SD	plant material	plant_material_evidence	plant_material_evidence=false		Viridiplantae	33090				plant-associated material	plant-associated material	
GCA_018951415.1	SAMN13738859	Clostridioides difficile	PH2A-SITE-PLANT-SAMPLE-MATERIAL	Sample_Material_SD	plant material	plant_material_evidence	plant_material_evidence=false		Viridiplantae	33090				plant-associated material	plant-associated material	
GCA_022528985.1	SAMN25989185	Klebsiella pneumoniae	PH2A-HHS-PATIENT-HUMAN-CONTEXT	Host_Context_SD	human-associated	human_host_evidence	human_host_evidence=false					patient			healthcare-associated environment	hospital wastewater
GCA_022531135.1	SAMN25989431	Klebsiella pneumoniae	PH2A-HHS-PATIENT-HUMAN-CONTEXT	Host_Context_SD	human-associated	human_host_evidence	human_host_evidence=false					patient			healthcare-associated environment	hospital wastewater
GCA_022531275.1	SAMN25989391	Klebsiella pneumoniae	PH2A-HHS-PATIENT-HUMAN-CONTEXT	Host_Context_SD	human-associated	human_host_evidence	human_host_evidence=false					patient			healthcare-associated environment	hospital wastewater
GCA_022531445.1	SAMN25988429	Escherichia coli	PH2A-HHS-PATIENT-HUMAN-CONTEXT	Host_Context_SD	human-associated	human_host_evidence	human_host_evidence=false					patient			healthcare-associated environment	hospital wastewater
GCA_053834325.1	SAMEA120398574	Klebsiella pneumoniae	PH2A-HHS-PATIENT-HUMAN-CONTEXT	Host_Context_SD	human-associated	human_host_evidence	human_host_evidence=false					patient			clinical/host-associated material	drain
GCA_001040945.1	SAMN03779333	Herbaspirillum seropedicae	PH2A-SITE-PLANT-SAMPLE-MATERIAL	Sample_Material_SD	plant material	plant_material_evidence	plant_material_evidence=false		Viridiplantae	33090				plant-associated material	plant-associated material	
GCA_002567445.1	SAMN07598340	Bacillus cereus	PH2A-SITE-PLANT-SAMPLE-MATERIAL	Sample_Material_SD	plant material	plant_material_evidence	plant_material_evidence=false		Viridiplantae	33090				plant-associated material	plant-associated material	cell culture
GCA_002569065.1	SAMN07598552	Bacillus toyonensis	PH2A-SITE-PLANT-SAMPLE-MATERIAL	Sample_Material_SD	plant material	plant_material_evidence	plant_material_evidence=false		Viridiplantae	33090				plant-associated material	plant-associated material	cell culture
GCA_015018655.1	SAMN14091693	Listeria monocytogenes	PH2A-SITE-PLANT-SAMPLE-MATERIAL	Sample_Material_SD	plant material	plant_material_evidence	plant_material_evidence=false		Aves	8782				plant-associated material	plant-associated material	drain
GCA_054161295.1	SAMN27610171	Ensifer sp. D2-11	PH2A-SITE-PLANT-SAMPLE-MATERIAL	Sample_Material_SD	plant material	plant_material_evidence	plant_material_evidence=false		Plantago cretica	197801				plant-associated material	plant-associated material	
GCA_056867795.1	SAMN47254603	Xanthomonas citri pv. citri	PH2A-SITE-PLANT-SAMPLE-MATERIAL	Sample_Material_SD	plant material	plant_material_evidence	plant_material_evidence=false		Citrus	2706				plant-associated material	plant-associated material	
GCA_025654335.1	SAMN25232812	Shewanella sp. SM21	PH2A-SITE-PLANT-SAMPLE-MATERIAL	Sample_Material_SD	plant material	plant_material_evidence	plant_material_evidence=false		Viridiplantae	33090				plant-associated material	plant-associated material	
GCA_022525985.1	SAMN25988949	Citrobacter freundii	PH2A-HHS-PATIENT-HUMAN-CONTEXT	Host_Context_SD	human-associated	human_host_evidence	human_host_evidence=false					patient			healthcare-associated environment	hospital wastewater
GCA_036345115.1	SAMN30553144	Streptomyces griseorubiginosus	PH2A-SITE-PLANT-SAMPLE-MATERIAL	Sample_Material_SD	plant material	plant_material_evidence	plant_material_evidence=false		Viridiplantae	33090				plant-associated material	plant-associated material	
GCA_003013775.1	SAMN06293019	Micromonospora sp. MH33	PH2A-SITE-PLANT-SAMPLE-MATERIAL	Sample_Material_SD	plant material	plant_material_evidence	plant_material_evidence=false		Triticum aestivum	4565				plant-associated material	plant-associated material	cell culture
GCA_023631405.1	SAMN26211593	Caballeronia sp. GAWG2-1	PH2A-SITE-PLANT-SAMPLE-MATERIAL	Sample_Material_SD	plant material	plant_material_evidence	plant_material_evidence=false		Anasa tristis	236421				plant-associated material	plant-associated material	gut content
GCA_002560305.1	SAMN07597565	Bacillus thuringiensis	PH2A-SITE-PLANT-SAMPLE-MATERIAL	Sample_Material_SD	plant material	plant_material_evidence	plant_material_evidence=false		Viridiplantae	33090				plant-associated material	plant-associated material	cell culture
GCA_015015155.1	SAMN14091714	Listeria monocytogenes	PH2A-SITE-PLANT-SAMPLE-MATERIAL	Sample_Material_SD	plant material	plant_material_evidence	plant_material_evidence=false		Aves	8782				plant-associated material	plant-associated material	drain
GCA_015018775.1	SAMN15486410	Listeria monocytogenes	PH2A-SITE-PLANT-SAMPLE-MATERIAL	Sample_Material_SD	plant material	plant_material_evidence	plant_material_evidence=false							plant-associated material	plant-associated material	
GCA_015019035.1	SAMN14091674	Listeria monocytogenes	PH2A-SITE-PLANT-SAMPLE-MATERIAL	Sample_Material_SD	plant material	plant_material_evidence	plant_material_evidence=false							plant-associated material	plant-associated material	
GCA_021893195.1	SAMN14372632	Lactiplantibacillus plantarum	PH2A-SITE-PLANT-SAMPLE-MATERIAL	Sample_Material_SD	plant material	plant_material_evidence	plant_material_evidence=false		Viridiplantae	33090				plant-associated material	plant-associated material	
GCA_047983665.1	SAMN45227878	Pseudomonas aeruginosa	PH2A-HHS-PATIENT-HUMAN-CONTEXT	Host_Context_SD	human-associated	human_host_evidence	human_host_evidence=false					patient			clinical/host-associated material	sink
GCA_047984045.1	SAMN45227867	Pseudomonas aeruginosa	PH2A-HHS-PATIENT-HUMAN-CONTEXT	Host_Context_SD	human-associated	human_host_evidence	human_host_evidence=false					patient			clinical/host-associated material	sink
GCA_047985665.1	SAMN45227804	Pseudomonas aeruginosa	PH2A-HHS-PATIENT-HUMAN-CONTEXT	Host_Context_SD	human-associated	human_host_evidence	human_host_evidence=false					patient			clinical/host-associated material	sink
GCA_051949275.1	SAMN41787773	Xanthomonas citri pv. mangiferaeindicae	PH2A-SITE-PLANT-SAMPLE-MATERIAL	Sample_Material_SD	plant material	plant_material_evidence	plant_material_evidence=false		Mangifera indica	29780				plant-associated material	plant-associated material	microbial isolate
GCA_056867755.1	SAMN47254592	Xanthomonas citri pv. citri	PH2A-SITE-PLANT-SAMPLE-MATERIAL	Sample_Material_SD	plant material	plant_material_evidence	plant_material_evidence=false		Viridiplantae	33090				plant-associated material	plant-associated material	
GCA_001539165.1	SAMN03449489	Burkholderia ubonensis	PH2A-SITE-PLANT-SAMPLE-MATERIAL	Sample_Material_SD	plant material	plant_material_evidence	plant_material_evidence=false		Viridiplantae	33090				plant-associated material	plant-associated material	
GCA_002879875.1	SAMN08277009	Trinickia caryophylli	PH2A-SITE-PLANT-SAMPLE-MATERIAL	Sample_Material_SD	plant material	plant_material_evidence	plant_material_evidence=false		carnation	3570				plant-associated material	plant-associated material	
GCA_001430705.1	SAMN04209216	Candidatus Liberibacter asiaticus	PH2A-SITE-PLANT-SAMPLE-MATERIAL	Sample_Material_SD	plant material	plant_material_evidence	plant_material_evidence=false		Citrus sinensis	2711				plant-associated material	plant-associated material	tissue
GCA_947085575.1	SAMEA111451334	uncultured Caulobacteraceae bacterium	PH2A-SITE-PLANT-SAMPLE-MATERIAL	Sample_Material_SD	plant material	plant_material_evidence	plant_material_evidence=false		Viridiplantae	33090				plant-associated material	plant-associated material	
GCA_056739175.1	SAMN27610239	Ensifer sp. R1-3	PH2A-SITE-PLANT-SAMPLE-MATERIAL	Sample_Material_SD	plant material	plant_material_evidence	plant_material_evidence=false		Plantago cylindrica	1928669				plant-associated material	plant-associated material	
GCA_052983315.1	SAMN52029506	Sinomicrobium sp. M5D2P9	PH2A-SITE-PLANT-SAMPLE-MATERIAL	Sample_Material_SD	plant material	plant_material_evidence	plant_material_evidence=false		Viridiplantae	33090				plant-associated material	plant-associated material	
GCA_056738295.1	SAMN41787735	Xanthomonas citri pv. mangiferaeindicae	PH2A-SITE-PLANT-SAMPLE-MATERIAL	Sample_Material_SD	plant material	plant_material_evidence	plant_material_evidence=false		Mangifera indica	29780				plant-associated material	plant-associated material	microbial isolate
GCA_056850415.1	SAMN47254641	Xanthomonas citri pv. glycines	PH2A-SITE-PLANT-SAMPLE-MATERIAL	Sample_Material_SD	plant material	plant_material_evidence	plant_material_evidence=false		Glycine max	3847				plant-associated material	plant-associated material	
GCA_014837245.1	SAMN16095161	Devosia oryzisoli	PH2A-SITE-PLANT-SAMPLE-MATERIAL	Sample_Material_SD	plant material	plant_material_evidence	plant_material_evidence=false		Viridiplantae	33090				plant-associated material	plant-associated material	
GCA_056846495.1	SAMN47254579	Xanthomonas citri pv. citri	PH2A-SITE-PLANT-SAMPLE-MATERIAL	Sample_Material_SD	plant material	plant_material_evidence	plant_material_evidence=false		Citrus	2706				plant-associated material	plant-associated material	
GCA_013414305.1	SAMN15446430	Streptomyces sp. Rer75	PH2A-SITE-PLANT-SAMPLE-MATERIAL	Sample_Material_SD	plant material	plant_material_evidence	plant_material_evidence=false		Rehmannia glutinosa	99300				plant-associated material		
GCA_002585175.1	SAMN07597889	Bacillus anthracis	PH2A-SITE-PLANT-SAMPLE-MATERIAL	Sample_Material_SD	plant material	plant_material_evidence	plant_material_evidence=false		Viridiplantae	33090				plant-associated material	plant-associated material	cell culture
GCA_022519105.1	SAMN25989651	Klebsiella pneumoniae	PH2A-HHS-PATIENT-HUMAN-CONTEXT	Host_Context_SD	human-associated	human_host_evidence	human_host_evidence=false					patient			healthcare-associated environment	hospital wastewater
GCA_022527265.1	SAMN25988557	Klebsiella pneumoniae	PH2A-HHS-PATIENT-HUMAN-CONTEXT	Host_Context_SD	human-associated	human_host_evidence	human_host_evidence=false					patient			healthcare-associated environment	hospital wastewater
GCA_022531825.1	SAMN25989475	Klebsiella pneumoniae	PH2A-HHS-PATIENT-HUMAN-CONTEXT	Host_Context_SD	human-associated	human_host_evidence	human_host_evidence=false					patient			healthcare-associated environment	hospital wastewater
GCA_022532005.1	SAMN25989208	Klebsiella pneumoniae	PH2A-HHS-PATIENT-HUMAN-CONTEXT	Host_Context_SD	human-associated	human_host_evidence	human_host_evidence=false					patient			healthcare-associated environment	hospital wastewater
GCA_000633295.1	SAMN02729847	Bacillus sp. H1m	PH2A-SITE-PLANT-SAMPLE-MATERIAL	Sample_Material_SD	plant material	plant_material_evidence	plant_material_evidence=false		Viridiplantae	33090				plant-associated material	plant-associated material	
GCA_056868415.1	SAMN47254626	Xanthomonas citri pv. glycines	PH2A-SITE-PLANT-SAMPLE-MATERIAL	Sample_Material_SD	plant material	plant_material_evidence	plant_material_evidence=false		Glycine max	3847				plant-associated material	plant-associated material	
GCA_964411875.1	SAMEA117375468	uncultured Kangiellaceae bacterium	PH2A-SITE-PLANT-SAMPLE-MATERIAL	Sample_Material_SD	plant material	plant_material_evidence	plant_material_evidence=false		Viridiplantae	33090				plant-associated material		
GCA_003674095.1	SAMN10236333	Aeromicrobium phragmitis	PH2A-SITE-PLANT-SAMPLE-MATERIAL	Sample_Material_SD	plant material	plant_material_evidence	plant_material_evidence=false		Viridiplantae	33090				plant-associated material	plant-associated material	
GCA_021892995.1	SAMN14372642	Lactiplantibacillus plantarum	PH2A-SITE-PLANT-SAMPLE-MATERIAL	Sample_Material_SD	plant material	plant_material_evidence	plant_material_evidence=false		Viridiplantae	33090				plant-associated material	plant-associated material	
GCA_021893435.1	SAMN14372621	Lactiplantibacillus plantarum	PH2A-SITE-PLANT-SAMPLE-MATERIAL	Sample_Material_SD	plant material	plant_material_evidence	plant_material_evidence=false		Viridiplantae	33090				plant-associated material	plant-associated material	
GCA_021894335.1	SAMN14372572	Lactiplantibacillus plantarum	PH2A-SITE-PLANT-SAMPLE-MATERIAL	Sample_Material_SD	plant material	plant_material_evidence	plant_material_evidence=false		Viridiplantae	33090				plant-associated material	plant-associated material	
GCA_022487975.1	SAMN26226227	Pseudomonas aeruginosa	PH2A-SITE-PLANT-SAMPLE-MATERIAL	Sample_Material_SD	plant material	plant_material_evidence	plant_material_evidence=false		Solanum lycopersicum	4081				plant-associated material	plant-associated material	
GCA_018951215.1	SAMN13738864	Clostridioides difficile	PH2A-SITE-PLANT-SAMPLE-MATERIAL	Sample_Material_SD	plant material	plant_material_evidence	plant_material_evidence=false		Viridiplantae	33090				plant-associated material	plant-associated material	
GCA_022532745.1	SAMN25988972	Citrobacter freundii	PH2A-HHS-PATIENT-HUMAN-CONTEXT	Host_Context_SD	human-associated	human_host_evidence	human_host_evidence=false					patient			healthcare-associated environment	hospital wastewater
GCA_902648145.1	SAMEA6140779	uncultured Wolbachia sp.	PH2A-SITE-PLANT-SAMPLE-MATERIAL	Sample_Material_SD	plant material	plant_material_evidence	plant_material_evidence=false		Viridiplantae	33090				plant-associated material	plant-associated material	
GCA_016680365.1	SAMN17166583	Klebsiella pneumoniae	PH2A-SITE-CATHETER-DEVICE	Sample_Collection_Device_SD	catheter	collection_device_evidence	collection_device_evidence=false		Homo sapiens	9606				catheter	clinical/host-associated material	
GCA_053206425.1	SAMN52092827	Streptococcus macedonicus	PH2A-SITE-PLANT-SAMPLE-MATERIAL	Sample_Material_SD	plant material	plant_material_evidence	plant_material_evidence=false		Viridiplantae	33090				plant-associated material	plant-associated material	microbial isolate
GCA_023630685.1	SAMN26211629	Caballeronia sp. AAUFL_F2_KS46	PH2A-SITE-PLANT-SAMPLE-MATERIAL	Sample_Material_SD	plant material	plant_material_evidence	plant_material_evidence=false		Anasa andresii	2714317				plant-associated material	plant-associated material	gut content
GCA_056582605.1	SAMN52021219	Pseudomonas fragariae (ex Marin et al. 2024)	PH2A-SITE-PLANT-SAMPLE-MATERIAL	Sample_Material_SD	plant material	plant_material_evidence	plant_material_evidence=false		Arabidopsis thaliana	3702				plant-associated material	plant-associated material	
GCA_051132095.1	SAMN18220747	Pseudomonas sp. R1-18	PH2A-SITE-PLANT-SAMPLE-MATERIAL	Sample_Material_SD	plant material	plant_material_evidence	plant_material_evidence=false		Plantago cylindrica	1928669				plant-associated material	plant-associated material	
GCA_047983225.1	SAMN45227888	Pseudomonas aeruginosa	PH2A-HHS-PATIENT-HUMAN-CONTEXT	Host_Context_SD	human-associated	human_host_evidence	human_host_evidence=false					patient			clinical/host-associated material	sink
GCA_036345055.1	SAMN30553147	Streptomyces chartreusis	PH2A-SITE-PLANT-SAMPLE-MATERIAL	Sample_Material_SD	plant material	plant_material_evidence	plant_material_evidence=false		Viridiplantae	33090				plant-associated material	plant-associated material	
GCA_947085435.1	SAMEA111451390	uncultured Phycisphaerae bacterium	PH2A-SITE-PLANT-SAMPLE-MATERIAL	Sample_Material_SD	plant material	plant_material_evidence	plant_material_evidence=false		Viridiplantae	33090				plant-associated material	plant-associated material	
GCA_015018475.1	SAMN15486405	Listeria monocytogenes	PH2A-SITE-PLANT-SAMPLE-MATERIAL	Sample_Material_SD	plant material	plant_material_evidence	plant_material_evidence=false		Aves	8782				plant-associated material	plant-associated material	drain
GCA_022528805.1	SAMN25989466	Citrobacter freundii	PH2A-HHS-PATIENT-HUMAN-CONTEXT	Host_Context_SD	human-associated	human_host_evidence	human_host_evidence=false					patient			healthcare-associated environment	hospital wastewater
GCA_028438065.1	SAMN29993313	Acinetobacter baumannii	PH2A-SITE-PLANT-SAMPLE-MATERIAL	Sample_Material_SD	plant material	plant_material_evidence	plant_material_evidence=false		Viridiplantae	33090				plant-associated material	plant-associated material	
GCA_000409875.1	SAMN02469709	Lacticaseibacillus paracasei subsp. paracasei Lpp46	PH2A-SITE-PLANT-SAMPLE-MATERIAL	Sample_Material_SD	plant material	plant_material_evidence	plant_material_evidence=false		Viridiplantae	33090				plant-associated material	plant-associated material	
GCA_001183885.1	SAMN03651170	Geobacillus stearothermophilus	PH2A-SITE-PLANT-SAMPLE-MATERIAL	Sample_Material_SD	plant material	plant_material_evidence	plant_material_evidence=false		Viridiplantae	33090				plant-associated material	plant-associated material	cell culture
GCA_045161325.1	SAMN24016255	Streptomyces longwoodensis	PH2A-SITE-PLANT-SAMPLE-MATERIAL	Sample_Material_SD	plant material	plant_material_evidence	plant_material_evidence=false		Viridiplantae	33090				plant-associated material	plant-associated material	
GCA_053566995.1	SAMN27610235	Bacillus sp. PK9-021	PH2A-SITE-PLANT-SAMPLE-MATERIAL	Sample_Material_SD	plant material	plant_material_evidence	plant_material_evidence=false		Tribulus terrestris	210369				plant-associated material	plant-associated material	
GCA_002575795.1	SAMN07598041	Bacillus cereus	PH2A-SITE-PLANT-SAMPLE-MATERIAL	Sample_Material_SD	plant material	plant_material_evidence	plant_material_evidence=false		Viridiplantae	33090				plant-associated material	plant-associated material	cell culture
GCA_002582835.1	SAMN07597855	Bacillus wiedmannii	PH2A-SITE-PLANT-SAMPLE-MATERIAL	Sample_Material_SD	plant material	plant_material_evidence	plant_material_evidence=false		Viridiplantae	33090				plant-associated material	plant-associated material	cell culture
GCA_056738645.1	SAMN27610218	Bacillus sp. PK3-067	PH2A-SITE-PLANT-SAMPLE-MATERIAL	Sample_Material_SD	plant material	plant_material_evidence	plant_material_evidence=false		Janochloa antidotale	3031383				plant-associated material	plant-associated material	
GCA_002576135.1	SAMN07598003	Bacillus thuringiensis	PH2A-SITE-PLANT-SAMPLE-MATERIAL	Sample_Material_SD	plant material	plant_material_evidence	plant_material_evidence=false		Viridiplantae	33090				plant-associated material	plant-associated material	cell culture
GCA_056850465.1	SAMN47254709	Xanthomonas citri pv. malvacearum	PH2A-SITE-PLANT-SAMPLE-MATERIAL	Sample_Material_SD	plant material	plant_material_evidence	plant_material_evidence=false		Gossypium hirsutum	3635				plant-associated material	plant-associated material	
GCA_023611845.1	SAMN24045785	Pantoea ananatis	PH2A-SITE-PLANT-SAMPLE-MATERIAL	Sample_Material_SD	plant material	plant_material_evidence	plant_material_evidence=false		Viridiplantae	33090				plant-associated material	plant-associated material	
GCA_008932765.1	SAMN12821277	Brucella anthropi	PH2A-SITE-PLANT-SAMPLE-MATERIAL	Sample_Material_SD	plant material	plant_material_evidence	plant_material_evidence=false		Viridiplantae	33090				plant-associated material	environmental material	cell culture
GCA_947085165.1	SAMEA111451383	uncultured Opitutaceae bacterium	PH2A-SITE-PLANT-SAMPLE-MATERIAL	Sample_Material_SD	plant material	plant_material_evidence	plant_material_evidence=false		Viridiplantae	33090				plant-associated material	plant-associated material	
GCA_009796095.1	SAMN09427850	Clavibacter michiganensis subsp. michiganensis	PH2A-SITE-PLANT-SAMPLE-MATERIAL	Sample_Material_SD	plant material	plant_material_evidence	plant_material_evidence=false		Solanum lycopersicum	4081				plant-associated material	plant-associated material	
GCA_006542335.1	SAMN10095080	Neokomagataea tanensis	PH2A-SITE-PLANT-SAMPLE-MATERIAL	Sample_Material_SD	plant material	plant_material_evidence	plant_material_evidence=false		Viridiplantae	33090				plant-associated material	plant-associated material	
GCA_034259385.1	SAMN38447974	Bacillus subtilis	PH2A-SITE-PLANT-SAMPLE-MATERIAL	Sample_Material_SD	plant material	plant_material_evidence	plant_material_evidence=false		Viridiplantae	33090				plant-associated material	plant-associated material	
GCA_048452805.1	SAMN45872837	Pantoea sp. K16	PH2A-SITE-PLANT-SAMPLE-MATERIAL	Sample_Material_SD	plant material	plant_material_evidence	plant_material_evidence=false		Zea mays	4577				plant-associated material	plant-associated material	cell culture
GCA_022517305.1	SAMN25988473	Klebsiella pneumoniae	PH2A-HHS-PATIENT-HUMAN-CONTEXT	Host_Context_SD	human-associated	human_host_evidence	human_host_evidence=false					patient			healthcare-associated environment	hospital wastewater
GCA_022517665.1	SAMN25989705	Klebsiella pneumoniae	PH2A-HHS-PATIENT-HUMAN-CONTEXT	Host_Context_SD	human-associated	human_host_evidence	human_host_evidence=false					patient			healthcare-associated environment	hospital wastewater
GCA_022522385.1	SAMN25989919	Klebsiella pneumoniae	PH2A-HHS-PATIENT-HUMAN-CONTEXT	Host_Context_SD	human-associated	human_host_evidence	human_host_evidence=false					patient			healthcare-associated environment	hospital wastewater
GCA_022522325.1	SAMN25989258	Klebsiella pneumoniae	PH2A-HHS-PATIENT-HUMAN-CONTEXT	Host_Context_SD	human-associated	human_host_evidence	human_host_evidence=false					patient			healthcare-associated environment	hospital wastewater
GCA_022528745.1	SAMN25989520	Klebsiella pneumoniae	PH2A-HHS-PATIENT-HUMAN-CONTEXT	Host_Context_SD	human-associated	human_host_evidence	human_host_evidence=false					patient			healthcare-associated environment	hospital wastewater
GCA_022536195.1	SAMN25989608	Klebsiella pneumoniae	PH2A-HHS-PATIENT-HUMAN-CONTEXT	Host_Context_SD	human-associated	human_host_evidence	human_host_evidence=false					patient			healthcare-associated environment	hospital wastewater
GCA_022536255.1	SAMN25988612	Klebsiella pneumoniae	PH2A-HHS-PATIENT-HUMAN-CONTEXT	Host_Context_SD	human-associated	human_host_evidence	human_host_evidence=false					patient			healthcare-associated environment	hospital wastewater
GCA_024181835.1	SAMN29361900	Vibrio sp. Y29_XK_CS5	PH2A-SITE-PLANT-SAMPLE-MATERIAL	Sample_Material_SD	plant material	plant_material_evidence	plant_material_evidence=false		Viridiplantae	33090				plant-associated material	plant-associated material	
GCA_049687295.1	SAMD00828287	Staphylococcus pseudintermedius	PH2A-HHS-PATIENT-HUMAN-CONTEXT	Host_Context_SD	human-associated	human_host_evidence	human_host_evidence=false		Canis lupus familiaris	9615		patient				
GCA_053834545.1	SAMEA120398501	Escherichia coli	PH2A-HHS-PATIENT-HUMAN-CONTEXT	Host_Context_SD	human-associated	human_host_evidence	human_host_evidence=false					patient			clinical/host-associated material	drain
GCA_002561715.1	SAMN07597387	Bacillus cereus	PH2A-SITE-PLANT-SAMPLE-MATERIAL	Sample_Material_SD	plant material	plant_material_evidence	plant_material_evidence=false		Zea mays	4577				plant-associated material	plant-associated material	
GCA_002567645.1	SAMN07598321	Priestia megaterium	PH2A-SITE-PLANT-SAMPLE-MATERIAL	Sample_Material_SD	plant material	plant_material_evidence	plant_material_evidence=false		Viridiplantae	33090				plant-associated material	plant-associated material	cell culture
GCA_002570705.1	SAMN07598181	Bacillus thuringiensis	PH2A-SITE-PLANT-SAMPLE-MATERIAL	Sample_Material_SD	plant material	plant_material_evidence	plant_material_evidence=false		Viridiplantae	33090				plant-associated material	plant-associated material	cell culture
GCA_003628305.1	SAMN10145370	Cohnella endophytica	PH2A-SITE-PLANT-SAMPLE-MATERIAL	Sample_Material_SD	plant material	plant_material_evidence	plant_material_evidence=false		Viridiplantae	33090				plant-associated material	plant-associated material	
GCA_003388735.1	SAMN09766050	Paenibacillus paeoniae	PH2A-SITE-PLANT-SAMPLE-MATERIAL	Sample_Material_SD	plant material	plant_material_evidence	plant_material_evidence=false		Viridiplantae	33090				plant-associated material	plant-associated material	
GCA_013141715.1	SAMN13054996	Paenibacillus phytorum	PH2A-SITE-PLANT-SAMPLE-MATERIAL	Sample_Material_SD	plant material	plant_material_evidence	plant_material_evidence=false		Viridiplantae	33090				plant-associated material	plant-associated material	
GCA_015014395.1	SAMN14091591	Listeria monocytogenes	PH2A-SITE-PLANT-SAMPLE-MATERIAL	Sample_Material_SD	plant material	plant_material_evidence	plant_material_evidence=false		Aves	8782				plant-associated material	plant-associated material	drain
GCA_016890225.1	SAMN17817098	Bacillus suaedaesalsae	PH2A-SITE-PLANT-SAMPLE-MATERIAL	Sample_Material_SD	plant material	plant_material_evidence	plant_material_evidence=false		Viridiplantae	33090				plant-associated material	plant-associated material	
GCA_018950835.1	SAMN13738858	Clostridioides difficile	PH2A-SITE-PLANT-SAMPLE-MATERIAL	Sample_Material_SD	plant material	plant_material_evidence	plant_material_evidence=false		Viridiplantae	33090				plant-associated material	plant-associated material	
GCA_000331875.1	SAMN02469793	Ralstonia solanacearum FJAT-91	PH2A-SITE-PLANT-SAMPLE-MATERIAL	Sample_Material_SD	plant material	plant_material_evidence	plant_material_evidence=false		Solanum lycopersicum	4081		healthy	healthy/no disease reported	plant-associated material	plant-associated material	
GCA_000350385.1	SAMN02472060	Candidatus Liberibacter americanus PW_SP	PH2A-SITE-PLANT-SAMPLE-MATERIAL	Sample_Material_SD	plant material	plant_material_evidence	plant_material_evidence=false		Catharanthus roseus	4058				plant-associated material	plant-associated material	
GCA_003788695.1	SAMN04393204	Candidatus Cardinium hertigii	PH2A-SITE-PLANT-SAMPLE-MATERIAL	Sample_Material_SD	plant material	plant_material_evidence	plant_material_evidence=false		Pratylenchus penetrans	45929				plant-associated material	plant-associated material	
GCA_022602355.1	SAMN26199807	Rosenbergiella epipactidis	PH2A-SITE-PLANT-SAMPLE-MATERIAL	Sample_Material_SD	plant material	plant_material_evidence	plant_material_evidence=false		diplacus aurantiacus	68869				plant-associated material	plant-associated material	
GCA_022517785.1	SAMN25989471	Citrobacter freundii	PH2A-HHS-PATIENT-HUMAN-CONTEXT	Host_Context_SD	human-associated	human_host_evidence	human_host_evidence=false					patient			healthcare-associated environment	hospital wastewater
GCA_022527285.1	SAMN25988479	Citrobacter freundii	PH2A-HHS-PATIENT-HUMAN-CONTEXT	Host_Context_SD	human-associated	human_host_evidence	human_host_evidence=false					patient			healthcare-associated environment	hospital wastewater
GCA_022536615.1	SAMN25989165	Citrobacter freundii	PH2A-HHS-PATIENT-HUMAN-CONTEXT	Host_Context_SD	human-associated	human_host_evidence	human_host_evidence=false					patient			healthcare-associated environment	hospital wastewater
GCA_047782385.1	SAMN16788680	Nocardiopsis sp. M4-0-055-GM	PH2A-SITE-PLANT-SAMPLE-MATERIAL	Sample_Material_SD	plant material	plant_material_evidence	plant_material_evidence=false		Viridiplantae	33090				plant-associated material	plant-associated material	
GCA_000724925.1	SAMN02903333	Xanthomonas arboricola pv. celebensis	PH2A-SITE-PLANT-SAMPLE-MATERIAL	Sample_Material_SD	plant material	plant_material_evidence	plant_material_evidence=false		Musa sp.	46838				plant-associated material	plant-associated material	
GCA_052682215.1	SAMN51206708	Bacillus sp. 1A	PH2A-SITE-PLANT-SAMPLE-MATERIAL	Sample_Material_SD	plant material	plant_material_evidence	plant_material_evidence=false		Viridiplantae	33090				plant-associated material	plant-associated material	
GCA_023631125.1	SAMN26211608	Caballeronia sp. GAFFF3	PH2A-SITE-PLANT-SAMPLE-MATERIAL	Sample_Material_SD	plant material	plant_material_evidence	plant_material_evidence=false		Anasa tristis	236421				plant-associated material	plant-associated material	gut content
GCA_027864015.1	SAMN31742507	Listeria seeligeri	PH2A-SITE-PLANT-SAMPLE-MATERIAL	Sample_Material_SD	plant material	plant_material_evidence	plant_material_evidence=false							plant-associated material	seafood/aquatic food product	fish product
GCA_039668515.1	SAMN40017600	Listeria monocytogenes	PH2A-SITE-PLANT-SAMPLE-MATERIAL	Sample_Material_SD	plant material	plant_material_evidence	plant_material_evidence=false							plant-associated material	plant-associated material	meat product
GCA_047984105.1	SAMN45227864	Pseudomonas aeruginosa	PH2A-HHS-PATIENT-HUMAN-CONTEXT	Host_Context_SD	human-associated	human_host_evidence	human_host_evidence=false					patient			clinical/host-associated material	sink
GCA_047985615.1	SAMN45227809	Pseudomonas aeruginosa	PH2A-HHS-PATIENT-HUMAN-CONTEXT	Host_Context_SD	human-associated	human_host_evidence	human_host_evidence=false					patient			clinical/host-associated material	sink
GCA_002151305.1	SAMN05439587	Clavibacter michiganensis subsp. michiganensis	PH2A-SITE-PLANT-SAMPLE-MATERIAL	Sample_Material_SD	plant material	plant_material_evidence	plant_material_evidence=false		Solanum lycopersicum	4081				plant-associated material	plant-associated material	
GCA_009725145.1	SAMN13338514	Paenibacillus macerans	PH2A-SITE-PLANT-SAMPLE-MATERIAL	Sample_Material_SD	plant material	plant_material_evidence	plant_material_evidence=false		Viridiplantae	33090				plant-associated material	plant-associated material	single cell
GCA_023630965.1	SAMN26211616	Caballeronia sp. ATUFL_M2_KS44	PH2A-SITE-PLANT-SAMPLE-MATERIAL	Sample_Material_SD	plant material	plant_material_evidence	plant_material_evidence=false		Anasa tristis	236421				plant-associated material	plant-associated material	gut content
GCA_047782485.1	SAMN16788662	Streptomyces sp. 021-4	PH2A-SITE-PLANT-SAMPLE-MATERIAL	Sample_Material_SD	plant material	plant_material_evidence	plant_material_evidence=false		Viridiplantae	33090				plant-associated material	plant-associated material	
GCA_001456235.1	SAMN03166204	Xylella fastidiosa	PH2A-SITE-PLANT-SAMPLE-MATERIAL	Sample_Material_SD	plant material	plant_material_evidence	plant_material_evidence=false		Citrus	2706				plant-associated material	plant-associated material	
GCA_025211425.1	SAMN10365579	Leuconostoc falkenbergense	PH2A-SITE-PLANT-SAMPLE-MATERIAL	Sample_Material_SD	plant material	plant_material_evidence	plant_material_evidence=false		Viridiplantae	33090				plant-associated material	plant-associated material	
GCA_002557835.1	SAMN07597626	Bacillus pseudomycoides	PH2A-SITE-PLANT-SAMPLE-MATERIAL	Sample_Material_SD	plant material	plant_material_evidence	plant_material_evidence=false		Zea mays	4577				plant-associated material	plant-associated material	
GCA_022523685.1	SAMN25989542	Klebsiella pneumoniae	PH2A-HHS-PATIENT-HUMAN-CONTEXT	Host_Context_SD	human-associated	human_host_evidence	human_host_evidence=false					patient			healthcare-associated environment	hospital wastewater
GCA_022517965.1	SAMN25989120	Klebsiella pneumoniae	PH2A-HHS-PATIENT-HUMAN-CONTEXT	Host_Context_SD	human-associated	human_host_evidence	human_host_evidence=false					patient			healthcare-associated environment	hospital wastewater
GCA_022519005.1	SAMN25989358	Klebsiella pneumoniae	PH2A-HHS-PATIENT-HUMAN-CONTEXT	Host_Context_SD	human-associated	human_host_evidence	human_host_evidence=false					patient			healthcare-associated environment	hospital wastewater
GCA_022522725.1	SAMN25989263	Klebsiella pneumoniae	PH2A-HHS-PATIENT-HUMAN-CONTEXT	Host_Context_SD	human-associated	human_host_evidence	human_host_evidence=false					patient			healthcare-associated environment	hospital wastewater
GCA_022524425.1	SAMN25989273	Klebsiella pneumoniae	PH2A-HHS-PATIENT-HUMAN-CONTEXT	Host_Context_SD	human-associated	human_host_evidence	human_host_evidence=false					patient			healthcare-associated environment	hospital wastewater
GCA_022527465.1	SAMN25988568	Klebsiella pneumoniae	PH2A-HHS-PATIENT-HUMAN-CONTEXT	Host_Context_SD	human-associated	human_host_evidence	human_host_evidence=false					patient			healthcare-associated environment	hospital wastewater
GCA_022528125.1	SAMN25989796	Klebsiella pneumoniae	PH2A-HHS-PATIENT-HUMAN-CONTEXT	Host_Context_SD	human-associated	human_host_evidence	human_host_evidence=false					patient			healthcare-associated environment	hospital wastewater
GCA_022534455.1	SAMN25988789	Klebsiella pneumoniae	PH2A-HHS-PATIENT-HUMAN-CONTEXT	Host_Context_SD	human-associated	human_host_evidence	human_host_evidence=false					patient			healthcare-associated environment	hospital wastewater
GCA_044143025.1	SAMN43509992	Pseudomonas sp. TR47	PH2A-SITE-PLANT-SAMPLE-MATERIAL	Sample_Material_SD	plant material	plant_material_evidence	plant_material_evidence=false		tamarix	63084				plant-associated material	plant-associated material	
GCA_002552725.1	SAMN07598594	Bacillus cereus	PH2A-SITE-PLANT-SAMPLE-MATERIAL	Sample_Material_SD	plant material	plant_material_evidence	plant_material_evidence=false		Zea mays	4577				plant-associated material	plant-associated material	
GCA_015016875.1	SAMN14091704	Listeria monocytogenes	PH2A-SITE-PLANT-SAMPLE-MATERIAL	Sample_Material_SD	plant material	plant_material_evidence	plant_material_evidence=false		Aves	8782				plant-associated material	plant-associated material	drain
GCA_015017235.1	SAMN14091611	Listeria monocytogenes	PH2A-SITE-PLANT-SAMPLE-MATERIAL	Sample_Material_SD	plant material	plant_material_evidence	plant_material_evidence=false		Aves	8782				plant-associated material	plant-associated material	drain
GCA_016735585.2	SAMN17222280	Chryseobacterium tagetis	PH2A-SITE-PLANT-SAMPLE-MATERIAL	Sample_Material_SD	plant material	plant_material_evidence	plant_material_evidence=false		Viridiplantae	33090				plant-associated material	plant-associated material	
GCA_022518925.1	SAMN25988806	Citrobacter freundii	PH2A-HHS-PATIENT-HUMAN-CONTEXT	Host_Context_SD	human-associated	human_host_evidence	human_host_evidence=false					patient			healthcare-associated environment	hospital wastewater
GCA_964489925.1	SAMEA117375470	uncultured Rhodobacterales bacterium	PH2A-SITE-PLANT-SAMPLE-MATERIAL	Sample_Material_SD	plant material	plant_material_evidence	plant_material_evidence=false		Viridiplantae	33090				plant-associated material		
GCA_002577755.1	SAMN07597917	Bacillus cereus	PH2A-SITE-PLANT-SAMPLE-MATERIAL	Sample_Material_SD	plant material	plant_material_evidence	plant_material_evidence=false		Viridiplantae	33090				plant-associated material	plant-associated material	cell culture
GCA_051039855.1	SAMN37308760	Clavibacter michiganensis	PH2A-SITE-PLANT-SAMPLE-MATERIAL	Sample_Material_SD	plant material	plant_material_evidence	plant_material_evidence=false		Solanum lycopersicum	4081				plant-associated material	plant-associated material	cell culture
GCA_015014455.1	SAMN14091712	Listeria monocytogenes	PH2A-SITE-PLANT-SAMPLE-MATERIAL	Sample_Material_SD	plant material	plant_material_evidence	plant_material_evidence=false		Aves	8782				plant-associated material	plant-associated material	drain
GCA_018729025.1	SAMN18875254	Escherichia coli	PH2A-SITE-PLANT-SAMPLE-MATERIAL	Sample_Material_SD	plant material	plant_material_evidence	plant_material_evidence=false		Viridiplantae	33090				plant-associated material	plant-associated material	
GCA_047983095.1	SAMN45227892	Pseudomonas aeruginosa	PH2A-HHS-PATIENT-HUMAN-CONTEXT	Host_Context_SD	human-associated	human_host_evidence	human_host_evidence=false					patient			clinical/host-associated material	sink
GCA_047984965.1	SAMN45227826	Pseudomonas aeruginosa	PH2A-HHS-PATIENT-HUMAN-CONTEXT	Host_Context_SD	human-associated	human_host_evidence	human_host_evidence=false					patient			clinical/host-associated material	sink
GCA_047987965.1	SAMN45227731	Pseudomonas aeruginosa	PH2A-HHS-PATIENT-HUMAN-CONTEXT	Host_Context_SD	human-associated	human_host_evidence	human_host_evidence=false					patient			clinical/host-associated material	sink
GCA_051132045.1	SAMN18220753	Pseudomonas sp. R4-79	PH2A-SITE-PLANT-SAMPLE-MATERIAL	Sample_Material_SD	plant material	plant_material_evidence	plant_material_evidence=false		Ifloga spicata	702251				plant-associated material	plant-associated material	
GCA_001183895.1	SAMN03651168	Geobacillus stearothermophilus	PH2A-SITE-PLANT-SAMPLE-MATERIAL	Sample_Material_SD	plant material	plant_material_evidence	plant_material_evidence=false		Viridiplantae	33090				plant-associated material	plant-associated material	cell culture
GCA_022520155.1	SAMN25989401	Citrobacter freundii	PH2A-HHS-PATIENT-HUMAN-CONTEXT	Host_Context_SD	human-associated	human_host_evidence	human_host_evidence=false					patient			healthcare-associated environment	hospital wastewater
GCA_022602545.1	SAMN26199801	Rosenbergiella epipactidis	PH2A-SITE-PLANT-SAMPLE-MATERIAL	Sample_Material_SD	plant material	plant_material_evidence	plant_material_evidence=false		Metrosideros polymorpha	101976				plant-associated material	plant-associated material	
GCA_054792375.1	SAMN27610185	Bacillus sp. SA116	PH2A-SITE-PLANT-SAMPLE-MATERIAL	Sample_Material_SD	plant material	plant_material_evidence	plant_material_evidence=false		Indigofera argentea	198858				plant-associated material	plant-associated material	
GCA_047306765.1	SAMN39171901	Bacillus velezensis	PH2A-SITE-PLANT-SAMPLE-MATERIAL	Sample_Material_SD	plant material	plant_material_evidence	plant_material_evidence=false		Chenopodium album	3559				plant-associated material		
GCA_947085925.1	SAMEA111451356	uncultured Gammaproteobacteria bacterium	PH2A-SITE-PLANT-SAMPLE-MATERIAL	Sample_Material_SD	plant material	plant_material_evidence	plant_material_evidence=false		Viridiplantae	33090				plant-associated material	plant-associated material	
GCA_947085785.1	SAMEA111451291	uncultured Omnitrophica bacterium	PH2A-SITE-PLANT-SAMPLE-MATERIAL	Sample_Material_SD	plant material	plant_material_evidence	plant_material_evidence=false		Viridiplantae	33090				plant-associated material	plant-associated material	
GCA_947085765.1	SAMEA111451339	uncultured Chromatiaceae bacterium	PH2A-SITE-PLANT-SAMPLE-MATERIAL	Sample_Material_SD	plant material	plant_material_evidence	plant_material_evidence=false		Viridiplantae	33090				plant-associated material	plant-associated material	
GCA_947085615.1	SAMEA111451391	uncultured Pirellulaceae bacterium	PH2A-SITE-PLANT-SAMPLE-MATERIAL	Sample_Material_SD	plant material	plant_material_evidence	plant_material_evidence=false		Viridiplantae	33090				plant-associated material	plant-associated material	
GCA_002561275.1	SAMN07597454	Bacillus thuringiensis	PH2A-SITE-PLANT-SAMPLE-MATERIAL	Sample_Material_SD	plant material	plant_material_evidence	plant_material_evidence=false		Viridiplantae	33090				plant-associated material	plant-associated material	cell culture
GCA_030370015.1	SAMN35778208	Pectobacterium brasiliense	PH2A-SITE-PLANT-SAMPLE-MATERIAL	Sample_Material_SD	plant material	plant_material_evidence	plant_material_evidence=false		Viridiplantae	33090				plant-associated material	plant-associated material	
GCA_040047715.1	SAMN41059648	Bacillus licheniformis	PH2A-SITE-PLANT-SAMPLE-MATERIAL	Sample_Material_SD	plant material	plant_material_evidence	plant_material_evidence=false		Bassia scoparia	83154				plant-associated material	plant-associated material	
GCA_022518365.1	SAMN25989345	Citrobacter freundii	PH2A-HHS-PATIENT-HUMAN-CONTEXT	Host_Context_SD	human-associated	human_host_evidence	human_host_evidence=false					patient			healthcare-associated environment	hospital wastewater
GCA_030846945.1	SAMN30207207	Cronobacter sakazakii	PH2A-SITE-PLANT-SAMPLE-MATERIAL	Sample_Material_SD	plant material	plant_material_evidence	plant_material_evidence=false							plant-associated material	plant-associated material	milk powder
GCA_018388525.1	SAMN19068847	Pseudomonas syringae	PH2A-SITE-PLANT-SAMPLE-MATERIAL	Sample_Material_SD	plant material	plant_material_evidence	plant_material_evidence=false		Medicago sativa	3879				plant-associated material	plant-associated material	
GCA_022602035.1	SAMN26199815	Rosenbergiella australiborealis	PH2A-SITE-PLANT-SAMPLE-MATERIAL	Sample_Material_SD	plant material	plant_material_evidence	plant_material_evidence=false		Protea roupelliae	206285				plant-associated material	plant-associated material	
GCA_030847155.1	SAMN30207197	Cronobacter sakazakii	PH2A-SITE-PLANT-SAMPLE-MATERIAL	Sample_Material_SD	plant material	plant_material_evidence	plant_material_evidence=false							plant-associated material	plant-associated material	milk powder
GCA_947085665.1	SAMEA111451401	uncultured Sinobacteraceae bacterium	PH2A-SITE-PLANT-SAMPLE-MATERIAL	Sample_Material_SD	plant material	plant_material_evidence	plant_material_evidence=false		Viridiplantae	33090				plant-associated material	plant-associated material	
GCA_002578895.1	SAMN07598163	Bacillus wiedmannii	PH2A-SITE-PLANT-SAMPLE-MATERIAL	Sample_Material_SD	plant material	plant_material_evidence	plant_material_evidence=false		Viridiplantae	33090				plant-associated material	plant-associated material	
GCA_015018395.1	SAMN15486400	Listeria monocytogenes	PH2A-SITE-PLANT-SAMPLE-MATERIAL	Sample_Material_SD	plant material	plant_material_evidence	plant_material_evidence=false		Aves	8782				plant-associated material	plant-associated material	drain
GCA_028438125.1	SAMN29993309	Acinetobacter baumannii	PH2A-SITE-PLANT-SAMPLE-MATERIAL	Sample_Material_SD	plant material	plant_material_evidence	plant_material_evidence=false		Viridiplantae	33090				plant-associated material	plant-associated material	
GCA_000633375.1	SAMN02729861	Myroides odoratimimus H1bi	PH2A-SITE-PLANT-SAMPLE-MATERIAL	Sample_Material_SD	plant material	plant_material_evidence	plant_material_evidence=false		Viridiplantae	33090				plant-associated material	plant-associated material	
GCA_007782995.1	SAMN02845725	Salmonella enterica subsp. enterica serovar Javiana	PH2A-SITE-PLANT-SAMPLE-MATERIAL	Sample_Material_SD	plant material	plant_material_evidence	plant_material_evidence=false		Solanum lycopersicum	4081				plant-associated material	plant-associated material	
GCA_017815135.1	SAMN18498793	Jiella mangrovi	PH2A-SITE-PLANT-SAMPLE-MATERIAL	Sample_Material_SD	plant material	plant_material_evidence	plant_material_evidence=false		Viridiplantae	33090				plant-associated material	plant-associated material	
GCA_023631105.1	SAMN26211606	Caballeronia sp. AZ10_KS36	PH2A-SITE-PLANT-SAMPLE-MATERIAL	Sample_Material_SD	plant material	plant_material_evidence	plant_material_evidence=false		Anasa tristis	236421				plant-associated material	plant-associated material	gut content
GCA_036347215.1	SAMN30553194	Streptomyces luteogriseus	PH2A-SITE-PLANT-SAMPLE-MATERIAL	Sample_Material_SD	plant material	plant_material_evidence	plant_material_evidence=false		Viridiplantae	33090				plant-associated material	plant-associated material	
GCA_003013745.1	SAMN06292595	Streptomyces sp. 111WW2	PH2A-SITE-PLANT-SAMPLE-MATERIAL	Sample_Material_SD	plant material	plant_material_evidence	plant_material_evidence=false		Triticum aestivum	4565				plant-associated material	plant-associated material	cell culture
GCA_009793195.1	SAMN09427636	Clavibacter michiganensis subsp. michiganensis	PH2A-SITE-PLANT-SAMPLE-MATERIAL	Sample_Material_SD	plant material	plant_material_evidence	plant_material_evidence=false		Solanum lycopersicum	4081				plant-associated material	plant-associated material	
GCA_009796145.1	SAMN09427993	Clavibacter michiganensis subsp. michiganensis	PH2A-SITE-PLANT-SAMPLE-MATERIAL	Sample_Material_SD	plant material	plant_material_evidence	plant_material_evidence=false		Solanum lycopersicum	4081				plant-associated material	plant-associated material	
GCA_056738255.1	SAMN41787748	Xanthomonas citri pv. mangiferaeindicae	PH2A-SITE-PLANT-SAMPLE-MATERIAL	Sample_Material_SD	plant material	plant_material_evidence	plant_material_evidence=false		Mangifera indica	29780				plant-associated material	plant-associated material	microbial isolate
GCA_056850425.1	SAMN47254642	Xanthomonas citri pv. glycines	PH2A-SITE-PLANT-SAMPLE-MATERIAL	Sample_Material_SD	plant material	plant_material_evidence	plant_material_evidence=false		Glycine max	3847				plant-associated material	plant-associated material	
GCA_057198295.1	SAMN48811283	Bacillus velezensis	PH2A-SITE-PLANT-SAMPLE-MATERIAL	Sample_Material_SD	plant material	plant_material_evidence	plant_material_evidence=false		Oryza sativa	4530				plant-associated material	environmental material	terrestrial environment
GCA_021365505.1	SAMN24011482	Erwinia tracheiphila	PH2A-SITE-PLANT-SAMPLE-MATERIAL	Sample_Material_SD	plant material	plant_material_evidence	plant_material_evidence=false		Cucurbita pepo var. texana	37651				plant-associated material	plant-associated material	cell culture
GCA_024461035.1	SAMN20322148	Pseudomonas syringae	PH2A-SITE-PLANT-SAMPLE-MATERIAL	Sample_Material_SD	plant material	plant_material_evidence	plant_material_evidence=false		Actinidia chinensis	3625				plant-associated material	plant-associated material	
GCA_022520865.1	SAMN25989594	Klebsiella pneumoniae	PH2A-HHS-PATIENT-HUMAN-CONTEXT	Host_Context_SD	human-associated	human_host_evidence	human_host_evidence=false					patient			healthcare-associated environment	hospital wastewater
GCA_022529225.1	SAMN25990012	Klebsiella pneumoniae	PH2A-HHS-PATIENT-HUMAN-CONTEXT	Host_Context_SD	human-associated	human_host_evidence	human_host_evidence=false					patient			healthcare-associated environment	hospital wastewater
GCA_022529565.1	SAMN25989975	Klebsiella pneumoniae	PH2A-HHS-PATIENT-HUMAN-CONTEXT	Host_Context_SD	human-associated	human_host_evidence	human_host_evidence=false					patient			healthcare-associated environment	hospital wastewater
GCA_022531925.1	SAMN25989408	Klebsiella pneumoniae	PH2A-HHS-PATIENT-HUMAN-CONTEXT	Host_Context_SD	human-associated	human_host_evidence	human_host_evidence=false					patient			healthcare-associated environment	hospital wastewater
GCA_022517705.1	SAMN25988753	Klebsiella pneumoniae	PH2A-HHS-PATIENT-HUMAN-CONTEXT	Host_Context_SD	human-associated	human_host_evidence	human_host_evidence=false					patient			healthcare-associated environment	hospital wastewater
GCA_022522945.1	SAMN25989841	Klebsiella pneumoniae	PH2A-HHS-PATIENT-HUMAN-CONTEXT	Host_Context_SD	human-associated	human_host_evidence	human_host_evidence=false					patient			healthcare-associated environment	hospital wastewater
GCA_022532705.1	SAMN25988973	Klebsiella pneumoniae	PH2A-HHS-PATIENT-HUMAN-CONTEXT	Host_Context_SD	human-associated	human_host_evidence	human_host_evidence=false					patient			healthcare-associated environment	hospital wastewater
GCA_022533425.1	SAMN25989941	Klebsiella pneumoniae	PH2A-HHS-PATIENT-HUMAN-CONTEXT	Host_Context_SD	human-associated	human_host_evidence	human_host_evidence=false					patient			healthcare-associated environment	hospital wastewater
GCA_002561795.1	SAMN07597495	Bacillus thuringiensis	PH2A-SITE-PLANT-SAMPLE-MATERIAL	Sample_Material_SD	plant material	plant_material_evidence	plant_material_evidence=false		Viridiplantae	33090				plant-associated material	plant-associated material	cell culture
GCA_002571085.1	SAMN07598179	Bacillus cereus	PH2A-SITE-PLANT-SAMPLE-MATERIAL	Sample_Material_SD	plant material	plant_material_evidence	plant_material_evidence=false		Viridiplantae	33090				plant-associated material	plant-associated material	
GCA_002572135.1	SAMN07598224	Bacillus thuringiensis	PH2A-SITE-PLANT-SAMPLE-MATERIAL	Sample_Material_SD	plant material	plant_material_evidence	plant_material_evidence=false		Viridiplantae	33090				plant-associated material	plant-associated material	cell culture
GCA_013283695.1	SAMN03217286	Xylella fastidiosa	PH2A-SITE-PLANT-SAMPLE-MATERIAL	Sample_Material_SD	plant material	plant_material_evidence	plant_material_evidence=false		Citrus	2706				plant-associated material	plant-associated material	
GCA_015015785.1	SAMN14091606	Listeria monocytogenes	PH2A-SITE-PLANT-SAMPLE-MATERIAL	Sample_Material_SD	plant material	plant_material_evidence	plant_material_evidence=false		Aves	8782				plant-associated material	plant-associated material	drain
GCA_936941205.1	SAMEA13911878	uncultured Candidatus Altimarinota bacterium	PH2A-SITE-PLANT-SAMPLE-MATERIAL	Sample_Material_SD	plant material	plant_material_evidence	plant_material_evidence=false		Viridiplantae	33090				plant-associated material		
GCA_902556045.1	SAMEA6075659	uncultured Thiothrix sp.	PH2A-SITE-PLANT-SAMPLE-MATERIAL	Sample_Material_SD	plant material	plant_material_evidence	plant_material_evidence=false		Viridiplantae	33090				plant-associated material	plant-associated material	
GCA_029768445.1	SAMN25990032	Pluralibacter gergoviae	PH2A-HHS-PATIENT-HUMAN-CONTEXT	Host_Context_SD	human-associated	human_host_evidence	human_host_evidence=false					patient			healthcare-associated environment	hospital wastewater
GCA_053762525.1	SAMN52659790	Enterobacter sp. ESY93	PH2A-HHS-PATIENT-HUMAN-CONTEXT	Host_Context_SD	human-associated	human_host_evidence	human_host_evidence=false					patient			healthcare-associated environment	laboratory culture
GCA_015015855.1	SAMN14091684	Listeria monocytogenes	PH2A-SITE-PLANT-SAMPLE-MATERIAL	Sample_Material_SD	plant material	plant_material_evidence	plant_material_evidence=false		Aves	8782				plant-associated material	plant-associated material	drain
GCA_002555365.1	SAMN07597481	Bacillus thuringiensis	PH2A-SITE-PLANT-SAMPLE-MATERIAL	Sample_Material_SD	plant material	plant_material_evidence	plant_material_evidence=false		Viridiplantae	33090				plant-associated material	plant-associated material	cell culture
GCA_023475085.1	SAMN20568463	Salmonella enterica subsp. enterica serovar Dublin	PH2A-SITE-PLANT-SAMPLE-MATERIAL	Sample_Material_SD	plant material	plant_material_evidence	plant_material_evidence=false		Viridiplantae	33090				plant-associated material	plant-associated material	
GCA_004724745.1	SAMN04530873	Listeria innocua	PH2A-SITE-PLANT-SAMPLE-MATERIAL	Sample_Material_SD	plant material	plant_material_evidence	plant_material_evidence=false							plant-associated material	environmental material	environmental sample
GCA_023630935.1	SAMN26211621	Caballeronia sp. ASUFL_F2_KS48	PH2A-SITE-PLANT-SAMPLE-MATERIAL	Sample_Material_SD	plant material	plant_material_evidence	plant_material_evidence=false		Anasa scorbutica	2714318				plant-associated material	plant-associated material	gut content
GCA_047983965.1	SAMN45227869	Pseudomonas aeruginosa	PH2A-HHS-PATIENT-HUMAN-CONTEXT	Host_Context_SD	human-associated	human_host_evidence	human_host_evidence=false					patient			clinical/host-associated material	sink
GCA_047986425.1	SAMN45227784	Pseudomonas aeruginosa	PH2A-HHS-PATIENT-HUMAN-CONTEXT	Host_Context_SD	human-associated	human_host_evidence	human_host_evidence=false					patient			clinical/host-associated material	sink
GCA_051132025.1	SAMN18220755	Pseudomonas sp. Z1-6	PH2A-SITE-PLANT-SAMPLE-MATERIAL	Sample_Material_SD	plant material	plant_material_evidence	plant_material_evidence=false		Viridiplantae	33090				plant-associated material	plant-associated material	
GCA_052078085.1	SAMN50550477	Planococcus sp. FY231025	PH2A-SITE-PLANT-SAMPLE-MATERIAL	Sample_Material_SD	plant material	plant_material_evidence	plant_material_evidence=false		Viridiplantae	33090				plant-associated material	plant-associated material	
GCA_001696845.1	SAMN04216072	Ralstonia solanacearum	PH2A-SITE-PLANT-SAMPLE-MATERIAL	Sample_Material_SD	plant material	plant_material_evidence	plant_material_evidence=false		Solanum tuberosum	4113		symptomatic		plant-associated material	plant/produce food product	potato
GCA_002565845.1	SAMN07598422	Bacillus thuringiensis	PH2A-SITE-PLANT-SAMPLE-MATERIAL	Sample_Material_SD	plant material	plant_material_evidence	plant_material_evidence=false		Viridiplantae	33090				plant-associated material	plant-associated material	cell culture
GCA_002570425.1	SAMN07598235	Bacillus cereus	PH2A-SITE-PLANT-SAMPLE-MATERIAL	Sample_Material_SD	plant material	plant_material_evidence	plant_material_evidence=false		Viridiplantae	33090				plant-associated material	plant-associated material	cell culture
GCA_029686185.1	SAMN25989597	Enterobacter asburiae	PH2A-HHS-PATIENT-HUMAN-CONTEXT	Host_Context_SD	human-associated	human_host_evidence	human_host_evidence=false					patient			healthcare-associated environment	hospital wastewater
GCA_019104025.1	SAMN19813353	Pseudomonas viridiflava	PH2A-SITE-PLANT-SAMPLE-MATERIAL	Sample_Material_SD	plant material	plant_material_evidence	plant_material_evidence=false		Medicago sativa	3879				plant-associated material	plant-associated material	
GCA_017308805.1	SAMN16872603	Listeria monocytogenes	PH2A-SITE-PLANT-SAMPLE-MATERIAL	Sample_Material_SD	plant material	plant_material_evidence	plant_material_evidence=false		Viridiplantae	33090				plant-associated material	plant-associated material	
GCA_017308915.1	SAMN16872599	Listeria monocytogenes	PH2A-SITE-PLANT-SAMPLE-MATERIAL	Sample_Material_SD	plant material	plant_material_evidence	plant_material_evidence=false		Viridiplantae	33090				plant-associated material	plant-associated material	
GCA_022521125.1	SAMN25989510	Klebsiella pneumoniae	PH2A-HHS-PATIENT-HUMAN-CONTEXT	Host_Context_SD	human-associated	human_host_evidence	human_host_evidence=false					patient			healthcare-associated environment	hospital wastewater
GCA_022524665.1	SAMN25989233	Klebsiella oxytoca	PH2A-HHS-PATIENT-HUMAN-CONTEXT	Host_Context_SD	human-associated	human_host_evidence	human_host_evidence=false					patient			healthcare-associated environment	hospital wastewater
GCA_022528185.1	SAMN25989788	Klebsiella ornithinolytica	PH2A-HHS-PATIENT-HUMAN-CONTEXT	Host_Context_SD	human-associated	human_host_evidence	human_host_evidence=false					patient			healthcare-associated environment	hospital wastewater
GCA_022519145.1	SAMN25988690	Citrobacter freundii	PH2A-HHS-PATIENT-HUMAN-CONTEXT	Host_Context_SD	human-associated	human_host_evidence	human_host_evidence=false					patient			healthcare-associated environment	hospital wastewater
GCA_022531765.1	SAMN25989238	Citrobacter freundii	PH2A-HHS-PATIENT-HUMAN-CONTEXT	Host_Context_SD	human-associated	human_host_evidence	human_host_evidence=false					patient			healthcare-associated environment	hospital wastewater
GCA_056867885.1	SAMN47254607	Xanthomonas citri pv. fuscans	PH2A-SITE-PLANT-SAMPLE-MATERIAL	Sample_Material_SD	plant material	plant_material_evidence	plant_material_evidence=false		Phaseolus vulgaris	3885				plant-associated material	plant-associated material	
GCA_021894275.1	SAMN14372574	Lactiplantibacillus plantarum	PH2A-SITE-PLANT-SAMPLE-MATERIAL	Sample_Material_SD	plant material	plant_material_evidence	plant_material_evidence=false		Viridiplantae	33090				plant-associated material	plant-associated material	
GCA_021894505.1	SAMN14372567	Lactiplantibacillus plantarum	PH2A-SITE-PLANT-SAMPLE-MATERIAL	Sample_Material_SD	plant material	plant_material_evidence	plant_material_evidence=false		Viridiplantae	33090				plant-associated material	plant-associated material	
GCA_022532525.1	SAMN25989135	Citrobacter freundii	PH2A-HHS-PATIENT-HUMAN-CONTEXT	Host_Context_SD	human-associated	human_host_evidence	human_host_evidence=false					patient			healthcare-associated environment	hospital wastewater
GCA_022532645.1	SAMN25988986	Citrobacter freundii	PH2A-HHS-PATIENT-HUMAN-CONTEXT	Host_Context_SD	human-associated	human_host_evidence	human_host_evidence=false					patient			healthcare-associated environment	hospital wastewater
GCA_045276185.1	SAMN43222669	Bacillus atrophaeus	PH2A-SITE-PLANT-SAMPLE-MATERIAL	Sample_Material_SD	plant material	plant_material_evidence	plant_material_evidence=false		Gossypium	3633				plant-associated material	plant-associated material	
GCA_054130585.1	SAMN27610168	Arthrobacter sp. D1-29	PH2A-SITE-PLANT-SAMPLE-MATERIAL	Sample_Material_SD	plant material	plant_material_evidence	plant_material_evidence=false		Erodium	21555				plant-associated material	plant-associated material	
GCA_023630925.1	SAMN26211614	Caballeronia sp. ATUFL_F2_KS42	PH2A-SITE-PLANT-SAMPLE-MATERIAL	Sample_Material_SD	plant material	plant_material_evidence	plant_material_evidence=false		Anasa tristis	236421				plant-associated material	plant-associated material	gut content
GCA_015014235.1	SAMN14091670	Listeria monocytogenes	PH2A-SITE-PLANT-SAMPLE-MATERIAL	Sample_Material_SD	plant material	plant_material_evidence	plant_material_evidence=false							plant-associated material	plant-associated material	
GCA_015014555.1	SAMN15486401	Listeria monocytogenes	PH2A-SITE-PLANT-SAMPLE-MATERIAL	Sample_Material_SD	plant material	plant_material_evidence	plant_material_evidence=false							plant-associated material	plant-associated material	
GCA_023520855.1	SAMN08362834	Bacillus subtilis	PH2A-SITE-PLANT-SAMPLE-MATERIAL	Sample_Material_SD	plant material	plant_material_evidence	plant_material_evidence=false		Janochloa antidotale	3031383				plant-associated material	plant-associated material	
GCA_047978855.1	SAMN45227928	Pseudomonas aeruginosa	PH2A-HHS-PATIENT-HUMAN-CONTEXT	Host_Context_SD	human-associated	human_host_evidence	human_host_evidence=false					patient			clinical/host-associated material	sink
GCA_047988105.1	SAMN45227727	Pseudomonas aeruginosa	PH2A-HHS-PATIENT-HUMAN-CONTEXT	Host_Context_SD	human-associated	human_host_evidence	human_host_evidence=false					patient			clinical/host-associated material	sink
GCA_022213065.1	SAMN25291193	Paraburkholderia tagetis	PH2A-SITE-PLANT-SAMPLE-MATERIAL	Sample_Material_SD	plant material	plant_material_evidence	plant_material_evidence=false		Viridiplantae	33090				plant-associated material	plant-associated material	
GCA_023521655.1	SAMN08362824	Niallia circulans	PH2A-SITE-PLANT-SAMPLE-MATERIAL	Sample_Material_SD	plant material	plant_material_evidence	plant_material_evidence=false		Janochloa antidotale	3031383				plant-associated material	plant-associated material	
GCA_030846965.1	SAMN30207210	Cronobacter sakazakii	PH2A-SITE-PLANT-SAMPLE-MATERIAL	Sample_Material_SD	plant material	plant_material_evidence	plant_material_evidence=false							plant-associated material	plant-associated material	milk powder
GCA_003668555.1	SAMN10220050	Notoacmeibacter ruber	PH2A-SITE-PLANT-SAMPLE-MATERIAL	Sample_Material_SD	plant material	plant_material_evidence	plant_material_evidence=false		Viridiplantae	33090				plant-associated material	plant-associated material	
GCA_007713685.1	SAMN12272955	Hymenobacter setariae	PH2A-SITE-PLANT-SAMPLE-MATERIAL	Sample_Material_SD	plant material	plant_material_evidence	plant_material_evidence=false		Viridiplantae	33090				plant-associated material	plant-associated material	
GCA_015018975.1	SAMN14091671	Listeria monocytogenes	PH2A-SITE-PLANT-SAMPLE-MATERIAL	Sample_Material_SD	plant material	plant_material_evidence	plant_material_evidence=false		Aves	8782				plant-associated material	plant-associated material	
GCA_050312575.1	SAMN41637509	Pseudomonas sp. R11F	PH2A-SITE-PLANT-SAMPLE-MATERIAL	Sample_Material_SD	plant material	plant_material_evidence	plant_material_evidence=false		Phaseolus vulgaris	3885				plant-associated material	plant-associated material	
GCA_028438105.1	SAMN29993310	Acinetobacter baumannii	PH2A-SITE-PLANT-SAMPLE-MATERIAL	Sample_Material_SD	plant material	plant_material_evidence	plant_material_evidence=false		Viridiplantae	33090				plant-associated material	plant-associated material	
GCA_000633475.1	SAMN02729850	Bacillus sp. H1a	PH2A-SITE-PLANT-SAMPLE-MATERIAL	Sample_Material_SD	plant material	plant_material_evidence	plant_material_evidence=false		Viridiplantae	33090				plant-associated material	plant-associated material	
GCA_002238255.1	SAMN07192729	Pseudomonas lactis	PH2A-SITE-PLANT-SAMPLE-MATERIAL	Sample_Material_SD	plant material	plant_material_evidence	plant_material_evidence=false		Brassica oleracea	3712				plant-associated material	plant-associated material	
GCA_004005475.1	SAMN10663191	Niallia taxi	PH2A-SITE-PLANT-SAMPLE-MATERIAL	Sample_Material_SD	plant material	plant_material_evidence	plant_material_evidence=false		Viridiplantae	33090				plant-associated material	plant-associated material	
GCA_022529945.1	SAMN25988813	Citrobacter freundii	PH2A-HHS-PATIENT-HUMAN-CONTEXT	Host_Context_SD	human-associated	human_host_evidence	human_host_evidence=false					patient			healthcare-associated environment	hospital wastewater
GCA_025653725.1	SAMN25232826	Shewanella sp. SM74	PH2A-SITE-PLANT-SAMPLE-MATERIAL	Sample_Material_SD	plant material	plant_material_evidence	plant_material_evidence=false		Viridiplantae	33090				plant-associated material	plant-associated material	
GCA_947085195.1	SAMEA111451338	uncultured Chloroflexota bacterium	PH2A-SITE-PLANT-SAMPLE-MATERIAL	Sample_Material_SD	plant material	plant_material_evidence	plant_material_evidence=false		Viridiplantae	33090				plant-associated material	plant-associated material	
GCA_947085815.1	SAMEA111451367	uncultured Ignavibacteriota bacterium	PH2A-SITE-PLANT-SAMPLE-MATERIAL	Sample_Material_SD	plant material	plant_material_evidence	plant_material_evidence=false		Viridiplantae	33090				plant-associated material	plant-associated material	
GCA_051810305.1	SAMN50276522	Bacillus licheniformis	PH2A-SITE-PLANT-SAMPLE-MATERIAL	Sample_Material_SD	plant material	plant_material_evidence	plant_material_evidence=false		Viridiplantae	33090				plant-associated material	plant-associated material	culture
GCA_002589405.1	SAMN07597809	Bacillus wiedmannii	PH2A-SITE-PLANT-SAMPLE-MATERIAL	Sample_Material_SD	plant material	plant_material_evidence	plant_material_evidence=false		Viridiplantae	33090				plant-associated material	plant-associated material	cell culture
GCA_002577275.1	SAMN07597946	Bacillus anthracis	PH2A-SITE-PLANT-SAMPLE-MATERIAL	Sample_Material_SD	plant material	plant_material_evidence	plant_material_evidence=false		Viridiplantae	33090				plant-associated material	plant-associated material	cell culture
GCA_002577405.1	SAMN07597937	Bacillus cereus	PH2A-SITE-PLANT-SAMPLE-MATERIAL	Sample_Material_SD	plant material	plant_material_evidence	plant_material_evidence=false		Solanum lycopersicum	4081				plant-associated material	plant-associated material	
GCA_964404435.1	SAMEA117375459	uncultured Methylophilaceae bacterium	PH2A-SITE-PLANT-SAMPLE-MATERIAL	Sample_Material_SD	plant material	plant_material_evidence	plant_material_evidence=false		Viridiplantae	33090				plant-associated material		
GCA_964496895.1	SAMEA117375464	uncultured Methylophilaceae bacterium	PH2A-SITE-PLANT-SAMPLE-MATERIAL	Sample_Material_SD	plant material	plant_material_evidence	plant_material_evidence=false		Viridiplantae	33090				plant-associated material		
GCA_002565695.1	SAMN07598455	Bacillus cereus	PH2A-SITE-PLANT-SAMPLE-MATERIAL	Sample_Material_SD	plant material	plant_material_evidence	plant_material_evidence=false		Viridiplantae	33090				plant-associated material	plant-associated material	cell culture
GCA_002558845.1	SAMN07597278	Bacillus cereus	PH2A-SITE-PLANT-SAMPLE-MATERIAL	Sample_Material_SD	plant material	plant_material_evidence	plant_material_evidence=false		Viridiplantae	33090				plant-associated material	plant-associated material	cell culture
GCA_002558955.1	SAMN07597267	Bacillus cereus	PH2A-SITE-PLANT-SAMPLE-MATERIAL	Sample_Material_SD	plant material	plant_material_evidence	plant_material_evidence=false		Solanum lycopersicum	4081				plant-associated material	plant-associated material	
GCA_002568235.1	SAMN07598275	Bacillus cereus	PH2A-SITE-PLANT-SAMPLE-MATERIAL	Sample_Material_SD	plant material	plant_material_evidence	plant_material_evidence=false		Viridiplantae	33090				plant-associated material	plant-associated material	cell culture
GCA_001306015.1	SAMN04038585	Aeromonas dhakensis	PH2A-SITE-PLANT-SAMPLE-MATERIAL	Sample_Material_SD	plant material	plant_material_evidence	plant_material_evidence=false		Kandelia obovata	413952				plant-associated material	plant-associated material	cell culture
GCA_002078505.1	SAMN04455909	Ensifer aridi	PH2A-SITE-PLANT-SAMPLE-MATERIAL	Sample_Material_SD	plant material	plant_material_evidence	plant_material_evidence=false		Vachellia gummifera	1094598				plant-associated material	plant-associated material	
GCA_053903175.1	SAMN27610203	Microbacterium sp. JZ101	PH2A-SITE-PLANT-SAMPLE-MATERIAL	Sample_Material_SD	plant material	plant_material_evidence	plant_material_evidence=false		Euphorbia granulata	1046465				plant-associated material	plant-associated material	
GCA_056850475.1	SAMN47254717	Xanthomonas citri pv. malvacearum	PH2A-SITE-PLANT-SAMPLE-MATERIAL	Sample_Material_SD	plant material	plant_material_evidence	plant_material_evidence=false		Gossypium hirsutum	3635				plant-associated material	plant-associated material	
GCA_015018415.1	SAMN14091677	Listeria monocytogenes	PH2A-SITE-PLANT-SAMPLE-MATERIAL	Sample_Material_SD	plant material	plant_material_evidence	plant_material_evidence=false		Aves	8782				plant-associated material	plant-associated material	drain
GCA_003116055.1	SAMN03877357	Azospirillum sp. Sp 7	PH2A-SITE-PLANT-SAMPLE-MATERIAL	Sample_Material_SD	plant material	plant_material_evidence	plant_material_evidence=false		Digitaria	1582144				plant-associated material	plant-associated material	
GCA_006489235.1	SAMN12015793	Bacillus velezensis	PH2A-SITE-PLANT-SAMPLE-MATERIAL	Sample_Material_SD	plant material	plant_material_evidence	plant_material_evidence=false		Viridiplantae	33090				plant-associated material	plant-associated material	bacterial culture
GCA_048009075.1	SAMN46310993	Lactiplantibacillus plantarum	PH2A-SITE-PLANT-SAMPLE-MATERIAL	Sample_Material_SD	plant material	plant_material_evidence	plant_material_evidence=false		Viridiplantae	33090				plant-associated material	plant-associated material	
GCA_051950135.1	SAMN41787734	Xanthomonas citri pv. mangiferaeindicae	PH2A-SITE-PLANT-SAMPLE-MATERIAL	Sample_Material_SD	plant material	plant_material_evidence	plant_material_evidence=false		Mangifera indica	29780				plant-associated material	plant-associated material	microbial isolate
GCA_025938095.1	SAMN31370695	Novosphingobium sp. JCM 18896	PH2A-SITE-PLANT-SAMPLE-MATERIAL	Sample_Material_SD	plant material	plant_material_evidence	plant_material_evidence=false		Arabidopsis thaliana	3702				plant-associated material	plant-associated material	
GCA_040148685.1	SAMN30619028	Paraburkholderia acidicola	PH2A-SITE-PLANT-SAMPLE-MATERIAL	Sample_Material_SD	plant material	plant_material_evidence	plant_material_evidence=false		Viridiplantae	33090				plant-associated material	plant-associated material	
GCA_051950295.1	SAMN41787729	Xanthomonas citri pv. mangiferaeindicae	PH2A-SITE-PLANT-SAMPLE-MATERIAL	Sample_Material_SD	plant material	plant_material_evidence	plant_material_evidence=false		Mangifera indica	29780				plant-associated material	plant-associated material	microbial isolate
GCA_022520885.1	SAMN25989926	Klebsiella pneumoniae	PH2A-HHS-PATIENT-HUMAN-CONTEXT	Host_Context_SD	human-associated	human_host_evidence	human_host_evidence=false					patient			healthcare-associated environment	hospital wastewater
GCA_022522245.1	SAMN25989559	Klebsiella pneumoniae	PH2A-HHS-PATIENT-HUMAN-CONTEXT	Host_Context_SD	human-associated	human_host_evidence	human_host_evidence=false					patient			healthcare-associated environment	hospital wastewater
GCA_022522845.1	SAMN25989895	Klebsiella pneumoniae	PH2A-HHS-PATIENT-HUMAN-CONTEXT	Host_Context_SD	human-associated	human_host_evidence	human_host_evidence=false					patient			healthcare-associated environment	hospital wastewater
GCA_022528145.1	SAMN25989794	Klebsiella pneumoniae	PH2A-HHS-PATIENT-HUMAN-CONTEXT	Host_Context_SD	human-associated	human_host_evidence	human_host_evidence=false					patient			healthcare-associated environment	hospital wastewater
GCA_022531545.1	SAMN25989326	Klebsiella pneumoniae	PH2A-HHS-PATIENT-HUMAN-CONTEXT	Host_Context_SD	human-associated	human_host_evidence	human_host_evidence=false					patient			healthcare-associated environment	hospital wastewater
GCA_022531805.1	SAMN25988764	Klebsiella pneumoniae	PH2A-HHS-PATIENT-HUMAN-CONTEXT	Host_Context_SD	human-associated	human_host_evidence	human_host_evidence=false					patient			healthcare-associated environment	hospital wastewater
GCA_022532165.1	SAMN25989780	Klebsiella pneumoniae	PH2A-HHS-PATIENT-HUMAN-CONTEXT	Host_Context_SD	human-associated	human_host_evidence	human_host_evidence=false					patient			healthcare-associated environment	hospital wastewater
GCA_022534295.1	SAMN25988877	Klebsiella pneumoniae	PH2A-HHS-PATIENT-HUMAN-CONTEXT	Host_Context_SD	human-associated	human_host_evidence	human_host_evidence=false					patient			healthcare-associated environment	hospital wastewater
GCA_022534895.1	SAMN25989264	Klebsiella pneumoniae	PH2A-HHS-PATIENT-HUMAN-CONTEXT	Host_Context_SD	human-associated	human_host_evidence	human_host_evidence=false					patient			healthcare-associated environment	hospital wastewater
GCA_029814275.1	SAMN15862406	Listeria welshimeri	PH2A-SITE-PLANT-SAMPLE-MATERIAL	Sample_Material_SD	plant material	plant_material_evidence	plant_material_evidence=false							plant-associated material	plant-associated material	meat product
GCA_057658285.1	SAMN54997853	Limosilactobacillus fermentum	PH2A-SITE-PLANT-SAMPLE-MATERIAL	Sample_Material_SD	plant material	plant_material_evidence	plant_material_evidence=false		Theobroma cacao	3641				plant-associated material	plant-associated material	
GCA_003071065.1	SAMN08862432	Sphingobacterium athyrii	PH2A-SITE-PLANT-SAMPLE-MATERIAL	Sample_Material_SD	plant material	plant_material_evidence	plant_material_evidence=false		Athyrium wallichianum	2055122				plant-associated material	plant-associated material	
GCA_015017275.1	SAMN14091639	Listeria monocytogenes	PH2A-SITE-PLANT-SAMPLE-MATERIAL	Sample_Material_SD	plant material	plant_material_evidence	plant_material_evidence=false		Aves	8782				plant-associated material	plant-associated material	drain
GCA_002555055.1	SAMN07597447	Bacillus toyonensis	PH2A-SITE-PLANT-SAMPLE-MATERIAL	Sample_Material_SD	plant material	plant_material_evidence	plant_material_evidence=false		Viridiplantae	33090				plant-associated material	plant-associated material	
GCA_053903125.1	SAMN27610177	Bacillus sp. JZ105	PH2A-SITE-PLANT-SAMPLE-MATERIAL	Sample_Material_SD	plant material	plant_material_evidence	plant_material_evidence=false		Tribulus terrestris	210369				plant-associated material	plant-associated material	
GCA_038433095.1	SAMN40911108	Shewanella algae	PH2A-HHS-PATIENT-HUMAN-CONTEXT	Host_Context_SD	human-associated	human_host_evidence	human_host_evidence=false					patient		rectum/perianal region	clinical/host-associated material	rectal swab
GCA_030646195.1	SAMN36726588	Conexibacter sp. CPCC 205706	PH2A-SITE-PLANT-SAMPLE-MATERIAL	Sample_Material_SD	plant material	plant_material_evidence	plant_material_evidence=false		Viridiplantae	33090				plant-associated material	plant-associated material	
GCA_023631025.1	SAMN26211612	Caballeronia sp. GACF4	PH2A-SITE-PLANT-SAMPLE-MATERIAL	Sample_Material_SD	plant material	plant_material_evidence	plant_material_evidence=false		Anasa tristis	236421				plant-associated material	plant-associated material	gut content
GCA_051028245.1	SAMN17601319	Pseudomonas luteola	PH2A-SITE-PLANT-SAMPLE-MATERIAL	Sample_Material_SD	plant material	plant_material_evidence	plant_material_evidence=false		Tetraena simplex	2499693				plant-associated material	plant-associated material	
GCA_002559375.1	SAMN07597256	Bacillus anthracis	PH2A-SITE-PLANT-SAMPLE-MATERIAL	Sample_Material_SD	plant material	plant_material_evidence	plant_material_evidence=false		Viridiplantae	33090				plant-associated material	plant-associated material	cell culture
GCA_020312125.1	SAMN18647613	Pseudomonas sp. P135	PH2A-SITE-PLANT-SAMPLE-MATERIAL	Sample_Material_SD	plant material	plant_material_evidence	plant_material_evidence=false		Cucurbita pepo	3663				plant-associated material	plant-associated material	
GCA_047987985.1	SAMN45227729	Pseudomonas aeruginosa	PH2A-HHS-PATIENT-HUMAN-CONTEXT	Host_Context_SD	human-associated	human_host_evidence	human_host_evidence=false					patient			clinical/host-associated material	sink
GCA_050627045.1	SAMN47300693	Pseudomonas gorinensis	PH2A-SITE-PLANT-SAMPLE-MATERIAL	Sample_Material_SD	plant material	plant_material_evidence	plant_material_evidence=false		Triticum aestivum	4565				plant-associated material	plant-associated material	
GCA_051950195.1	SAMN41787732	Xanthomonas citri pv. mangiferaeindicae	PH2A-SITE-PLANT-SAMPLE-MATERIAL	Sample_Material_SD	plant material	plant_material_evidence	plant_material_evidence=false		Mangifera indica	29780				plant-associated material	plant-associated material	microbial isolate
GCA_014837175.1	SAMN16095162	Cellulomonas sp. JH27-2	PH2A-SITE-PLANT-SAMPLE-MATERIAL	Sample_Material_SD	plant material	plant_material_evidence	plant_material_evidence=false		Viridiplantae	33090				plant-associated material	plant-associated material	
GCA_015019415.1	SAMN14091615	Listeria monocytogenes	PH2A-SITE-PLANT-SAMPLE-MATERIAL	Sample_Material_SD	plant material	plant_material_evidence	plant_material_evidence=false		Aves	8782				plant-associated material	plant-associated material	drain
GCA_053602255.1	SAMN41497785	Streptomyces sp. NPDC004457	PH2A-SITE-PLANT-SAMPLE-MATERIAL	Sample_Material_SD	plant material	plant_material_evidence	plant_material_evidence=false		Viridiplantae	33090				plant-associated material	plant-associated material	
GCA_048799685.1	SAMN47310464	Bacillus licheniformis	PH2A-SITE-PLANT-SAMPLE-MATERIAL	Sample_Material_SD	plant material	plant_material_evidence	plant_material_evidence=false		Humulus lupulus	3486				plant-associated material	plant-associated material	
GCA_022530505.1	SAMN25989400	Klebsiella pneumoniae	PH2A-HHS-PATIENT-HUMAN-CONTEXT	Host_Context_SD	human-associated	human_host_evidence	human_host_evidence=false					patient			healthcare-associated environment	hospital wastewater
GCA_022534675.1	SAMN25989585	Klebsiella pneumoniae	PH2A-HHS-PATIENT-HUMAN-CONTEXT	Host_Context_SD	human-associated	human_host_evidence	human_host_evidence=false					patient			healthcare-associated environment	hospital wastewater
GCA_022519565.1	SAMN25990034	Klebsiella pneumoniae	PH2A-HHS-PATIENT-HUMAN-CONTEXT	Host_Context_SD	human-associated	human_host_evidence	human_host_evidence=false					patient			healthcare-associated environment	hospital wastewater
GCA_022519605.1	SAMN25990023	Klebsiella pneumoniae	PH2A-HHS-PATIENT-HUMAN-CONTEXT	Host_Context_SD	human-associated	human_host_evidence	human_host_evidence=false					patient			healthcare-associated environment	hospital wastewater
GCA_022525885.1	SAMN25989254	Klebsiella pneumoniae	PH2A-HHS-PATIENT-HUMAN-CONTEXT	Host_Context_SD	human-associated	human_host_evidence	human_host_evidence=false					patient			healthcare-associated environment	hospital wastewater
GCA_022536335.1	SAMN25988464	Klebsiella pneumoniae	PH2A-HHS-PATIENT-HUMAN-CONTEXT	Host_Context_SD	human-associated	human_host_evidence	human_host_evidence=false					patient			healthcare-associated environment	hospital wastewater
GCA_015018635.1	SAMN14091711	Listeria monocytogenes	PH2A-SITE-PLANT-SAMPLE-MATERIAL	Sample_Material_SD	plant material	plant_material_evidence	plant_material_evidence=false		Aves	8782				plant-associated material	plant-associated material	drain
GCA_033842335.1	SAMN38186282	Azospirillum brasilense	PH2A-SITE-PLANT-SAMPLE-MATERIAL	Sample_Material_SD	plant material	plant_material_evidence	plant_material_evidence=false		Viridiplantae	33090				plant-associated material	plant-associated material	cell culture
GCA_038784545.1	SAMN41038237	Marinobacter alkaliphilus	PH2A-SITE-PLANT-SAMPLE-MATERIAL	Sample_Material_SD	plant material	plant_material_evidence	plant_material_evidence=false		Viridiplantae	33090				plant-associated material	plant-associated material	mixed culture
GCA_056867865.1	SAMN47254621	Xanthomonas citri pv. glycines	PH2A-SITE-PLANT-SAMPLE-MATERIAL	Sample_Material_SD	plant material	plant_material_evidence	plant_material_evidence=false		Glycine max	3847				plant-associated material	plant-associated material	
GCA_004713965.1	SAMN03277622	Listeria monocytogenes	PH2A-SITE-PLANT-SAMPLE-MATERIAL	Sample_Material_SD	plant material	plant_material_evidence	plant_material_evidence=false		Diptera	7147				plant-associated material	plant-associated material	dairy food
GCA_002570465.1	SAMN07598229	Bacillus cereus	PH2A-SITE-PLANT-SAMPLE-MATERIAL	Sample_Material_SD	plant material	plant_material_evidence	plant_material_evidence=false		Viridiplantae	33090				plant-associated material	plant-associated material	
GCA_002560335.1	SAMN07597559	Bacillus thuringiensis	PH2A-SITE-PLANT-SAMPLE-MATERIAL	Sample_Material_SD	plant material	plant_material_evidence	plant_material_evidence=false		Viridiplantae	33090				plant-associated material	plant-associated material	cell culture
GCA_003097595.1	SAMN08939683	Lactiplantibacillus plantarum	PH2A-SITE-PLANT-SAMPLE-MATERIAL	Sample_Material_SD	plant material	plant_material_evidence	plant_material_evidence=false		Sus scrofa	9823				plant-associated material	plant-associated material	
GCA_043291005.1	SAMN42529430	Serratia ureilytica	PH2A-SITE-PLANT-SAMPLE-MATERIAL	Sample_Material_SD	plant material	plant_material_evidence	plant_material_evidence=false		Cucumis melo	3656				plant-associated material	plant-associated material	cell culture
GCA_056738235.1	SAMN41787753	Xanthomonas citri pv. mangiferaeindicae	PH2A-SITE-PLANT-SAMPLE-MATERIAL	Sample_Material_SD	plant material	plant_material_evidence	plant_material_evidence=false		Mangifera indica	29780				plant-associated material	plant-associated material	microbial isolate
GCA_021893175.1	SAMN14372634	Lactiplantibacillus plantarum	PH2A-SITE-PLANT-SAMPLE-MATERIAL	Sample_Material_SD	plant material	plant_material_evidence	plant_material_evidence=false		Viridiplantae	33090				plant-associated material	plant-associated material	
GCA_047978605.1	SAMN45227940	Pseudomonas aeruginosa	PH2A-HHS-PATIENT-HUMAN-CONTEXT	Host_Context_SD	human-associated	human_host_evidence	human_host_evidence=false					patient			clinical/host-associated material	sink
GCA_047978925.1	SAMN45227923	Pseudomonas aeruginosa	PH2A-HHS-PATIENT-HUMAN-CONTEXT	Host_Context_SD	human-associated	human_host_evidence	human_host_evidence=false					patient			clinical/host-associated material	sink
GCA_047986025.1	SAMN45227798	Pseudomonas aeruginosa	PH2A-HHS-PATIENT-HUMAN-CONTEXT	Host_Context_SD	human-associated	human_host_evidence	human_host_evidence=false					patient			clinical/host-associated material	sink
GCA_023521015.1	SAMN08362832	Bacillus halotolerans	PH2A-SITE-PLANT-SAMPLE-MATERIAL	Sample_Material_SD	plant material	plant_material_evidence	plant_material_evidence=false		Janochloa antidotale	3031383				plant-associated material	plant-associated material	
GCA_947084815.1	SAMEA111451357	uncultured Gammaproteobacteria bacterium	PH2A-SITE-PLANT-SAMPLE-MATERIAL	Sample_Material_SD	plant material	plant_material_evidence	plant_material_evidence=false		Viridiplantae	33090				plant-associated material	plant-associated material	
GCA_947085035.1	SAMEA111451297	uncultured Actinomycetes bacterium	PH2A-SITE-PLANT-SAMPLE-MATERIAL	Sample_Material_SD	plant material	plant_material_evidence	plant_material_evidence=false		Viridiplantae	33090				plant-associated material	plant-associated material	
GCA_054792695.1	SAMN27610192	Arthrobacter sp. Z1-9	PH2A-SITE-PLANT-SAMPLE-MATERIAL	Sample_Material_SD	plant material	plant_material_evidence	plant_material_evidence=false		Viridiplantae	33090				plant-associated material	plant-associated material	
GCA_002576165.1	SAMN07597997	Bacillus cereus	PH2A-SITE-PLANT-SAMPLE-MATERIAL	Sample_Material_SD	plant material	plant_material_evidence	plant_material_evidence=false		Viridiplantae	33090				plant-associated material	plant-associated material	cell culture
GCA_002579305.1	SAMN07598131	Bacillus toyonensis	PH2A-SITE-PLANT-SAMPLE-MATERIAL	Sample_Material_SD	plant material	plant_material_evidence	plant_material_evidence=false		Viridiplantae	33090				plant-associated material	plant-associated material	
GCA_022602525.1	SAMN26199803	Rosenbergiella epipactidis	PH2A-SITE-PLANT-SAMPLE-MATERIAL	Sample_Material_SD	plant material	plant_material_evidence	plant_material_evidence=false		Metrosideros polymorpha	101976				plant-associated material	plant-associated material	
GCA_009796245.1	SAMN09428081	Clavibacter michiganensis subsp. michiganensis	PH2A-SITE-PLANT-SAMPLE-MATERIAL	Sample_Material_SD	plant material	plant_material_evidence	plant_material_evidence=false		Solanum lycopersicum	4081				plant-associated material	plant-associated material	
GCA_015019315.1	SAMN14091729	Listeria monocytogenes	PH2A-SITE-PLANT-SAMPLE-MATERIAL	Sample_Material_SD	plant material	plant_material_evidence	plant_material_evidence=false		Aves	8782				plant-associated material	plant-associated material	drain
GCA_036584005.1	SAMN38604125	Pseudomonas sp. NA13	PH2A-SITE-PLANT-SAMPLE-MATERIAL	Sample_Material_SD	plant material	plant_material_evidence	plant_material_evidence=false		Viridiplantae	33090				plant-associated material	plant-associated material	
GCA_017969075.1	SAMN12730702	Streptomyces scabiei	PH2A-SITE-PLANT-SAMPLE-MATERIAL	Sample_Material_SD	plant material	plant_material_evidence	plant_material_evidence=false		Solanum tuberosum	4113				plant-associated material	plant-associated material	
GCA_022525685.1	SAMN25988614	Citrobacter freundii	PH2A-HHS-PATIENT-HUMAN-CONTEXT	Host_Context_SD	human-associated	human_host_evidence	human_host_evidence=false					patient			healthcare-associated environment	hospital wastewater
GCA_024192655.1	SAMN20963334	Xanthomonas euvesicatoria pv. allii	PH2A-SITE-PLANT-SAMPLE-MATERIAL	Sample_Material_SD	plant material	plant_material_evidence	plant_material_evidence=false		Allium cepa	4679				plant-associated material	plant-associated material	microbial isolate
GCA_947085445.1	SAMEA111451395	uncultured Pseudomonadota bacterium	PH2A-SITE-PLANT-SAMPLE-MATERIAL	Sample_Material_SD	plant material	plant_material_evidence	plant_material_evidence=false		Viridiplantae	33090				plant-associated material	plant-associated material	
GCA_051783745.1	SAMN49740161	Dickeya zeae	PH2A-SITE-PLANT-SAMPLE-MATERIAL	Sample_Material_SD	plant material	plant_material_evidence	plant_material_evidence=false		Zea mays	4577				plant-associated material	plant-associated material	
GCA_002576945.1	SAMN07597993	Bacillus anthracis	PH2A-SITE-PLANT-SAMPLE-MATERIAL	Sample_Material_SD	plant material	plant_material_evidence	plant_material_evidence=false		Viridiplantae	33090				plant-associated material	plant-associated material	cell culture
GCA_015024475.1	SAMN14091629	Listeria monocytogenes	PH2A-SITE-PLANT-SAMPLE-MATERIAL	Sample_Material_SD	plant material	plant_material_evidence	plant_material_evidence=false		Aves	8782				plant-associated material	plant-associated material	
GCA_054408515.1	SAMN27610173	Arthrobacter sp. D3-16	PH2A-SITE-PLANT-SAMPLE-MATERIAL	Sample_Material_SD	plant material	plant_material_evidence	plant_material_evidence=false		Plantago cylindrica	1928669				plant-associated material	plant-associated material	
GCA_015015555.1	SAMN14091656	Listeria monocytogenes	PH2A-SITE-PLANT-SAMPLE-MATERIAL	Sample_Material_SD	plant material	plant_material_evidence	plant_material_evidence=false		Aves	8782				plant-associated material	plant-associated material	drain
GCA_022602515.1	SAMN26199804	Rosenbergiella collisarenosi	PH2A-SITE-PLANT-SAMPLE-MATERIAL	Sample_Material_SD	plant material	plant_material_evidence	plant_material_evidence=false		Metrosideros polymorpha	101976				plant-associated material	plant-associated material	
GCA_001692285.1	SAMN04901293	Agrobacterium sp. 13-626	PH2A-SITE-PLANT-SAMPLE-MATERIAL	Sample_Material_SD	plant material	plant_material_evidence	plant_material_evidence=false		Pyrus communis	23211				plant-associated material	plant-associated material	
GCA_018951495.1	SAMN13738866	Clostridioides difficile	PH2A-SITE-PLANT-SAMPLE-MATERIAL	Sample_Material_SD	plant material	plant_material_evidence	plant_material_evidence=false		Viridiplantae	33090				plant-associated material	plant-associated material	
GCA_964441245.1	SAMEA117375471	uncultured Saprospiraceae bacterium	PH2A-SITE-PLANT-SAMPLE-MATERIAL	Sample_Material_SD	plant material	plant_material_evidence	plant_material_evidence=false		Viridiplantae	33090				plant-associated material		
GCA_964496865.1	SAMEA117375474	uncultured Comamonadaceae bacterium	PH2A-SITE-PLANT-SAMPLE-MATERIAL	Sample_Material_SD	plant material	plant_material_evidence	plant_material_evidence=false		Viridiplantae	33090				plant-associated material		
GCA_000812025.2	SAMN03258395	Bacillus thermotolerans	PH2A-SITE-PLANT-SAMPLE-MATERIAL	Sample_Material_SD	plant material	plant_material_evidence	plant_material_evidence=false		Viridiplantae	33090				plant-associated material	plant-associated material	
GCA_013141785.1	SAMN13055107	Paenibacillus germinis	PH2A-SITE-PLANT-SAMPLE-MATERIAL	Sample_Material_SD	plant material	plant_material_evidence	plant_material_evidence=false		Viridiplantae	33090				plant-associated material	plant-associated material	
GCA_001692365.1	SAMN04901302	Agrobacterium tumefaciens	PH2A-SITE-PLANT-SAMPLE-MATERIAL	Sample_Material_SD	plant material	plant_material_evidence	plant_material_evidence=false		yarrow	756482				plant-associated material	plant-associated material	
GCA_016623465.1	SAMN17024079	Brachybacterium halotolerans	PH2A-SITE-PLANT-SAMPLE-MATERIAL	Sample_Material_SD	plant material	plant_material_evidence	plant_material_evidence=false		Viridiplantae	33090				plant-associated material	plant-associated material	
GCA_051988255.1	SAMN50280207	Chromobacterium piscinae	PH2A-SITE-PLANT-SAMPLE-MATERIAL	Sample_Material_SD	plant material	plant_material_evidence	plant_material_evidence=false		Viridiplantae	33090				plant-associated material	plant-associated material	
GCA_015019375.1	SAMN14091608	Listeria monocytogenes	PH2A-SITE-PLANT-SAMPLE-MATERIAL	Sample_Material_SD	plant material	plant_material_evidence	plant_material_evidence=false		Aves	8782				plant-associated material	plant-associated material	drain
GCA_056738445.1	SAMN41787728	Xanthomonas citri pv. mangiferaeindicae	PH2A-SITE-PLANT-SAMPLE-MATERIAL	Sample_Material_SD	plant material	plant_material_evidence	plant_material_evidence=false		Mangifera indica	29780				plant-associated material	plant-associated material	microbial isolate
GCA_019104085.1	SAMN19813350	Pseudomonas viridiflava	PH2A-SITE-PLANT-SAMPLE-MATERIAL	Sample_Material_SD	plant material	plant_material_evidence	plant_material_evidence=false		Medicago sativa	3879				plant-associated material	plant-associated material	
GCA_022518185.1	SAMN25989445	Klebsiella pneumoniae	PH2A-HHS-PATIENT-HUMAN-CONTEXT	Host_Context_SD	human-associated	human_host_evidence	human_host_evidence=false					patient			healthcare-associated environment	hospital wastewater
GCA_022521025.1	SAMN25989954	Klebsiella pneumoniae	PH2A-HHS-PATIENT-HUMAN-CONTEXT	Host_Context_SD	human-associated	human_host_evidence	human_host_evidence=false					patient			healthcare-associated environment	hospital wastewater
GCA_022536915.1	SAMN25989156	Klebsiella pneumoniae	PH2A-HHS-PATIENT-HUMAN-CONTEXT	Host_Context_SD	human-associated	human_host_evidence	human_host_evidence=false					patient			healthcare-associated environment	hospital wastewater
GCA_022533755.1	SAMN25988505	Klebsiella pneumoniae	PH2A-HHS-PATIENT-HUMAN-CONTEXT	Host_Context_SD	human-associated	human_host_evidence	human_host_evidence=false					patient			healthcare-associated environment	hospital wastewater
GCA_022536375.1	SAMN25988569	Klebsiella pneumoniae	PH2A-HHS-PATIENT-HUMAN-CONTEXT	Host_Context_SD	human-associated	human_host_evidence	human_host_evidence=false					patient			healthcare-associated environment	hospital wastewater
GCA_017308875.1	SAMN16872598	Listeria monocytogenes	PH2A-SITE-PLANT-SAMPLE-MATERIAL	Sample_Material_SD	plant material	plant_material_evidence	plant_material_evidence=false		Viridiplantae	33090				plant-associated material	plant-associated material	
GCA_022528405.1	SAMN25989712	Klebsiella pneumoniae	PH2A-HHS-PATIENT-HUMAN-CONTEXT	Host_Context_SD	human-associated	human_host_evidence	human_host_evidence=false					patient			healthcare-associated environment	hospital wastewater
GCA_022529005.1	SAMN25989122	Klebsiella pneumoniae	PH2A-HHS-PATIENT-HUMAN-CONTEXT	Host_Context_SD	human-associated	human_host_evidence	human_host_evidence=false					patient			healthcare-associated environment	hospital wastewater
GCA_022529085.1	SAMN25989112	Klebsiella pneumoniae	PH2A-HHS-PATIENT-HUMAN-CONTEXT	Host_Context_SD	human-associated	human_host_evidence	human_host_evidence=false					patient			healthcare-associated environment	hospital wastewater
GCA_022535115.1	SAMN25988912	Klebsiella pneumoniae	PH2A-HHS-PATIENT-HUMAN-CONTEXT	Host_Context_SD	human-associated	human_host_evidence	human_host_evidence=false					patient			healthcare-associated environment	hospital wastewater
GCA_022535195.1	SAMN25989365	Klebsiella pneumoniae	PH2A-HHS-PATIENT-HUMAN-CONTEXT	Host_Context_SD	human-associated	human_host_evidence	human_host_evidence=false					patient			healthcare-associated environment	hospital wastewater
GCA_013155125.1	SAMN14923072	Pseudonocardia broussonetiae	PH2A-SITE-PLANT-SAMPLE-MATERIAL	Sample_Material_SD	plant material	plant_material_evidence	plant_material_evidence=false		Broussonetia papyrifera	172644				plant-associated material	Broussonetia papyrifera	
GCA_003583935.1	SAMN10037319	Aureimonas flava	PH2A-SITE-PLANT-SAMPLE-MATERIAL	Sample_Material_SD	plant material	plant_material_evidence	plant_material_evidence=false		Viridiplantae	33090				plant-associated material	plant-associated material	
GCA_015015895.1	SAMN14091593	Listeria monocytogenes	PH2A-SITE-PLANT-SAMPLE-MATERIAL	Sample_Material_SD	plant material	plant_material_evidence	plant_material_evidence=false		Aves	8782				plant-associated material	plant-associated material	drain
GCA_022520275.1	SAMN25989242	Citrobacter freundii	PH2A-HHS-PATIENT-HUMAN-CONTEXT	Host_Context_SD	human-associated	human_host_evidence	human_host_evidence=false					patient			healthcare-associated environment	hospital wastewater
GCA_022528105.1	SAMN25988956	Citrobacter freundii	PH2A-HHS-PATIENT-HUMAN-CONTEXT	Host_Context_SD	human-associated	human_host_evidence	human_host_evidence=false					patient			healthcare-associated environment	hospital wastewater
GCA_042494895.1	SAMN43407545	Ralstonia syzygii	PH2A-SITE-PLANT-SAMPLE-MATERIAL	Sample_Material_SD	plant material	plant_material_evidence	plant_material_evidence=false		Eucalyptus urophylla	99020				plant-associated material	plant-associated material	
GCA_025653795.1	SAMN25232825	Shewanella sp. SM73	PH2A-SITE-PLANT-SAMPLE-MATERIAL	Sample_Material_SD	plant material	plant_material_evidence	plant_material_evidence=false		Viridiplantae	33090				plant-associated material	plant-associated material	
GCA_030406625.1	SAMN35347197	Ralstonia pseudosolanacearum	PH2A-SITE-PLANT-SAMPLE-MATERIAL	Sample_Material_SD	plant material	plant_material_evidence	plant_material_evidence=false		Solanum lycopersicum	4081				plant-associated material	plant-associated material	
GCA_018385455.1	SAMN19068848	Pseudomonas syringae	PH2A-SITE-PLANT-SAMPLE-MATERIAL	Sample_Material_SD	plant material	plant_material_evidence	plant_material_evidence=false		Medicago sativa	3879				plant-associated material	plant-associated material	
GCA_051028725.1	SAMN17601315	Pseudomonas luteola	PH2A-SITE-PLANT-SAMPLE-MATERIAL	Sample_Material_SD	plant material	plant_material_evidence	plant_material_evidence=false		Tetraena simplex	2499693				plant-associated material	plant-associated material	
GCA_051132165.1	SAMN18220739	Pseudomonas sp. D3-27	PH2A-SITE-PLANT-SAMPLE-MATERIAL	Sample_Material_SD	plant material	plant_material_evidence	plant_material_evidence=false		Plantago cylindrica	1928669				plant-associated material	plant-associated material	
GCA_020557065.1	SAMN16124474	Enterococcus faecium	PH2A-HHS-PATIENT-HUMAN-CONTEXT	Host_Context_SD	human-associated	human_host_evidence	human_host_evidence=false					patient				
GCA_047978755.1	SAMN45227932	Pseudomonas aeruginosa	PH2A-HHS-PATIENT-HUMAN-CONTEXT	Host_Context_SD	human-associated	human_host_evidence	human_host_evidence=false					patient			clinical/host-associated material	sink
GCA_047979625.1	SAMN45227902	Pseudomonas aeruginosa	PH2A-HHS-PATIENT-HUMAN-CONTEXT	Host_Context_SD	human-associated	human_host_evidence	human_host_evidence=false					patient			clinical/host-associated material	sink
GCA_001692275.2	SAMN04901292	Agrobacterium sp. 13-2099-1-2	PH2A-SITE-PLANT-SAMPLE-MATERIAL	Sample_Material_SD	plant material	plant_material_evidence	plant_material_evidence=false		Viridiplantae	33090				plant-associated material	plant-associated material	
GCA_025653895.1	SAMN25232827	Shewanella glacialipiscicola	PH2A-SITE-PLANT-SAMPLE-MATERIAL	Sample_Material_SD	plant material	plant_material_evidence	plant_material_evidence=false		Viridiplantae	33090				plant-associated material	plant-associated material	
GCA_036243435.1	SAMN30553195	Streptomyces pseudovenezuelae	PH2A-SITE-PLANT-SAMPLE-MATERIAL	Sample_Material_SD	plant material	plant_material_evidence	plant_material_evidence=false		Viridiplantae	33090				plant-associated material	plant-associated material	
GCA_038433115.1	SAMN40911107	Shewanella algae	PH2A-HHS-PATIENT-HUMAN-CONTEXT	Host_Context_SD	human-associated	human_host_evidence	human_host_evidence=false					patient		rectum/perianal region	clinical/host-associated material	rectal swab
GCA_002252185.2	SAMN06821057	Acholeplasma laidlawii	PH2A-SITE-PLANT-SAMPLE-MATERIAL	Sample_Material_SD	plant material	plant_material_evidence	plant_material_evidence=false		Viridiplantae	33090				plant-associated material	plant-associated material	
GCA_051949795.1	SAMN41787750	Xanthomonas citri pv. mangiferaeindicae	PH2A-SITE-PLANT-SAMPLE-MATERIAL	Sample_Material_SD	plant material	plant_material_evidence	plant_material_evidence=false		Mangifera indica	29780				plant-associated material	plant-associated material	microbial isolate
GCA_022521425.1	SAMN25989887	Klebsiella pneumoniae	PH2A-HHS-PATIENT-HUMAN-CONTEXT	Host_Context_SD	human-associated	human_host_evidence	human_host_evidence=false					patient			healthcare-associated environment	hospital wastewater
GCA_022533025.1	SAMN25988859	Klebsiella pneumoniae	PH2A-HHS-PATIENT-HUMAN-CONTEXT	Host_Context_SD	human-associated	human_host_evidence	human_host_evidence=false					patient			healthcare-associated environment	hospital wastewater
GCA_022534475.1	SAMN25988782	Klebsiella pneumoniae	PH2A-HHS-PATIENT-HUMAN-CONTEXT	Host_Context_SD	human-associated	human_host_evidence	human_host_evidence=false					patient			healthcare-associated environment	hospital wastewater
GCA_002776195.1	SAMN07420957	Listeria monocytogenes	PH2A-SITE-PLANT-SAMPLE-MATERIAL	Sample_Material_SD	plant material	plant_material_evidence	plant_material_evidence=false							plant-associated material	plant-associated material	meat product
GCA_022520205.1	SAMN25989291	Klebsiella pneumoniae	PH2A-HHS-PATIENT-HUMAN-CONTEXT	Host_Context_SD	human-associated	human_host_evidence	human_host_evidence=false					patient			healthcare-associated environment	hospital wastewater
GCA_022523025.1	SAMN25989732	Klebsiella pneumoniae	PH2A-HHS-PATIENT-HUMAN-CONTEXT	Host_Context_SD	human-associated	human_host_evidence	human_host_evidence=false					patient			healthcare-associated environment	hospital wastewater
GCA_022523265.1	SAMN25989567	Klebsiella pneumoniae	PH2A-HHS-PATIENT-HUMAN-CONTEXT	Host_Context_SD	human-associated	human_host_evidence	human_host_evidence=false					patient			healthcare-associated environment	hospital wastewater
GCA_003698095.1	SAMN05188712	Candidatus Phytoplasma solani	PH2A-SITE-PLANT-SAMPLE-MATERIAL	Sample_Material_SD	plant material	plant_material_evidence	plant_material_evidence=false		Vitis vinifera	29760				plant-associated material	plant-associated material	
GCA_015020355.1	SAMN14091638	Listeria monocytogenes	PH2A-SITE-PLANT-SAMPLE-MATERIAL	Sample_Material_SD	plant material	plant_material_evidence	plant_material_evidence=false		Aves	8782				plant-associated material	plant-associated material	drain
GCA_022532985.1	SAMN25989077	Citrobacter freundii	PH2A-HHS-PATIENT-HUMAN-CONTEXT	Host_Context_SD	human-associated	human_host_evidence	human_host_evidence=false					patient			healthcare-associated environment	hospital wastewater
GCA_029768545.1	SAMN25988805	Pluralibacter gergoviae	PH2A-HHS-PATIENT-HUMAN-CONTEXT	Host_Context_SD	human-associated	human_host_evidence	human_host_evidence=false					patient			healthcare-associated environment	hospital wastewater
GCA_015019435.1	SAMN14091653	Listeria monocytogenes	PH2A-SITE-PLANT-SAMPLE-MATERIAL	Sample_Material_SD	plant material	plant_material_evidence	plant_material_evidence=false		Aves	8782				plant-associated material	plant-associated material	drain
GCA_015327065.1	SAMN05828175	Cellulosimicrobium sp. JZ28	PH2A-SITE-PLANT-SAMPLE-MATERIAL	Sample_Material_SD	plant material	plant_material_evidence	plant_material_evidence=false		Panicum turgidum	861245				plant-associated material	plant-associated material	
GCA_025654295.1	SAMN25232813	Shewanella sp. SM23	PH2A-SITE-PLANT-SAMPLE-MATERIAL	Sample_Material_SD	plant material	plant_material_evidence	plant_material_evidence=false		Viridiplantae	33090				plant-associated material	plant-associated material	
GCA_003121725.1	SAMN08979055	Pectobacterium atrosepticum	PH2A-SITE-PLANT-SAMPLE-MATERIAL	Sample_Material_SD	plant material	plant_material_evidence	plant_material_evidence=false		Solanum tuberosum	4113				plant-associated material	plant-associated material	tissue
GCA_054130745.1	SAMN27610176	Erwinia sp. D4-22	PH2A-SITE-PLANT-SAMPLE-MATERIAL	Sample_Material_SD	plant material	plant_material_evidence	plant_material_evidence=false		Bassia eriophora	267525				plant-associated material	plant-associated material	
GCA_964400445.1	SAMEA117375458	uncultured Gammaproteobacteria bacterium	PH2A-SITE-PLANT-SAMPLE-MATERIAL	Sample_Material_SD	plant material	plant_material_evidence	plant_material_evidence=false		Viridiplantae	33090				plant-associated material		
GCA_023631085.1	SAMN26211609	Caballeronia sp. INML1	PH2A-SITE-PLANT-SAMPLE-MATERIAL	Sample_Material_SD	plant material	plant_material_evidence	plant_material_evidence=false		Anasa tristis	236421				plant-associated material	plant-associated material	gut content
GCA_051132155.1	SAMN18220740	Pseudomonas sp. D4-10	PH2A-SITE-PLANT-SAMPLE-MATERIAL	Sample_Material_SD	plant material	plant_material_evidence	plant_material_evidence=false		Bassia eriophora	267525				plant-associated material	plant-associated material	
GCA_023631285.1	SAMN26211599	Caballeronia sp. INML5	PH2A-SITE-PLANT-SAMPLE-MATERIAL	Sample_Material_SD	plant material	plant_material_evidence	plant_material_evidence=false		Anasa tristis	236421				plant-associated material	plant-associated material	gut content
GCA_047983785.1	SAMN45227875	Pseudomonas aeruginosa	PH2A-HHS-PATIENT-HUMAN-CONTEXT	Host_Context_SD	human-associated	human_host_evidence	human_host_evidence=false					patient			clinical/host-associated material	sink
GCA_047985885.1	SAMN45227802	Pseudomonas aeruginosa	PH2A-HHS-PATIENT-HUMAN-CONTEXT	Host_Context_SD	human-associated	human_host_evidence	human_host_evidence=false					patient			clinical/host-associated material	sink
GCA_057364865.1	SAMN51224437	Pseudolactococcus laudensis	PH2A-SITE-PLANT-SAMPLE-MATERIAL	Sample_Material_SD	plant material	plant_material_evidence	plant_material_evidence=false		kale	3713				plant-associated material	plant-associated material	
GCA_000423305.1	SAMN02441510	Legionella moravica DSM 19234	PH2A-SITE-PLANT-SAMPLE-MATERIAL	Sample_Material_SD	plant material	plant_material_evidence	plant_material_evidence=false		Viridiplantae	33090				plant-associated material	plant-associated material	
GCA_022519945.1	SAMN25988803	Citrobacter farmeri	PH2A-HHS-PATIENT-HUMAN-CONTEXT	Host_Context_SD	human-associated	human_host_evidence	human_host_evidence=false					patient			healthcare-associated environment	hospital wastewater
GCA_947085535.1	SAMEA111451300	uncultured Actinomycetes bacterium	PH2A-SITE-PLANT-SAMPLE-MATERIAL	Sample_Material_SD	plant material	plant_material_evidence	plant_material_evidence=false		Viridiplantae	33090				plant-associated material	plant-associated material	
GCA_947085955.1	SAMEA111451352	uncultured Gallionellaceae bacterium	PH2A-SITE-PLANT-SAMPLE-MATERIAL	Sample_Material_SD	plant material	plant_material_evidence	plant_material_evidence=false		Viridiplantae	33090				plant-associated material	plant-associated material	
GCA_002566825.1	SAMN07598391	Bacillus cereus	PH2A-SITE-PLANT-SAMPLE-MATERIAL	Sample_Material_SD	plant material	plant_material_evidence	plant_material_evidence=false		Viridiplantae	33090				plant-associated material	plant-associated material	cell culture
GCA_024586905.1	SAMN28450884	Streptomyces sp. BSP1	PH2A-SITE-PLANT-SAMPLE-MATERIAL	Sample_Material_SD	plant material	plant_material_evidence	plant_material_evidence=false		Viridiplantae	33090				plant-associated material	plant-associated material	
GCA_000766045.1	SAMN03009826	Pantoea ananatis	PH2A-SITE-PLANT-SAMPLE-MATERIAL	Sample_Material_SD	plant material	plant_material_evidence	plant_material_evidence=false		Viridiplantae	33090				plant-associated material	plant-associated material	
GCA_000518745.1	SAMN02584966	Phaseolibacter flectens ATCC 12775	PH2A-SITE-PLANT-SAMPLE-MATERIAL	Sample_Material_SD	plant material	plant_material_evidence	plant_material_evidence=false		Viridiplantae	33090				plant-associated material	plant-associated material	
GCA_001043575.1	SAMN03390108	Bacillus sp. LK2	PH2A-SITE-PLANT-SAMPLE-MATERIAL	Sample_Material_SD	plant material	plant_material_evidence	plant_material_evidence=false		Viridiplantae	33090				plant-associated material	plant-associated material	
GCA_002557995.1	SAMN07597405	Bacillus cereus	PH2A-SITE-PLANT-SAMPLE-MATERIAL	Sample_Material_SD	plant material	plant_material_evidence	plant_material_evidence=false		Cucumis sativus	3659				plant-associated material	plant-associated material	
GCA_009725165.1	SAMN13338517	Paenibacillus woosongensis	PH2A-SITE-PLANT-SAMPLE-MATERIAL	Sample_Material_SD	plant material	plant_material_evidence	plant_material_evidence=false		Viridiplantae	33090				plant-associated material	plant-associated material	single cell
GCA_052682275.1	SAMN51206707	Paraburkholderia sp. D1E	PH2A-SITE-PLANT-SAMPLE-MATERIAL	Sample_Material_SD	plant material	plant_material_evidence	plant_material_evidence=false		Viridiplantae	33090				plant-associated material	plant-associated material	
GCA_054161425.1	SAMN27610225	Bacillus sp. PK5-009	PH2A-SITE-PLANT-SAMPLE-MATERIAL	Sample_Material_SD	plant material	plant_material_evidence	plant_material_evidence=false		Tribulus terrestris	210369				plant-associated material	plant-associated material	
GCA_056530265.1	SAMN27610230	Bacillus sp. PK6-025	PH2A-SITE-PLANT-SAMPLE-MATERIAL	Sample_Material_SD	plant material	plant_material_evidence	plant_material_evidence=false		Tetraena simplex	2499693				plant-associated material	plant-associated material	
GCA_022522285.1	SAMN25988468	Citrobacter freundii	PH2A-HHS-PATIENT-HUMAN-CONTEXT	Host_Context_SD	human-associated	human_host_evidence	human_host_evidence=false					patient			healthcare-associated environment	hospital wastewater
GCA_036924395.2	SAMN39606365	Candidatus Phytoplasma prunorum	PH2A-SITE-PLANT-SAMPLE-MATERIAL	Sample_Material_SD	plant material	plant_material_evidence	plant_material_evidence=false		Viridiplantae	33090				plant-associated material	plant-associated material	
GCA_947085115.1	SAMEA111451382	uncultured Opitutaceae bacterium	PH2A-SITE-PLANT-SAMPLE-MATERIAL	Sample_Material_SD	plant material	plant_material_evidence	plant_material_evidence=false		Viridiplantae	33090				plant-associated material	plant-associated material	
GCA_000785455.1	SAMN03165199	Paenibacillus polymyxa	PH2A-SITE-PLANT-SAMPLE-MATERIAL	Sample_Material_SD	plant material	plant_material_evidence	plant_material_evidence=false		Cryptomeria japonica var. sinensis	99810				plant-associated material	plant-associated material	
GCA_050871135.1	SAMN48447286	Cellulomonas iranensis	PH2A-SITE-PLANT-SAMPLE-MATERIAL	Sample_Material_SD	plant material	plant_material_evidence	plant_material_evidence=false		Viridiplantae	33090				plant-associated material	plant-associated material	mixed culture
GCA_053903105.1	SAMN27610251	Kushneria sp. AK178	PH2A-SITE-PLANT-SAMPLE-MATERIAL	Sample_Material_SD	plant material	plant_material_evidence	plant_material_evidence=false		Avicennia marina	82927				plant-associated material	plant-associated material	
GCA_001532145.1	SAMN03449613	Burkholderia multivorans	PH2A-SITE-PLANT-SAMPLE-MATERIAL	Sample_Material_SD	plant material	plant_material_evidence	plant_material_evidence=false		Viridiplantae	33090				plant-associated material	plant-associated material	
GCA_014268935.2	SAMN15248326	Pseudomonas peradeniyensis	PH2A-SITE-PLANT-SAMPLE-MATERIAL	Sample_Material_SD	plant material	plant_material_evidence	plant_material_evidence=false		Viridiplantae	33090				plant-associated material	plant-associated material	
GCA_051950075.1	SAMN41787738	Xanthomonas citri pv. mangiferaeindicae	PH2A-SITE-PLANT-SAMPLE-MATERIAL	Sample_Material_SD	plant material	plant_material_evidence	plant_material_evidence=false		Mangifera indica	29780				plant-associated material	plant-associated material	microbial isolate
GCA_021892955.1	SAMN14372644	Lactiplantibacillus plantarum	PH2A-SITE-PLANT-SAMPLE-MATERIAL	Sample_Material_SD	plant material	plant_material_evidence	plant_material_evidence=false		Viridiplantae	33090				plant-associated material	plant-associated material	
GCA_021893015.1	SAMN14372640	Lactiplantibacillus plantarum	PH2A-SITE-PLANT-SAMPLE-MATERIAL	Sample_Material_SD	plant material	plant_material_evidence	plant_material_evidence=false		Viridiplantae	33090				plant-associated material	plant-associated material	
GCA_028447545.1	SAMN30078473	Acinetobacter baumannii	PH2A-SITE-PLANT-SAMPLE-MATERIAL	Sample_Material_SD	plant material	plant_material_evidence	plant_material_evidence=false		Urtica dioica	3501				plant-associated material	plant-associated material	
GCA_025654015.1	SAMN25232820	Shewanella sp. SM65	PH2A-SITE-PLANT-SAMPLE-MATERIAL	Sample_Material_SD	plant material	plant_material_evidence	plant_material_evidence=false		Viridiplantae	33090				plant-associated material	plant-associated material	
GCA_029686085.1	SAMN25989231	Enterobacter asburiae	PH2A-HHS-PATIENT-HUMAN-CONTEXT	Host_Context_SD	human-associated	human_host_evidence	human_host_evidence=false					patient			healthcare-associated environment	hospital wastewater
GCA_002150945.1	SAMN05439583	Clavibacter michiganensis subsp. michiganensis	PH2A-SITE-PLANT-SAMPLE-MATERIAL	Sample_Material_SD	plant material	plant_material_evidence	plant_material_evidence=false		Solanum lycopersicum	4081				plant-associated material	plant-associated material	
GCA_000487195.1	SAMN01813418	Salmonella enterica subsp. enterica serovar Gaminara str. ATCC BAA-711	PH2A-SITE-PLANT-SAMPLE-MATERIAL	Sample_Material_SD	plant material	plant_material_evidence	plant_material_evidence=false		Viridiplantae	33090				plant-associated material	plant-associated material	
GCA_017308775.1	SAMN16872604	Listeria monocytogenes	PH2A-SITE-PLANT-SAMPLE-MATERIAL	Sample_Material_SD	plant material	plant_material_evidence	plant_material_evidence=false		Viridiplantae	33090				plant-associated material	plant-associated material	
GCA_017308885.1	SAMN16872596	Listeria monocytogenes	PH2A-SITE-PLANT-SAMPLE-MATERIAL	Sample_Material_SD	plant material	plant_material_evidence	plant_material_evidence=false		Viridiplantae	33090				plant-associated material	plant-associated material	
GCA_022519325.1	SAMN25989459	Klebsiella pneumoniae	PH2A-HHS-PATIENT-HUMAN-CONTEXT	Host_Context_SD	human-associated	human_host_evidence	human_host_evidence=false					patient			healthcare-associated environment	hospital wastewater
GCA_022521085.1	SAMN25989101	Klebsiella pneumoniae	PH2A-HHS-PATIENT-HUMAN-CONTEXT	Host_Context_SD	human-associated	human_host_evidence	human_host_evidence=false					patient			healthcare-associated environment	hospital wastewater
GCA_022522735.1	SAMN25989501	Klebsiella pneumoniae	PH2A-HHS-PATIENT-HUMAN-CONTEXT	Host_Context_SD	human-associated	human_host_evidence	human_host_evidence=false					patient			healthcare-associated environment	hospital wastewater
GCA_022531095.1	SAMN25989683	Klebsiella pneumoniae	PH2A-HHS-PATIENT-HUMAN-CONTEXT	Host_Context_SD	human-associated	human_host_evidence	human_host_evidence=false					patient			healthcare-associated environment	hospital wastewater
GCA_022533125.1	SAMN25988496	Klebsiella pneumoniae	PH2A-HHS-PATIENT-HUMAN-CONTEXT	Host_Context_SD	human-associated	human_host_evidence	human_host_evidence=false					patient			healthcare-associated environment	hospital wastewater
GCA_022536455.1	SAMN25988937	Klebsiella pneumoniae	PH2A-HHS-PATIENT-HUMAN-CONTEXT	Host_Context_SD	human-associated	human_host_evidence	human_host_evidence=false					patient			healthcare-associated environment	hospital wastewater
GCA_056830405.1	SAMN47254571	Xanthomonas citri pv. citri	PH2A-SITE-PLANT-SAMPLE-MATERIAL	Sample_Material_SD	plant material	plant_material_evidence	plant_material_evidence=false		Viridiplantae	33090				plant-associated material	plant-associated material	
GCA_001005095.1	SAMN03470247	Pantoea ananatis	PH2A-SITE-PLANT-SAMPLE-MATERIAL	Sample_Material_SD	plant material	plant_material_evidence	plant_material_evidence=false		Cenchrus biflorus	1643560				plant-associated material	plant-associated material	culture
GCA_009792925.1	SAMN09427815	Clavibacter michiganensis subsp. michiganensis	PH2A-SITE-PLANT-SAMPLE-MATERIAL	Sample_Material_SD	plant material	plant_material_evidence	plant_material_evidence=false		Solanum lycopersicum	4081				plant-associated material	plant-associated material	
GCA_018950815.1	SAMN13738857	Clostridioides difficile	PH2A-SITE-PLANT-SAMPLE-MATERIAL	Sample_Material_SD	plant material	plant_material_evidence	plant_material_evidence=false		Viridiplantae	33090				plant-associated material	plant-associated material	
GCA_022519175.1	SAMN25988704	Citrobacter freundii	PH2A-HHS-PATIENT-HUMAN-CONTEXT	Host_Context_SD	human-associated	human_host_evidence	human_host_evidence=false					patient			healthcare-associated environment	hospital wastewater
GCA_056867725.1	SAMN47254585	Xanthomonas citri pv. citri	PH2A-SITE-PLANT-SAMPLE-MATERIAL	Sample_Material_SD	plant material	plant_material_evidence	plant_material_evidence=false		Citrus	2706				plant-associated material	plant-associated material	
GCA_001302585.1	SAMN03840758	Kibdelosporangium phytohabitans	PH2A-SITE-PLANT-SAMPLE-MATERIAL	Sample_Material_SD	plant material	plant_material_evidence	plant_material_evidence=false		Jatropha curcas	180498				plant-associated material	plant-associated material	cell culture
GCA_009793205.1	SAMN09427551	Clavibacter michiganensis subsp. michiganensis	PH2A-SITE-PLANT-SAMPLE-MATERIAL	Sample_Material_SD	plant material	plant_material_evidence	plant_material_evidence=false		Solanum lycopersicum	4081				plant-associated material	plant-associated material	
GCA_051039995.1	SAMN37308758	Clavibacter michiganensis	PH2A-SITE-PLANT-SAMPLE-MATERIAL	Sample_Material_SD	plant material	plant_material_evidence	plant_material_evidence=false		Solanum lycopersicum	4081				plant-associated material	plant-associated material	cell culture
GCA_003600785.1	SAMN07514323	Bacillus subtilis	PH2A-SITE-PLANT-SAMPLE-MATERIAL	Sample_Material_SD	plant material	plant_material_evidence	plant_material_evidence=false		Tribulus terrestris	210369				plant-associated material	plant-associated material	
GCA_015018495.1	SAMN14091710	Listeria monocytogenes	PH2A-SITE-PLANT-SAMPLE-MATERIAL	Sample_Material_SD	plant material	plant_material_evidence	plant_material_evidence=false		Aves	8782				plant-associated material	plant-associated material	drain
GCA_023630985.1	SAMN26211615	Caballeronia sp. ATUFL_F1_KS39	PH2A-SITE-PLANT-SAMPLE-MATERIAL	Sample_Material_SD	plant material	plant_material_evidence	plant_material_evidence=false		Anasa tristis	236421				plant-associated material	plant-associated material	gut content
GCA_023630825.1	SAMN26211623	Caballeronia sp. AAUFL_F3_KS11A	PH2A-SITE-PLANT-SAMPLE-MATERIAL	Sample_Material_SD	plant material	plant_material_evidence	plant_material_evidence=false		Anasa andresii	2714317				plant-associated material	plant-associated material	gut content
GCA_002564655.1	SAMN07598525	Bacillus cereus	PH2A-SITE-PLANT-SAMPLE-MATERIAL	Sample_Material_SD	plant material	plant_material_evidence	plant_material_evidence=false		Viridiplantae	33090				plant-associated material	plant-associated material	
GCA_021894355.1	SAMN14372570	Lactiplantibacillus plantarum	PH2A-SITE-PLANT-SAMPLE-MATERIAL	Sample_Material_SD	plant material	plant_material_evidence	plant_material_evidence=false		Viridiplantae	33090				plant-associated material	plant-associated material	
GCA_021559675.1	SAMN15461261	Lactiplantibacillus plantarum	PH2A-SITE-PLANT-SAMPLE-MATERIAL	Sample_Material_SD	plant material	plant_material_evidence	plant_material_evidence=false		Viridiplantae	33090				plant-associated material	plant-associated material	
GCA_023521475.1	SAMN08362828	Bacillus subtilis	PH2A-SITE-PLANT-SAMPLE-MATERIAL	Sample_Material_SD	plant material	plant_material_evidence	plant_material_evidence=false		Tribulus terrestris	210369				plant-associated material	plant-associated material	
GCA_012163145.1	SAMN14422480	Falsiroseomonas frigidaquae	PH2A-SITE-PLANT-SAMPLE-MATERIAL	Sample_Material_SD	plant material	plant_material_evidence	plant_material_evidence=false		Viridiplantae	33090				plant-associated material	environmental material	
GCA_018951875.1	SAMN13738873	Clostridioides difficile	PH2A-SITE-PLANT-SAMPLE-MATERIAL	Sample_Material_SD	plant material	plant_material_evidence	plant_material_evidence=false		Viridiplantae	33090				plant-associated material	plant-associated material	
GCA_003860705.1	SAMN10366526	Ralstonia solanacearum	PH2A-SITE-PLANT-SAMPLE-MATERIAL	Sample_Material_SD	plant material	plant_material_evidence	plant_material_evidence=false		Musa	4640				plant-associated material	plant-associated material	
GCA_015019215.1	SAMN14091654	Listeria monocytogenes	PH2A-SITE-PLANT-SAMPLE-MATERIAL	Sample_Material_SD	plant material	plant_material_evidence	plant_material_evidence=false		Aves	8782				plant-associated material	plant-associated material	drain
GCA_001410355.1	SAMEA2336288	Salmonella enterica subsp. enterica serovar Weltevreden	PH2A-SITE-PLANT-SAMPLE-MATERIAL	Sample_Material_SD	plant material	plant_material_evidence	plant_material_evidence=false		Viridiplantae	33090				plant-associated material	plant-associated material	
GCA_045161745.1	SAMN24016276	Streptomyces sp. NBC_00727	PH2A-SITE-PLANT-SAMPLE-MATERIAL	Sample_Material_SD	plant material	plant_material_evidence	plant_material_evidence=false		Viridiplantae	33090				plant-associated material	plant-associated material	
GCA_017308855.1	SAMN16872602	Listeria monocytogenes	PH2A-SITE-PLANT-SAMPLE-MATERIAL	Sample_Material_SD	plant material	plant_material_evidence	plant_material_evidence=false		Viridiplantae	33090				plant-associated material	plant-associated material	
GCA_022521135.1	SAMN25989711	Klebsiella pneumoniae	PH2A-HHS-PATIENT-HUMAN-CONTEXT	Host_Context_SD	human-associated	human_host_evidence	human_host_evidence=false					patient			healthcare-associated environment	hospital wastewater
GCA_022528065.1	SAMN25988527	Klebsiella pneumoniae	PH2A-HHS-PATIENT-HUMAN-CONTEXT	Host_Context_SD	human-associated	human_host_evidence	human_host_evidence=false					patient			healthcare-associated environment	hospital wastewater
GCA_022528445.1	SAMN25988761	Klebsiella pneumoniae	PH2A-HHS-PATIENT-HUMAN-CONTEXT	Host_Context_SD	human-associated	human_host_evidence	human_host_evidence=false					patient			healthcare-associated environment	hospital wastewater
GCA_022530965.1	SAMN25989790	Klebsiella pneumoniae	PH2A-HHS-PATIENT-HUMAN-CONTEXT	Host_Context_SD	human-associated	human_host_evidence	human_host_evidence=false					patient			healthcare-associated environment	hospital wastewater
GCA_022531155.1	SAMN25989409	Klebsiella pneumoniae	PH2A-HHS-PATIENT-HUMAN-CONTEXT	Host_Context_SD	human-associated	human_host_evidence	human_host_evidence=false					patient			healthcare-associated environment	hospital wastewater
GCA_012933385.1	SAMN14675830	Paenibacillus lemnae	PH2A-SITE-PLANT-SAMPLE-MATERIAL	Sample_Material_SD	plant material	plant_material_evidence	plant_material_evidence=false		Lemna aequinoctialis	89585				plant-associated material	plant-associated material	
GCA_022534495.1	SAMN25988788	Citrobacter freundii	PH2A-HHS-PATIENT-HUMAN-CONTEXT	Host_Context_SD	human-associated	human_host_evidence	human_host_evidence=false					patient			healthcare-associated environment	hospital wastewater
GCA_053903165.1	SAMN27610202	Bacillus sp. JZ8	PH2A-SITE-PLANT-SAMPLE-MATERIAL	Sample_Material_SD	plant material	plant_material_evidence	plant_material_evidence=false		Tetraena simplex	2499693				plant-associated material	plant-associated material	
GCA_053903245.1	SAMN27610210	Bacillus sp. K7	PH2A-SITE-PLANT-SAMPLE-MATERIAL	Sample_Material_SD	plant material	plant_material_evidence	plant_material_evidence=false		Dactyloctenium aristatum	1986424				plant-associated material	plant-associated material	
GCA_049887795.1	SAMN18321080	Sphingomonas sp. NFX23	PH2A-SITE-PLANT-SAMPLE-MATERIAL	Sample_Material_SD	plant material	plant_material_evidence	plant_material_evidence=false		Viridiplantae	33090				plant-associated material	plant-associated material	cell culture
GCA_010634645.1	SAMN06643048	Bacillus subtilis	PH2A-SITE-PLANT-SAMPLE-MATERIAL	Sample_Material_SD	plant material	plant_material_evidence	plant_material_evidence=false		Crocus sativus	82528		healthy	healthy/no disease reported	plant-associated material	plant-associated material	
GCA_002565775.1	SAMN07598433	Bacillus cereus	PH2A-SITE-PLANT-SAMPLE-MATERIAL	Sample_Material_SD	plant material	plant_material_evidence	plant_material_evidence=false		Viridiplantae	33090				plant-associated material	plant-associated material	
GCA_041521405.1	SAMN43297086	Pseudomonas chlororaphis subsp. aurantiaca	PH2A-SITE-PLANT-SAMPLE-MATERIAL	Sample_Material_SD	plant material	plant_material_evidence	plant_material_evidence=false		Opuntia humifusa	446152				plant-associated material	plant-associated material	
GCA_050312585.1	SAMN41637521	Pseudomonas sp. R19M	PH2A-SITE-PLANT-SAMPLE-MATERIAL	Sample_Material_SD	plant material	plant_material_evidence	plant_material_evidence=false		Zea mays	4577				plant-associated material	plant-associated material	
GCA_053903205.1	SAMN27610206	Bacillus sp. JZ34	PH2A-SITE-PLANT-SAMPLE-MATERIAL	Sample_Material_SD	plant material	plant_material_evidence	plant_material_evidence=false		Euphorbia granulata	1046465				plant-associated material	plant-associated material	
GCA_056738195.1	SAMN41787764	Xanthomonas citri pv. mangiferaeindicae	PH2A-SITE-PLANT-SAMPLE-MATERIAL	Sample_Material_SD	plant material	plant_material_evidence	plant_material_evidence=false		Mangifera indica	29780				plant-associated material	plant-associated material	microbial isolate
GCA_056738305.1	SAMN41787733	Xanthomonas citri pv. mangiferaeindicae	PH2A-SITE-PLANT-SAMPLE-MATERIAL	Sample_Material_SD	plant material	plant_material_evidence	plant_material_evidence=false		Mangifera indica	29780				plant-associated material	plant-associated material	microbial isolate
GCA_051040515.1	SAMN37308745	Clavibacter michiganensis	PH2A-SITE-PLANT-SAMPLE-MATERIAL	Sample_Material_SD	plant material	plant_material_evidence	plant_material_evidence=false		Solanum lycopersicum	4081				plant-associated material	plant-associated material	cell culture
GCA_016734905.1	SAMN17222275	Sphingopyxis jiangsuensis	PH2A-SITE-PLANT-SAMPLE-MATERIAL	Sample_Material_SD	plant material	plant_material_evidence	plant_material_evidence=false		Viridiplantae	33090				plant-associated material	plant-associated material	
GCA_051132065.1	SAMN18220750	Pseudomonas sp. R3-57	PH2A-SITE-PLANT-SAMPLE-MATERIAL	Sample_Material_SD	plant material	plant_material_evidence	plant_material_evidence=false		Bassia eriophora	267525				plant-associated material	plant-associated material	
GCA_002566295.1	SAMN07598502	Bacillus thuringiensis	PH2A-SITE-PLANT-SAMPLE-MATERIAL	Sample_Material_SD	plant material	plant_material_evidence	plant_material_evidence=false		Viridiplantae	33090				plant-associated material	plant-associated material	cell culture
GCA_015014495.1	SAMN14091690	Listeria monocytogenes	PH2A-SITE-PLANT-SAMPLE-MATERIAL	Sample_Material_SD	plant material	plant_material_evidence	plant_material_evidence=false							plant-associated material	plant-associated material	
GCA_015018435.1	SAMN14091592	Listeria monocytogenes	PH2A-SITE-PLANT-SAMPLE-MATERIAL	Sample_Material_SD	plant material	plant_material_evidence	plant_material_evidence=false							plant-associated material	plant-associated material	
GCA_015019115.1	SAMN14091600	Listeria monocytogenes	PH2A-SITE-PLANT-SAMPLE-MATERIAL	Sample_Material_SD	plant material	plant_material_evidence	plant_material_evidence=false							plant-associated material	plant-associated material	
GCA_020557335.1	SAMN16124465	Enterococcus faecium	PH2A-HHS-PATIENT-HUMAN-CONTEXT	Host_Context_SD	human-associated	human_host_evidence	human_host_evidence=false					patient				
GCA_051131985.1	SAMN18220759	Pseudomonas sp. Z3-6	PH2A-SITE-PLANT-SAMPLE-MATERIAL	Sample_Material_SD	plant material	plant_material_evidence	plant_material_evidence=false		Viridiplantae	33090				plant-associated material	plant-associated material	
GCA_017969065.1	SAMN12730701	Streptomyces scabiei	PH2A-SITE-PLANT-SAMPLE-MATERIAL	Sample_Material_SD	plant material	plant_material_evidence	plant_material_evidence=false		Solanum tuberosum	4113				plant-associated material	plant-associated material	
GCA_947085675.1	SAMEA111451289	uncultured Omnitrophica bacterium	PH2A-SITE-PLANT-SAMPLE-MATERIAL	Sample_Material_SD	plant material	plant_material_evidence	plant_material_evidence=false		Viridiplantae	33090				plant-associated material	plant-associated material	
GCA_027594825.1	SAMN23489596	Serratia liquefaciens	PH2A-SITE-PLANT-SAMPLE-MATERIAL	Sample_Material_SD	plant material	plant_material_evidence	plant_material_evidence=false		Viridiplantae	33090				plant-associated material	plant-associated material	microbial isolate
GCA_021044565.1	SAMN23075623	Subtercola endophyticus	PH2A-SITE-PLANT-SAMPLE-MATERIAL	Sample_Material_SD	plant material	plant_material_evidence	plant_material_evidence=false		Abies koreana	97170				plant-associated material		
GCA_022602755.1	SAMN26199798	Rosenbergiella nectarea	PH2A-SITE-PLANT-SAMPLE-MATERIAL	Sample_Material_SD	plant material	plant_material_evidence	plant_material_evidence=false		diplacus aurantiacus	68869				plant-associated material	plant-associated material	
GCA_028443535.1	SAMN29993107	Acinetobacter baumannii	PH2A-SITE-PLANT-SAMPLE-MATERIAL	Sample_Material_SD	plant material	plant_material_evidence	plant_material_evidence=false		Viridiplantae	33090				plant-associated material	plant-associated material	
GCA_023521615.1	SAMN08362826	Bacillus subtilis PY79	PH2A-SITE-PLANT-SAMPLE-MATERIAL	Sample_Material_SD	plant material	plant_material_evidence	plant_material_evidence=false		Tetraena simplex	2499693				plant-associated material	plant-associated material	
GCA_047261205.1	SAMN46310991	Lactiplantibacillus plantarum	PH2A-SITE-PLANT-SAMPLE-MATERIAL	Sample_Material_SD	plant material	plant_material_evidence	plant_material_evidence=false		Viridiplantae	33090				plant-associated material	plant-associated material	
GCA_051783785.1	SAMN49740159	Dickeya oryzae	PH2A-SITE-PLANT-SAMPLE-MATERIAL	Sample_Material_SD	plant material	plant_material_evidence	plant_material_evidence=false		Oryza sativa	4530				plant-associated material	plant-associated material	
GCA_009793185.1	SAMN09427889	Clavibacter michiganensis subsp. michiganensis	PH2A-SITE-PLANT-SAMPLE-MATERIAL	Sample_Material_SD	plant material	plant_material_evidence	plant_material_evidence=false		Solanum lycopersicum	4081				plant-associated material	plant-associated material	
GCA_016757295.1	SAMN17379067	Streptomyces sp. M2CJ-2	PH2A-SITE-PLANT-SAMPLE-MATERIAL	Sample_Material_SD	plant material	plant_material_evidence	plant_material_evidence=false		Viridiplantae	33090				plant-associated material	plant-associated material	
GCA_022523445.1	SAMN25989626	Citrobacter farmeri	PH2A-HHS-PATIENT-HUMAN-CONTEXT	Host_Context_SD	human-associated	human_host_evidence	human_host_evidence=false					patient			healthcare-associated environment	hospital wastewater
GCA_947085015.1	SAMEA111451377	uncultured Nitrospirota bacterium	PH2A-SITE-PLANT-SAMPLE-MATERIAL	Sample_Material_SD	plant material	plant_material_evidence	plant_material_evidence=false		Viridiplantae	33090				plant-associated material	plant-associated material	
GCA_947085405.1	SAMEA111451365	uncultured Ignavibacteriota bacterium	PH2A-SITE-PLANT-SAMPLE-MATERIAL	Sample_Material_SD	plant material	plant_material_evidence	plant_material_evidence=false		Viridiplantae	33090				plant-associated material	plant-associated material	
GCA_036632105.1	SAMN32289025	Paracoccus sp. PXZ	PH2A-SITE-PLANT-SAMPLE-MATERIAL	Sample_Material_SD	plant material	plant_material_evidence	plant_material_evidence=false		Viridiplantae	33090				plant-associated material	plant-associated material	
GCA_019104005.1	SAMN19813351	Pseudomonas viridiflava	PH2A-SITE-PLANT-SAMPLE-MATERIAL	Sample_Material_SD	plant material	plant_material_evidence	plant_material_evidence=false		Medicago sativa	3879				plant-associated material	plant-associated material	
GCA_002151045.1	SAMN05439588	Clavibacter michiganensis subsp. michiganensis	PH2A-SITE-PLANT-SAMPLE-MATERIAL	Sample_Material_SD	plant material	plant_material_evidence	plant_material_evidence=false		Solanum lycopersicum	4081				plant-associated material	plant-associated material	
GCA_025653415.1	SAMN25232837	Shewanella sp. SW36	PH2A-SITE-PLANT-SAMPLE-MATERIAL	Sample_Material_SD	plant material	plant_material_evidence	plant_material_evidence=false		Viridiplantae	33090				plant-associated material	plant-associated material	
GCA_002561265.1	SAMN07597455	Bacillus cereus	PH2A-SITE-PLANT-SAMPLE-MATERIAL	Sample_Material_SD	plant material	plant_material_evidence	plant_material_evidence=false		Viridiplantae	33090				plant-associated material	plant-associated material	cell culture
GCA_002576795.1	SAMN07598019	Bacillus cereus	PH2A-SITE-PLANT-SAMPLE-MATERIAL	Sample_Material_SD	plant material	plant_material_evidence	plant_material_evidence=false		Viridiplantae	33090				plant-associated material	plant-associated material	cell culture
GCA_001692375.1	SAMN04901303	Serratia sp. 14-2641	PH2A-SITE-PLANT-SAMPLE-MATERIAL	Sample_Material_SD	plant material	plant_material_evidence	plant_material_evidence=false		Rosa	3764				plant-associated material	plant-associated material	
GCA_002550605.1	SAMN07598634	Bacillus thuringiensis	PH2A-SITE-PLANT-SAMPLE-MATERIAL	Sample_Material_SD	plant material	plant_material_evidence	plant_material_evidence=false		Viridiplantae	33090				plant-associated material	plant-associated material	cell culture
GCA_022529165.1	SAMN25989099	Klebsiella pneumoniae	PH2A-HHS-PATIENT-HUMAN-CONTEXT	Host_Context_SD	human-associated	human_host_evidence	human_host_evidence=false					patient			healthcare-associated environment	hospital wastewater
GCA_024181925.1	SAMN29361899	Vibrio sp. Y20_XG_PY13	PH2A-SITE-PLANT-SAMPLE-MATERIAL	Sample_Material_SD	plant material	plant_material_evidence	plant_material_evidence=false		Viridiplantae	33090				plant-associated material	plant-associated material	
GCA_002568935.1	SAMN07598413	Bacillus mycoides	PH2A-SITE-PLANT-SAMPLE-MATERIAL	Sample_Material_SD	plant material	plant_material_evidence	plant_material_evidence=false		Viridiplantae	33090				plant-associated material	plant-associated material	cell culture
GCA_010716595.1	SAMN01938990	Salmonella enterica subsp. enterica serovar Newport	PH2A-SITE-PLANT-SAMPLE-MATERIAL	Sample_Material_SD	plant material	plant_material_evidence	plant_material_evidence=false		Solanum lycopersicum	4081				plant-associated material	plant-associated material	
GCA_021892895.1	SAMN14372647	Lactiplantibacillus plantarum	PH2A-SITE-PLANT-SAMPLE-MATERIAL	Sample_Material_SD	plant material	plant_material_evidence	plant_material_evidence=false		Viridiplantae	33090				plant-associated material	plant-associated material	
GCA_026723785.1	SAMN31843394	Antarcticirhabdus aurantiaca	PH2A-SITE-PLANT-SAMPLE-MATERIAL	Sample_Material_SD	plant material	plant_material_evidence	plant_material_evidence=false		Avena sativa	4498				plant-associated material	Avena sativa	
GCA_009725205.1	SAMN13338515	Paenibacillus timonensis	PH2A-SITE-PLANT-SAMPLE-MATERIAL	Sample_Material_SD	plant material	plant_material_evidence	plant_material_evidence=false		Viridiplantae	33090				plant-associated material	plant-associated material	single cell
GCA_023631325.1	SAMN26211596	Caballeronia sp. INDeC2	PH2A-SITE-PLANT-SAMPLE-MATERIAL	Sample_Material_SD	plant material	plant_material_evidence	plant_material_evidence=false		Anasa tristis	236421				plant-associated material	plant-associated material	gut content
GCA_051132215.1	SAMN18220732	Pseudomonas sp. D1-2	PH2A-SITE-PLANT-SAMPLE-MATERIAL	Sample_Material_SD	plant material	plant_material_evidence	plant_material_evidence=false		Erodium	21555				plant-associated material	plant-associated material	
GCA_018951475.1	SAMN13738865	Clostridioides difficile	PH2A-SITE-PLANT-SAMPLE-MATERIAL	Sample_Material_SD	plant material	plant_material_evidence	plant_material_evidence=false		Viridiplantae	33090				plant-associated material	plant-associated material	
GCA_025654025.1	SAMN25232819	Shewanella sp. SM55	PH2A-SITE-PLANT-SAMPLE-MATERIAL	Sample_Material_SD	plant material	plant_material_evidence	plant_material_evidence=false		Viridiplantae	33090				plant-associated material	plant-associated material	
GCA_026672695.1	SAMN23489656	Yersinia enterocolitica	PH2A-SITE-PLANT-SAMPLE-MATERIAL	Sample_Material_SD	plant material	plant_material_evidence	plant_material_evidence=false		Viridiplantae	33090				plant-associated material	plant-associated material	microbial isolate
GCA_030646165.1	SAMN36726730	Conexibacter sp. CPCC 206217	PH2A-SITE-PLANT-SAMPLE-MATERIAL	Sample_Material_SD	plant material	plant_material_evidence	plant_material_evidence=false		Viridiplantae	33090				plant-associated material	plant-associated material	
GCA_046549395.1	SAMN16788663	Streptomyces sp. 029-5	PH2A-SITE-PLANT-SAMPLE-MATERIAL	Sample_Material_SD	plant material	plant_material_evidence	plant_material_evidence=false		Viridiplantae	33090				plant-associated material	plant-associated material	
GCA_022532905.1	SAMN25990018	Klebsiella pneumoniae	PH2A-HHS-PATIENT-HUMAN-CONTEXT	Host_Context_SD	human-associated	human_host_evidence	human_host_evidence=false					patient			healthcare-associated environment	hospital wastewater
GCA_022517905.1	SAMN25988510	Klebsiella pneumoniae	PH2A-HHS-PATIENT-HUMAN-CONTEXT	Host_Context_SD	human-associated	human_host_evidence	human_host_evidence=false					patient			healthcare-associated environment	hospital wastewater
GCA_000954015.1	SAMN03329171	Clostridium sp. FS41	PH2A-SITE-PLANT-SAMPLE-MATERIAL	Sample_Material_SD	plant material	plant_material_evidence	plant_material_evidence=false		Viridiplantae	33090				plant-associated material	environmental material	
GCA_002558245.1	SAMN07597399	Bacillus cereus	PH2A-SITE-PLANT-SAMPLE-MATERIAL	Sample_Material_SD	plant material	plant_material_evidence	plant_material_evidence=false		Viridiplantae	33090				plant-associated material	plant-associated material	cell culture
GCA_022531385.1	SAMN25988438	Citrobacter freundii	PH2A-HHS-PATIENT-HUMAN-CONTEXT	Host_Context_SD	human-associated	human_host_evidence	human_host_evidence=false					patient			healthcare-associated environment	hospital wastewater
GCA_003721415.1	SAMN10373778	Micromonospora aurantiaca (nom. illeg.)	PH2A-SITE-PLANT-SAMPLE-MATERIAL	Sample_Material_SD	plant material	plant_material_evidence	plant_material_evidence=false		Viridiplantae	33090				plant-associated material	mangrove	
GCA_017848355.1	SAMN18128664	Pantoea endophytica	PH2A-SITE-PLANT-SAMPLE-MATERIAL	Sample_Material_SD	plant material	plant_material_evidence	plant_material_evidence=false		Nicotiana tabacum	4097				plant-associated material	plant-associated material	microbial isolate
GCA_021893075.1	SAMN14372639	Lactiplantibacillus plantarum	PH2A-SITE-PLANT-SAMPLE-MATERIAL	Sample_Material_SD	plant material	plant_material_evidence	plant_material_evidence=false		Viridiplantae	33090				plant-associated material	plant-associated material	
GCA_018388485.1	SAMN19067894	Pseudomonas syringae	PH2A-SITE-PLANT-SAMPLE-MATERIAL	Sample_Material_SD	plant material	plant_material_evidence	plant_material_evidence=false		Medicago sativa	3879				plant-associated material	plant-associated material	
GCA_023631465.1	SAMN26211591	Caballeronia sp. GAWG1-1	PH2A-SITE-PLANT-SAMPLE-MATERIAL	Sample_Material_SD	plant material	plant_material_evidence	plant_material_evidence=false		Anasa tristis	236421				plant-associated material	plant-associated material	gut content
GCA_015016915.1	SAMN14091718	Listeria monocytogenes	PH2A-SITE-PLANT-SAMPLE-MATERIAL	Sample_Material_SD	plant material	plant_material_evidence	plant_material_evidence=false							plant-associated material	plant-associated material	
GCA_023631265.1	SAMN26211601	Caballeronia sp. INML3	PH2A-SITE-PLANT-SAMPLE-MATERIAL	Sample_Material_SD	plant material	plant_material_evidence	plant_material_evidence=false		Anasa tristis	236421				plant-associated material	plant-associated material	gut content
GCA_047983025.1	SAMN45227893	Pseudomonas aeruginosa	PH2A-HHS-PATIENT-HUMAN-CONTEXT	Host_Context_SD	human-associated	human_host_evidence	human_host_evidence=false					patient			clinical/host-associated material	sink
GCA_047985245.1	SAMN45227820	Pseudomonas aeruginosa	PH2A-HHS-PATIENT-HUMAN-CONTEXT	Host_Context_SD	human-associated	human_host_evidence	human_host_evidence=false					patient			clinical/host-associated material	sink
GCA_047985465.1	SAMN45227813	Pseudomonas aeruginosa	PH2A-HHS-PATIENT-HUMAN-CONTEXT	Host_Context_SD	human-associated	human_host_evidence	human_host_evidence=false					patient			clinical/host-associated material	sink
GCA_047994765.1	SAMN45227792	Pseudomonas aeruginosa	PH2A-HHS-PATIENT-HUMAN-CONTEXT	Host_Context_SD	human-associated	human_host_evidence	human_host_evidence=false					patient			clinical/host-associated material	sink
GCA_051132115.1	SAMN18220744	Pseudomonas sp. R1-6	PH2A-SITE-PLANT-SAMPLE-MATERIAL	Sample_Material_SD	plant material	plant_material_evidence	plant_material_evidence=false		Plantago cylindrica	1928669				plant-associated material	plant-associated material	
GCA_000409225.1	SAMN02952933	Cronobacter dublinensis subsp. dublinensis LMG 23823	PH2A-SITE-PLANT-SAMPLE-MATERIAL	Sample_Material_SD	plant material	plant_material_evidence	plant_material_evidence=false							plant-associated material	plant-associated material	environmental sample
GCA_000708525.1	SAMN02767986	Cyanobium sp. CACIAM 14	PH2A-SITE-PLANT-SAMPLE-MATERIAL	Sample_Material_SD	plant material	plant_material_evidence	plant_material_evidence=false		Viridiplantae	33090				plant-associated material	plant-associated material	culture
GCA_022517945.1	SAMN25988869	Citrobacter freundii	PH2A-HHS-PATIENT-HUMAN-CONTEXT	Host_Context_SD	human-associated	human_host_evidence	human_host_evidence=false					patient			healthcare-associated environment	hospital wastewater
GCA_947085185.1	SAMEA111451294	Candidatus Fraserbacteria bacterium	PH2A-SITE-PLANT-SAMPLE-MATERIAL	Sample_Material_SD	plant material	plant_material_evidence	plant_material_evidence=false		Viridiplantae	33090				plant-associated material	plant-associated material	
GCA_947084935.1	SAMEA111451343	uncultured Coxiellaceae bacterium	PH2A-SITE-PLANT-SAMPLE-MATERIAL	Sample_Material_SD	plant material	plant_material_evidence	plant_material_evidence=false		Viridiplantae	33090				plant-associated material	plant-associated material	
GCA_947085755.1	SAMEA111451387	uncultured Parcubacteria group bacterium	PH2A-SITE-PLANT-SAMPLE-MATERIAL	Sample_Material_SD	plant material	plant_material_evidence	plant_material_evidence=false		Viridiplantae	33090				plant-associated material	plant-associated material	
GCA_002574545.1	SAMN07598124	Bacillus sp. AFS055030	PH2A-SITE-PLANT-SAMPLE-MATERIAL	Sample_Material_SD	plant material	plant_material_evidence	plant_material_evidence=false		Viridiplantae	33090				plant-associated material	plant-associated material	cell culture
GCA_947085465.1	SAMEA111451302	uncultured Alphaproteobacteria bacterium	PH2A-SITE-PLANT-SAMPLE-MATERIAL	Sample_Material_SD	plant material	plant_material_evidence	plant_material_evidence=false		Viridiplantae	33090				plant-associated material	plant-associated material	
GCA_003028655.1	SAMN08794480	Trinickia symbiotica	PH2A-SITE-PLANT-SAMPLE-MATERIAL	Sample_Material_SD	plant material	plant_material_evidence	plant_material_evidence=false		mimosa	21013				plant-associated material	plant-associated material	
GCA_028438115.1	SAMN29993308	Acinetobacter baumannii	PH2A-SITE-PLANT-SAMPLE-MATERIAL	Sample_Material_SD	plant material	plant_material_evidence	plant_material_evidence=false		Viridiplantae	33090				plant-associated material	plant-associated material	
GCA_050709815.1	SAMN47300677	Pseudomonas simiae	PH2A-SITE-PLANT-SAMPLE-MATERIAL	Sample_Material_SD	plant material	plant_material_evidence	plant_material_evidence=false		Pisum sativum	3888				plant-associated material	plant-associated material	
GCA_017933255.1	SAMN12730698	Streptomyces scabiei	PH2A-SITE-PLANT-SAMPLE-MATERIAL	Sample_Material_SD	plant material	plant_material_evidence	plant_material_evidence=false		Solanum tuberosum	4113				plant-associated material	plant-associated material	
GCA_028766965.1	SAMN30087260	Candidatus Cardinium sp.	PH2A-SITE-PLANT-SAMPLE-MATERIAL	Sample_Material_SD	plant material	plant_material_evidence	plant_material_evidence=false		Heterodera humuli	157854				plant-associated material	plant-associated material	
GCA_053903085.1	SAMN27610248	Bacillus sp. AK124	PH2A-SITE-PLANT-SAMPLE-MATERIAL	Sample_Material_SD	plant material	plant_material_evidence	plant_material_evidence=false		Avicennia marina	82927				plant-associated material	plant-associated material	
GCA_947085305.1	SAMEA111451375	uncultured Nitrospiraceae bacterium	PH2A-SITE-PLANT-SAMPLE-MATERIAL	Sample_Material_SD	plant material	plant_material_evidence	plant_material_evidence=false		Viridiplantae	33090				plant-associated material	plant-associated material	
GCA_947085425.1	SAMEA111451321	uncultured Burkholderiales bacterium	PH2A-SITE-PLANT-SAMPLE-MATERIAL	Sample_Material_SD	plant material	plant_material_evidence	plant_material_evidence=false		Viridiplantae	33090				plant-associated material	plant-associated material	
GCA_003860725.1	SAMN10366527	Ralstonia solanacearum	PH2A-SITE-PLANT-SAMPLE-MATERIAL	Sample_Material_SD	plant material	plant_material_evidence	plant_material_evidence=false		Musa	4640				plant-associated material	plant-associated material	
GCA_002551885.1	SAMN07598692	Bacillus thuringiensis	PH2A-SITE-PLANT-SAMPLE-MATERIAL	Sample_Material_SD	plant material	plant_material_evidence	plant_material_evidence=false		Viridiplantae	33090				plant-associated material	plant-associated material	cell culture
GCA_002550675.1	SAMN07598630	Bacillus cereus	PH2A-SITE-PLANT-SAMPLE-MATERIAL	Sample_Material_SD	plant material	plant_material_evidence	plant_material_evidence=false		Viridiplantae	33090				plant-associated material	plant-associated material	
GCA_003071465.1	SAMN06759344	Bacillus velezensis	PH2A-SITE-PLANT-SAMPLE-MATERIAL	Sample_Material_SD	plant material	plant_material_evidence	plant_material_evidence=false		Capsicum	4071				plant-associated material	plant-associated material	single cell
GCA_023539315.1	SAMN04530874	Listeria monocytogenes	PH2A-SITE-PLANT-SAMPLE-MATERIAL	Sample_Material_SD	plant material	plant_material_evidence	plant_material_evidence=false		Viridiplantae	33090				plant-associated material	environmental material	environmental sample
GCA_023656415.1	SAMN28548353	Nocardioides bruguierae	PH2A-SITE-PLANT-SAMPLE-MATERIAL	Sample_Material_SD	plant material	plant_material_evidence	plant_material_evidence=false		Viridiplantae	33090				plant-associated material	plant-associated material	
GCA_016698645.1	SAMN17222285	Devosia oryziradicis	PH2A-SITE-PLANT-SAMPLE-MATERIAL	Sample_Material_SD	plant material	plant_material_evidence	plant_material_evidence=false		Viridiplantae	33090				plant-associated material	plant-associated material	
GCA_022532565.1	SAMN25988996	Citrobacter freundii	PH2A-HHS-PATIENT-HUMAN-CONTEXT	Host_Context_SD	human-associated	human_host_evidence	human_host_evidence=false					patient			healthcare-associated environment	hospital wastewater
GCA_043291655.1	SAMN42529431	Serratia ureilytica	PH2A-SITE-PLANT-SAMPLE-MATERIAL	Sample_Material_SD	plant material	plant_material_evidence	plant_material_evidence=false		Cucurbita pepo	3663				plant-associated material	plant-associated material	cell culture
GCA_048452845.1	SAMN45872817	Pantoea sp. K13	PH2A-SITE-PLANT-SAMPLE-MATERIAL	Sample_Material_SD	plant material	plant_material_evidence	plant_material_evidence=false		Zea mays	4577				plant-associated material	plant-associated material	cell culture
GCA_051949705.1	SAMN41787754	Xanthomonas citri pv. mangiferaeindicae	PH2A-SITE-PLANT-SAMPLE-MATERIAL	Sample_Material_SD	plant material	plant_material_evidence	plant_material_evidence=false		Mangifera indica	29780				plant-associated material	plant-associated material	microbial isolate
GCA_003121805.1	SAMN08979054	Dickeya dianthicola	PH2A-SITE-PLANT-SAMPLE-MATERIAL	Sample_Material_SD	plant material	plant_material_evidence	plant_material_evidence=false		Solanum tuberosum	4113				plant-associated material	plant-associated material	tissue
GCA_022466815.1	SAMN25131677	Acinetobacter baumannii	PH2A-SITE-PLANT-SAMPLE-MATERIAL	Sample_Material_SD	plant material	plant_material_evidence	plant_material_evidence=false		Viridiplantae	33090				plant-associated material	plant-associated material	
GCA_022521205.1	SAMN25989412	Klebsiella pneumoniae	PH2A-HHS-PATIENT-HUMAN-CONTEXT	Host_Context_SD	human-associated	human_host_evidence	human_host_evidence=false					patient			healthcare-associated environment	hospital wastewater
GCA_022524065.1	SAMN25988488	Klebsiella pneumoniae	PH2A-HHS-PATIENT-HUMAN-CONTEXT	Host_Context_SD	human-associated	human_host_evidence	human_host_evidence=false					patient			healthcare-associated environment	hospital wastewater
GCA_022526045.1	SAMN25988950	Klebsiella pneumoniae	PH2A-HHS-PATIENT-HUMAN-CONTEXT	Host_Context_SD	human-associated	human_host_evidence	human_host_evidence=false					patient			healthcare-associated environment	hospital wastewater
GCA_022527965.1	SAMN25988535	Escherichia coli	PH2A-HHS-PATIENT-HUMAN-CONTEXT	Host_Context_SD	human-associated	human_host_evidence	human_host_evidence=false					patient			healthcare-associated environment	hospital wastewater
GCA_022528025.1	SAMN25988532	Klebsiella pneumoniae	PH2A-HHS-PATIENT-HUMAN-CONTEXT	Host_Context_SD	human-associated	human_host_evidence	human_host_evidence=false					patient			healthcare-associated environment	hospital wastewater
GCA_022532045.1	SAMN25989153	Klebsiella pneumoniae	PH2A-HHS-PATIENT-HUMAN-CONTEXT	Host_Context_SD	human-associated	human_host_evidence	human_host_evidence=false					patient			healthcare-associated environment	hospital wastewater
GCA_022533105.1	SAMN25988862	Klebsiella oxytoca	PH2A-HHS-PATIENT-HUMAN-CONTEXT	Host_Context_SD	human-associated	human_host_evidence	human_host_evidence=false					patient			healthcare-associated environment	hospital wastewater
GCA_024181935.1	SAMN29361906	Vibrio sp. Y51_MX_L26	PH2A-SITE-PLANT-SAMPLE-MATERIAL	Sample_Material_SD	plant material	plant_material_evidence	plant_material_evidence=false		Viridiplantae	33090				plant-associated material	plant-associated material	
GCA_002552685.1	SAMN07598602	Bacillus toyonensis	PH2A-SITE-PLANT-SAMPLE-MATERIAL	Sample_Material_SD	plant material	plant_material_evidence	plant_material_evidence=false		Viridiplantae	33090				plant-associated material	plant-associated material	
GCA_002567275.1	SAMN07598351	Bacillus cereus	PH2A-SITE-PLANT-SAMPLE-MATERIAL	Sample_Material_SD	plant material	plant_material_evidence	plant_material_evidence=false		Viridiplantae	33090				plant-associated material	plant-associated material	
GCA_002567555.1	SAMN07598331	Bacillus cereus	PH2A-SITE-PLANT-SAMPLE-MATERIAL	Sample_Material_SD	plant material	plant_material_evidence	plant_material_evidence=false		Viridiplantae	33090				plant-associated material	plant-associated material	cell culture
GCA_003586285.1	SAMN09766045	Aeromicrobium endophyticum	PH2A-SITE-PLANT-SAMPLE-MATERIAL	Sample_Material_SD	plant material	plant_material_evidence	plant_material_evidence=false		Viridiplantae	33090				plant-associated material	plant-associated material	
GCA_015017155.1	SAMN14091637	Listeria monocytogenes	PH2A-SITE-PLANT-SAMPLE-MATERIAL	Sample_Material_SD	plant material	plant_material_evidence	plant_material_evidence=false		Aves	8782				plant-associated material	plant-associated material	drain
GCA_019931575.1	SAMN21210681	Caulobacter segnis	PH2A-SITE-PLANT-SAMPLE-MATERIAL	Sample_Material_SD	plant material	plant_material_evidence	plant_material_evidence=false		Viridiplantae	33090				plant-associated material	plant-associated material	
GCA_000724905.2	SAMN02854335	Xanthomonas axonopodis pv. vasculorum	PH2A-SITE-PLANT-SAMPLE-MATERIAL	Sample_Material_SD	plant material	plant_material_evidence	plant_material_evidence=false		Saccharum officinarum	4547				plant-associated material	plant-associated material	
GCA_051040005.1	SAMN37308757	Clavibacter michiganensis	PH2A-SITE-PLANT-SAMPLE-MATERIAL	Sample_Material_SD	plant material	plant_material_evidence	plant_material_evidence=false		Solanum lycopersicum	4081				plant-associated material	plant-associated material	cell culture
GCA_001043795.1	SAMN03392522	Bacillus sp. LK10	PH2A-SITE-PLANT-SAMPLE-MATERIAL	Sample_Material_SD	plant material	plant_material_evidence	plant_material_evidence=false		Viridiplantae	33090				plant-associated material	plant-associated material	
GCA_008371395.1	SAMN12715330	Salmonella enterica subsp. enterica serovar Agona	PH2A-SITE-PLANT-SAMPLE-MATERIAL	Sample_Material_SD	plant material	plant_material_evidence	plant_material_evidence=false		Viridiplantae	33090				plant-associated material	plant-associated material	
GCA_015019135.1	SAMN14091679	Listeria monocytogenes	PH2A-SITE-PLANT-SAMPLE-MATERIAL	Sample_Material_SD	plant material	plant_material_evidence	plant_material_evidence=false							plant-associated material	plant-associated material	
GCA_021893355.1	SAMN14372624	Lactiplantibacillus plantarum	PH2A-SITE-PLANT-SAMPLE-MATERIAL	Sample_Material_SD	plant material	plant_material_evidence	plant_material_evidence=false		Viridiplantae	33090				plant-associated material	plant-associated material	
GCA_021892745.1	SAMN14372653	Lactiplantibacillus plantarum	PH2A-SITE-PLANT-SAMPLE-MATERIAL	Sample_Material_SD	plant material	plant_material_evidence	plant_material_evidence=false		Viridiplantae	33090				plant-associated material	plant-associated material	
GCA_021893025.1	SAMN14372641	Lactiplantibacillus plantarum	PH2A-SITE-PLANT-SAMPLE-MATERIAL	Sample_Material_SD	plant material	plant_material_evidence	plant_material_evidence=false		Viridiplantae	33090				plant-associated material	plant-associated material	
GCA_047979325.1	SAMN45227909	Pseudomonas aeruginosa	PH2A-HHS-PATIENT-HUMAN-CONTEXT	Host_Context_SD	human-associated	human_host_evidence	human_host_evidence=false					patient			clinical/host-associated material	sink
GCA_047982845.1	SAMN45227894	Pseudomonas aeruginosa	PH2A-HHS-PATIENT-HUMAN-CONTEXT	Host_Context_SD	human-associated	human_host_evidence	human_host_evidence=false					patient			clinical/host-associated material	sink
GCA_047983905.1	SAMN45227872	Pseudomonas aeruginosa	PH2A-HHS-PATIENT-HUMAN-CONTEXT	Host_Context_SD	human-associated	human_host_evidence	human_host_evidence=false					patient			clinical/host-associated material	sink
GCA_047986705.1	SAMN45227775	Pseudomonas aeruginosa	PH2A-HHS-PATIENT-HUMAN-CONTEXT	Host_Context_SD	human-associated	human_host_evidence	human_host_evidence=false					patient			clinical/host-associated material	sink
GCA_001692215.1	SAMN04901297	Agrobacterium sp. B133/95	PH2A-SITE-PLANT-SAMPLE-MATERIAL	Sample_Material_SD	plant material	plant_material_evidence	plant_material_evidence=false		Prunus persica	3760				plant-associated material	plant-associated material	
GCA_003052585.1	SAMN08891238	Pseudomonas mangrovi	PH2A-SITE-PLANT-SAMPLE-MATERIAL	Sample_Material_SD	plant material	plant_material_evidence	plant_material_evidence=false		Kandelia obovata	413952				plant-associated material	plant-associated material	
GCA_011326735.1	SAMN14278070	Phycicoccus endophyticus	PH2A-SITE-PLANT-SAMPLE-MATERIAL	Sample_Material_SD	plant material	plant_material_evidence	plant_material_evidence=false		Viridiplantae	33090				plant-associated material	plant-associated material	
GCA_002565605.1	SAMN07598475	Bacillus cereus	PH2A-SITE-PLANT-SAMPLE-MATERIAL	Sample_Material_SD	plant material	plant_material_evidence	plant_material_evidence=false		Viridiplantae	33090				plant-associated material	plant-associated material	cell culture
GCA_002580785.1	SAMN07598005	Bacillus wiedmannii	PH2A-SITE-PLANT-SAMPLE-MATERIAL	Sample_Material_SD	plant material	plant_material_evidence	plant_material_evidence=false		Viridiplantae	33090				plant-associated material	plant-associated material	cell culture
GCA_002561575.1	SAMN07597429	Bacillus cereus	PH2A-SITE-PLANT-SAMPLE-MATERIAL	Sample_Material_SD	plant material	plant_material_evidence	plant_material_evidence=false		Viridiplantae	33090				plant-associated material	plant-associated material	cell culture
GCA_002564645.1	SAMN07598540	Bacillus thuringiensis	PH2A-SITE-PLANT-SAMPLE-MATERIAL	Sample_Material_SD	plant material	plant_material_evidence	plant_material_evidence=false		Viridiplantae	33090				plant-associated material	plant-associated material	cell culture
GCA_056867815.1	SAMN47254606	Xanthomonas citri pv. aurantifolii	PH2A-SITE-PLANT-SAMPLE-MATERIAL	Sample_Material_SD	plant material	plant_material_evidence	plant_material_evidence=false		Citrus	2706				plant-associated material	plant-associated material	
GCA_001528005.1	SAMN03449383	Burkholderia territorii	PH2A-SITE-PLANT-SAMPLE-MATERIAL	Sample_Material_SD	plant material	plant_material_evidence	plant_material_evidence=false		Viridiplantae	33090				plant-associated material	plant-associated material	
GCA_051950255.1	SAMN41787726	Xanthomonas citri pv. mangiferaeindicae	PH2A-SITE-PLANT-SAMPLE-MATERIAL	Sample_Material_SD	plant material	plant_material_evidence	plant_material_evidence=false		Mangifera indica	29780				plant-associated material	plant-associated material	microbial isolate
GCA_002209085.2	SAMN06173358	Burkholderia cepacia	PH2A-SITE-PLANT-SAMPLE-MATERIAL	Sample_Material_SD	plant material	plant_material_evidence	plant_material_evidence=false							plant-associated material	plant-associated material	food
GCA_022517995.1	SAMN25988849	Klebsiella pneumoniae	PH2A-HHS-PATIENT-HUMAN-CONTEXT	Host_Context_SD	human-associated	human_host_evidence	human_host_evidence=false					patient			healthcare-associated environment	hospital wastewater
GCA_022527785.1	SAMN25988623	Klebsiella pneumoniae	PH2A-HHS-PATIENT-HUMAN-CONTEXT	Host_Context_SD	human-associated	human_host_evidence	human_host_evidence=false					patient			healthcare-associated environment	hospital wastewater
GCA_022519425.1	SAMN25988998	Klebsiella pneumoniae	PH2A-HHS-PATIENT-HUMAN-CONTEXT	Host_Context_SD	human-associated	human_host_evidence	human_host_evidence=false					patient			healthcare-associated environment	hospital wastewater
GCA_022519625.1	SAMN25989047	Klebsiella pneumoniae	PH2A-HHS-PATIENT-HUMAN-CONTEXT	Host_Context_SD	human-associated	human_host_evidence	human_host_evidence=false					patient			healthcare-associated environment	hospital wastewater
GCA_022521365.1	SAMN25989380	Escherichia coli	PH2A-HHS-PATIENT-HUMAN-CONTEXT	Host_Context_SD	human-associated	human_host_evidence	human_host_evidence=false					patient			healthcare-associated environment	hospital wastewater
GCA_022530425.1	SAMN25989427	Klebsiella pneumoniae	PH2A-HHS-PATIENT-HUMAN-CONTEXT	Host_Context_SD	human-associated	human_host_evidence	human_host_evidence=false					patient			healthcare-associated environment	hospital wastewater
GCA_022531005.1	SAMN25989736	Klebsiella pneumoniae	PH2A-HHS-PATIENT-HUMAN-CONTEXT	Host_Context_SD	human-associated	human_host_evidence	human_host_evidence=false					patient			healthcare-associated environment	hospital wastewater
GCA_022531195.1	SAMN25989397	Klebsiella pneumoniae	PH2A-HHS-PATIENT-HUMAN-CONTEXT	Host_Context_SD	human-associated	human_host_evidence	human_host_evidence=false					patient			healthcare-associated environment	hospital wastewater
GCA_022534115.1	SAMN25988902	Klebsiella pneumoniae	PH2A-HHS-PATIENT-HUMAN-CONTEXT	Host_Context_SD	human-associated	human_host_evidence	human_host_evidence=false					patient			healthcare-associated environment	hospital wastewater
GCA_022536555.1	SAMN25988891	Klebsiella pneumoniae	PH2A-HHS-PATIENT-HUMAN-CONTEXT	Host_Context_SD	human-associated	human_host_evidence	human_host_evidence=false					patient			healthcare-associated environment	hospital wastewater
GCA_015020315.1	SAMN14091630	Listeria monocytogenes	PH2A-SITE-PLANT-SAMPLE-MATERIAL	Sample_Material_SD	plant material	plant_material_evidence	plant_material_evidence=false		Aves	8782				plant-associated material	plant-associated material	drain
GCA_022528225.1	SAMN25989727	Citrobacter freundii	PH2A-HHS-PATIENT-HUMAN-CONTEXT	Host_Context_SD	human-associated	human_host_evidence	human_host_evidence=false					patient			healthcare-associated environment	hospital wastewater
GCA_029768525.1	SAMN25989931	Pluralibacter gergoviae	PH2A-HHS-PATIENT-HUMAN-CONTEXT	Host_Context_SD	human-associated	human_host_evidence	human_host_evidence=false					patient			healthcare-associated environment	hospital wastewater
GCA_936920195.1	SAMEA13911880	uncultured cyanobacterium	PH2A-SITE-PLANT-SAMPLE-MATERIAL	Sample_Material_SD	plant material	plant_material_evidence	plant_material_evidence=false		Viridiplantae	33090				plant-associated material		
GCA_030847025.1	SAMN30207203	Cronobacter sakazakii	PH2A-SITE-PLANT-SAMPLE-MATERIAL	Sample_Material_SD	plant material	plant_material_evidence	plant_material_evidence=false							plant-associated material	plant-associated material	milk powder
GCA_016765585.1	SAMN17370743	Clostridium rhizosphaerae	PH2A-SITE-PLANT-SAMPLE-MATERIAL	Sample_Material_SD	plant material	plant_material_evidence	plant_material_evidence=false		Paris polyphylla var. yunnanensis	221260				plant-associated material	plant-associated material	cell culture
GCA_023497985.1	SAMN28171611	Pseudomonas viridiflava	PH2A-SITE-PLANT-SAMPLE-MATERIAL	Sample_Material_SD	plant material	plant_material_evidence	plant_material_evidence=false		Viridiplantae	33090				plant-associated material	plant-associated material	
GCA_047983745.1	SAMN45227874	Pseudomonas aeruginosa	PH2A-HHS-PATIENT-HUMAN-CONTEXT	Host_Context_SD	human-associated	human_host_evidence	human_host_evidence=false					patient			clinical/host-associated material	sink
GCA_047984205.1	SAMN45227860	Pseudomonas aeruginosa	PH2A-HHS-PATIENT-HUMAN-CONTEXT	Host_Context_SD	human-associated	human_host_evidence	human_host_evidence=false					patient			clinical/host-associated material	sink
GCA_047985475.1	SAMN45227812	Pseudomonas aeruginosa	PH2A-HHS-PATIENT-HUMAN-CONTEXT	Host_Context_SD	human-associated	human_host_evidence	human_host_evidence=false					patient			clinical/host-associated material	sink
GCA_947085775.1	SAMEA111451380	uncultured Nitrospirales bacterium	PH2A-SITE-PLANT-SAMPLE-MATERIAL	Sample_Material_SD	plant material	plant_material_evidence	plant_material_evidence=false		Viridiplantae	33090				plant-associated material	plant-associated material	
GCA_002577415.1	SAMN07597938	Bacillus cereus	PH2A-SITE-PLANT-SAMPLE-MATERIAL	Sample_Material_SD	plant material	plant_material_evidence	plant_material_evidence=false		Viridiplantae	33090				plant-associated material	plant-associated material	cell culture
GCA_010668395.1	SAMN13671951	Martinezella lusitana	PH2A-SITE-PLANT-SAMPLE-MATERIAL	Sample_Material_SD	plant material	plant_material_evidence	plant_material_evidence=false		Vicia faba	3906				plant-associated material	plant-associated material	
GCA_015017295.1	SAMN14091596	Listeria monocytogenes	PH2A-SITE-PLANT-SAMPLE-MATERIAL	Sample_Material_SD	plant material	plant_material_evidence	plant_material_evidence=false		Aves	8782				plant-associated material	plant-associated material	drain
GCA_021893295.1	SAMN14372626	Lactiplantibacillus plantarum	PH2A-SITE-PLANT-SAMPLE-MATERIAL	Sample_Material_SD	plant material	plant_material_evidence	plant_material_evidence=false		Viridiplantae	33090				plant-associated material	plant-associated material	
GCA_025654415.1	SAMN25232810	Shewanella sp. SM103	PH2A-SITE-PLANT-SAMPLE-MATERIAL	Sample_Material_SD	plant material	plant_material_evidence	plant_material_evidence=false		Viridiplantae	33090				plant-associated material	plant-associated material	
GCA_000318885.1	SAMEA767949	Chlamydia trachomatis L2/25667R	PH2A-SITE-PLANT-SAMPLE-MATERIAL	Sample_Material_SD	plant material	plant_material_evidence	plant_material_evidence=false							plant-associated material	Pre-penetration appressoria, 24h	
GCA_001518465.1	SAMN04256406	Pseudomonas syringae pv. tomato	PH2A-SITE-PLANT-SAMPLE-MATERIAL	Sample_Material_SD	plant material	plant_material_evidence	plant_material_evidence=false		Solanum lycopersicum	4081				plant-associated material	plant-associated material	
GCA_052820115.1	SAMN45889088	Pseudomonas simiae	PH2A-SITE-PLANT-SAMPLE-MATERIAL	Sample_Material_SD	plant material	plant_material_evidence	plant_material_evidence=false		Viridiplantae	33090				plant-associated material	plant-associated material	
GCA_022528885.1	SAMN25988511	Citrobacter freundii	PH2A-HHS-PATIENT-HUMAN-CONTEXT	Host_Context_SD	human-associated	human_host_evidence	human_host_evidence=false					patient			healthcare-associated environment	hospital wastewater
GCA_022534655.1	SAMN25989363	Citrobacter freundii	PH2A-HHS-PATIENT-HUMAN-CONTEXT	Host_Context_SD	human-associated	human_host_evidence	human_host_evidence=false					patient			healthcare-associated environment	hospital wastewater
GCA_025654095.1	SAMN25232818	Shewanella sp. SM43	PH2A-SITE-PLANT-SAMPLE-MATERIAL	Sample_Material_SD	plant material	plant_material_evidence	plant_material_evidence=false		Viridiplantae	33090				plant-associated material	plant-associated material	
GCA_947085975.1	SAMEA111451406	uncultured Deinococcota bacterium	PH2A-SITE-PLANT-SAMPLE-MATERIAL	Sample_Material_SD	plant material	plant_material_evidence	plant_material_evidence=false		Viridiplantae	33090				plant-associated material	plant-associated material	
GCA_002584205.1	SAMN07597861	Bacillus thuringiensis	PH2A-SITE-PLANT-SAMPLE-MATERIAL	Sample_Material_SD	plant material	plant_material_evidence	plant_material_evidence=false		Viridiplantae	33090				plant-associated material	plant-associated material	cell culture
GCA_002579545.1	SAMN07598145	Bacillus wiedmannii	PH2A-SITE-PLANT-SAMPLE-MATERIAL	Sample_Material_SD	plant material	plant_material_evidence	plant_material_evidence=false		Viridiplantae	33090				plant-associated material	plant-associated material	
GCA_002553415.1	SAMN07598582	Bacillus toyonensis	PH2A-SITE-PLANT-SAMPLE-MATERIAL	Sample_Material_SD	plant material	plant_material_evidence	plant_material_evidence=false		Viridiplantae	33090				plant-associated material	plant-associated material	cell culture
GCA_002566135.1	SAMN07598535	Bacillus thuringiensis	PH2A-SITE-PLANT-SAMPLE-MATERIAL	Sample_Material_SD	plant material	plant_material_evidence	plant_material_evidence=false		Viridiplantae	33090				plant-associated material	plant-associated material	cell culture
GCA_015017395.1	SAMN14091609	Listeria monocytogenes	PH2A-SITE-PLANT-SAMPLE-MATERIAL	Sample_Material_SD	plant material	plant_material_evidence	plant_material_evidence=false		Aves	8782				plant-associated material	plant-associated material	drain
GCA_015018955.1	SAMN14091667	Listeria monocytogenes	PH2A-SITE-PLANT-SAMPLE-MATERIAL	Sample_Material_SD	plant material	plant_material_evidence	plant_material_evidence=false		Aves	8782				plant-associated material	plant-associated material	drain
GCA_054161325.1	SAMN27610195	Paenibacillus sp. Z3-2	PH2A-SITE-PLANT-SAMPLE-MATERIAL	Sample_Material_SD	plant material	plant_material_evidence	plant_material_evidence=false		Viridiplantae	33090				plant-associated material	plant-associated material	
GCA_054161505.1	SAMN27610244	Arthrobacter sp. R3-55	PH2A-SITE-PLANT-SAMPLE-MATERIAL	Sample_Material_SD	plant material	plant_material_evidence	plant_material_evidence=false		Bassia eriophora	267525				plant-associated material	plant-associated material	
GCA_056850455.1	SAMN47254694	Xanthomonas citri pv. malvacearum	PH2A-SITE-PLANT-SAMPLE-MATERIAL	Sample_Material_SD	plant material	plant_material_evidence	plant_material_evidence=false		Gossypium hirsutum	3635				plant-associated material	plant-associated material	
GCA_056501445.1	SAMN27610211	Rhizobium sp. K33	PH2A-SITE-PLANT-SAMPLE-MATERIAL	Sample_Material_SD	plant material	plant_material_evidence	plant_material_evidence=false		Tetraena coccinea	90540				plant-associated material	plant-associated material	
GCA_025653395.1	SAMN25232834	Shewanella sp. SW24	PH2A-SITE-PLANT-SAMPLE-MATERIAL	Sample_Material_SD	plant material	plant_material_evidence	plant_material_evidence=false		Viridiplantae	33090				plant-associated material	plant-associated material	
GCA_031581525.1	SAMN36714164	Conexibacter sp. JD483	PH2A-SITE-PLANT-SAMPLE-MATERIAL	Sample_Material_SD	plant material	plant_material_evidence	plant_material_evidence=false		Viridiplantae	33090				plant-associated material	plant-associated material	
GCA_030412035.1	SAMN35347198	Ralstonia solanacearum	PH2A-SITE-PLANT-SAMPLE-MATERIAL	Sample_Material_SD	plant material	plant_material_evidence	plant_material_evidence=false		Solanum lycopersicum	4081				plant-associated material	plant-associated material	
GCA_022517585.1	SAMN25989718	Klebsiella pneumoniae	PH2A-HHS-PATIENT-HUMAN-CONTEXT	Host_Context_SD	human-associated	human_host_evidence	human_host_evidence=false					patient			healthcare-associated environment	hospital wastewater
GCA_022518515.1	SAMN25989149	Klebsiella pneumoniae	PH2A-HHS-PATIENT-HUMAN-CONTEXT	Host_Context_SD	human-associated	human_host_evidence	human_host_evidence=false					patient			healthcare-associated environment	hospital wastewater
GCA_022525965.1	SAMN25988961	Citrobacter farmeri	PH2A-HHS-PATIENT-HUMAN-CONTEXT	Host_Context_SD	human-associated	human_host_evidence	human_host_evidence=false					patient			healthcare-associated environment	hospital wastewater
GCA_022520145.1	SAMN25989179	Klebsiella pneumoniae	PH2A-HHS-PATIENT-HUMAN-CONTEXT	Host_Context_SD	human-associated	human_host_evidence	human_host_evidence=false					patient			healthcare-associated environment	hospital wastewater
GCA_022529665.1	SAMN25989963	Klebsiella pneumoniae	PH2A-HHS-PATIENT-HUMAN-CONTEXT	Host_Context_SD	human-associated	human_host_evidence	human_host_evidence=false					patient			healthcare-associated environment	hospital wastewater
GCA_022530345.1	SAMN25988494	Klebsiella pneumoniae	PH2A-HHS-PATIENT-HUMAN-CONTEXT	Host_Context_SD	human-associated	human_host_evidence	human_host_evidence=false					patient			healthcare-associated environment	hospital wastewater
GCA_022758205.1	SAMN26870620	Pseudomonas fluorescens	PH2A-SITE-PLANT-SAMPLE-MATERIAL	Sample_Material_SD	plant material	plant_material_evidence	plant_material_evidence=false		Viridiplantae	33090				plant-associated material	plant-associated material	
GCA_029888035.1	SAMN34274329	Listeria monocytogenes	PH2A-SITE-PLANT-SAMPLE-MATERIAL	Sample_Material_SD	plant material	plant_material_evidence	plant_material_evidence=false							plant-associated material	plant-associated material	environmental swab
GCA_003130585.1	SAMN09041774	Brachybacterium endophyticum	PH2A-SITE-PLANT-SAMPLE-MATERIAL	Sample_Material_SD	plant material	plant_material_evidence	plant_material_evidence=false		Scutellaria baicalensis	65409				plant-associated material	plant-associated material	tissue
GCA_015014435.1	SAMN14091700	Listeria monocytogenes	PH2A-SITE-PLANT-SAMPLE-MATERIAL	Sample_Material_SD	plant material	plant_material_evidence	plant_material_evidence=false		Aves	8782				plant-associated material	plant-associated material	drain
GCA_015113455.1	SAMN07807109	Escherichia coli	PH2A-SITE-PLANT-SAMPLE-MATERIAL	Sample_Material_SD	plant material	plant_material_evidence	plant_material_evidence=false		Bos taurus	9913				plant-associated material	plant-associated material	
GCA_021892975.1	SAMN14372643	Lactiplantibacillus plantarum	PH2A-SITE-PLANT-SAMPLE-MATERIAL	Sample_Material_SD	plant material	plant_material_evidence	plant_material_evidence=false		Viridiplantae	33090				plant-associated material	plant-associated material	
GCA_051040295.1	SAMN37308749	Clavibacter michiganensis	PH2A-SITE-PLANT-SAMPLE-MATERIAL	Sample_Material_SD	plant material	plant_material_evidence	plant_material_evidence=false		Solanum lycopersicum	4081				plant-associated material	plant-associated material	cell culture
GCA_015022055.1	SAMN14091626	Listeria monocytogenes	PH2A-SITE-PLANT-SAMPLE-MATERIAL	Sample_Material_SD	plant material	plant_material_evidence	plant_material_evidence=false							plant-associated material	plant-associated material	
GCA_047978745.1	SAMN45227935	Pseudomonas aeruginosa	PH2A-HHS-PATIENT-HUMAN-CONTEXT	Host_Context_SD	human-associated	human_host_evidence	human_host_evidence=false					patient			clinical/host-associated material	sink
GCA_047978795.1	SAMN45227930	Pseudomonas aeruginosa	PH2A-HHS-PATIENT-HUMAN-CONTEXT	Host_Context_SD	human-associated	human_host_evidence	human_host_evidence=false					patient			clinical/host-associated material	sink
GCA_047984345.1	SAMN45227852	Pseudomonas aeruginosa	PH2A-HHS-PATIENT-HUMAN-CONTEXT	Host_Context_SD	human-associated	human_host_evidence	human_host_evidence=false					patient			clinical/host-associated material	sink
GCA_047987165.1	SAMN45227755	Pseudomonas aeruginosa	PH2A-HHS-PATIENT-HUMAN-CONTEXT	Host_Context_SD	human-associated	human_host_evidence	human_host_evidence=false					patient			clinical/host-associated material	sink
GCA_051949355.1	SAMN41787770	Xanthomonas citri pv. mangiferaeindicae	PH2A-SITE-PLANT-SAMPLE-MATERIAL	Sample_Material_SD	plant material	plant_material_evidence	plant_material_evidence=false		Mangifera indica	29780				plant-associated material	plant-associated material	microbial isolate
GCA_025654105.1	SAMN25232817	Shewanella sp. SM35	PH2A-SITE-PLANT-SAMPLE-MATERIAL	Sample_Material_SD	plant material	plant_material_evidence	plant_material_evidence=false		Viridiplantae	33090				plant-associated material	plant-associated material	
GCA_001043655.1	SAMN03392518	Bacillus cereus	PH2A-SITE-PLANT-SAMPLE-MATERIAL	Sample_Material_SD	plant material	plant_material_evidence	plant_material_evidence=false		Viridiplantae	33090				plant-associated material	plant-associated material	
GCA_022522445.1	SAMN25989902	Klebsiella pneumoniae	PH2A-HHS-PATIENT-HUMAN-CONTEXT	Host_Context_SD	human-associated	human_host_evidence	human_host_evidence=false					patient			healthcare-associated environment	hospital wastewater
GCA_022530085.1	SAMN25989735	Klebsiella pneumoniae	PH2A-HHS-PATIENT-HUMAN-CONTEXT	Host_Context_SD	human-associated	human_host_evidence	human_host_evidence=false					patient			healthcare-associated environment	hospital wastewater
GCA_022535415.1	SAMN25989883	Klebsiella pneumoniae	PH2A-HHS-PATIENT-HUMAN-CONTEXT	Host_Context_SD	human-associated	human_host_evidence	human_host_evidence=false					patient			healthcare-associated environment	hospital wastewater
GCA_019425585.1	SAMN12310125	Burkholderia sp. COPS	PH2A-SITE-PLANT-SAMPLE-MATERIAL	Sample_Material_SD	plant material	plant_material_evidence	plant_material_evidence=false		Polygala	4275				plant-associated material	plant-associated material	
GCA_002568465.1	SAMN07598292	Bacillus cereus	PH2A-SITE-PLANT-SAMPLE-MATERIAL	Sample_Material_SD	plant material	plant_material_evidence	plant_material_evidence=false		Viridiplantae	33090				plant-associated material	plant-associated material	
GCA_017676385.1	SAMN17934891	Streptomyces spirodelae	PH2A-SITE-PLANT-SAMPLE-MATERIAL	Sample_Material_SD	plant material	plant_material_evidence	plant_material_evidence=false		duckweed	4469				plant-associated material	plant-associated material	
GCA_014210395.1	SAMN15371198	Ralstonia solanacearum	PH2A-SITE-PLANT-SAMPLE-MATERIAL	Sample_Material_SD	plant material	plant_material_evidence	plant_material_evidence=false		Musa	4640		diseased		plant-associated material	plant-associated material	
GCA_022533005.1	SAMN25989041	Citrobacter freundii	PH2A-HHS-PATIENT-HUMAN-CONTEXT	Host_Context_SD	human-associated	human_host_evidence	human_host_evidence=false					patient			healthcare-associated environment	hospital wastewater
GCA_003674065.1	SAMN10236217	Nocardioides mangrovicus	PH2A-SITE-PLANT-SAMPLE-MATERIAL	Sample_Material_SD	plant material	plant_material_evidence	plant_material_evidence=false		Viridiplantae	33090				plant-associated material	plant-associated material	
GCA_049944985.1	SAMN48075520	Ralstonia pseudosolanacearum	PH2A-SITE-PLANT-SAMPLE-MATERIAL	Sample_Material_SD	plant material	plant_material_evidence	plant_material_evidence=false		Solanum lycopersicum	4081				plant-associated material	plant-associated material	
GCA_022095055.1	SAMN25611842	Ralstonia solanacearum	PH2A-SITE-PLANT-SAMPLE-MATERIAL	Sample_Material_SD	plant material	plant_material_evidence	plant_material_evidence=false		Solanum lycopersicum	4081				plant-associated material	plant-associated material	
GCA_020686785.1	SAMN21358417	Bacillus licheniformis	PH2A-SITE-PLANT-SAMPLE-MATERIAL	Sample_Material_SD	plant material	plant_material_evidence	plant_material_evidence=false		Medicago truncatula	3880				plant-associated material	plant-associated material	cell culture
GCA_001530985.1	SAMN03449522	Burkholderia multivorans	PH2A-SITE-PLANT-SAMPLE-MATERIAL	Sample_Material_SD	plant material	plant_material_evidence	plant_material_evidence=false		Viridiplantae	33090				plant-associated material	plant-associated material	
GCA_002581075.1	SAMN07597980	Bacillus thuringiensis	PH2A-SITE-PLANT-SAMPLE-MATERIAL	Sample_Material_SD	plant material	plant_material_evidence	plant_material_evidence=false		Viridiplantae	33090				plant-associated material	plant-associated material	cell culture
GCA_015017245.1	SAMN14091726	Listeria monocytogenes	PH2A-SITE-PLANT-SAMPLE-MATERIAL	Sample_Material_SD	plant material	plant_material_evidence	plant_material_evidence=false							plant-associated material	plant-associated material	
GCA_020557205.1	SAMN16124470	Enterococcus faecium	PH2A-HHS-PATIENT-HUMAN-CONTEXT	Host_Context_SD	human-associated	human_host_evidence	human_host_evidence=false					patient				
GCA_047978495.1	SAMN45227945	Pseudomonas aeruginosa	PH2A-HHS-PATIENT-HUMAN-CONTEXT	Host_Context_SD	human-associated	human_host_evidence	human_host_evidence=false					patient			clinical/host-associated material	sink
GCA_047982945.1	SAMN45227895	Pseudomonas aeruginosa	PH2A-HHS-PATIENT-HUMAN-CONTEXT	Host_Context_SD	human-associated	human_host_evidence	human_host_evidence=false					patient			clinical/host-associated material	sink
GCA_047984705.1	SAMN45227835	Pseudomonas aeruginosa	PH2A-HHS-PATIENT-HUMAN-CONTEXT	Host_Context_SD	human-associated	human_host_evidence	human_host_evidence=false					patient			clinical/host-associated material	sink
GCA_051131935.1	SAMN18220765	Pseudomonas sp. Z6-20	PH2A-SITE-PLANT-SAMPLE-MATERIAL	Sample_Material_SD	plant material	plant_material_evidence	plant_material_evidence=false		Erodium acaule	337346				plant-associated material	plant-associated material	
GCA_054777395.1	SAMD00809654	Nocardiopsis oceani	PH2A-SITE-PLANT-SAMPLE-MATERIAL	Sample_Material_SD	plant material	plant_material_evidence	plant_material_evidence=false		Viridiplantae	33090				plant-associated material	PRR5pro:FLAG-PRR5-GFP/prr5	
GCA_947085225.1	SAMEA111451335	uncultured Caulobacteraceae bacterium	PH2A-SITE-PLANT-SAMPLE-MATERIAL	Sample_Material_SD	plant material	plant_material_evidence	plant_material_evidence=false		Viridiplantae	33090				plant-associated material	plant-associated material	
GCA_947085855.1	SAMEA111451332	uncultured Candidatus Saccharibacteria bacterium	PH2A-SITE-PLANT-SAMPLE-MATERIAL	Sample_Material_SD	plant material	plant_material_evidence	plant_material_evidence=false		Viridiplantae	33090				plant-associated material	plant-associated material	
GCA_002553115.1	SAMN07598649	Bacillus pseudomycoides	PH2A-SITE-PLANT-SAMPLE-MATERIAL	Sample_Material_SD	plant material	plant_material_evidence	plant_material_evidence=false		Viridiplantae	33090				plant-associated material	plant-associated material	cell culture
GCA_047979635.1	SAMN45227901	Pseudomonas aeruginosa	PH2A-HHS-PATIENT-HUMAN-CONTEXT	Host_Context_SD	human-associated	human_host_evidence	human_host_evidence=false					patient			clinical/host-associated material	sink
GCA_018388505.1	SAMN19069274	Pseudomonas syringae	PH2A-SITE-PLANT-SAMPLE-MATERIAL	Sample_Material_SD	plant material	plant_material_evidence	plant_material_evidence=false		Medicago sativa	3879				plant-associated material	plant-associated material	
GCA_004388925.1	SAMN03965302	Listeria monocytogenes	PH2A-SITE-PLANT-SAMPLE-MATERIAL	Sample_Material_SD	plant material	plant_material_evidence	plant_material_evidence=false							plant-associated material	environmental material	environmental sample
GCA_947085605.1	SAMEA111451397	uncultured Pseudomonas sp.	PH2A-SITE-PLANT-SAMPLE-MATERIAL	Sample_Material_SD	plant material	plant_material_evidence	plant_material_evidence=false		Viridiplantae	33090				plant-associated material	plant-associated material	
GCA_022527725.1	SAMN25988635	Citrobacter freundii	PH2A-HHS-PATIENT-HUMAN-CONTEXT	Host_Context_SD	human-associated	human_host_evidence	human_host_evidence=false					patient			healthcare-associated environment	hospital wastewater
GCA_007989025.1	SAMD00166037	Lapidilactobacillus concavus	PH2A-SITE-PLANT-SAMPLE-MATERIAL	Sample_Material_SD	plant material	plant_material_evidence	plant_material_evidence=false							plant-associated material		
GCA_009796005.1	SAMN09427541	Clavibacter michiganensis subsp. michiganensis	PH2A-SITE-PLANT-SAMPLE-MATERIAL	Sample_Material_SD	plant material	plant_material_evidence	plant_material_evidence=false		Solanum lycopersicum	4081				plant-associated material	plant-associated material	
GCA_015014335.1	SAMN15486406	Listeria monocytogenes	PH2A-SITE-PLANT-SAMPLE-MATERIAL	Sample_Material_SD	plant material	plant_material_evidence	plant_material_evidence=false		Aves	8782				plant-associated material	plant-associated material	drain
GCA_015015575.1	SAMN14091660	Listeria monocytogenes	PH2A-SITE-PLANT-SAMPLE-MATERIAL	Sample_Material_SD	plant material	plant_material_evidence	plant_material_evidence=false		Aves	8782				plant-associated material	plant-associated material	drain
GCA_050709975.1	SAMN47300690	Pseudomonas solani	PH2A-SITE-PLANT-SAMPLE-MATERIAL	Sample_Material_SD	plant material	plant_material_evidence	plant_material_evidence=false		Pisum sativum	3888				plant-associated material	plant-associated material	
GCA_025653355.1	SAMN25232832	Shewanella sp. SM96	PH2A-SITE-PLANT-SAMPLE-MATERIAL	Sample_Material_SD	plant material	plant_material_evidence	plant_material_evidence=false		Viridiplantae	33090				plant-associated material	plant-associated material	
GCA_025653595.1	SAMN25232831	Shewanella sp. SM95	PH2A-SITE-PLANT-SAMPLE-MATERIAL	Sample_Material_SD	plant material	plant_material_evidence	plant_material_evidence=false		Viridiplantae	33090				plant-associated material	plant-associated material	
GCA_022527565.1	SAMN25988472	Citrobacter freundii	PH2A-HHS-PATIENT-HUMAN-CONTEXT	Host_Context_SD	human-associated	human_host_evidence	human_host_evidence=false					patient			healthcare-associated environment	hospital wastewater
GCA_022531345.1	SAMN25989388	Klebsiella pneumoniae	PH2A-HHS-PATIENT-HUMAN-CONTEXT	Host_Context_SD	human-associated	human_host_evidence	human_host_evidence=false					patient			healthcare-associated environment	hospital wastewater
GCA_022534775.1	SAMN25989354	Klebsiella pneumoniae	PH2A-HHS-PATIENT-HUMAN-CONTEXT	Host_Context_SD	human-associated	human_host_evidence	human_host_evidence=false					patient			healthcare-associated environment	hospital wastewater
GCA_000512485.1	SAMN02352514	Pseudomonas chlororaphis YL-1	PH2A-SITE-PLANT-SAMPLE-MATERIAL	Sample_Material_SD	plant material	plant_material_evidence	plant_material_evidence=false		Viridiplantae	33090				plant-associated material	plant-associated material	
GCA_022522985.1	SAMN25989829	Klebsiella pneumoniae	PH2A-HHS-PATIENT-HUMAN-CONTEXT	Host_Context_SD	human-associated	human_host_evidence	human_host_evidence=false					patient			healthcare-associated environment	hospital wastewater
GCA_022528425.1	SAMN25989530	Klebsiella pneumoniae	PH2A-HHS-PATIENT-HUMAN-CONTEXT	Host_Context_SD	human-associated	human_host_evidence	human_host_evidence=false					patient			healthcare-associated environment	hospital wastewater
GCA_022528505.1	SAMN25989523	Klebsiella pneumoniae	PH2A-HHS-PATIENT-HUMAN-CONTEXT	Host_Context_SD	human-associated	human_host_evidence	human_host_evidence=false					patient			healthcare-associated environment	hospital wastewater
GCA_022530205.1	SAMN25988847	Klebsiella pneumoniae	PH2A-HHS-PATIENT-HUMAN-CONTEXT	Host_Context_SD	human-associated	human_host_evidence	human_host_evidence=false					patient			healthcare-associated environment	hospital wastewater
GCA_053827635.1	SAMEA120398595	Escherichia coli	PH2A-HHS-PATIENT-HUMAN-CONTEXT	Host_Context_SD	human-associated	human_host_evidence	human_host_evidence=false					patient			clinical/host-associated material	drain
GCA_002567755.1	SAMN07598312	Bacillus anthracis	PH2A-SITE-PLANT-SAMPLE-MATERIAL	Sample_Material_SD	plant material	plant_material_evidence	plant_material_evidence=false		Viridiplantae	33090				plant-associated material	plant-associated material	cell culture
GCA_015117745.1	SAMN07807092	Escherichia coli	PH2A-SITE-PLANT-SAMPLE-MATERIAL	Sample_Material_SD	plant material	plant_material_evidence	plant_material_evidence=false		Bos taurus	9913				plant-associated material	plant-associated material	
GCA_053903225.1	SAMN27610208	Microbacterium sp. JZ70	PH2A-SITE-PLANT-SAMPLE-MATERIAL	Sample_Material_SD	plant material	plant_material_evidence	plant_material_evidence=false		Euphorbia granulata	1046465				plant-associated material	plant-associated material	
GCA_056738985.1	SAMN27610227	Bacillus sp. PK5-030	PH2A-SITE-PLANT-SAMPLE-MATERIAL	Sample_Material_SD	plant material	plant_material_evidence	plant_material_evidence=false		Tribulus terrestris	210369				plant-associated material	plant-associated material	
GCA_054792365.1	SAMN27610181	Arthrobacter sp. R4-81	PH2A-SITE-PLANT-SAMPLE-MATERIAL	Sample_Material_SD	plant material	plant_material_evidence	plant_material_evidence=false		Ifloga spicata	702251				plant-associated material	plant-associated material	
GCA_056738215.1	SAMN41787762	Xanthomonas citri pv. mangiferaeindicae	PH2A-SITE-PLANT-SAMPLE-MATERIAL	Sample_Material_SD	plant material	plant_material_evidence	plant_material_evidence=false		Mangifera indica	29780				plant-associated material	plant-associated material	microbial isolate
GCA_056867805.1	SAMN47254604	Xanthomonas citri pv. citri	PH2A-SITE-PLANT-SAMPLE-MATERIAL	Sample_Material_SD	plant material	plant_material_evidence	plant_material_evidence=false		Citrus	2706				plant-associated material	plant-associated material	
GCA_015014415.1	SAMN14091694	Listeria monocytogenes	PH2A-SITE-PLANT-SAMPLE-MATERIAL	Sample_Material_SD	plant material	plant_material_evidence	plant_material_evidence=false		Aves	8782				plant-associated material	plant-associated material	drain
GCA_015018675.1	SAMN14091695	Listeria monocytogenes	PH2A-SITE-PLANT-SAMPLE-MATERIAL	Sample_Material_SD	plant material	plant_material_evidence	plant_material_evidence=false		Aves	8782				plant-associated material	plant-associated material	drain
GCA_021893315.1	SAMN14372628	Lactiplantibacillus plantarum	PH2A-SITE-PLANT-SAMPLE-MATERIAL	Sample_Material_SD	plant material	plant_material_evidence	plant_material_evidence=false		Viridiplantae	33090				plant-associated material	plant-associated material	
GCA_021893325.1	SAMN14372625	Lactiplantibacillus plantarum	PH2A-SITE-PLANT-SAMPLE-MATERIAL	Sample_Material_SD	plant material	plant_material_evidence	plant_material_evidence=false		Viridiplantae	33090				plant-associated material	plant-associated material	
GCA_021894435.1	SAMN14372568	Lactiplantibacillus plantarum	PH2A-SITE-PLANT-SAMPLE-MATERIAL	Sample_Material_SD	plant material	plant_material_evidence	plant_material_evidence=false		Viridiplantae	33090				plant-associated material	plant-associated material	
GCA_021892855.1	SAMN14372649	Lactiplantibacillus plantarum	PH2A-SITE-PLANT-SAMPLE-MATERIAL	Sample_Material_SD	plant material	plant_material_evidence	plant_material_evidence=false		Viridiplantae	33090				plant-associated material	plant-associated material	
GCA_023631245.1	SAMN26211600	Caballeronia sp. INSB1	PH2A-SITE-PLANT-SAMPLE-MATERIAL	Sample_Material_SD	plant material	plant_material_evidence	plant_material_evidence=false		Anasa tristis	236421				plant-associated material	plant-associated material	gut content
GCA_047979375.1	SAMN45227908	Pseudomonas aeruginosa	PH2A-HHS-PATIENT-HUMAN-CONTEXT	Host_Context_SD	human-associated	human_host_evidence	human_host_evidence=false					patient			clinical/host-associated material	sink
GCA_054161485.1	SAMN27610242	Pseudomonas sp. R3-41	PH2A-SITE-PLANT-SAMPLE-MATERIAL	Sample_Material_SD	plant material	plant_material_evidence	plant_material_evidence=false		Bassia eriophora	267525				plant-associated material	plant-associated material	
GCA_002555555.1	SAMN07597398	Bacillus wiedmannii	PH2A-SITE-PLANT-SAMPLE-MATERIAL	Sample_Material_SD	plant material	plant_material_evidence	plant_material_evidence=false		Viridiplantae	33090				plant-associated material	plant-associated material	cell culture
GCA_004118035.1	SAMN05982126	Bacillus velezensis	PH2A-SITE-PLANT-SAMPLE-MATERIAL	Sample_Material_SD	plant material	plant_material_evidence	plant_material_evidence=false		Punica granatum	22663				plant-associated material	plant-associated material	
GCA_015015935.1	SAMN14091612	Listeria monocytogenes	PH2A-SITE-PLANT-SAMPLE-MATERIAL	Sample_Material_SD	plant material	plant_material_evidence	plant_material_evidence=false		Aves	8782				plant-associated material	plant-associated material	drain
GCA_048565175.1	SAMN47224372	Burkholderia gladioli	PH2A-SITE-PLANT-SAMPLE-MATERIAL	Sample_Material_SD	plant material	plant_material_evidence	plant_material_evidence=false		Viridiplantae	33090				plant-associated material	plant-associated material	
GCA_048452885.1	SAMN45872821	Pseudomonas citrulli	PH2A-SITE-PLANT-SAMPLE-MATERIAL	Sample_Material_SD	plant material	plant_material_evidence	plant_material_evidence=false		Zea mays	4577				plant-associated material	plant-associated material	
GCA_022528725.1	SAMN25989521	Klebsiella pneumoniae	PH2A-HHS-PATIENT-HUMAN-CONTEXT	Host_Context_SD	human-associated	human_host_evidence	human_host_evidence=false					patient			healthcare-associated environment	hospital wastewater
GCA_022528765.1	SAMN25989474	Klebsiella pneumoniae	PH2A-HHS-PATIENT-HUMAN-CONTEXT	Host_Context_SD	human-associated	human_host_evidence	human_host_evidence=false					patient			healthcare-associated environment	hospital wastewater
GCA_002567415.1	SAMN07598341	Bacillus cereus	PH2A-SITE-PLANT-SAMPLE-MATERIAL	Sample_Material_SD	plant material	plant_material_evidence	plant_material_evidence=false		Viridiplantae	33090				plant-associated material	plant-associated material	cell culture
GCA_022531685.1	SAMN25989249	Citrobacter freundii	PH2A-HHS-PATIENT-HUMAN-CONTEXT	Host_Context_SD	human-associated	human_host_evidence	human_host_evidence=false					patient			healthcare-associated environment	hospital wastewater
GCA_022518265.1	SAMN25989417	Citrobacter freundii	PH2A-HHS-PATIENT-HUMAN-CONTEXT	Host_Context_SD	human-associated	human_host_evidence	human_host_evidence=false					patient			healthcare-associated environment	hospital wastewater
GCA_022869005.1	SAMN27270214	Corynebacterium kalidii	PH2A-SITE-PLANT-SAMPLE-MATERIAL	Sample_Material_SD	plant material	plant_material_evidence	plant_material_evidence=false		Viridiplantae	33090				plant-associated material	plant-associated material	
GCA_022533165.1	SAMN25989066	Citrobacter freundii	PH2A-HHS-PATIENT-HUMAN-CONTEXT	Host_Context_SD	human-associated	human_host_evidence	human_host_evidence=false					patient			healthcare-associated environment	hospital wastewater
GCA_015014575.1	SAMN14091699	Listeria monocytogenes	PH2A-SITE-PLANT-SAMPLE-MATERIAL	Sample_Material_SD	plant material	plant_material_evidence	plant_material_evidence=false		Aves	8782				plant-associated material	plant-associated material	drain
GCA_016680545.1	SAMN17166581	Klebsiella pneumoniae	PH2A-SITE-CATHETER-DEVICE	Sample_Collection_Device_SD	catheter	collection_device_evidence	collection_device_evidence=false		Homo sapiens	9606				catheter	clinical/host-associated material	
GCA_002577665.1	SAMN07597920	Bacillus cereus	PH2A-SITE-PLANT-SAMPLE-MATERIAL	Sample_Material_SD	plant material	plant_material_evidence	plant_material_evidence=false		oats	4498				plant-associated material	plant-associated material	
GCA_008371195.1	SAMN12715320	Salmonella enterica subsp. enterica serovar Dublin	PH2A-SITE-PLANT-SAMPLE-MATERIAL	Sample_Material_SD	plant material	plant_material_evidence	plant_material_evidence=false		Viridiplantae	33090				plant-associated material	plant-associated material	
GCA_015018715.1	SAMN14091601	Listeria monocytogenes	PH2A-SITE-PLANT-SAMPLE-MATERIAL	Sample_Material_SD	plant material	plant_material_evidence	plant_material_evidence=false							plant-associated material	plant-associated material	
GCA_015021915.1	SAMN14091697	Listeria monocytogenes	PH2A-SITE-PLANT-SAMPLE-MATERIAL	Sample_Material_SD	plant material	plant_material_evidence	plant_material_evidence=false							plant-associated material	plant-associated material	
GCA_039668625.1	SAMN40017594	Listeria monocytogenes	PH2A-SITE-PLANT-SAMPLE-MATERIAL	Sample_Material_SD	plant material	plant_material_evidence	plant_material_evidence=false							plant-associated material	plant-associated material	meat product
GCA_039668785.1	SAMN40017592	Listeria monocytogenes	PH2A-SITE-PLANT-SAMPLE-MATERIAL	Sample_Material_SD	plant material	plant_material_evidence	plant_material_evidence=false							plant-associated material	plant-associated material	meat product
GCA_047985055.1	SAMN45227825	Pseudomonas aeruginosa	PH2A-HHS-PATIENT-HUMAN-CONTEXT	Host_Context_SD	human-associated	human_host_evidence	human_host_evidence=false					patient			clinical/host-associated material	sink
GCA_051949295.1	SAMN41787772	Xanthomonas citri pv. mangiferaeindicae	PH2A-SITE-PLANT-SAMPLE-MATERIAL	Sample_Material_SD	plant material	plant_material_evidence	plant_material_evidence=false		Mangifera indica	29780				plant-associated material	plant-associated material	microbial isolate
GCA_054130985.1	SAMN27610182	Pseudomonas sp. R4-84	PH2A-SITE-PLANT-SAMPLE-MATERIAL	Sample_Material_SD	plant material	plant_material_evidence	plant_material_evidence=false		Ifloga spicata	702251				plant-associated material	plant-associated material	
GCA_018085225.1	SAMN18530112	Escherichia coli O128ac:H12	PH2A-SITE-PLANT-SAMPLE-MATERIAL	Sample_Material_SD	plant material	plant_material_evidence	plant_material_evidence=false		Bos taurus	9913				plant-associated material	plant-associated material	
GCA_022529025.1	SAMN25989163	Citrobacter freundii	PH2A-HHS-PATIENT-HUMAN-CONTEXT	Host_Context_SD	human-associated	human_host_evidence	human_host_evidence=false					patient			healthcare-associated environment	hospital wastewater
GCA_036345035.1	SAMN30553150	Streptomyces pseudovenezuelae	PH2A-SITE-PLANT-SAMPLE-MATERIAL	Sample_Material_SD	plant material	plant_material_evidence	plant_material_evidence=false		Viridiplantae	33090				plant-associated material	plant-associated material	
GCA_002581325.1	SAMN07598054	Bacillus toyonensis	PH2A-SITE-PLANT-SAMPLE-MATERIAL	Sample_Material_SD	plant material	plant_material_evidence	plant_material_evidence=false		Triticum aestivum	4565				plant-associated material	plant-associated material	
GCA_051131925.1	SAMN18220764	Pseudomonas sp. Z6-14	PH2A-SITE-PLANT-SAMPLE-MATERIAL	Sample_Material_SD	plant material	plant_material_evidence	plant_material_evidence=false		Erodium acaule	337346				plant-associated material	plant-associated material	
GCA_018383755.1	SAMN19068161	Pseudomonas syringae	PH2A-SITE-PLANT-SAMPLE-MATERIAL	Sample_Material_SD	plant material	plant_material_evidence	plant_material_evidence=false		Medicago sativa	3879				plant-associated material	plant-associated material	
GCA_051949955.1	SAMN41787741	Xanthomonas citri pv. mangiferaeindicae	PH2A-SITE-PLANT-SAMPLE-MATERIAL	Sample_Material_SD	plant material	plant_material_evidence	plant_material_evidence=false		Mangifera indica	29780				plant-associated material	plant-associated material	microbial isolate
GCA_047777895.1	SAMN46555884	Methylomonas sp. TEB	PH2A-SITE-PLANT-SAMPLE-MATERIAL	Sample_Material_SD	plant material	plant_material_evidence	plant_material_evidence=false		Viridiplantae	33090				plant-associated material	plant-associated material	cell culture
GCA_020092225.1	SAMN19960601	Streptomyces olivaceus	PH2A-SITE-PLANT-SAMPLE-MATERIAL	Sample_Material_SD	plant material	plant_material_evidence	plant_material_evidence=false		Viridiplantae	33090				plant-associated material	plant-associated material	plant tissue
GCA_021893395.1	SAMN14372623	Lactiplantibacillus plantarum	PH2A-SITE-PLANT-SAMPLE-MATERIAL	Sample_Material_SD	plant material	plant_material_evidence	plant_material_evidence=false		Viridiplantae	33090				plant-associated material	plant-associated material	
GCA_025653375.1	SAMN25232835	Shewanella sp. SW29	PH2A-SITE-PLANT-SAMPLE-MATERIAL	Sample_Material_SD	plant material	plant_material_evidence	plant_material_evidence=false		Viridiplantae	33090				plant-associated material	plant-associated material	
GCA_002559715.1	SAMN07597616	Bacillus cereus	PH2A-SITE-PLANT-SAMPLE-MATERIAL	Sample_Material_SD	plant material	plant_material_evidence	plant_material_evidence=false		Viridiplantae	33090				plant-associated material	plant-associated material	cell culture
GCA_056847555.1	SAMN47254627	Xanthomonas citri pv. glycines	PH2A-SITE-PLANT-SAMPLE-MATERIAL	Sample_Material_SD	plant material	plant_material_evidence	plant_material_evidence=false		Glycine max	3847				plant-associated material	plant-associated material	
GCA_019083835.1	SAMN19813355	Pseudomonas viridiflava	PH2A-SITE-PLANT-SAMPLE-MATERIAL	Sample_Material_SD	plant material	plant_material_evidence	plant_material_evidence=false		Medicago sativa	3879				plant-associated material	plant-associated material	
GCA_022518045.1	SAMN25988838	Klebsiella pneumoniae	PH2A-HHS-PATIENT-HUMAN-CONTEXT	Host_Context_SD	human-associated	human_host_evidence	human_host_evidence=false					patient			healthcare-associated environment	hospital wastewater
GCA_022529865.1	SAMN25988822	Klebsiella pneumoniae	PH2A-HHS-PATIENT-HUMAN-CONTEXT	Host_Context_SD	human-associated	human_host_evidence	human_host_evidence=false					patient			healthcare-associated environment	hospital wastewater
GCA_022522965.1	SAMN25989830	Klebsiella pneumoniae	PH2A-HHS-PATIENT-HUMAN-CONTEXT	Host_Context_SD	human-associated	human_host_evidence	human_host_evidence=false					patient			healthcare-associated environment	hospital wastewater
GCA_022525725.1	SAMN25988659	Klebsiella pneumoniae	PH2A-HHS-PATIENT-HUMAN-CONTEXT	Host_Context_SD	human-associated	human_host_evidence	human_host_evidence=false					patient			healthcare-associated environment	hospital wastewater
GCA_022534355.1	SAMN25988802	Klebsiella pneumoniae	PH2A-HHS-PATIENT-HUMAN-CONTEXT	Host_Context_SD	human-associated	human_host_evidence	human_host_evidence=false					patient			healthcare-associated environment	hospital wastewater
GCA_022529405.1	SAMN25989025	Klebsiella oxytoca	PH2A-HHS-PATIENT-HUMAN-CONTEXT	Host_Context_SD	human-associated	human_host_evidence	human_host_evidence=false					patient			healthcare-associated environment	hospital wastewater
GCA_022535455.1	SAMN25989586	Klebsiella pneumoniae	PH2A-HHS-PATIENT-HUMAN-CONTEXT	Host_Context_SD	human-associated	human_host_evidence	human_host_evidence=false					patient			healthcare-associated environment	hospital wastewater
GCA_900478745.1	SAMEA2784376	Pseudomonas aeruginosa	PH2A-SITE-PLANT-SAMPLE-MATERIAL	Sample_Material_SD	plant material	plant_material_evidence	plant_material_evidence=false		Nicotiana tabacum	4097				plant-associated material	plant-associated material	
GCA_015015535.1	SAMN14091664	Listeria monocytogenes	PH2A-SITE-PLANT-SAMPLE-MATERIAL	Sample_Material_SD	plant material	plant_material_evidence	plant_material_evidence=false		Aves	8782				plant-associated material	plant-associated material	drain
GCA_015015715.1	SAMN14091678	Listeria monocytogenes	PH2A-SITE-PLANT-SAMPLE-MATERIAL	Sample_Material_SD	plant material	plant_material_evidence	plant_material_evidence=false		Aves	8782				plant-associated material	plant-associated material	drain
GCA_015020905.1	SAMN14091703	Listeria monocytogenes	PH2A-SITE-PLANT-SAMPLE-MATERIAL	Sample_Material_SD	plant material	plant_material_evidence	plant_material_evidence=false		Aves	8782				plant-associated material	plant-associated material	drain
GCA_015021795.1	SAMN14091620	Listeria monocytogenes	PH2A-SITE-PLANT-SAMPLE-MATERIAL	Sample_Material_SD	plant material	plant_material_evidence	plant_material_evidence=false		Aves	8782				plant-associated material	plant-associated material	drain
GCA_020093335.1	SAMN21169462	Pseudomonas fluorescens group sp.	PH2A-SITE-PLANT-SAMPLE-MATERIAL	Sample_Material_SD	plant material	plant_material_evidence	plant_material_evidence=false		Sugar beet	3555				plant-associated material	plant-associated material	
GCA_022534875.1	SAMN25988657	Citrobacter freundii	PH2A-HHS-PATIENT-HUMAN-CONTEXT	Host_Context_SD	human-associated	human_host_evidence	human_host_evidence=false					patient			healthcare-associated environment	hospital wastewater
GCA_056738265.1	SAMN41787747	Xanthomonas citri pv. mangiferaeindicae	PH2A-SITE-PLANT-SAMPLE-MATERIAL	Sample_Material_SD	plant material	plant_material_evidence	plant_material_evidence=false		Mangifera indica	29780				plant-associated material	plant-associated material	microbial isolate
GCA_056867695.1	SAMN47254582	Xanthomonas citri pv. citri	PH2A-SITE-PLANT-SAMPLE-MATERIAL	Sample_Material_SD	plant material	plant_material_evidence	plant_material_evidence=false		Citrus	2706				plant-associated material	plant-associated material	
GCA_001692345.1	SAMN04901300	Agrobacterium rubi	PH2A-SITE-PLANT-SAMPLE-MATERIAL	Sample_Material_SD	plant material	plant_material_evidence	plant_material_evidence=false		euonymus	4306				plant-associated material	plant-associated material	
GCA_053762645.1	SAMN52659789	Bacillus sp. ESY92	PH2A-HHS-PATIENT-HUMAN-CONTEXT	Host_Context_SD	human-associated	human_host_evidence	human_host_evidence=false					patient			healthcare-associated environment	laboratory culture
GCA_051040165.1	SAMN37308754	Clavibacter michiganensis	PH2A-SITE-PLANT-SAMPLE-MATERIAL	Sample_Material_SD	plant material	plant_material_evidence	plant_material_evidence=false		Solanum lycopersicum	4081				plant-associated material	plant-associated material	cell culture
GCA_964425685.1	SAMEA117375451	uncultured Candidatus Peribacteria bacterium	PH2A-SITE-PLANT-SAMPLE-MATERIAL	Sample_Material_SD	plant material	plant_material_evidence	plant_material_evidence=false		Viridiplantae	33090				plant-associated material		
GCA_000264075.1	SAMN02472172	Dickeya zeae ZJU1202	PH2A-SITE-PLANT-SAMPLE-MATERIAL	Sample_Material_SD	plant material	plant_material_evidence	plant_material_evidence=false		Oryza sativa	4530				plant-associated material	plant-associated material	
GCA_000331895.1	SAMN02469797	Ralstonia solanacearum FJAT-1458	PH2A-SITE-PLANT-SAMPLE-MATERIAL	Sample_Material_SD	plant material	plant_material_evidence	plant_material_evidence=false		Solanum lycopersicum	4081		healthy	healthy/no disease reported	plant-associated material	plant-associated material	
GCA_023631485.1	SAMN26211590	Caballeronia sp. GAFFF2	PH2A-SITE-PLANT-SAMPLE-MATERIAL	Sample_Material_SD	plant material	plant_material_evidence	plant_material_evidence=false		Anasa tristis	236421				plant-associated material	plant-associated material	gut content
GCA_015018175.1	SAMN14091649	Listeria monocytogenes	PH2A-SITE-PLANT-SAMPLE-MATERIAL	Sample_Material_SD	plant material	plant_material_evidence	plant_material_evidence=false							plant-associated material	plant-associated material	
GCA_015020235.1	SAMN14091610	Listeria monocytogenes	PH2A-SITE-PLANT-SAMPLE-MATERIAL	Sample_Material_SD	plant material	plant_material_evidence	plant_material_evidence=false							plant-associated material	plant-associated material	
GCA_023630745.1	SAMN26211624	Caballeronia sp. ASUFL_M2_KS1A	PH2A-SITE-PLANT-SAMPLE-MATERIAL	Sample_Material_SD	plant material	plant_material_evidence	plant_material_evidence=false		Anasa scorbutica	2714318				plant-associated material	plant-associated material	gut content
GCA_039668495.1	SAMN40017601	Listeria welshimeri	PH2A-SITE-PLANT-SAMPLE-MATERIAL	Sample_Material_SD	plant material	plant_material_evidence	plant_material_evidence=false							plant-associated material	plant-associated material	meat product
GCA_047985715.1	SAMN45227807	Pseudomonas aeruginosa	PH2A-HHS-PATIENT-HUMAN-CONTEXT	Host_Context_SD	human-associated	human_host_evidence	human_host_evidence=false					patient			clinical/host-associated material	sink
GCA_051132135.1	SAMN18220743	Pseudomonas sp. R1-1	PH2A-SITE-PLANT-SAMPLE-MATERIAL	Sample_Material_SD	plant material	plant_material_evidence	plant_material_evidence=false		Plantago cylindrica	1928669				plant-associated material	plant-associated material	
GCA_056867745.1	SAMN47254591	Xanthomonas citri pv. citri	PH2A-SITE-PLANT-SAMPLE-MATERIAL	Sample_Material_SD	plant material	plant_material_evidence	plant_material_evidence=false		Viridiplantae	33090				plant-associated material	plant-associated material	
GCA_002151005.1	SAMN05439590	Clavibacter michiganensis subsp. michiganensis	PH2A-SITE-PLANT-SAMPLE-MATERIAL	Sample_Material_SD	plant material	plant_material_evidence	plant_material_evidence=false		Solanum lycopersicum	4081				plant-associated material	plant-associated material	
GCA_017969125.1	SAMN12730699	Streptomyces acidiscabies	PH2A-SITE-PLANT-SAMPLE-MATERIAL	Sample_Material_SD	plant material	plant_material_evidence	plant_material_evidence=false		Solanum tuberosum	4113				plant-associated material	plant-associated material	
GCA_022527625.1	SAMN25988667	Citrobacter freundii	PH2A-HHS-PATIENT-HUMAN-CONTEXT	Host_Context_SD	human-associated	human_host_evidence	human_host_evidence=false					patient			healthcare-associated environment	hospital wastewater
GCA_022527765.1	SAMN25988630	Citrobacter freundii	PH2A-HHS-PATIENT-HUMAN-CONTEXT	Host_Context_SD	human-associated	human_host_evidence	human_host_evidence=false					patient			healthcare-associated environment	hospital wastewater
GCA_022696175.1	SAMN08580402	Bacillus cereus	PH2A-SITE-PLANT-SAMPLE-MATERIAL	Sample_Material_SD	plant material	plant_material_evidence	plant_material_evidence=false		Tetraena simplex	2499693				plant-associated material	plant-associated material	
GCA_045161755.1	SAMN24016277	Streptomyces sp. NBC_00728	PH2A-SITE-PLANT-SAMPLE-MATERIAL	Sample_Material_SD	plant material	plant_material_evidence	plant_material_evidence=false		Viridiplantae	33090				plant-associated material	plant-associated material	
GCA_053903195.1	SAMN27610205	Bacillus sp. JZ33	PH2A-SITE-PLANT-SAMPLE-MATERIAL	Sample_Material_SD	plant material	plant_material_evidence	plant_material_evidence=false		Euphorbia granulata	1046465				plant-associated material	plant-associated material	
GCA_056530415.1	SAMN27610241	Bacillus sp. R2-23	PH2A-SITE-PLANT-SAMPLE-MATERIAL	Sample_Material_SD	plant material	plant_material_evidence	plant_material_evidence=false		Astragalus tribuloides	20425				plant-associated material	plant-associated material	
GCA_947084845.1	SAMEA111451320	uncultured Bryobacteraceae bacterium	PH2A-SITE-PLANT-SAMPLE-MATERIAL	Sample_Material_SD	plant material	plant_material_evidence	plant_material_evidence=false		Viridiplantae	33090				plant-associated material	plant-associated material	
GCA_008245125.1	SAMN11158136	Achromobacter insolitus	PH2A-SITE-PLANT-SAMPLE-MATERIAL	Sample_Material_SD	plant material	plant_material_evidence	plant_material_evidence=false		Medicago sativa	3879				plant-associated material	plant-associated material	cell culture
GCA_036226865.1	SAMN30553175	Streptomyces sp. NBC_00664	PH2A-SITE-PLANT-SAMPLE-MATERIAL	Sample_Material_SD	plant material	plant_material_evidence	plant_material_evidence=false		Viridiplantae	33090				plant-associated material	plant-associated material	
GCA_036541425.1	SAMN38375821	Consotaella aegiceratis	PH2A-SITE-PLANT-SAMPLE-MATERIAL	Sample_Material_SD	plant material	plant_material_evidence	plant_material_evidence=false		Viridiplantae	33090				plant-associated material	plant-associated material	
GCA_053903155.1	SAMN27610200	Bacillus sp. JZ76	PH2A-SITE-PLANT-SAMPLE-MATERIAL	Sample_Material_SD	plant material	plant_material_evidence	plant_material_evidence=false		Tribulus terrestris	210369				plant-associated material	plant-associated material	
GCA_056850445.1	SAMN47254687	Xanthomonas citri pv. malvacearum	PH2A-SITE-PLANT-SAMPLE-MATERIAL	Sample_Material_SD	plant material	plant_material_evidence	plant_material_evidence=false		Gossypium hirsutum	3635				plant-associated material	plant-associated material	
GCA_000633255.1	SAMN02729852	Pseudomonas sp. H1h	PH2A-SITE-PLANT-SAMPLE-MATERIAL	Sample_Material_SD	plant material	plant_material_evidence	plant_material_evidence=false		Viridiplantae	33090				plant-associated material	plant-associated material	
GCA_000800685.1	SAMN03104821	Pseudomonas syringae	PH2A-SITE-PLANT-SAMPLE-MATERIAL	Sample_Material_SD	plant material	plant_material_evidence	plant_material_evidence=false		Viridiplantae	33090				plant-associated material	plant-associated material	
GCA_028443525.1	SAMN29993108	Acinetobacter baumannii	PH2A-SITE-PLANT-SAMPLE-MATERIAL	Sample_Material_SD	plant material	plant_material_evidence	plant_material_evidence=false		Viridiplantae	33090				plant-associated material	plant-associated material	
GCA_055632475.1	SAMN53337875	Pseudomonas benzopyrenica	PH2A-SITE-PLANT-SAMPLE-MATERIAL	Sample_Material_SD	plant material	plant_material_evidence	plant_material_evidence=false		Viridiplantae	33090				plant-associated material	plant-associated material	
GCA_001854145.2	SAMN05722944	Xanthomonas citri pv. glycines str. 8ra	PH2A-SITE-PLANT-SAMPLE-MATERIAL	Sample_Material_SD	plant material	plant_material_evidence	plant_material_evidence=false		Glycine max	3847				plant-associated material	plant-associated material	single cell
GCA_029888055.1	SAMN34274328	Listeria monocytogenes	PH2A-SITE-PLANT-SAMPLE-MATERIAL	Sample_Material_SD	plant material	plant_material_evidence	plant_material_evidence=false							plant-associated material	plant-associated material	environmental swab
GCA_020557085.1	SAMN16124473	Enterococcus faecium	PH2A-HHS-PATIENT-HUMAN-CONTEXT	Host_Context_SD	human-associated	human_host_evidence	human_host_evidence=false					patient				
GCA_022520465.1	SAMN25989370	Citrobacter freundii	PH2A-HHS-PATIENT-HUMAN-CONTEXT	Host_Context_SD	human-associated	human_host_evidence	human_host_evidence=false					patient			healthcare-associated environment	hospital wastewater
GCA_029524165.1	SAMN32950830	Pectobacterium polaris	PH2A-SITE-PLANT-SAMPLE-MATERIAL	Sample_Material_SD	plant material	plant_material_evidence	plant_material_evidence=false		Solanum tuberosum	4113				plant-associated material		
GCA_051949935.1	SAMN41787742	Xanthomonas citri pv. mangiferaeindicae	PH2A-SITE-PLANT-SAMPLE-MATERIAL	Sample_Material_SD	plant material	plant_material_evidence	plant_material_evidence=false		Mangifera indica	29780				plant-associated material	plant-associated material	microbial isolate
GCA_022532805.1	SAMN25990031	Klebsiella pneumoniae	PH2A-HHS-PATIENT-HUMAN-CONTEXT	Host_Context_SD	human-associated	human_host_evidence	human_host_evidence=false					patient			healthcare-associated environment	hospital wastewater
GCA_022453765.1	SAMN26182822	Pseudomonas aeruginosa	PH2A-SITE-PLANT-SAMPLE-MATERIAL	Sample_Material_SD	plant material	plant_material_evidence	plant_material_evidence=false		Viridiplantae	33090				plant-associated material	plant-associated material	
GCA_022518635.1	SAMN25989078	Klebsiella pneumoniae	PH2A-HHS-PATIENT-HUMAN-CONTEXT	Host_Context_SD	human-associated	human_host_evidence	human_host_evidence=false					patient			healthcare-associated environment	hospital wastewater
GCA_022533185.1	SAMN25989129	Klebsiella pneumoniae	PH2A-HHS-PATIENT-HUMAN-CONTEXT	Host_Context_SD	human-associated	human_host_evidence	human_host_evidence=false					patient			healthcare-associated environment	hospital wastewater
GCA_022536395.1	SAMN25988652	Klebsiella pneumoniae	PH2A-HHS-PATIENT-HUMAN-CONTEXT	Host_Context_SD	human-associated	human_host_evidence	human_host_evidence=false					patient			healthcare-associated environment	hospital wastewater
GCA_002561655.1	SAMN07597393	Bacillus cereus	PH2A-SITE-PLANT-SAMPLE-MATERIAL	Sample_Material_SD	plant material	plant_material_evidence	plant_material_evidence=false		Zea mays	4577				plant-associated material	plant-associated material	
GCA_013302945.1	SAMN14933651	Streptomyces sp. 8P21H-1	PH2A-SITE-PLANT-SAMPLE-MATERIAL	Sample_Material_SD	plant material	plant_material_evidence	plant_material_evidence=false		Viridiplantae	33090				plant-associated material	plant-associated material	
GCA_022520085.1	SAMN25989533	Citrobacter freundii	PH2A-HHS-PATIENT-HUMAN-CONTEXT	Host_Context_SD	human-associated	human_host_evidence	human_host_evidence=false					patient			healthcare-associated environment	hospital wastewater
GCA_032913585.1	SAMN34237362	Gluconobacter sp. GP1	PH2A-SITE-PLANT-SAMPLE-MATERIAL	Sample_Material_SD	plant material	plant_material_evidence	plant_material_evidence=false		Vitis vinifera	29760				plant-associated material	plant-associated material	culture
GCA_002550435.1	SAMN07598661	Bacillus cereus	PH2A-SITE-PLANT-SAMPLE-MATERIAL	Sample_Material_SD	plant material	plant_material_evidence	plant_material_evidence=false		Viridiplantae	33090				plant-associated material	plant-associated material	cell culture
GCA_051028255.1	SAMN17601318	Xanthomonas boreopolis	PH2A-SITE-PLANT-SAMPLE-MATERIAL	Sample_Material_SD	plant material	plant_material_evidence	plant_material_evidence=false		Euphorbia granulata	1046465				plant-associated material	plant-associated material	
GCA_036226765.1	SAMN30553179	Streptomyces sp. NBC_00670	PH2A-SITE-PLANT-SAMPLE-MATERIAL	Sample_Material_SD	plant material	plant_material_evidence	plant_material_evidence=false		Viridiplantae	33090				plant-associated material	plant-associated material	
GCA_054792385.1	SAMN27610188	Pseudomonas sp. SA233	PH2A-SITE-PLANT-SAMPLE-MATERIAL	Sample_Material_SD	plant material	plant_material_evidence	plant_material_evidence=false		Indigofera argentea	198858				plant-associated material	plant-associated material	
GCA_015015675.1	SAMN14091680	Listeria monocytogenes	PH2A-SITE-PLANT-SAMPLE-MATERIAL	Sample_Material_SD	plant material	plant_material_evidence	plant_material_evidence=false		Aves	8782				plant-associated material	plant-associated material	drain
GCA_056867785.1	SAMN47254599	Xanthomonas citri pv. citri	PH2A-SITE-PLANT-SAMPLE-MATERIAL	Sample_Material_SD	plant material	plant_material_evidence	plant_material_evidence=false		Viridiplantae	33090				plant-associated material	plant-associated material	
GCA_002564545.1	SAMN07598560	Bacillus thuringiensis	PH2A-SITE-PLANT-SAMPLE-MATERIAL	Sample_Material_SD	plant material	plant_material_evidence	plant_material_evidence=false		Viridiplantae	33090				plant-associated material	plant-associated material	cell culture
GCA_039668635.1	SAMN40017598	Listeria monocytogenes	PH2A-SITE-PLANT-SAMPLE-MATERIAL	Sample_Material_SD	plant material	plant_material_evidence	plant_material_evidence=false							plant-associated material	plant-associated material	meat product
GCA_047984855.1	SAMN45227831	Pseudomonas aeruginosa	PH2A-HHS-PATIENT-HUMAN-CONTEXT	Host_Context_SD	human-associated	human_host_evidence	human_host_evidence=false					patient			clinical/host-associated material	sink
GCA_051131955.1	SAMN18220762	Pseudomonas sp. Z4-20	PH2A-SITE-PLANT-SAMPLE-MATERIAL	Sample_Material_SD	plant material	plant_material_evidence	plant_material_evidence=false		Pallenis hierochuntica	73980				plant-associated material	plant-associated material	
GCA_054161315.1	SAMN27610194	Pseudomonas sp. Z2-20	PH2A-SITE-PLANT-SAMPLE-MATERIAL	Sample_Material_SD	plant material	plant_material_evidence	plant_material_evidence=false		Gagea reticulata	319178				plant-associated material	plant-associated material	
GCA_002576485.1	SAMN07597968	Bacillus thuringiensis	PH2A-SITE-PLANT-SAMPLE-MATERIAL	Sample_Material_SD	plant material	plant_material_evidence	plant_material_evidence=false		Viridiplantae	33090				plant-associated material	plant-associated material	cell culture
GCA_002584305.1	SAMN07597857	Bacillus cereus	PH2A-SITE-PLANT-SAMPLE-MATERIAL	Sample_Material_SD	plant material	plant_material_evidence	plant_material_evidence=false		Viridiplantae	33090				plant-associated material	plant-associated material	cell culture
GCA_021498265.1	SAMN12405231	Rahnella aquatilis	PH2A-SITE-PLANT-SAMPLE-MATERIAL	Sample_Material_SD	plant material	plant_material_evidence	plant_material_evidence=false		Hyacinthus	82024				plant-associated material	hyacinth bulb, basal plate	
GCA_002151055.1	SAMN05439584	Clavibacter michiganensis subsp. michiganensis	PH2A-SITE-PLANT-SAMPLE-MATERIAL	Sample_Material_SD	plant material	plant_material_evidence	plant_material_evidence=false		Solanum lycopersicum	4081				plant-associated material	plant-associated material	
GCA_055305435.1	SAMN27610216	Bacillus sp. PK3-045	PH2A-SITE-PLANT-SAMPLE-MATERIAL	Sample_Material_SD	plant material	plant_material_evidence	plant_material_evidence=false		Janochloa antidotale	3031383				plant-associated material	plant-associated material	
GCA_002567995.1	SAMN07598278	Bacillus thuringiensis	PH2A-SITE-PLANT-SAMPLE-MATERIAL	Sample_Material_SD	plant material	plant_material_evidence	plant_material_evidence=false		Viridiplantae	33090				plant-associated material	plant-associated material	cell culture
GCA_051132175.1	SAMN18220738	Pseudomonas sp. D3-10	PH2A-SITE-PLANT-SAMPLE-MATERIAL	Sample_Material_SD	plant material	plant_material_evidence	plant_material_evidence=false		Plantago cylindrica	1928669				plant-associated material	plant-associated material	
GCA_000970525.1	SAMN03329628	Listeria monocytogenes	PH2A-SITE-PLANT-SAMPLE-MATERIAL	Sample_Material_SD	plant material	plant_material_evidence	plant_material_evidence=false							plant-associated material	plant-associated material	meat product
GCA_028443485.1	SAMN29993109	Acinetobacter baumannii	PH2A-SITE-PLANT-SAMPLE-MATERIAL	Sample_Material_SD	plant material	plant_material_evidence	plant_material_evidence=false		Viridiplantae	33090				plant-associated material	plant-associated material	
GCA_023521635.1	SAMN08362825	Bacillus subtilis	PH2A-SITE-PLANT-SAMPLE-MATERIAL	Sample_Material_SD	plant material	plant_material_evidence	plant_material_evidence=false		Tetraena simplex	2499693				plant-associated material	plant-associated material	
