assembly_accession	biosample	organism	decision	reason	Host	Host_Original	Host_SD	Host_TaxID	Host_Context_SD	Sampling_Context_SD	Host_Colonization_Status_SD	Host_Vital_Status_SD	Sample_Material_SD	Isolation_Source_SD	Sample_Type_SD	Environment_Medium_SD	Environment_Local_Scale_SD	Environment_Broad_Scale_SD	raw_context
GCA_001333515.1	SAMEA751484	Bordetella pertussis	keep	colonization-context audit	Homo sapiens	Homo sapiens	Homo sapiens	9606			carrier			clinical/host-associated material	nasopharynx/oropharynx				nasopharynx/oropharynx | upper respiratory tract | clinical/host-associated material | clinical/host-associated material | nasopharynx/oropharynx | pharynx | pharynx
GCA_001198095.1	SAMEA751341	Bordetella pertussis	keep	colonization-context audit	Homo sapiens	Homo sapiens	Homo sapiens	9606			carrier								
GCA_001209065.1	SAMEA751494	Bordetella pertussis	keep	colonization-context audit	Homo sapiens	Homo sapiens	Homo sapiens	9606			carrier			clinical/host-associated material	nasopharynx/oropharynx				nasopharynx/oropharynx | upper respiratory tract | clinical/host-associated material | clinical/host-associated material | nasopharynx/oropharynx | pharynx | pharynx
GCA_004804375.1	SAMN11349924	Enterobacter bugandensis	keep	colonization-context audit	Homo sapiens	Homo sapiens	Homo sapiens	9606			colonized			clinical/host-associated material	nasopharynx/oropharynx				nasopharynx/oropharynx | upper respiratory tract | clinical/host-associated material | clinical/host-associated material | nasopharynx/oropharynx | throat swab | throat swab
GCA_018647105.1	SAMN04460984	Clostridioides difficile	keep	colonization-context audit	Homo sapiens	Homo sapiens	Homo sapiens	9606			carrier		feces/stool	clinical/host-associated material	feces/stool		gut/fecal local context	host-associated gut/oral/fecal environment	feces/stool | feces/stool | clinical/host-associated material | clinical/host-associated material | gut/fecal local context | host-associated gut/oral/fecal environment | feces | Faeces | feces | Faeces
GCA_022263075.1	SAMN07421104	Klebsiella pneumoniae	keep	colonization-context audit	Homo sapiens	Homo sapiens	Homo sapiens	9606			carrier			clinical/host-associated material	clinical sample			clinical/host-associated material	clinical sample | clinical/host-associated material | clinical/host-associated material | clinical/host-associated material | clinical/host-associated material | Clinical or carriage sample
GCA_022263915.1	SAMN07421118	Klebsiella pneumoniae	keep	colonization-context audit	Homo sapiens	Homo sapiens	Homo sapiens	9606			carrier			clinical/host-associated material	clinical sample			clinical/host-associated material	clinical sample | clinical/host-associated material | clinical/host-associated material | clinical/host-associated material | clinical/host-associated material | Clinical or carriage sample
GCA_051945375.1	SAMN39605061	Staphylococcus aureus	keep	colonization-context audit	Homo sapiens	Homo sapiens	Homo sapiens	9606			carrier			clinical/host-associated material					clinical/host-associated material | clinical/host-associated material | nasal cavity/sinus/upper respiratory tract | nasal carriage
GCA_052560215.1	SAMN47846019	Haemophilus influenzae	keep	colonization-context audit	Homo sapiens	Homo sapiens	Homo sapiens	9606			carrier			clinical/host-associated material	nasopharynx/oropharynx				nasopharynx/oropharynx | upper respiratory tract | clinical/host-associated material | clinical/host-associated material | nasopharynx/oropharynx | nasopharynx | nasopharynx
GCA_035321625.1	SAMN38909796	Streptococcus pneumoniae	keep	colonization-context audit	Homo sapiens	Homo sapiens	Homo sapiens	9606			carrier			clinical/host-associated material					clinical/host-associated material | clinical/host-associated material | Carriage
GCA_052560915.1	SAMN47846128	Haemophilus influenzae	keep	colonization-context audit	Homo sapiens	Homo sapiens	Homo sapiens	9606			carrier			clinical/host-associated material	nasopharynx/oropharynx				nasopharynx/oropharynx | upper respiratory tract | clinical/host-associated material | clinical/host-associated material | nasopharynx/oropharynx | nasopharynx | nasopharynx
GCA_052561475.1	SAMN47845941	Haemophilus influenzae	keep	colonization-context audit	Homo sapiens	Homo sapiens	Homo sapiens	9606			carrier			clinical/host-associated material	nasopharynx/oropharynx				nasopharynx/oropharynx | upper respiratory tract | clinical/host-associated material | clinical/host-associated material | nasopharynx/oropharynx | nasopharynx | nasopharynx
GCA_052561655.1	SAMN47845952	Haemophilus influenzae	keep	colonization-context audit	Homo sapiens	Homo sapiens	Homo sapiens	9606			carrier			clinical/host-associated material	nasopharynx/oropharynx				nasopharynx/oropharynx | upper respiratory tract | clinical/host-associated material | clinical/host-associated material | nasopharynx/oropharynx | nasopharynx | nasopharynx
GCA_052565275.1	SAMN47846081	Haemophilus influenzae	keep	colonization-context audit	Homo sapiens	Homo sapiens	Homo sapiens	9606			carrier			clinical/host-associated material	nasopharynx/oropharynx				nasopharynx/oropharynx | upper respiratory tract | clinical/host-associated material | clinical/host-associated material | nasopharynx/oropharynx | nasopharynx | nasopharynx
GCA_052547915.1	SAMN47845981	Haemophilus influenzae	keep	colonization-context audit	Homo sapiens	Homo sapiens	Homo sapiens	9606			carrier			clinical/host-associated material	nasopharynx/oropharynx				nasopharynx/oropharynx | upper respiratory tract | clinical/host-associated material | clinical/host-associated material | nasopharynx/oropharynx | nasopharynx | nasopharynx
GCA_052548615.1	SAMN47846172	Haemophilus influenzae	keep	colonization-context audit	Homo sapiens	Homo sapiens	Homo sapiens	9606			carrier			clinical/host-associated material	nasopharynx/oropharynx				nasopharynx/oropharynx | upper respiratory tract | clinical/host-associated material | clinical/host-associated material | nasopharynx/oropharynx | nasopharynx | nasopharynx
GCA_052558635.1	SAMN47846074	Haemophilus influenzae	keep	colonization-context audit	Homo sapiens	Homo sapiens	Homo sapiens	9606			carrier			clinical/host-associated material	nasopharynx/oropharynx				nasopharynx/oropharynx | upper respiratory tract | clinical/host-associated material | clinical/host-associated material | nasopharynx/oropharynx | nasopharynx | nasopharynx
GCA_052559825.1	SAMN47845927	Haemophilus influenzae	keep	colonization-context audit	Homo sapiens	Homo sapiens	Homo sapiens	9606			carrier			clinical/host-associated material	nasopharynx/oropharynx				nasopharynx/oropharynx | upper respiratory tract | clinical/host-associated material | clinical/host-associated material | nasopharynx/oropharynx | nasopharynx | nasopharynx
GCA_052559955.1	SAMN47846004	Haemophilus influenzae	keep	colonization-context audit	Homo sapiens	Homo sapiens	Homo sapiens	9606			carrier			clinical/host-associated material	nasopharynx/oropharynx				nasopharynx/oropharynx | upper respiratory tract | clinical/host-associated material | clinical/host-associated material | nasopharynx/oropharynx | nasopharynx | nasopharynx
GCA_051954775.1	SAMN39605008	Staphylococcus aureus	keep	colonization-context audit	Sus scrofa domesticus	Sus scrofa domesticus	Sus scrofa domesticus	9825			carrier			clinical/host-associated material					clinical/host-associated material | clinical/host-associated material | nasal cavity/sinus/upper respiratory tract | animal nasal carriage
GCA_018724625.1	SAMN04460933	Clostridioides difficile	keep	colonization-context audit	Homo sapiens	Homo sapiens	Homo sapiens	9606			carrier		feces/stool	clinical/host-associated material	feces/stool		gut/fecal local context	host-associated gut/oral/fecal environment	feces/stool | feces/stool | clinical/host-associated material | clinical/host-associated material | gut/fecal local context | host-associated gut/oral/fecal environment | feces | Faeces | feces | Faeces
GCA_035321495.1	SAMN38909790	Streptococcus pneumoniae	keep	colonization-context audit	Homo sapiens	Homo sapiens	Homo sapiens	9606			carrier			clinical/host-associated material					clinical/host-associated material | clinical/host-associated material | Carriage
GCA_056640995.1	SAMN54763423	Cupriavidus necator	clear	colonization-context audit	absent	absent					colonized			environmental material		soil		terrestrial environment	environmental material | environmental material | soil | terrestrial environment | soil from abandoned vineyard, now colonized by oak and ash forest | cambisol | soil from abandoned vineyard, now colonized by oak and ash forest
GCA_052565135.1	SAMN47846054	Haemophilus influenzae	keep	colonization-context audit	Homo sapiens	Homo sapiens	Homo sapiens	9606			carrier			clinical/host-associated material	nasopharynx/oropharynx				nasopharynx/oropharynx | upper respiratory tract | clinical/host-associated material | clinical/host-associated material | nasopharynx/oropharynx | nasopharynx | nasopharynx
GCA_018685955.1	SAMN04460886	Clostridioides difficile	keep	colonization-context audit	Homo sapiens	Homo sapiens	Homo sapiens	9606			carrier		feces/stool	clinical/host-associated material	feces/stool		gut/fecal local context	host-associated gut/oral/fecal environment	feces/stool | feces/stool | clinical/host-associated material | clinical/host-associated material | gut/fecal local context | host-associated gut/oral/fecal environment | feces | Faeces | feces | Faeces
GCA_047909475.1	SAMN39500145	Escherichia coli	keep	colonization-context audit	Homo sapiens	Homo sapiens	Homo sapiens	9606			carrier		feces/stool	clinical/host-associated material	feces/stool				feces/stool | feces/stool | clinical/host-associated material | clinical/host-associated material | fecal carriage
GCA_047909595.1	SAMN39500150	Escherichia coli	keep	colonization-context audit	Homo sapiens	Homo sapiens	Homo sapiens	9606			carrier		feces/stool	clinical/host-associated material	feces/stool				feces/stool | feces/stool | clinical/host-associated material | clinical/host-associated material | fecal carriage
GCA_052565335.1	SAMN47846085	Haemophilus influenzae	keep	colonization-context audit	Homo sapiens	Homo sapiens	Homo sapiens	9606			carrier			clinical/host-associated material	nasopharynx/oropharynx				nasopharynx/oropharynx | upper respiratory tract | clinical/host-associated material | clinical/host-associated material | nasopharynx/oropharynx | nasopharynx | nasopharynx
GCA_028469345.1	SAMEA7375635	Staphylococcus aureus	keep	colonization-context audit	Homo sapiens	Homo sapiens	Homo sapiens	9606			carrier			clinical/host-associated material					clinical/host-associated material | clinical/host-associated material | carriage
GCA_017960395.1	SAMN11867053	Acinetobacter baumannii	keep	colonization-context audit	Homo sapiens	Homo sapiens	Homo sapiens	9606			carrier			clinical/host-associated material					clinical/host-associated material | clinical/host-associated material | unhealthy carrier
GCA_001194225.1	SAMEA751489	Bordetella pertussis	keep	colonization-context audit	Homo sapiens	Homo sapiens	Homo sapiens	9606			carrier			clinical/host-associated material	nasopharynx/oropharynx				nasopharynx/oropharynx | upper respiratory tract | clinical/host-associated material | clinical/host-associated material | nasopharynx/oropharynx | pharynx | pharynx
GCA_001201375.1	SAMEA751435	Bordetella pertussis	keep	colonization-context audit	Homo sapiens	Homo sapiens	Homo sapiens	9606			carrier			clinical/host-associated material	nasopharynx/oropharynx				nasopharynx/oropharynx | upper respiratory tract | clinical/host-associated material | clinical/host-associated material | nasopharynx/oropharynx | pharynx | pharynx
GCA_018762185.1	SAMN04460890	Clostridioides difficile	keep	colonization-context audit	Homo sapiens	Homo sapiens	Homo sapiens	9606			carrier		feces/stool	clinical/host-associated material	feces/stool		gut/fecal local context	host-associated gut/oral/fecal environment	feces/stool | feces/stool | clinical/host-associated material | clinical/host-associated material | gut/fecal local context | host-associated gut/oral/fecal environment | feces | Faeces | feces | Faeces
GCA_030181155.1	SAMN31544796	Kingella kingae	keep	colonization-context audit	Homo sapiens	Homo sapiens	Homo sapiens	9606			carrier								
GCA_034979885.1	SAMN02982679	Streptococcus pyogenes	keep	colonization-context audit	Homo sapiens	Homo sapiens	Homo sapiens	9606			carrier								human carrier
GCA_034980125.1	SAMN02982661	Streptococcus pyogenes	keep	colonization-context audit	Homo sapiens	Homo sapiens	Homo sapiens	9606			carrier								human carrier
GCA_052564535.1	SAMN47845903	Haemophilus influenzae	keep	colonization-context audit	Homo sapiens	Homo sapiens	Homo sapiens	9606			carrier			clinical/host-associated material	nasopharynx/oropharynx				nasopharynx/oropharynx | upper respiratory tract | clinical/host-associated material | clinical/host-associated material | nasopharynx/oropharynx | nasopharynx | nasopharynx
GCA_001333355.1	SAMEA751471	Bordetella pertussis	keep	colonization-context audit	Homo sapiens	Homo sapiens	Homo sapiens	9606			carrier			clinical/host-associated material	nasopharynx/oropharynx				nasopharynx/oropharynx | upper respiratory tract | clinical/host-associated material | clinical/host-associated material | nasopharynx/oropharynx | pharynx | pharynx
GCA_047909205.1	SAMN39500090	Escherichia coli	keep	colonization-context audit	Homo sapiens	Homo sapiens	Homo sapiens	9606			carrier		feces/stool	clinical/host-associated material	feces/stool				feces/stool | feces/stool | clinical/host-associated material | clinical/host-associated material | fecal carriage
GCA_052548965.1	SAMN47846169	Haemophilus influenzae	keep	colonization-context audit	Homo sapiens	Homo sapiens	Homo sapiens	9606			carrier			clinical/host-associated material	nasopharynx/oropharynx				nasopharynx/oropharynx | upper respiratory tract | clinical/host-associated material | clinical/host-associated material | nasopharynx/oropharynx | nasopharynx | nasopharynx
GCA_042854995.1	SAMD00773213	Corynebacterium ulcerans	keep	colonization-context audit	Homo sapiens	Homo sapiens	Homo sapiens	9606			carrier			clinical/host-associated material	nasopharynx/oropharynx				nasopharynx/oropharynx | upper respiratory tract | clinical/host-associated material | clinical/host-associated material | nasopharynx/oropharynx | nasopharynx | nasopharynx
GCA_025506135.1	SAMN03333288	Staphylococcus aureus	keep	colonization-context audit	Homo sapiens	Homo sapiens	Homo sapiens	9606			carrier			clinical/host-associated material					clinical/host-associated material | clinical/host-associated material | nasal cavity/sinus/upper respiratory tract | Nasal carriage
GCA_036313985.1	SAMN38468378	Escherichia coli	keep	colonization-context audit	Zophobas morio	Zophobas morio	Zophobas morio	2755281			colonized		tissue	clinical/host-associated material	tissue				tissue | tissue | clinical/host-associated material | clinical/host-associated material | Homogenized tissue of Zophobas morio larvae colonized with Ec-042 at T28 exp6
GCA_052560845.1	SAMN47846124	Haemophilus influenzae	keep	colonization-context audit	Homo sapiens	Homo sapiens	Homo sapiens	9606			carrier			clinical/host-associated material	nasopharynx/oropharynx				nasopharynx/oropharynx | upper respiratory tract | clinical/host-associated material | clinical/host-associated material | nasopharynx/oropharynx | nasopharynx | nasopharynx
GCA_001332235.1	SAMEA751290	Bordetella pertussis	keep	colonization-context audit	Homo sapiens	Homo sapiens	Homo sapiens	9606			carrier								
GCA_001333315.1	SAMEA751468	Bordetella pertussis	keep	colonization-context audit	Homo sapiens	Homo sapiens	Homo sapiens	9606			carrier			clinical/host-associated material	nasopharynx/oropharynx				nasopharynx/oropharynx | upper respiratory tract | clinical/host-associated material | clinical/host-associated material | nasopharynx/oropharynx | pharynx | pharynx
GCA_003114895.2	SAMD00112926	Proteus mirabilis	keep	colonization-context audit	Homo sapiens	Homo sapiens	Homo sapiens	9606			carrier			clinical/host-associated material	nasopharynx/oropharynx				nasopharynx/oropharynx | upper respiratory tract | clinical/host-associated material | clinical/host-associated material | nasopharynx/oropharynx | nasopharynx | nasopharynx
GCA_018767465.1	SAMN04461005	Clostridioides difficile	keep	colonization-context audit	Homo sapiens	Homo sapiens	Homo sapiens	9606			carrier		feces/stool	clinical/host-associated material	feces/stool		gut/fecal local context	host-associated gut/oral/fecal environment	feces/stool | feces/stool | clinical/host-associated material | clinical/host-associated material | gut/fecal local context | host-associated gut/oral/fecal environment | feces | Faeces | feces | Faeces
GCA_016029795.1	SAMEA7113552	Salmonella enterica subsp. enterica serovar Anatum	keep	colonization-context audit	absent	Human, Human Carrier	Homo sapiens	9606			carrier								Human, Human Carrier
GCA_034979585.1	SAMN02982694	Streptococcus pyogenes	keep	colonization-context audit	Homo sapiens	Homo sapiens	Homo sapiens	9606			carrier								human carrier
GCA_052560975.1	SAMN47846131	Haemophilus influenzae	keep	colonization-context audit	Homo sapiens	Homo sapiens	Homo sapiens	9606			carrier			clinical/host-associated material	nasopharynx/oropharynx				nasopharynx/oropharynx | upper respiratory tract | clinical/host-associated material | clinical/host-associated material | nasopharynx/oropharynx | nasopharynx | nasopharynx
GCA_052561875.1	SAMN47845966	Haemophilus influenzae	keep	colonization-context audit	Homo sapiens	Homo sapiens	Homo sapiens	9606			carrier			clinical/host-associated material	nasopharynx/oropharynx				nasopharynx/oropharynx | upper respiratory tract | clinical/host-associated material | clinical/host-associated material | nasopharynx/oropharynx | nasopharynx | nasopharynx
GCA_052565235.1	SAMN47846080	Haemophilus influenzae	keep	colonization-context audit	Homo sapiens	Homo sapiens	Homo sapiens	9606			carrier			clinical/host-associated material	nasopharynx/oropharynx				nasopharynx/oropharynx | upper respiratory tract | clinical/host-associated material | clinical/host-associated material | nasopharynx/oropharynx | nasopharynx | nasopharynx
GCA_001333375.1	SAMEA751473	Bordetella pertussis	keep	colonization-context audit	Homo sapiens	Homo sapiens	Homo sapiens	9606			carrier			clinical/host-associated material	nasopharynx/oropharynx				nasopharynx/oropharynx | upper respiratory tract | clinical/host-associated material | clinical/host-associated material | nasopharynx/oropharynx | pharynx | pharynx
GCA_030181645.1	SAMN31544754	Kingella kingae	keep	colonization-context audit	Homo sapiens	Homo sapiens	Homo sapiens	9606			carrier								
GCA_047909375.1	SAMN39500097	Escherichia coli	keep	colonization-context audit	Homo sapiens	Homo sapiens	Homo sapiens	9606			carrier		feces/stool	clinical/host-associated material	feces/stool				feces/stool | feces/stool | clinical/host-associated material | clinical/host-associated material | fecal carriage
GCA_052549135.1	SAMN47846175	Haemophilus influenzae	keep	colonization-context audit	Homo sapiens	Homo sapiens	Homo sapiens	9606			carrier			clinical/host-associated material	nasopharynx/oropharynx				nasopharynx/oropharynx | upper respiratory tract | clinical/host-associated material | clinical/host-associated material | nasopharynx/oropharynx | nasopharynx | nasopharynx
GCA_042852895.1	SAMD00773211	Corynebacterium ulcerans	keep	colonization-context audit	Homo sapiens	Homo sapiens	Homo sapiens	9606			carrier			clinical/host-associated material	nasopharynx/oropharynx				nasopharynx/oropharynx | upper respiratory tract | clinical/host-associated material | clinical/host-associated material | nasopharynx/oropharynx | nasopharynx | nasopharynx
GCA_022263115.1	SAMN07421082	Klebsiella pneumoniae	keep	colonization-context audit	Homo sapiens	Homo sapiens	Homo sapiens	9606			carrier			clinical/host-associated material	clinical sample			clinical/host-associated material	clinical sample | clinical/host-associated material | clinical/host-associated material | clinical/host-associated material | clinical/host-associated material | Clinical or carriage sample
GCA_001319605.1	SAMEA859874	Yersinia mollaretii	keep	colonization-context audit	Homo sapiens	Homo sapiens	Homo sapiens	9606			carrier			clinical/host-associated material	nasopharynx/oropharynx				nasopharynx/oropharynx | upper respiratory tract | clinical/host-associated material | clinical/host-associated material | nasopharynx/oropharynx | nasopharynx | nasopharynx
GCA_001203895.1	SAMEA751443	Bordetella pertussis	keep	colonization-context audit	Homo sapiens	Homo sapiens	Homo sapiens	9606			carrier			clinical/host-associated material	nasopharynx/oropharynx				nasopharynx/oropharynx | upper respiratory tract | clinical/host-associated material | clinical/host-associated material | nasopharynx/oropharynx | pharynx | pharynx
GCA_001196975.1	SAMEA751477	Bordetella pertussis	keep	colonization-context audit	Homo sapiens	Homo sapiens	Homo sapiens	9606			carrier			clinical/host-associated material	nasopharynx/oropharynx				nasopharynx/oropharynx | upper respiratory tract | clinical/host-associated material | clinical/host-associated material | nasopharynx/oropharynx | pharynx | pharynx
GCA_030181525.1	SAMN31544760	Kingella kingae	keep	colonization-context audit	Homo sapiens	Homo sapiens	Homo sapiens	9606			carrier								
GCA_009748725.1	SAMN10105117	Vibrio cholerae	keep	colonization-context audit	Homo sapiens	Homo sapiens	Homo sapiens	9606			carrier			clinical/host-associated material					clinical/host-associated material | clinical/host-associated material | Carrier
GCA_015796335.1	SAMN04285992	Vibrio cholerae	clear	colonization-context audit	unknown	unknown					carrier			clinical/host-associated material					clinical/host-associated material | clinical/host-associated material | carrier
GCA_034980105.1	SAMN02982664	Streptococcus pyogenes	keep	colonization-context audit	Homo sapiens	Homo sapiens	Homo sapiens	9606			carrier								human carrier
GCA_052560655.1	SAMN47846107	Haemophilus influenzae	keep	colonization-context audit	Homo sapiens	Homo sapiens	Homo sapiens	9606			carrier			clinical/host-associated material	nasopharynx/oropharynx				nasopharynx/oropharynx | upper respiratory tract | clinical/host-associated material | clinical/host-associated material | nasopharynx/oropharynx | nasopharynx | nasopharynx
GCA_030180215.1	SAMN31544722	Kingella kingae	keep	colonization-context audit	Homo sapiens	Homo sapiens	Homo sapiens	9606			carrier								
GCA_052548095.1	SAMN47845992	Haemophilus influenzae	keep	colonization-context audit	Homo sapiens	Homo sapiens	Homo sapiens	9606			carrier			clinical/host-associated material	nasopharynx/oropharynx				nasopharynx/oropharynx | upper respiratory tract | clinical/host-associated material | clinical/host-associated material | nasopharynx/oropharynx | nasopharynx | nasopharynx
GCA_052549075.1	SAMN47846170	Haemophilus influenzae	keep	colonization-context audit	Homo sapiens	Homo sapiens	Homo sapiens	9606			carrier			clinical/host-associated material	nasopharynx/oropharynx				nasopharynx/oropharynx | upper respiratory tract | clinical/host-associated material | clinical/host-associated material | nasopharynx/oropharynx | nasopharynx | nasopharynx
GCA_052549335.1	SAMN47846184	Haemophilus influenzae	keep	colonization-context audit	Homo sapiens	Homo sapiens	Homo sapiens	9606			carrier			clinical/host-associated material	nasopharynx/oropharynx				nasopharynx/oropharynx | upper respiratory tract | clinical/host-associated material | clinical/host-associated material | nasopharynx/oropharynx | nasopharynx | nasopharynx
GCA_052558795.1	SAMN47846097	Haemophilus influenzae	keep	colonization-context audit	Homo sapiens	Homo sapiens	Homo sapiens	9606			carrier			clinical/host-associated material	nasopharynx/oropharynx				nasopharynx/oropharynx | upper respiratory tract | clinical/host-associated material | clinical/host-associated material | nasopharynx/oropharynx | nasopharynx | nasopharynx
GCA_047909635.1	SAMN39500151	Escherichia coli	keep	colonization-context audit	Homo sapiens	Homo sapiens	Homo sapiens	9606			carrier		feces/stool	clinical/host-associated material	feces/stool				feces/stool | feces/stool | clinical/host-associated material | clinical/host-associated material | fecal carriage
GCA_047910455.1	SAMN39500128	Escherichia coli	keep	colonization-context audit	Homo sapiens	Homo sapiens	Homo sapiens	9606			carrier		feces/stool	clinical/host-associated material	feces/stool				feces/stool | feces/stool | clinical/host-associated material | clinical/host-associated material | fecal carriage
GCA_052559655.1	SAMN47845911	Haemophilus influenzae	keep	colonization-context audit	Homo sapiens	Homo sapiens	Homo sapiens	9606			carrier			clinical/host-associated material	nasopharynx/oropharynx				nasopharynx/oropharynx | upper respiratory tract | clinical/host-associated material | clinical/host-associated material | nasopharynx/oropharynx | nasopharynx | nasopharynx
GCA_051945095.1	SAMN39605014	Staphylococcus aureus	keep	colonization-context audit	Homo sapiens	Homo sapiens	Homo sapiens	9606			carrier			clinical/host-associated material					clinical/host-associated material | clinical/host-associated material | carriage
GCA_001332215.1	SAMEA751288	Bordetella pertussis	keep	colonization-context audit	Homo sapiens	Homo sapiens	Homo sapiens	9606			carrier								
GCA_001333615.1	SAMEA751493	Bordetella pertussis	keep	colonization-context audit	Homo sapiens	Homo sapiens	Homo sapiens	9606			carrier			clinical/host-associated material	nasopharynx/oropharynx				nasopharynx/oropharynx | upper respiratory tract | clinical/host-associated material | clinical/host-associated material | nasopharynx/oropharynx | pharynx | pharynx
GCA_001198195.1	SAMEA751337	Bordetella pertussis	keep	colonization-context audit	Homo sapiens	Homo sapiens	Homo sapiens	9606			carrier								
GCA_018762485.1	SAMN04460941	Clostridioides difficile	keep	colonization-context audit	Homo sapiens	Homo sapiens	Homo sapiens	9606			carrier		feces/stool	clinical/host-associated material	feces/stool		gut/fecal local context	host-associated gut/oral/fecal environment	feces/stool | feces/stool | clinical/host-associated material | clinical/host-associated material | gut/fecal local context | host-associated gut/oral/fecal environment | feces | Faeces | feces | Faeces
GCA_007000575.1	SAMN10775309	Clostridioides difficile	keep	colonization-context audit	Homo sapiens	Homo sapiens	Homo sapiens	9606			carrier		feces/stool	clinical/host-associated material	feces/stool		gut/fecal local context	host-associated gut/oral/fecal environment	feces/stool | feces/stool | clinical/host-associated material | clinical/host-associated material | gut/fecal local context | host-associated gut/oral/fecal environment | stool | stool
GCA_015797075.1	SAMN04285985	Vibrio cholerae	clear	colonization-context audit	unknown	unknown					carrier			clinical/host-associated material					clinical/host-associated material | clinical/host-associated material | carrier
GCA_051945175.1	SAMN39605013	Staphylococcus aureus	keep	colonization-context audit	Homo sapiens	Homo sapiens	Homo sapiens	9606			carrier			clinical/host-associated material					clinical/host-associated material | clinical/host-associated material | carriage
GCA_052564355.1	SAMN47845892	Haemophilus influenzae	keep	colonization-context audit	Homo sapiens	Homo sapiens	Homo sapiens	9606			carrier			clinical/host-associated material	nasopharynx/oropharynx				nasopharynx/oropharynx | upper respiratory tract | clinical/host-associated material | clinical/host-associated material | nasopharynx/oropharynx | nasopharynx | nasopharynx
GCA_052561715.1	SAMN47845934	Haemophilus influenzae	keep	colonization-context audit	Homo sapiens	Homo sapiens	Homo sapiens	9606			carrier			clinical/host-associated material	nasopharynx/oropharynx				nasopharynx/oropharynx | upper respiratory tract | clinical/host-associated material | clinical/host-associated material | nasopharynx/oropharynx | nasopharynx | nasopharynx
GCA_052560675.1	SAMN47846109	Haemophilus influenzae	keep	colonization-context audit	Homo sapiens	Homo sapiens	Homo sapiens	9606			carrier			clinical/host-associated material	nasopharynx/oropharynx				nasopharynx/oropharynx | upper respiratory tract | clinical/host-associated material | clinical/host-associated material | nasopharynx/oropharynx | nasopharynx | nasopharynx
GCA_054749465.1	SAMD00752331	Helicobacter pylori	keep	colonization-context audit	Homo sapiens	Homo sapiens	Homo sapiens	9606			carrier								
GCA_022263535.1	SAMN07421091	Klebsiella pneumoniae	keep	colonization-context audit	Homo sapiens	Homo sapiens	Homo sapiens	9606			carrier			clinical/host-associated material	clinical sample			clinical/host-associated material	clinical sample | clinical/host-associated material | clinical/host-associated material | clinical/host-associated material | clinical/host-associated material | Clinical or carriage sample
GCA_047910765.1	SAMN39500139	Escherichia coli	keep	colonization-context audit	Homo sapiens	Homo sapiens	Homo sapiens	9606			carrier		feces/stool	clinical/host-associated material	feces/stool				feces/stool | feces/stool | clinical/host-associated material | clinical/host-associated material | fecal carriage
GCA_052952635.1	SAMN50449475	Citrobacter freundii	keep	colonization-context audit	Homo sapiens	Homo sapiens	Homo sapiens	9606			colonized		urine	clinical/host-associated material	urine				urine | clinical/host-associated material | clinical/host-associated material | clinical/host-associated material | urine | urine
GCA_055556485.1	SAMN43881110	Escherichia coli	keep	colonization-context audit	Homo sapiens	Homo sapiens	Homo sapiens	9606			carrier			clinical/host-associated material	rectal swab				rectal swab | swab | clinical/host-associated material | clinical/host-associated material | rectum/perianal region | Rectal swab/Carriage
GCA_001332975.1	SAMEA751440	Bordetella pertussis	keep	colonization-context audit	Homo sapiens	Homo sapiens	Homo sapiens	9606			carrier			clinical/host-associated material	nasopharynx/oropharynx				nasopharynx/oropharynx | upper respiratory tract | clinical/host-associated material | clinical/host-associated material | nasopharynx/oropharynx | pharynx | pharynx
GCA_002097135.1	SAMN06546689	Staphylococcus aureus	keep	colonization-context audit	Homo sapiens	Homo sapiens	Homo sapiens	9606			carrier								Carriage sample
GCA_034979785.1	SAMN02982686	Streptococcus pyogenes	keep	colonization-context audit	Homo sapiens	Homo sapiens	Homo sapiens	9606			carrier								human carrier
GCA_049060305.1	SAMEA115674862	Staphylococcus aureus	keep	colonization-context audit	Felis catus	Felis catus	Felis catus	9685			carrier			clinical/host-associated material					clinical/host-associated material | clinical/host-associated material | nasal cavity/sinus/upper respiratory tract | nasal carriage
GCA_052560775.1	SAMN47846118	Haemophilus influenzae	keep	colonization-context audit	Homo sapiens	Homo sapiens	Homo sapiens	9606			carrier			clinical/host-associated material	nasopharynx/oropharynx				nasopharynx/oropharynx | upper respiratory tract | clinical/host-associated material | clinical/host-associated material | nasopharynx/oropharynx | nasopharynx | nasopharynx
GCA_052548575.1	SAMN47846147	Haemophilus influenzae	keep	colonization-context audit	Homo sapiens	Homo sapiens	Homo sapiens	9606			carrier			clinical/host-associated material	nasopharynx/oropharynx				nasopharynx/oropharynx | upper respiratory tract | clinical/host-associated material | clinical/host-associated material | nasopharynx/oropharynx | nasopharynx | nasopharynx
GCA_055556445.1	SAMN43881089	Escherichia coli	keep	colonization-context audit	dog	dog	Canis lupus familiaris	9615			carrier			clinical/host-associated material	rectal swab				rectal swab | swab | clinical/host-associated material | clinical/host-associated material | rectum/perianal region | Rectal swab/Carriage
GCA_028468945.1	SAMEA7375665	Staphylococcus aureus	keep	colonization-context audit	Homo sapiens	Homo sapiens	Homo sapiens	9606			carrier			clinical/host-associated material					clinical/host-associated material | clinical/host-associated material | carriage
GCA_022175885.1	SAMEA6654238	Klebsiella pneumoniae	keep	colonization-context audit	Homo sapiens	Homo sapiens	Homo sapiens	9606			carrier			clinical/host-associated material					clinical/host-associated material | clinical/host-associated material | Carriage
GCA_047222285.1	SAMN46287130	Escherichia coli	keep	colonization-context audit	Homo sapiens	Homo sapiens	Homo sapiens	9606			carrier			clinical/host-associated material					clinical/host-associated material | clinical/host-associated material | Carriage
GCA_018767145.1	SAMN04461024	Clostridioides difficile	keep	colonization-context audit	Homo sapiens	Homo sapiens	Homo sapiens	9606			carrier		feces/stool	clinical/host-associated material	feces/stool		gut/fecal local context	host-associated gut/oral/fecal environment	feces/stool | feces/stool | clinical/host-associated material | clinical/host-associated material | gut/fecal local context | host-associated gut/oral/fecal environment | feces | Faeces | feces | Faeces
GCA_032098105.1	SAMEA7699208	Staphylococcus argenteus	keep	colonization-context audit	Homo sapiens	Homo sapiens	Homo sapiens	9606			carrier			clinical/host-associated material					clinical/host-associated material | clinical/host-associated material | carriage
GCA_034981025.1	SAMN02982645	Streptococcus pyogenes	keep	colonization-context audit	Homo sapiens	Homo sapiens	Homo sapiens	9606			carrier								human carrier
GCA_052952475.1	SAMN50449479	Citrobacter freundii	keep	colonization-context audit	Homo sapiens	Homo sapiens	Homo sapiens	9606			colonized			clinical/host-associated material	rectal swab				rectal swab | swab | clinical/host-associated material | clinical/host-associated material | rectum/perianal region | Rectal swab | Rectal swab
GCA_052560935.1	SAMN47846130	Haemophilus influenzae	keep	colonization-context audit	Homo sapiens	Homo sapiens	Homo sapiens	9606			carrier			clinical/host-associated material	nasopharynx/oropharynx				nasopharynx/oropharynx | upper respiratory tract | clinical/host-associated material | clinical/host-associated material | nasopharynx/oropharynx | nasopharynx | nasopharynx
GCA_052560735.1	SAMN47846094	Haemophilus influenzae	keep	colonization-context audit	Homo sapiens	Homo sapiens	Homo sapiens	9606			carrier			clinical/host-associated material	nasopharynx/oropharynx				nasopharynx/oropharynx | upper respiratory tract | clinical/host-associated material | clinical/host-associated material | nasopharynx/oropharynx | nasopharynx | nasopharynx
GCA_047908915.1	SAMN39500079	Escherichia coli	keep	colonization-context audit	Homo sapiens	Homo sapiens	Homo sapiens	9606			carrier		feces/stool	clinical/host-associated material	feces/stool				feces/stool | feces/stool | clinical/host-associated material | clinical/host-associated material | fecal carriage
GCA_047910135.1	SAMN39500113	Escherichia coli	keep	colonization-context audit	Homo sapiens	Homo sapiens	Homo sapiens	9606			carrier		feces/stool	clinical/host-associated material	feces/stool				feces/stool | feces/stool | clinical/host-associated material | clinical/host-associated material | fecal carriage
GCA_022182085.1	SAMN06330186	Klebsiella aerogenes	keep	colonization-context audit	Homo sapiens	Homo sapiens	Homo sapiens	9606			carrier			clinical/host-associated material					clinical/host-associated material | clinical/host-associated material | rectum/perianal region | Rectal carriage
GCA_055556535.1	SAMN43881084	Escherichia coli	keep	colonization-context audit	cat	cat	Felis catus	9685			carrier			clinical/host-associated material	rectal swab				rectal swab | swab | clinical/host-associated material | clinical/host-associated material | rectum/perianal region | Rectal swab/Carriage
GCA_024588545.1	SAMN24502068	Staphylococcus aureus	clear	colonization-context audit	absent	absent					carrier			clinical/host-associated material					clinical/host-associated material | clinical/host-associated material | carrier vehicle
GCA_001981425.1	SAMN06212382	Leptospira santarosai serovar Bananal	keep	colonization-context audit	Capybara	Capybara	capybara	10149			carrier			clinical/host-associated material					clinical/host-associated material | clinical/host-associated material | organ/tissue site | kidney | kidney
GCA_018760065.1	SAMN04460887	Clostridioides difficile	keep	colonization-context audit	Homo sapiens	Homo sapiens	Homo sapiens	9606			carrier		feces/stool	clinical/host-associated material	feces/stool		gut/fecal local context	host-associated gut/oral/fecal environment	feces/stool | feces/stool | clinical/host-associated material | clinical/host-associated material | gut/fecal local context | host-associated gut/oral/fecal environment | feces | Faeces | feces | Faeces
GCA_030181445.1	SAMN31544764	Kingella kingae	keep	colonization-context audit	Homo sapiens	Homo sapiens	Homo sapiens	9606			carrier								
GCA_029069545.1	SAMN06330193	Enterobacter asburiae	keep	colonization-context audit	Homo sapiens	Homo sapiens	Homo sapiens	9606			carrier			clinical/host-associated material					clinical/host-associated material | clinical/host-associated material | rectum/perianal region | Rectal carriage | Rectal carriage
GCA_049096535.1	SAMN32691224	Klebsiella pneumoniae	keep	colonization-context audit	Homo sapiens	Homo sapiens	Homo sapiens	9606			carrier			clinical/host-associated material					clinical/host-associated material | clinical/host-associated material | rectum/perianal region | Rectal carriage
GCA_009747265.1	SAMN10105187	Vibrio cholerae	keep	colonization-context audit	Homo sapiens	Homo sapiens	Homo sapiens	9606			carrier			clinical/host-associated material					clinical/host-associated material | clinical/host-associated material | Carrier
GCA_015796395.1	SAMN04285993	Vibrio cholerae	clear	colonization-context audit	unknown	unknown					carrier			clinical/host-associated material					clinical/host-associated material | clinical/host-associated material | carrier
GCA_034979975.1	SAMN02982673	Streptococcus pyogenes	keep	colonization-context audit	Homo sapiens	Homo sapiens	Homo sapiens	9606			carrier								human carrier
GCA_052561035.1	SAMN47846179	Haemophilus influenzae	keep	colonization-context audit	Homo sapiens	Homo sapiens	Homo sapiens	9606			carrier			clinical/host-associated material	nasopharynx/oropharynx				nasopharynx/oropharynx | upper respiratory tract | clinical/host-associated material | clinical/host-associated material | nasopharynx/oropharynx | nasopharynx | nasopharynx
GCA_001969075.1	SAMN06233881	Leptospira interrogans serovar Pomona	keep	colonization-context audit	swine	swine	Sus scrofa	9823			carrier			clinical/host-associated material					clinical/host-associated material | clinical/host-associated material | organ/tissue site | kidney | kidney
GCA_022263235.1	SAMN07421125	Klebsiella pneumoniae	keep	colonization-context audit	Homo sapiens	Homo sapiens	Homo sapiens	9606			carrier			clinical/host-associated material	clinical sample			clinical/host-associated material	clinical sample | clinical/host-associated material | clinical/host-associated material | clinical/host-associated material | clinical/host-associated material | Clinical or carriage sample
GCA_022263495.1	SAMN07421144	Klebsiella pneumoniae	keep	colonization-context audit	Homo sapiens	Homo sapiens	Homo sapiens	9606			carrier			clinical/host-associated material	clinical sample			clinical/host-associated material	clinical sample | clinical/host-associated material | clinical/host-associated material | clinical/host-associated material | clinical/host-associated material | Clinical or carriage sample
GCA_055556565.1	SAMN43881093	Escherichia coli	keep	colonization-context audit	Homo sapiens	Homo sapiens	Homo sapiens	9606			carrier			clinical/host-associated material	rectal swab				rectal swab | swab | clinical/host-associated material | clinical/host-associated material | rectum/perianal region | Rectal swab/Carriage
GCA_047909135.1	SAMN39500086	Escherichia coli	keep	colonization-context audit	Homo sapiens	Homo sapiens	Homo sapiens	9606			carrier		feces/stool	clinical/host-associated material	feces/stool				feces/stool | feces/stool | clinical/host-associated material | clinical/host-associated material | fecal carriage
GCA_022175925.1	SAMEA6654237	Klebsiella pneumoniae	keep	colonization-context audit	Homo sapiens	Homo sapiens	Homo sapiens	9606			carrier			clinical/host-associated material					clinical/host-associated material | clinical/host-associated material | Carriage
GCA_002239385.1	SAMN06329899	Streptococcus agalactiae	keep	colonization-context audit	Homo sapiens	Homo sapiens	Homo sapiens	9606			carrier			clinical/host-associated material					clinical/host-associated material | clinical/host-associated material | carriage
GCA_009748545.1	SAMN10105127	Vibrio cholerae	keep	colonization-context audit	Homo sapiens	Homo sapiens	Homo sapiens	9606			carrier			clinical/host-associated material					clinical/host-associated material | clinical/host-associated material | Carrier
GCA_034979605.1	SAMN02982693	Streptococcus pyogenes	keep	colonization-context audit	Homo sapiens	Homo sapiens	Homo sapiens	9606			carrier								human carrier
GCA_034979965.1	SAMN02982672	Streptococcus pyogenes	keep	colonization-context audit	Homo sapiens	Homo sapiens	Homo sapiens	9606			carrier								human carrier
GCA_034982005.1	SAMN02982629	Streptococcus pyogenes	keep	colonization-context audit	Homo sapiens	Homo sapiens	Homo sapiens	9606			carrier								human carrier
GCA_052555675.1	SAMN47845885	Haemophilus influenzae	keep	colonization-context audit	Homo sapiens	Homo sapiens	Homo sapiens	9606			carrier			clinical/host-associated material	nasopharynx/oropharynx				nasopharynx/oropharynx | upper respiratory tract | clinical/host-associated material | clinical/host-associated material | nasopharynx/oropharynx | nasopharynx | nasopharynx
GCA_052561835.1	SAMN47845963	Haemophilus influenzae	keep	colonization-context audit	Homo sapiens	Homo sapiens	Homo sapiens	9606			carrier			clinical/host-associated material	nasopharynx/oropharynx				nasopharynx/oropharynx | upper respiratory tract | clinical/host-associated material | clinical/host-associated material | nasopharynx/oropharynx | nasopharynx | nasopharynx
GCA_052564935.1	SAMN47846053	Haemophilus influenzae	keep	colonization-context audit	Homo sapiens	Homo sapiens	Homo sapiens	9606			carrier			clinical/host-associated material	nasopharynx/oropharynx				nasopharynx/oropharynx | upper respiratory tract | clinical/host-associated material | clinical/host-associated material | nasopharynx/oropharynx | nasopharynx | nasopharynx
GCA_001097785.1	SAMEA859857	Yersinia enterocolitica	keep	colonization-context audit	Homo sapiens	Homo sapiens	Homo sapiens	9606			carrier			clinical/host-associated material	nasopharynx/oropharynx				nasopharynx/oropharynx | upper respiratory tract | clinical/host-associated material | clinical/host-associated material | nasopharynx/oropharynx | nasopharynx | nasopharynx
GCA_052548535.1	SAMN47846146	Haemophilus influenzae	keep	colonization-context audit	Homo sapiens	Homo sapiens	Homo sapiens	9606			carrier			clinical/host-associated material	nasopharynx/oropharynx				nasopharynx/oropharynx | upper respiratory tract | clinical/host-associated material | clinical/host-associated material | nasopharynx/oropharynx | nasopharynx | nasopharynx
GCA_052560335.1	SAMN47846025	Haemophilus influenzae	keep	colonization-context audit	Homo sapiens	Homo sapiens	Homo sapiens	9606			carrier			clinical/host-associated material	nasopharynx/oropharynx				nasopharynx/oropharynx | upper respiratory tract | clinical/host-associated material | clinical/host-associated material | nasopharynx/oropharynx | nasopharynx | nasopharynx
GCA_042852175.1	SAMD00773210	Corynebacterium ulcerans	keep	colonization-context audit	Homo sapiens	Homo sapiens	Homo sapiens	9606			carrier			clinical/host-associated material	nasopharynx/oropharynx				nasopharynx/oropharynx | upper respiratory tract | clinical/host-associated material | clinical/host-associated material | nasopharynx/oropharynx | nasopharynx | nasopharynx
GCA_052564675.1	SAMN47846062	Haemophilus influenzae	keep	colonization-context audit	Homo sapiens	Homo sapiens	Homo sapiens	9606			carrier			clinical/host-associated material	nasopharynx/oropharynx				nasopharynx/oropharynx | upper respiratory tract | clinical/host-associated material | clinical/host-associated material | nasopharynx/oropharynx | nasopharynx | nasopharynx
GCA_052565195.1	SAMN47846078	Haemophilus influenzae	keep	colonization-context audit	Homo sapiens	Homo sapiens	Homo sapiens	9606			carrier			clinical/host-associated material	nasopharynx/oropharynx				nasopharynx/oropharynx | upper respiratory tract | clinical/host-associated material | clinical/host-associated material | nasopharynx/oropharynx | nasopharynx | nasopharynx
GCA_022263675.1	SAMN07421065	Klebsiella pneumoniae	keep	colonization-context audit	Homo sapiens	Homo sapiens	Homo sapiens	9606			carrier			clinical/host-associated material	clinical sample			clinical/host-associated material	clinical sample | clinical/host-associated material | clinical/host-associated material | clinical/host-associated material | clinical/host-associated material | Clinical or carriage sample
GCA_052548235.1	SAMN47846134	Haemophilus influenzae	keep	colonization-context audit	Homo sapiens	Homo sapiens	Homo sapiens	9606			carrier			clinical/host-associated material	nasopharynx/oropharynx				nasopharynx/oropharynx | upper respiratory tract | clinical/host-associated material | clinical/host-associated material | nasopharynx/oropharynx | nasopharynx | nasopharynx
GCA_052560015.1	SAMN47846005	Haemophilus influenzae	keep	colonization-context audit	Homo sapiens	Homo sapiens	Homo sapiens	9606			carrier			clinical/host-associated material	nasopharynx/oropharynx				nasopharynx/oropharynx | upper respiratory tract | clinical/host-associated material | clinical/host-associated material | nasopharynx/oropharynx | nasopharynx | nasopharynx
GCA_052560295.1	SAMN47846024	Haemophilus influenzae	keep	colonization-context audit	Homo sapiens	Homo sapiens	Homo sapiens	9606			carrier			clinical/host-associated material	nasopharynx/oropharynx				nasopharynx/oropharynx | upper respiratory tract | clinical/host-associated material | clinical/host-associated material | nasopharynx/oropharynx | nasopharynx | nasopharynx
GCA_018757015.1	SAMN04461019	Clostridioides difficile	keep	colonization-context audit	Homo sapiens	Homo sapiens	Homo sapiens	9606			carrier		feces/stool	clinical/host-associated material	feces/stool		gut/fecal local context	host-associated gut/oral/fecal environment	feces/stool | feces/stool | clinical/host-associated material | clinical/host-associated material | gut/fecal local context | host-associated gut/oral/fecal environment | feces | Faeces | feces | Faeces
GCA_001302625.1	SAMN03765689	Salmonella enterica subsp. enterica serovar Typhi	keep	colonization-context audit	Homo sapiens	Homo sapiens	Homo sapiens	9606			carrier			clinical/host-associated material					clinical/host-associated material | clinical/host-associated material | carrier foodhandler
GCA_034980005.1	SAMN02982670	Streptococcus pyogenes	keep	colonization-context audit	Homo sapiens	Homo sapiens	Homo sapiens	9606			carrier								human carrier
GCA_034981135.1	SAMN02982637	Streptococcus pyogenes	keep	colonization-context audit	Homo sapiens	Homo sapiens	Homo sapiens	9606			carrier								human carrier
GCA_051945235.1	SAMN39605018	Staphylococcus aureus	keep	colonization-context audit	Homo sapiens	Homo sapiens	Homo sapiens	9606			carrier			clinical/host-associated material					clinical/host-associated material | clinical/host-associated material | carriage
GCA_054750185.1	SAMD00752295	Helicobacter pylori	keep	colonization-context audit	Homo sapiens	Homo sapiens	Homo sapiens	9606			carrier								
GCA_054750245.1	SAMD00752292	Helicobacter pylori	keep	colonization-context audit	Homo sapiens	Homo sapiens	Homo sapiens	9606			carrier								
GCA_001332855.1	SAMEA751431	Bordetella pertussis	keep	colonization-context audit	Homo sapiens	Homo sapiens	Homo sapiens	9606			carrier			clinical/host-associated material	nasopharynx/oropharynx				nasopharynx/oropharynx | upper respiratory tract | clinical/host-associated material | clinical/host-associated material | nasopharynx/oropharynx | pharynx | pharynx
GCA_018767725.1	SAMN04460909	Clostridioides difficile	keep	colonization-context audit	Homo sapiens	Homo sapiens	Homo sapiens	9606			carrier		feces/stool	clinical/host-associated material	feces/stool		gut/fecal local context	host-associated gut/oral/fecal environment	feces/stool | feces/stool | clinical/host-associated material | clinical/host-associated material | gut/fecal local context | host-associated gut/oral/fecal environment | feces | Faeces | feces | Faeces
GCA_022263655.1	SAMN07421064	Klebsiella pneumoniae	keep	colonization-context audit	Homo sapiens	Homo sapiens	Homo sapiens	9606			carrier			clinical/host-associated material	clinical sample			clinical/host-associated material	clinical sample | clinical/host-associated material | clinical/host-associated material | clinical/host-associated material | clinical/host-associated material | Clinical or carriage sample
GCA_052548795.1	SAMN47846161	Haemophilus influenzae	keep	colonization-context audit	Homo sapiens	Homo sapiens	Homo sapiens	9606			carrier			clinical/host-associated material	nasopharynx/oropharynx				nasopharynx/oropharynx | upper respiratory tract | clinical/host-associated material | clinical/host-associated material | nasopharynx/oropharynx | nasopharynx | nasopharynx
GCA_051945755.1	SAMN39605083	Staphylococcus aureus	keep	colonization-context audit	Equus caballus	Equus caballus	Equus caballus	9796			carrier			clinical/host-associated material					clinical/host-associated material | clinical/host-associated material | nasal cavity/sinus/upper respiratory tract | nasal carriage
GCA_022175665.1	SAMEA6654248	Klebsiella pneumoniae	keep	colonization-context audit	Homo sapiens	Homo sapiens	Homo sapiens	9606			carrier			clinical/host-associated material					clinical/host-associated material | clinical/host-associated material | Carriage
GCA_002239365.1	SAMN06329898	Streptococcus agalactiae	keep	colonization-context audit	Homo sapiens	Homo sapiens	Homo sapiens	9606			carrier			clinical/host-associated material					clinical/host-associated material | clinical/host-associated material | carriage
GCA_009748935.1	SAMN10105105	Vibrio cholerae	keep	colonization-context audit	Homo sapiens	Homo sapiens	Homo sapiens	9606			carrier			clinical/host-associated material					clinical/host-associated material | clinical/host-associated material | Carrier
GCA_028659035.1	SAMEA11322474	Staphylococcus aureus	keep	colonization-context audit	Dama dama	Dama dama	Dama dama	30532			carrier			clinical/host-associated material					clinical/host-associated material | clinical/host-associated material | Carrier fallow-deer
GCA_028659205.1	SAMEA11322462	Staphylococcus aureus	keep	colonization-context audit	Sus scrofa domesticus	Sus scrofa domesticus	Sus scrofa domesticus	9825			carrier								Carrier pig
GCA_052952515.1	SAMN50449478	Citrobacter freundii	keep	colonization-context audit	Homo sapiens	Homo sapiens	Homo sapiens	9606			colonized			clinical/host-associated material	rectal swab				rectal swab | swab | clinical/host-associated material | clinical/host-associated material | rectum/perianal region | Rectal swab | Rectal swab
GCA_052564435.1	SAMN47845896	Haemophilus influenzae	keep	colonization-context audit	Homo sapiens	Homo sapiens	Homo sapiens	9606			carrier			clinical/host-associated material	nasopharynx/oropharynx				nasopharynx/oropharynx | upper respiratory tract | clinical/host-associated material | clinical/host-associated material | nasopharynx/oropharynx | nasopharynx | nasopharynx
GCA_052564655.1	SAMN47846042	Haemophilus influenzae	keep	colonization-context audit	Homo sapiens	Homo sapiens	Homo sapiens	9606			carrier			clinical/host-associated material	nasopharynx/oropharynx				nasopharynx/oropharynx | upper respiratory tract | clinical/host-associated material | clinical/host-associated material | nasopharynx/oropharynx | nasopharynx | nasopharynx
GCA_001333475.1	SAMEA751481	Bordetella pertussis	keep	colonization-context audit	Homo sapiens	Homo sapiens	Homo sapiens	9606			carrier			clinical/host-associated material	nasopharynx/oropharynx				nasopharynx/oropharynx | upper respiratory tract | clinical/host-associated material | clinical/host-associated material | nasopharynx/oropharynx | pharynx | pharynx
GCA_018611565.1	SAMN04460892	Clostridioides difficile	keep	colonization-context audit	Homo sapiens	Homo sapiens	Homo sapiens	9606			carrier		feces/stool	clinical/host-associated material	feces/stool		gut/fecal local context	host-associated gut/oral/fecal environment	feces/stool | feces/stool | clinical/host-associated material | clinical/host-associated material | gut/fecal local context | host-associated gut/oral/fecal environment | feces | Faeces | feces | Faeces
GCA_022263735.1	SAMN07421140	Klebsiella pneumoniae	keep	colonization-context audit	Homo sapiens	Homo sapiens	Homo sapiens	9606			carrier			clinical/host-associated material	clinical sample			clinical/host-associated material	clinical sample | clinical/host-associated material | clinical/host-associated material | clinical/host-associated material | clinical/host-associated material | Clinical or carriage sample
GCA_023621495.1	SAMN28177553	Staphylococcus aureus	keep	colonization-context audit	Homo sapiens	Homo sapiens	Homo sapiens	9606			carrier			clinical/host-associated material					clinical/host-associated material | clinical/host-associated material | nasal cavity/sinus/upper respiratory tract | nasal carriage
GCA_048022925.1	SAMN39500072	Escherichia coli	keep	colonization-context audit	Homo sapiens	Homo sapiens	Homo sapiens	9606			carrier		feces/stool	clinical/host-associated material	feces/stool				feces/stool | feces/stool | clinical/host-associated material | clinical/host-associated material | fecal carriage
GCA_052560275.1	SAMN47846023	Haemophilus influenzae	keep	colonization-context audit	Homo sapiens	Homo sapiens	Homo sapiens	9606			carrier			clinical/host-associated material	nasopharynx/oropharynx				nasopharynx/oropharynx | upper respiratory tract | clinical/host-associated material | clinical/host-associated material | nasopharynx/oropharynx | nasopharynx | nasopharynx
GCA_047909815.1	SAMN39500099	Escherichia coli	keep	colonization-context audit	Homo sapiens	Homo sapiens	Homo sapiens	9606			carrier		feces/stool	clinical/host-associated material	feces/stool				feces/stool | feces/stool | clinical/host-associated material | clinical/host-associated material | fecal carriage
GCA_052548695.1	SAMN47846135	Haemophilus influenzae	keep	colonization-context audit	Homo sapiens	Homo sapiens	Homo sapiens	9606			carrier			clinical/host-associated material	nasopharynx/oropharynx				nasopharynx/oropharynx | upper respiratory tract | clinical/host-associated material | clinical/host-associated material | nasopharynx/oropharynx | nasopharynx | nasopharynx
GCA_029852305.1	SAMN03893089	Staphylococcus aureus	keep	colonization-context audit	Homo sapiens	Homo sapiens	Homo sapiens	9606			carrier			clinical/host-associated material					clinical/host-associated material | clinical/host-associated material | nasal cavity/sinus/upper respiratory tract | nasal carriage
GCA_039545565.1	SAMN41107056	Acinetobacter baumannii	keep	colonization-context audit	Homo sapiens	Homo sapiens	Homo sapiens	9606			carrier			clinical/host-associated material					clinical/host-associated material | clinical/host-associated material | Carriage
GCA_000245535.1	SAMN02603101	Salmonella enterica subsp. enterica serovar Typhi str. P-stx-12	keep	colonization-context audit	Homo sapiens	Homo sapiens	Homo sapiens	9606			carrier			clinical/host-associated material					clinical/host-associated material | clinical/host-associated material | typhoid carrier
GCA_001244655.1	SAMEA859939	Yersinia pseudotuberculosis	keep	colonization-context audit	Homo sapiens	Homo sapiens	Homo sapiens	9606			carrier			clinical/host-associated material	nasopharynx/oropharynx				nasopharynx/oropharynx | upper respiratory tract | clinical/host-associated material | clinical/host-associated material | nasopharynx/oropharynx | nasopharynx | nasopharynx
GCA_002097115.1	SAMN06546692	Staphylococcus aureus	keep	colonization-context audit	Homo sapiens	Homo sapiens	Homo sapiens	9606			carrier								Carriage sample
GCA_028659155.1	SAMEA11322466	Staphylococcus aureus	keep	colonization-context audit	Sus scrofa domesticus	Sus scrofa domesticus	Sus scrofa domesticus	9825			carrier								Carrier pig
GCA_034979765.1	SAMN02982683	Streptococcus pyogenes	keep	colonization-context audit	Homo sapiens	Homo sapiens	Homo sapiens	9606			carrier								human carrier
GCA_034980985.1	SAMN02982647	Streptococcus pyogenes	keep	colonization-context audit	Homo sapiens	Homo sapiens	Homo sapiens	9606			carrier								human carrier
GCA_034981005.1	SAMN02982642	Streptococcus pyogenes	keep	colonization-context audit	Homo sapiens	Homo sapiens	Homo sapiens	9606			carrier								human carrier
GCA_018767405.1	SAMN04460908	Clostridioides difficile	keep	colonization-context audit	Homo sapiens	Homo sapiens	Homo sapiens	9606			carrier		feces/stool	clinical/host-associated material	feces/stool		gut/fecal local context	host-associated gut/oral/fecal environment	feces/stool | feces/stool | clinical/host-associated material | clinical/host-associated material | gut/fecal local context | host-associated gut/oral/fecal environment | feces | Faeces | feces | Faeces
GCA_051945115.1	SAMN39605012	Staphylococcus aureus	keep	colonization-context audit	Sus scrofa domesticus	Sus scrofa domesticus	Sus scrofa domesticus	9825			carrier			clinical/host-associated material					clinical/host-associated material | clinical/host-associated material | nasal cavity/sinus/upper respiratory tract | animal nasal carriage
GCA_051946215.1	SAMN39605082	Staphylococcus aureus	keep	colonization-context audit	Equus caballus	Equus caballus	Equus caballus	9796			carrier			clinical/host-associated material					clinical/host-associated material | clinical/host-associated material | nasal cavity/sinus/upper respiratory tract | nasal carriage
GCA_052559715.1	SAMN47845921	Haemophilus influenzae	keep	colonization-context audit	Homo sapiens	Homo sapiens	Homo sapiens	9606			carrier			clinical/host-associated material	nasopharynx/oropharynx				nasopharynx/oropharynx | upper respiratory tract | clinical/host-associated material | clinical/host-associated material | nasopharynx/oropharynx | nasopharynx | nasopharynx
GCA_052559735.1	SAMN47845919	Haemophilus influenzae	keep	colonization-context audit	Homo sapiens	Homo sapiens	Homo sapiens	9606			carrier			clinical/host-associated material	nasopharynx/oropharynx				nasopharynx/oropharynx | upper respiratory tract | clinical/host-associated material | clinical/host-associated material | nasopharynx/oropharynx | nasopharynx | nasopharynx
GCA_001195265.1	SAMEA751472	Bordetella pertussis	keep	colonization-context audit	Homo sapiens	Homo sapiens	Homo sapiens	9606			carrier			clinical/host-associated material	nasopharynx/oropharynx				nasopharynx/oropharynx | upper respiratory tract | clinical/host-associated material | clinical/host-associated material | nasopharynx/oropharynx | pharynx | pharynx
GCA_030181805.1	SAMN31544751	Kingella kingae	keep	colonization-context audit	Homo sapiens	Homo sapiens	Homo sapiens	9606			carrier								
GCA_030182285.1	SAMN31544732	Kingella kingae	keep	colonization-context audit	Homo sapiens	Homo sapiens	Homo sapiens	9606			carrier								
GCA_028659095.1	SAMEA11322467	Staphylococcus aureus	keep	colonization-context audit	Sus scrofa	Sus scrofa	Sus scrofa	9823			carrier			clinical/host-associated material					clinical/host-associated material | clinical/host-associated material | Carrier wild boar
GCA_034981065.1	SAMN02982641	Streptococcus pyogenes	keep	colonization-context audit	Homo sapiens	Homo sapiens	Homo sapiens	9606			carrier								human carrier
GCA_052564815.1	SAMN47846048	Haemophilus influenzae	keep	colonization-context audit	Homo sapiens	Homo sapiens	Homo sapiens	9606			carrier			clinical/host-associated material	nasopharynx/oropharynx				nasopharynx/oropharynx | upper respiratory tract | clinical/host-associated material | clinical/host-associated material | nasopharynx/oropharynx | nasopharynx | nasopharynx
GCA_001332195.1	SAMEA751286	Bordetella pertussis	keep	colonization-context audit	Homo sapiens	Homo sapiens	Homo sapiens	9606			carrier								
GCA_018761445.1	SAMN04460893	Clostridioides difficile	keep	colonization-context audit	Homo sapiens	Homo sapiens	Homo sapiens	9606			carrier		feces/stool	clinical/host-associated material	feces/stool		gut/fecal local context	host-associated gut/oral/fecal environment	feces/stool | feces/stool | clinical/host-associated material | clinical/host-associated material | gut/fecal local context | host-associated gut/oral/fecal environment | feces | Faeces | feces | Faeces
GCA_018762925.1	SAMN04461021	Clostridioides difficile	keep	colonization-context audit	Homo sapiens	Homo sapiens	Homo sapiens	9606			carrier		feces/stool	clinical/host-associated material	feces/stool		gut/fecal local context	host-associated gut/oral/fecal environment	feces/stool | feces/stool | clinical/host-associated material | clinical/host-associated material | gut/fecal local context | host-associated gut/oral/fecal environment | feces | Faeces | feces | Faeces
GCA_042854505.1	SAMD00773216	Corynebacterium ulcerans	keep	colonization-context audit	Homo sapiens	Homo sapiens	Homo sapiens	9606			carrier			clinical/host-associated material	nasopharynx/oropharynx				nasopharynx/oropharynx | upper respiratory tract | clinical/host-associated material | clinical/host-associated material | nasopharynx/oropharynx | nasopharynx | nasopharynx
GCA_052548135.1	SAMN47845996	Haemophilus influenzae	keep	colonization-context audit	Homo sapiens	Homo sapiens	Homo sapiens	9606			carrier			clinical/host-associated material	nasopharynx/oropharynx				nasopharynx/oropharynx | upper respiratory tract | clinical/host-associated material | clinical/host-associated material | nasopharynx/oropharynx | nasopharynx | nasopharynx
GCA_052548715.1	SAMN47846137	Haemophilus influenzae	keep	colonization-context audit	Homo sapiens	Homo sapiens	Homo sapiens	9606			carrier			clinical/host-associated material	nasopharynx/oropharynx				nasopharynx/oropharynx | upper respiratory tract | clinical/host-associated material | clinical/host-associated material | nasopharynx/oropharynx | nasopharynx | nasopharynx
GCA_052560535.1	SAMN47846122	Haemophilus influenzae	keep	colonization-context audit	Homo sapiens	Homo sapiens	Homo sapiens	9606			carrier			clinical/host-associated material	nasopharynx/oropharynx				nasopharynx/oropharynx | upper respiratory tract | clinical/host-associated material | clinical/host-associated material | nasopharynx/oropharynx | nasopharynx | nasopharynx
GCA_018757195.1	SAMN04460914	Clostridioides difficile	keep	colonization-context audit	Homo sapiens	Homo sapiens	Homo sapiens	9606			carrier		feces/stool	clinical/host-associated material	feces/stool		gut/fecal local context	host-associated gut/oral/fecal environment	feces/stool | feces/stool | clinical/host-associated material | clinical/host-associated material | gut/fecal local context | host-associated gut/oral/fecal environment | feces | Faeces | feces | Faeces
GCA_018763085.1	SAMN04460895	Clostridioides difficile	keep	colonization-context audit	Homo sapiens	Homo sapiens	Homo sapiens	9606			carrier		feces/stool	clinical/host-associated material	feces/stool		gut/fecal local context	host-associated gut/oral/fecal environment	feces/stool | feces/stool | clinical/host-associated material | clinical/host-associated material | gut/fecal local context | host-associated gut/oral/fecal environment | feces | Faeces | feces | Faeces
GCA_002097025.1	SAMN06546696	Staphylococcus aureus	keep	colonization-context audit	Homo sapiens	Homo sapiens	Homo sapiens	9606			carrier								Carriage sample
GCA_034979805.1	SAMN02982684	Streptococcus pyogenes	keep	colonization-context audit	Homo sapiens	Homo sapiens	Homo sapiens	9606			carrier								human carrier
GCA_034981945.1	SAMN02982627	Streptococcus pyogenes	keep	colonization-context audit	Homo sapiens	Homo sapiens	Homo sapiens	9606			carrier								human carrier
GCA_035322325.1	SAMN38909784	Streptococcus pneumoniae	keep	colonization-context audit	Homo sapiens	Homo sapiens	Homo sapiens	9606			carrier			clinical/host-associated material					clinical/host-associated material | clinical/host-associated material | Carriage
GCA_052548375.1	SAMN47846140	Haemophilus influenzae	keep	colonization-context audit	Homo sapiens	Homo sapiens	Homo sapiens	9606			carrier			clinical/host-associated material	nasopharynx/oropharynx				nasopharynx/oropharynx | upper respiratory tract | clinical/host-associated material | clinical/host-associated material | nasopharynx/oropharynx | nasopharynx | nasopharynx
GCA_052639435.1	SAMN39605016	Staphylococcus aureus	keep	colonization-context audit	Homo sapiens	Homo sapiens	Homo sapiens	9606			carrier			clinical/host-associated material					clinical/host-associated material | clinical/host-associated material | carriage
GCA_052564695.1	SAMN47846063	Haemophilus influenzae	keep	colonization-context audit	Homo sapiens	Homo sapiens	Homo sapiens	9606			carrier			clinical/host-associated material	nasopharynx/oropharynx				nasopharynx/oropharynx | upper respiratory tract | clinical/host-associated material | clinical/host-associated material | nasopharynx/oropharynx | nasopharynx | nasopharynx
GCA_030180315.1	SAMN31544720	Kingella kingae	keep	colonization-context audit	Homo sapiens	Homo sapiens	Homo sapiens	9606			carrier								
GCA_051945775.1	SAMN39605084	Staphylococcus aureus	keep	colonization-context audit	Equus caballus	Equus caballus	Equus caballus	9796			carrier			clinical/host-associated material					clinical/host-associated material | clinical/host-associated material | nasal cavity/sinus/upper respiratory tract | nasal carriage
GCA_007000525.1	SAMN10775311	Clostridioides difficile	keep	colonization-context audit	Homo sapiens	Homo sapiens	Homo sapiens	9606			carrier		feces/stool	clinical/host-associated material	feces/stool		gut/fecal local context	host-associated gut/oral/fecal environment	feces/stool | feces/stool | clinical/host-associated material | clinical/host-associated material | gut/fecal local context | host-associated gut/oral/fecal environment | stool | stool
GCA_001981505.1	SAMN06212384	Leptospira santarosai	keep	colonization-context audit	capybara	capybara	capybara	10149			carrier			clinical/host-associated material					clinical/host-associated material | clinical/host-associated material | organ/tissue site | kidney | kidney
GCA_047909095.1	SAMN39500084	Escherichia coli	keep	colonization-context audit	Homo sapiens	Homo sapiens	Homo sapiens	9606			carrier		feces/stool	clinical/host-associated material	feces/stool				feces/stool | feces/stool | clinical/host-associated material | clinical/host-associated material | fecal carriage
GCA_028660955.1	SAMEA11322465	Staphylococcus aureus	keep	colonization-context audit	Sus scrofa domesticus	Sus scrofa domesticus	Sus scrofa domesticus	9825			carrier								Carrier pig
GCA_002097075.1	SAMN06546693	Staphylococcus aureus	keep	colonization-context audit	Homo sapiens	Homo sapiens	Homo sapiens	9606			carrier								Carriage sample
GCA_002097225.1	SAMN06546684	Staphylococcus aureus	keep	colonization-context audit	Homo sapiens	Homo sapiens	Homo sapiens	9606			carrier								Carriage sample
GCA_034979845.1	SAMN02982681	Streptococcus pyogenes	keep	colonization-context audit	Homo sapiens	Homo sapiens	Homo sapiens	9606			carrier								human carrier
GCA_001218185.1	SAMEA859860	Yersinia frederiksenii	keep	colonization-context audit	Homo sapiens	Homo sapiens	Homo sapiens	9606			carrier			clinical/host-associated material	nasopharynx/oropharynx				nasopharynx/oropharynx | upper respiratory tract | clinical/host-associated material | clinical/host-associated material | nasopharynx/oropharynx | nasopharynx | nasopharynx
GCA_023621435.1	SAMN28177557	Staphylococcus aureus	keep	colonization-context audit	Homo sapiens	Homo sapiens	Homo sapiens	9606			carrier			clinical/host-associated material					clinical/host-associated material | clinical/host-associated material | nasal cavity/sinus/upper respiratory tract | nasal carriage
GCA_025506155.1	SAMN03329645	Staphylococcus aureus	keep	colonization-context audit	Homo sapiens	Homo sapiens	Homo sapiens	9606			carrier			clinical/host-associated material					clinical/host-associated material | clinical/host-associated material | nasal cavity/sinus/upper respiratory tract | nasal carriage
GCA_030180305.1	SAMN31544719	Kingella kingae	keep	colonization-context audit	Homo sapiens	Homo sapiens	Homo sapiens	9606			carrier								
GCA_047909655.1	SAMN39500153	Escherichia coli	keep	colonization-context audit	Homo sapiens	Homo sapiens	Homo sapiens	9606			carrier		feces/stool	clinical/host-associated material	feces/stool				feces/stool | feces/stool | clinical/host-associated material | clinical/host-associated material | fecal carriage
GCA_009748455.1	SAMN10105131	Vibrio cholerae	keep	colonization-context audit	Homo sapiens	Homo sapiens	Homo sapiens	9606			carrier			clinical/host-associated material					clinical/host-associated material | clinical/host-associated material | Carrier
GCA_052561515.1	SAMN47845943	Haemophilus influenzae	keep	colonization-context audit	Homo sapiens	Homo sapiens	Homo sapiens	9606			carrier			clinical/host-associated material	nasopharynx/oropharynx				nasopharynx/oropharynx | upper respiratory tract | clinical/host-associated material | clinical/host-associated material | nasopharynx/oropharynx | nasopharynx | nasopharynx
GCA_052565315.1	SAMN47846084	Haemophilus influenzae	keep	colonization-context audit	Homo sapiens	Homo sapiens	Homo sapiens	9606			carrier			clinical/host-associated material	nasopharynx/oropharynx				nasopharynx/oropharynx | upper respiratory tract | clinical/host-associated material | clinical/host-associated material | nasopharynx/oropharynx | nasopharynx | nasopharynx
GCA_001091065.1	SAMEA859938	Yersinia kristensenii	keep	colonization-context audit	Homo sapiens	Homo sapiens	Homo sapiens	9606			carrier			clinical/host-associated material	nasopharynx/oropharynx				nasopharynx/oropharynx | upper respiratory tract | clinical/host-associated material | clinical/host-associated material | nasopharynx/oropharynx | nasopharynx | nasopharynx
GCA_022263635.1	SAMN07421072	Klebsiella pneumoniae	keep	colonization-context audit	Homo sapiens	Homo sapiens	Homo sapiens	9606			carrier			clinical/host-associated material	clinical sample			clinical/host-associated material	clinical sample | clinical/host-associated material | clinical/host-associated material | clinical/host-associated material | clinical/host-associated material | Clinical or carriage sample
GCA_052548755.1	SAMN47846159	Haemophilus influenzae	keep	colonization-context audit	Homo sapiens	Homo sapiens	Homo sapiens	9606			carrier			clinical/host-associated material	nasopharynx/oropharynx				nasopharynx/oropharynx | upper respiratory tract | clinical/host-associated material | clinical/host-associated material | nasopharynx/oropharynx | nasopharynx | nasopharynx
GCA_052549255.1	SAMN47846181	Haemophilus influenzae	keep	colonization-context audit	Homo sapiens	Homo sapiens	Homo sapiens	9606			carrier			clinical/host-associated material	nasopharynx/oropharynx				nasopharynx/oropharynx | upper respiratory tract | clinical/host-associated material | clinical/host-associated material | nasopharynx/oropharynx | nasopharynx | nasopharynx
GCA_018767565.1	SAMN04460897	Clostridioides difficile	keep	colonization-context audit	Homo sapiens	Homo sapiens	Homo sapiens	9606			carrier		feces/stool	clinical/host-associated material	feces/stool		gut/fecal local context	host-associated gut/oral/fecal environment	feces/stool | feces/stool | clinical/host-associated material | clinical/host-associated material | gut/fecal local context | host-associated gut/oral/fecal environment | feces | Faeces | feces | Faeces
GCA_002097285.1	SAMN06546682	Staphylococcus aureus	keep	colonization-context audit	Homo sapiens	Homo sapiens	Homo sapiens	9606			carrier								Carriage sample
GCA_034981885.1	SAMN02982633	Streptococcus pyogenes	keep	colonization-context audit	Homo sapiens	Homo sapiens	Homo sapiens	9606			carrier								human carrier
GCA_052560755.1	SAMN47846116	Haemophilus influenzae	keep	colonization-context audit	Homo sapiens	Homo sapiens	Homo sapiens	9606			carrier			clinical/host-associated material	nasopharynx/oropharynx				nasopharynx/oropharynx | upper respiratory tract | clinical/host-associated material | clinical/host-associated material | nasopharynx/oropharynx | nasopharynx | nasopharynx
GCA_052564495.1	SAMN47845901	Haemophilus influenzae	keep	colonization-context audit	Homo sapiens	Homo sapiens	Homo sapiens	9606			carrier			clinical/host-associated material	nasopharynx/oropharynx				nasopharynx/oropharynx | upper respiratory tract | clinical/host-associated material | clinical/host-associated material | nasopharynx/oropharynx | nasopharynx | nasopharynx
GCA_052565015.1	SAMN47846057	Haemophilus influenzae	keep	colonization-context audit	Homo sapiens	Homo sapiens	Homo sapiens	9606			carrier			clinical/host-associated material	nasopharynx/oropharynx				nasopharynx/oropharynx | upper respiratory tract | clinical/host-associated material | clinical/host-associated material | nasopharynx/oropharynx | nasopharynx | nasopharynx
GCA_022263255.1	SAMN07421131	Klebsiella pneumoniae	keep	colonization-context audit	Homo sapiens	Homo sapiens	Homo sapiens	9606			carrier			clinical/host-associated material	clinical sample			clinical/host-associated material	clinical sample | clinical/host-associated material | clinical/host-associated material | clinical/host-associated material | clinical/host-associated material | Clinical or carriage sample
GCA_022263875.1	SAMN07421116	Klebsiella pneumoniae	keep	colonization-context audit	Homo sapiens	Homo sapiens	Homo sapiens	9606			carrier			clinical/host-associated material	clinical sample			clinical/host-associated material	clinical sample | clinical/host-associated material | clinical/host-associated material | clinical/host-associated material | clinical/host-associated material | Clinical or carriage sample
GCA_055697285.1	SAMN43881104	Escherichia coli	keep	colonization-context audit	Homo sapiens	Homo sapiens	Homo sapiens	9606			carrier			clinical/host-associated material	rectal swab				rectal swab | swab | clinical/host-associated material | clinical/host-associated material | rectum/perianal region | Rectal swab/Carriage
GCA_047909295.1	SAMN39500094	Escherichia coli	keep	colonization-context audit	Homo sapiens	Homo sapiens	Homo sapiens	9606			carrier		feces/stool	clinical/host-associated material	feces/stool				feces/stool | feces/stool | clinical/host-associated material | clinical/host-associated material | fecal carriage
GCA_052559915.1	SAMN47846002	Haemophilus influenzae	keep	colonization-context audit	Homo sapiens	Homo sapiens	Homo sapiens	9606			carrier			clinical/host-associated material	nasopharynx/oropharynx				nasopharynx/oropharynx | upper respiratory tract | clinical/host-associated material | clinical/host-associated material | nasopharynx/oropharynx | nasopharynx | nasopharynx
GCA_001333115.1	SAMEA751454	Bordetella pertussis	keep	colonization-context audit	Homo sapiens	Homo sapiens	Homo sapiens	9606			carrier			clinical/host-associated material	nasopharynx/oropharynx				nasopharynx/oropharynx | upper respiratory tract | clinical/host-associated material | clinical/host-associated material | nasopharynx/oropharynx | pharynx | pharynx
GCA_001203155.1	SAMEA751444	Bordetella pertussis	keep	colonization-context audit	Homo sapiens	Homo sapiens	Homo sapiens	9606			carrier			clinical/host-associated material	nasopharynx/oropharynx				nasopharynx/oropharynx | upper respiratory tract | clinical/host-associated material | clinical/host-associated material | nasopharynx/oropharynx | pharynx | pharynx
GCA_001090165.1	SAMEA859886	Yersinia frederiksenii	keep	colonization-context audit	Homo sapiens	Homo sapiens	Homo sapiens	9606			carrier			clinical/host-associated material					clinical/host-associated material | clinical/host-associated material | nasal cavity/sinus/upper respiratory tract | nasal | nasal
GCA_009748215.1	SAMN10105140	Vibrio cholerae	keep	colonization-context audit	Homo sapiens	Homo sapiens	Homo sapiens	9606			carrier			clinical/host-associated material					clinical/host-associated material | clinical/host-associated material | Carrier
GCA_034979505.1	SAMN02982697	Streptococcus pyogenes	keep	colonization-context audit	Homo sapiens	Homo sapiens	Homo sapiens	9606			carrier								human carrier
GCA_055670725.1	SAMEA11319824	Salmonella enterica subsp. enterica serovar Typhimurium	keep	colonization-context audit	Sus scrofa domesticus	Sus scrofa domesticus	Sus scrofa domesticus	9825			carrier								Carrier pig
GCA_900067715.2	SAMEA751476	Bordetella pertussis	keep	colonization-context audit	Homo sapiens	Homo sapiens	Homo sapiens	9606			carrier			clinical/host-associated material	nasopharynx/oropharynx				nasopharynx/oropharynx | upper respiratory tract | clinical/host-associated material | clinical/host-associated material | nasopharynx/oropharynx | pharynx | pharynx
GCA_052558835.1	SAMN47845904	Haemophilus influenzae	keep	colonization-context audit	Homo sapiens	Homo sapiens	Homo sapiens	9606			carrier			clinical/host-associated material	nasopharynx/oropharynx				nasopharynx/oropharynx | upper respiratory tract | clinical/host-associated material | clinical/host-associated material | nasopharynx/oropharynx | nasopharynx | nasopharynx
GCA_022263695.1	SAMN07421093	Klebsiella pneumoniae	keep	colonization-context audit	Homo sapiens	Homo sapiens	Homo sapiens	9606			carrier			clinical/host-associated material	clinical sample			clinical/host-associated material	clinical sample | clinical/host-associated material | clinical/host-associated material | clinical/host-associated material | clinical/host-associated material | Clinical or carriage sample
GCA_052549175.1	SAMN47846154	Haemophilus influenzae	keep	colonization-context audit	Homo sapiens	Homo sapiens	Homo sapiens	9606			carrier			clinical/host-associated material	nasopharynx/oropharynx				nasopharynx/oropharynx | upper respiratory tract | clinical/host-associated material | clinical/host-associated material | nasopharynx/oropharynx | nasopharynx | nasopharynx
GCA_039555305.1	SAMN40935016	Bartonella schoenbuchensis	keep	colonization-context audit	Lipoptena fortisetosa	Lipoptena fortisetosa	Lipoptena fortisetosa	633886			carrier			clinical/host-associated material	gut content		gut/fecal local context		gut content | gut content | clinical/host-associated material | clinical/host-associated material | gut/fecal local context | gastrointestinal tract | gut | gut
GCA_001276935.1	SAMN03943765	Leptospira noguchii	keep	colonization-context audit	Cattle	Cattle	Bos taurus	9913			carrier		urine		urine				urine | clinical/host-associated material | urine from asymptomatic cattle | urine from asymptomatic cattle
GCA_047910475.1	SAMN39500129	Escherichia coli	keep	colonization-context audit	Homo sapiens	Homo sapiens	Homo sapiens	9606			carrier		feces/stool	clinical/host-associated material	feces/stool				feces/stool | feces/stool | clinical/host-associated material | clinical/host-associated material | fecal carriage
GCA_032098005.1	SAMEA7699211	Staphylococcus argenteus	keep	colonization-context audit	Homo sapiens	Homo sapiens	Homo sapiens	9606			carrier			clinical/host-associated material					clinical/host-associated material | clinical/host-associated material | carriage
GCA_022175945.1	SAMEA6654236	Klebsiella pneumoniae	keep	colonization-context audit	Homo sapiens	Homo sapiens	Homo sapiens	9606			carrier			clinical/host-associated material					clinical/host-associated material | clinical/host-associated material | Carriage
GCA_001319245.1	SAMEA751270	Bordetella pertussis	keep	colonization-context audit	Homo sapiens	Homo sapiens	Homo sapiens	9606			carrier								
GCA_030181565.1	SAMN31544749	Kingella kingae	keep	colonization-context audit	Homo sapiens	Homo sapiens	Homo sapiens	9606			carrier								
GCA_030182225.1	SAMN31544734	Kingella kingae	keep	colonization-context audit	Homo sapiens	Homo sapiens	Homo sapiens	9606			carrier								
GCA_030182365.1	SAMN31544714	Kingella kingae	keep	colonization-context audit	Homo sapiens	Homo sapiens	Homo sapiens	9606			carrier								
GCA_045354685.1	SAMN39605041	Staphylococcus aureus	keep	colonization-context audit	Homo sapiens	Homo sapiens	Homo sapiens	9606			carrier			clinical/host-associated material					clinical/host-associated material | clinical/host-associated material | nasal cavity/sinus/upper respiratory tract | nasal carriage
GCA_009747085.1	SAMN10105197	Vibrio cholerae	keep	colonization-context audit	Homo sapiens	Homo sapiens	Homo sapiens	9606			carrier			clinical/host-associated material					clinical/host-associated material | clinical/host-associated material | Carrier
GCA_034979925.1	SAMN02982677	Streptococcus pyogenes	keep	colonization-context audit	Homo sapiens	Homo sapiens	Homo sapiens	9606			carrier								human carrier
GCA_054750285.1	SAMD00752290	Helicobacter pylori	keep	colonization-context audit	Homo sapiens	Homo sapiens	Homo sapiens	9606			carrier								
GCA_054750265.1	SAMD00752291	Helicobacter pylori	keep	colonization-context audit	Homo sapiens	Homo sapiens	Homo sapiens	9606			carrier								
GCA_026061295.1	SAMN11265054	Citrobacter koseri	keep	colonization-context audit	Homo sapiens	Homo sapiens	Homo sapiens	9606			carrier		feces/stool	feces/stool					feces/stool | feces/stool | Stool | Stool
GCA_018761245.1	SAMN04460920	Clostridioides difficile	keep	colonization-context audit	Homo sapiens	Homo sapiens	Homo sapiens	9606			carrier		feces/stool	clinical/host-associated material	feces/stool		gut/fecal local context	host-associated gut/oral/fecal environment	feces/stool | feces/stool | clinical/host-associated material | clinical/host-associated material | gut/fecal local context | host-associated gut/oral/fecal environment | feces | Faeces | feces | Faeces
GCA_022263855.1	SAMN07421126	Klebsiella pneumoniae	keep	colonization-context audit	Homo sapiens	Homo sapiens	Homo sapiens	9606			carrier			clinical/host-associated material	clinical sample			clinical/host-associated material	clinical sample | clinical/host-associated material | clinical/host-associated material | clinical/host-associated material | clinical/host-associated material | Clinical or carriage sample
GCA_029852505.1	SAMN04605559	Staphylococcus aureus	keep	colonization-context audit	Homo sapiens	Homo sapiens	Homo sapiens	9606			carrier			clinical/host-associated material					clinical/host-associated material | clinical/host-associated material | nasal cavity/sinus/upper respiratory tract | nasal carriage
GCA_055556555.1	SAMN43881092	Escherichia coli	keep	colonization-context audit	Homo sapiens	Homo sapiens	Homo sapiens	9606			carrier			clinical/host-associated material	rectal swab				rectal swab | swab | clinical/host-associated material | clinical/host-associated material | rectum/perianal region | Rectal swab/Carriage
GCA_052548935.1	SAMN47846168	Haemophilus influenzae	keep	colonization-context audit	Homo sapiens	Homo sapiens	Homo sapiens	9606			carrier			clinical/host-associated material	nasopharynx/oropharynx				nasopharynx/oropharynx | upper respiratory tract | clinical/host-associated material | clinical/host-associated material | nasopharynx/oropharynx | nasopharynx | nasopharynx
GCA_047910615.1	SAMN39500137	Escherichia coli	keep	colonization-context audit	Homo sapiens	Homo sapiens	Homo sapiens	9606			carrier		feces/stool	clinical/host-associated material	feces/stool				feces/stool | feces/stool | clinical/host-associated material | clinical/host-associated material | fecal carriage
GCA_036314005.1	SAMN38468377	Escherichia coli	keep	colonization-context audit	Zophobas morio	Zophobas morio	Zophobas morio	2755281			colonized		tissue	clinical/host-associated material	tissue				tissue | tissue | clinical/host-associated material | clinical/host-associated material | Homogenized tissue of Zophobas morio larvae colonized with Ec-4901.28 at T28 exp 11
GCA_001319625.1	SAMEA859878	Yersinia kristensenii	keep	colonization-context audit	Homo sapiens	Homo sapiens	Homo sapiens	9606			carrier			clinical/host-associated material	nasopharynx/oropharynx				nasopharynx/oropharynx | upper respiratory tract | clinical/host-associated material | clinical/host-associated material | nasopharynx/oropharynx | nasopharynx | nasopharynx
GCA_023621515.1	SAMN28177552	Staphylococcus aureus	keep	colonization-context audit	Homo sapiens	Homo sapiens	Homo sapiens	9606			carrier			clinical/host-associated material					clinical/host-associated material | clinical/host-associated material | nasal cavity/sinus/upper respiratory tract | nasal carriage
GCA_042847125.1	SAMD00773217	Serratia rubidaea	keep	colonization-context audit	Homo sapiens	Homo sapiens	Homo sapiens	9606			carrier			clinical/host-associated material	nasopharynx/oropharynx				nasopharynx/oropharynx | upper respiratory tract | clinical/host-associated material | clinical/host-associated material | nasopharynx/oropharynx | nasopharynx | nasopharynx
GCA_002097205.1	SAMN06546685	Staphylococcus aureus	keep	colonization-context audit	Homo sapiens	Homo sapiens	Homo sapiens	9606			carrier								Carriage sample
GCA_002097435.1	SAMN06546695	Staphylococcus aureus	keep	colonization-context audit	Homo sapiens	Homo sapiens	Homo sapiens	9606			carrier								Carriage sample
GCA_034981965.1	SAMN02982628	Streptococcus pyogenes	keep	colonization-context audit	Homo sapiens	Homo sapiens	Homo sapiens	9606			carrier								human carrier
GCA_052548355.1	SAMN47846138	Haemophilus influenzae	keep	colonization-context audit	Homo sapiens	Homo sapiens	Homo sapiens	9606			carrier			clinical/host-associated material	nasopharynx/oropharynx				nasopharynx/oropharynx | upper respiratory tract | clinical/host-associated material | clinical/host-associated material | nasopharynx/oropharynx | nasopharynx | nasopharynx
GCA_052565075.1	SAMN47846070	Haemophilus influenzae	keep	colonization-context audit	Homo sapiens	Homo sapiens	Homo sapiens	9606			carrier			clinical/host-associated material	nasopharynx/oropharynx				nasopharynx/oropharynx | upper respiratory tract | clinical/host-associated material | clinical/host-associated material | nasopharynx/oropharynx | nasopharynx | nasopharynx
GCA_023621455.1	SAMN28177556	Staphylococcus aureus	keep	colonization-context audit	Homo sapiens	Homo sapiens	Homo sapiens	9606			carrier			clinical/host-associated material					clinical/host-associated material | clinical/host-associated material | nasal cavity/sinus/upper respiratory tract | nasal carriage
GCA_025506175.1	SAMN03333289	Staphylococcus aureus	keep	colonization-context audit	Homo sapiens	Homo sapiens	Homo sapiens	9606			carrier			clinical/host-associated material					clinical/host-associated material | clinical/host-associated material | nasal cavity/sinus/upper respiratory tract | Nasal carriage
GCA_030180365.1	SAMN31544715	Kingella kingae	keep	colonization-context audit	Homo sapiens	Homo sapiens	Homo sapiens	9606			carrier								
GCA_052547895.1	SAMN47845980	Haemophilus influenzae	keep	colonization-context audit	Homo sapiens	Homo sapiens	Homo sapiens	9606			carrier			clinical/host-associated material	nasopharynx/oropharynx				nasopharynx/oropharynx | upper respiratory tract | clinical/host-associated material | clinical/host-associated material | nasopharynx/oropharynx | nasopharynx | nasopharynx
GCA_052626525.1	SAMN47846059	Haemophilus influenzae	keep	colonization-context audit	Homo sapiens	Homo sapiens	Homo sapiens	9606			carrier			clinical/host-associated material	nasopharynx/oropharynx				nasopharynx/oropharynx | upper respiratory tract | clinical/host-associated material | clinical/host-associated material | nasopharynx/oropharynx | nasopharynx | nasopharynx
GCA_047909955.1	SAMN39500105	Escherichia coli	keep	colonization-context audit	Homo sapiens	Homo sapiens	Homo sapiens	9606			carrier		feces/stool	clinical/host-associated material	feces/stool				feces/stool | feces/stool | clinical/host-associated material | clinical/host-associated material | fecal carriage
GCA_001333075.1	SAMEA751449	Bordetella pertussis	keep	colonization-context audit	Homo sapiens	Homo sapiens	Homo sapiens	9606			carrier			clinical/host-associated material	nasopharynx/oropharynx				nasopharynx/oropharynx | upper respiratory tract | clinical/host-associated material | clinical/host-associated material | nasopharynx/oropharynx | pharynx | pharynx
GCA_001144105.1	SAMEA859911	Yersinia pseudotuberculosis	keep	colonization-context audit	Homo sapiens	Homo sapiens	Homo sapiens	9606			carrier			clinical/host-associated material					clinical/host-associated material | clinical/host-associated material | nasal cavity/sinus/upper respiratory tract | nasal | nasal
GCA_001212505.1	SAMEA751339	Bordetella pertussis	keep	colonization-context audit	Homo sapiens	Homo sapiens	Homo sapiens	9606			carrier								
GCA_034979645.1	SAMN02982691	Streptococcus pyogenes	keep	colonization-context audit	Homo sapiens	Homo sapiens	Homo sapiens	9606			carrier								human carrier
GCA_035321805.1	SAMN38909782	Streptococcus pneumoniae	keep	colonization-context audit	Homo sapiens	Homo sapiens	Homo sapiens	9606			carrier			clinical/host-associated material					clinical/host-associated material | clinical/host-associated material | Carriage
GCA_035321845.1	SAMN38909800	Streptococcus pneumoniae	keep	colonization-context audit	Homo sapiens	Homo sapiens	Homo sapiens	9606			carrier			clinical/host-associated material					clinical/host-associated material | clinical/host-associated material | Carriage
GCA_035322475.1	SAMN38909785	Streptococcus pneumoniae	keep	colonization-context audit	Homo sapiens	Homo sapiens	Homo sapiens	9606			carrier			clinical/host-associated material					clinical/host-associated material | clinical/host-associated material | Carriage
GCA_052558915.1	SAMN47845907	Haemophilus influenzae	keep	colonization-context audit	Homo sapiens	Homo sapiens	Homo sapiens	9606			carrier			clinical/host-associated material	nasopharynx/oropharynx				nasopharynx/oropharynx | upper respiratory tract | clinical/host-associated material | clinical/host-associated material | nasopharynx/oropharynx | nasopharynx | nasopharynx
GCA_052564375.1	SAMN47845893	Haemophilus influenzae	keep	colonization-context audit	Homo sapiens	Homo sapiens	Homo sapiens	9606			carrier			clinical/host-associated material	nasopharynx/oropharynx				nasopharynx/oropharynx | upper respiratory tract | clinical/host-associated material | clinical/host-associated material | nasopharynx/oropharynx | nasopharynx | nasopharynx
GCA_054750145.1	SAMD00752297	Helicobacter pylori	keep	colonization-context audit	Homo sapiens	Homo sapiens	Homo sapiens	9606			carrier								
GCA_001158505.1	SAMEA859900	Yersinia kristensenii	keep	colonization-context audit	Homo sapiens	Homo sapiens	Homo sapiens	9606			carrier			clinical/host-associated material	nasopharynx/oropharynx				nasopharynx/oropharynx | upper respiratory tract | clinical/host-associated material | clinical/host-associated material | nasopharynx/oropharynx | nasopharynx | nasopharynx
GCA_022263035.1	SAMN07421138	Klebsiella pneumoniae	keep	colonization-context audit	Homo sapiens	Homo sapiens	Homo sapiens	9606			carrier			clinical/host-associated material	clinical sample			clinical/host-associated material	clinical sample | clinical/host-associated material | clinical/host-associated material | clinical/host-associated material | clinical/host-associated material | Clinical or carriage sample
GCA_022263415.1	SAMN07421121	Klebsiella pneumoniae	keep	colonization-context audit	Homo sapiens	Homo sapiens	Homo sapiens	9606			carrier			clinical/host-associated material	clinical sample			clinical/host-associated material	clinical sample | clinical/host-associated material | clinical/host-associated material | clinical/host-associated material | clinical/host-associated material | Clinical or carriage sample
GCA_022263435.1	SAMN07421139	Klebsiella pneumoniae	keep	colonization-context audit	Homo sapiens	Homo sapiens	Homo sapiens	9606			carrier			clinical/host-associated material	clinical sample			clinical/host-associated material	clinical sample | clinical/host-associated material | clinical/host-associated material | clinical/host-associated material | clinical/host-associated material | Clinical or carriage sample
GCA_022263715.1	SAMN07421109	Klebsiella pneumoniae	keep	colonization-context audit	Homo sapiens	Homo sapiens	Homo sapiens	9606			carrier			clinical/host-associated material	clinical sample			clinical/host-associated material	clinical sample | clinical/host-associated material | clinical/host-associated material | clinical/host-associated material | clinical/host-associated material | Clinical or carriage sample
GCA_047910515.1	SAMN39500130	Escherichia coli	keep	colonization-context audit	Homo sapiens	Homo sapiens	Homo sapiens	9606			carrier		feces/stool	clinical/host-associated material	feces/stool				feces/stool | feces/stool | clinical/host-associated material | clinical/host-associated material | fecal carriage
GCA_049096315.1	SAMN32691228	Klebsiella pneumoniae	keep	colonization-context audit	Homo sapiens	Homo sapiens	Homo sapiens	9606			carrier			clinical/host-associated material					clinical/host-associated material | clinical/host-associated material | rectum/perianal region | Rectal carriage
GCA_052547855.1	SAMN47845979	Haemophilus influenzae	keep	colonization-context audit	Homo sapiens	Homo sapiens	Homo sapiens	9606			carrier			clinical/host-associated material	nasopharynx/oropharynx				nasopharynx/oropharynx | upper respiratory tract | clinical/host-associated material | clinical/host-associated material | nasopharynx/oropharynx | nasopharynx | nasopharynx
GCA_051946135.1	SAMN39605003	Staphylococcus aureus	keep	colonization-context audit	Sus scrofa domesticus	Sus scrofa domesticus	Sus scrofa domesticus	9825			carrier			clinical/host-associated material					clinical/host-associated material | clinical/host-associated material | nasal cavity/sinus/upper respiratory tract | animal nasal carriage
GCA_049059705.1	SAMEA115674876	Staphylococcus aureus	keep	colonization-context audit	Felis catus	Felis catus	Felis catus	9685			carrier			clinical/host-associated material					clinical/host-associated material | clinical/host-associated material | nasal cavity/sinus/upper respiratory tract | nasal carriage
GCA_049059925.1	SAMEA115674869	Staphylococcus aureus	keep	colonization-context audit	Felis catus	Felis catus	Felis catus	9685			carrier			clinical/host-associated material					clinical/host-associated material | clinical/host-associated material | nasal cavity/sinus/upper respiratory tract | nasal carriage
GCA_023621395.1	SAMN28177559	Staphylococcus aureus	keep	colonization-context audit	Homo sapiens	Homo sapiens	Homo sapiens	9606			carrier			clinical/host-associated material					clinical/host-associated material | clinical/host-associated material | nasal cavity/sinus/upper respiratory tract | nasal carriage
GCA_001114105.1	SAMEA859913	Yersinia similis	keep	colonization-context audit	Homo sapiens	Homo sapiens	Homo sapiens	9606			carrier			clinical/host-associated material	nasopharynx/oropharynx				nasopharynx/oropharynx | upper respiratory tract | clinical/host-associated material | clinical/host-associated material | nasopharynx/oropharynx | nasopharynx | nasopharynx
GCA_001140625.1	SAMEA859929	Yersinia similis	keep	colonization-context audit	Homo sapiens	Homo sapiens	Homo sapiens	9606			carrier			clinical/host-associated material	nasopharynx/oropharynx				nasopharynx/oropharynx | upper respiratory tract | clinical/host-associated material | clinical/host-associated material | nasopharynx/oropharynx | nasopharynx | nasopharynx
GCA_028658975.1	SAMEA11322481	Staphylococcus aureus	keep	colonization-context audit	Sus scrofa domesticus	Sus scrofa domesticus	Sus scrofa domesticus	9825			carrier								Carrier pig
GCA_034981985.1	SAMN02982626	Streptococcus pyogenes	keep	colonization-context audit	Homo sapiens	Homo sapiens	Homo sapiens	9606			carrier								human carrier
GCA_035322985.1	SAMN38909787	Streptococcus pneumoniae	keep	colonization-context audit	Homo sapiens	Homo sapiens	Homo sapiens	9606			carrier			clinical/host-associated material					clinical/host-associated material | clinical/host-associated material | Carriage
GCA_052560635.1	SAMN47846106	Haemophilus influenzae	keep	colonization-context audit	Homo sapiens	Homo sapiens	Homo sapiens	9606			carrier			clinical/host-associated material	nasopharynx/oropharynx				nasopharynx/oropharynx | upper respiratory tract | clinical/host-associated material | clinical/host-associated material | nasopharynx/oropharynx | nasopharynx | nasopharynx
GCA_052561575.1	SAMN47845949	Haemophilus influenzae	keep	colonization-context audit	Homo sapiens	Homo sapiens	Homo sapiens	9606			carrier			clinical/host-associated material	nasopharynx/oropharynx				nasopharynx/oropharynx | upper respiratory tract | clinical/host-associated material | clinical/host-associated material | nasopharynx/oropharynx | nasopharynx | nasopharynx
GCA_052561795.1	SAMN47845957	Haemophilus influenzae	keep	colonization-context audit	Homo sapiens	Homo sapiens	Homo sapiens	9606			carrier			clinical/host-associated material	nasopharynx/oropharynx				nasopharynx/oropharynx | upper respiratory tract | clinical/host-associated material | clinical/host-associated material | nasopharynx/oropharynx | nasopharynx | nasopharynx
GCA_018756435.1	SAMN04460964	Clostridioides difficile	keep	colonization-context audit	Homo sapiens	Homo sapiens	Homo sapiens	9606			carrier		feces/stool	clinical/host-associated material	feces/stool		gut/fecal local context	host-associated gut/oral/fecal environment	feces/stool | feces/stool | clinical/host-associated material | clinical/host-associated material | gut/fecal local context | host-associated gut/oral/fecal environment | feces | Faeces | feces | Faeces
GCA_001200095.1	SAMEA751456	Bordetella pertussis	keep	colonization-context audit	Homo sapiens	Homo sapiens	Homo sapiens	9606			carrier			clinical/host-associated material	nasopharynx/oropharynx				nasopharynx/oropharynx | upper respiratory tract | clinical/host-associated material | clinical/host-associated material | nasopharynx/oropharynx | pharynx | pharynx
GCA_007001485.1	SAMN10775307	Clostridioides difficile	keep	colonization-context audit	Homo sapiens	Homo sapiens	Homo sapiens	9606			carrier		feces/stool	clinical/host-associated material	feces/stool		gut/fecal local context	host-associated gut/oral/fecal environment	feces/stool | feces/stool | clinical/host-associated material | clinical/host-associated material | gut/fecal local context | host-associated gut/oral/fecal environment | stool | stool
GCA_022263155.1	SAMN07421108	Klebsiella pneumoniae	keep	colonization-context audit	Homo sapiens	Homo sapiens	Homo sapiens	9606			carrier			clinical/host-associated material	clinical sample			clinical/host-associated material	clinical sample | clinical/host-associated material | clinical/host-associated material | clinical/host-associated material | clinical/host-associated material | Clinical or carriage sample
GCA_047910275.1	SAMN39500120	Escherichia coli	keep	colonization-context audit	Homo sapiens	Homo sapiens	Homo sapiens	9606			carrier		feces/stool	clinical/host-associated material	feces/stool				feces/stool | feces/stool | clinical/host-associated material | clinical/host-associated material | fecal carriage
GCA_052564555.1	SAMN47846036	Haemophilus influenzae	keep	colonization-context audit	Homo sapiens	Homo sapiens	Homo sapiens	9606			carrier			clinical/host-associated material	nasopharynx/oropharynx				nasopharynx/oropharynx | upper respiratory tract | clinical/host-associated material | clinical/host-associated material | nasopharynx/oropharynx | nasopharynx | nasopharynx
GCA_028662675.1	SAMEA11322471	Staphylococcus aureus	keep	colonization-context audit	Bos taurus	Bos taurus	Bos taurus	9913			carrier								Carrier cattle
GCA_029852345.1	SAMN03893090	Staphylococcus aureus	keep	colonization-context audit	Homo sapiens	Homo sapiens	Homo sapiens	9606			carrier			clinical/host-associated material					clinical/host-associated material | clinical/host-associated material | nasal cavity/sinus/upper respiratory tract | nasal carriage
GCA_001333155.1	SAMEA751458	Bordetella pertussis	keep	colonization-context audit	Homo sapiens	Homo sapiens	Homo sapiens	9606			carrier			clinical/host-associated material	nasopharynx/oropharynx				nasopharynx/oropharynx | upper respiratory tract | clinical/host-associated material | clinical/host-associated material | nasopharynx/oropharynx | pharynx | pharynx
GCA_001088505.1	SAMEA859852	Yersinia intermedia	keep	colonization-context audit	Homo sapiens	Homo sapiens	Homo sapiens	9606			carrier			clinical/host-associated material	nasopharynx/oropharynx				nasopharynx/oropharynx | upper respiratory tract | clinical/host-associated material | clinical/host-associated material | nasopharynx/oropharynx | nasopharynx | nasopharynx
GCA_018764145.1	SAMN04460988	Clostridioides difficile	keep	colonization-context audit	Homo sapiens	Homo sapiens	Homo sapiens	9606			carrier		feces/stool	clinical/host-associated material	feces/stool		gut/fecal local context	host-associated gut/oral/fecal environment	feces/stool | feces/stool | clinical/host-associated material | clinical/host-associated material | gut/fecal local context | host-associated gut/oral/fecal environment | feces | Faeces | feces | Faeces
GCA_002097045.1	SAMN06546694	Staphylococcus aureus	keep	colonization-context audit	Homo sapiens	Homo sapiens	Homo sapiens	9606			carrier								Carriage sample
GCA_002097125.1	SAMN06546690	Staphylococcus aureus	keep	colonization-context audit	Homo sapiens	Homo sapiens	Homo sapiens	9606			carrier								Carriage sample
GCA_022175965.1	SAMEA6654234	Klebsiella pneumoniae	keep	colonization-context audit	Homo sapiens	Homo sapiens	Homo sapiens	9606			carrier			clinical/host-associated material					clinical/host-associated material | clinical/host-associated material | Carriage
GCA_022176025.1	SAMEA6654230	Klebsiella pneumoniae	keep	colonization-context audit	Homo sapiens	Homo sapiens	Homo sapiens	9606			carrier			clinical/host-associated material					clinical/host-associated material | clinical/host-associated material | Carriage
GCA_035321585.1	SAMN38909795	Streptococcus pneumoniae	keep	colonization-context audit	Homo sapiens	Homo sapiens	Homo sapiens	9606			carrier			clinical/host-associated material					clinical/host-associated material | clinical/host-associated material | Carriage
GCA_052565295.1	SAMN47846083	Haemophilus influenzae	keep	colonization-context audit	Homo sapiens	Homo sapiens	Homo sapiens	9606			carrier			clinical/host-associated material	nasopharynx/oropharynx				nasopharynx/oropharynx | upper respiratory tract | clinical/host-associated material | clinical/host-associated material | nasopharynx/oropharynx | nasopharynx | nasopharynx
GCA_052564395.1	SAMN47845913	Haemophilus influenzae	keep	colonization-context audit	Homo sapiens	Homo sapiens	Homo sapiens	9606			carrier			clinical/host-associated material	nasopharynx/oropharynx				nasopharynx/oropharynx | upper respiratory tract | clinical/host-associated material | clinical/host-associated material | nasopharynx/oropharynx | nasopharynx | nasopharynx
GCA_047909275.1	SAMN39500092	Escherichia coli	keep	colonization-context audit	Homo sapiens	Homo sapiens	Homo sapiens	9606			carrier		feces/stool	clinical/host-associated material	feces/stool				feces/stool | feces/stool | clinical/host-associated material | clinical/host-associated material | fecal carriage
GCA_052560615.1	SAMN47846105	Haemophilus influenzae	keep	colonization-context audit	Homo sapiens	Homo sapiens	Homo sapiens	9606			carrier			clinical/host-associated material	nasopharynx/oropharynx				nasopharynx/oropharynx | upper respiratory tract | clinical/host-associated material | clinical/host-associated material | nasopharynx/oropharynx | nasopharynx | nasopharynx
GCA_001952675.1	SAMN06212381	Leptospira santarosai serovar Grippotyphosa	keep	colonization-context audit	bovine	bovine	Bos taurus	9913			carrier		urine	clinical/host-associated material	urine				urine | clinical/host-associated material | clinical/host-associated material | clinical/host-associated material | urine | urine
GCA_030182385.1	SAMN31544717	Kingella kingae	keep	colonization-context audit	Homo sapiens	Homo sapiens	Homo sapiens	9606			carrier								
GCA_017909485.1	SAMN11883759	Acinetobacter baumannii	keep	colonization-context audit	Homo sapiens	Homo sapiens	Homo sapiens	9606			carrier			clinical/host-associated material					clinical/host-associated material | clinical/host-associated material | Unhealthy carrier
GCA_034979425.1	SAMN02982705	Streptococcus pyogenes	keep	colonization-context audit	Homo sapiens	Homo sapiens	Homo sapiens	9606			carrier								human carrier
GCA_034980825.1	SAMN02982654	Streptococcus pyogenes	keep	colonization-context audit	Homo sapiens	Homo sapiens	Homo sapiens	9606			carrier								human carrier
GCA_052548015.1	SAMN47845987	Haemophilus influenzae	keep	colonization-context audit	Homo sapiens	Homo sapiens	Homo sapiens	9606			carrier			clinical/host-associated material	nasopharynx/oropharynx				nasopharynx/oropharynx | upper respiratory tract | clinical/host-associated material | clinical/host-associated material | nasopharynx/oropharynx | nasopharynx | nasopharynx
GCA_052548395.1	SAMN47846141	Haemophilus influenzae	keep	colonization-context audit	Homo sapiens	Homo sapiens	Homo sapiens	9606			carrier			clinical/host-associated material	nasopharynx/oropharynx				nasopharynx/oropharynx | upper respiratory tract | clinical/host-associated material | clinical/host-associated material | nasopharynx/oropharynx | nasopharynx | nasopharynx
GCA_052561695.1	SAMN47845953	Haemophilus influenzae	keep	colonization-context audit	Homo sapiens	Homo sapiens	Homo sapiens	9606			carrier			clinical/host-associated material	nasopharynx/oropharynx				nasopharynx/oropharynx | upper respiratory tract | clinical/host-associated material | clinical/host-associated material | nasopharynx/oropharynx | nasopharynx | nasopharynx
GCA_052564875.1	SAMN47846051	Haemophilus influenzae	keep	colonization-context audit	Homo sapiens	Homo sapiens	Homo sapiens	9606			carrier			clinical/host-associated material	nasopharynx/oropharynx				nasopharynx/oropharynx | upper respiratory tract | clinical/host-associated material | clinical/host-associated material | nasopharynx/oropharynx | nasopharynx | nasopharynx
GCA_007001605.1	SAMN10775315	Clostridioides difficile	keep	colonization-context audit	Homo sapiens	Homo sapiens	Homo sapiens	9606			carrier		feces/stool	clinical/host-associated material	feces/stool		gut/fecal local context	host-associated gut/oral/fecal environment	feces/stool | feces/stool | clinical/host-associated material | clinical/host-associated material | gut/fecal local context | host-associated gut/oral/fecal environment | stool | stool
GCA_003202285.1	SAMN05284053	Prauserella muralis	clear	colonization-context audit	absent	absent					colonized			environmental material	culture	wastewater			culture | culture | environmental material | environmental material | wastewater | mold-colonized wall of an indoor environment | pure culture | mold-colonized wall of an indoor environment | pure culture
GCA_022263555.1	SAMN07421150	Klebsiella pneumoniae	keep	colonization-context audit	Homo sapiens	Homo sapiens	Homo sapiens	9606			carrier			clinical/host-associated material	clinical sample			clinical/host-associated material	clinical sample | clinical/host-associated material | clinical/host-associated material | clinical/host-associated material | clinical/host-associated material | Clinical or carriage sample
GCA_049096295.1	SAMN32691218	Klebsiella pneumoniae	keep	colonization-context audit	Homo sapiens	Homo sapiens	Homo sapiens	9606			carrier			clinical/host-associated material					clinical/host-associated material | clinical/host-associated material | rectum/perianal region | Rectal carriage
GCA_049059545.1	SAMEA115674880	Staphylococcus aureus	keep	colonization-context audit	Felis catus	Felis catus	Felis catus	9685			carrier			clinical/host-associated material					clinical/host-associated material | clinical/host-associated material | nasal cavity/sinus/upper respiratory tract | nasal carriage
GCA_040436335.1	SAMD00770387	Clostridioides difficile	keep	colonization-context audit	Homo sapiens	Homo sapiens	Homo sapiens	9606			carrier			clinical/host-associated material	nasopharynx/oropharynx				nasopharynx/oropharynx | upper respiratory tract | clinical/host-associated material | clinical/host-associated material | nasopharynx/oropharynx | nasopharynx | nasopharynx
GCA_052548625.1	SAMN47846171	Haemophilus influenzae	keep	colonization-context audit	Homo sapiens	Homo sapiens	Homo sapiens	9606			carrier			clinical/host-associated material	nasopharynx/oropharynx				nasopharynx/oropharynx | upper respiratory tract | clinical/host-associated material | clinical/host-associated material | nasopharynx/oropharynx | nasopharynx | nasopharynx
GCA_052548855.1	SAMN47846164	Haemophilus influenzae	keep	colonization-context audit	Homo sapiens	Homo sapiens	Homo sapiens	9606			carrier			clinical/host-associated material	nasopharynx/oropharynx				nasopharynx/oropharynx | upper respiratory tract | clinical/host-associated material | clinical/host-associated material | nasopharynx/oropharynx | nasopharynx | nasopharynx
GCA_052548915.1	SAMN47846167	Haemophilus influenzae	keep	colonization-context audit	Homo sapiens	Homo sapiens	Homo sapiens	9606			carrier			clinical/host-associated material	nasopharynx/oropharynx				nasopharynx/oropharynx | upper respiratory tract | clinical/host-associated material | clinical/host-associated material | nasopharynx/oropharynx | nasopharynx | nasopharynx
GCA_049060205.1	SAMEA115674864	Staphylococcus aureus	keep	colonization-context audit	Felis catus	Felis catus	Felis catus	9685			carrier			clinical/host-associated material					clinical/host-associated material | clinical/host-associated material | nasal cavity/sinus/upper respiratory tract | nasal carriage
GCA_009747185.1	SAMN10105192	Vibrio cholerae	keep	colonization-context audit	Homo sapiens	Homo sapiens	Homo sapiens	9606			carrier			clinical/host-associated material					clinical/host-associated material | clinical/host-associated material | Carrier
GCA_034979485.1	SAMN02982700	Streptococcus pyogenes	keep	colonization-context audit	Homo sapiens	Homo sapiens	Homo sapiens	9606			carrier								human carrier
GCA_035323495.1	SAMN38909788	Streptococcus pneumoniae	keep	colonization-context audit	Homo sapiens	Homo sapiens	Homo sapiens	9606			carrier			clinical/host-associated material					clinical/host-associated material | clinical/host-associated material | Carriage
GCA_052564295.1	SAMN47845887	Haemophilus influenzae	keep	colonization-context audit	Homo sapiens	Homo sapiens	Homo sapiens	9606			carrier			clinical/host-associated material	nasopharynx/oropharynx				nasopharynx/oropharynx | upper respiratory tract | clinical/host-associated material | clinical/host-associated material | nasopharynx/oropharynx | nasopharynx | nasopharynx
GCA_001211165.1	SAMEA751437	Bordetella pertussis	keep	colonization-context audit	Homo sapiens	Homo sapiens	Homo sapiens	9606			carrier			clinical/host-associated material	nasopharynx/oropharynx				nasopharynx/oropharynx | upper respiratory tract | clinical/host-associated material | clinical/host-associated material | nasopharynx/oropharynx | pharynx | pharynx
GCA_042847085.1	SAMD00773212	Corynebacterium ulcerans	keep	colonization-context audit	Homo sapiens	Homo sapiens	Homo sapiens	9606			carrier			clinical/host-associated material	nasopharynx/oropharynx				nasopharynx/oropharynx | upper respiratory tract | clinical/host-associated material | clinical/host-associated material | nasopharynx/oropharynx | nasopharynx | nasopharynx
GCA_047910055.1	SAMN39500110	Escherichia coli	keep	colonization-context audit	Homo sapiens	Homo sapiens	Homo sapiens	9606			carrier		feces/stool	clinical/host-associated material	feces/stool				feces/stool | feces/stool | clinical/host-associated material | clinical/host-associated material | fecal carriage
GCA_052547795.1	SAMN47845973	Haemophilus influenzae	keep	colonization-context audit	Homo sapiens	Homo sapiens	Homo sapiens	9606			carrier			clinical/host-associated material	nasopharynx/oropharynx				nasopharynx/oropharynx | upper respiratory tract | clinical/host-associated material | clinical/host-associated material | nasopharynx/oropharynx | nasopharynx | nasopharynx
GCA_052559875.1	SAMN47845931	Haemophilus influenzae	keep	colonization-context audit	Homo sapiens	Homo sapiens	Homo sapiens	9606			carrier			clinical/host-associated material	nasopharynx/oropharynx				nasopharynx/oropharynx | upper respiratory tract | clinical/host-associated material | clinical/host-associated material | nasopharynx/oropharynx | nasopharynx | nasopharynx
GCA_052560115.1	SAMN47846009	Haemophilus influenzae	keep	colonization-context audit	Homo sapiens	Homo sapiens	Homo sapiens	9606			carrier			clinical/host-associated material	nasopharynx/oropharynx				nasopharynx/oropharynx | upper respiratory tract | clinical/host-associated material | clinical/host-associated material | nasopharynx/oropharynx | nasopharynx | nasopharynx
GCA_001401895.1	SAMN04156848	Leptospira kirschneri serovar Mozdok	keep	colonization-context audit	rat	rat	Rattus norvegicus	10116			carrier			clinical/host-associated material					clinical/host-associated material | clinical/host-associated material | organ/tissue site | kidney | kidney
GCA_030181715.1	SAMN31544746	Kingella kingae	keep	colonization-context audit	Homo sapiens	Homo sapiens	Homo sapiens	9606			carrier								
GCA_018763445.1	SAMN04460961	Clostridioides difficile	keep	colonization-context audit	Homo sapiens	Homo sapiens	Homo sapiens	9606			carrier		feces/stool	clinical/host-associated material	feces/stool		gut/fecal local context	host-associated gut/oral/fecal environment	feces/stool | feces/stool | clinical/host-associated material | clinical/host-associated material | gut/fecal local context | host-associated gut/oral/fecal environment | feces | Faeces | feces | Faeces
GCA_018767225.1	SAMN04460899	Clostridioides difficile	keep	colonization-context audit	Homo sapiens	Homo sapiens	Homo sapiens	9606			carrier		feces/stool	clinical/host-associated material	feces/stool		gut/fecal local context	host-associated gut/oral/fecal environment	feces/stool | feces/stool | clinical/host-associated material | clinical/host-associated material | gut/fecal local context | host-associated gut/oral/fecal environment | feces | Faeces | feces | Faeces
GCA_051969995.1	SAMN39605005	Staphylococcus aureus	keep	colonization-context audit	Sus scrofa domesticus	Sus scrofa domesticus	Sus scrofa domesticus	9825			carrier			clinical/host-associated material					clinical/host-associated material | clinical/host-associated material | nasal cavity/sinus/upper respiratory tract | animal nasal carriage
GCA_034979565.1	SAMN02982695	Streptococcus pyogenes	keep	colonization-context audit	Homo sapiens	Homo sapiens	Homo sapiens	9606			carrier								human carrier
GCA_034981125.1	SAMN02982638	Streptococcus pyogenes	keep	colonization-context audit	Homo sapiens	Homo sapiens	Homo sapiens	9606			carrier								human carrier
GCA_051945255.1	SAMN39605019	Staphylococcus aureus	keep	colonization-context audit	Homo sapiens	Homo sapiens	Homo sapiens	9606			carrier			clinical/host-associated material					clinical/host-associated material | clinical/host-associated material | carriage
GCA_049060245.1	SAMEA115674863	Staphylococcus aureus	keep	colonization-context audit	Felis catus	Felis catus	Felis catus	9685			carrier			clinical/host-associated material					clinical/host-associated material | clinical/host-associated material | nasal cavity/sinus/upper respiratory tract | nasal carriage
GCA_018611805.1	SAMN04460916	Clostridioides difficile	keep	colonization-context audit	Homo sapiens	Homo sapiens	Homo sapiens	9606			carrier		feces/stool	clinical/host-associated material	feces/stool		gut/fecal local context	host-associated gut/oral/fecal environment	feces/stool | feces/stool | clinical/host-associated material | clinical/host-associated material | gut/fecal local context | host-associated gut/oral/fecal environment | feces | Faeces | feces | Faeces
GCA_018767025.1	SAMN04460907	Clostridioides difficile	keep	colonization-context audit	Homo sapiens	Homo sapiens	Homo sapiens	9606			carrier		feces/stool	clinical/host-associated material	feces/stool		gut/fecal local context	host-associated gut/oral/fecal environment	feces/stool | feces/stool | clinical/host-associated material | clinical/host-associated material | gut/fecal local context | host-associated gut/oral/fecal environment | feces | Faeces | feces | Faeces
GCA_007000555.1	SAMN10775310	Clostridioides difficile	keep	colonization-context audit	Homo sapiens	Homo sapiens	Homo sapiens	9606			carrier		feces/stool	clinical/host-associated material	feces/stool		gut/fecal local context	host-associated gut/oral/fecal environment	feces/stool | feces/stool | clinical/host-associated material | clinical/host-associated material | gut/fecal local context | host-associated gut/oral/fecal environment | stool | stool
GCA_022263175.1	SAMN07421077	Klebsiella pneumoniae	keep	colonization-context audit	Homo sapiens	Homo sapiens	Homo sapiens	9606			carrier			clinical/host-associated material	clinical sample			clinical/host-associated material	clinical sample | clinical/host-associated material | clinical/host-associated material | clinical/host-associated material | clinical/host-associated material | Clinical or carriage sample
GCA_047910315.1	SAMN39500122	Escherichia coli	keep	colonization-context audit	Homo sapiens	Homo sapiens	Homo sapiens	9606			carrier		feces/stool	clinical/host-associated material	feces/stool				feces/stool | feces/stool | clinical/host-associated material | clinical/host-associated material | fecal carriage
GCA_052548555.1	SAMN47846148	Haemophilus influenzae	keep	colonization-context audit	Homo sapiens	Homo sapiens	Homo sapiens	9606			carrier			clinical/host-associated material	nasopharynx/oropharynx				nasopharynx/oropharynx | upper respiratory tract | clinical/host-associated material | clinical/host-associated material | nasopharynx/oropharynx | nasopharynx | nasopharynx
GCA_049060045.1	SAMEA115674868	Staphylococcus aureus	keep	colonization-context audit	Felis catus	Felis catus	Felis catus	9685			carrier			clinical/host-associated material					clinical/host-associated material | clinical/host-associated material | nasal cavity/sinus/upper respiratory tract | nasal carriage
GCA_051945795.1	SAMN39605040	Staphylococcus aureus	keep	colonization-context audit	Homo sapiens	Homo sapiens	Homo sapiens	9606			carrier			clinical/host-associated material					clinical/host-associated material | clinical/host-associated material | nasal cavity/sinus/upper respiratory tract | nasal carriage
GCA_030180265.1	SAMN31544730	Kingella kingae	keep	colonization-context audit	Homo sapiens	Homo sapiens	Homo sapiens	9606			carrier								
GCA_018767665.1	SAMN04461034	Clostridioides difficile	keep	colonization-context audit	Homo sapiens	Homo sapiens	Homo sapiens	9606			carrier		feces/stool	clinical/host-associated material	feces/stool		gut/fecal local context	host-associated gut/oral/fecal environment	feces/stool | feces/stool | clinical/host-associated material | clinical/host-associated material | gut/fecal local context | host-associated gut/oral/fecal environment | feces | Faeces | feces | Faeces
GCA_036313945.1	SAMN38468379	Escherichia coli	keep	colonization-context audit	Zophobas morio	Zophobas morio	Zophobas morio	2755281			colonized		tissue	clinical/host-associated material	tissue				tissue | tissue | clinical/host-associated material | clinical/host-associated material | Homogenized tissue of Zophobas morio larvae colonized with Ec-042 at T28 exp 8
GCA_022175745.1	SAMEA6654245	Klebsiella pneumoniae	keep	colonization-context audit	Homo sapiens	Homo sapiens	Homo sapiens	9606			carrier			clinical/host-associated material					clinical/host-associated material | clinical/host-associated material | Carriage
GCA_001332875.1	SAMEA751432	Bordetella pertussis	keep	colonization-context audit	Homo sapiens	Homo sapiens	Homo sapiens	9606			carrier			clinical/host-associated material	nasopharynx/oropharynx				nasopharynx/oropharynx | upper respiratory tract | clinical/host-associated material | clinical/host-associated material | nasopharynx/oropharynx | pharynx | pharynx
GCA_001210485.1	SAMEA751485	Bordetella pertussis	keep	colonization-context audit	Homo sapiens	Homo sapiens	Homo sapiens	9606			carrier			clinical/host-associated material	nasopharynx/oropharynx				nasopharynx/oropharynx | upper respiratory tract | clinical/host-associated material | clinical/host-associated material | nasopharynx/oropharynx | pharynx | pharynx
GCA_018764225.1	SAMN04460989	Clostridioides difficile	keep	colonization-context audit	Homo sapiens	Homo sapiens	Homo sapiens	9606			carrier		feces/stool	clinical/host-associated material	feces/stool		gut/fecal local context	host-associated gut/oral/fecal environment	feces/stool | feces/stool | clinical/host-associated material | clinical/host-associated material | gut/fecal local context | host-associated gut/oral/fecal environment | feces | Faeces | feces | Faeces
GCA_030181925.1	SAMN31544779	Kingella kingae	keep	colonization-context audit	Homo sapiens	Homo sapiens	Homo sapiens	9606			carrier								
GCA_034979825.1	SAMN02982682	Streptococcus pyogenes	keep	colonization-context audit	Homo sapiens	Homo sapiens	Homo sapiens	9606			carrier								human carrier
GCA_052561015.1	SAMN47846133	Haemophilus influenzae	keep	colonization-context audit	Homo sapiens	Homo sapiens	Homo sapiens	9606			carrier			clinical/host-associated material	nasopharynx/oropharynx				nasopharynx/oropharynx | upper respiratory tract | clinical/host-associated material | clinical/host-associated material | nasopharynx/oropharynx | nasopharynx | nasopharynx
GCA_049059885.1	SAMEA115674871	Staphylococcus aureus	keep	colonization-context audit	Felis catus	Felis catus	Felis catus	9685			carrier			clinical/host-associated material					clinical/host-associated material | clinical/host-associated material | nasal cavity/sinus/upper respiratory tract | nasal carriage
GCA_022263355.1	SAMN07421097	Klebsiella pneumoniae	keep	colonization-context audit	Homo sapiens	Homo sapiens	Homo sapiens	9606			carrier			clinical/host-associated material	clinical sample			clinical/host-associated material	clinical sample | clinical/host-associated material | clinical/host-associated material | clinical/host-associated material | clinical/host-associated material | Clinical or carriage sample
GCA_022263515.1	SAMN07421074	Klebsiella pneumoniae	keep	colonization-context audit	Homo sapiens	Homo sapiens	Homo sapiens	9606			carrier			clinical/host-associated material	clinical sample			clinical/host-associated material	clinical sample | clinical/host-associated material | clinical/host-associated material | clinical/host-associated material | clinical/host-associated material | Clinical or carriage sample
GCA_025506055.1	SAMN03326158	Staphylococcus aureus	keep	colonization-context audit	Homo sapiens	Homo sapiens	Homo sapiens	9606			carrier			clinical/host-associated material					clinical/host-associated material | clinical/host-associated material | nasal cavity/sinus/upper respiratory tract | nasal carriage
GCA_045354465.1	SAMN39605081	Staphylococcus aureus	keep	colonization-context audit	Equus caballus	Equus caballus	Equus caballus	9796			carrier			clinical/host-associated material					clinical/host-associated material | clinical/host-associated material | nasal cavity/sinus/upper respiratory tract | nasal carriage
GCA_018611505.1	SAMN04460929	Clostridioides difficile	keep	colonization-context audit	Homo sapiens	Homo sapiens	Homo sapiens	9606			carrier		feces/stool	clinical/host-associated material	feces/stool		gut/fecal local context	host-associated gut/oral/fecal environment	feces/stool | feces/stool | clinical/host-associated material | clinical/host-associated material | gut/fecal local context | host-associated gut/oral/fecal environment | feces | Faeces | feces | Faeces
GCA_032097925.1	SAMEA7699213	Staphylococcus argenteus	keep	colonization-context audit	Homo sapiens	Homo sapiens	Homo sapiens	9606			carrier			clinical/host-associated material					clinical/host-associated material | clinical/host-associated material | carriage
GCA_022175785.1	SAMEA6654244	Klebsiella pneumoniae	keep	colonization-context audit	Homo sapiens	Homo sapiens	Homo sapiens	9606			carrier			clinical/host-associated material					clinical/host-associated material | clinical/host-associated material | Carriage
GCA_001332475.1	SAMEA751343	Bordetella pertussis	keep	colonization-context audit	Homo sapiens	Homo sapiens	Homo sapiens	9606			carrier								
GCA_028659185.1	SAMEA11322461	Staphylococcus aureus	keep	colonization-context audit	Sus scrofa domesticus	Sus scrofa domesticus	Sus scrofa domesticus	9825			carrier								Carrier pig
GCA_018756495.1	SAMN04460930	Clostridioides difficile	keep	colonization-context audit	Homo sapiens	Homo sapiens	Homo sapiens	9606			carrier		feces/stool	clinical/host-associated material	feces/stool		gut/fecal local context	host-associated gut/oral/fecal environment	feces/stool | feces/stool | clinical/host-associated material | clinical/host-associated material | gut/fecal local context | host-associated gut/oral/fecal environment | feces | Faeces | feces | Faeces
GCA_023621415.1	SAMN28177558	Staphylococcus aureus	keep	colonization-context audit	Homo sapiens	Homo sapiens	Homo sapiens	9606			carrier			clinical/host-associated material					clinical/host-associated material | clinical/host-associated material | nasal cavity/sinus/upper respiratory tract | nasal carriage
GCA_030181675.1	SAMN31544753	Kingella kingae	keep	colonization-context audit	Homo sapiens	Homo sapiens	Homo sapiens	9606			carrier								
GCA_022263095.1	SAMN07421083	Klebsiella pneumoniae	keep	colonization-context audit	Homo sapiens	Homo sapiens	Homo sapiens	9606			carrier			clinical/host-associated material	clinical sample			clinical/host-associated material	clinical sample | clinical/host-associated material | clinical/host-associated material | clinical/host-associated material | clinical/host-associated material | Clinical or carriage sample
GCA_047908895.1	SAMN39500070	Escherichia coli	keep	colonization-context audit	Homo sapiens	Homo sapiens	Homo sapiens	9606			carrier		feces/stool	clinical/host-associated material	feces/stool				feces/stool | feces/stool | clinical/host-associated material | clinical/host-associated material | fecal carriage
GCA_052549415.1	SAMN47846187	Haemophilus influenzae	keep	colonization-context audit	Homo sapiens	Homo sapiens	Homo sapiens	9606			carrier			clinical/host-associated material	nasopharynx/oropharynx				nasopharynx/oropharynx | upper respiratory tract | clinical/host-associated material | clinical/host-associated material | nasopharynx/oropharynx | nasopharynx | nasopharynx
GCA_047910435.1	SAMN39500127	Escherichia coli	keep	colonization-context audit	Homo sapiens	Homo sapiens	Homo sapiens	9606			carrier		feces/stool	clinical/host-associated material	feces/stool				feces/stool | feces/stool | clinical/host-associated material | clinical/host-associated material | fecal carriage
GCA_018759015.1	SAMN04460963	Clostridioides difficile	keep	colonization-context audit	Homo sapiens	Homo sapiens	Homo sapiens	9606			carrier		feces/stool	clinical/host-associated material	feces/stool		gut/fecal local context	host-associated gut/oral/fecal environment	feces/stool | feces/stool | clinical/host-associated material | clinical/host-associated material | gut/fecal local context | host-associated gut/oral/fecal environment | feces | Faeces | feces | Faeces
GCA_018759745.1	SAMN04460990	Clostridioides difficile	keep	colonization-context audit	Homo sapiens	Homo sapiens	Homo sapiens	9606			carrier		feces/stool	clinical/host-associated material	feces/stool		gut/fecal local context	host-associated gut/oral/fecal environment	feces/stool | feces/stool | clinical/host-associated material | clinical/host-associated material | gut/fecal local context | host-associated gut/oral/fecal environment | feces | Faeces | feces | Faeces
GCA_000825945.1	SAMEA2803882	Streptococcus agalactiae	keep	colonization-context audit	Homo sapiens	Homo sapiens	Homo sapiens	9606			carrier			clinical/host-associated material					clinical/host-associated material | clinical/host-associated material | Carriage
GCA_009748185.1	SAMN10105144	Vibrio cholerae	keep	colonization-context audit	Homo sapiens	Homo sapiens	Homo sapiens	9606			carrier			clinical/host-associated material					clinical/host-associated material | clinical/host-associated material | Carrier
GCA_018767245.1	SAMN04460871	Clostridioides difficile	keep	colonization-context audit	Homo sapiens	Homo sapiens	Homo sapiens	9606			carrier		feces/stool	clinical/host-associated material	feces/stool		gut/fecal local context	host-associated gut/oral/fecal environment	feces/stool | feces/stool | clinical/host-associated material | clinical/host-associated material | gut/fecal local context | host-associated gut/oral/fecal environment | feces | Faeces | feces | Faeces
GCA_028659245.1	SAMEA11322458	Staphylococcus aureus	keep	colonization-context audit	Sus scrofa domesticus	Sus scrofa domesticus	Sus scrofa domesticus	9825			carrier								Carrier pig
GCA_034980045.1	SAMN02982668	Streptococcus pyogenes	keep	colonization-context audit	Homo sapiens	Homo sapiens	Homo sapiens	9606			carrier								human carrier
GCA_052547955.1	SAMN47845983	Haemophilus influenzae	keep	colonization-context audit	Homo sapiens	Homo sapiens	Homo sapiens	9606			carrier			clinical/host-associated material	nasopharynx/oropharynx				nasopharynx/oropharynx | upper respiratory tract | clinical/host-associated material | clinical/host-associated material | nasopharynx/oropharynx | nasopharynx | nasopharynx
GCA_052548115.1	SAMN47845977	Haemophilus influenzae	keep	colonization-context audit	Homo sapiens	Homo sapiens	Homo sapiens	9606			carrier			clinical/host-associated material	nasopharynx/oropharynx				nasopharynx/oropharynx | upper respiratory tract | clinical/host-associated material | clinical/host-associated material | nasopharynx/oropharynx | nasopharynx | nasopharynx
GCA_052560135.1	SAMN47846010	Haemophilus influenzae	keep	colonization-context audit	Homo sapiens	Homo sapiens	Homo sapiens	9606			carrier			clinical/host-associated material	nasopharynx/oropharynx				nasopharynx/oropharynx | upper respiratory tract | clinical/host-associated material | clinical/host-associated material | nasopharynx/oropharynx | nasopharynx | nasopharynx
GCA_052560235.1	SAMN47846021	Haemophilus influenzae	keep	colonization-context audit	Homo sapiens	Homo sapiens	Homo sapiens	9606			carrier			clinical/host-associated material	nasopharynx/oropharynx				nasopharynx/oropharynx | upper respiratory tract | clinical/host-associated material | clinical/host-associated material | nasopharynx/oropharynx | nasopharynx | nasopharynx
GCA_052564595.1	SAMN47846038	Haemophilus influenzae	keep	colonization-context audit	Homo sapiens	Homo sapiens	Homo sapiens	9606			carrier			clinical/host-associated material	nasopharynx/oropharynx				nasopharynx/oropharynx | upper respiratory tract | clinical/host-associated material | clinical/host-associated material | nasopharynx/oropharynx | nasopharynx | nasopharynx
GCA_052565375.1	SAMN47846088	Haemophilus influenzae	keep	colonization-context audit	Homo sapiens	Homo sapiens	Homo sapiens	9606			carrier			clinical/host-associated material	nasopharynx/oropharynx				nasopharynx/oropharynx | upper respiratory tract | clinical/host-associated material | clinical/host-associated material | nasopharynx/oropharynx | nasopharynx | nasopharynx
GCA_052565395.1	SAMN47846089	Haemophilus influenzae	keep	colonization-context audit	Homo sapiens	Homo sapiens	Homo sapiens	9606			carrier			clinical/host-associated material	nasopharynx/oropharynx				nasopharynx/oropharynx | upper respiratory tract | clinical/host-associated material | clinical/host-associated material | nasopharynx/oropharynx | nasopharynx | nasopharynx
GCA_018756295.1	SAMN04461030	Clostridioides difficile	keep	colonization-context audit	Homo sapiens	Homo sapiens	Homo sapiens	9606			carrier		feces/stool	clinical/host-associated material	feces/stool		gut/fecal local context	host-associated gut/oral/fecal environment	feces/stool | feces/stool | clinical/host-associated material | clinical/host-associated material | gut/fecal local context | host-associated gut/oral/fecal environment | feces | Faeces | feces | Faeces
GCA_016126855.1	SAMN17054651	Enterobacter hormaechei	keep	colonization-context audit	Homo sapiens	Homo sapiens	Homo sapiens	9606			carrier			clinical/host-associated material	rectal swab				rectal swab | swab | clinical/host-associated material | clinical/host-associated material | rectum/perianal region | rectal swab | rectal swab
GCA_018686715.1	SAMN04460983	Clostridioides difficile	keep	colonization-context audit	Homo sapiens	Homo sapiens	Homo sapiens	9606			carrier		feces/stool	clinical/host-associated material	feces/stool		gut/fecal local context	host-associated gut/oral/fecal environment	feces/stool | feces/stool | clinical/host-associated material | clinical/host-associated material | gut/fecal local context | host-associated gut/oral/fecal environment | feces | Faeces | feces | Faeces
GCA_018766645.1	SAMN04461038	Clostridioides difficile	keep	colonization-context audit	Homo sapiens	Homo sapiens	Homo sapiens	9606			carrier		feces/stool	clinical/host-associated material	feces/stool		gut/fecal local context	host-associated gut/oral/fecal environment	feces/stool | feces/stool | clinical/host-associated material | clinical/host-associated material | gut/fecal local context | host-associated gut/oral/fecal environment | feces | Faeces | feces | Faeces
GCA_022263015.1	SAMN07421075	Klebsiella pneumoniae	keep	colonization-context audit	Homo sapiens	Homo sapiens	Homo sapiens	9606			carrier			clinical/host-associated material	clinical sample			clinical/host-associated material	clinical sample | clinical/host-associated material | clinical/host-associated material | clinical/host-associated material | clinical/host-associated material | Clinical or carriage sample
GCA_018611525.1	SAMN04460891	Clostridioides difficile	keep	colonization-context audit	Homo sapiens	Homo sapiens	Homo sapiens	9606			carrier		feces/stool	clinical/host-associated material	feces/stool		gut/fecal local context	host-associated gut/oral/fecal environment	feces/stool | feces/stool | clinical/host-associated material | clinical/host-associated material | gut/fecal local context | host-associated gut/oral/fecal environment | feces | Faeces | feces | Faeces
GCA_055556605.1	SAMN43881102	Escherichia coli	keep	colonization-context audit	Homo sapiens	Homo sapiens	Homo sapiens	9606			carrier			clinical/host-associated material	rectal swab				rectal swab | swab | clinical/host-associated material | clinical/host-associated material | rectum/perianal region | Rectal swab/Carriage
GCA_018762085.1	SAMN04460904	Clostridioides difficile	keep	colonization-context audit	Homo sapiens	Homo sapiens	Homo sapiens	9606			carrier		feces/stool	clinical/host-associated material	feces/stool		gut/fecal local context	host-associated gut/oral/fecal environment	feces/stool | feces/stool | clinical/host-associated material | clinical/host-associated material | gut/fecal local context | host-associated gut/oral/fecal environment | feces | Faeces | feces | Faeces
GCA_049060135.1	SAMEA115674866	Staphylococcus aureus	keep	colonization-context audit	Felis catus	Felis catus	Felis catus	9685			carrier			clinical/host-associated material					clinical/host-associated material | clinical/host-associated material | nasal cavity/sinus/upper respiratory tract | nasal carriage
GCA_001200735.1	SAMEA751467	Bordetella pertussis	keep	colonization-context audit	Homo sapiens	Homo sapiens	Homo sapiens	9606			carrier			clinical/host-associated material	nasopharynx/oropharynx				nasopharynx/oropharynx | upper respiratory tract | clinical/host-associated material | clinical/host-associated material | nasopharynx/oropharynx | pharynx | pharynx
GCA_002097515.1	SAMN06546680	Staphylococcus aureus	keep	colonization-context audit	Homo sapiens	Homo sapiens	Homo sapiens	9606			carrier								Carriage sample
GCA_054750165.1	SAMD00752296	Helicobacter pylori	keep	colonization-context audit	Homo sapiens	Homo sapiens	Homo sapiens	9606			carrier								
GCA_052560955.1	SAMN47846129	Haemophilus influenzae	keep	colonization-context audit	Homo sapiens	Homo sapiens	Homo sapiens	9606			carrier			clinical/host-associated material	nasopharynx/oropharynx				nasopharynx/oropharynx | upper respiratory tract | clinical/host-associated material | clinical/host-associated material | nasopharynx/oropharynx | nasopharynx | nasopharynx
GCA_007001585.1	SAMN10775317	Clostridioides difficile	keep	colonization-context audit	Homo sapiens	Homo sapiens	Homo sapiens	9606			carrier		feces/stool	clinical/host-associated material	feces/stool		gut/fecal local context	host-associated gut/oral/fecal environment	feces/stool | feces/stool | clinical/host-associated material | clinical/host-associated material | gut/fecal local context | host-associated gut/oral/fecal environment | stool | stool
GCA_022263575.1	SAMN07421067	Klebsiella pneumoniae	keep	colonization-context audit	Homo sapiens	Homo sapiens	Homo sapiens	9606			carrier			clinical/host-associated material	clinical sample			clinical/host-associated material	clinical sample | clinical/host-associated material | clinical/host-associated material | clinical/host-associated material | clinical/host-associated material | Clinical or carriage sample
GCA_047909015.1	SAMN39500069	Escherichia coli	keep	colonization-context audit	Homo sapiens	Homo sapiens	Homo sapiens	9606			carrier		feces/stool	clinical/host-associated material	feces/stool				feces/stool | feces/stool | clinical/host-associated material | clinical/host-associated material | fecal carriage
GCA_049096335.1	SAMN32691229	Klebsiella pneumoniae	keep	colonization-context audit	Homo sapiens	Homo sapiens	Homo sapiens	9606			carrier			clinical/host-associated material					clinical/host-associated material | clinical/host-associated material | rectum/perianal region | Rectal carriage
GCA_052548475.1	SAMN47846144	Haemophilus influenzae	keep	colonization-context audit	Homo sapiens	Homo sapiens	Homo sapiens	9606			carrier			clinical/host-associated material	nasopharynx/oropharynx				nasopharynx/oropharynx | upper respiratory tract | clinical/host-associated material | clinical/host-associated material | nasopharynx/oropharynx | nasopharynx | nasopharynx
GCA_018759945.1	SAMN04460921	Clostridioides difficile	keep	colonization-context audit	Homo sapiens	Homo sapiens	Homo sapiens	9606			carrier		feces/stool	clinical/host-associated material	feces/stool		gut/fecal local context	host-associated gut/oral/fecal environment	feces/stool | feces/stool | clinical/host-associated material | clinical/host-associated material | gut/fecal local context | host-associated gut/oral/fecal environment | feces | Faeces | feces | Faeces
GCA_047909455.1	SAMN39500144	Escherichia coli	keep	colonization-context audit	Homo sapiens	Homo sapiens	Homo sapiens	9606			carrier		feces/stool	clinical/host-associated material	feces/stool				feces/stool | feces/stool | clinical/host-associated material | clinical/host-associated material | fecal carriage
GCA_047910495.1	SAMN39500075	Escherichia coli	keep	colonization-context audit	Homo sapiens	Homo sapiens	Homo sapiens	9606			carrier		feces/stool	clinical/host-associated material	feces/stool				feces/stool | feces/stool | clinical/host-associated material | clinical/host-associated material | fecal carriage
GCA_028659265.1	SAMEA11322456	Staphylococcus aureus	keep	colonization-context audit	Capra pyrenaica	Capra pyrenaica	Capra pyrenaica	80419			carrier			clinical/host-associated material					clinical/host-associated material | clinical/host-associated material | Carrier mountain goat
GCA_022175805.1	SAMEA6654243	Klebsiella pneumoniae	keep	colonization-context audit	Homo sapiens	Homo sapiens	Homo sapiens	9606			carrier			clinical/host-associated material					clinical/host-associated material | clinical/host-associated material | Carriage
GCA_022175865.1	SAMEA6654240	Klebsiella pneumoniae	keep	colonization-context audit	Homo sapiens	Homo sapiens	Homo sapiens	9606			carrier			clinical/host-associated material					clinical/host-associated material | clinical/host-associated material | Carriage
GCA_052560035.1	SAMN47846006	Haemophilus influenzae	keep	colonization-context audit	Homo sapiens	Homo sapiens	Homo sapiens	9606			carrier			clinical/host-associated material	nasopharynx/oropharynx				nasopharynx/oropharynx | upper respiratory tract | clinical/host-associated material | clinical/host-associated material | nasopharynx/oropharynx | nasopharynx | nasopharynx
GCA_052560355.1	SAMN47846027	Haemophilus influenzae	keep	colonization-context audit	Homo sapiens	Homo sapiens	Homo sapiens	9606			carrier			clinical/host-associated material	nasopharynx/oropharynx				nasopharynx/oropharynx | upper respiratory tract | clinical/host-associated material | clinical/host-associated material | nasopharynx/oropharynx | nasopharynx | nasopharynx
GCA_028658995.1	SAMEA11322475	Staphylococcus aureus	keep	colonization-context audit	Sus scrofa domesticus	Sus scrofa domesticus	Sus scrofa domesticus	9825			carrier								Carrier pig
GCA_034979905.1	SAMN02982678	Streptococcus pyogenes	keep	colonization-context audit	Homo sapiens	Homo sapiens	Homo sapiens	9606			carrier								human carrier
GCA_034980805.1	SAMN02982657	Streptococcus pyogenes	keep	colonization-context audit	Homo sapiens	Homo sapiens	Homo sapiens	9606			carrier								human carrier
GCA_034982025.1	SAMN02982625	Streptococcus pyogenes	keep	colonization-context audit	Homo sapiens	Homo sapiens	Homo sapiens	9606			carrier								human carrier
GCA_022263135.1	SAMN07421100	Klebsiella pneumoniae	keep	colonization-context audit	Homo sapiens	Homo sapiens	Homo sapiens	9606			carrier			clinical/host-associated material	clinical sample			clinical/host-associated material	clinical sample | clinical/host-associated material | clinical/host-associated material | clinical/host-associated material | clinical/host-associated material | Clinical or carriage sample
GCA_047910215.1	SAMN39500117	Escherichia coli	keep	colonization-context audit	Homo sapiens	Homo sapiens	Homo sapiens	9606			carrier		feces/stool	clinical/host-associated material	feces/stool				feces/stool | feces/stool | clinical/host-associated material | clinical/host-associated material | fecal carriage
GCA_018757975.1	SAMN04461025	Clostridioides difficile	keep	colonization-context audit	Homo sapiens	Homo sapiens	Homo sapiens	9606			carrier		feces/stool	clinical/host-associated material	feces/stool		gut/fecal local context	host-associated gut/oral/fecal environment	feces/stool | feces/stool | clinical/host-associated material | clinical/host-associated material | gut/fecal local context | host-associated gut/oral/fecal environment | feces | Faeces | feces | Faeces
GCA_050631295.1	SAMN43881086	Escherichia coli	keep	colonization-context audit	Dog	Dog	Canis lupus familiaris	9615			carrier			clinical/host-associated material	rectal swab				rectal swab | swab | clinical/host-associated material | clinical/host-associated material | rectum/perianal region | Rectal swab/Carriage
GCA_052548775.1	SAMN47846160	Haemophilus influenzae	keep	colonization-context audit	Homo sapiens	Homo sapiens	Homo sapiens	9606			carrier			clinical/host-associated material	nasopharynx/oropharynx				nasopharynx/oropharynx | upper respiratory tract | clinical/host-associated material | clinical/host-associated material | nasopharynx/oropharynx | nasopharynx | nasopharynx
GCA_032098125.1	SAMEA7699209	Staphylococcus argenteus	keep	colonization-context audit	Homo sapiens	Homo sapiens	Homo sapiens	9606			carrier			clinical/host-associated material					clinical/host-associated material | clinical/host-associated material | carriage
GCA_028660935.1	SAMEA11322469	Staphylococcus aureus	keep	colonization-context audit	Sus scrofa	Sus scrofa	Sus scrofa	9823			carrier			clinical/host-associated material					clinical/host-associated material | clinical/host-associated material | Carrier wild boar
GCA_001221165.1	SAMEA859863	Yersinia intermedia	keep	colonization-context audit	Homo sapiens	Homo sapiens	Homo sapiens	9606			carrier			clinical/host-associated material					clinical/host-associated material | clinical/host-associated material | nasal cavity/sinus/upper respiratory tract | nasal | nasal
GCA_007001595.1	SAMN10775316	Clostridioides difficile	keep	colonization-context audit	Homo sapiens	Homo sapiens	Homo sapiens	9606			carrier		feces/stool	clinical/host-associated material	feces/stool		gut/fecal local context	host-associated gut/oral/fecal environment	feces/stool | feces/stool | clinical/host-associated material | clinical/host-associated material | gut/fecal local context | host-associated gut/oral/fecal environment | stool | stool
GCA_028662535.1	SAMEA11322476	Staphylococcus aureus	keep	colonization-context audit	Sus scrofa domesticus	Sus scrofa domesticus	Sus scrofa domesticus	9825			carrier								Carrier pig
GCA_034979685.1	SAMN02982688	Streptococcus pyogenes	keep	colonization-context audit	Homo sapiens	Homo sapiens	Homo sapiens	9606			carrier								human carrier
GCA_034980885.1	SAMN02982652	Streptococcus pyogenes	keep	colonization-context audit	Homo sapiens	Homo sapiens	Homo sapiens	9606			carrier								human carrier
GCA_052548175.1	SAMN47845998	Haemophilus influenzae	keep	colonization-context audit	Homo sapiens	Homo sapiens	Homo sapiens	9606			carrier			clinical/host-associated material	nasopharynx/oropharynx				nasopharynx/oropharynx | upper respiratory tract | clinical/host-associated material | clinical/host-associated material | nasopharynx/oropharynx | nasopharynx | nasopharynx
GCA_052564315.1	SAMN47845889	Haemophilus influenzae	keep	colonization-context audit	Homo sapiens	Homo sapiens	Homo sapiens	9606			carrier			clinical/host-associated material	nasopharynx/oropharynx				nasopharynx/oropharynx | upper respiratory tract | clinical/host-associated material | clinical/host-associated material | nasopharynx/oropharynx | nasopharynx | nasopharynx
GCA_052564615.1	SAMN47846041	Haemophilus influenzae	keep	colonization-context audit	Homo sapiens	Homo sapiens	Homo sapiens	9606			carrier			clinical/host-associated material	nasopharynx/oropharynx				nasopharynx/oropharynx | upper respiratory tract | clinical/host-associated material | clinical/host-associated material | nasopharynx/oropharynx | nasopharynx | nasopharynx
GCA_052565175.1	SAMN47846077	Haemophilus influenzae	keep	colonization-context audit	Homo sapiens	Homo sapiens	Homo sapiens	9606			carrier			clinical/host-associated material	nasopharynx/oropharynx				nasopharynx/oropharynx | upper respiratory tract | clinical/host-associated material | clinical/host-associated material | nasopharynx/oropharynx | nasopharynx | nasopharynx
GCA_054750205.1	SAMD00752294	Helicobacter pylori	keep	colonization-context audit	Homo sapiens	Homo sapiens	Homo sapiens	9606			carrier								
GCA_052560895.1	SAMN47846126	Haemophilus influenzae	keep	colonization-context audit	Homo sapiens	Homo sapiens	Homo sapiens	9606			carrier			clinical/host-associated material	nasopharynx/oropharynx				nasopharynx/oropharynx | upper respiratory tract | clinical/host-associated material | clinical/host-associated material | nasopharynx/oropharynx | nasopharynx | nasopharynx
GCA_001196575.1	SAMEA751417	Bordetella pertussis	keep	colonization-context audit	Homo sapiens	Homo sapiens	Homo sapiens	9606			carrier			clinical/host-associated material	nasopharynx/oropharynx				nasopharynx/oropharynx | upper respiratory tract | clinical/host-associated material | clinical/host-associated material | nasopharynx/oropharynx | pharynx | pharynx
GCA_047909515.1	SAMN39500146	Escherichia coli	keep	colonization-context audit	Homo sapiens	Homo sapiens	Homo sapiens	9606			carrier		feces/stool	clinical/host-associated material	feces/stool				feces/stool | feces/stool | clinical/host-associated material | clinical/host-associated material | fecal carriage
GCA_047910065.1	SAMN39500112	Escherichia coli	keep	colonization-context audit	Homo sapiens	Homo sapiens	Homo sapiens	9606			carrier		feces/stool	clinical/host-associated material	feces/stool				feces/stool | feces/stool | clinical/host-associated material | clinical/host-associated material | fecal carriage
GCA_051948405.1	SAMN39605039	Staphylococcus aureus	keep	colonization-context audit	Homo sapiens	Homo sapiens	Homo sapiens	9606			carrier			clinical/host-associated material					clinical/host-associated material | clinical/host-associated material | nasal cavity/sinus/upper respiratory tract | nasal carriage
GCA_001332935.1	SAMEA751438	Bordetella pertussis	keep	colonization-context audit	Homo sapiens	Homo sapiens	Homo sapiens	9606			carrier			clinical/host-associated material	nasopharynx/oropharynx				nasopharynx/oropharynx | upper respiratory tract | clinical/host-associated material | clinical/host-associated material | nasopharynx/oropharynx | pharynx | pharynx
GCA_001127065.1	SAMEA859902	Yersinia mollaretii	keep	colonization-context audit	Homo sapiens	Homo sapiens	Homo sapiens	9606			carrier			clinical/host-associated material	nasopharynx/oropharynx				nasopharynx/oropharynx | upper respiratory tract | clinical/host-associated material | clinical/host-associated material | nasopharynx/oropharynx | nasopharynx | nasopharynx
GCA_001244855.1	SAMEA859931	Yersinia pseudotuberculosis	keep	colonization-context audit	Homo sapiens	Homo sapiens	Homo sapiens	9606			carrier			clinical/host-associated material	nasopharynx/oropharynx				nasopharynx/oropharynx | upper respiratory tract | clinical/host-associated material | clinical/host-associated material | nasopharynx/oropharynx | nasopharynx | nasopharynx
GCA_030181345.1	SAMN31544769	Kingella kingae	keep	colonization-context audit	Homo sapiens	Homo sapiens	Homo sapiens	9606			carrier								
GCA_009748555.1	SAMN10105125	Vibrio cholerae	keep	colonization-context audit	Homo sapiens	Homo sapiens	Homo sapiens	9606			carrier			clinical/host-associated material					clinical/host-associated material | clinical/host-associated material | Carrier
GCA_022176005.1	SAMEA6654231	Klebsiella pneumoniae	keep	colonization-context audit	Homo sapiens	Homo sapiens	Homo sapiens	9606			carrier			clinical/host-associated material					clinical/host-associated material | clinical/host-associated material | Carriage
GCA_034980085.1	SAMN02982662	Streptococcus pyogenes	keep	colonization-context audit	Homo sapiens	Homo sapiens	Homo sapiens	9606			carrier								human carrier
GCA_034980145.1	SAMN02982660	Streptococcus pyogenes	keep	colonization-context audit	Homo sapiens	Homo sapiens	Homo sapiens	9606			carrier								human carrier
GCA_055698215.1	SAMN43881091	Escherichia coli	keep	colonization-context audit	Homo sapiens	Homo sapiens	Homo sapiens	9606			carrier			clinical/host-associated material	rectal swab				rectal swab | swab | clinical/host-associated material | clinical/host-associated material | rectum/perianal region | Rectal swab/Carriage
GCA_049096475.1	SAMN32691221	Klebsiella pneumoniae	keep	colonization-context audit	Homo sapiens	Homo sapiens	Homo sapiens	9606			carrier			clinical/host-associated material					clinical/host-associated material | clinical/host-associated material | rectum/perianal region | Rectal carriage
GCA_029852525.1	SAMN04605578	Staphylococcus aureus	keep	colonization-context audit	Homo sapiens	Homo sapiens	Homo sapiens	9606			carrier			clinical/host-associated material					clinical/host-associated material | clinical/host-associated material | nasal cavity/sinus/upper respiratory tract | nasal carriage
GCA_052548675.1	SAMN47846152	Haemophilus influenzae	keep	colonization-context audit	Homo sapiens	Homo sapiens	Homo sapiens	9606			carrier			clinical/host-associated material	nasopharynx/oropharynx				nasopharynx/oropharynx | upper respiratory tract | clinical/host-associated material | clinical/host-associated material | nasopharynx/oropharynx | nasopharynx | nasopharynx
GCA_052549375.1	SAMN47846188	Haemophilus influenzae	keep	colonization-context audit	Homo sapiens	Homo sapiens	Homo sapiens	9606			carrier			clinical/host-associated material	nasopharynx/oropharynx				nasopharynx/oropharynx | upper respiratory tract | clinical/host-associated material | clinical/host-associated material | nasopharynx/oropharynx | nasopharynx | nasopharynx
GCA_001220805.1	SAMEA859888	Yersinia pseudotuberculosis	keep	colonization-context audit	Homo sapiens	Homo sapiens	Homo sapiens	9606			carrier			clinical/host-associated material	nasopharynx/oropharynx				nasopharynx/oropharynx | upper respiratory tract | clinical/host-associated material | clinical/host-associated material | nasopharynx/oropharynx | nasopharynx | nasopharynx
GCA_051945955.1	SAMN39605059	Staphylococcus aureus	keep	colonization-context audit	Homo sapiens	Homo sapiens	Homo sapiens	9606			carrier			clinical/host-associated material					clinical/host-associated material | clinical/host-associated material | nasal cavity/sinus/upper respiratory tract | nasal carriage
GCA_036313965.1	SAMN38468380	Escherichia coli	keep	colonization-context audit	Zophobas morio	Zophobas morio	Zophobas morio	2755281			colonized		tissue	clinical/host-associated material	tissue				tissue | tissue | clinical/host-associated material | clinical/host-associated material | Homogenized tissue of Zophobas morio larvae colonized with Ec-050 at T28 exp 7
GCA_001319565.1	SAMEA859872	Yersinia frederiksenii	keep	colonization-context audit	Homo sapiens	Homo sapiens	Homo sapiens	9606			carrier			clinical/host-associated material	nasopharynx/oropharynx				nasopharynx/oropharynx | upper respiratory tract | clinical/host-associated material | clinical/host-associated material | nasopharynx/oropharynx | nasopharynx | nasopharynx
GCA_001333555.1	SAMEA751488	Bordetella pertussis	keep	colonization-context audit	Homo sapiens	Homo sapiens	Homo sapiens	9606			carrier			clinical/host-associated material	nasopharynx/oropharynx				nasopharynx/oropharynx | upper respiratory tract | clinical/host-associated material | clinical/host-associated material | nasopharynx/oropharynx | pharynx | pharynx
GCA_001123345.1	SAMEA859940	Yersinia pseudotuberculosis	keep	colonization-context audit	Homo sapiens	Homo sapiens	Homo sapiens	9606			carrier			clinical/host-associated material					clinical/host-associated material | clinical/host-associated material | nasal cavity/sinus/upper respiratory tract | nasal | nasal
GCA_049096555.1	SAMN32691225	Klebsiella pneumoniae	keep	colonization-context audit	Homo sapiens	Homo sapiens	Homo sapiens	9606			carrier			clinical/host-associated material					clinical/host-associated material | clinical/host-associated material | rectum/perianal region | Rectal carriage
GCA_009746965.1	SAMN10105207	Vibrio cholerae	keep	colonization-context audit	Homo sapiens	Homo sapiens	Homo sapiens	9606			carrier			clinical/host-associated material					clinical/host-associated material | clinical/host-associated material | Carrier
GCA_015796415.1	SAMN04285991	Vibrio cholerae	clear	colonization-context audit	unknown	unknown					carrier			clinical/host-associated material					clinical/host-associated material | clinical/host-associated material | carrier
GCA_034979865.1	SAMN02982680	Streptococcus pyogenes	keep	colonization-context audit	Homo sapiens	Homo sapiens	Homo sapiens	9606			carrier								human carrier
GCA_035321605.1	SAMN38909794	Streptococcus pneumoniae	keep	colonization-context audit	Homo sapiens	Homo sapiens	Homo sapiens	9606			carrier			clinical/host-associated material					clinical/host-associated material | clinical/host-associated material | Carriage
GCA_052565155.1	SAMN47846055	Haemophilus influenzae	keep	colonization-context audit	Homo sapiens	Homo sapiens	Homo sapiens	9606			carrier			clinical/host-associated material	nasopharynx/oropharynx				nasopharynx/oropharynx | upper respiratory tract | clinical/host-associated material | clinical/host-associated material | nasopharynx/oropharynx | nasopharynx | nasopharynx
GCA_047908955.1	SAMN39500080	Escherichia coli	keep	colonization-context audit	Homo sapiens	Homo sapiens	Homo sapiens	9606			carrier		feces/stool	clinical/host-associated material	feces/stool				feces/stool | feces/stool | clinical/host-associated material | clinical/host-associated material | fecal carriage
GCA_048022885.1	SAMN39500078	Escherichia coli	keep	colonization-context audit	Homo sapiens	Homo sapiens	Homo sapiens	9606			carrier		feces/stool	clinical/host-associated material	feces/stool				feces/stool | feces/stool | clinical/host-associated material | clinical/host-associated material | fecal carriage
GCA_052547775.1	SAMN47845971	Haemophilus influenzae	keep	colonization-context audit	Homo sapiens	Homo sapiens	Homo sapiens	9606			carrier			clinical/host-associated material	nasopharynx/oropharynx				nasopharynx/oropharynx | upper respiratory tract | clinical/host-associated material | clinical/host-associated material | nasopharynx/oropharynx | nasopharynx | nasopharynx
GCA_052558755.1	SAMN47846095	Haemophilus influenzae	keep	colonization-context audit	Homo sapiens	Homo sapiens	Homo sapiens	9606			carrier			clinical/host-associated material	nasopharynx/oropharynx				nasopharynx/oropharynx | upper respiratory tract | clinical/host-associated material | clinical/host-associated material | nasopharynx/oropharynx | nasopharynx | nasopharynx
GCA_051945715.1	SAMN39605079	Staphylococcus aureus	keep	colonization-context audit	Homo sapiens	Homo sapiens	Homo sapiens	9606			carrier			clinical/host-associated material					clinical/host-associated material | clinical/host-associated material | nasal cavity/sinus/upper respiratory tract | nasal carriage
GCA_022263395.1	SAMN07421111	Klebsiella pneumoniae	keep	colonization-context audit	Homo sapiens	Homo sapiens	Homo sapiens	9606			carrier			clinical/host-associated material	clinical sample			clinical/host-associated material	clinical sample | clinical/host-associated material | clinical/host-associated material | clinical/host-associated material | clinical/host-associated material | Clinical or carriage sample
GCA_022175825.1	SAMEA6654242	Klebsiella pneumoniae	keep	colonization-context audit	Homo sapiens	Homo sapiens	Homo sapiens	9606			carrier			clinical/host-associated material					clinical/host-associated material | clinical/host-associated material | Carriage
GCA_018765925.1	SAMN04460934	Clostridioides difficile	keep	colonization-context audit	Homo sapiens	Homo sapiens	Homo sapiens	9606			carrier		feces/stool	clinical/host-associated material	feces/stool		gut/fecal local context	host-associated gut/oral/fecal environment	feces/stool | feces/stool | clinical/host-associated material | clinical/host-associated material | gut/fecal local context | host-associated gut/oral/fecal environment | feces | Faeces | feces | Faeces
GCA_038501235.1	SAMN40935017	Bartonella schoenbuchensis	keep	colonization-context audit	Lipoptena fortisetosa	Lipoptena fortisetosa	Lipoptena fortisetosa	633886			carrier			clinical/host-associated material	gut content		gut/fecal local context		gut content | gut content | clinical/host-associated material | clinical/host-associated material | gut/fecal local context | gastrointestinal tract | gut | gut
GCA_001211945.1	SAMEA751491	Bordetella pertussis	keep	colonization-context audit	Homo sapiens	Homo sapiens	Homo sapiens	9606			carrier			clinical/host-associated material	nasopharynx/oropharynx				nasopharynx/oropharynx | upper respiratory tract | clinical/host-associated material | clinical/host-associated material | nasopharynx/oropharynx | pharynx | pharynx
GCA_034981905.1	SAMN02982630	Streptococcus pyogenes	keep	colonization-context audit	Homo sapiens	Homo sapiens	Homo sapiens	9606			carrier								human carrier
GCA_035323615.1	SAMN38909789	Streptococcus pneumoniae	keep	colonization-context audit	Homo sapiens	Homo sapiens	Homo sapiens	9606			carrier			clinical/host-associated material					clinical/host-associated material | clinical/host-associated material | Carriage
GCA_049059865.1	SAMEA115674872	Staphylococcus aureus	keep	colonization-context audit	Felis catus	Felis catus	Felis catus	9685			carrier			clinical/host-associated material					clinical/host-associated material | clinical/host-associated material | nasal cavity/sinus/upper respiratory tract | nasal carriage
GCA_018766205.1	SAMN04460962	Clostridioides difficile	keep	colonization-context audit	Homo sapiens	Homo sapiens	Homo sapiens	9606			carrier		feces/stool	clinical/host-associated material	feces/stool		gut/fecal local context	host-associated gut/oral/fecal environment	feces/stool | feces/stool | clinical/host-associated material | clinical/host-associated material | gut/fecal local context | host-associated gut/oral/fecal environment | feces | Faeces | feces | Faeces
GCA_022263595.1	SAMN07421112	Klebsiella pneumoniae	keep	colonization-context audit	Homo sapiens	Homo sapiens	Homo sapiens	9606			carrier			clinical/host-associated material	clinical sample			clinical/host-associated material	clinical sample | clinical/host-associated material | clinical/host-associated material | clinical/host-associated material | clinical/host-associated material | Clinical or carriage sample
GCA_030181465.1	SAMN31544762	Kingella kingae	keep	colonization-context audit	Homo sapiens	Homo sapiens	Homo sapiens	9606			carrier								
GCA_052548655.1	SAMN47846173	Haemophilus influenzae	keep	colonization-context audit	Homo sapiens	Homo sapiens	Homo sapiens	9606			carrier			clinical/host-associated material	nasopharynx/oropharynx				nasopharynx/oropharynx | upper respiratory tract | clinical/host-associated material | clinical/host-associated material | nasopharynx/oropharynx | nasopharynx | nasopharynx
GCA_055556475.1	SAMN43881083	Escherichia coli	keep	colonization-context audit	cat	cat	Felis catus	9685			carrier			clinical/host-associated material	rectal swab				rectal swab | swab | clinical/host-associated material | clinical/host-associated material | rectum/perianal region | Rectal swab/Carriage
GCA_055556545.1	SAMN43881085	Escherichia coli	keep	colonization-context audit	dog	dog	Canis lupus familiaris	9615			carrier			clinical/host-associated material	rectal swab				rectal swab | swab | clinical/host-associated material | clinical/host-associated material | rectum/perianal region | Rectal swab/Carriage
GCA_018767205.1	SAMN04461000	Clostridioides difficile	keep	colonization-context audit	Homo sapiens	Homo sapiens	Homo sapiens	9606			carrier		feces/stool	clinical/host-associated material	feces/stool		gut/fecal local context	host-associated gut/oral/fecal environment	feces/stool | feces/stool | clinical/host-associated material | clinical/host-associated material | gut/fecal local context | host-associated gut/oral/fecal environment | feces | Faeces | feces | Faeces
GCA_030182315.1	SAMN31544731	Kingella kingae	keep	colonization-context audit	Homo sapiens	Homo sapiens	Homo sapiens	9606			carrier								
GCA_002239305.1	SAMN06329893	Streptococcus agalactiae	keep	colonization-context audit	Homo sapiens	Homo sapiens	Homo sapiens	9606			carrier			clinical/host-associated material					clinical/host-associated material | clinical/host-associated material | carriage
GCA_052560695.1	SAMN47846111	Haemophilus influenzae	keep	colonization-context audit	Homo sapiens	Homo sapiens	Homo sapiens	9606			carrier			clinical/host-associated material	nasopharynx/oropharynx				nasopharynx/oropharynx | upper respiratory tract | clinical/host-associated material | clinical/host-associated material | nasopharynx/oropharynx | nasopharynx | nasopharynx
GCA_052561495.1	SAMN47845942	Haemophilus influenzae	keep	colonization-context audit	Homo sapiens	Homo sapiens	Homo sapiens	9606			carrier			clinical/host-associated material	nasopharynx/oropharynx				nasopharynx/oropharynx | upper respiratory tract | clinical/host-associated material | clinical/host-associated material | nasopharynx/oropharynx | nasopharynx | nasopharynx
GCA_022263335.1	SAMN07421142	Klebsiella pneumoniae	keep	colonization-context audit	Homo sapiens	Homo sapiens	Homo sapiens	9606			carrier			clinical/host-associated material	clinical sample			clinical/host-associated material	clinical sample | clinical/host-associated material | clinical/host-associated material | clinical/host-associated material | clinical/host-associated material | Clinical or carriage sample
GCA_025506085.1	SAMN03326259	Staphylococcus aureus	keep	colonization-context audit	Homo sapiens	Homo sapiens	Homo sapiens	9606			carrier			clinical/host-associated material					clinical/host-associated material | clinical/host-associated material | nasal cavity/sinus/upper respiratory tract | nasal carriage
GCA_022176445.1	SAMEA6654235	Klebsiella pneumoniae	keep	colonization-context audit	Homo sapiens	Homo sapiens	Homo sapiens	9606			carrier			clinical/host-associated material					clinical/host-associated material | clinical/host-associated material | Carriage
GCA_002018035.1	SAMN06327236	Leptospira borgpetersenii serovar Ballum	keep	colonization-context audit	rat	rat	Rattus norvegicus	10116			carrier		urine	clinical/host-associated material	urine				urine | clinical/host-associated material | clinical/host-associated material | clinical/host-associated material | urine | urine
GCA_018764625.1	SAMN04461039	Clostridioides difficile	keep	colonization-context audit	Homo sapiens	Homo sapiens	Homo sapiens	9606			carrier		feces/stool	clinical/host-associated material	feces/stool		gut/fecal local context	host-associated gut/oral/fecal environment	feces/stool | feces/stool | clinical/host-associated material | clinical/host-associated material | gut/fecal local context | host-associated gut/oral/fecal environment | feces | Faeces | feces | Faeces
GCA_030181785.1	SAMN31544752	Kingella kingae	keep	colonization-context audit	Homo sapiens	Homo sapiens	Homo sapiens	9606			carrier								
GCA_029962325.1	SAMN34441011	Aeromonas hydrophila	keep	colonization-context audit	Homo sapiens	Homo sapiens	Homo sapiens	9606			carrier								human | human
GCA_049059745.1	SAMEA115674875	Staphylococcus aureus	keep	colonization-context audit	Felis catus	Felis catus	Felis catus	9685			carrier			clinical/host-associated material					clinical/host-associated material | clinical/host-associated material | nasal cavity/sinus/upper respiratory tract | nasal carriage
GCA_002097015.1	SAMN06546697	Staphylococcus aureus	keep	colonization-context audit	Homo sapiens	Homo sapiens	Homo sapiens	9606			carrier								Carriage sample
GCA_009748605.1	SAMN10105122	Vibrio cholerae	keep	colonization-context audit	Homo sapiens	Homo sapiens	Homo sapiens	9606			carrier			clinical/host-associated material					clinical/host-associated material | clinical/host-associated material | Carrier
GCA_015797095.1	SAMN04285984	Vibrio cholerae	clear	colonization-context audit	unknown	unknown					carrier			clinical/host-associated material					clinical/host-associated material | clinical/host-associated material | carrier
GCA_022175905.1	SAMEA6654239	Klebsiella pneumoniae	keep	colonization-context audit	Homo sapiens	Homo sapiens	Homo sapiens	9606			carrier			clinical/host-associated material					clinical/host-associated material | clinical/host-associated material | Carriage
GCA_035322125.1	SAMN38909783	Streptococcus pneumoniae	keep	colonization-context audit	Homo sapiens	Homo sapiens	Homo sapiens	9606			carrier			clinical/host-associated material					clinical/host-associated material | clinical/host-associated material | Carriage
GCA_052565115.1	SAMN47846073	Haemophilus influenzae	keep	colonization-context audit	Homo sapiens	Homo sapiens	Homo sapiens	9606			carrier			clinical/host-associated material	nasopharynx/oropharynx				nasopharynx/oropharynx | upper respiratory tract | clinical/host-associated material | clinical/host-associated material | nasopharynx/oropharynx | nasopharynx | nasopharynx
GCA_001333535.1	SAMEA751486	Bordetella pertussis	keep	colonization-context audit	Homo sapiens	Homo sapiens	Homo sapiens	9606			carrier			clinical/host-associated material	nasopharynx/oropharynx				nasopharynx/oropharynx | upper respiratory tract | clinical/host-associated material | clinical/host-associated material | nasopharynx/oropharynx | pharynx | pharynx
GCA_001952685.1	SAMN06212380	Leptospira santarosai serovar Guaricura	keep	colonization-context audit	Buffalo	Buffalo	Bubalus bubalis	89462			carrier		urine	clinical/host-associated material	urine				urine | clinical/host-associated material | clinical/host-associated material | clinical/host-associated material | urine | urine
GCA_022263475.1	SAMN07421124	Klebsiella pneumoniae	keep	colonization-context audit	Homo sapiens	Homo sapiens	Homo sapiens	9606			carrier			clinical/host-associated material	clinical sample			clinical/host-associated material	clinical sample | clinical/host-associated material | clinical/host-associated material | clinical/host-associated material | clinical/host-associated material | Clinical or carriage sample
GCA_022263795.1	SAMN07421117	Klebsiella pneumoniae	keep	colonization-context audit	Homo sapiens	Homo sapiens	Homo sapiens	9606			carrier			clinical/host-associated material	clinical sample			clinical/host-associated material	clinical sample | clinical/host-associated material | clinical/host-associated material | clinical/host-associated material | clinical/host-associated material | Clinical or carriage sample
GCA_030180275.1	SAMN31544721	Kingella kingae	keep	colonization-context audit	Homo sapiens	Homo sapiens	Homo sapiens	9606			carrier								
GCA_052547815.1	SAMN47845978	Haemophilus influenzae	keep	colonization-context audit	Homo sapiens	Homo sapiens	Homo sapiens	9606			carrier			clinical/host-associated material	nasopharynx/oropharynx				nasopharynx/oropharynx | upper respiratory tract | clinical/host-associated material | clinical/host-associated material | nasopharynx/oropharynx | nasopharynx | nasopharynx
GCA_055385985.1	SAMD00763741	Cupriavidus sp. LA-1	keep	colonization-context audit	Homo sapiens	Homo sapiens	Homo sapiens	9606			carrier			clinical/host-associated material	nasopharynx/oropharynx				nasopharynx/oropharynx | upper respiratory tract | clinical/host-associated material | clinical/host-associated material | nasopharynx/oropharynx | nasopharynx | nasopharynx
GCA_052558815.1	SAMN47846098	Haemophilus influenzae	keep	colonization-context audit	Homo sapiens	Homo sapiens	Homo sapiens	9606			carrier			clinical/host-associated material	nasopharynx/oropharynx				nasopharynx/oropharynx | upper respiratory tract | clinical/host-associated material | clinical/host-associated material | nasopharynx/oropharynx | nasopharynx | nasopharynx
GCA_049059665.1	SAMEA115674877	Staphylococcus aureus	keep	colonization-context audit	Felis catus	Felis catus	Felis catus	9685			carrier			clinical/host-associated material					clinical/host-associated material | clinical/host-associated material | nasal cavity/sinus/upper respiratory tract | nasal carriage
GCA_052560515.1	SAMN47846101	Haemophilus influenzae	keep	colonization-context audit	Homo sapiens	Homo sapiens	Homo sapiens	9606			carrier			clinical/host-associated material	nasopharynx/oropharynx				nasopharynx/oropharynx | upper respiratory tract | clinical/host-associated material | clinical/host-associated material | nasopharynx/oropharynx | nasopharynx | nasopharynx
GCA_052560795.1	SAMN47846119	Haemophilus influenzae	keep	colonization-context audit	Homo sapiens	Homo sapiens	Homo sapiens	9606			carrier			clinical/host-associated material	nasopharynx/oropharynx				nasopharynx/oropharynx | upper respiratory tract | clinical/host-associated material | clinical/host-associated material | nasopharynx/oropharynx | nasopharynx | nasopharynx
GCA_052561775.1	SAMN47845956	Haemophilus influenzae	keep	colonization-context audit	Homo sapiens	Homo sapiens	Homo sapiens	9606			carrier			clinical/host-associated material	nasopharynx/oropharynx				nasopharynx/oropharynx | upper respiratory tract | clinical/host-associated material | clinical/host-associated material | nasopharynx/oropharynx | nasopharynx | nasopharynx
GCA_049062505.1	SAMD00776475	Stenotrophomonas maltophilia	keep	colonization-context audit	Homo sapiens	Homo sapiens	Homo sapiens	9606			carrier			clinical/host-associated material	nasopharynx/oropharynx				nasopharynx/oropharynx | upper respiratory tract | clinical/host-associated material | clinical/host-associated material | nasopharynx/oropharynx | nasopharynx | nasopharynx
GCA_030180225.1	SAMN31544724	Kingella kingae	keep	colonization-context audit	Homo sapiens	Homo sapiens	Homo sapiens	9606			carrier								
GCA_047909895.1	SAMN39500101	Escherichia coli	keep	colonization-context audit	Homo sapiens	Homo sapiens	Homo sapiens	9606			carrier		feces/stool	clinical/host-associated material	feces/stool				feces/stool | feces/stool | clinical/host-associated material | clinical/host-associated material | fecal carriage
GCA_052547935.1	SAMN47845982	Haemophilus influenzae	keep	colonization-context audit	Homo sapiens	Homo sapiens	Homo sapiens	9606			carrier			clinical/host-associated material	nasopharynx/oropharynx				nasopharynx/oropharynx | upper respiratory tract | clinical/host-associated material | clinical/host-associated material | nasopharynx/oropharynx | nasopharynx | nasopharynx
GCA_052548075.1	SAMN47845993	Haemophilus influenzae	keep	colonization-context audit	Homo sapiens	Homo sapiens	Homo sapiens	9606			carrier			clinical/host-associated material	nasopharynx/oropharynx				nasopharynx/oropharynx | upper respiratory tract | clinical/host-associated material | clinical/host-associated material | nasopharynx/oropharynx | nasopharynx | nasopharynx
GCA_028660875.1	SAMEA11322472	Staphylococcus aureus	keep	colonization-context audit	Cathartes aura	Cathartes aura	Cathartes aura	43455			carrier			clinical/host-associated material					clinical/host-associated material | clinical/host-associated material | Carrier vulture
GCA_001198955.1	SAMEA751421	Bordetella pertussis	keep	colonization-context audit	Homo sapiens	Homo sapiens	Homo sapiens	9606			carrier			clinical/host-associated material	nasopharynx/oropharynx				nasopharynx/oropharynx | upper respiratory tract | clinical/host-associated material | clinical/host-associated material | nasopharynx/oropharynx | pharynx | pharynx
GCA_002097195.1	SAMN06546687	Staphylococcus aureus	keep	colonization-context audit	Homo sapiens	Homo sapiens	Homo sapiens	9606			carrier								Carriage sample
GCA_018766585.1	SAMN04460985	Clostridioides difficile	keep	colonization-context audit	Homo sapiens	Homo sapiens	Homo sapiens	9606			carrier		feces/stool	clinical/host-associated material	feces/stool		gut/fecal local context	host-associated gut/oral/fecal environment	feces/stool | feces/stool | clinical/host-associated material | clinical/host-associated material | gut/fecal local context | host-associated gut/oral/fecal environment | feces | Faeces | feces | Faeces
GCA_029852265.1	SAMN03892993	Staphylococcus aureus	keep	colonization-context audit	Homo sapiens	Homo sapiens	Homo sapiens	9606			carrier			clinical/host-associated material					clinical/host-associated material | clinical/host-associated material | nasal cavity/sinus/upper respiratory tract | nasal carriage
GCA_029852455.1	SAMN04605517	Staphylococcus aureus	keep	colonization-context audit	Homo sapiens	Homo sapiens	Homo sapiens	9606			carrier			clinical/host-associated material					clinical/host-associated material | clinical/host-associated material | nasal cavity/sinus/upper respiratory tract | Nasal carriage
GCA_035321565.1	SAMN38909793	Streptococcus pneumoniae	keep	colonization-context audit	Homo sapiens	Homo sapiens	Homo sapiens	9606			carrier			clinical/host-associated material					clinical/host-associated material | clinical/host-associated material | Carriage
GCA_047910095.1	SAMN39500111	Escherichia coli	keep	colonization-context audit	Homo sapiens	Homo sapiens	Homo sapiens	9606			carrier		feces/stool	clinical/host-associated material	feces/stool				feces/stool | feces/stool | clinical/host-associated material | clinical/host-associated material | fecal carriage
GCA_047910335.1	SAMN39500119	Escherichia coli	keep	colonization-context audit	Homo sapiens	Homo sapiens	Homo sapiens	9606			carrier		feces/stool	clinical/host-associated material	feces/stool				feces/stool | feces/stool | clinical/host-associated material | clinical/host-associated material | fecal carriage
GCA_052548415.1	SAMN47846143	Haemophilus influenzae	keep	colonization-context audit	Homo sapiens	Homo sapiens	Homo sapiens	9606			carrier			clinical/host-associated material	nasopharynx/oropharynx				nasopharynx/oropharynx | upper respiratory tract | clinical/host-associated material | clinical/host-associated material | nasopharynx/oropharynx | nasopharynx | nasopharynx
GCA_052560435.1	SAMN47846032	Haemophilus influenzae	keep	colonization-context audit	Homo sapiens	Homo sapiens	Homo sapiens	9606			carrier			clinical/host-associated material	nasopharynx/oropharynx				nasopharynx/oropharynx | upper respiratory tract | clinical/host-associated material | clinical/host-associated material | nasopharynx/oropharynx | nasopharynx | nasopharynx
GCA_052561535.1	SAMN47845944	Haemophilus influenzae	keep	colonization-context audit	Homo sapiens	Homo sapiens	Homo sapiens	9606			carrier			clinical/host-associated material	nasopharynx/oropharynx				nasopharynx/oropharynx | upper respiratory tract | clinical/host-associated material | clinical/host-associated material | nasopharynx/oropharynx | nasopharynx | nasopharynx
GCA_052564635.1	SAMN47846044	Haemophilus influenzae	keep	colonization-context audit	Homo sapiens	Homo sapiens	Homo sapiens	9606			carrier			clinical/host-associated material	nasopharynx/oropharynx				nasopharynx/oropharynx | upper respiratory tract | clinical/host-associated material | clinical/host-associated material | nasopharynx/oropharynx | nasopharynx | nasopharynx
GCA_054749485.1	SAMD00752330	Helicobacter pylori	keep	colonization-context audit	Homo sapiens	Homo sapiens	Homo sapiens	9606			carrier								
GCA_022262975.1	SAMN07421134	Klebsiella pneumoniae	keep	colonization-context audit	Homo sapiens	Homo sapiens	Homo sapiens	9606			carrier			clinical/host-associated material	clinical sample			clinical/host-associated material	clinical sample | clinical/host-associated material | clinical/host-associated material | clinical/host-associated material | clinical/host-associated material | Clinical or carriage sample
GCA_030181865.1	SAMN31544783	Kingella kingae	keep	colonization-context audit	Homo sapiens	Homo sapiens	Homo sapiens	9606			carrier								
GCA_030546525.1	SAMN28177554	Staphylococcus aureus	keep	colonization-context audit	Homo sapiens	Homo sapiens	Homo sapiens	9606			carrier			clinical/host-associated material					clinical/host-associated material | clinical/host-associated material | nasal cavity/sinus/upper respiratory tract | nasal carriage
GCA_040436395.1	SAMD00770627	Psychrobacter alimentarius	keep	colonization-context audit	Horse	Horse	Equus caballus	9796			carrier			Right guttural pouch					Right guttural pouch | Right guttural pouch | Right guttural pouch
GCA_018757915.1	SAMN04460931	Clostridioides difficile	keep	colonization-context audit	Homo sapiens	Homo sapiens	Homo sapiens	9606			carrier		feces/stool	clinical/host-associated material	feces/stool		gut/fecal local context	host-associated gut/oral/fecal environment	feces/stool | feces/stool | clinical/host-associated material | clinical/host-associated material | gut/fecal local context | host-associated gut/oral/fecal environment | feces | Faeces | feces | Faeces
GCA_047910385.1	SAMN39500126	Escherichia coli	keep	colonization-context audit	Homo sapiens	Homo sapiens	Homo sapiens	9606			carrier		feces/stool	clinical/host-associated material	feces/stool				feces/stool | feces/stool | clinical/host-associated material | clinical/host-associated material | fecal carriage
GCA_052548815.1	SAMN47846162	Haemophilus influenzae	keep	colonization-context audit	Homo sapiens	Homo sapiens	Homo sapiens	9606			carrier			clinical/host-associated material	nasopharynx/oropharynx				nasopharynx/oropharynx | upper respiratory tract | clinical/host-associated material | clinical/host-associated material | nasopharynx/oropharynx | nasopharynx | nasopharynx
GCA_052548875.1	SAMN47846165	Haemophilus influenzae	keep	colonization-context audit	Homo sapiens	Homo sapiens	Homo sapiens	9606			carrier			clinical/host-associated material	nasopharynx/oropharynx				nasopharynx/oropharynx | upper respiratory tract | clinical/host-associated material | clinical/host-associated material | nasopharynx/oropharynx | nasopharynx | nasopharynx
GCA_052548895.1	SAMN47846166	Haemophilus influenzae	keep	colonization-context audit	Homo sapiens	Homo sapiens	Homo sapiens	9606			carrier			clinical/host-associated material	nasopharynx/oropharynx				nasopharynx/oropharynx | upper respiratory tract | clinical/host-associated material | clinical/host-associated material | nasopharynx/oropharynx | nasopharynx | nasopharynx
GCA_030182405.1	SAMN31544713	Kingella kingae	keep	colonization-context audit	Homo sapiens	Homo sapiens	Homo sapiens	9606			carrier								
GCA_009747665.1	SAMN10105169	Vibrio cholerae	keep	colonization-context audit	Homo sapiens	Homo sapiens	Homo sapiens	9606			carrier			clinical/host-associated material					clinical/host-associated material | clinical/host-associated material | Carrier
GCA_009747945.1	SAMN10105156	Vibrio cholerae	keep	colonization-context audit	Homo sapiens	Homo sapiens	Homo sapiens	9606			carrier			clinical/host-associated material					clinical/host-associated material | clinical/host-associated material | Carrier
GCA_034980065.1	SAMN02982663	Streptococcus pyogenes	keep	colonization-context audit	Homo sapiens	Homo sapiens	Homo sapiens	9606			carrier								human carrier
GCA_034981105.1	SAMN02982639	Streptococcus pyogenes	keep	colonization-context audit	Homo sapiens	Homo sapiens	Homo sapiens	9606			carrier								human carrier
GCA_052561635.1	SAMN47845951	Haemophilus influenzae	keep	colonization-context audit	Homo sapiens	Homo sapiens	Homo sapiens	9606			carrier			clinical/host-associated material	nasopharynx/oropharynx				nasopharynx/oropharynx | upper respiratory tract | clinical/host-associated material | clinical/host-associated material | nasopharynx/oropharynx | nasopharynx | nasopharynx
GCA_022263295.1	SAMN07421081	Klebsiella pneumoniae	keep	colonization-context audit	Homo sapiens	Homo sapiens	Homo sapiens	9606			carrier			clinical/host-associated material	clinical sample			clinical/host-associated material	clinical sample | clinical/host-associated material | clinical/host-associated material | clinical/host-associated material | clinical/host-associated material | Clinical or carriage sample
GCA_049096515.1	SAMN32691222	Klebsiella pneumoniae	keep	colonization-context audit	Homo sapiens	Homo sapiens	Homo sapiens	9606			carrier			clinical/host-associated material					clinical/host-associated material | clinical/host-associated material | rectum/perianal region | Rectal carriage
GCA_052547735.1	SAMN47845970	Haemophilus influenzae	keep	colonization-context audit	Homo sapiens	Homo sapiens	Homo sapiens	9606			carrier			clinical/host-associated material	nasopharynx/oropharynx				nasopharynx/oropharynx | upper respiratory tract | clinical/host-associated material | clinical/host-associated material | nasopharynx/oropharynx | nasopharynx | nasopharynx
GCA_052548995.1	SAMN47846156	Haemophilus influenzae	keep	colonization-context audit	Homo sapiens	Homo sapiens	Homo sapiens	9606			carrier			clinical/host-associated material	nasopharynx/oropharynx				nasopharynx/oropharynx | upper respiratory tract | clinical/host-associated material | clinical/host-associated material | nasopharynx/oropharynx | nasopharynx | nasopharynx
GCA_052560195.1	SAMN47846018	Haemophilus influenzae	keep	colonization-context audit	Homo sapiens	Homo sapiens	Homo sapiens	9606			carrier			clinical/host-associated material	nasopharynx/oropharynx				nasopharynx/oropharynx | upper respiratory tract | clinical/host-associated material | clinical/host-associated material | nasopharynx/oropharynx | nasopharynx | nasopharynx
GCA_052549205.1	SAMN47846177	Haemophilus influenzae	keep	colonization-context audit	Homo sapiens	Homo sapiens	Homo sapiens	9606			carrier			clinical/host-associated material	nasopharynx/oropharynx				nasopharynx/oropharynx | upper respiratory tract | clinical/host-associated material | clinical/host-associated material | nasopharynx/oropharynx | nasopharynx | nasopharynx
GCA_001201595.1	SAMEA751487	Bordetella pertussis	keep	colonization-context audit	Homo sapiens	Homo sapiens	Homo sapiens	9606			carrier			clinical/host-associated material	nasopharynx/oropharynx				nasopharynx/oropharynx | upper respiratory tract | clinical/host-associated material | clinical/host-associated material | nasopharynx/oropharynx | pharynx | pharynx
GCA_018760725.1	SAMN04461020	Clostridioides difficile	keep	colonization-context audit	Homo sapiens	Homo sapiens	Homo sapiens	9606			carrier		feces/stool	clinical/host-associated material	feces/stool		gut/fecal local context	host-associated gut/oral/fecal environment	feces/stool | feces/stool | clinical/host-associated material | clinical/host-associated material | gut/fecal local context | host-associated gut/oral/fecal environment | feces | Faeces | feces | Faeces
GCA_030182305.1	SAMN31544725	Kingella kingae	keep	colonization-context audit	Homo sapiens	Homo sapiens	Homo sapiens	9606			carrier								
GCA_051945155.1	SAMN39605009	Staphylococcus aureus	keep	colonization-context audit	Sus scrofa domesticus	Sus scrofa domesticus	Sus scrofa domesticus	9825			carrier			clinical/host-associated material					clinical/host-associated material | clinical/host-associated material | nasal cavity/sinus/upper respiratory tract | animal nasal carriage
GCA_034981045.1	SAMN02982643	Streptococcus pyogenes	keep	colonization-context audit	Homo sapiens	Homo sapiens	Homo sapiens	9606			carrier								human carrier
GCA_035321525.1	SAMN38909792	Streptococcus pneumoniae	keep	colonization-context audit	Homo sapiens	Homo sapiens	Homo sapiens	9606			carrier			clinical/host-associated material					clinical/host-associated material | clinical/host-associated material | Carriage
GCA_035321905.1	SAMN38909804	Streptococcus pneumoniae	keep	colonization-context audit	Homo sapiens	Homo sapiens	Homo sapiens	9606			carrier			clinical/host-associated material					clinical/host-associated material | clinical/host-associated material | Carriage
GCA_052548275.1	SAMN47846114	Haemophilus influenzae	keep	colonization-context audit	Homo sapiens	Homo sapiens	Homo sapiens	9606			carrier			clinical/host-associated material	nasopharynx/oropharynx				nasopharynx/oropharynx | upper respiratory tract | clinical/host-associated material | clinical/host-associated material | nasopharynx/oropharynx | nasopharynx | nasopharynx
GCA_052560715.1	SAMN47846113	Haemophilus influenzae	keep	colonization-context audit	Homo sapiens	Homo sapiens	Homo sapiens	9606			carrier			clinical/host-associated material	nasopharynx/oropharynx				nasopharynx/oropharynx | upper respiratory tract | clinical/host-associated material | clinical/host-associated material | nasopharynx/oropharynx | nasopharynx | nasopharynx
GCA_052560835.1	SAMN47846125	Haemophilus influenzae	keep	colonization-context audit	Homo sapiens	Homo sapiens	Homo sapiens	9606			carrier			clinical/host-associated material	nasopharynx/oropharynx				nasopharynx/oropharynx | upper respiratory tract | clinical/host-associated material | clinical/host-associated material | nasopharynx/oropharynx | nasopharynx | nasopharynx
GCA_018760925.1	SAMN04460918	Clostridioides difficile	keep	colonization-context audit	Homo sapiens	Homo sapiens	Homo sapiens	9606			carrier		feces/stool	clinical/host-associated material	feces/stool		gut/fecal local context	host-associated gut/oral/fecal environment	feces/stool | feces/stool | clinical/host-associated material | clinical/host-associated material | gut/fecal local context | host-associated gut/oral/fecal environment | feces | Faeces | feces | Faeces
GCA_022263195.1	SAMN07421133	Klebsiella pneumoniae	keep	colonization-context audit	Homo sapiens	Homo sapiens	Homo sapiens	9606			carrier			clinical/host-associated material	clinical sample			clinical/host-associated material	clinical sample | clinical/host-associated material | clinical/host-associated material | clinical/host-associated material | clinical/host-associated material | Clinical or carriage sample
GCA_022263955.1	SAMN07421107	Klebsiella pneumoniae	keep	colonization-context audit	Homo sapiens	Homo sapiens	Homo sapiens	9606			carrier			clinical/host-associated material	clinical sample			clinical/host-associated material	clinical sample | clinical/host-associated material | clinical/host-associated material | clinical/host-associated material | clinical/host-associated material | Clinical or carriage sample
GCA_007001505.1	SAMN10775320	Clostridioides difficile	keep	colonization-context audit	Homo sapiens	Homo sapiens	Homo sapiens	9606			carrier		feces/stool	clinical/host-associated material	feces/stool		gut/fecal local context	host-associated gut/oral/fecal environment	feces/stool | feces/stool | clinical/host-associated material | clinical/host-associated material | gut/fecal local context | host-associated gut/oral/fecal environment | stool | stool
GCA_052560095.1	SAMN47846008	Haemophilus influenzae	keep	colonization-context audit	Homo sapiens	Homo sapiens	Homo sapiens	9606			carrier			clinical/host-associated material	nasopharynx/oropharynx				nasopharynx/oropharynx | upper respiratory tract | clinical/host-associated material | clinical/host-associated material | nasopharynx/oropharynx | nasopharynx | nasopharynx
GCA_052560455.1	SAMN47846033	Haemophilus influenzae	keep	colonization-context audit	Homo sapiens	Homo sapiens	Homo sapiens	9606			carrier			clinical/host-associated material	nasopharynx/oropharynx				nasopharynx/oropharynx | upper respiratory tract | clinical/host-associated material | clinical/host-associated material | nasopharynx/oropharynx | nasopharynx | nasopharynx
GCA_055556495.1	SAMN43881111	Escherichia coli	keep	colonization-context audit	Homo sapiens	Homo sapiens	Homo sapiens	9606			carrier			clinical/host-associated material	rectal swab				rectal swab | swab | clinical/host-associated material | clinical/host-associated material | rectum/perianal region | Rectal swab/Carriage
GCA_018757755.1	SAMN04461026	Clostridioides difficile	keep	colonization-context audit	Homo sapiens	Homo sapiens	Homo sapiens	9606			carrier		feces/stool	clinical/host-associated material	feces/stool		gut/fecal local context	host-associated gut/oral/fecal environment	feces/stool | feces/stool | clinical/host-associated material | clinical/host-associated material | gut/fecal local context | host-associated gut/oral/fecal environment | feces | Faeces | feces | Faeces
GCA_028659995.1	SAMEA11322482	Staphylococcus aureus	keep	colonization-context audit	Sus scrofa domesticus	Sus scrofa domesticus	Sus scrofa domesticus	9825			carrier								Carrier pig
GCA_018758755.1	SAMN04461031	Clostridioides difficile	keep	colonization-context audit	Homo sapiens	Homo sapiens	Homo sapiens	9606			carrier		feces/stool	clinical/host-associated material	feces/stool		gut/fecal local context	host-associated gut/oral/fecal environment	feces/stool | feces/stool | clinical/host-associated material | clinical/host-associated material | gut/fecal local context | host-associated gut/oral/fecal environment | feces | Faeces | feces | Faeces
GCA_051945135.1	SAMN39605010	Staphylococcus aureus	keep	colonization-context audit	Sus scrofa domesticus	Sus scrofa domesticus	Sus scrofa domesticus	9825			carrier			clinical/host-associated material					clinical/host-associated material | clinical/host-associated material | nasal cavity/sinus/upper respiratory tract | animal nasal carriage
GCA_052626645.1	SAMN47845972	Haemophilus influenzae	keep	colonization-context audit	Homo sapiens	Homo sapiens	Homo sapiens	9606			carrier			clinical/host-associated material	nasopharynx/oropharynx				nasopharynx/oropharynx | upper respiratory tract | clinical/host-associated material | clinical/host-associated material | nasopharynx/oropharynx | nasopharynx | nasopharynx
GCA_034980945.1	SAMN02982648	Streptococcus pyogenes	keep	colonization-context audit	Homo sapiens	Homo sapiens	Homo sapiens	9606			carrier								human carrier
GCA_034981085.1	SAMN02982640	Streptococcus pyogenes	keep	colonization-context audit	Homo sapiens	Homo sapiens	Homo sapiens	9606			carrier								human carrier
GCA_054750045.1	SAMD00752302	Helicobacter pylori	keep	colonization-context audit	Homo sapiens	Homo sapiens	Homo sapiens	9606			carrier								
GCA_052559935.1	SAMN47846003	Haemophilus influenzae	keep	colonization-context audit	Homo sapiens	Homo sapiens	Homo sapiens	9606			carrier			clinical/host-associated material	nasopharynx/oropharynx				nasopharynx/oropharynx | upper respiratory tract | clinical/host-associated material | clinical/host-associated material | nasopharynx/oropharynx | nasopharynx | nasopharynx
GCA_040361705.1	SAMD00766038	Shewanella baltica	keep	colonization-context audit	Horse	Horse	Equus caballus	9796			carrier			clinical/host-associated material	swab				swab | swab | clinical/host-associated material | clinical/host-associated material | Swab (carrier) | Swab (carrier)
GCA_018717245.1	SAMN04460957	Clostridioides difficile	keep	colonization-context audit	Homo sapiens	Homo sapiens	Homo sapiens	9606			carrier		feces/stool	clinical/host-associated material	feces/stool		gut/fecal local context	host-associated gut/oral/fecal environment	feces/stool | feces/stool | clinical/host-associated material | clinical/host-associated material | gut/fecal local context | host-associated gut/oral/fecal environment | feces | Faeces | feces | Faeces
GCA_001332955.1	SAMEA751439	Bordetella pertussis	keep	colonization-context audit	Homo sapiens	Homo sapiens	Homo sapiens	9606			carrier			clinical/host-associated material	nasopharynx/oropharynx				nasopharynx/oropharynx | upper respiratory tract | clinical/host-associated material | clinical/host-associated material | nasopharynx/oropharynx | pharynx | pharynx
GCA_018723985.1	SAMN04460919	Clostridioides difficile	keep	colonization-context audit	Homo sapiens	Homo sapiens	Homo sapiens	9606			carrier		feces/stool	clinical/host-associated material	feces/stool		gut/fecal local context	host-associated gut/oral/fecal environment	feces/stool | feces/stool | clinical/host-associated material | clinical/host-associated material | gut/fecal local context | host-associated gut/oral/fecal environment | feces | Faeces | feces | Faeces
GCA_030181905.1	SAMN31544780	Kingella kingae	keep	colonization-context audit	Homo sapiens	Homo sapiens	Homo sapiens	9606			carrier								
GCA_022175845.1	SAMEA6654241	Klebsiella pneumoniae	keep	colonization-context audit	Homo sapiens	Homo sapiens	Homo sapiens	9606			carrier			clinical/host-associated material					clinical/host-associated material | clinical/host-associated material | Carriage
GCA_034981165.1	SAMN02982636	Streptococcus pyogenes	keep	colonization-context audit	Homo sapiens	Homo sapiens	Homo sapiens	9606			carrier								human carrier
GCA_052561555.1	SAMN47845945	Haemophilus influenzae	keep	colonization-context audit	Homo sapiens	Homo sapiens	Homo sapiens	9606			carrier			clinical/host-associated material	nasopharynx/oropharynx				nasopharynx/oropharynx | upper respiratory tract | clinical/host-associated material | clinical/host-associated material | nasopharynx/oropharynx | nasopharynx | nasopharynx
GCA_052564455.1	SAMN47845900	Haemophilus influenzae	keep	colonization-context audit	Homo sapiens	Homo sapiens	Homo sapiens	9606			carrier			clinical/host-associated material	nasopharynx/oropharynx				nasopharynx/oropharynx | upper respiratory tract | clinical/host-associated material | clinical/host-associated material | nasopharynx/oropharynx | nasopharynx | nasopharynx
GCA_022263815.1	SAMN07421114	Klebsiella pneumoniae	keep	colonization-context audit	Homo sapiens	Homo sapiens	Homo sapiens	9606			carrier			clinical/host-associated material	clinical sample			clinical/host-associated material	clinical sample | clinical/host-associated material | clinical/host-associated material | clinical/host-associated material | clinical/host-associated material | Clinical or carriage sample
GCA_052547995.1	SAMN47845985	Haemophilus influenzae	keep	colonization-context audit	Homo sapiens	Homo sapiens	Homo sapiens	9606			carrier			clinical/host-associated material	nasopharynx/oropharynx				nasopharynx/oropharynx | upper respiratory tract | clinical/host-associated material | clinical/host-associated material | nasopharynx/oropharynx | nasopharynx | nasopharynx
GCA_049059645.1	SAMEA115674878	Staphylococcus aureus	keep	colonization-context audit	Felis catus	Felis catus	Felis catus	9685			carrier			clinical/host-associated material					clinical/host-associated material | clinical/host-associated material | nasal cavity/sinus/upper respiratory tract | nasal carriage
GCA_049096275.1	SAMN32691217	Klebsiella pneumoniae	keep	colonization-context audit	Homo sapiens	Homo sapiens	Homo sapiens	9606			carrier			clinical/host-associated material					clinical/host-associated material | clinical/host-associated material | rectum/perianal region | Rectal carriage
GCA_047909555.1	SAMN39500077	Escherichia coli	keep	colonization-context audit	Homo sapiens	Homo sapiens	Homo sapiens	9606			carrier		feces/stool	clinical/host-associated material	feces/stool				feces/stool | feces/stool | clinical/host-associated material | clinical/host-associated material | fecal carriage
GCA_001121225.1	SAMEA859876	Yersinia frederiksenii	keep	colonization-context audit	Homo sapiens	Homo sapiens	Homo sapiens	9606			carrier			clinical/host-associated material	nasopharynx/oropharynx				nasopharynx/oropharynx | upper respiratory tract | clinical/host-associated material | clinical/host-associated material | nasopharynx/oropharynx | nasopharynx | nasopharynx
GCA_000826005.1	SAMEA2803885	Streptococcus agalactiae	keep	colonization-context audit	Homo sapiens	Homo sapiens	Homo sapiens	9606			carrier			clinical/host-associated material					clinical/host-associated material | clinical/host-associated material | Carriage
GCA_009748425.1	SAMN10105132	Vibrio cholerae	keep	colonization-context audit	Homo sapiens	Homo sapiens	Homo sapiens	9606			carrier			clinical/host-associated material					clinical/host-associated material | clinical/host-associated material | Carrier
GCA_028658935.1	SAMEA11322483	Staphylococcus aureus	keep	colonization-context audit	Sus scrofa domesticus	Sus scrofa domesticus	Sus scrofa domesticus	9825			carrier								Carrier pig
GCA_028659015.1	SAMEA11322478	Staphylococcus aureus	keep	colonization-context audit	Sus scrofa domesticus	Sus scrofa domesticus	Sus scrofa domesticus	9825			carrier								Carrier pig
GCA_052564575.1	SAMN47846040	Haemophilus influenzae	keep	colonization-context audit	Homo sapiens	Homo sapiens	Homo sapiens	9606			carrier			clinical/host-associated material	nasopharynx/oropharynx				nasopharynx/oropharynx | upper respiratory tract | clinical/host-associated material | clinical/host-associated material | nasopharynx/oropharynx | nasopharynx | nasopharynx
GCA_001332255.1	SAMEA751294	Bordetella pertussis	keep	colonization-context audit	Homo sapiens	Homo sapiens	Homo sapiens	9606			carrier								
GCA_023621475.1	SAMN28177555	Staphylococcus aureus	keep	colonization-context audit	Homo sapiens	Homo sapiens	Homo sapiens	9606			carrier			clinical/host-associated material					clinical/host-associated material | clinical/host-associated material | nasal cavity/sinus/upper respiratory tract | nasal carriage
GCA_018761825.1	SAMN04461028	Clostridioides difficile	keep	colonization-context audit	Homo sapiens	Homo sapiens	Homo sapiens	9606			carrier		feces/stool	clinical/host-associated material	feces/stool		gut/fecal local context	host-associated gut/oral/fecal environment	feces/stool | feces/stool | clinical/host-associated material | clinical/host-associated material | gut/fecal local context | host-associated gut/oral/fecal environment | feces | Faeces | feces | Faeces
GCA_052548435.1	SAMN47846163	Haemophilus influenzae	keep	colonization-context audit	Homo sapiens	Homo sapiens	Homo sapiens	9606			carrier			clinical/host-associated material	nasopharynx/oropharynx				nasopharynx/oropharynx | upper respiratory tract | clinical/host-associated material | clinical/host-associated material | nasopharynx/oropharynx | nasopharynx | nasopharynx
GCA_055556455.1	SAMN43881087	Escherichia coli	keep	colonization-context audit	dog	dog	Canis lupus familiaris	9615			carrier			clinical/host-associated material	rectal swab				rectal swab | swab | clinical/host-associated material | clinical/host-associated material | rectum/perianal region | Rectal swab/Carriage
GCA_049060345.1	SAMEA115674860	Staphylococcus aureus	keep	colonization-context audit	Felis catus	Felis catus	Felis catus	9685			carrier			clinical/host-associated material					clinical/host-associated material | clinical/host-associated material | nasal cavity/sinus/upper respiratory tract | nasal carriage
GCA_052559775.1	SAMN47845922	Haemophilus influenzae	keep	colonization-context audit	Homo sapiens	Homo sapiens	Homo sapiens	9606			carrier			clinical/host-associated material	nasopharynx/oropharynx				nasopharynx/oropharynx | upper respiratory tract | clinical/host-associated material | clinical/host-associated material | nasopharynx/oropharynx | nasopharynx | nasopharynx
GCA_022263215.1	SAMN07421136	Klebsiella pneumoniae	keep	colonization-context audit	Homo sapiens	Homo sapiens	Homo sapiens	9606			carrier			clinical/host-associated material	clinical sample			clinical/host-associated material	clinical sample | clinical/host-associated material | clinical/host-associated material | clinical/host-associated material | clinical/host-associated material | Clinical or carriage sample
GCA_001198375.1	SAMEA751475	Bordetella pertussis	keep	colonization-context audit	Homo sapiens	Homo sapiens	Homo sapiens	9606			carrier			clinical/host-associated material	nasopharynx/oropharynx				nasopharynx/oropharynx | upper respiratory tract | clinical/host-associated material | clinical/host-associated material | nasopharynx/oropharynx | pharynx | pharynx
GCA_001319225.1	SAMEA751268	Bordetella pertussis	keep	colonization-context audit	Homo sapiens	Homo sapiens	Homo sapiens	9606			carrier								
GCA_035321545.1	SAMN38909791	Streptococcus pneumoniae	keep	colonization-context audit	Homo sapiens	Homo sapiens	Homo sapiens	9606			carrier			clinical/host-associated material					clinical/host-associated material | clinical/host-associated material | Carriage
GCA_047910155.1	SAMN39500114	Escherichia coli	keep	colonization-context audit	Homo sapiens	Homo sapiens	Homo sapiens	9606			carrier		feces/stool	clinical/host-associated material	feces/stool				feces/stool | feces/stool | clinical/host-associated material | clinical/host-associated material | fecal carriage
GCA_001333395.1	SAMEA751474	Bordetella pertussis	keep	colonization-context audit	Homo sapiens	Homo sapiens	Homo sapiens	9606			carrier			clinical/host-associated material	nasopharynx/oropharynx				nasopharynx/oropharynx | upper respiratory tract | clinical/host-associated material | clinical/host-associated material | nasopharynx/oropharynx | pharynx | pharynx
GCA_018764025.1	SAMN04461017	Clostridioides difficile	keep	colonization-context audit	Homo sapiens	Homo sapiens	Homo sapiens	9606			carrier		feces/stool	clinical/host-associated material	feces/stool		gut/fecal local context	host-associated gut/oral/fecal environment	feces/stool | feces/stool | clinical/host-associated material | clinical/host-associated material | gut/fecal local context | host-associated gut/oral/fecal environment | feces | Faeces | feces | Faeces
GCA_015929665.1	SAMN15502146	Citrobacter freundii	keep	colonization-context audit	Homo sapiens	Homo sapiens	Homo sapiens	9606			carrier			clinical/host-associated material	rectal swab				rectal swab | swab | clinical/host-associated material | clinical/host-associated material | rectum/perianal region | rectal swab | rectal swab
GCA_022262935.1	SAMN07421135	Klebsiella pneumoniae	keep	colonization-context audit	Homo sapiens	Homo sapiens	Homo sapiens	9606			carrier			clinical/host-associated material	clinical sample			clinical/host-associated material	clinical sample | clinical/host-associated material | clinical/host-associated material | clinical/host-associated material | clinical/host-associated material | Clinical or carriage sample
GCA_022263375.1	SAMN07421084	Klebsiella pneumoniae	keep	colonization-context audit	Homo sapiens	Homo sapiens	Homo sapiens	9606			carrier			clinical/host-associated material	clinical sample			clinical/host-associated material	clinical sample | clinical/host-associated material | clinical/host-associated material | clinical/host-associated material | clinical/host-associated material | Clinical or carriage sample
GCA_052548295.1	SAMN47846115	Haemophilus influenzae	keep	colonization-context audit	Homo sapiens	Homo sapiens	Homo sapiens	9606			carrier			clinical/host-associated material	nasopharynx/oropharynx				nasopharynx/oropharynx | upper respiratory tract | clinical/host-associated material | clinical/host-associated material | nasopharynx/oropharynx | nasopharynx | nasopharynx
GCA_052558615.1	SAMN47846091	Haemophilus influenzae	keep	colonization-context audit	Homo sapiens	Homo sapiens	Homo sapiens	9606			carrier			clinical/host-associated material	nasopharynx/oropharynx				nasopharynx/oropharynx | upper respiratory tract | clinical/host-associated material | clinical/host-associated material | nasopharynx/oropharynx | nasopharynx | nasopharynx
GCA_052559855.1	SAMN47845929	Haemophilus influenzae	keep	colonization-context audit	Homo sapiens	Homo sapiens	Homo sapiens	9606			carrier			clinical/host-associated material	nasopharynx/oropharynx				nasopharynx/oropharynx | upper respiratory tract | clinical/host-associated material | clinical/host-associated material | nasopharynx/oropharynx | nasopharynx | nasopharynx
GCA_000826025.1	SAMEA2803886	Streptococcus agalactiae	keep	colonization-context audit	Homo sapiens	Homo sapiens	Homo sapiens	9606			carrier			clinical/host-associated material					clinical/host-associated material | clinical/host-associated material | Carriage
GCA_042246085.1	SAMN43046597	Enterobacter roggenkampii	keep	colonization-context audit	Homo sapiens	Homo sapiens	Homo sapiens	9606			carrier			clinical/host-associated material	fecal/stool swab				fecal/stool swab | swab | clinical/host-associated material | clinical/host-associated material | fecal swab | fecal swab
GCA_052565035.1	SAMN47846060	Haemophilus influenzae	keep	colonization-context audit	Homo sapiens	Homo sapiens	Homo sapiens	9606			carrier			clinical/host-associated material	nasopharynx/oropharynx				nasopharynx/oropharynx | upper respiratory tract | clinical/host-associated material | clinical/host-associated material | nasopharynx/oropharynx | nasopharynx | nasopharynx
GCA_052549315.1	SAMN47846185	Haemophilus influenzae	keep	colonization-context audit	Homo sapiens	Homo sapiens	Homo sapiens	9606			carrier			clinical/host-associated material	nasopharynx/oropharynx				nasopharynx/oropharynx | upper respiratory tract | clinical/host-associated material | clinical/host-associated material | nasopharynx/oropharynx | nasopharynx | nasopharynx
GCA_055556575.1	SAMN43881094	Escherichia coli	keep	colonization-context audit	Homo sapiens	Homo sapiens	Homo sapiens	9606			carrier			clinical/host-associated material	rectal swab				rectal swab | swab | clinical/host-associated material | clinical/host-associated material | rectum/perianal region | Rectal swab/Carriage
GCA_018685755.1	SAMN04461022	Clostridioides difficile	keep	colonization-context audit	Homo sapiens	Homo sapiens	Homo sapiens	9606			carrier		feces/stool	clinical/host-associated material	feces/stool		gut/fecal local context	host-associated gut/oral/fecal environment	feces/stool | feces/stool | clinical/host-associated material | clinical/host-associated material | gut/fecal local context | host-associated gut/oral/fecal environment | feces | Faeces | feces | Faeces
GCA_051945015.1	SAMN39605002	Staphylococcus aureus	keep	colonization-context audit	Sus scrofa domesticus	Sus scrofa domesticus	Sus scrofa domesticus	9825			carrier			clinical/host-associated material					clinical/host-associated material | clinical/host-associated material | nasal cavity/sinus/upper respiratory tract | animal nasal carriage
GCA_002097505.1	SAMN06546683	Staphylococcus aureus	keep	colonization-context audit	Homo sapiens	Homo sapiens	Homo sapiens	9606			carrier								Carriage sample
GCA_022176425.1	SAMEA6654233	Klebsiella pneumoniae	keep	colonization-context audit	Homo sapiens	Homo sapiens	Homo sapiens	9606			carrier			clinical/host-associated material					clinical/host-associated material | clinical/host-associated material | Carriage
GCA_052560415.1	SAMN47846031	Haemophilus influenzae	keep	colonization-context audit	Homo sapiens	Homo sapiens	Homo sapiens	9606			carrier			clinical/host-associated material	nasopharynx/oropharynx				nasopharynx/oropharynx | upper respiratory tract | clinical/host-associated material | clinical/host-associated material | nasopharynx/oropharynx | nasopharynx | nasopharynx
GCA_052564795.1	SAMN47846043	Haemophilus influenzae	keep	colonization-context audit	Homo sapiens	Homo sapiens	Homo sapiens	9606			carrier			clinical/host-associated material	nasopharynx/oropharynx				nasopharynx/oropharynx | upper respiratory tract | clinical/host-associated material | clinical/host-associated material | nasopharynx/oropharynx | nasopharynx | nasopharynx
GCA_052565415.1	SAMN47845384	Haemophilus influenzae	keep	colonization-context audit	Homo sapiens	Homo sapiens	Homo sapiens	9606			carrier			clinical/host-associated material	nasopharynx/oropharynx				nasopharynx/oropharynx | upper respiratory tract | clinical/host-associated material | clinical/host-associated material | nasopharynx/oropharynx | nasopharynx | nasopharynx
GCA_052564975.1	SAMN47846056	Haemophilus influenzae	keep	colonization-context audit	Homo sapiens	Homo sapiens	Homo sapiens	9606			carrier			clinical/host-associated material	nasopharynx/oropharynx				nasopharynx/oropharynx | upper respiratory tract | clinical/host-associated material | clinical/host-associated material | nasopharynx/oropharynx | nasopharynx | nasopharynx
GCA_054750085.1	SAMD00752300	Helicobacter pylori	keep	colonization-context audit	Homo sapiens	Homo sapiens	Homo sapiens	9606			carrier								
GCA_054750125.1	SAMD00752298	Helicobacter pylori	keep	colonization-context audit	Homo sapiens	Homo sapiens	Homo sapiens	9606			carrier								
GCA_009295665.1	SAMN12999967	Citrobacter telavivensis	keep	colonization-context audit	Homo sapiens	Homo sapiens	Homo sapiens	9606			carrier			clinical/host-associated material					clinical/host-associated material | clinical/host-associated material | rectum/perianal region | rectum | rectum
GCA_018765325.1	SAMN04460959	Clostridioides difficile	keep	colonization-context audit	Homo sapiens	Homo sapiens	Homo sapiens	9606			carrier		feces/stool	clinical/host-associated material	feces/stool		gut/fecal local context	host-associated gut/oral/fecal environment	feces/stool | feces/stool | clinical/host-associated material | clinical/host-associated material | gut/fecal local context | host-associated gut/oral/fecal environment | feces | Faeces | feces | Faeces
GCA_051945935.1	SAMN39605058	Staphylococcus aureus	keep	colonization-context audit	Homo sapiens	Homo sapiens	Homo sapiens	9606			carrier			clinical/host-associated material					clinical/host-associated material | clinical/host-associated material | nasal cavity/sinus/upper respiratory tract | nasal carriage
GCA_052548335.1	SAMN47846139	Haemophilus influenzae	keep	colonization-context audit	Homo sapiens	Homo sapiens	Homo sapiens	9606			carrier			clinical/host-associated material	nasopharynx/oropharynx				nasopharynx/oropharynx | upper respiratory tract | clinical/host-associated material | clinical/host-associated material | nasopharynx/oropharynx | nasopharynx | nasopharynx
GCA_052559755.1	SAMN47845920	Haemophilus influenzae	keep	colonization-context audit	Homo sapiens	Homo sapiens	Homo sapiens	9606			carrier			clinical/host-associated material	nasopharynx/oropharynx				nasopharynx/oropharynx | upper respiratory tract | clinical/host-associated material | clinical/host-associated material | nasopharynx/oropharynx | nasopharynx | nasopharynx
GCA_047909735.1	SAMN39500158	Escherichia coli	keep	colonization-context audit	Homo sapiens	Homo sapiens	Homo sapiens	9606			carrier		feces/stool	clinical/host-associated material	feces/stool				feces/stool | feces/stool | clinical/host-associated material | clinical/host-associated material | fecal carriage
GCA_028660015.1	SAMEA11322457	Staphylococcus aureus	keep	colonization-context audit	Capra pyrenaica	Capra pyrenaica	Capra pyrenaica	80419			carrier			clinical/host-associated material					clinical/host-associated material | clinical/host-associated material | Carrier mountain goat
GCA_032097985.1	SAMEA7699212	Staphylococcus argenteus	keep	colonization-context audit	Homo sapiens	Homo sapiens	Homo sapiens	9606			carrier			clinical/host-associated material					clinical/host-associated material | clinical/host-associated material | carriage
GCA_018762205.1	SAMN04460894	Clostridioides difficile	keep	colonization-context audit	Homo sapiens	Homo sapiens	Homo sapiens	9606			carrier		feces/stool	clinical/host-associated material	feces/stool		gut/fecal local context	host-associated gut/oral/fecal environment	feces/stool | feces/stool | clinical/host-associated material | clinical/host-associated material | gut/fecal local context | host-associated gut/oral/fecal environment | feces | Faeces | feces | Faeces
GCA_026061395.1	SAMN11265050	Citrobacter koseri	keep	colonization-context audit	Homo sapiens	Homo sapiens	Homo sapiens	9606			carrier			clinical/host-associated material					clinical/host-associated material | clinical/host-associated material | rectum/perianal region | Rectum | Rectum
GCA_051945045.1	SAMN39605004	Staphylococcus aureus	keep	colonization-context audit	Sus scrofa domesticus	Sus scrofa domesticus	Sus scrofa domesticus	9825			carrier			clinical/host-associated material					clinical/host-associated material | clinical/host-associated material | nasal cavity/sinus/upper respiratory tract | animal nasal carriage
GCA_018767125.1	SAMN04460967	Clostridioides difficile	keep	colonization-context audit	Homo sapiens	Homo sapiens	Homo sapiens	9606			carrier		feces/stool	clinical/host-associated material	feces/stool		gut/fecal local context	host-associated gut/oral/fecal environment	feces/stool | feces/stool | clinical/host-associated material | clinical/host-associated material | gut/fecal local context | host-associated gut/oral/fecal environment | feces | Faeces | feces | Faeces
GCA_028469025.1	SAMEA7375660	Staphylococcus aureus	keep	colonization-context audit	Homo sapiens	Homo sapiens	Homo sapiens	9606			carrier			clinical/host-associated material					clinical/host-associated material | clinical/host-associated material | carriage
GCA_028662575.1	SAMEA11322463	Staphylococcus aureus	keep	colonization-context audit	Sus scrofa domesticus	Sus scrofa domesticus	Sus scrofa domesticus	9825			carrier								Carrier pig
GCA_034980865.1	SAMN02982653	Streptococcus pyogenes	keep	colonization-context audit	Homo sapiens	Homo sapiens	Homo sapiens	9606			carrier								human carrier
GCA_035322045.1	SAMN38909807	Streptococcus pneumoniae	keep	colonization-context audit	Homo sapiens	Homo sapiens	Homo sapiens	9606			carrier			clinical/host-associated material					clinical/host-associated material | clinical/host-associated material | Carriage
GCA_052561895.1	SAMN47845968	Haemophilus influenzae	keep	colonization-context audit	Homo sapiens	Homo sapiens	Homo sapiens	9606			carrier			clinical/host-associated material	nasopharynx/oropharynx				nasopharynx/oropharynx | upper respiratory tract | clinical/host-associated material | clinical/host-associated material | nasopharynx/oropharynx | nasopharynx | nasopharynx
GCA_052564855.1	SAMN47846049	Haemophilus influenzae	keep	colonization-context audit	Homo sapiens	Homo sapiens	Homo sapiens	9606			carrier			clinical/host-associated material	nasopharynx/oropharynx				nasopharynx/oropharynx | upper respiratory tract | clinical/host-associated material | clinical/host-associated material | nasopharynx/oropharynx | nasopharynx | nasopharynx
GCA_001153365.1	SAMEA859905	Yersinia kristensenii	keep	colonization-context audit	Homo sapiens	Homo sapiens	Homo sapiens	9606			carrier			clinical/host-associated material	nasopharynx/oropharynx				nasopharynx/oropharynx | upper respiratory tract | clinical/host-associated material | clinical/host-associated material | nasopharynx/oropharynx | nasopharynx | nasopharynx
GCA_001704175.2	SAMN05509393	Leptospira inadai serovar Lyme	keep	colonization-context audit	rat	rat	Rattus norvegicus	10116			carrier			clinical/host-associated material					clinical/host-associated material | clinical/host-associated material | organ/tissue site | kidney | kidney
GCA_047910035.1	SAMN39500073	Escherichia coli	keep	colonization-context audit	Homo sapiens	Homo sapiens	Homo sapiens	9606			carrier		feces/stool	clinical/host-associated material	feces/stool				feces/stool | feces/stool | clinical/host-associated material | clinical/host-associated material | fecal carriage
GCA_052560255.1	SAMN47846022	Haemophilus influenzae	keep	colonization-context audit	Homo sapiens	Homo sapiens	Homo sapiens	9606			carrier			clinical/host-associated material	nasopharynx/oropharynx				nasopharynx/oropharynx | upper respiratory tract | clinical/host-associated material | clinical/host-associated material | nasopharynx/oropharynx | nasopharynx | nasopharynx
GCA_025506115.1	SAMN03326160	Staphylococcus aureus	keep	colonization-context audit	Homo sapiens	Homo sapiens	Homo sapiens	9606			carrier			clinical/host-associated material					clinical/host-associated material | clinical/host-associated material | nasal cavity/sinus/upper respiratory tract | nasal carriage
GCA_007001545.1	SAMN10775319	Clostridioides difficile	keep	colonization-context audit	Homo sapiens	Homo sapiens	Homo sapiens	9606			carrier		feces/stool	clinical/host-associated material	feces/stool		gut/fecal local context	host-associated gut/oral/fecal environment	feces/stool | feces/stool | clinical/host-associated material | clinical/host-associated material | gut/fecal local context | host-associated gut/oral/fecal environment | stool | stool
GCA_047909675.1	SAMN39500154	Escherichia coli	keep	colonization-context audit	Homo sapiens	Homo sapiens	Homo sapiens	9606			carrier		feces/stool	clinical/host-associated material	feces/stool				feces/stool | feces/stool | clinical/host-associated material | clinical/host-associated material | fecal carriage
GCA_047909285.1	SAMN39500095	Escherichia coli	keep	colonization-context audit	Homo sapiens	Homo sapiens	Homo sapiens	9606			carrier		feces/stool	clinical/host-associated material	feces/stool				feces/stool | feces/stool | clinical/host-associated material | clinical/host-associated material | fecal carriage
GCA_036314025.1	SAMN38468376	Escherichia coli	keep	colonization-context audit	Zophobas morio	Zophobas morio	Zophobas morio	2755281			colonized		tissue	clinical/host-associated material	tissue				tissue | tissue | clinical/host-associated material | clinical/host-associated material | Homogenized tissue of Zophobas morio larvae colonized with Ec-4901.28 at T21 exp9
GCA_001332895.1	SAMEA751433	Bordetella pertussis	keep	colonization-context audit	Homo sapiens	Homo sapiens	Homo sapiens	9606			carrier			clinical/host-associated material	nasopharynx/oropharynx				nasopharynx/oropharynx | upper respiratory tract | clinical/host-associated material | clinical/host-associated material | nasopharynx/oropharynx | pharynx | pharynx
GCA_001333175.1	SAMEA751459	Bordetella pertussis	keep	colonization-context audit	Homo sapiens	Homo sapiens	Homo sapiens	9606			carrier			clinical/host-associated material	nasopharynx/oropharynx				nasopharynx/oropharynx | upper respiratory tract | clinical/host-associated material | clinical/host-associated material | nasopharynx/oropharynx | pharynx | pharynx
GCA_002097445.1	SAMN06546691	Staphylococcus aureus	keep	colonization-context audit	Homo sapiens	Homo sapiens	Homo sapiens	9606			carrier								Carriage sample
GCA_052561615.1	SAMN47845950	Haemophilus influenzae	keep	colonization-context audit	Homo sapiens	Homo sapiens	Homo sapiens	9606			carrier			clinical/host-associated material	nasopharynx/oropharynx				nasopharynx/oropharynx | upper respiratory tract | clinical/host-associated material | clinical/host-associated material | nasopharynx/oropharynx | nasopharynx | nasopharynx
GCA_049059445.1	SAMEA115674882	Staphylococcus aureus	keep	colonization-context audit	Felis catus	Felis catus	Felis catus	9685			carrier			clinical/host-associated material					clinical/host-associated material | clinical/host-associated material | nasal cavity/sinus/upper respiratory tract | nasal carriage
GCA_052561855.1	SAMN47845964	Haemophilus influenzae	keep	colonization-context audit	Homo sapiens	Homo sapiens	Homo sapiens	9606			carrier			clinical/host-associated material	nasopharynx/oropharynx				nasopharynx/oropharynx | upper respiratory tract | clinical/host-associated material | clinical/host-associated material | nasopharynx/oropharynx | nasopharynx | nasopharynx
GCA_007000515.1	SAMN10775312	Clostridioides difficile	keep	colonization-context audit	Homo sapiens	Homo sapiens	Homo sapiens	9606			carrier		feces/stool	clinical/host-associated material	feces/stool		gut/fecal local context	host-associated gut/oral/fecal environment	feces/stool | feces/stool | clinical/host-associated material | clinical/host-associated material | gut/fecal local context | host-associated gut/oral/fecal environment | stool | stool
GCA_018611545.1	SAMN04461016	Clostridioides difficile	keep	colonization-context audit	Homo sapiens	Homo sapiens	Homo sapiens	9606			carrier		feces/stool	clinical/host-associated material	feces/stool		gut/fecal local context	host-associated gut/oral/fecal environment	feces/stool | feces/stool | clinical/host-associated material | clinical/host-associated material | gut/fecal local context | host-associated gut/oral/fecal environment | feces | Faeces | feces | Faeces
GCA_018686655.1	SAMN04460998	Clostridioides difficile	keep	colonization-context audit	Homo sapiens	Homo sapiens	Homo sapiens	9606			carrier		feces/stool	clinical/host-associated material	feces/stool		gut/fecal local context	host-associated gut/oral/fecal environment	feces/stool | feces/stool | clinical/host-associated material | clinical/host-associated material | gut/fecal local context | host-associated gut/oral/fecal environment | feces | Faeces | feces | Faeces
GCA_047910415.1	SAMN39500125	Escherichia coli	keep	colonization-context audit	Homo sapiens	Homo sapiens	Homo sapiens	9606			carrier		feces/stool	clinical/host-associated material	feces/stool				feces/stool | feces/stool | clinical/host-associated material | clinical/host-associated material | fecal carriage
GCA_052548035.1	SAMN47845988	Haemophilus influenzae	keep	colonization-context audit	Homo sapiens	Homo sapiens	Homo sapiens	9606			carrier			clinical/host-associated material	nasopharynx/oropharynx				nasopharynx/oropharynx | upper respiratory tract | clinical/host-associated material | clinical/host-associated material | nasopharynx/oropharynx | nasopharynx | nasopharynx
GCA_052548195.1	SAMN47845999	Haemophilus influenzae	keep	colonization-context audit	Homo sapiens	Homo sapiens	Homo sapiens	9606			carrier			clinical/host-associated material	nasopharynx/oropharynx				nasopharynx/oropharynx | upper respiratory tract | clinical/host-associated material | clinical/host-associated material | nasopharynx/oropharynx | nasopharynx | nasopharynx
GCA_052548215.1	SAMN47846000	Haemophilus influenzae	keep	colonization-context audit	Homo sapiens	Homo sapiens	Homo sapiens	9606			carrier			clinical/host-associated material	nasopharynx/oropharynx				nasopharynx/oropharynx | upper respiratory tract | clinical/host-associated material | clinical/host-associated material | nasopharynx/oropharynx | nasopharynx | nasopharynx
GCA_052549035.1	SAMN47846157	Haemophilus influenzae	keep	colonization-context audit	Homo sapiens	Homo sapiens	Homo sapiens	9606			carrier			clinical/host-associated material	nasopharynx/oropharynx				nasopharynx/oropharynx | upper respiratory tract | clinical/host-associated material | clinical/host-associated material | nasopharynx/oropharynx | nasopharynx | nasopharynx
GCA_052560175.1	SAMN47846017	Haemophilus influenzae	keep	colonization-context audit	Homo sapiens	Homo sapiens	Homo sapiens	9606			carrier			clinical/host-associated material	nasopharynx/oropharynx				nasopharynx/oropharynx | upper respiratory tract | clinical/host-associated material | clinical/host-associated material | nasopharynx/oropharynx | nasopharynx | nasopharynx
GCA_055556465.1	SAMN43881088	Escherichia coli	keep	colonization-context audit	cat	cat	Felis catus	9685			carrier			clinical/host-associated material	rectal swab				rectal swab | swab | clinical/host-associated material | clinical/host-associated material | rectum/perianal region | Rectal swab/Carriage
GCA_055556585.1	SAMN43881095	Escherichia coli	keep	colonization-context audit	Homo sapiens	Homo sapiens	Homo sapiens	9606			carrier			clinical/host-associated material	rectal swab				rectal swab | swab | clinical/host-associated material | clinical/host-associated material | rectum/perianal region | Rectal swab/Carriage
GCA_018767185.1	SAMN04461006	Clostridioides difficile	keep	colonization-context audit	Homo sapiens	Homo sapiens	Homo sapiens	9606			carrier		feces/stool	clinical/host-associated material	feces/stool		gut/fecal local context	host-associated gut/oral/fecal environment	feces/stool | feces/stool | clinical/host-associated material | clinical/host-associated material | gut/fecal local context | host-associated gut/oral/fecal environment | feces | Faeces | feces | Faeces
GCA_030182345.1	SAMN31544729	Kingella kingae	keep	colonization-context audit	Homo sapiens	Homo sapiens	Homo sapiens	9606			carrier								
GCA_018604005.1	SAMN04460932	Clostridioides difficile	keep	colonization-context audit	Homo sapiens	Homo sapiens	Homo sapiens	9606			carrier		feces/stool	clinical/host-associated material	feces/stool		gut/fecal local context	host-associated gut/oral/fecal environment	feces/stool | feces/stool | clinical/host-associated material | clinical/host-associated material | gut/fecal local context | host-associated gut/oral/fecal environment | feces | Faeces | feces | Faeces
GCA_021378215.1	SAMN16205177	Listeria monocytogenes LO28	keep	colonization-context audit	Homo sapiens	Homo sapiens	Homo sapiens	9606			carrier		feces/stool	clinical/host-associated material	feces/stool		gut/fecal local context	host-associated gut/oral/fecal environment	feces/stool | feces/stool | clinical/host-associated material | clinical/host-associated material | gut/fecal local context | host-associated gut/oral/fecal environment | feces of a pregnant carrier
GCA_001029355.1	SAMN02800742	Robinsoniella sp. RHS	keep	colonization-context audit	Mus musculus strain C57Bl/6J (adult male germ-free mice)	Mus musculus strain C57Bl/6J (adult male germ-free mice)	Mus musculus	10090			colonized		feces/stool	environmental material	feces/stool	soil		host-associated gut/oral/fecal environment	feces/stool | feces/stool | environmental material | environmental material | soil | host-associated gut/oral/fecal environment | gnotobiotic mouse fecal sample colonized with soil-derived microbiota | gnotobiotic mouse fecal sample colonized with soil-derived microbiota
GCA_007000585.1	SAMN10775308	Clostridioides difficile	keep	colonization-context audit	Homo sapiens	Homo sapiens	Homo sapiens	9606			carrier		feces/stool	clinical/host-associated material	feces/stool		gut/fecal local context	host-associated gut/oral/fecal environment	feces/stool | feces/stool | clinical/host-associated material | clinical/host-associated material | gut/fecal local context | host-associated gut/oral/fecal environment | stool | stool
GCA_007001495.1	SAMN10775321	Clostridioides difficile	keep	colonization-context audit	Homo sapiens	Homo sapiens	Homo sapiens	9606			carrier		feces/stool	clinical/host-associated material	feces/stool		gut/fecal local context	host-associated gut/oral/fecal environment	feces/stool | feces/stool | clinical/host-associated material | clinical/host-associated material | gut/fecal local context | host-associated gut/oral/fecal environment | stool | stool
GCA_018610885.1	SAMN04460939	Clostridioides difficile	keep	colonization-context audit	Homo sapiens	Homo sapiens	Homo sapiens	9606			carrier		feces/stool	clinical/host-associated material	feces/stool		gut/fecal local context	host-associated gut/oral/fecal environment	feces/stool | feces/stool | clinical/host-associated material | clinical/host-associated material | gut/fecal local context | host-associated gut/oral/fecal environment | feces | Faeces | feces | Faeces
GCA_022262995.1	SAMN07421078	Klebsiella pneumoniae	keep	colonization-context audit	Homo sapiens	Homo sapiens	Homo sapiens	9606			carrier			clinical/host-associated material	clinical sample			clinical/host-associated material	clinical sample | clinical/host-associated material | clinical/host-associated material | clinical/host-associated material | clinical/host-associated material | Clinical or carriage sample
GCA_047909355.1	SAMN39500096	Escherichia coli	keep	colonization-context audit	Homo sapiens	Homo sapiens	Homo sapiens	9606			carrier		feces/stool	clinical/host-associated material	feces/stool				feces/stool | feces/stool | clinical/host-associated material | clinical/host-associated material | fecal carriage
GCA_042851155.1	SAMD00773214	Corynebacterium ulcerans	keep	colonization-context audit	Homo sapiens	Homo sapiens	Homo sapiens	9606			carrier			clinical/host-associated material	nasopharynx/oropharynx				nasopharynx/oropharynx | upper respiratory tract | clinical/host-associated material | clinical/host-associated material | nasopharynx/oropharynx | nasopharynx | nasopharynx
GCA_052952615.1	SAMN50449476	Citrobacter freundii	keep	colonization-context audit	Homo sapiens	Homo sapiens	Homo sapiens	9606			colonized			clinical/host-associated material	rectal swab				rectal swab | swab | clinical/host-associated material | clinical/host-associated material | rectum/perianal region | Rectal swab | Rectal swab
GCA_052549395.1	SAMN47846186	Haemophilus influenzae	keep	colonization-context audit	Homo sapiens	Homo sapiens	Homo sapiens	9606			carrier			clinical/host-associated material	nasopharynx/oropharynx				nasopharynx/oropharynx | upper respiratory tract | clinical/host-associated material | clinical/host-associated material | nasopharynx/oropharynx | nasopharynx | nasopharynx
GCA_047910725.1	SAMN39500140	Escherichia coli	keep	colonization-context audit	Homo sapiens	Homo sapiens	Homo sapiens	9606			carrier		feces/stool	clinical/host-associated material	feces/stool				feces/stool | feces/stool | clinical/host-associated material | clinical/host-associated material | fecal carriage
GCA_030181205.1	SAMN31544795	Kingella kingae	keep	colonization-context audit	Homo sapiens	Homo sapiens	Homo sapiens	9606			carrier								
GCA_018762685.1	SAMN04461018	Clostridioides difficile	keep	colonization-context audit	Homo sapiens	Homo sapiens	Homo sapiens	9606			carrier		feces/stool	clinical/host-associated material	feces/stool		gut/fecal local context	host-associated gut/oral/fecal environment	feces/stool | feces/stool | clinical/host-associated material | clinical/host-associated material | gut/fecal local context | host-associated gut/oral/fecal environment | feces | Faeces | feces | Faeces
GCA_002096985.1	SAMN06546698	Staphylococcus aureus	keep	colonization-context audit	Homo sapiens	Homo sapiens	Homo sapiens	9606			carrier								Carriage sample
GCA_034979665.1	SAMN02982689	Streptococcus pyogenes	keep	colonization-context audit	Homo sapiens	Homo sapiens	Homo sapiens	9606			carrier								human carrier
GCA_034979725.1	SAMN02982685	Streptococcus pyogenes	keep	colonization-context audit	Homo sapiens	Homo sapiens	Homo sapiens	9606			carrier								human carrier
GCA_035321995.1	SAMN38909806	Streptococcus pneumoniae	keep	colonization-context audit	Homo sapiens	Homo sapiens	Homo sapiens	9606			carrier			clinical/host-associated material					clinical/host-associated material | clinical/host-associated material | Carriage
GCA_052565055.1	SAMN47846066	Haemophilus influenzae	keep	colonization-context audit	Homo sapiens	Homo sapiens	Homo sapiens	9606			carrier			clinical/host-associated material	nasopharynx/oropharynx				nasopharynx/oropharynx | upper respiratory tract | clinical/host-associated material | clinical/host-associated material | nasopharynx/oropharynx | nasopharynx | nasopharynx
GCA_018767505.1	SAMN04460910	Clostridioides difficile	keep	colonization-context audit	Homo sapiens	Homo sapiens	Homo sapiens	9606			carrier		feces/stool	clinical/host-associated material	feces/stool		gut/fecal local context	host-associated gut/oral/fecal environment	feces/stool | feces/stool | clinical/host-associated material | clinical/host-associated material | gut/fecal local context | host-associated gut/oral/fecal environment | feces | Faeces | feces | Faeces
GCA_007000505.1	SAMN10775313	Clostridioides difficile	keep	colonization-context audit	Homo sapiens	Homo sapiens	Homo sapiens	9606			carrier		feces/stool	clinical/host-associated material	feces/stool		gut/fecal local context	host-associated gut/oral/fecal environment	feces/stool | feces/stool | clinical/host-associated material | clinical/host-associated material | gut/fecal local context | host-associated gut/oral/fecal environment | stool | stool
GCA_052549155.1	SAMN47846176	Haemophilus influenzae	keep	colonization-context audit	Homo sapiens	Homo sapiens	Homo sapiens	9606			carrier			clinical/host-associated material	nasopharynx/oropharynx				nasopharynx/oropharynx | upper respiratory tract | clinical/host-associated material | clinical/host-associated material | nasopharynx/oropharynx | nasopharynx | nasopharynx
GCA_052558735.1	SAMN47846075	Haemophilus influenzae	keep	colonization-context audit	Homo sapiens	Homo sapiens	Homo sapiens	9606			carrier			clinical/host-associated material	nasopharynx/oropharynx				nasopharynx/oropharynx | upper respiratory tract | clinical/host-associated material | clinical/host-associated material | nasopharynx/oropharynx | nasopharynx | nasopharynx
GCA_052558775.1	SAMN47846096	Haemophilus influenzae	keep	colonization-context audit	Homo sapiens	Homo sapiens	Homo sapiens	9606			carrier			clinical/host-associated material	nasopharynx/oropharynx				nasopharynx/oropharynx | upper respiratory tract | clinical/host-associated material | clinical/host-associated material | nasopharynx/oropharynx | nasopharynx | nasopharynx
GCA_052560155.1	SAMN47846012	Haemophilus influenzae	keep	colonization-context audit	Homo sapiens	Homo sapiens	Homo sapiens	9606			carrier			clinical/host-associated material	nasopharynx/oropharynx				nasopharynx/oropharynx | upper respiratory tract | clinical/host-associated material | clinical/host-associated material | nasopharynx/oropharynx | nasopharynx | nasopharynx
GCA_018767605.1	SAMN04460872	Clostridioides difficile	keep	colonization-context audit	Homo sapiens	Homo sapiens	Homo sapiens	9606			carrier		feces/stool	clinical/host-associated material	feces/stool		gut/fecal local context	host-associated gut/oral/fecal environment	feces/stool | feces/stool | clinical/host-associated material | clinical/host-associated material | gut/fecal local context | host-associated gut/oral/fecal environment | feces | Faeces | feces | Faeces
GCA_001333135.1	SAMEA751455	Bordetella pertussis	keep	colonization-context audit	Homo sapiens	Homo sapiens	Homo sapiens	9606			carrier			clinical/host-associated material	nasopharynx/oropharynx				nasopharynx/oropharynx | upper respiratory tract | clinical/host-associated material | clinical/host-associated material | nasopharynx/oropharynx | pharynx | pharynx
GCA_009749025.1	SAMN10105102	Vibrio cholerae	keep	colonization-context audit	Homo sapiens	Homo sapiens	Homo sapiens	9606			carrier			clinical/host-associated material					clinical/host-associated material | clinical/host-associated material | Carrier
GCA_018337835.1	SAMN15150496	Escherichia coli	keep	colonization-context audit	Homo sapiens	Homo sapiens	Homo sapiens	9606			colonized								Colonized patient
GCA_022176085.1	SAMEA6654229	Klebsiella pneumoniae	keep	colonization-context audit	Homo sapiens	Homo sapiens	Homo sapiens	9606			carrier			clinical/host-associated material					clinical/host-associated material | clinical/host-associated material | Carriage
GCA_028659115.1	SAMEA11322464	Staphylococcus aureus	keep	colonization-context audit	Sus scrofa domesticus	Sus scrofa domesticus	Sus scrofa domesticus	9825			carrier								Carrier pig
GCA_052548155.1	SAMN47845997	Haemophilus influenzae	keep	colonization-context audit	Homo sapiens	Homo sapiens	Homo sapiens	9606			carrier			clinical/host-associated material	nasopharynx/oropharynx				nasopharynx/oropharynx | upper respiratory tract | clinical/host-associated material | clinical/host-associated material | nasopharynx/oropharynx | nasopharynx | nasopharynx
GCA_055698205.1	SAMN43881112	Escherichia coli	keep	colonization-context audit	Homo sapiens	Homo sapiens	Homo sapiens	9606			carrier			clinical/host-associated material	rectal swab				rectal swab | swab | clinical/host-associated material | clinical/host-associated material | rectum/perianal region | Rectal swab/Carriage
GCA_049059585.1	SAMEA115674879	Staphylococcus aureus	keep	colonization-context audit	Felis catus	Felis catus	Felis catus	9685			carrier			clinical/host-associated material					clinical/host-associated material | clinical/host-associated material | nasal cavity/sinus/upper respiratory tract | nasal carriage
GCA_019350575.1	SAMN10382862	Clostridioides difficile	keep	colonization-context audit	Mus musculus	Mus musculus	Mus musculus	10090			colonized			clinical/host-associated material	gut content		gut/fecal local context	host-associated gut/oral/fecal environment	gut content | gut content | clinical/host-associated material | clinical/host-associated material | gut/fecal local context | host-associated gut/oral/fecal environment | gastrointestinal tract | cecum of a gnotobiotic male C57BL6/J mouse colonized with fecal specimens from obese and overweight postmenopausal women in Berlin Germany | feces | cecum of a gnotobiotic male C57BL6/J mouse colonized with fecal specimens from obese and overweight postmenopausal women in Berlin Germany
GCA_022263935.1	SAMN07421146	Klebsiella pneumoniae	keep	colonization-context audit	Homo sapiens	Homo sapiens	Homo sapiens	9606			carrier			clinical/host-associated material	clinical sample			clinical/host-associated material	clinical sample | clinical/host-associated material | clinical/host-associated material | clinical/host-associated material | clinical/host-associated material | Clinical or carriage sample
GCA_047909395.1	SAMN39500141	Escherichia coli	keep	colonization-context audit	Homo sapiens	Homo sapiens	Homo sapiens	9606			carrier		feces/stool	clinical/host-associated material	feces/stool				feces/stool | feces/stool | clinical/host-associated material | clinical/host-associated material | fecal carriage
GCA_052560075.1	SAMN47846007	Haemophilus influenzae	keep	colonization-context audit	Homo sapiens	Homo sapiens	Homo sapiens	9606			carrier			clinical/host-associated material	nasopharynx/oropharynx				nasopharynx/oropharynx | upper respiratory tract | clinical/host-associated material | clinical/host-associated material | nasopharynx/oropharynx | nasopharynx | nasopharynx
GCA_049059845.1	SAMEA115674873	Staphylococcus aureus	keep	colonization-context audit	Felis catus	Felis catus	Felis catus	9685			carrier			clinical/host-associated material					clinical/host-associated material | clinical/host-associated material | nasal cavity/sinus/upper respiratory tract | nasal carriage
GCA_036313905.1	SAMN38468381	Escherichia coli	keep	colonization-context audit	Zophobas morio	Zophobas morio	Zophobas morio	2755281			colonized		tissue	clinical/host-associated material	tissue				tissue | tissue | clinical/host-associated material | clinical/host-associated material | Homogenized tissue of Zophobas morio larvae colonized with Ec-050 at T21 exp 9
GCA_042846715.1	SAMD00773215	Corynebacterium ulcerans	keep	colonization-context audit	Homo sapiens	Homo sapiens	Homo sapiens	9606			carrier			clinical/host-associated material	nasopharynx/oropharynx				nasopharynx/oropharynx | upper respiratory tract | clinical/host-associated material | clinical/host-associated material | nasopharynx/oropharynx | nasopharynx | nasopharynx
GCA_051945335.1	SAMN39605060	Staphylococcus aureus	keep	colonization-context audit	Homo sapiens	Homo sapiens	Homo sapiens	9606			carrier			clinical/host-associated material					clinical/host-associated material | clinical/host-associated material | nasal cavity/sinus/upper respiratory tract | nasal carriage
GCA_009748525.1	SAMN10105128	Vibrio cholerae	keep	colonization-context audit	Homo sapiens	Homo sapiens	Homo sapiens	9606			carrier			clinical/host-associated material					clinical/host-associated material | clinical/host-associated material | Carrier
GCA_034980905.1	SAMN02982651	Streptococcus pyogenes	keep	colonization-context audit	Homo sapiens	Homo sapiens	Homo sapiens	9606			carrier								human carrier
GCA_034980965.1	SAMN02982646	Streptococcus pyogenes	keep	colonization-context audit	Homo sapiens	Homo sapiens	Homo sapiens	9606			carrier								human carrier
GCA_035321485.1	SAMN38909781	Streptococcus pneumoniae	keep	colonization-context audit	Homo sapiens	Homo sapiens	Homo sapiens	9606			carrier			clinical/host-associated material					clinical/host-associated material | clinical/host-associated material | Carriage
GCA_035321785.1	SAMN38909799	Streptococcus pneumoniae	keep	colonization-context audit	Homo sapiens	Homo sapiens	Homo sapiens	9606			carrier			clinical/host-associated material					clinical/host-associated material | clinical/host-associated material | Carriage
GCA_035321925.1	SAMN38909801	Streptococcus pneumoniae	keep	colonization-context audit	Homo sapiens	Homo sapiens	Homo sapiens	9606			carrier			clinical/host-associated material					clinical/host-associated material | clinical/host-associated material | Carriage
GCA_052564835.1	SAMN47846050	Haemophilus influenzae	keep	colonization-context audit	Homo sapiens	Homo sapiens	Homo sapiens	9606			carrier			clinical/host-associated material	nasopharynx/oropharynx				nasopharynx/oropharynx | upper respiratory tract | clinical/host-associated material | clinical/host-associated material | nasopharynx/oropharynx | nasopharynx | nasopharynx
GCA_007001645.1	SAMN10775314	Clostridioides difficile	keep	colonization-context audit	Homo sapiens	Homo sapiens	Homo sapiens	9606			carrier		feces/stool	clinical/host-associated material	feces/stool		gut/fecal local context	host-associated gut/oral/fecal environment	feces/stool | feces/stool | clinical/host-associated material | clinical/host-associated material | gut/fecal local context | host-associated gut/oral/fecal environment | stool | stool
GCA_047909335.1	SAMN39500093	Escherichia coli	keep	colonization-context audit	Homo sapiens	Homo sapiens	Homo sapiens	9606			carrier		feces/stool	clinical/host-associated material	feces/stool				feces/stool | feces/stool | clinical/host-associated material | clinical/host-associated material | fecal carriage
GCA_052549055.1	SAMN47846183	Haemophilus influenzae	keep	colonization-context audit	Homo sapiens	Homo sapiens	Homo sapiens	9606			carrier			clinical/host-associated material	nasopharynx/oropharynx				nasopharynx/oropharynx | upper respiratory tract | clinical/host-associated material | clinical/host-associated material | nasopharynx/oropharynx | nasopharynx | nasopharynx
GCA_001147045.1	SAMEA859937	Yersinia frederiksenii	keep	colonization-context audit	Homo sapiens	Homo sapiens	Homo sapiens	9606			carrier			clinical/host-associated material	nasopharynx/oropharynx				nasopharynx/oropharynx | upper respiratory tract | clinical/host-associated material | clinical/host-associated material | nasopharynx/oropharynx | nasopharynx | nasopharynx
GCA_018762325.1	SAMN04460888	Clostridioides difficile	keep	colonization-context audit	Homo sapiens	Homo sapiens	Homo sapiens	9606			carrier		feces/stool	clinical/host-associated material	feces/stool		gut/fecal local context	host-associated gut/oral/fecal environment	feces/stool | feces/stool | clinical/host-associated material | clinical/host-associated material | gut/fecal local context | host-associated gut/oral/fecal environment | feces | Faeces | feces | Faeces
GCA_022262895.1	SAMN07421119	Klebsiella pneumoniae	keep	colonization-context audit	Homo sapiens	Homo sapiens	Homo sapiens	9606			carrier			clinical/host-associated material	clinical sample			clinical/host-associated material	clinical sample | clinical/host-associated material | clinical/host-associated material | clinical/host-associated material | clinical/host-associated material | Clinical or carriage sample
GCA_015796255.1	SAMN04285994	Vibrio cholerae	clear	colonization-context audit	unknown	unknown					carrier			clinical/host-associated material					clinical/host-associated material | clinical/host-associated material | carrier
GCA_018767345.1	SAMN04460870	Clostridioides difficile	keep	colonization-context audit	Homo sapiens	Homo sapiens	Homo sapiens	9606			carrier		feces/stool	clinical/host-associated material	feces/stool		gut/fecal local context	host-associated gut/oral/fecal environment	feces/stool | feces/stool | clinical/host-associated material | clinical/host-associated material | gut/fecal local context | host-associated gut/oral/fecal environment | feces | Faeces | feces | Faeces
GCA_034979945.1	SAMN02982676	Streptococcus pyogenes	keep	colonization-context audit	Homo sapiens	Homo sapiens	Homo sapiens	9606			carrier								human carrier
GCA_035321965.1	SAMN38909805	Streptococcus pneumoniae	keep	colonization-context audit	Homo sapiens	Homo sapiens	Homo sapiens	9606			carrier			clinical/host-associated material					clinical/host-associated material | clinical/host-associated material | Carriage
GCA_051945215.1	SAMN39605017	Staphylococcus aureus	keep	colonization-context audit	Homo sapiens	Homo sapiens	Homo sapiens	9606			carrier			clinical/host-associated material					clinical/host-associated material | clinical/host-associated material | carriage
GCA_055697265.1	SAMN43881103	Escherichia coli	keep	colonization-context audit	Homo sapiens	Homo sapiens	Homo sapiens	9606			carrier			clinical/host-associated material	rectal swab				rectal swab | swab | clinical/host-associated material | clinical/host-associated material | rectum/perianal region | Rectal swab/Carriage
GCA_001205255.1	SAMEA751345	Bordetella pertussis	keep	colonization-context audit	Homo sapiens	Homo sapiens	Homo sapiens	9606			carrier								
GCA_001211005.1	SAMEA751457	Bordetella pertussis	keep	colonization-context audit	Homo sapiens	Homo sapiens	Homo sapiens	9606			carrier			clinical/host-associated material	nasopharynx/oropharynx				nasopharynx/oropharynx | upper respiratory tract | clinical/host-associated material | clinical/host-associated material | nasopharynx/oropharynx | pharynx | pharynx
GCA_007001555.1	SAMN10775318	Clostridioides difficile	keep	colonization-context audit	Homo sapiens	Homo sapiens	Homo sapiens	9606			carrier		feces/stool	clinical/host-associated material	feces/stool		gut/fecal local context	host-associated gut/oral/fecal environment	feces/stool | feces/stool | clinical/host-associated material | clinical/host-associated material | gut/fecal local context | host-associated gut/oral/fecal environment | stool | stool
GCA_029852205.1	SAMN03892962	Staphylococcus aureus	keep	colonization-context audit	Homo sapiens	Homo sapiens	Homo sapiens	9606			carrier			clinical/host-associated material					clinical/host-associated material | clinical/host-associated material | nasal cavity/sinus/upper respiratory tract | nasal carriage
GCA_018765045.1	SAMN04460986	Clostridioides difficile	keep	colonization-context audit	Homo sapiens	Homo sapiens	Homo sapiens	9606			carrier		feces/stool	clinical/host-associated material	feces/stool		gut/fecal local context	host-associated gut/oral/fecal environment	feces/stool | feces/stool | clinical/host-associated material | clinical/host-associated material | gut/fecal local context | host-associated gut/oral/fecal environment | feces | Faeces | feces | Faeces
GCA_047909495.1	SAMN39500148	Escherichia coli	keep	colonization-context audit	Homo sapiens	Homo sapiens	Homo sapiens	9606			carrier		feces/stool	clinical/host-associated material	feces/stool				feces/stool | feces/stool | clinical/host-associated material | clinical/host-associated material | fecal carriage
GCA_052560375.1	SAMN47846028	Haemophilus influenzae	keep	colonization-context audit	Homo sapiens	Homo sapiens	Homo sapiens	9606			carrier			clinical/host-associated material	nasopharynx/oropharynx				nasopharynx/oropharynx | upper respiratory tract | clinical/host-associated material | clinical/host-associated material | nasopharynx/oropharynx | nasopharynx | nasopharynx
GCA_055556515.1	SAMN43881099	Escherichia coli	keep	colonization-context audit	Homo sapiens	Homo sapiens	Homo sapiens	9606			carrier			clinical/host-associated material	rectal swab				rectal swab | swab | clinical/host-associated material | clinical/host-associated material | rectum/perianal region | Rectal swab/Carriage
GCA_049059765.1	SAMEA115674874	Staphylococcus aureus	keep	colonization-context audit	Felis catus	Felis catus	Felis catus	9685			carrier			clinical/host-associated material					clinical/host-associated material | clinical/host-associated material | nasal cavity/sinus/upper respiratory tract | nasal carriage
GCA_052564745.1	SAMN47846064	Haemophilus influenzae	keep	colonization-context audit	Homo sapiens	Homo sapiens	Homo sapiens	9606			carrier			clinical/host-associated material	nasopharynx/oropharynx				nasopharynx/oropharynx | upper respiratory tract | clinical/host-associated material | clinical/host-associated material | nasopharynx/oropharynx | nasopharynx | nasopharynx
GCA_001197495.1	SAMEA751296	Bordetella pertussis	keep	colonization-context audit	Homo sapiens	Homo sapiens	Homo sapiens	9606			carrier								
GCA_001203115.1	SAMEA751470	Bordetella pertussis	keep	colonization-context audit	Homo sapiens	Homo sapiens	Homo sapiens	9606			carrier			clinical/host-associated material	nasopharynx/oropharynx				nasopharynx/oropharynx | upper respiratory tract | clinical/host-associated material | clinical/host-associated material | nasopharynx/oropharynx | pharynx | pharynx
GCA_052558515.1	SAMN47846090	Haemophilus influenzae	keep	colonization-context audit	Homo sapiens	Homo sapiens	Homo sapiens	9606			carrier			clinical/host-associated material	nasopharynx/oropharynx				nasopharynx/oropharynx | upper respiratory tract | clinical/host-associated material | clinical/host-associated material | nasopharynx/oropharynx | nasopharynx | nasopharynx
GCA_002239135.1	SAMN06329886	Streptococcus agalactiae	keep	colonization-context audit	Homo sapiens	Homo sapiens	Homo sapiens	9606			carrier			clinical/host-associated material					clinical/host-associated material | clinical/host-associated material | carriage
GCA_017909495.1	SAMN11883821	Acinetobacter baumannii	keep	colonization-context audit	Homo sapiens	Homo sapiens	Homo sapiens	9606			carrier			clinical/host-associated material					clinical/host-associated material | clinical/host-associated material | Unhealthy carrier
GCA_028662515.1	SAMEA11322480	Staphylococcus aureus	keep	colonization-context audit	Sus scrofa domesticus	Sus scrofa domesticus	Sus scrofa domesticus	9825			carrier								Carrier pig
GCA_034980765.1	SAMN02982659	Streptococcus pyogenes	keep	colonization-context audit	Homo sapiens	Homo sapiens	Homo sapiens	9606			carrier								human carrier
GCA_035321645.1	SAMN38909797	Streptococcus pneumoniae	keep	colonization-context audit	Homo sapiens	Homo sapiens	Homo sapiens	9606			carrier			clinical/host-associated material					clinical/host-associated material | clinical/host-associated material | Carriage
GCA_052548485.1	SAMN47846145	Haemophilus influenzae	keep	colonization-context audit	Homo sapiens	Homo sapiens	Homo sapiens	9606			carrier			clinical/host-associated material	nasopharynx/oropharynx				nasopharynx/oropharynx | upper respiratory tract | clinical/host-associated material | clinical/host-associated material | nasopharynx/oropharynx | nasopharynx | nasopharynx
GCA_049059485.1	SAMEA115674881	Staphylococcus aureus	keep	colonization-context audit	Felis catus	Felis catus	Felis catus	9685			carrier			clinical/host-associated material					clinical/host-associated material | clinical/host-associated material | nasal cavity/sinus/upper respiratory tract | nasal carriage
GCA_052564275.1	SAMN47845886	Haemophilus influenzae	keep	colonization-context audit	Homo sapiens	Homo sapiens	Homo sapiens	9606			carrier			clinical/host-associated material	nasopharynx/oropharynx				nasopharynx/oropharynx | upper respiratory tract | clinical/host-associated material | clinical/host-associated material | nasopharynx/oropharynx | nasopharynx | nasopharynx
GCA_054750225.1	SAMD00752293	Helicobacter pylori	keep	colonization-context audit	Homo sapiens	Homo sapiens	Homo sapiens	9606			carrier								
GCA_049059965.1	SAMEA115674870	Staphylococcus aureus	keep	colonization-context audit	Felis catus	Felis catus	Felis catus	9685			carrier			clinical/host-associated material					clinical/host-associated material | clinical/host-associated material | nasal cavity/sinus/upper respiratory tract | nasal carriage
GCA_052561455.1	SAMN47845940	Haemophilus influenzae	keep	colonization-context audit	Homo sapiens	Homo sapiens	Homo sapiens	9606			carrier			clinical/host-associated material	nasopharynx/oropharynx				nasopharynx/oropharynx | upper respiratory tract | clinical/host-associated material | clinical/host-associated material | nasopharynx/oropharynx | nasopharynx | nasopharynx
GCA_001157485.1	SAMEA859869	Yersinia frederiksenii	keep	colonization-context audit	Homo sapiens	Homo sapiens	Homo sapiens	9606			carrier			clinical/host-associated material	nasopharynx/oropharynx				nasopharynx/oropharynx | upper respiratory tract | clinical/host-associated material | clinical/host-associated material | nasopharynx/oropharynx | nasopharynx | nasopharynx
GCA_055556595.1	SAMN43881101	Escherichia coli	keep	colonization-context audit	Homo sapiens	Homo sapiens	Homo sapiens	9606			carrier			clinical/host-associated material	rectal swab				rectal swab | swab | clinical/host-associated material | clinical/host-associated material | rectum/perianal region | Rectal swab/Carriage
GCA_049060085.1	SAMEA115674867	Staphylococcus aureus	keep	colonization-context audit	Felis catus	Felis catus	Felis catus	9685			carrier			clinical/host-associated material					clinical/host-associated material | clinical/host-associated material | nasal cavity/sinus/upper respiratory tract | nasal carriage
GCA_047909715.1	SAMN39500156	Escherichia coli	keep	colonization-context audit	Homo sapiens	Homo sapiens	Homo sapiens	9606			carrier		feces/stool	clinical/host-associated material	feces/stool				feces/stool | feces/stool | clinical/host-associated material | clinical/host-associated material | fecal carriage
GCA_030181705.1	SAMN31544792	Kingella kingae	keep	colonization-context audit	Homo sapiens	Homo sapiens	Homo sapiens	9606			carrier								
GCA_001211985.1	SAMEA751466	Bordetella pertussis	keep	colonization-context audit	Homo sapiens	Homo sapiens	Homo sapiens	9606			carrier			clinical/host-associated material	nasopharynx/oropharynx				nasopharynx/oropharynx | upper respiratory tract | clinical/host-associated material | clinical/host-associated material | nasopharynx/oropharynx | pharynx | pharynx
GCA_017909475.1	SAMN11867033	Acinetobacter baumannii	keep	colonization-context audit	Homo sapiens	Homo sapiens	Homo sapiens	9606			carrier			clinical/host-associated material					clinical/host-associated material | clinical/host-associated material | unhealthy carrier
GCA_018767045.1	SAMN04460900	Clostridioides difficile	keep	colonization-context audit	Homo sapiens	Homo sapiens	Homo sapiens	9606			carrier		feces/stool	clinical/host-associated material	feces/stool		gut/fecal local context	host-associated gut/oral/fecal environment	feces/stool | feces/stool | clinical/host-associated material | clinical/host-associated material | gut/fecal local context | host-associated gut/oral/fecal environment | feces | Faeces | feces | Faeces
GCA_028662555.1	SAMEA11322459	Staphylococcus aureus	keep	colonization-context audit	Sus scrofa domesticus	Sus scrofa domesticus	Sus scrofa domesticus	9825			carrier								Carrier pig
GCA_052561815.1	SAMN47845959	Haemophilus influenzae	keep	colonization-context audit	Homo sapiens	Homo sapiens	Homo sapiens	9606			carrier			clinical/host-associated material	nasopharynx/oropharynx				nasopharynx/oropharynx | upper respiratory tract | clinical/host-associated material | clinical/host-associated material | nasopharynx/oropharynx | nasopharynx | nasopharynx
GCA_052561595.1	SAMN47845947	Haemophilus influenzae	keep	colonization-context audit	Homo sapiens	Homo sapiens	Homo sapiens	9606			carrier			clinical/host-associated material	nasopharynx/oropharynx				nasopharynx/oropharynx | upper respiratory tract | clinical/host-associated material | clinical/host-associated material | nasopharynx/oropharynx | nasopharynx | nasopharynx
GCA_001995205.1	SAMN06298624	Leptospira interrogans serovar Australis	keep	colonization-context audit	swine	swine	Sus scrofa	9823			carrier		urine	clinical/host-associated material	urine				urine | clinical/host-associated material | clinical/host-associated material | clinical/host-associated material | urine | urine
GCA_022263315.1	SAMN07421102	Klebsiella pneumoniae	keep	colonization-context audit	Homo sapiens	Homo sapiens	Homo sapiens	9606			carrier			clinical/host-associated material	clinical sample			clinical/host-associated material	clinical sample | clinical/host-associated material | clinical/host-associated material | clinical/host-associated material | clinical/host-associated material | Clinical or carriage sample
GCA_022263615.1	SAMN07421068	Klebsiella pneumoniae	keep	colonization-context audit	Homo sapiens	Homo sapiens	Homo sapiens	9606			carrier			clinical/host-associated material	clinical sample			clinical/host-associated material	clinical sample | clinical/host-associated material | clinical/host-associated material | clinical/host-associated material | clinical/host-associated material | Clinical or carriage sample
GCA_047910375.1	SAMN39500124	Escherichia coli	keep	colonization-context audit	Homo sapiens	Homo sapiens	Homo sapiens	9606			carrier		feces/stool	clinical/host-associated material	feces/stool				feces/stool | feces/stool | clinical/host-associated material | clinical/host-associated material | fecal carriage
GCA_052560495.1	SAMN47846100	Haemophilus influenzae	keep	colonization-context audit	Homo sapiens	Homo sapiens	Homo sapiens	9606			carrier			clinical/host-associated material	nasopharynx/oropharynx				nasopharynx/oropharynx | upper respiratory tract | clinical/host-associated material | clinical/host-associated material | nasopharynx/oropharynx | nasopharynx | nasopharynx
GCA_049096575.1	SAMN32691226	Klebsiella pneumoniae	keep	colonization-context audit	Homo sapiens	Homo sapiens	Homo sapiens	9606			carrier			clinical/host-associated material					clinical/host-associated material | clinical/host-associated material | rectum/perianal region | Rectal carriage
GCA_051945735.1	SAMN39605001	Staphylococcus aureus	keep	colonization-context audit	Sus scrofa domesticus	Sus scrofa domesticus	Sus scrofa domesticus	9825			carrier			clinical/host-associated material					clinical/host-associated material | clinical/host-associated material | nasal cavity/sinus/upper respiratory tract | animal nasal carriage
GCA_001319645.1	SAMEA859883	Yersinia intermedia	keep	colonization-context audit	Homo sapiens	Homo sapiens	Homo sapiens	9606			carrier			clinical/host-associated material					clinical/host-associated material | clinical/host-associated material | nasal cavity/sinus/upper respiratory tract | nasal | nasal
GCA_001333055.1	SAMEA751447	Bordetella pertussis	keep	colonization-context audit	Homo sapiens	Homo sapiens	Homo sapiens	9606			carrier			clinical/host-associated material	nasopharynx/oropharynx				nasopharynx/oropharynx | upper respiratory tract | clinical/host-associated material | clinical/host-associated material | nasopharynx/oropharynx | pharynx | pharynx
GCA_001135485.1	SAMEA859901	Yersinia frederiksenii	keep	colonization-context audit	Homo sapiens	Homo sapiens	Homo sapiens	9606			carrier			clinical/host-associated material	nasopharynx/oropharynx				nasopharynx/oropharynx | upper respiratory tract | clinical/host-associated material | clinical/host-associated material | nasopharynx/oropharynx | nasopharynx | nasopharynx
GCA_018761585.1	SAMN04460960	Clostridioides difficile	keep	colonization-context audit	Homo sapiens	Homo sapiens	Homo sapiens	9606			carrier		feces/stool	clinical/host-associated material	feces/stool		gut/fecal local context	host-associated gut/oral/fecal environment	feces/stool | feces/stool | clinical/host-associated material | clinical/host-associated material | gut/fecal local context | host-associated gut/oral/fecal environment | feces | Faeces | feces | Faeces
GCA_023621565.1	SAMN28177550	Staphylococcus aureus	keep	colonization-context audit	Homo sapiens	Homo sapiens	Homo sapiens	9606			carrier			clinical/host-associated material					clinical/host-associated material | clinical/host-associated material | nasal cavity/sinus/upper respiratory tract | nasal carriage
GCA_002097165.1	SAMN06546688	Staphylococcus aureus	keep	colonization-context audit	Homo sapiens	Homo sapiens	Homo sapiens	9606			carrier								Carriage sample
GCA_002097245.1	SAMN06546681	Staphylococcus aureus	keep	colonization-context audit	Homo sapiens	Homo sapiens	Homo sapiens	9606			carrier								Carriage sample
GCA_002097495.1	SAMN06546686	Staphylococcus aureus	keep	colonization-context audit	Homo sapiens	Homo sapiens	Homo sapiens	9606			carrier								Carriage sample
GCA_018337455.1	SAMN15150498	Escherichia coli	keep	colonization-context audit	Homo sapiens	Homo sapiens	Homo sapiens	9606			colonized								Colonized patient
GCA_034979465.1	SAMN02982703	Streptococcus pyogenes	keep	colonization-context audit	Homo sapiens	Homo sapiens	Homo sapiens	9606			carrier								human carrier
GCA_034980025.1	SAMN02982667	Streptococcus pyogenes	keep	colonization-context audit	Homo sapiens	Homo sapiens	Homo sapiens	9606			carrier								human carrier
GCA_034980845.1	SAMN02982656	Streptococcus pyogenes	keep	colonization-context audit	Homo sapiens	Homo sapiens	Homo sapiens	9606			carrier								human carrier
GCA_035322785.1	SAMN38909786	Streptococcus pneumoniae	keep	colonization-context audit	Homo sapiens	Homo sapiens	Homo sapiens	9606			carrier			clinical/host-associated material					clinical/host-associated material | clinical/host-associated material | Carriage
GCA_052564775.1	SAMN47846065	Haemophilus influenzae	keep	colonization-context audit	Homo sapiens	Homo sapiens	Homo sapiens	9606			carrier			clinical/host-associated material	nasopharynx/oropharynx				nasopharynx/oropharynx | upper respiratory tract | clinical/host-associated material | clinical/host-associated material | nasopharynx/oropharynx | nasopharynx | nasopharynx
GCA_052565095.1	SAMN47846071	Haemophilus influenzae	keep	colonization-context audit	Homo sapiens	Homo sapiens	Homo sapiens	9606			carrier			clinical/host-associated material	nasopharynx/oropharynx				nasopharynx/oropharynx | upper respiratory tract | clinical/host-associated material | clinical/host-associated material | nasopharynx/oropharynx | nasopharynx | nasopharynx
GCA_054750105.1	SAMD00752299	Helicobacter pylori	keep	colonization-context audit	Homo sapiens	Homo sapiens	Homo sapiens	9606			carrier								
GCA_001333595.1	SAMEA751492	Bordetella pertussis	keep	colonization-context audit	Homo sapiens	Homo sapiens	Homo sapiens	9606			carrier			clinical/host-associated material	nasopharynx/oropharynx				nasopharynx/oropharynx | upper respiratory tract | clinical/host-associated material | clinical/host-associated material | nasopharynx/oropharynx | pharynx | pharynx
GCA_018686335.1	SAMN04460999	Clostridioides difficile	keep	colonization-context audit	Homo sapiens	Homo sapiens	Homo sapiens	9606			carrier		feces/stool	clinical/host-associated material	feces/stool		gut/fecal local context	host-associated gut/oral/fecal environment	feces/stool | feces/stool | clinical/host-associated material | clinical/host-associated material | gut/fecal local context | host-associated gut/oral/fecal environment | feces | Faeces | feces | Faeces
GCA_022263455.1	SAMN07421066	Klebsiella pneumoniae	keep	colonization-context audit	Homo sapiens	Homo sapiens	Homo sapiens	9606			carrier			clinical/host-associated material	clinical sample			clinical/host-associated material	clinical sample | clinical/host-associated material | clinical/host-associated material | clinical/host-associated material | clinical/host-associated material | Clinical or carriage sample
GCA_022263895.1	SAMN07421076	Klebsiella pneumoniae	keep	colonization-context audit	Homo sapiens	Homo sapiens	Homo sapiens	9606			carrier			clinical/host-associated material	clinical sample			clinical/host-associated material	clinical sample | clinical/host-associated material | clinical/host-associated material | clinical/host-associated material | clinical/host-associated material | Clinical or carriage sample
GCA_038501215.1	SAMN40935018	Bartonella schoenbuchensis	keep	colonization-context audit	Lipoptena fortisetosa	Lipoptena fortisetosa	Lipoptena fortisetosa	633886			carrier			clinical/host-associated material	gut content		gut/fecal local context		gut content | gut content | clinical/host-associated material | clinical/host-associated material | gut/fecal local context | gastrointestinal tract | gut | gut
GCA_047910195.1	SAMN39500118	Escherichia coli	keep	colonization-context audit	Homo sapiens	Homo sapiens	Homo sapiens	9606			carrier		feces/stool	clinical/host-associated material	feces/stool				feces/stool | feces/stool | clinical/host-associated material | clinical/host-associated material | fecal carriage
GCA_052558675.1	SAMN47846093	Haemophilus influenzae	keep	colonization-context audit	Homo sapiens	Homo sapiens	Homo sapiens	9606			carrier			clinical/host-associated material	nasopharynx/oropharynx				nasopharynx/oropharynx | upper respiratory tract | clinical/host-associated material | clinical/host-associated material | nasopharynx/oropharynx | nasopharynx | nasopharynx
GCA_051946195.1	SAMN39605080	Staphylococcus aureus	keep	colonization-context audit	Sus scrofa domesticus	Sus scrofa domesticus	Sus scrofa domesticus	9825			carrier			clinical/host-associated material					clinical/host-associated material | clinical/host-associated material | nasal cavity/sinus/upper respiratory tract | nasal carriage
GCA_052558855.1	SAMN47845905	Haemophilus influenzae	keep	colonization-context audit	Homo sapiens	Homo sapiens	Homo sapiens	9606			carrier			clinical/host-associated material	nasopharynx/oropharynx				nasopharynx/oropharynx | upper respiratory tract | clinical/host-associated material | clinical/host-associated material | nasopharynx/oropharynx | nasopharynx | nasopharynx
GCA_052558885.1	SAMN47845906	Haemophilus influenzae	keep	colonization-context audit	Homo sapiens	Homo sapiens	Homo sapiens	9606			carrier			clinical/host-associated material	nasopharynx/oropharynx				nasopharynx/oropharynx | upper respiratory tract | clinical/host-associated material | clinical/host-associated material | nasopharynx/oropharynx | nasopharynx | nasopharynx
GCA_030180345.1	SAMN31544718	Kingella kingae	keep	colonization-context audit	Homo sapiens	Homo sapiens	Homo sapiens	9606			carrier								
GCA_030182255.1	SAMN31544736	Kingella kingae	keep	colonization-context audit	Homo sapiens	Homo sapiens	Homo sapiens	9606			carrier								
GCA_052952555.1	SAMN50449477	Citrobacter freundii	keep	colonization-context audit	Homo sapiens	Homo sapiens	Homo sapiens	9606			colonized			clinical/host-associated material	rectal swab				rectal swab | swab | clinical/host-associated material | clinical/host-associated material | rectum/perianal region | Rectal swab | Rectal swab
GCA_051946155.1	SAMN39605015	Staphylococcus aureus	keep	colonization-context audit	Homo sapiens	Homo sapiens	Homo sapiens	9606			carrier			clinical/host-associated material					clinical/host-associated material | clinical/host-associated material | carriage
GCA_018755835.1	SAMN04460928	Clostridioides difficile	keep	colonization-context audit	Homo sapiens	Homo sapiens	Homo sapiens	9606			carrier		feces/stool	clinical/host-associated material	feces/stool		gut/fecal local context	host-associated gut/oral/fecal environment	feces/stool | feces/stool | clinical/host-associated material | clinical/host-associated material | gut/fecal local context | host-associated gut/oral/fecal environment | feces | Faeces | feces | Faeces
GCA_018766565.1	SAMN04460956	Clostridioides difficile	keep	colonization-context audit	Homo sapiens	Homo sapiens	Homo sapiens	9606			carrier		feces/stool	clinical/host-associated material	feces/stool		gut/fecal local context	host-associated gut/oral/fecal environment	feces/stool | feces/stool | clinical/host-associated material | clinical/host-associated material | gut/fecal local context | host-associated gut/oral/fecal environment | feces | Faeces | feces | Faeces
GCA_018767625.1	SAMN04460994	Clostridioides difficile	keep	colonization-context audit	Homo sapiens	Homo sapiens	Homo sapiens	9606			carrier		feces/stool	clinical/host-associated material	feces/stool		gut/fecal local context	host-associated gut/oral/fecal environment	feces/stool | feces/stool | clinical/host-associated material | clinical/host-associated material | gut/fecal local context | host-associated gut/oral/fecal environment | feces | Faeces | feces | Faeces
GCA_022263055.1	SAMN07421087	Klebsiella pneumoniae	keep	colonization-context audit	Homo sapiens	Homo sapiens	Homo sapiens	9606			carrier			clinical/host-associated material	clinical sample			clinical/host-associated material	clinical sample | clinical/host-associated material | clinical/host-associated material | clinical/host-associated material | clinical/host-associated material | Clinical or carriage sample
GCA_022182145.1	SAMN06330203	Klebsiella aerogenes	keep	colonization-context audit	Homo sapiens	Homo sapiens	Homo sapiens	9606			carrier			clinical/host-associated material					clinical/host-associated material | clinical/host-associated material | rectum/perianal region | Rectal carriage
GCA_047909535.1	SAMN39500147	Escherichia coli	keep	colonization-context audit	Homo sapiens	Homo sapiens	Homo sapiens	9606			carrier		feces/stool	clinical/host-associated material	feces/stool				feces/stool | feces/stool | clinical/host-associated material | clinical/host-associated material | fecal carriage
GCA_052560395.1	SAMN47846029	Haemophilus influenzae	keep	colonization-context audit	Homo sapiens	Homo sapiens	Homo sapiens	9606			carrier			clinical/host-associated material	nasopharynx/oropharynx				nasopharynx/oropharynx | upper respiratory tract | clinical/host-associated material | clinical/host-associated material | nasopharynx/oropharynx | nasopharynx | nasopharynx
GCA_052565355.1	SAMN47846086	Haemophilus influenzae	keep	colonization-context audit	Homo sapiens	Homo sapiens	Homo sapiens	9606			carrier			clinical/host-associated material	nasopharynx/oropharynx				nasopharynx/oropharynx | upper respiratory tract | clinical/host-associated material | clinical/host-associated material | nasopharynx/oropharynx | nasopharynx | nasopharynx
GCA_051948385.1	SAMN39605011	Staphylococcus aureus	keep	colonization-context audit	Sus scrofa domesticus	Sus scrofa domesticus	Sus scrofa domesticus	9825			carrier			clinical/host-associated material					clinical/host-associated material | clinical/host-associated material | nasal cavity/sinus/upper respiratory tract | animal nasal carriage
GCA_000401575.1	SAMN02470726	Staphylococcus aureus subsp. aureus 103564	keep	colonization-context audit	Homo sapiens	Homo sapiens	Homo sapiens	9606			carrier			clinical/host-associated material					clinical/host-associated material | clinical/host-associated material | furunculosis, ST80 PVL carrier, family cluster SSTI
GCA_003114935.2	SAMD00112928	Citrobacter freundii	keep	colonization-context audit	Homo sapiens	Homo sapiens	Homo sapiens	9606			carrier			clinical/host-associated material	nasopharynx/oropharynx				nasopharynx/oropharynx | upper respiratory tract | clinical/host-associated material | clinical/host-associated material | nasopharynx/oropharynx | nasopharynx | nasopharynx
GCA_030181965.1	SAMN31544778	Kingella kingae	keep	colonization-context audit	Homo sapiens	Homo sapiens	Homo sapiens	9606			carrier								
GCA_042465975.1	SAMN43046598	Enterobacter sichuanensis	keep	colonization-context audit	Homo sapiens	Homo sapiens	Homo sapiens	9606			carrier			clinical/host-associated material	fecal/stool swab				fecal/stool swab | swab | clinical/host-associated material | clinical/host-associated material | fecal swab | fecal swab
GCA_022175985.1	SAMEA6654232	Klebsiella pneumoniae	keep	colonization-context audit	Homo sapiens	Homo sapiens	Homo sapiens	9606			carrier			clinical/host-associated material					clinical/host-associated material | clinical/host-associated material | Carriage
GCA_028659225.1	SAMEA11322460	Staphylococcus aureus	keep	colonization-context audit	Sus scrofa domesticus	Sus scrofa domesticus	Sus scrofa domesticus	9825			carrier								Carrier pig
GCA_034981925.1	SAMN02982632	Streptococcus pyogenes	keep	colonization-context audit	Homo sapiens	Homo sapiens	Homo sapiens	9606			carrier								human carrier
GCA_035321885.1	SAMN38909798	Streptococcus pneumoniae	keep	colonization-context audit	Homo sapiens	Homo sapiens	Homo sapiens	9606			carrier			clinical/host-associated material					clinical/host-associated material | clinical/host-associated material | Carriage
GCA_052564955.1	SAMN47846035	Haemophilus influenzae	keep	colonization-context audit	Homo sapiens	Homo sapiens	Homo sapiens	9606			carrier			clinical/host-associated material	nasopharynx/oropharynx				nasopharynx/oropharynx | upper respiratory tract | clinical/host-associated material | clinical/host-associated material | nasopharynx/oropharynx | nasopharynx | nasopharynx
GCA_052561755.1	SAMN47845954	Haemophilus influenzae	keep	colonization-context audit	Homo sapiens	Homo sapiens	Homo sapiens	9606			carrier			clinical/host-associated material	nasopharynx/oropharynx				nasopharynx/oropharynx | upper respiratory tract | clinical/host-associated material | clinical/host-associated material | nasopharynx/oropharynx | nasopharynx | nasopharynx
GCA_018767265.1	SAMN04460898	Clostridioides difficile	keep	colonization-context audit	Homo sapiens	Homo sapiens	Homo sapiens	9606			carrier		feces/stool	clinical/host-associated material	feces/stool		gut/fecal local context	host-associated gut/oral/fecal environment	feces/stool | feces/stool | clinical/host-associated material | clinical/host-associated material | gut/fecal local context | host-associated gut/oral/fecal environment | feces | Faeces | feces | Faeces
GCA_047910745.1	SAMN39500076	Escherichia coli	keep	colonization-context audit	Homo sapiens	Homo sapiens	Homo sapiens	9606			carrier		feces/stool	clinical/host-associated material	feces/stool				feces/stool | feces/stool | clinical/host-associated material | clinical/host-associated material | fecal carriage
GCA_055556435.1	SAMN43881090	Escherichia coli	keep	colonization-context audit	dog	dog	Canis lupus familiaris	9615			carrier			clinical/host-associated material	rectal swab				rectal swab | swab | clinical/host-associated material | clinical/host-associated material | rectum/perianal region | Rectal swab/Carriage
GCA_900985105.1	SAMEA3919036	Streptococcus pyogenes	keep	colonization-context audit	Homo sapiens	Homo sapiens	Homo sapiens	9606			carrier			clinical/host-associated material	nasopharynx/oropharynx				nasopharynx/oropharynx | upper respiratory tract | clinical/host-associated material | clinical/host-associated material | nasopharynx/oropharynx | Throat carriage
GCA_001333455.1	SAMEA751480	Bordetella pertussis	keep	colonization-context audit	Homo sapiens	Homo sapiens	Homo sapiens	9606			carrier			clinical/host-associated material	nasopharynx/oropharynx				nasopharynx/oropharynx | upper respiratory tract | clinical/host-associated material | clinical/host-associated material | nasopharynx/oropharynx | pharynx | pharynx
GCA_001333575.1	SAMEA751490	Bordetella pertussis	keep	colonization-context audit	Homo sapiens	Homo sapiens	Homo sapiens	9606			carrier			clinical/host-associated material	nasopharynx/oropharynx				nasopharynx/oropharynx | upper respiratory tract | clinical/host-associated material | clinical/host-associated material | nasopharynx/oropharynx | pharynx | pharynx
GCA_018758635.1	SAMN04461040	Clostridioides difficile	keep	colonization-context audit	Homo sapiens	Homo sapiens	Homo sapiens	9606			carrier		feces/stool	clinical/host-associated material	feces/stool		gut/fecal local context	host-associated gut/oral/fecal environment	feces/stool | feces/stool | clinical/host-associated material | clinical/host-associated material | gut/fecal local context | host-associated gut/oral/fecal environment | feces | Faeces | feces | Faeces
GCA_030180375.1	SAMN31544716	Kingella kingae	keep	colonization-context audit	Homo sapiens	Homo sapiens	Homo sapiens	9606			carrier								
GCA_018686295.1	SAMN04460915	Clostridioides difficile	keep	colonization-context audit	Homo sapiens	Homo sapiens	Homo sapiens	9606			carrier		feces/stool	clinical/host-associated material	feces/stool		gut/fecal local context	host-associated gut/oral/fecal environment	feces/stool | feces/stool | clinical/host-associated material | clinical/host-associated material | gut/fecal local context | host-associated gut/oral/fecal environment | feces | Faeces | feces | Faeces
GCA_001332715.1	SAMEA751409	Bordetella pertussis	keep	colonization-context audit	Homo sapiens	Homo sapiens	Homo sapiens	9606			carrier			clinical/host-associated material	nasopharynx/oropharynx				nasopharynx/oropharynx | upper respiratory tract | clinical/host-associated material | clinical/host-associated material | nasopharynx/oropharynx | pharynx | pharynx
GCA_001194565.1	SAMEA751448	Bordetella pertussis	keep	colonization-context audit	Homo sapiens	Homo sapiens	Homo sapiens	9606			carrier			clinical/host-associated material	nasopharynx/oropharynx				nasopharynx/oropharynx | upper respiratory tract | clinical/host-associated material | clinical/host-associated material | nasopharynx/oropharynx | pharynx | pharynx
GCA_003114915.2	SAMD00112927	Citrobacter freundii	keep	colonization-context audit	Homo sapiens	Homo sapiens	Homo sapiens	9606			carrier			clinical/host-associated material	nasopharynx/oropharynx				nasopharynx/oropharynx | upper respiratory tract | clinical/host-associated material | clinical/host-associated material | nasopharynx/oropharynx | nasopharynx | nasopharynx
GCA_032098075.1	SAMEA7699210	Staphylococcus argenteus	keep	colonization-context audit	Homo sapiens	Homo sapiens	Homo sapiens	9606			carrier			clinical/host-associated material					clinical/host-associated material | clinical/host-associated material | carriage
GCA_034979445.1	SAMN02982704	Streptococcus pyogenes	keep	colonization-context audit	Homo sapiens	Homo sapiens	Homo sapiens	9606			carrier								human carrier
GCA_034979745.1	SAMN02982687	Streptococcus pyogenes	keep	colonization-context audit	Homo sapiens	Homo sapiens	Homo sapiens	9606			carrier								human carrier
GCA_034980925.1	SAMN02982650	Streptococcus pyogenes	keep	colonization-context audit	Homo sapiens	Homo sapiens	Homo sapiens	9606			carrier								human carrier
GCA_034981845.1	SAMN02982634	Streptococcus pyogenes	keep	colonization-context audit	Homo sapiens	Homo sapiens	Homo sapiens	9606			carrier								human carrier
GCA_034981865.1	SAMN02982635	Streptococcus pyogenes	keep	colonization-context audit	Homo sapiens	Homo sapiens	Homo sapiens	9606			carrier								human carrier
GCA_035322025.1	SAMN38909803	Streptococcus pneumoniae	keep	colonization-context audit	Homo sapiens	Homo sapiens	Homo sapiens	9606			carrier			clinical/host-associated material					clinical/host-associated material | clinical/host-associated material | Carriage
GCA_049096455.1	SAMN32691219	Klebsiella pneumoniae	keep	colonization-context audit	Homo sapiens	Homo sapiens	Homo sapiens	9606			carrier			clinical/host-associated material					clinical/host-associated material | clinical/host-associated material | rectum/perianal region | Rectal carriage
GCA_022263775.1	SAMN07421101	Klebsiella pneumoniae	keep	colonization-context audit	Homo sapiens	Homo sapiens	Homo sapiens	9606			carrier			clinical/host-associated material	clinical sample			clinical/host-associated material	clinical sample | clinical/host-associated material | clinical/host-associated material | clinical/host-associated material | clinical/host-associated material | Clinical or carriage sample
GCA_025506075.1	SAMN03326270	Staphylococcus aureus	keep	colonization-context audit	Homo sapiens	Homo sapiens	Homo sapiens	9606			carrier			clinical/host-associated material					clinical/host-associated material | clinical/host-associated material | nasal cavity/sinus/upper respiratory tract | nasal carriage
GCA_049060405.1	SAMEA115674861	Staphylococcus aureus	keep	colonization-context audit	Felis catus	Felis catus	Felis catus	9685			carrier			clinical/host-associated material					clinical/host-associated material | clinical/host-associated material | nasal cavity/sinus/upper respiratory tract | nasal carriage
GCA_052549115.1	SAMN47846174	Haemophilus influenzae	keep	colonization-context audit	Homo sapiens	Homo sapiens	Homo sapiens	9606			carrier			clinical/host-associated material	nasopharynx/oropharynx				nasopharynx/oropharynx | upper respiratory tract | clinical/host-associated material | clinical/host-associated material | nasopharynx/oropharynx | nasopharynx | nasopharynx
GCA_001131685.1	SAMEA859906	Yersinia bercovieri	keep	colonization-context audit	Homo sapiens	Homo sapiens	Homo sapiens	9606			carrier			clinical/host-associated material	nasopharynx/oropharynx				nasopharynx/oropharynx | upper respiratory tract | clinical/host-associated material | clinical/host-associated material | nasopharynx/oropharynx | nasopharynx | nasopharynx
GCA_001166725.1	SAMEA859855	Yersinia ruckeri	keep	colonization-context audit	Homo sapiens	Homo sapiens	Homo sapiens	9606			carrier			clinical/host-associated material	nasopharynx/oropharynx				nasopharynx/oropharynx | upper respiratory tract | clinical/host-associated material | clinical/host-associated material | nasopharynx/oropharynx | nasopharynx | nasopharynx
GCA_002018105.1	SAMN06328787	Leptospira kirschneri serovar Pomona	keep	colonization-context audit	fox	fox	Vulpes vulpes	9627			carrier		urine	clinical/host-associated material	urine				urine | clinical/host-associated material | clinical/host-associated material | clinical/host-associated material | urine | urine
GCA_001218045.1	SAMEA859882	Yersinia intermedia	keep	colonization-context audit	Homo sapiens	Homo sapiens	Homo sapiens	9606			carrier			clinical/host-associated material	nasopharynx/oropharynx				nasopharynx/oropharynx | upper respiratory tract | clinical/host-associated material | clinical/host-associated material | nasopharynx/oropharynx | nasopharynx | nasopharynx
GCA_018764725.1	SAMN04460935	Clostridioides difficile	keep	colonization-context audit	Homo sapiens	Homo sapiens	Homo sapiens	9606			carrier		feces/stool	clinical/host-associated material	feces/stool		gut/fecal local context	host-associated gut/oral/fecal environment	feces/stool | feces/stool | clinical/host-associated material | clinical/host-associated material | gut/fecal local context | host-associated gut/oral/fecal environment | feces | Faeces | feces | Faeces
GCA_030181625.1	SAMN31544755	Kingella kingae	keep	colonization-context audit	Homo sapiens	Homo sapiens	Homo sapiens	9606			carrier								
GCA_000825965.1	SAMEA2803883	Streptococcus agalactiae	keep	colonization-context audit	Homo sapiens	Homo sapiens	Homo sapiens	9606			carrier			clinical/host-associated material					clinical/host-associated material | clinical/host-associated material | Carriage
GCA_000825985.1	SAMEA2803884	Streptococcus agalactiae	keep	colonization-context audit	Homo sapiens	Homo sapiens	Homo sapiens	9606			carrier			clinical/host-associated material					clinical/host-associated material | clinical/host-associated material | Carriage
GCA_052565215.1	SAMN47846079	Haemophilus influenzae	keep	colonization-context audit	Homo sapiens	Homo sapiens	Homo sapiens	9606			carrier			clinical/host-associated material	nasopharynx/oropharynx				nasopharynx/oropharynx | upper respiratory tract | clinical/host-associated material | clinical/host-associated material | nasopharynx/oropharynx | nasopharynx | nasopharynx
GCA_001333495.1	SAMEA751482	Bordetella pertussis	keep	colonization-context audit	Homo sapiens	Homo sapiens	Homo sapiens	9606			carrier			clinical/host-associated material	nasopharynx/oropharynx				nasopharynx/oropharynx | upper respiratory tract | clinical/host-associated material | clinical/host-associated material | nasopharynx/oropharynx | pharynx | pharynx
GCA_015929735.1	SAMN15502151	Citrobacter freundii	keep	colonization-context audit	Homo sapiens	Homo sapiens	Homo sapiens	9606			carrier			clinical/host-associated material	rectal swab				rectal swab | swab | clinical/host-associated material | clinical/host-associated material | rectum/perianal region | rectal swab | rectal swab
GCA_018767285.1	SAMN04460995	Clostridioides difficile	keep	colonization-context audit	Homo sapiens	Homo sapiens	Homo sapiens	9606			carrier		feces/stool	clinical/host-associated material	feces/stool		gut/fecal local context	host-associated gut/oral/fecal environment	feces/stool | feces/stool | clinical/host-associated material | clinical/host-associated material | gut/fecal local context | host-associated gut/oral/fecal environment | feces | Faeces | feces | Faeces
GCA_030181475.1	SAMN31544763	Kingella kingae	keep	colonization-context audit	Homo sapiens	Homo sapiens	Homo sapiens	9606			carrier								
GCA_022263835.1	SAMN07421086	Klebsiella pneumoniae	keep	colonization-context audit	Homo sapiens	Homo sapiens	Homo sapiens	9606			carrier			clinical/host-associated material	clinical sample			clinical/host-associated material	clinical sample | clinical/host-associated material | clinical/host-associated material | clinical/host-associated material | clinical/host-associated material | Clinical or carriage sample
GCA_052549275.1	SAMN47846180	Haemophilus influenzae	keep	colonization-context audit	Homo sapiens	Homo sapiens	Homo sapiens	9606			carrier			clinical/host-associated material	nasopharynx/oropharynx				nasopharynx/oropharynx | upper respiratory tract | clinical/host-associated material | clinical/host-associated material | nasopharynx/oropharynx | nasopharynx | nasopharynx
GCA_052560475.1	SAMN47846014	Haemophilus influenzae	keep	colonization-context audit	Homo sapiens	Homo sapiens	Homo sapiens	9606			carrier			clinical/host-associated material	nasopharynx/oropharynx				nasopharynx/oropharynx | upper respiratory tract | clinical/host-associated material | clinical/host-associated material | nasopharynx/oropharynx | nasopharynx | nasopharynx
GCA_052560555.1	SAMN47846103	Haemophilus influenzae	keep	colonization-context audit	Homo sapiens	Homo sapiens	Homo sapiens	9606			carrier			clinical/host-associated material	nasopharynx/oropharynx				nasopharynx/oropharynx | upper respiratory tract | clinical/host-associated material | clinical/host-associated material | nasopharynx/oropharynx | nasopharynx | nasopharynx
GCA_034979525.1	SAMN02982701	Streptococcus pyogenes	keep	colonization-context audit	Homo sapiens	Homo sapiens	Homo sapiens	9606			carrier								human carrier
GCA_034979625.1	SAMN02982692	Streptococcus pyogenes	keep	colonization-context audit	Homo sapiens	Homo sapiens	Homo sapiens	9606			carrier								human carrier
GCA_034980785.1	SAMN02982658	Streptococcus pyogenes	keep	colonization-context audit	Homo sapiens	Homo sapiens	Homo sapiens	9606			carrier								human carrier
GCA_052564335.1	SAMN47845891	Haemophilus influenzae	keep	colonization-context audit	Homo sapiens	Homo sapiens	Homo sapiens	9606			carrier			clinical/host-associated material	nasopharynx/oropharynx				nasopharynx/oropharynx | upper respiratory tract | clinical/host-associated material | clinical/host-associated material | nasopharynx/oropharynx | nasopharynx | nasopharynx
GCA_001218645.1	SAMEA859850	Yersinia mollaretii	keep	colonization-context audit	Homo sapiens	Homo sapiens	Homo sapiens	9606			carrier			clinical/host-associated material	nasopharynx/oropharynx				nasopharynx/oropharynx | upper respiratory tract | clinical/host-associated material | clinical/host-associated material | nasopharynx/oropharynx | nasopharynx | nasopharynx
GCA_018724885.1	SAMN04461033	Clostridioides difficile	keep	colonization-context audit	Homo sapiens	Homo sapiens	Homo sapiens	9606			carrier		feces/stool	clinical/host-associated material	feces/stool		gut/fecal local context	host-associated gut/oral/fecal environment	feces/stool | feces/stool | clinical/host-associated material | clinical/host-associated material | gut/fecal local context | host-associated gut/oral/fecal environment | feces | Faeces | feces | Faeces
GCA_052560815.1	SAMN47846120	Haemophilus influenzae	keep	colonization-context audit	Homo sapiens	Homo sapiens	Homo sapiens	9606			carrier			clinical/host-associated material	nasopharynx/oropharynx				nasopharynx/oropharynx | upper respiratory tract | clinical/host-associated material | clinical/host-associated material | nasopharynx/oropharynx | nasopharynx | nasopharynx
GCA_054750065.1	SAMD00752301	Helicobacter pylori	keep	colonization-context audit	Homo sapiens	Homo sapiens	Homo sapiens	9606			carrier								
GCA_001333335.1	SAMEA751469	Bordetella pertussis	keep	colonization-context audit	Homo sapiens	Homo sapiens	Homo sapiens	9606			carrier			clinical/host-associated material	nasopharynx/oropharynx				nasopharynx/oropharynx | upper respiratory tract | clinical/host-associated material | clinical/host-associated material | nasopharynx/oropharynx | pharynx | pharynx
GCA_018612245.1	SAMN04460987	Clostridioides difficile	keep	colonization-context audit	Homo sapiens	Homo sapiens	Homo sapiens	9606			carrier		feces/stool	clinical/host-associated material	feces/stool		gut/fecal local context	host-associated gut/oral/fecal environment	feces/stool | feces/stool | clinical/host-associated material | clinical/host-associated material | gut/fecal local context | host-associated gut/oral/fecal environment | feces | Faeces | feces | Faeces
GCA_022263275.1	SAMN07421128	Klebsiella pneumoniae	keep	colonization-context audit	Homo sapiens	Homo sapiens	Homo sapiens	9606			carrier			clinical/host-associated material	clinical sample			clinical/host-associated material	clinical sample | clinical/host-associated material | clinical/host-associated material | clinical/host-associated material | clinical/host-associated material | Clinical or carriage sample
GCA_022263755.1	SAMN07421148	Klebsiella pneumoniae	keep	colonization-context audit	Homo sapiens	Homo sapiens	Homo sapiens	9606			carrier			clinical/host-associated material	clinical sample			clinical/host-associated material	clinical sample | clinical/host-associated material | clinical/host-associated material | clinical/host-associated material | clinical/host-associated material | Clinical or carriage sample
GCA_030180205.1	SAMN31544728	Kingella kingae	keep	colonization-context audit	Homo sapiens	Homo sapiens	Homo sapiens	9606			carrier								
GCA_052549015.1	SAMN47846178	Haemophilus influenzae	keep	colonization-context audit	Homo sapiens	Homo sapiens	Homo sapiens	9606			carrier			clinical/host-associated material	nasopharynx/oropharynx				nasopharynx/oropharynx | upper respiratory tract | clinical/host-associated material | clinical/host-associated material | nasopharynx/oropharynx | nasopharynx | nasopharynx
GCA_018767485.1	SAMN04460911	Clostridioides difficile	keep	colonization-context audit	Homo sapiens	Homo sapiens	Homo sapiens	9606			carrier		feces/stool	clinical/host-associated material	feces/stool		gut/fecal local context	host-associated gut/oral/fecal environment	feces/stool | feces/stool | clinical/host-associated material | clinical/host-associated material | gut/fecal local context | host-associated gut/oral/fecal environment | feces | Faeces | feces | Faeces
GCA_001332915.1	SAMEA751434	Bordetella pertussis	keep	colonization-context audit	Homo sapiens	Homo sapiens	Homo sapiens	9606			carrier			clinical/host-associated material	nasopharynx/oropharynx				nasopharynx/oropharynx | upper respiratory tract | clinical/host-associated material | clinical/host-associated material | nasopharynx/oropharynx | pharynx | pharynx
GCA_023621545.1	SAMN28177551	Staphylococcus aureus	keep	colonization-context audit	Homo sapiens	Homo sapiens	Homo sapiens	9606			carrier			clinical/host-associated material					clinical/host-associated material | clinical/host-associated material | nasal cavity/sinus/upper respiratory tract | nasal carriage
GCA_049060145.1	SAMEA115674865	Staphylococcus aureus	keep	colonization-context audit	Felis catus	Felis catus	Felis catus	9685			carrier			clinical/host-associated material					clinical/host-associated material | clinical/host-associated material | nasal cavity/sinus/upper respiratory tract | nasal carriage
GCA_009748275.1	SAMN10105139	Vibrio cholerae	keep	colonization-context audit	Homo sapiens	Homo sapiens	Homo sapiens	9606			carrier			clinical/host-associated material					clinical/host-associated material | clinical/host-associated material | Carrier
GCA_028658955.1	SAMEA11322479	Staphylococcus aureus	keep	colonization-context audit	Sus scrofa domesticus	Sus scrofa domesticus	Sus scrofa domesticus	9825			carrier								Carrier pig
GCA_028659055.1	SAMEA11322470	Staphylococcus aureus	keep	colonization-context audit	Bos taurus	Bos taurus	Bos taurus	9913			carrier								Carrier cattle
GCA_034979545.1	SAMN02982698	Streptococcus pyogenes	keep	colonization-context audit	Homo sapiens	Homo sapiens	Homo sapiens	9606			carrier								human carrier
GCA_052548595.1	SAMN47846150	Haemophilus influenzae	keep	colonization-context audit	Homo sapiens	Homo sapiens	Homo sapiens	9606			carrier			clinical/host-associated material	nasopharynx/oropharynx				nasopharynx/oropharynx | upper respiratory tract | clinical/host-associated material | clinical/host-associated material | nasopharynx/oropharynx | nasopharynx | nasopharynx
GCA_052564895.1	SAMN47846052	Haemophilus influenzae	keep	colonization-context audit	Homo sapiens	Homo sapiens	Homo sapiens	9606			carrier			clinical/host-associated material	nasopharynx/oropharynx				nasopharynx/oropharynx | upper respiratory tract | clinical/host-associated material | clinical/host-associated material | nasopharynx/oropharynx | nasopharynx | nasopharynx
GCA_052555715.1	SAMN47845897	Haemophilus influenzae	keep	colonization-context audit	Homo sapiens	Homo sapiens	Homo sapiens	9606			carrier			clinical/host-associated material	nasopharynx/oropharynx				nasopharynx/oropharynx | upper respiratory tract | clinical/host-associated material | clinical/host-associated material | nasopharynx/oropharynx | nasopharynx | nasopharynx
GCA_009363175.1	SAMN12999965	Citrobacter telavivensis	keep	colonization-context audit	Homo sapiens	Homo sapiens	Homo sapiens	9606			carrier			clinical/host-associated material					clinical/host-associated material | clinical/host-associated material | rectum/perianal region | rectum | rectum
GCA_018764865.1	SAMN04460937	Clostridioides difficile	keep	colonization-context audit	Homo sapiens	Homo sapiens	Homo sapiens	9606			carrier		feces/stool	clinical/host-associated material	feces/stool		gut/fecal local context	host-associated gut/oral/fecal environment	feces/stool | feces/stool | clinical/host-associated material | clinical/host-associated material | gut/fecal local context | host-associated gut/oral/fecal environment | feces | Faeces | feces | Faeces
GCA_052559675.1	SAMN47845909	Haemophilus influenzae	keep	colonization-context audit	Homo sapiens	Homo sapiens	Homo sapiens	9606			carrier			clinical/host-associated material	nasopharynx/oropharynx				nasopharynx/oropharynx | upper respiratory tract | clinical/host-associated material | clinical/host-associated material | nasopharynx/oropharynx | nasopharynx | nasopharynx
GCA_052549235.1	SAMN47846155	Haemophilus influenzae	keep	colonization-context audit	Homo sapiens	Homo sapiens	Homo sapiens	9606			carrier			clinical/host-associated material	nasopharynx/oropharynx				nasopharynx/oropharynx | upper respiratory tract | clinical/host-associated material | clinical/host-associated material | nasopharynx/oropharynx | nasopharynx | nasopharynx
