raw_value,affected_rows,current_standardized_value,current_broad_value,review_signal_type,current_recommended_action,proposed_destination_field,proposed_standardized_value,proposed_broad_value,confidence,rationale,reviewer_decision,rule_file_to_update,rule_to_add,test_to_add,notes
poultry meat/product,77718,poultry meat/product,food/meat,host_taxon_or_context,route_to_food_source,Isolation_Source_SD / food context,,,needs_review,Food or commodity context requires phrase-level review; animal terms alone are insufficient.,unreviewed,,,,"Batch 5 - food and commodity context. Current mode routing method: food_source_context. This value comes from Isolation_Source_SD in the QA aggregate, not directly from the raw metadata field; inspect contributing raw variants before deciding."
feces/stool,36138,feces/stool,feces/stool,sample_type,route_to_sample_type,Sample_Type_SD,,,needs_review,Sample-material signal; preserve source context only when independently supported.,unreviewed,,,,"Batch 2 - sample materials. Current mode routing method: dictionary. This value comes from Isolation_Source_SD in the QA aggregate, not directly from the raw metadata field; inspect contributing raw variants before deciding."
plant-associated material,20751,plant-associated material,plant-associated material,host_taxon_or_context,route_to_host_context,Host_Context_SD / host-associated context,,,needs_review,Host-only signal requires raw context before source or host routing.,unreviewed,,,,"Batch 6 - host context. Current mode routing method: host_context_router. This value comes from Isolation_Source_SD in the QA aggregate, not directly from the raw metadata field; inspect contributing raw variants before deciding."
turkey meat/product,14060,turkey meat/product,food/meat,host_taxon_or_context,route_to_food_source,Isolation_Source_SD / food context,,,needs_review,Food or commodity context requires phrase-level review; animal terms alone are insufficient.,unreviewed,,,,"Batch 5 - food and commodity context. Current mode routing method: food_source_context. This value comes from Isolation_Source_SD in the QA aggregate, not directly from the raw metadata field; inspect contributing raw variants before deciding."
blood,9768,blood,clinical/host-associated material,sample_type,route_to_sample_type,Sample_Type_SD,,,needs_review,Sample-material signal; preserve source context only when independently supported.,unreviewed,,,,"Batch 2 - sample materials. Current mode routing method: dictionary. This value comes from Isolation_Source_SD in the QA aggregate, not directly from the raw metadata field; inspect contributing raw variants before deciding."
plant/produce food product,6446,plant/produce food product,food,host_taxon_or_context,route_to_food_source,Isolation_Source_SD / food context,,,needs_review,Food or commodity context requires phrase-level review; animal terms alone are insufficient.,unreviewed,,,,"Batch 5 - food and commodity context. Current mode routing method: food_source_context. This value comes from Isolation_Source_SD in the QA aggregate, not directly from the raw metadata field; inspect contributing raw variants before deciding."
healthcare-associated environment,5060,healthcare-associated environment,healthcare-associated environment,environment_medium,route_to_environment_medium,Environment_Medium_SD,,,needs_review,Environmental-medium signal; retain broad source context only when intentional.,unreviewed,,,,"Batch 4 - environmental media. Current mode routing method: environment_context_router. This value comes from Isolation_Source_SD in the QA aggregate, not directly from the raw metadata field; inspect contributing raw variants before deciding."
urine,2975,urine,clinical/host-associated material,sample_type,route_to_sample_type,Sample_Type_SD,,,needs_review,Sample-material signal; preserve source context only when independently supported.,unreviewed,,,,"Batch 2 - sample materials. Current mode routing method: dictionary. This value comes from Isolation_Source_SD in the QA aggregate, not directly from the raw metadata field; inspect contributing raw variants before deciding."
clinical sample,2020,clinical sample,clinical/host-associated material,sample_type|metadata_descriptor,route_to_non_source_descriptor,suppressed/non_source_descriptor,,,needs_review,Descriptor-like signal; verify raw variants before adding a suppression rule.,unreviewed,,,,"Batch 1 - metadata descriptors. Current mode routing method: dictionary. This value comes from Isolation_Source_SD in the QA aggregate, not directly from the raw metadata field; inspect contributing raw variants before deciding."
agricultural environment,2015,agricultural environment,agricultural environment,environment_medium,route_to_environment_medium,Environment_Medium_SD,,,needs_review,Environmental-medium signal; retain broad source context only when intentional.,unreviewed,,,,"Batch 4 - environmental media. Current mode routing method: environment_context_router. This value comes from Isolation_Source_SD in the QA aggregate, not directly from the raw metadata field; inspect contributing raw variants before deciding."
Tissue,1895,Tissue,tissue,sample_type,route_to_sample_type,Sample_Type_SD,,,needs_review,Sample-material signal; preserve source context only when independently supported.,unreviewed,,,,"Batch 2 - sample materials. Current mode routing method: standardizer. This value comes from Isolation_Source_SD in the QA aggregate, not directly from the raw metadata field; inspect contributing raw variants before deciding."
tissue,1327,tissue,tissue,sample_type,route_to_sample_type,Sample_Type_SD,,,needs_review,Sample-material signal; preserve source context only when independently supported.,unreviewed,,,,"Batch 2 - sample materials. Current mode routing method: standardizer. This value comes from Isolation_Source_SD in the QA aggregate, not directly from the raw metadata field; inspect contributing raw variants before deciding."
canal,1054,canal,water,body_site,route_to_isolation_site,Isolation_Site_SD,,,needs_review,Anatomical-site signal; split material and site when both are present.,unreviewed,,,,"Batch 3 - anatomical sites. Current mode routing method: dictionary. This value comes from Isolation_Source_SD in the QA aggregate, not directly from the raw metadata field; inspect contributing raw variants before deciding."
body fluid,813,body fluid,,sample_type,route_to_sample_type,Sample_Type_SD,,,needs_review,Sample-material signal; preserve source context only when independently supported.,unreviewed,,,,"Batch 2 - sample materials. Current mode routing method: dictionary. This value comes from Isolation_Source_SD in the QA aggregate, not directly from the raw metadata field; inspect contributing raw variants before deciding."
ground chicken,669,ground chicken,food/meat,host_taxon_or_context,route_to_food_source,Isolation_Source_SD / food context,,,needs_review,Food or commodity context requires phrase-level review; animal terms alone are insufficient.,unreviewed,,,,"Batch 5 - food and commodity context. Current mode routing method: food_source_context. This value comes from Isolation_Source_SD in the QA aggregate, not directly from the raw metadata field; inspect contributing raw variants before deciding."
food/animal-production swab,663,food/animal-production swab,food,sample_type|host_taxon_or_context,route_to_sample_type,Sample_Type_SD,,,needs_review,Sample-material signal; preserve source context only when independently supported.,unreviewed,,,,"Batch 2 - sample materials. Current mode routing method: food_source_context. This value comes from Isolation_Source_SD in the QA aggregate, not directly from the raw metadata field; inspect contributing raw variants before deciding."
milk,304,milk,food/dairy,sample_type,route_to_sample_type,Sample_Type_SD,,,needs_review,Sample-material signal; preserve source context only when independently supported.,unreviewed,,,,"Batch 2 - sample materials. Current mode routing method: dictionary. This value comes from Isolation_Source_SD in the QA aggregate, not directly from the raw metadata field; inspect contributing raw variants before deciding."
soft tissue,280,soft tissue,tissue,sample_type,route_to_sample_type,Sample_Type_SD,,,needs_review,Sample-material signal; preserve source context only when independently supported.,unreviewed,,,,"Batch 2 - sample materials. Current mode routing method: standardizer. This value comes from Isolation_Source_SD in the QA aggregate, not directly from the raw metadata field; inspect contributing raw variants before deciding."
respiratory sample,221,respiratory sample,clinical/host-associated material,sample_type|metadata_descriptor,route_to_non_source_descriptor,suppressed/non_source_descriptor,,,needs_review,Descriptor-like signal; verify raw variants before adding a suppression rule.,unreviewed,,,,"Batch 1 - metadata descriptors. Current mode routing method: anatomy_source_router. This value comes from Isolation_Source_SD in the QA aggregate, not directly from the raw metadata field; inspect contributing raw variants before deciding."
terrestrial environment,213,terrestrial environment,environmental material,environment_medium,route_to_environment_medium,Environment_Medium_SD,,,needs_review,Environmental-medium signal; retain broad source context only when intentional.,unreviewed,,,,"Batch 4 - environmental media. Current mode routing method: context_dictionary. This value comes from Isolation_Source_SD in the QA aggregate, not directly from the raw metadata field; inspect contributing raw variants before deciding."
Animal-Calf-Bob Veal,137,Animal-Calf-Bob Veal,,host_taxon_or_context,route_to_host_context,Host_Context_SD / host-associated context,,,needs_review,Host-only signal requires raw context before source or host routing.,unreviewed,,,,"Batch 6 - host context. Current mode routing method: standardizer. This value comes from Isolation_Source_SD in the QA aggregate, not directly from the raw metadata field; inspect contributing raw variants before deciding."
Wild Animal,123,Wild Animal,,host_taxon_or_context,route_to_host_context,Host_Context_SD / host-associated context,,,needs_review,Host-only signal requires raw context before source or host routing.,unreviewed,,,,"Batch 6 - host context. Current mode routing method: standardizer. This value comes from Isolation_Source_SD in the QA aggregate, not directly from the raw metadata field; inspect contributing raw variants before deciding."
Tissue (Specify:),114,Tissue (Specify:),tissue,sample_type,route_to_sample_type,Sample_Type_SD,,,needs_review,Sample-material signal; preserve source context only when independently supported.,unreviewed,,,,"Batch 2 - sample materials. Current mode routing method: standardizer. This value comes from Isolation_Source_SD in the QA aggregate, not directly from the raw metadata field; inspect contributing raw variants before deciding."
animal by-product,112,animal by-product,,host_taxon_or_context,route_to_host_context,Host_Context_SD / host-associated context,,,needs_review,Host-only signal requires raw context before source or host routing.,unreviewed,,,,"Batch 6 - host context. Current mode routing method: standardizer. This value comes from Isolation_Source_SD in the QA aggregate, not directly from the raw metadata field; inspect contributing raw variants before deciding."
ENVO_00005801,112,ENVO_00005801,,raw_code_or_artifact,route_to_non_source_descriptor,suppressed/non_source_descriptor,,,needs_review,Descriptor-like signal; verify raw variants before adding a suppression rule.,unreviewed,,,,"Batch 1 - metadata descriptors. Current mode routing method: standardizer. This value comes from Isolation_Source_SD in the QA aggregate, not directly from the raw metadata field; inspect contributing raw variants before deciding."
pooled tissue,110,pooled tissue,tissue,sample_type,route_to_sample_type,Sample_Type_SD,,,needs_review,Sample-material signal; preserve source context only when independently supported.,unreviewed,,,,"Batch 2 - sample materials. Current mode routing method: standardizer. This value comes from Isolation_Source_SD in the QA aggregate, not directly from the raw metadata field; inspect contributing raw variants before deciding."
TISSUE,95,TISSUE,tissue,sample_type,route_to_sample_type,Sample_Type_SD,,,needs_review,Sample-material signal; preserve source context only when independently supported.,unreviewed,,,,"Batch 2 - sample materials. Current mode routing method: standardizer. This value comes from Isolation_Source_SD in the QA aggregate, not directly from the raw metadata field; inspect contributing raw variants before deciding."
Connective tissue,91,Connective tissue,tissue,sample_type,route_to_sample_type,Sample_Type_SD,,,needs_review,Sample-material signal; preserve source context only when independently supported.,unreviewed,,,,"Batch 2 - sample materials. Current mode routing method: standardizer. This value comes from Isolation_Source_SD in the QA aggregate, not directly from the raw metadata field; inspect contributing raw variants before deciding."
Animal-Calf-Formula-fed Veal,90,Animal-Calf-Formula-fed Veal,,host_taxon_or_context,route_to_host_context,Host_Context_SD / host-associated context,,,needs_review,Host-only signal requires raw context before source or host routing.,unreviewed,,,,"Batch 6 - host context. Current mode routing method: standardizer. This value comes from Isolation_Source_SD in the QA aggregate, not directly from the raw metadata field; inspect contributing raw variants before deciding."
cat,90,cat,,host_taxon_or_context,route_to_host_context,Host_Context_SD / host-associated context,,,needs_review,Host-only signal requires raw context before source or host routing.,unreviewed,,,,"Batch 6 - host context. Current mode routing method: standardizer. This value comes from Isolation_Source_SD in the QA aggregate, not directly from the raw metadata field; inspect contributing raw variants before deciding."
animal feed,85,animal feed,,host_taxon_or_context,route_to_host_context,Host_Context_SD / host-associated context,,,needs_review,Host-only signal requires raw context before source or host routing.,unreviewed,,,,"Batch 6 - host context. Current mode routing method: standardizer. This value comes from Isolation_Source_SD in the QA aggregate, not directly from the raw metadata field; inspect contributing raw variants before deciding."
Broncho-alveolar lavage,72,Broncho-alveolar lavage,,sample_type,route_to_sample_type,Sample_Type_SD,,,needs_review,Sample-material signal; preserve source context only when independently supported.,unreviewed,,,,"Batch 2 - sample materials. Current mode routing method: standardizer. This value comes from Isolation_Source_SD in the QA aggregate, not directly from the raw metadata field; inspect contributing raw variants before deciding."
Gastric tissue,65,Gastric tissue,tissue,sample_type,route_to_sample_type,Sample_Type_SD,,,needs_review,Sample-material signal; preserve source context only when independently supported.,unreviewed,,,,"Batch 2 - sample materials. Current mode routing method: standardizer. This value comes from Isolation_Source_SD in the QA aggregate, not directly from the raw metadata field; inspect contributing raw variants before deciding."
fermented milk/dairy product,64,fermented milk/dairy product,food/dairy,sample_type,route_to_sample_type,Sample_Type_SD,,,needs_review,Sample-material signal; preserve source context only when independently supported.,unreviewed,,,,"Batch 2 - sample materials. Current mode routing method: food_source_context. This value comes from Isolation_Source_SD in the QA aggregate, not directly from the raw metadata field; inspect contributing raw variants before deciding."
Mouse embryonic cells,64,Mouse embryonic cells,,host_taxon_or_context,route_to_host_context,Host_Context_SD / host-associated context,,,needs_review,Host-only signal requires raw context before source or host routing.,unreviewed,,,,"Batch 6 - host context. Current mode routing method: standardizer. This value comes from Isolation_Source_SD in the QA aggregate, not directly from the raw metadata field; inspect contributing raw variants before deciding."
Tick tissue,63,Tick tissue,tissue,sample_type,route_to_sample_type,Sample_Type_SD,,,needs_review,Sample-material signal; preserve source context only when independently supported.,unreviewed,,,,"Batch 2 - sample materials. Current mode routing method: standardizer. This value comes from Isolation_Source_SD in the QA aggregate, not directly from the raw metadata field; inspect contributing raw variants before deciding."
tissue pool,62,tissue pool,tissue,sample_type,route_to_sample_type,Sample_Type_SD,,,needs_review,Sample-material signal; preserve source context only when independently supported.,unreviewed,,,,"Batch 2 - sample materials. Current mode routing method: standardizer. This value comes from Isolation_Source_SD in the QA aggregate, not directly from the raw metadata field; inspect contributing raw variants before deciding."
Bladder,61,Bladder,,body_site,route_to_isolation_site,Isolation_Site_SD,,,needs_review,Anatomical-site signal; split material and site when both are present.,unreviewed,,,,"Batch 3 - anatomical sites. Current mode routing method: standardizer. This value comes from Isolation_Source_SD in the QA aggregate, not directly from the raw metadata field; inspect contributing raw variants before deciding."
Infected tissue,55,Infected tissue,tissue,sample_type|disease,route_to_disease_or_health_state,Host_Disease_SD / Host_Health_State_SD,,,needs_review,Disease or health-state signal; preserve independent material and site evidence.,unreviewed,,,,"Batch 7 - disease and health state. Current mode routing method: standardizer. This value comes from Isolation_Source_SD in the QA aggregate, not directly from the raw metadata field; inspect contributing raw variants before deciding."
periprosthetic tissue,55,periprosthetic tissue,tissue,sample_type,route_to_sample_type,Sample_Type_SD,,,needs_review,Sample-material signal; preserve source context only when independently supported.,unreviewed,,,,"Batch 2 - sample materials. Current mode routing method: standardizer. This value comes from Isolation_Source_SD in the QA aggregate, not directly from the raw metadata field; inspect contributing raw variants before deciding."
Gall bladder tissue,54,Gall bladder tissue,tissue,body_site|sample_type,route_to_sample_type,Sample_Type_SD,,,needs_review,Sample-material signal; preserve source context only when independently supported.,unreviewed,,,,"Batch 2 - sample materials. Current mode routing method: standardizer. This value comes from Isolation_Source_SD in the QA aggregate, not directly from the raw metadata field; inspect contributing raw variants before deciding."
Domestic animal,47,Domestic animal,,host_taxon_or_context,route_to_host_context,Host_Context_SD / host-associated context,,,needs_review,Host-only signal requires raw context before source or host routing.,unreviewed,,,,"Batch 6 - host context. Current mode routing method: standardizer. This value comes from Isolation_Source_SD in the QA aggregate, not directly from the raw metadata field; inspect contributing raw variants before deciding."
Animal-Goat,43,Animal-Goat,,host_taxon_or_context,route_to_host_context,Host_Context_SD / host-associated context,,,needs_review,Host-only signal requires raw context before source or host routing.,unreviewed,,,,"Batch 6 - host context. Current mode routing method: standardizer. This value comes from Isolation_Source_SD in the QA aggregate, not directly from the raw metadata field; inspect contributing raw variants before deciding."
plant root/rhizosphere,42,plant root/rhizosphere,plant-associated material,host_taxon_or_context,route_to_host_context,Host_Context_SD / host-associated context,,,needs_review,Host-only signal requires raw context before source or host routing.,unreviewed,,,,"Batch 6 - host context. Current mode routing method: dictionary. This value comes from Isolation_Source_SD in the QA aggregate, not directly from the raw metadata field; inspect contributing raw variants before deciding."
plasma,40,plasma,,sample_type,route_to_sample_type,Sample_Type_SD,,,needs_review,Sample-material signal; preserve source context only when independently supported.,unreviewed,,,,"Batch 2 - sample materials. Current mode routing method: standardizer. This value comes from Isolation_Source_SD in the QA aggregate, not directly from the raw metadata field; inspect contributing raw variants before deciding."
Soft tissue,37,Soft tissue,tissue,sample_type,route_to_sample_type,Sample_Type_SD,,,needs_review,Sample-material signal; preserve source context only when independently supported.,unreviewed,,,,"Batch 2 - sample materials. Current mode routing method: standardizer. This value comes from Isolation_Source_SD in the QA aggregate, not directly from the raw metadata field; inspect contributing raw variants before deciding."
broncho-alveolar lavage,35,broncho-alveolar lavage,,sample_type,route_to_sample_type,Sample_Type_SD,,,needs_review,Sample-material signal; preserve source context only when independently supported.,unreviewed,,,,"Batch 2 - sample materials. Current mode routing method: standardizer. This value comes from Isolation_Source_SD in the QA aggregate, not directly from the raw metadata field; inspect contributing raw variants before deciding."
Animal feed,34,Animal feed,,host_taxon_or_context,route_to_host_context,Host_Context_SD / host-associated context,,,needs_review,Host-only signal requires raw context before source or host routing.,unreviewed,,,,"Batch 6 - host context. Current mode routing method: standardizer. This value comes from Isolation_Source_SD in the QA aggregate, not directly from the raw metadata field; inspect contributing raw variants before deciding."
Tissue fragment,30,Tissue fragment,tissue,sample_type,route_to_sample_type,Sample_Type_SD,,,needs_review,Sample-material signal; preserve source context only when independently supported.,unreviewed,,,,"Batch 2 - sample materials. Current mode routing method: standardizer. This value comes from Isolation_Source_SD in the QA aggregate, not directly from the raw metadata field; inspect contributing raw variants before deciding."
Animal-Calf-Non Formula-fed Veal,29,Animal-Calf-Non Formula-fed Veal,,host_taxon_or_context,route_to_host_context,Host_Context_SD / host-associated context,,,needs_review,Host-only signal requires raw context before source or host routing.,unreviewed,,,,"Batch 6 - host context. Current mode routing method: standardizer. This value comes from Isolation_Source_SD in the QA aggregate, not directly from the raw metadata field; inspect contributing raw variants before deciding."
Deep Tissue,29,Deep Tissue,tissue,sample_type,route_to_sample_type,Sample_Type_SD,,,needs_review,Sample-material signal; preserve source context only when independently supported.,unreviewed,,,,"Batch 2 - sample materials. Current mode routing method: standardizer. This value comes from Isolation_Source_SD in the QA aggregate, not directly from the raw metadata field; inspect contributing raw variants before deciding."
Tissue Pool,29,Tissue Pool,tissue,sample_type,route_to_sample_type,Sample_Type_SD,,,needs_review,Sample-material signal; preserve source context only when independently supported.,unreviewed,,,,"Batch 2 - sample materials. Current mode routing method: standardizer. This value comes from Isolation_Source_SD in the QA aggregate, not directly from the raw metadata field; inspect contributing raw variants before deciding."
coral tissue,26,coral tissue,tissue,sample_type,route_to_sample_type,Sample_Type_SD,,,needs_review,Sample-material signal; preserve source context only when independently supported.,unreviewed,,,,"Batch 2 - sample materials. Current mode routing method: standardizer. This value comes from Isolation_Source_SD in the QA aggregate, not directly from the raw metadata field; inspect contributing raw variants before deciding."
infected vegetal samples,26,infected vegetal samples,,disease,route_to_disease_or_health_state,Host_Disease_SD / Host_Health_State_SD,,,needs_review,Disease or health-state signal; preserve independent material and site evidence.,unreviewed,,,,"Batch 7 - disease and health state. Current mode routing method: standardizer. This value comes from Isolation_Source_SD in the QA aggregate, not directly from the raw metadata field; inspect contributing raw variants before deciding."
poultry meat,26,poultry meat,food/meat,host_taxon_or_context,route_to_food_source,Isolation_Source_SD / food context,,,needs_review,Food or commodity context requires phrase-level review; animal terms alone are insufficient.,unreviewed,,,,"Batch 5 - food and commodity context. Current mode routing method: food_source_context. This value comes from Isolation_Source_SD in the QA aggregate, not directly from the raw metadata field; inspect contributing raw variants before deciding."
bladder,25,bladder,,body_site,route_to_isolation_site,Isolation_Site_SD,,,needs_review,Anatomical-site signal; split material and site when both are present.,unreviewed,,,,"Batch 3 - anatomical sites. Current mode routing method: standardizer. This value comes from Isolation_Source_SD in the QA aggregate, not directly from the raw metadata field; inspect contributing raw variants before deciding."
oyster product,25,oyster product,aquatic food product,host_taxon_or_context,route_to_food_source,Isolation_Source_SD / food context,,,needs_review,Food or commodity context requires phrase-level review; animal terms alone are insufficient.,unreviewed,,,,"Batch 5 - food and commodity context. Current mode routing method: food_source_context. This value comes from Isolation_Source_SD in the QA aggregate, not directly from the raw metadata field; inspect contributing raw variants before deciding."
Nasopharygneal lavage,24,Nasopharygneal lavage,,sample_type,route_to_sample_type,Sample_Type_SD,,,needs_review,Sample-material signal; preserve source context only when independently supported.,unreviewed,,,,"Batch 2 - sample materials. Current mode routing method: standardizer. This value comes from Isolation_Source_SD in the QA aggregate, not directly from the raw metadata field; inspect contributing raw variants before deciding."
serum,24,serum,,sample_type,route_to_sample_type,Sample_Type_SD,,,needs_review,Sample-material signal; preserve source context only when independently supported.,unreviewed,,,,"Batch 2 - sample materials. Current mode routing method: standardizer. This value comes from Isolation_Source_SD in the QA aggregate, not directly from the raw metadata field; inspect contributing raw variants before deciding."
Plasma,23,Plasma,,sample_type,route_to_sample_type,Sample_Type_SD,,,needs_review,Sample-material signal; preserve source context only when independently supported.,unreviewed,,,,"Batch 2 - sample materials. Current mode routing method: standardizer. This value comes from Isolation_Source_SD in the QA aggregate, not directly from the raw metadata field; inspect contributing raw variants before deciding."
Computer keyboard and mouse,22,Computer keyboard and mouse,,host_taxon_or_context,route_to_host_context,Host_Context_SD / host-associated context,,,needs_review,Host-only signal requires raw context before source or host routing.,unreviewed,,,,"Batch 6 - host context. Current mode routing method: standardizer. This value comes from Isolation_Source_SD in the QA aggregate, not directly from the raw metadata field; inspect contributing raw variants before deciding."
lavage,22,lavage,,sample_type,route_to_sample_type,Sample_Type_SD,,,needs_review,Sample-material signal; preserve source context only when independently supported.,unreviewed,,,,"Batch 2 - sample materials. Current mode routing method: standardizer. This value comes from Isolation_Source_SD in the QA aggregate, not directly from the raw metadata field; inspect contributing raw variants before deciding."
citrus infected tissue,21,citrus infected tissue,tissue,sample_type|disease,route_to_disease_or_health_state,Host_Disease_SD / Host_Health_State_SD,,,needs_review,Disease or health-state signal; preserve independent material and site evidence.,unreviewed,,,,"Batch 7 - disease and health state. Current mode routing method: standardizer. This value comes from Isolation_Source_SD in the QA aggregate, not directly from the raw metadata field; inspect contributing raw variants before deciding."
plant stem,21,plant stem,plant-associated material,host_taxon_or_context,route_to_host_context,Host_Context_SD / host-associated context,,,needs_review,Host-only signal requires raw context before source or host routing.,unreviewed,,,,"Batch 6 - host context. Current mode routing method: dictionary. This value comes from Isolation_Source_SD in the QA aggregate, not directly from the raw metadata field; inspect contributing raw variants before deciding."
tissue composite,21,tissue composite,tissue,sample_type,route_to_sample_type,Sample_Type_SD,,,needs_review,Sample-material signal; preserve source context only when independently supported.,unreviewed,,,,"Batch 2 - sample materials. Current mode routing method: standardizer. This value comes from Isolation_Source_SD in the QA aggregate, not directly from the raw metadata field; inspect contributing raw variants before deciding."
animal feed canola meal,20,animal feed canola meal,,host_taxon_or_context,route_to_host_context,Host_Context_SD / host-associated context,,,needs_review,Host-only signal requires raw context before source or host routing.,unreviewed,,,,"Batch 6 - host context. Current mode routing method: standardizer. This value comes from Isolation_Source_SD in the QA aggregate, not directly from the raw metadata field; inspect contributing raw variants before deciding."
Domestic cat,19,Domestic cat,,host_taxon_or_context,route_to_host_context,Host_Context_SD / host-associated context,,,needs_review,Host-only signal requires raw context before source or host routing.,unreviewed,,,,"Batch 6 - host context. Current mode routing method: standardizer. This value comes from Isolation_Source_SD in the QA aggregate, not directly from the raw metadata field; inspect contributing raw variants before deciding."
Wild animal,19,Wild animal,,host_taxon_or_context,route_to_host_context,Host_Context_SD / host-associated context,,,needs_review,Host-only signal requires raw context before source or host routing.,unreviewed,,,,"Batch 6 - host context. Current mode routing method: standardizer. This value comes from Isolation_Source_SD in the QA aggregate, not directly from the raw metadata field; inspect contributing raw variants before deciding."
dog chew,18,dog chew,,host_taxon_or_context,route_to_host_context,Host_Context_SD / host-associated context,,,needs_review,Host-only signal requires raw context before source or host routing.,unreviewed,,,,"Batch 6 - host context. Current mode routing method: standardizer. This value comes from Isolation_Source_SD in the QA aggregate, not directly from the raw metadata field; inspect contributing raw variants before deciding."
Mouse ES Cells,17,Mouse ES Cells,,host_taxon_or_context,route_to_host_context,Host_Context_SD / host-associated context,,,needs_review,Host-only signal requires raw context before source or host routing.,unreviewed,,,,"Batch 6 - host context. Current mode routing method: standardizer. This value comes from Isolation_Source_SD in the QA aggregate, not directly from the raw metadata field; inspect contributing raw variants before deciding."
tissue samples,17,tissue samples,tissue,sample_type,route_to_sample_type,Sample_Type_SD,,,needs_review,Sample-material signal; preserve source context only when independently supported.,unreviewed,,,,"Batch 2 - sample materials. Current mode routing method: standardizer. This value comes from Isolation_Source_SD in the QA aggregate, not directly from the raw metadata field; inspect contributing raw variants before deciding."
dog treat,16,dog treat,,host_taxon_or_context,route_to_host_context,Host_Context_SD / host-associated context,,,needs_review,Host-only signal requires raw context before source or host routing.,unreviewed,,,,"Batch 6 - host context. Current mode routing method: standardizer. This value comes from Isolation_Source_SD in the QA aggregate, not directly from the raw metadata field; inspect contributing raw variants before deciding."
hot dog,16,hot dog,,host_taxon_or_context,route_to_host_context,Host_Context_SD / host-associated context,,,needs_review,Host-only signal requires raw context before source or host routing.,unreviewed,,,,"Batch 6 - host context. Current mode routing method: standardizer. This value comes from Isolation_Source_SD in the QA aggregate, not directly from the raw metadata field; inspect contributing raw variants before deciding."
Deep tissue,15,Deep tissue,tissue,sample_type,route_to_sample_type,Sample_Type_SD,,,needs_review,Sample-material signal; preserve source context only when independently supported.,unreviewed,,,,"Batch 2 - sample materials. Current mode routing method: standardizer. This value comes from Isolation_Source_SD in the QA aggregate, not directly from the raw metadata field; inspect contributing raw variants before deciding."
ENVO_01000248,15,ENVO_01000248,,raw_code_or_artifact,route_to_non_source_descriptor,suppressed/non_source_descriptor,,,needs_review,Descriptor-like signal; verify raw variants before adding a suppression rule.,unreviewed,,,,"Batch 1 - metadata descriptors. Current mode routing method: standardizer. This value comes from Isolation_Source_SD in the QA aggregate, not directly from the raw metadata field; inspect contributing raw variants before deciding."
Gall bladder,15,Gall bladder,,body_site,route_to_isolation_site,Isolation_Site_SD,,,needs_review,Anatomical-site signal; split material and site when both are present.,unreviewed,,,,"Batch 3 - anatomical sites. Current mode routing method: standardizer. This value comes from Isolation_Source_SD in the QA aggregate, not directly from the raw metadata field; inspect contributing raw variants before deciding."
Tracheal lavage,15,Tracheal lavage,,sample_type,route_to_sample_type,Sample_Type_SD,,,needs_review,Sample-material signal; preserve source context only when independently supported.,unreviewed,,,,"Batch 2 - sample materials. Current mode routing method: standardizer. This value comes from Isolation_Source_SD in the QA aggregate, not directly from the raw metadata field; inspect contributing raw variants before deciding."
Homogenized tissue,14,Homogenized tissue,tissue,sample_type,route_to_sample_type,Sample_Type_SD,,,needs_review,Sample-material signal; preserve source context only when independently supported.,unreviewed,,,,"Batch 2 - sample materials. Current mode routing method: standardizer. This value comes from Isolation_Source_SD in the QA aggregate, not directly from the raw metadata field; inspect contributing raw variants before deciding."
"combination of 24 samples (8 from lake Croche, 8 from Montjoie and 8 from Simoncouche) collected from 2013 through 2014",13,"combination of 24 samples (8 from lake Croche, 8 from Montjoie and 8 from Simoncouche) collected from 2013 through 2014",,environment_medium,route_to_environment_medium,Environment_Medium_SD,,,needs_review,Environmental-medium signal; retain broad source context only when intentional.,unreviewed,,,,"Batch 4 - environmental media. Current mode routing method: standardizer. This value comes from Isolation_Source_SD in the QA aggregate, not directly from the raw metadata field; inspect contributing raw variants before deciding."
gall bladder,13,gall bladder,,body_site,route_to_isolation_site,Isolation_Site_SD,,,needs_review,Anatomical-site signal; split material and site when both are present.,unreviewed,,,,"Batch 3 - anatomical sites. Current mode routing method: standardizer. This value comes from Isolation_Source_SD in the QA aggregate, not directly from the raw metadata field; inspect contributing raw variants before deciding."
guttural pouch lavage,13,guttural pouch lavage,,sample_type,route_to_sample_type,Sample_Type_SD,,,needs_review,Sample-material signal; preserve source context only when independently supported.,unreviewed,,,,"Batch 2 - sample materials. Current mode routing method: standardizer. This value comes from Isolation_Source_SD in the QA aggregate, not directly from the raw metadata field; inspect contributing raw variants before deciding."
mouse spinal cord microglia,13,mouse spinal cord microglia,,host_taxon_or_context,route_to_host_context,Host_Context_SD / host-associated context,,,needs_review,Host-only signal requires raw context before source or host routing.,unreviewed,,,,"Batch 6 - host context. Current mode routing method: standardizer. This value comes from Isolation_Source_SD in the QA aggregate, not directly from the raw metadata field; inspect contributing raw variants before deciding."
Pooled Tissue,13,Pooled Tissue,tissue,sample_type,route_to_sample_type,Sample_Type_SD,,,needs_review,Sample-material signal; preserve source context only when independently supported.,unreviewed,,,,"Batch 2 - sample materials. Current mode routing method: standardizer. This value comes from Isolation_Source_SD in the QA aggregate, not directly from the raw metadata field; inspect contributing raw variants before deciding."
Soft Tissue,13,Soft Tissue,tissue,sample_type,route_to_sample_type,Sample_Type_SD,,,needs_review,Sample-material signal; preserve source context only when independently supported.,unreviewed,,,,"Batch 2 - sample materials. Current mode routing method: standardizer. This value comes from Isolation_Source_SD in the QA aggregate, not directly from the raw metadata field; inspect contributing raw variants before deciding."
BLDP1,12,BLDP1,,raw_code_or_artifact,route_to_non_source_descriptor,suppressed/non_source_descriptor,,,needs_review,Descriptor-like signal; verify raw variants before adding a suppression rule.,unreviewed,,,,"Batch 1 - metadata descriptors. Current mode routing method: standardizer. This value comes from Isolation_Source_SD in the QA aggregate, not directly from the raw metadata field; inspect contributing raw variants before deciding."
Cat nape,12,Cat nape,,host_taxon_or_context,route_to_host_context,Host_Context_SD / host-associated context,,,needs_review,Host-only signal requires raw context before source or host routing.,unreviewed,,,,"Batch 6 - host context. Current mode routing method: standardizer. This value comes from Isolation_Source_SD in the QA aggregate, not directly from the raw metadata field; inspect contributing raw variants before deciding."
curd_Producer_2,12,curd_Producer_2,,raw_code_or_artifact,route_to_non_source_descriptor,suppressed/non_source_descriptor,,,needs_review,Descriptor-like signal; verify raw variants before adding a suppression rule.,unreviewed,,,,"Batch 1 - metadata descriptors. Current mode routing method: standardizer. This value comes from Isolation_Source_SD in the QA aggregate, not directly from the raw metadata field; inspect contributing raw variants before deciding."
curd_Producer_3,12,curd_Producer_3,,raw_code_or_artifact,route_to_non_source_descriptor,suppressed/non_source_descriptor,,,needs_review,Descriptor-like signal; verify raw variants before adding a suppression rule.,unreviewed,,,,"Batch 1 - metadata descriptors. Current mode routing method: standardizer. This value comes from Isolation_Source_SD in the QA aggregate, not directly from the raw metadata field; inspect contributing raw variants before deciding."
Infected person,12,Infected person,,disease,route_to_disease_or_health_state,Host_Disease_SD / Host_Health_State_SD,,,needs_review,Disease or health-state signal; preserve independent material and site evidence.,unreviewed,,,,"Batch 7 - disease and health state. Current mode routing method: standardizer. This value comes from Isolation_Source_SD in the QA aggregate, not directly from the raw metadata field; inspect contributing raw variants before deciding."
periprosthetic tissue specimen,12,periprosthetic tissue specimen,tissue,sample_type,route_to_sample_type,Sample_Type_SD,,,needs_review,Sample-material signal; preserve source context only when independently supported.,unreviewed,,,,"Batch 2 - sample materials. Current mode routing method: standardizer. This value comes from Isolation_Source_SD in the QA aggregate, not directly from the raw metadata field; inspect contributing raw variants before deciding."
Pig product,12,Pig product,host-associated context,host_taxon_or_context,route_to_host_context,Host_Context_SD / host-associated context,,,needs_review,Host-only signal requires raw context before source or host routing.,unreviewed,,,,"Batch 6 - host context. Current mode routing method: standardizer. This value comes from Isolation_Source_SD in the QA aggregate, not directly from the raw metadata field; inspect contributing raw variants before deciding."
sputum,12,sputum,clinical/host-associated material,sample_type,route_to_sample_type,Sample_Type_SD,,,needs_review,Sample-material signal; preserve source context only when independently supported.,unreviewed,,,,"Batch 2 - sample materials. Current mode routing method: dictionary. This value comes from Isolation_Source_SD in the QA aggregate, not directly from the raw metadata field; inspect contributing raw variants before deciding."
Toe Tissue,12,Toe Tissue,tissue,sample_type,route_to_sample_type,Sample_Type_SD,,,needs_review,Sample-material signal; preserve source context only when independently supported.,unreviewed,,,,"Batch 2 - sample materials. Current mode routing method: standardizer. This value comes from Isolation_Source_SD in the QA aggregate, not directly from the raw metadata field; inspect contributing raw variants before deciding."
animal feed wheat,11,animal feed wheat,,host_taxon_or_context,route_to_host_context,Host_Context_SD / host-associated context,,,needs_review,Host-only signal requires raw context before source or host routing.,unreviewed,,,,"Batch 6 - host context. Current mode routing method: standardizer. This value comes from Isolation_Source_SD in the QA aggregate, not directly from the raw metadata field; inspect contributing raw variants before deciding."
biopsy,11,biopsy,clinical/host-associated material,sample_type,route_to_sample_type,Sample_Type_SD,,,needs_review,Sample-material signal; preserve source context only when independently supported.,unreviewed,,,,"Batch 2 - sample materials. Current mode routing method: dictionary. This value comes from Isolation_Source_SD in the QA aggregate, not directly from the raw metadata field; inspect contributing raw variants before deciding."
EFB infected honey bee larva,11,EFB infected honey bee larva,,disease,route_to_disease_or_health_state,Host_Disease_SD / Host_Health_State_SD,,,needs_review,Disease or health-state signal; preserve independent material and site evidence.,unreviewed,,,,"Batch 7 - disease and health state. Current mode routing method: standardizer. This value comes from Isolation_Source_SD in the QA aggregate, not directly from the raw metadata field; inspect contributing raw variants before deciding."
Guttural pouch lavage,11,Guttural pouch lavage,,sample_type,route_to_sample_type,Sample_Type_SD,,,needs_review,Sample-material signal; preserve source context only when independently supported.,unreviewed,,,,"Batch 2 - sample materials. Current mode routing method: standardizer. This value comes from Isolation_Source_SD in the QA aggregate, not directly from the raw metadata field; inspect contributing raw variants before deciding."
Hip Tissue,11,Hip Tissue,tissue,sample_type,route_to_sample_type,Sample_Type_SD,,,needs_review,Sample-material signal; preserve source context only when independently supported.,unreviewed,,,,"Batch 2 - sample materials. Current mode routing method: standardizer. This value comes from Isolation_Source_SD in the QA aggregate, not directly from the raw metadata field; inspect contributing raw variants before deciding."
"Tissue, Ankle",11,"Tissue, Ankle",tissue,sample_type,route_to_sample_type,Sample_Type_SD,,,needs_review,Sample-material signal; preserve source context only when independently supported.,unreviewed,,,,"Batch 2 - sample materials. Current mode routing method: standardizer. This value comes from Isolation_Source_SD in the QA aggregate, not directly from the raw metadata field; inspect contributing raw variants before deciding."
"Tissue, Finger",11,"Tissue, Finger",tissue,sample_type,route_to_sample_type,Sample_Type_SD,,,needs_review,Sample-material signal; preserve source context only when independently supported.,unreviewed,,,,"Batch 2 - sample materials. Current mode routing method: standardizer. This value comes from Isolation_Source_SD in the QA aggregate, not directly from the raw metadata field; inspect contributing raw variants before deciding."
"Tissue, Hand",11,"Tissue, Hand",tissue,sample_type,route_to_sample_type,Sample_Type_SD,,,needs_review,Sample-material signal; preserve source context only when independently supported.,unreviewed,,,,"Batch 2 - sample materials. Current mode routing method: standardizer. This value comes from Isolation_Source_SD in the QA aggregate, not directly from the raw metadata field; inspect contributing raw variants before deciding."
Anholt2,10,Anholt2,,raw_code_or_artifact,route_to_non_source_descriptor,suppressed/non_source_descriptor,,,needs_review,Descriptor-like signal; verify raw variants before adding a suppression rule.,unreviewed,,,,"Batch 1 - metadata descriptors. Current mode routing method: standardizer. This value comes from Isolation_Source_SD in the QA aggregate, not directly from the raw metadata field; inspect contributing raw variants before deciding."
Balb/C mouse gall bladder,10,Balb/C mouse gall bladder,,body_site|host_taxon_or_context,route_to_isolation_site,Isolation_Site_SD,,,needs_review,Anatomical-site signal; split material and site when both are present.,unreviewed,,,,"Batch 3 - anatomical sites. Current mode routing method: standardizer. This value comes from Isolation_Source_SD in the QA aggregate, not directly from the raw metadata field; inspect contributing raw variants before deciding."
Bronchalveolar Lavage,10,Bronchalveolar Lavage,,sample_type,route_to_sample_type,Sample_Type_SD,,,needs_review,Sample-material signal; preserve source context only when independently supported.,unreviewed,,,,"Batch 2 - sample materials. Current mode routing method: standardizer. This value comes from Isolation_Source_SD in the QA aggregate, not directly from the raw metadata field; inspect contributing raw variants before deciding."
LPD bulk tissue,10,LPD bulk tissue,tissue,sample_type,route_to_sample_type,Sample_Type_SD,,,needs_review,Sample-material signal; preserve source context only when independently supported.,unreviewed,,,,"Batch 2 - sample materials. Current mode routing method: standardizer. This value comes from Isolation_Source_SD in the QA aggregate, not directly from the raw metadata field; inspect contributing raw variants before deciding."
Rat,10,Rat,,host_taxon_or_context,route_to_host_context,Host_Context_SD / host-associated context,,,needs_review,Host-only signal requires raw context before source or host routing.,unreviewed,,,,"Batch 6 - host context. Current mode routing method: standardizer. This value comes from Isolation_Source_SD in the QA aggregate, not directly from the raw metadata field; inspect contributing raw variants before deciding."
sterile tissue,10,sterile tissue,tissue,sample_type,route_to_sample_type,Sample_Type_SD,,,needs_review,Sample-material signal; preserve source context only when independently supported.,unreviewed,,,,"Batch 2 - sample materials. Current mode routing method: standardizer. This value comes from Isolation_Source_SD in the QA aggregate, not directly from the raw metadata field; inspect contributing raw variants before deciding."
"Tissue, Elbow",10,"Tissue, Elbow",tissue,sample_type,route_to_sample_type,Sample_Type_SD,,,needs_review,Sample-material signal; preserve source context only when independently supported.,unreviewed,,,,"Batch 2 - sample materials. Current mode routing method: standardizer. This value comes from Isolation_Source_SD in the QA aggregate, not directly from the raw metadata field; inspect contributing raw variants before deciding."
"Tissue, Knee",10,"Tissue, Knee",tissue,sample_type,route_to_sample_type,Sample_Type_SD,,,needs_review,Sample-material signal; preserve source context only when independently supported.,unreviewed,,,,"Batch 2 - sample materials. Current mode routing method: standardizer. This value comes from Isolation_Source_SD in the QA aggregate, not directly from the raw metadata field; inspect contributing raw variants before deciding."
Whole tissue homogenate,10,Whole tissue homogenate,tissue,sample_type,route_to_sample_type,Sample_Type_SD,,,needs_review,Sample-material signal; preserve source context only when independently supported.,unreviewed,,,,"Batch 2 - sample materials. Current mode routing method: standardizer. This value comes from Isolation_Source_SD in the QA aggregate, not directly from the raw metadata field; inspect contributing raw variants before deciding."
animal-associated,9,animal-associated,,host_taxon_or_context,route_to_host_context,Host_Context_SD / host-associated context,,,needs_review,Host-only signal requires raw context before source or host routing.,unreviewed,,,,"Batch 6 - host context. Current mode routing method: standardizer. This value comes from Isolation_Source_SD in the QA aggregate, not directly from the raw metadata field; inspect contributing raw variants before deciding."
bacteriome tissue,9,bacteriome tissue,tissue,sample_type,route_to_sample_type,Sample_Type_SD,,,needs_review,Sample-material signal; preserve source context only when independently supported.,unreviewed,,,,"Batch 2 - sample materials. Current mode routing method: standardizer. This value comes from Isolation_Source_SD in the QA aggregate, not directly from the raw metadata field; inspect contributing raw variants before deciding."
Bornholm3,9,Bornholm3,,raw_code_or_artifact,route_to_non_source_descriptor,suppressed/non_source_descriptor,,,needs_review,Descriptor-like signal; verify raw variants before adding a suppression rule.,unreviewed,,,,"Batch 1 - metadata descriptors. Current mode routing method: standardizer. This value comes from Isolation_Source_SD in the QA aggregate, not directly from the raw metadata field; inspect contributing raw variants before deciding."
cloacal sample,9,cloacal sample,cloacal sample,sample_type|metadata_descriptor,route_to_non_source_descriptor,suppressed/non_source_descriptor,,,needs_review,Descriptor-like signal; verify raw variants before adding a suppression rule.,unreviewed,,,,"Batch 1 - metadata descriptors. Current mode routing method: dictionary. This value comes from Isolation_Source_SD in the QA aggregate, not directly from the raw metadata field; inspect contributing raw variants before deciding."
colorectal cancer tissue,9,colorectal cancer tissue,tissue,sample_type|disease,route_to_disease_or_health_state,Host_Disease_SD / Host_Health_State_SD,,,needs_review,Disease or health-state signal; preserve independent material and site evidence.,unreviewed,,,,"Batch 7 - disease and health state. Current mode routing method: standardizer. This value comes from Isolation_Source_SD in the QA aggregate, not directly from the raw metadata field; inspect contributing raw variants before deciding."
left ventricle apex tissue,9,left ventricle apex tissue,tissue,sample_type,route_to_sample_type,Sample_Type_SD,,,needs_review,Sample-material signal; preserve source context only when independently supported.,unreviewed,,,,"Batch 2 - sample materials. Current mode routing method: standardizer. This value comes from Isolation_Source_SD in the QA aggregate, not directly from the raw metadata field; inspect contributing raw variants before deciding."
Pooled tissue,9,Pooled tissue,tissue,sample_type,route_to_sample_type,Sample_Type_SD,,,needs_review,Sample-material signal; preserve source context only when independently supported.,unreviewed,,,,"Batch 2 - sample materials. Current mode routing method: standardizer. This value comes from Isolation_Source_SD in the QA aggregate, not directly from the raw metadata field; inspect contributing raw variants before deciding."
retail raw cream cow,9,retail raw cream cow,,host_taxon_or_context,route_to_host_context,Host_Context_SD / host-associated context,,,needs_review,Host-only signal requires raw context before source or host routing.,unreviewed,,,,"Batch 6 - host context. Current mode routing method: standardizer. This value comes from Isolation_Source_SD in the QA aggregate, not directly from the raw metadata field; inspect contributing raw variants before deciding."
Tissue specimen,9,Tissue specimen,tissue,sample_type,route_to_sample_type,Sample_Type_SD,,,needs_review,Sample-material signal; preserve source context only when independently supported.,unreviewed,,,,"Batch 2 - sample materials. Current mode routing method: standardizer. This value comes from Isolation_Source_SD in the QA aggregate, not directly from the raw metadata field; inspect contributing raw variants before deciding."
"Tissue, Thigh",9,"Tissue, Thigh",tissue,sample_type,route_to_sample_type,Sample_Type_SD,,,needs_review,Sample-material signal; preserve source context only when independently supported.,unreviewed,,,,"Batch 2 - sample materials. Current mode routing method: standardizer. This value comes from Isolation_Source_SD in the QA aggregate, not directly from the raw metadata field; inspect contributing raw variants before deciding."
computer keyboard/mouse,8,computer keyboard/mouse,,host_taxon_or_context,route_to_host_context,Host_Context_SD / host-associated context,,,needs_review,Host-only signal requires raw context before source or host routing.,unreviewed,,,,"Batch 6 - host context. Current mode routing method: standardizer. This value comes from Isolation_Source_SD in the QA aggregate, not directly from the raw metadata field; inspect contributing raw variants before deciding."
Dyre1,8,Dyre1,,raw_code_or_artifact,route_to_non_source_descriptor,suppressed/non_source_descriptor,,,needs_review,Descriptor-like signal; verify raw variants before adding a suppression rule.,unreviewed,,,,"Batch 1 - metadata descriptors. Current mode routing method: standardizer. This value comes from Isolation_Source_SD in the QA aggregate, not directly from the raw metadata field; inspect contributing raw variants before deciding."
frozen feeder mouse,8,frozen feeder mouse,,host_taxon_or_context,route_to_host_context,Host_Context_SD / host-associated context,,,needs_review,Host-only signal requires raw context before source or host routing.,unreviewed,,,,"Batch 6 - host context. Current mode routing method: standardizer. This value comes from Isolation_Source_SD in the QA aggregate, not directly from the raw metadata field; inspect contributing raw variants before deciding."
guineaPig7,8,guineaPig7,,raw_code_or_artifact,route_to_non_source_descriptor,suppressed/non_source_descriptor,,,needs_review,Descriptor-like signal; verify raw variants before adding a suppression rule.,unreviewed,,,,"Batch 1 - metadata descriptors. Current mode routing method: standardizer. This value comes from Isolation_Source_SD in the QA aggregate, not directly from the raw metadata field; inspect contributing raw variants before deciding."
Infected pancreatic necrosis,8,Infected pancreatic necrosis,,disease,route_to_disease_or_health_state,Host_Disease_SD / Host_Health_State_SD,,,needs_review,Disease or health-state signal; preserve independent material and site evidence.,unreviewed,,,,"Batch 7 - disease and health state. Current mode routing method: standardizer. This value comes from Isolation_Source_SD in the QA aggregate, not directly from the raw metadata field; inspect contributing raw variants before deciding."
K562,8,K562,,raw_code_or_artifact,route_to_non_source_descriptor,suppressed/non_source_descriptor,,,needs_review,Descriptor-like signal; verify raw variants before adding a suppression rule.,unreviewed,,,,"Batch 1 - metadata descriptors. Current mode routing method: standardizer. This value comes from Isolation_Source_SD in the QA aggregate, not directly from the raw metadata field; inspect contributing raw variants before deciding."
Nasobronchial lavage,8,Nasobronchial lavage,,sample_type,route_to_sample_type,Sample_Type_SD,,,needs_review,Sample-material signal; preserve source context only when independently supported.,unreviewed,,,,"Batch 2 - sample materials. Current mode routing method: standardizer. This value comes from Isolation_Source_SD in the QA aggregate, not directly from the raw metadata field; inspect contributing raw variants before deciding."
Tissue pool,8,Tissue pool,tissue,sample_type,route_to_sample_type,Sample_Type_SD,,,needs_review,Sample-material signal; preserve source context only when independently supported.,unreviewed,,,,"Batch 2 - sample materials. Current mode routing method: standardizer. This value comes from Isolation_Source_SD in the QA aggregate, not directly from the raw metadata field; inspect contributing raw variants before deciding."
"Tissue, Arm",8,"Tissue, Arm",tissue,sample_type,route_to_sample_type,Sample_Type_SD,,,needs_review,Sample-material signal; preserve source context only when independently supported.,unreviewed,,,,"Batch 2 - sample materials. Current mode routing method: standardizer. This value comes from Isolation_Source_SD in the QA aggregate, not directly from the raw metadata field; inspect contributing raw variants before deciding."
booties (outside chicken tractor),7,booties (outside chicken tractor),,host_taxon_or_context,route_to_food_source,Isolation_Source_SD / food context,,,needs_review,Food or commodity context requires phrase-level review; animal terms alone are insufficient.,unreviewed,,,,"Batch 5 - food and commodity context. Current mode routing method: standardizer. This value comes from Isolation_Source_SD in the QA aggregate, not directly from the raw metadata field; inspect contributing raw variants before deciding."
broncoalveolar lavage,7,broncoalveolar lavage,,sample_type,route_to_sample_type,Sample_Type_SD,,,needs_review,Sample-material signal; preserve source context only when independently supported.,unreviewed,,,,"Batch 2 - sample materials. Current mode routing method: standardizer. This value comes from Isolation_Source_SD in the QA aggregate, not directly from the raw metadata field; inspect contributing raw variants before deciding."
ENVO_00000115,7,ENVO_00000115,,raw_code_or_artifact,route_to_non_source_descriptor,suppressed/non_source_descriptor,,,needs_review,Descriptor-like signal; verify raw variants before adding a suppression rule.,unreviewed,,,,"Batch 1 - metadata descriptors. Current mode routing method: standardizer. This value comes from Isolation_Source_SD in the QA aggregate, not directly from the raw metadata field; inspect contributing raw variants before deciding."
Gastric Tissue (Unspecified),7,Gastric Tissue (Unspecified),tissue,sample_type,route_to_sample_type,Sample_Type_SD,,,needs_review,Sample-material signal; preserve source context only when independently supported.,unreviewed,,,,"Batch 2 - sample materials. Current mode routing method: standardizer. This value comes from Isolation_Source_SD in the QA aggregate, not directly from the raw metadata field; inspect contributing raw variants before deciding."
HEK293,7,HEK293,,raw_code_or_artifact,route_to_non_source_descriptor,suppressed/non_source_descriptor,,,needs_review,Descriptor-like signal; verify raw variants before adding a suppression rule.,unreviewed,,,,"Batch 1 - metadata descriptors. Current mode routing method: standardizer. This value comes from Isolation_Source_SD in the QA aggregate, not directly from the raw metadata field; inspect contributing raw variants before deciding."
keyboard/mouse,7,keyboard/mouse,,host_taxon_or_context,route_to_host_context,Host_Context_SD / host-associated context,,,needs_review,Host-only signal requires raw context before source or host routing.,unreviewed,,,,"Batch 6 - host context. Current mode routing method: standardizer. This value comes from Isolation_Source_SD in the QA aggregate, not directly from the raw metadata field; inspect contributing raw variants before deciding."
oropharyngeal/throat swab,7,oropharyngeal/throat swab,swab,body_site|sample_type,route_to_sample_type,Sample_Type_SD,,,needs_review,Sample-material signal; preserve source context only when independently supported.,unreviewed,,,,"Batch 2 - sample materials. Current mode routing method: dictionary. This value comes from Isolation_Source_SD in the QA aggregate, not directly from the raw metadata field; inspect contributing raw variants before deciding."
Room_1_C_Organism_2,7,Room_1_C_Organism_2,,raw_code_or_artifact,route_to_non_source_descriptor,suppressed/non_source_descriptor,,,needs_review,Descriptor-like signal; verify raw variants before adding a suppression rule.,unreviewed,,,,"Batch 1 - metadata descriptors. Current mode routing method: standardizer. This value comes from Isolation_Source_SD in the QA aggregate, not directly from the raw metadata field; inspect contributing raw variants before deciding."
Tissue ulcer,7,Tissue ulcer,tissue,sample_type,route_to_sample_type,Sample_Type_SD,,,needs_review,Sample-material signal; preserve source context only when independently supported.,unreviewed,,,,"Batch 2 - sample materials. Current mode routing method: standardizer. This value comes from Isolation_Source_SD in the QA aggregate, not directly from the raw metadata field; inspect contributing raw variants before deciding."
"Tissue, Forearm",7,"Tissue, Forearm",tissue,sample_type,route_to_sample_type,Sample_Type_SD,,,needs_review,Sample-material signal; preserve source context only when independently supported.,unreviewed,,,,"Batch 2 - sample materials. Current mode routing method: standardizer. This value comes from Isolation_Source_SD in the QA aggregate, not directly from the raw metadata field; inspect contributing raw variants before deciding."
"ward, keyboard mouse",7,"ward, keyboard mouse",,host_taxon_or_context,route_to_host_context,Host_Context_SD / host-associated context,,,needs_review,Host-only signal requires raw context before source or host routing.,unreviewed,,,,"Batch 6 - host context. Current mode routing method: standardizer. This value comes from Isolation_Source_SD in the QA aggregate, not directly from the raw metadata field; inspect contributing raw variants before deciding."
young gall tissue,7,young gall tissue,tissue,sample_type,route_to_sample_type,Sample_Type_SD,,,needs_review,Sample-material signal; preserve source context only when independently supported.,unreviewed,,,,"Batch 2 - sample materials. Current mode routing method: standardizer. This value comes from Isolation_Source_SD in the QA aggregate, not directly from the raw metadata field; inspect contributing raw variants before deciding."
anastomotic tissue,6,anastomotic tissue,tissue,sample_type,route_to_sample_type,Sample_Type_SD,,,needs_review,Sample-material signal; preserve source context only when independently supported.,unreviewed,,,,"Batch 2 - sample materials. Current mode routing method: standardizer. This value comes from Isolation_Source_SD in the QA aggregate, not directly from the raw metadata field; inspect contributing raw variants before deciding."
Animal Feed,6,Animal Feed,,host_taxon_or_context,route_to_host_context,Host_Context_SD / host-associated context,,,needs_review,Host-only signal requires raw context before source or host routing.,unreviewed,,,,"Batch 6 - host context. Current mode routing method: standardizer. This value comes from Isolation_Source_SD in the QA aggregate, not directly from the raw metadata field; inspect contributing raw variants before deciding."
Animal-Calf,6,Animal-Calf,,host_taxon_or_context,route_to_host_context,Host_Context_SD / host-associated context,,,needs_review,Host-only signal requires raw context before source or host routing.,unreviewed,,,,"Batch 6 - host context. Current mode routing method: standardizer. This value comes from Isolation_Source_SD in the QA aggregate, not directly from the raw metadata field; inspect contributing raw variants before deciding."
Bladder tumor,6,Bladder tumor,,body_site,route_to_isolation_site,Isolation_Site_SD,,,needs_review,Anatomical-site signal; split material and site when both are present.,unreviewed,,,,"Batch 3 - anatomical sites. Current mode routing method: standardizer. This value comes from Isolation_Source_SD in the QA aggregate, not directly from the raw metadata field; inspect contributing raw variants before deciding."
Bornholm1,6,Bornholm1,,raw_code_or_artifact,route_to_non_source_descriptor,suppressed/non_source_descriptor,,,needs_review,Descriptor-like signal; verify raw variants before adding a suppression rule.,unreviewed,,,,"Batch 1 - metadata descriptors. Current mode routing method: standardizer. This value comes from Isolation_Source_SD in the QA aggregate, not directly from the raw metadata field; inspect contributing raw variants before deciding."
Bornholm2,6,Bornholm2,,raw_code_or_artifact,route_to_non_source_descriptor,suppressed/non_source_descriptor,,,needs_review,Descriptor-like signal; verify raw variants before adding a suppression rule.,unreviewed,,,,"Batch 1 - metadata descriptors. Current mode routing method: standardizer. This value comes from Isolation_Source_SD in the QA aggregate, not directly from the raw metadata field; inspect contributing raw variants before deciding."
Broncheoalveolar lavage,6,Broncheoalveolar lavage,,sample_type,route_to_sample_type,Sample_Type_SD,,,needs_review,Sample-material signal; preserve source context only when independently supported.,unreviewed,,,,"Batch 2 - sample materials. Current mode routing method: standardizer. This value comes from Isolation_Source_SD in the QA aggregate, not directly from the raw metadata field; inspect contributing raw variants before deciding."
Cutaneous tissue,6,Cutaneous tissue,tissue,sample_type,route_to_sample_type,Sample_Type_SD,,,needs_review,Sample-material signal; preserve source context only when independently supported.,unreviewed,,,,"Batch 2 - sample materials. Current mode routing method: standardizer. This value comes from Isolation_Source_SD in the QA aggregate, not directly from the raw metadata field; inspect contributing raw variants before deciding."
Dog treat,6,Dog treat,,host_taxon_or_context,route_to_host_context,Host_Context_SD / host-associated context,,,needs_review,Host-only signal requires raw context before source or host routing.,unreviewed,,,,"Batch 6 - host context. Current mode routing method: standardizer. This value comes from Isolation_Source_SD in the QA aggregate, not directly from the raw metadata field; inspect contributing raw variants before deciding."
final product sale animal origin,6,final product sale animal origin,,host_taxon_or_context,route_to_host_context,Host_Context_SD / host-associated context,,,needs_review,Host-only signal requires raw context before source or host routing.,unreviewed,,,,"Batch 6 - host context. Current mode routing method: standardizer. This value comes from Isolation_Source_SD in the QA aggregate, not directly from the raw metadata field; inspect contributing raw variants before deciding."
gastric cancer cells,6,gastric cancer cells,,disease,route_to_disease_or_health_state,Host_Disease_SD / Host_Health_State_SD,,,needs_review,Disease or health-state signal; preserve independent material and site evidence.,unreviewed,,,,"Batch 7 - disease and health state. Current mode routing method: standardizer. This value comes from Isolation_Source_SD in the QA aggregate, not directly from the raw metadata field; inspect contributing raw variants before deciding."
guineaPig1,6,guineaPig1,,raw_code_or_artifact,route_to_non_source_descriptor,suppressed/non_source_descriptor,,,needs_review,Descriptor-like signal; verify raw variants before adding a suppression rule.,unreviewed,,,,"Batch 1 - metadata descriptors. Current mode routing method: standardizer. This value comes from Isolation_Source_SD in the QA aggregate, not directly from the raw metadata field; inspect contributing raw variants before deciding."
guineaPig6,6,guineaPig6,,raw_code_or_artifact,route_to_non_source_descriptor,suppressed/non_source_descriptor,,,needs_review,Descriptor-like signal; verify raw variants before adding a suppression rule.,unreviewed,,,,"Batch 1 - metadata descriptors. Current mode routing method: standardizer. This value comes from Isolation_Source_SD in the QA aggregate, not directly from the raw metadata field; inspect contributing raw variants before deciding."
Host Tissue,6,Host Tissue,tissue,sample_type,route_to_sample_type,Sample_Type_SD,,,needs_review,Sample-material signal; preserve source context only when independently supported.,unreviewed,,,,"Batch 2 - sample materials. Current mode routing method: standardizer. This value comes from Isolation_Source_SD in the QA aggregate, not directly from the raw metadata field; inspect contributing raw variants before deciding."
Human melanoma cell line,6,Human melanoma cell line,host-associated context,host_taxon_or_context,route_to_host_context,Host_Context_SD / host-associated context,,,needs_review,Host-only signal requires raw context before source or host routing.,unreviewed,,,,"Batch 6 - host context. Current mode routing method: standardizer. This value comes from Isolation_Source_SD in the QA aggregate, not directly from the raw metadata field; inspect contributing raw variants before deciding."
"K562 cells, mouse embryonic fibroblasts",6,"K562 cells, mouse embryonic fibroblasts",,host_taxon_or_context,route_to_host_context,Host_Context_SD / host-associated context,,,needs_review,Host-only signal requires raw context before source or host routing.,unreviewed,,,,"Batch 6 - host context. Current mode routing method: standardizer. This value comes from Isolation_Source_SD in the QA aggregate, not directly from the raw metadata field; inspect contributing raw variants before deciding."
mouse deer,6,mouse deer,,host_taxon_or_context,route_to_host_context,Host_Context_SD / host-associated context,,,needs_review,Host-only signal requires raw context before source or host routing.,unreviewed,,,,"Batch 6 - host context. Current mode routing method: standardizer. This value comes from Isolation_Source_SD in the QA aggregate, not directly from the raw metadata field; inspect contributing raw variants before deciding."
Mouse frontal cortex,6,Mouse frontal cortex,clinical/host-associated material,host_taxon_or_context,route_to_host_context,Host_Context_SD / host-associated context,,,needs_review,Host-only signal requires raw context before source or host routing.,unreviewed,,,,"Batch 6 - host context. Current mode routing method: standardizer. This value comes from Isolation_Source_SD in the QA aggregate, not directly from the raw metadata field; inspect contributing raw variants before deciding."
Room_4_E_Organism_2,6,Room_4_E_Organism_2,,raw_code_or_artifact,route_to_non_source_descriptor,suppressed/non_source_descriptor,,,needs_review,Descriptor-like signal; verify raw variants before adding a suppression rule.,unreviewed,,,,"Batch 1 - metadata descriptors. Current mode routing method: standardizer. This value comes from Isolation_Source_SD in the QA aggregate, not directly from the raw metadata field; inspect contributing raw variants before deciding."
Room_5_E_Organism_1,6,Room_5_E_Organism_1,,raw_code_or_artifact,route_to_non_source_descriptor,suppressed/non_source_descriptor,,,needs_review,Descriptor-like signal; verify raw variants before adding a suppression rule.,unreviewed,,,,"Batch 1 - metadata descriptors. Current mode routing method: standardizer. This value comes from Isolation_Source_SD in the QA aggregate, not directly from the raw metadata field; inspect contributing raw variants before deciding."
U2932,6,U2932,,raw_code_or_artifact,route_to_non_source_descriptor,suppressed/non_source_descriptor,,,needs_review,Descriptor-like signal; verify raw variants before adding a suppression rule.,unreviewed,,,,"Batch 1 - metadata descriptors. Current mode routing method: standardizer. This value comes from Isolation_Source_SD in the QA aggregate, not directly from the raw metadata field; inspect contributing raw variants before deciding."
Ventilator_P26_BU28,6,Ventilator_P26_BU28,,raw_code_or_artifact,route_to_non_source_descriptor,suppressed/non_source_descriptor,,,needs_review,Descriptor-like signal; verify raw variants before adding a suppression rule.,unreviewed,,,,"Batch 1 - metadata descriptors. Current mode routing method: standardizer. This value comes from Isolation_Source_SD in the QA aggregate, not directly from the raw metadata field; inspect contributing raw variants before deciding."
Ventilator_P2_BU1,6,Ventilator_P2_BU1,,raw_code_or_artifact,route_to_non_source_descriptor,suppressed/non_source_descriptor,,,needs_review,Descriptor-like signal; verify raw variants before adding a suppression rule.,unreviewed,,,,"Batch 1 - metadata descriptors. Current mode routing method: standardizer. This value comes from Isolation_Source_SD in the QA aggregate, not directly from the raw metadata field; inspect contributing raw variants before deciding."
Anholt10,5,Anholt10,,raw_code_or_artifact,route_to_non_source_descriptor,suppressed/non_source_descriptor,,,needs_review,Descriptor-like signal; verify raw variants before adding a suppression rule.,unreviewed,,,,"Batch 1 - metadata descriptors. Current mode routing method: standardizer. This value comes from Isolation_Source_SD in the QA aggregate, not directly from the raw metadata field; inspect contributing raw variants before deciding."
Bladder Stone,5,Bladder Stone,,body_site,route_to_isolation_site,Isolation_Site_SD,,,needs_review,Anatomical-site signal; split material and site when both are present.,unreviewed,,,,"Batch 3 - anatomical sites. Current mode routing method: standardizer. This value comes from Isolation_Source_SD in the QA aggregate, not directly from the raw metadata field; inspect contributing raw variants before deciding."
brochoalveolar lavage,5,brochoalveolar lavage,,sample_type,route_to_sample_type,Sample_Type_SD,,,needs_review,Sample-material signal; preserve source context only when independently supported.,unreviewed,,,,"Batch 2 - sample materials. Current mode routing method: standardizer. This value comes from Isolation_Source_SD in the QA aggregate, not directly from the raw metadata field; inspect contributing raw variants before deciding."
Bronco-Alveolar Lavage,5,Bronco-Alveolar Lavage,,sample_type,route_to_sample_type,Sample_Type_SD,,,needs_review,Sample-material signal; preserve source context only when independently supported.,unreviewed,,,,"Batch 2 - sample materials. Current mode routing method: standardizer. This value comes from Isolation_Source_SD in the QA aggregate, not directly from the raw metadata field; inspect contributing raw variants before deciding."
cloacal swab,5,cloacal swab,swab,sample_type,route_to_sample_type,Sample_Type_SD,,,needs_review,Sample-material signal; preserve source context only when independently supported.,unreviewed,,,,"Batch 2 - sample materials. Current mode routing method: dictionary. This value comes from Isolation_Source_SD in the QA aggregate, not directly from the raw metadata field; inspect contributing raw variants before deciding."
Domestic dog,5,Domestic dog,,host_taxon_or_context,route_to_host_context,Host_Context_SD / host-associated context,,,needs_review,Host-only signal requires raw context before source or host routing.,unreviewed,,,,"Batch 6 - host context. Current mode routing method: standardizer. This value comes from Isolation_Source_SD in the QA aggregate, not directly from the raw metadata field; inspect contributing raw variants before deciding."
gastric lavage,5,gastric lavage,,sample_type,route_to_sample_type,Sample_Type_SD,,,needs_review,Sample-material signal; preserve source context only when independently supported.,unreviewed,,,,"Batch 2 - sample materials. Current mode routing method: standardizer. This value comes from Isolation_Source_SD in the QA aggregate, not directly from the raw metadata field; inspect contributing raw variants before deciding."
huh7,5,huh7,,raw_code_or_artifact,route_to_non_source_descriptor,suppressed/non_source_descriptor,,,needs_review,Descriptor-like signal; verify raw variants before adding a suppression rule.,unreviewed,,,,"Batch 1 - metadata descriptors. Current mode routing method: standardizer. This value comes from Isolation_Source_SD in the QA aggregate, not directly from the raw metadata field; inspect contributing raw variants before deciding."
MDA-MB-231-1833,5,MDA-MB-231-1833,,raw_code_or_artifact,route_to_non_source_descriptor,suppressed/non_source_descriptor,,,needs_review,Descriptor-like signal; verify raw variants before adding a suppression rule.,unreviewed,,,,"Batch 1 - metadata descriptors. Current mode routing method: standardizer. This value comes from Isolation_Source_SD in the QA aggregate, not directly from the raw metadata field; inspect contributing raw variants before deciding."
MDA-MB-231p27CK-DD,5,MDA-MB-231p27CK-DD,,raw_code_or_artifact,route_to_non_source_descriptor,suppressed/non_source_descriptor,,,needs_review,Descriptor-like signal; verify raw variants before adding a suppression rule.,unreviewed,,,,"Batch 1 - metadata descriptors. Current mode routing method: standardizer. This value comes from Isolation_Source_SD in the QA aggregate, not directly from the raw metadata field; inspect contributing raw variants before deciding."
mouse mature T-cells,5,mouse mature T-cells,,host_taxon_or_context,route_to_host_context,Host_Context_SD / host-associated context,,,needs_review,Host-only signal requires raw context before source or host routing.,unreviewed,,,,"Batch 6 - host context. Current mode routing method: standardizer. This value comes from Isolation_Source_SD in the QA aggregate, not directly from the raw metadata field; inspect contributing raw variants before deciding."
PO_0009046,5,PO_0009046,,raw_code_or_artifact,route_to_non_source_descriptor,suppressed/non_source_descriptor,,,needs_review,Descriptor-like signal; verify raw variants before adding a suppression rule.,unreviewed,,,,"Batch 1 - metadata descriptors. Current mode routing method: standardizer. This value comes from Isolation_Source_SD in the QA aggregate, not directly from the raw metadata field; inspect contributing raw variants before deciding."
raw pig,5,raw pig,host-associated context,host_taxon_or_context,route_to_host_context,Host_Context_SD / host-associated context,,,needs_review,Host-only signal requires raw context before source or host routing.,unreviewed,,,,"Batch 6 - host context. Current mode routing method: standardizer. This value comes from Isolation_Source_SD in the QA aggregate, not directly from the raw metadata field; inspect contributing raw variants before deciding."
Room_4_C_Organism_2,5,Room_4_C_Organism_2,,raw_code_or_artifact,route_to_non_source_descriptor,suppressed/non_source_descriptor,,,needs_review,Descriptor-like signal; verify raw variants before adding a suppression rule.,unreviewed,,,,"Batch 1 - metadata descriptors. Current mode routing method: standardizer. This value comes from Isolation_Source_SD in the QA aggregate, not directly from the raw metadata field; inspect contributing raw variants before deciding."
Room_4_C_Organism_3,5,Room_4_C_Organism_3,,raw_code_or_artifact,route_to_non_source_descriptor,suppressed/non_source_descriptor,,,needs_review,Descriptor-like signal; verify raw variants before adding a suppression rule.,unreviewed,,,,"Batch 1 - metadata descriptors. Current mode routing method: standardizer. This value comes from Isolation_Source_SD in the QA aggregate, not directly from the raw metadata field; inspect contributing raw variants before deciding."
Room_5_E_Organism_2,5,Room_5_E_Organism_2,,raw_code_or_artifact,route_to_non_source_descriptor,suppressed/non_source_descriptor,,,needs_review,Descriptor-like signal; verify raw variants before adding a suppression rule.,unreviewed,,,,"Batch 1 - metadata descriptors. Current mode routing method: standardizer. This value comes from Isolation_Source_SD in the QA aggregate, not directly from the raw metadata field; inspect contributing raw variants before deciding."
sacral tissue,5,sacral tissue,tissue,sample_type,route_to_sample_type,Sample_Type_SD,,,needs_review,Sample-material signal; preserve source context only when independently supported.,unreviewed,,,,"Batch 2 - sample materials. Current mode routing method: standardizer. This value comes from Isolation_Source_SD in the QA aggregate, not directly from the raw metadata field; inspect contributing raw variants before deciding."
Ventilator_P91_BU9,5,Ventilator_P91_BU9,,raw_code_or_artifact,route_to_non_source_descriptor,suppressed/non_source_descriptor,,,needs_review,Descriptor-like signal; verify raw variants before adding a suppression rule.,unreviewed,,,,"Batch 1 - metadata descriptors. Current mode routing method: standardizer. This value comes from Isolation_Source_SD in the QA aggregate, not directly from the raw metadata field; inspect contributing raw variants before deciding."
Animal - Avian,4,Animal - Avian,,host_taxon_or_context,route_to_host_context,Host_Context_SD / host-associated context,,,needs_review,Host-only signal requires raw context before source or host routing.,unreviewed,,,,"Batch 6 - host context. Current mode routing method: standardizer. This value comes from Isolation_Source_SD in the QA aggregate, not directly from the raw metadata field; inspect contributing raw variants before deciding."
Animal Bedding,4,Animal Bedding,,host_taxon_or_context,route_to_host_context,Host_Context_SD / host-associated context,,,needs_review,Host-only signal requires raw context before source or host routing.,unreviewed,,,,"Batch 6 - host context. Current mode routing method: standardizer. This value comes from Isolation_Source_SD in the QA aggregate, not directly from the raw metadata field; inspect contributing raw variants before deciding."
animal feed feather meal,4,animal feed feather meal,,host_taxon_or_context,route_to_host_context,Host_Context_SD / host-associated context,,,needs_review,Host-only signal requires raw context before source or host routing.,unreviewed,,,,"Batch 6 - host context. Current mode routing method: standardizer. This value comes from Isolation_Source_SD in the QA aggregate, not directly from the raw metadata field; inspect contributing raw variants before deciding."
Bos taurus (Cow),4,Bos taurus (Cow),,host_taxon_or_context,route_to_host_context,Host_Context_SD / host-associated context,,,needs_review,Host-only signal requires raw context before source or host routing.,unreviewed,,,,"Batch 6 - host context. Current mode routing method: standardizer. This value comes from Isolation_Source_SD in the QA aggregate, not directly from the raw metadata field; inspect contributing raw variants before deciding."
bovine tissue,4,bovine tissue,tissue,sample_type,route_to_sample_type,Sample_Type_SD,,,needs_review,Sample-material signal; preserve source context only when independently supported.,unreviewed,,,,"Batch 2 - sample materials. Current mode routing method: standardizer. This value comes from Isolation_Source_SD in the QA aggregate, not directly from the raw metadata field; inspect contributing raw variants before deciding."
catfish Homogenized Tissue Dillution,4,catfish Homogenized Tissue Dillution,tissue,sample_type,route_to_sample_type,Sample_Type_SD,,,needs_review,Sample-material signal; preserve source context only when independently supported.,unreviewed,,,,"Batch 2 - sample materials. Current mode routing method: standardizer. This value comes from Isolation_Source_SD in the QA aggregate, not directly from the raw metadata field; inspect contributing raw variants before deciding."
curd_Producer_1,4,curd_Producer_1,,raw_code_or_artifact,route_to_non_source_descriptor,suppressed/non_source_descriptor,,,needs_review,Descriptor-like signal; verify raw variants before adding a suppression rule.,unreviewed,,,,"Batch 1 - metadata descriptors. Current mode routing method: standardizer. This value comes from Isolation_Source_SD in the QA aggregate, not directly from the raw metadata field; inspect contributing raw variants before deciding."
DyreVideo4,4,DyreVideo4,,raw_code_or_artifact,route_to_non_source_descriptor,suppressed/non_source_descriptor,,,needs_review,Descriptor-like signal; verify raw variants before adding a suppression rule.,unreviewed,,,,"Batch 1 - metadata descriptors. Current mode routing method: standardizer. This value comes from Isolation_Source_SD in the QA aggregate, not directly from the raw metadata field; inspect contributing raw variants before deciding."
ENVO_00000447,4,ENVO_00000447,,raw_code_or_artifact,route_to_non_source_descriptor,suppressed/non_source_descriptor,,,needs_review,Descriptor-like signal; verify raw variants before adding a suppression rule.,unreviewed,,,,"Batch 1 - metadata descriptors. Current mode routing method: standardizer. This value comes from Isolation_Source_SD in the QA aggregate, not directly from the raw metadata field; inspect contributing raw variants before deciding."
ENVO_01001055,4,ENVO_01001055,,raw_code_or_artifact,route_to_non_source_descriptor,suppressed/non_source_descriptor,,,needs_review,Descriptor-like signal; verify raw variants before adding a suppression rule.,unreviewed,,,,"Batch 1 - metadata descriptors. Current mode routing method: standardizer. This value comes from Isolation_Source_SD in the QA aggregate, not directly from the raw metadata field; inspect contributing raw variants before deciding."
EVB2,4,EVB2,,raw_code_or_artifact,route_to_non_source_descriptor,suppressed/non_source_descriptor,,,needs_review,Descriptor-like signal; verify raw variants before adding a suppression rule.,unreviewed,,,,"Batch 1 - metadata descriptors. Current mode routing method: standardizer. This value comes from Isolation_Source_SD in the QA aggregate, not directly from the raw metadata field; inspect contributing raw variants before deciding."
Gastric cancer,4,Gastric cancer,,disease,route_to_disease_or_health_state,Host_Disease_SD / Host_Health_State_SD,,,needs_review,Disease or health-state signal; preserve independent material and site evidence.,unreviewed,,,,"Batch 7 - disease and health state. Current mode routing method: standardizer. This value comes from Isolation_Source_SD in the QA aggregate, not directly from the raw metadata field; inspect contributing raw variants before deciding."
guineaPig8,4,guineaPig8,,raw_code_or_artifact,route_to_non_source_descriptor,suppressed/non_source_descriptor,,,needs_review,Descriptor-like signal; verify raw variants before adding a suppression rule.,unreviewed,,,,"Batch 1 - metadata descriptors. Current mode routing method: standardizer. This value comes from Isolation_Source_SD in the QA aggregate, not directly from the raw metadata field; inspect contributing raw variants before deciding."
interior clove tissue,4,interior clove tissue,tissue,sample_type,route_to_sample_type,Sample_Type_SD,,,needs_review,Sample-material signal; preserve source context only when independently supported.,unreviewed,,,,"Batch 2 - sample materials. Current mode routing method: standardizer. This value comes from Isolation_Source_SD in the QA aggregate, not directly from the raw metadata field; inspect contributing raw variants before deciding."
Knee Tissue,4,Knee Tissue,tissue,sample_type,route_to_sample_type,Sample_Type_SD,,,needs_review,Sample-material signal; preserve source context only when independently supported.,unreviewed,,,,"Batch 2 - sample materials. Current mode routing method: standardizer. This value comes from Isolation_Source_SD in the QA aggregate, not directly from the raw metadata field; inspect contributing raw variants before deciding."
MDA-MB-231,4,MDA-MB-231,,raw_code_or_artifact,route_to_non_source_descriptor,suppressed/non_source_descriptor,,,needs_review,Descriptor-like signal; verify raw variants before adding a suppression rule.,unreviewed,,,,"Batch 1 - metadata descriptors. Current mode routing method: standardizer. This value comes from Isolation_Source_SD in the QA aggregate, not directly from the raw metadata field; inspect contributing raw variants before deciding."
mouse jejunal,4,mouse jejunal,,host_taxon_or_context,route_to_host_context,Host_Context_SD / host-associated context,,,needs_review,Host-only signal requires raw context before source or host routing.,unreviewed,,,,"Batch 6 - host context. Current mode routing method: standardizer. This value comes from Isolation_Source_SD in the QA aggregate, not directly from the raw metadata field; inspect contributing raw variants before deciding."
patient2,4,patient2,,raw_code_or_artifact,route_to_non_source_descriptor,suppressed/non_source_descriptor,,,needs_review,Descriptor-like signal; verify raw variants before adding a suppression rule.,unreviewed,,,,"Batch 1 - metadata descriptors. Current mode routing method: standardizer. This value comes from Isolation_Source_SD in the QA aggregate, not directly from the raw metadata field; inspect contributing raw variants before deciding."
Pulmonary tissue,4,Pulmonary tissue,tissue,sample_type,route_to_sample_type,Sample_Type_SD,,,needs_review,Sample-material signal; preserve source context only when independently supported.,unreviewed,,,,"Batch 2 - sample materials. Current mode routing method: standardizer. This value comes from Isolation_Source_SD in the QA aggregate, not directly from the raw metadata field; inspect contributing raw variants before deciding."
rawhide dog chew,4,rawhide dog chew,,host_taxon_or_context,route_to_host_context,Host_Context_SD / host-associated context,,,needs_review,Host-only signal requires raw context before source or host routing.,unreviewed,,,,"Batch 6 - host context. Current mode routing method: standardizer. This value comes from Isolation_Source_SD in the QA aggregate, not directly from the raw metadata field; inspect contributing raw variants before deciding."
Room_2_C_Organism_1,4,Room_2_C_Organism_1,,raw_code_or_artifact,route_to_non_source_descriptor,suppressed/non_source_descriptor,,,needs_review,Descriptor-like signal; verify raw variants before adding a suppression rule.,unreviewed,,,,"Batch 1 - metadata descriptors. Current mode routing method: standardizer. This value comes from Isolation_Source_SD in the QA aggregate, not directly from the raw metadata field; inspect contributing raw variants before deciding."
Room_3_C_Organism_3,4,Room_3_C_Organism_3,,raw_code_or_artifact,route_to_non_source_descriptor,suppressed/non_source_descriptor,,,needs_review,Descriptor-like signal; verify raw variants before adding a suppression rule.,unreviewed,,,,"Batch 1 - metadata descriptors. Current mode routing method: standardizer. This value comes from Isolation_Source_SD in the QA aggregate, not directly from the raw metadata field; inspect contributing raw variants before deciding."
Room_4_C_Organism_1,4,Room_4_C_Organism_1,,raw_code_or_artifact,route_to_non_source_descriptor,suppressed/non_source_descriptor,,,needs_review,Descriptor-like signal; verify raw variants before adding a suppression rule.,unreviewed,,,,"Batch 1 - metadata descriptors. Current mode routing method: standardizer. This value comes from Isolation_Source_SD in the QA aggregate, not directly from the raw metadata field; inspect contributing raw variants before deciding."
Room_4_E_Organism_3,4,Room_4_E_Organism_3,,raw_code_or_artifact,route_to_non_source_descriptor,suppressed/non_source_descriptor,,,needs_review,Descriptor-like signal; verify raw variants before adding a suppression rule.,unreviewed,,,,"Batch 1 - metadata descriptors. Current mode routing method: standardizer. This value comes from Isolation_Source_SD in the QA aggregate, not directly from the raw metadata field; inspect contributing raw variants before deciding."
Room_5_C_Organism_1,4,Room_5_C_Organism_1,,raw_code_or_artifact,route_to_non_source_descriptor,suppressed/non_source_descriptor,,,needs_review,Descriptor-like signal; verify raw variants before adding a suppression rule.,unreviewed,,,,"Batch 1 - metadata descriptors. Current mode routing method: standardizer. This value comes from Isolation_Source_SD in the QA aggregate, not directly from the raw metadata field; inspect contributing raw variants before deciding."
Tissue samples,4,Tissue samples,tissue,sample_type,route_to_sample_type,Sample_Type_SD,,,needs_review,Sample-material signal; preserve source context only when independently supported.,unreviewed,,,,"Batch 2 - sample materials. Current mode routing method: standardizer. This value comes from Isolation_Source_SD in the QA aggregate, not directly from the raw metadata field; inspect contributing raw variants before deciding."
"Tissue, Pleura",4,"Tissue, Pleura",tissue,sample_type,route_to_sample_type,Sample_Type_SD,,,needs_review,Sample-material signal; preserve source context only when independently supported.,unreviewed,,,,"Batch 2 - sample materials. Current mode routing method: standardizer. This value comes from Isolation_Source_SD in the QA aggregate, not directly from the raw metadata field; inspect contributing raw variants before deciding."
"Tissue, Toe",4,"Tissue, Toe",tissue,sample_type,route_to_sample_type,Sample_Type_SD,,,needs_review,Sample-material signal; preserve source context only when independently supported.,unreviewed,,,,"Batch 2 - sample materials. Current mode routing method: standardizer. This value comes from Isolation_Source_SD in the QA aggregate, not directly from the raw metadata field; inspect contributing raw variants before deciding."
"TSA (Difco, France) plates containing 5% inactivated newborn bovine serum",4,"TSA (Difco, France) plates containing 5% inactivated newborn bovine serum",,sample_type,route_to_sample_type,Sample_Type_SD,,,needs_review,Sample-material signal; preserve source context only when independently supported.,unreviewed,,,,"Batch 2 - sample materials. Current mode routing method: standardizer. This value comes from Isolation_Source_SD in the QA aggregate, not directly from the raw metadata field; inspect contributing raw variants before deciding."
Unspecified Organ/Tissue,4,Unspecified Organ/Tissue,tissue,sample_type,route_to_sample_type,Sample_Type_SD,,,needs_review,Sample-material signal; preserve source context only when independently supported.,unreviewed,,,,"Batch 2 - sample materials. Current mode routing method: standardizer. This value comes from Isolation_Source_SD in the QA aggregate, not directly from the raw metadata field; inspect contributing raw variants before deciding."
Whole wing tissue,4,Whole wing tissue,tissue,sample_type,route_to_sample_type,Sample_Type_SD,,,needs_review,Sample-material signal; preserve source context only when independently supported.,unreviewed,,,,"Batch 2 - sample materials. Current mode routing method: standardizer. This value comes from Isolation_Source_SD in the QA aggregate, not directly from the raw metadata field; inspect contributing raw variants before deciding."
abdominal tissue,3,abdominal tissue,tissue,sample_type,route_to_sample_type,Sample_Type_SD,,,needs_review,Sample-material signal; preserve source context only when independently supported.,unreviewed,,,,"Batch 2 - sample materials. Current mode routing method: standardizer. This value comes from Isolation_Source_SD in the QA aggregate, not directly from the raw metadata field; inspect contributing raw variants before deciding."
AHPND infected Litopenaeus vannamei,3,AHPND infected Litopenaeus vannamei,,disease,route_to_disease_or_health_state,Host_Disease_SD / Host_Health_State_SD,,,needs_review,Disease or health-state signal; preserve independent material and site evidence.,unreviewed,,,,"Batch 7 - disease and health state. Current mode routing method: standardizer. This value comes from Isolation_Source_SD in the QA aggregate, not directly from the raw metadata field; inspect contributing raw variants before deciding."
alpaca multiple tissue,3,alpaca multiple tissue,tissue,sample_type,route_to_sample_type,Sample_Type_SD,,,needs_review,Sample-material signal; preserve source context only when independently supported.,unreviewed,,,,"Batch 2 - sample materials. Current mode routing method: standardizer. This value comes from Isolation_Source_SD in the QA aggregate, not directly from the raw metadata field; inspect contributing raw variants before deciding."
Anholt16,3,Anholt16,,raw_code_or_artifact,route_to_non_source_descriptor,suppressed/non_source_descriptor,,,needs_review,Descriptor-like signal; verify raw variants before adding a suppression rule.,unreviewed,,,,"Batch 1 - metadata descriptors. Current mode routing method: standardizer. This value comes from Isolation_Source_SD in the QA aggregate, not directly from the raw metadata field; inspect contributing raw variants before deciding."
Anholt9,3,Anholt9,,raw_code_or_artifact,route_to_non_source_descriptor,suppressed/non_source_descriptor,,,needs_review,Descriptor-like signal; verify raw variants before adding a suppression rule.,unreviewed,,,,"Batch 1 - metadata descriptors. Current mode routing method: standardizer. This value comes from Isolation_Source_SD in the QA aggregate, not directly from the raw metadata field; inspect contributing raw variants before deciding."
animal associated,3,animal associated,,host_taxon_or_context,route_to_host_context,Host_Context_SD / host-associated context,,,needs_review,Host-only signal requires raw context before source or host routing.,unreviewed,,,,"Batch 6 - host context. Current mode routing method: standardizer. This value comes from Isolation_Source_SD in the QA aggregate, not directly from the raw metadata field; inspect contributing raw variants before deciding."
animal calf bob veal,3,animal calf bob veal,,host_taxon_or_context,route_to_host_context,Host_Context_SD / host-associated context,,,needs_review,Host-only signal requires raw context before source or host routing.,unreviewed,,,,"Batch 6 - host context. Current mode routing method: standardizer. This value comes from Isolation_Source_SD in the QA aggregate, not directly from the raw metadata field; inspect contributing raw variants before deciding."
animal feed distiller dry grain cake,3,animal feed distiller dry grain cake,,host_taxon_or_context,route_to_host_context,Host_Context_SD / host-associated context,,,needs_review,Host-only signal requires raw context before source or host routing.,unreviewed,,,,"Batch 6 - host context. Current mode routing method: standardizer. This value comes from Isolation_Source_SD in the QA aggregate, not directly from the raw metadata field; inspect contributing raw variants before deciding."
animal feed soybean meal,3,animal feed soybean meal,,host_taxon_or_context,route_to_host_context,Host_Context_SD / host-associated context,,,needs_review,Host-only signal requires raw context before source or host routing.,unreviewed,,,,"Batch 6 - host context. Current mode routing method: standardizer. This value comes from Isolation_Source_SD in the QA aggregate, not directly from the raw metadata field; inspect contributing raw variants before deciding."
animal feed wheat bran,3,animal feed wheat bran,,host_taxon_or_context,route_to_host_context,Host_Context_SD / host-associated context,,,needs_review,Host-only signal requires raw context before source or host routing.,unreviewed,,,,"Batch 6 - host context. Current mode routing method: standardizer. This value comes from Isolation_Source_SD in the QA aggregate, not directly from the raw metadata field; inspect contributing raw variants before deciding."
Animal Protein Products,3,Animal Protein Products,,host_taxon_or_context,route_to_host_context,Host_Context_SD / host-associated context,,,needs_review,Host-only signal requires raw context before source or host routing.,unreviewed,,,,"Batch 6 - host context. Current mode routing method: standardizer. This value comes from Isolation_Source_SD in the QA aggregate, not directly from the raw metadata field; inspect contributing raw variants before deciding."
animal tissue,3,animal tissue,tissue,sample_type|host_taxon_or_context,route_to_sample_type,Sample_Type_SD,,,needs_review,Sample-material signal; preserve source context only when independently supported.,unreviewed,,,,"Batch 2 - sample materials. Current mode routing method: standardizer. This value comes from Isolation_Source_SD in the QA aggregate, not directly from the raw metadata field; inspect contributing raw variants before deciding."
baked dog treat,3,baked dog treat,,host_taxon_or_context,route_to_host_context,Host_Context_SD / host-associated context,,,needs_review,Host-only signal requires raw context before source or host routing.,unreviewed,,,,"Batch 6 - host context. Current mode routing method: standardizer. This value comes from Isolation_Source_SD in the QA aggregate, not directly from the raw metadata field; inspect contributing raw variants before deciding."
bladder (Canis lupus familiaris),3,bladder (Canis lupus familiaris),,body_site,route_to_isolation_site,Isolation_Site_SD,,,needs_review,Anatomical-site signal; split material and site when both are present.,unreviewed,,,,"Batch 3 - anatomical sites. Current mode routing method: standardizer. This value comes from Isolation_Source_SD in the QA aggregate, not directly from the raw metadata field; inspect contributing raw variants before deciding."
Bladder Wall,3,Bladder Wall,,body_site,route_to_isolation_site,Isolation_Site_SD,,,needs_review,Anatomical-site signal; split material and site when both are present.,unreviewed,,,,"Batch 3 - anatomical sites. Current mode routing method: standardizer. This value comes from Isolation_Source_SD in the QA aggregate, not directly from the raw metadata field; inspect contributing raw variants before deciding."
BLDL1,3,BLDL1,,raw_code_or_artifact,route_to_non_source_descriptor,suppressed/non_source_descriptor,,,needs_review,Descriptor-like signal; verify raw variants before adding a suppression rule.,unreviewed,,,,"Batch 1 - metadata descriptors. Current mode routing method: standardizer. This value comes from Isolation_Source_SD in the QA aggregate, not directly from the raw metadata field; inspect contributing raw variants before deciding."
bovine dog treat,3,bovine dog treat,,host_taxon_or_context,route_to_host_context,Host_Context_SD / host-associated context,,,needs_review,Host-only signal requires raw context before source or host routing.,unreviewed,,,,"Batch 6 - host context. Current mode routing method: standardizer. This value comes from Isolation_Source_SD in the QA aggregate, not directly from the raw metadata field; inspect contributing raw variants before deciding."
Bovine Unknown,3,Bovine Unknown,,metadata_descriptor,route_to_non_source_descriptor,suppressed/non_source_descriptor,,,needs_review,Descriptor-like signal; verify raw variants before adding a suppression rule.,unreviewed,,,,"Batch 1 - metadata descriptors. Current mode routing method: standardizer. This value comes from Isolation_Source_SD in the QA aggregate, not directly from the raw metadata field; inspect contributing raw variants before deciding."
bronchioalveolar lavage,3,bronchioalveolar lavage,,sample_type,route_to_sample_type,Sample_Type_SD,,,needs_review,Sample-material signal; preserve source context only when independently supported.,unreviewed,,,,"Batch 2 - sample materials. Current mode routing method: standardizer. This value comes from Isolation_Source_SD in the QA aggregate, not directly from the raw metadata field; inspect contributing raw variants before deciding."
Broncho-Alveolar Lavage,3,Broncho-Alveolar Lavage,,sample_type,route_to_sample_type,Sample_Type_SD,,,needs_review,Sample-material signal; preserve source context only when independently supported.,unreviewed,,,,"Batch 2 - sample materials. Current mode routing method: standardizer. This value comes from Isolation_Source_SD in the QA aggregate, not directly from the raw metadata field; inspect contributing raw variants before deciding."
canola meal for animal feed,3,canola meal for animal feed,,host_taxon_or_context,route_to_host_context,Host_Context_SD / host-associated context,,,needs_review,Host-only signal requires raw context before source or host routing.,unreviewed,,,,"Batch 6 - host context. Current mode routing method: standardizer. This value comes from Isolation_Source_SD in the QA aggregate, not directly from the raw metadata field; inspect contributing raw variants before deciding."
Captive animal,3,Captive animal,,host_taxon_or_context,route_to_host_context,Host_Context_SD / host-associated context,,,needs_review,Host-only signal requires raw context before source or host routing.,unreviewed,,,,"Batch 6 - host context. Current mode routing method: standardizer. This value comes from Isolation_Source_SD in the QA aggregate, not directly from the raw metadata field; inspect contributing raw variants before deciding."
cherry tissue,3,cherry tissue,tissue,sample_type,route_to_sample_type,Sample_Type_SD,,,needs_review,Sample-material signal; preserve source context only when independently supported.,unreviewed,,,,"Batch 2 - sample materials. Current mode routing method: standardizer. This value comes from Isolation_Source_SD in the QA aggregate, not directly from the raw metadata field; inspect contributing raw variants before deciding."
Cultured from Crassostrea gigas tissue,3,Cultured from Crassostrea gigas tissue,tissue,sample_type,route_to_sample_type,Sample_Type_SD,,,needs_review,Sample-material signal; preserve source context only when independently supported.,unreviewed,,,,"Batch 2 - sample materials. Current mode routing method: standardizer. This value comes from Isolation_Source_SD in the QA aggregate, not directly from the raw metadata field; inspect contributing raw variants before deciding."
Disc Tissue,3,Disc Tissue,tissue,sample_type,route_to_sample_type,Sample_Type_SD,,,needs_review,Sample-material signal; preserve source context only when independently supported.,unreviewed,,,,"Batch 2 - sample materials. Current mode routing method: standardizer. This value comes from Isolation_Source_SD in the QA aggregate, not directly from the raw metadata field; inspect contributing raw variants before deciding."
Dog nape,3,Dog nape,,host_taxon_or_context,route_to_host_context,Host_Context_SD / host-associated context,,,needs_review,Host-only signal requires raw context before source or host routing.,unreviewed,,,,"Batch 6 - host context. Current mode routing method: standardizer. This value comes from Isolation_Source_SD in the QA aggregate, not directly from the raw metadata field; inspect contributing raw variants before deciding."
dog paws,3,dog paws,,host_taxon_or_context,route_to_host_context,Host_Context_SD / host-associated context,,,needs_review,Host-only signal requires raw context before source or host routing.,unreviewed,,,,"Batch 6 - host context. Current mode routing method: standardizer. This value comes from Isolation_Source_SD in the QA aggregate, not directly from the raw metadata field; inspect contributing raw variants before deciding."
"Dog, pet",3,"Dog, pet",,host_taxon_or_context,route_to_host_context,Host_Context_SD / host-associated context,,,needs_review,Host-only signal requires raw context before source or host routing.,unreviewed,,,,"Batch 6 - host context. Current mode routing method: standardizer. This value comes from Isolation_Source_SD in the QA aggregate, not directly from the raw metadata field; inspect contributing raw variants before deciding."
ENVO_00000446,3,ENVO_00000446,,raw_code_or_artifact,route_to_non_source_descriptor,suppressed/non_source_descriptor,,,needs_review,Descriptor-like signal; verify raw variants before adding a suppression rule.,unreviewed,,,,"Batch 1 - metadata descriptors. Current mode routing method: standardizer. This value comes from Isolation_Source_SD in the QA aggregate, not directly from the raw metadata field; inspect contributing raw variants before deciding."
EVB15,3,EVB15,,raw_code_or_artifact,route_to_non_source_descriptor,suppressed/non_source_descriptor,,,needs_review,Descriptor-like signal; verify raw variants before adding a suppression rule.,unreviewed,,,,"Batch 1 - metadata descriptors. Current mode routing method: standardizer. This value comes from Isolation_Source_SD in the QA aggregate, not directly from the raw metadata field; inspect contributing raw variants before deciding."
EVB16,3,EVB16,,raw_code_or_artifact,route_to_non_source_descriptor,suppressed/non_source_descriptor,,,needs_review,Descriptor-like signal; verify raw variants before adding a suppression rule.,unreviewed,,,,"Batch 1 - metadata descriptors. Current mode routing method: standardizer. This value comes from Isolation_Source_SD in the QA aggregate, not directly from the raw metadata field; inspect contributing raw variants before deciding."
EVB4,3,EVB4,,raw_code_or_artifact,route_to_non_source_descriptor,suppressed/non_source_descriptor,,,needs_review,Descriptor-like signal; verify raw variants before adding a suppression rule.,unreviewed,,,,"Batch 1 - metadata descriptors. Current mode routing method: standardizer. This value comes from Isolation_Source_SD in the QA aggregate, not directly from the raw metadata field; inspect contributing raw variants before deciding."
EVB6,3,EVB6,,raw_code_or_artifact,route_to_non_source_descriptor,suppressed/non_source_descriptor,,,needs_review,Descriptor-like signal; verify raw variants before adding a suppression rule.,unreviewed,,,,"Batch 1 - metadata descriptors. Current mode routing method: standardizer. This value comes from Isolation_Source_SD in the QA aggregate, not directly from the raw metadata field; inspect contributing raw variants before deciding."
EVB9,3,EVB9,,raw_code_or_artifact,route_to_non_source_descriptor,suppressed/non_source_descriptor,,,needs_review,Descriptor-like signal; verify raw variants before adding a suppression rule.,unreviewed,,,,"Batch 1 - metadata descriptors. Current mode routing method: standardizer. This value comes from Isolation_Source_SD in the QA aggregate, not directly from the raw metadata field; inspect contributing raw variants before deciding."
feather animal meal,3,feather animal meal,,host_taxon_or_context,route_to_host_context,Host_Context_SD / host-associated context,,,needs_review,Host-only signal requires raw context before source or host routing.,unreviewed,,,,"Batch 6 - host context. Current mode routing method: standardizer. This value comes from Isolation_Source_SD in the QA aggregate, not directly from the raw metadata field; inspect contributing raw variants before deciding."
femur_chicken1,3,femur_chicken1,,raw_code_or_artifact,route_to_non_source_descriptor,suppressed/non_source_descriptor,,,needs_review,Descriptor-like signal; verify raw variants before adding a suppression rule.,unreviewed,,,,"Batch 1 - metadata descriptors. Current mode routing method: standardizer. This value comes from Isolation_Source_SD in the QA aggregate, not directly from the raw metadata field; inspect contributing raw variants before deciding."
FOODON_00002403,3,FOODON_00002403,,raw_code_or_artifact,route_to_non_source_descriptor,suppressed/non_source_descriptor,,,needs_review,Descriptor-like signal; verify raw variants before adding a suppression rule.,unreviewed,,,,"Batch 1 - metadata descriptors. Current mode routing method: standardizer. This value comes from Isolation_Source_SD in the QA aggregate, not directly from the raw metadata field; inspect contributing raw variants before deciding."
frozen animal feed adult mouse,3,frozen animal feed adult mouse,,host_taxon_or_context,route_to_host_context,Host_Context_SD / host-associated context,,,needs_review,Host-only signal requires raw context before source or host routing.,unreviewed,,,,"Batch 6 - host context. Current mode routing method: standardizer. This value comes from Isolation_Source_SD in the QA aggregate, not directly from the raw metadata field; inspect contributing raw variants before deciding."
frozen animal feed baby mouse,3,frozen animal feed baby mouse,,host_taxon_or_context,route_to_host_context,Host_Context_SD / host-associated context,,,needs_review,Host-only signal requires raw context before source or host routing.,unreviewed,,,,"Batch 6 - host context. Current mode routing method: standardizer. This value comes from Isolation_Source_SD in the QA aggregate, not directly from the raw metadata field; inspect contributing raw variants before deciding."
frozen animal feed young mouse,3,frozen animal feed young mouse,,host_taxon_or_context,route_to_host_context,Host_Context_SD / host-associated context,,,needs_review,Host-only signal requires raw context before source or host routing.,unreviewed,,,,"Batch 6 - host context. Current mode routing method: standardizer. This value comes from Isolation_Source_SD in the QA aggregate, not directly from the raw metadata field; inspect contributing raw variants before deciding."
Gall Bladder,3,Gall Bladder,,body_site,route_to_isolation_site,Isolation_Site_SD,,,needs_review,Anatomical-site signal; split material and site when both are present.,unreviewed,,,,"Batch 3 - anatomical sites. Current mode routing method: standardizer. This value comes from Isolation_Source_SD in the QA aggregate, not directly from the raw metadata field; inspect contributing raw variants before deciding."
Gastric lavage,3,Gastric lavage,,sample_type,route_to_sample_type,Sample_Type_SD,,,needs_review,Sample-material signal; preserve source context only when independently supported.,unreviewed,,,,"Batch 2 - sample materials. Current mode routing method: standardizer. This value comes from Isolation_Source_SD in the QA aggregate, not directly from the raw metadata field; inspect contributing raw variants before deciding."
HET.02_hemi-forebrain,3,HET.02_hemi-forebrain,,raw_code_or_artifact,route_to_non_source_descriptor,suppressed/non_source_descriptor,,,needs_review,Descriptor-like signal; verify raw variants before adding a suppression rule.,unreviewed,,,,"Batch 1 - metadata descriptors. Current mode routing method: standardizer. This value comes from Isolation_Source_SD in the QA aggregate, not directly from the raw metadata field; inspect contributing raw variants before deciding."
HET.06_hemi-forebrain,3,HET.06_hemi-forebrain,,raw_code_or_artifact,route_to_non_source_descriptor,suppressed/non_source_descriptor,,,needs_review,Descriptor-like signal; verify raw variants before adding a suppression rule.,unreviewed,,,,"Batch 1 - metadata descriptors. Current mode routing method: standardizer. This value comes from Isolation_Source_SD in the QA aggregate, not directly from the raw metadata field; inspect contributing raw variants before deciding."
HET.18_hemi-forebrain,3,HET.18_hemi-forebrain,,raw_code_or_artifact,route_to_non_source_descriptor,suppressed/non_source_descriptor,,,needs_review,Descriptor-like signal; verify raw variants before adding a suppression rule.,unreviewed,,,,"Batch 1 - metadata descriptors. Current mode routing method: standardizer. This value comes from Isolation_Source_SD in the QA aggregate, not directly from the raw metadata field; inspect contributing raw variants before deciding."
HET.24_hemi-forebrain,3,HET.24_hemi-forebrain,,raw_code_or_artifact,route_to_non_source_descriptor,suppressed/non_source_descriptor,,,needs_review,Descriptor-like signal; verify raw variants before adding a suppression rule.,unreviewed,,,,"Batch 1 - metadata descriptors. Current mode routing method: standardizer. This value comes from Isolation_Source_SD in the QA aggregate, not directly from the raw metadata field; inspect contributing raw variants before deciding."
"hip,tissue",3,"hip,tissue",tissue,sample_type,route_to_sample_type,Sample_Type_SD,,,needs_review,Sample-material signal; preserve source context only when independently supported.,unreviewed,,,,"Batch 2 - sample materials. Current mode routing method: standardizer. This value comes from Isolation_Source_SD in the QA aggregate, not directly from the raw metadata field; inspect contributing raw variants before deciding."
Host tissue,3,Host tissue,tissue,sample_type,route_to_sample_type,Sample_Type_SD,,,needs_review,Sample-material signal; preserve source context only when independently supported.,unreviewed,,,,"Batch 2 - sample materials. Current mode routing method: standardizer. This value comes from Isolation_Source_SD in the QA aggregate, not directly from the raw metadata field; inspect contributing raw variants before deciding."
Hot Dog,3,Hot Dog,,host_taxon_or_context,route_to_host_context,Host_Context_SD / host-associated context,,,needs_review,Host-only signal requires raw context before source or host routing.,unreviewed,,,,"Batch 6 - host context. Current mode routing method: standardizer. This value comes from Isolation_Source_SD in the QA aggregate, not directly from the raw metadata field; inspect contributing raw variants before deciding."
hydrolyzed feather animal meal,3,hydrolyzed feather animal meal,,host_taxon_or_context,route_to_host_context,Host_Context_SD / host-associated context,,,needs_review,Host-only signal requires raw context before source or host routing.,unreviewed,,,,"Batch 6 - host context. Current mode routing method: standardizer. This value comes from Isolation_Source_SD in the QA aggregate, not directly from the raw metadata field; inspect contributing raw variants before deciding."
Lavage,3,Lavage,,sample_type,route_to_sample_type,Sample_Type_SD,,,needs_review,Sample-material signal; preserve source context only when independently supported.,unreviewed,,,,"Batch 2 - sample materials. Current mode routing method: standardizer. This value comes from Isolation_Source_SD in the QA aggregate, not directly from the raw metadata field; inspect contributing raw variants before deciding."
MDA-MB-231-1833shp27,3,MDA-MB-231-1833shp27,,raw_code_or_artifact,route_to_non_source_descriptor,suppressed/non_source_descriptor,,,needs_review,Descriptor-like signal; verify raw variants before adding a suppression rule.,unreviewed,,,,"Batch 1 - metadata descriptors. Current mode routing method: standardizer. This value comes from Isolation_Source_SD in the QA aggregate, not directly from the raw metadata field; inspect contributing raw variants before deciding."
Mouse,3,Mouse,,host_taxon_or_context,route_to_host_context,Host_Context_SD / host-associated context,,,needs_review,Host-only signal requires raw context before source or host routing.,unreviewed,,,,"Batch 6 - host context. Current mode routing method: standardizer. This value comes from Isolation_Source_SD in the QA aggregate, not directly from the raw metadata field; inspect contributing raw variants before deciding."
mouse colonic,3,mouse colonic,,host_taxon_or_context,route_to_host_context,Host_Context_SD / host-associated context,,,needs_review,Host-only signal requires raw context before source or host routing.,unreviewed,,,,"Batch 6 - host context. Current mode routing method: standardizer. This value comes from Isolation_Source_SD in the QA aggregate, not directly from the raw metadata field; inspect contributing raw variants before deciding."
"Mouse fibroblast, L929",3,"Mouse fibroblast, L929",,host_taxon_or_context,route_to_host_context,Host_Context_SD / host-associated context,,,needs_review,Host-only signal requires raw context before source or host routing.,unreviewed,,,,"Batch 6 - host context. Current mode routing method: standardizer. This value comes from Isolation_Source_SD in the QA aggregate, not directly from the raw metadata field; inspect contributing raw variants before deciding."
Mstd3,3,Mstd3,,raw_code_or_artifact,route_to_non_source_descriptor,suppressed/non_source_descriptor,,,needs_review,Descriptor-like signal; verify raw variants before adding a suppression rule.,unreviewed,,,,"Batch 1 - metadata descriptors. Current mode routing method: standardizer. This value comes from Isolation_Source_SD in the QA aggregate, not directly from the raw metadata field; inspect contributing raw variants before deciding."
Nebuliser_P91_BU9,3,Nebuliser_P91_BU9,,raw_code_or_artifact,route_to_non_source_descriptor,suppressed/non_source_descriptor,,,needs_review,Descriptor-like signal; verify raw variants before adding a suppression rule.,unreviewed,,,,"Batch 1 - metadata descriptors. Current mode routing method: standardizer. This value comes from Isolation_Source_SD in the QA aggregate, not directly from the raw metadata field; inspect contributing raw variants before deciding."
O_Room_2_D_Organism_1,3,O_Room_2_D_Organism_1,,raw_code_or_artifact,route_to_non_source_descriptor,suppressed/non_source_descriptor,,,needs_review,Descriptor-like signal; verify raw variants before adding a suppression rule.,unreviewed,,,,"Batch 1 - metadata descriptors. Current mode routing method: standardizer. This value comes from Isolation_Source_SD in the QA aggregate, not directly from the raw metadata field; inspect contributing raw variants before deciding."
O_Room_2_D_Organism_2,3,O_Room_2_D_Organism_2,,raw_code_or_artifact,route_to_non_source_descriptor,suppressed/non_source_descriptor,,,needs_review,Descriptor-like signal; verify raw variants before adding a suppression rule.,unreviewed,,,,"Batch 1 - metadata descriptors. Current mode routing method: standardizer. This value comes from Isolation_Source_SD in the QA aggregate, not directly from the raw metadata field; inspect contributing raw variants before deciding."
O_Room_2_D_Organism_3,3,O_Room_2_D_Organism_3,,raw_code_or_artifact,route_to_non_source_descriptor,suppressed/non_source_descriptor,,,needs_review,Descriptor-like signal; verify raw variants before adding a suppression rule.,unreviewed,,,,"Batch 1 - metadata descriptors. Current mode routing method: standardizer. This value comes from Isolation_Source_SD in the QA aggregate, not directly from the raw metadata field; inspect contributing raw variants before deciding."
O_Room_3_D_Organism_1,3,O_Room_3_D_Organism_1,,raw_code_or_artifact,route_to_non_source_descriptor,suppressed/non_source_descriptor,,,needs_review,Descriptor-like signal; verify raw variants before adding a suppression rule.,unreviewed,,,,"Batch 1 - metadata descriptors. Current mode routing method: standardizer. This value comes from Isolation_Source_SD in the QA aggregate, not directly from the raw metadata field; inspect contributing raw variants before deciding."
O_Room_4_D_Organism_2,3,O_Room_4_D_Organism_2,,raw_code_or_artifact,route_to_non_source_descriptor,suppressed/non_source_descriptor,,,needs_review,Descriptor-like signal; verify raw variants before adding a suppression rule.,unreviewed,,,,"Batch 1 - metadata descriptors. Current mode routing method: standardizer. This value comes from Isolation_Source_SD in the QA aggregate, not directly from the raw metadata field; inspect contributing raw variants before deciding."
O_Room_4_D_Organism_3,3,O_Room_4_D_Organism_3,,raw_code_or_artifact,route_to_non_source_descriptor,suppressed/non_source_descriptor,,,needs_review,Descriptor-like signal; verify raw variants before adding a suppression rule.,unreviewed,,,,"Batch 1 - metadata descriptors. Current mode routing method: standardizer. This value comes from Isolation_Source_SD in the QA aggregate, not directly from the raw metadata field; inspect contributing raw variants before deciding."
pathological tissue,3,pathological tissue,tissue,sample_type,route_to_sample_type,Sample_Type_SD,,,needs_review,Sample-material signal; preserve source context only when independently supported.,unreviewed,,,,"Batch 2 - sample materials. Current mode routing method: standardizer. This value comes from Isolation_Source_SD in the QA aggregate, not directly from the raw metadata field; inspect contributing raw variants before deciding."
Product-Rinse-Unknown species,3,Product-Rinse-Unknown species,,metadata_descriptor,route_to_non_source_descriptor,suppressed/non_source_descriptor,,,needs_review,Descriptor-like signal; verify raw variants before adding a suppression rule.,unreviewed,,,,"Batch 1 - metadata descriptors. Current mode routing method: standardizer. This value comes from Isolation_Source_SD in the QA aggregate, not directly from the raw metadata field; inspect contributing raw variants before deciding."
rainbow trout tissue,3,rainbow trout tissue,tissue,sample_type,route_to_sample_type,Sample_Type_SD,,,needs_review,Sample-material signal; preserve source context only when independently supported.,unreviewed,,,,"Batch 2 - sample materials. Current mode routing method: standardizer. This value comes from Isolation_Source_SD in the QA aggregate, not directly from the raw metadata field; inspect contributing raw variants before deciding."
rat poison,3,rat poison,,host_taxon_or_context,route_to_host_context,Host_Context_SD / host-associated context,,,needs_review,Host-only signal requires raw context before source or host routing.,unreviewed,,,,"Batch 6 - host context. Current mode routing method: standardizer. This value comes from Isolation_Source_SD in the QA aggregate, not directly from the raw metadata field; inspect contributing raw variants before deciding."
Room_1_C_Organism_3,3,Room_1_C_Organism_3,,raw_code_or_artifact,route_to_non_source_descriptor,suppressed/non_source_descriptor,,,needs_review,Descriptor-like signal; verify raw variants before adding a suppression rule.,unreviewed,,,,"Batch 1 - metadata descriptors. Current mode routing method: standardizer. This value comes from Isolation_Source_SD in the QA aggregate, not directly from the raw metadata field; inspect contributing raw variants before deciding."
Room_4_E_Organism_1,3,Room_4_E_Organism_1,,raw_code_or_artifact,route_to_non_source_descriptor,suppressed/non_source_descriptor,,,needs_review,Descriptor-like signal; verify raw variants before adding a suppression rule.,unreviewed,,,,"Batch 1 - metadata descriptors. Current mode routing method: standardizer. This value comes from Isolation_Source_SD in the QA aggregate, not directly from the raw metadata field; inspect contributing raw variants before deciding."
Room_6_E_Organism_1,3,Room_6_E_Organism_1,,raw_code_or_artifact,route_to_non_source_descriptor,suppressed/non_source_descriptor,,,needs_review,Descriptor-like signal; verify raw variants before adding a suppression rule.,unreviewed,,,,"Batch 1 - metadata descriptors. Current mode routing method: standardizer. This value comes from Isolation_Source_SD in the QA aggregate, not directly from the raw metadata field; inspect contributing raw variants before deciding."
Room_6_E_Organism_2,3,Room_6_E_Organism_2,,raw_code_or_artifact,route_to_non_source_descriptor,suppressed/non_source_descriptor,,,needs_review,Descriptor-like signal; verify raw variants before adding a suppression rule.,unreviewed,,,,"Batch 1 - metadata descriptors. Current mode routing method: standardizer. This value comes from Isolation_Source_SD in the QA aggregate, not directly from the raw metadata field; inspect contributing raw variants before deciding."
soft tissue inflammation site,3,soft tissue inflammation site,tissue,sample_type,route_to_sample_type,Sample_Type_SD,,,needs_review,Sample-material signal; preserve source context only when independently supported.,unreviewed,,,,"Batch 2 - sample materials. Current mode routing method: standardizer. This value comes from Isolation_Source_SD in the QA aggregate, not directly from the raw metadata field; inspect contributing raw variants before deciding."
soybean meal animal feed,3,soybean meal animal feed,,host_taxon_or_context,route_to_host_context,Host_Context_SD / host-associated context,,,needs_review,Host-only signal requires raw context before source or host routing.,unreviewed,,,,"Batch 6 - host context. Current mode routing method: standardizer. This value comes from Isolation_Source_SD in the QA aggregate, not directly from the raw metadata field; inspect contributing raw variants before deciding."
Stethoscope_P91_BU9,3,Stethoscope_P91_BU9,,raw_code_or_artifact,route_to_non_source_descriptor,suppressed/non_source_descriptor,,,needs_review,Descriptor-like signal; verify raw variants before adding a suppression rule.,unreviewed,,,,"Batch 1 - metadata descriptors. Current mode routing method: standardizer. This value comes from Isolation_Source_SD in the QA aggregate, not directly from the raw metadata field; inspect contributing raw variants before deciding."
Table-1,3,Table-1,,raw_code_or_artifact,route_to_non_source_descriptor,suppressed/non_source_descriptor,,,needs_review,Descriptor-like signal; verify raw variants before adding a suppression rule.,unreviewed,,,,"Batch 1 - metadata descriptors. Current mode routing method: standardizer. This value comes from Isolation_Source_SD in the QA aggregate, not directly from the raw metadata field; inspect contributing raw variants before deciding."
Table-2,3,Table-2,,raw_code_or_artifact,route_to_non_source_descriptor,suppressed/non_source_descriptor,,,needs_review,Descriptor-like signal; verify raw variants before adding a suppression rule.,unreviewed,,,,"Batch 1 - metadata descriptors. Current mode routing method: standardizer. This value comes from Isolation_Source_SD in the QA aggregate, not directly from the raw metadata field; inspect contributing raw variants before deciding."
TD2_unenriched,3,TD2_unenriched,,raw_code_or_artifact,route_to_non_source_descriptor,suppressed/non_source_descriptor,,,needs_review,Descriptor-like signal; verify raw variants before adding a suppression rule.,unreviewed,,,,"Batch 1 - metadata descriptors. Current mode routing method: standardizer. This value comes from Isolation_Source_SD in the QA aggregate, not directly from the raw metadata field; inspect contributing raw variants before deciding."
Thigh Tissue,3,Thigh Tissue,tissue,sample_type,route_to_sample_type,Sample_Type_SD,,,needs_review,Sample-material signal; preserve source context only when independently supported.,unreviewed,,,,"Batch 2 - sample materials. Current mode routing method: standardizer. This value comes from Isolation_Source_SD in the QA aggregate, not directly from the raw metadata field; inspect contributing raw variants before deciding."
tissue pool (Sus scrofa domesticus),3,tissue pool (Sus scrofa domesticus),tissue,sample_type,route_to_sample_type,Sample_Type_SD,,,needs_review,Sample-material signal; preserve source context only when independently supported.,unreviewed,,,,"Batch 2 - sample materials. Current mode routing method: standardizer. This value comes from Isolation_Source_SD in the QA aggregate, not directly from the raw metadata field; inspect contributing raw variants before deciding."
Tissue Right Shoulder HUMERAL MEMBRANE,3,Tissue Right Shoulder HUMERAL MEMBRANE,tissue,sample_type,route_to_sample_type,Sample_Type_SD,,,needs_review,Sample-material signal; preserve source context only when independently supported.,unreviewed,,,,"Batch 2 - sample materials. Current mode routing method: standardizer. This value comes from Isolation_Source_SD in the QA aggregate, not directly from the raw metadata field; inspect contributing raw variants before deciding."
"Tissue, Calf",3,"Tissue, Calf",tissue,sample_type,route_to_sample_type,Sample_Type_SD,,,needs_review,Sample-material signal; preserve source context only when independently supported.,unreviewed,,,,"Batch 2 - sample materials. Current mode routing method: standardizer. This value comes from Isolation_Source_SD in the QA aggregate, not directly from the raw metadata field; inspect contributing raw variants before deciding."
"Tissue, Hip",3,"Tissue, Hip",tissue,sample_type,route_to_sample_type,Sample_Type_SD,,,needs_review,Sample-material signal; preserve source context only when independently supported.,unreviewed,,,,"Batch 2 - sample materials. Current mode routing method: standardizer. This value comes from Isolation_Source_SD in the QA aggregate, not directly from the raw metadata field; inspect contributing raw variants before deciding."
"Tissue, Shoulder",3,"Tissue, Shoulder",tissue,sample_type,route_to_sample_type,Sample_Type_SD,,,needs_review,Sample-material signal; preserve source context only when independently supported.,unreviewed,,,,"Batch 2 - sample materials. Current mode routing method: standardizer. This value comes from Isolation_Source_SD in the QA aggregate, not directly from the raw metadata field; inspect contributing raw variants before deciding."
"Tissue, Thumb",3,"Tissue, Thumb",tissue,sample_type,route_to_sample_type,Sample_Type_SD,,,needs_review,Sample-material signal; preserve source context only when independently supported.,unreviewed,,,,"Batch 2 - sample materials. Current mode routing method: standardizer. This value comes from Isolation_Source_SD in the QA aggregate, not directly from the raw metadata field; inspect contributing raw variants before deciding."
"Tissue, Tibia",3,"Tissue, Tibia",tissue,sample_type,route_to_sample_type,Sample_Type_SD,,,needs_review,Sample-material signal; preserve source context only when independently supported.,unreviewed,,,,"Batch 2 - sample materials. Current mode routing method: standardizer. This value comes from Isolation_Source_SD in the QA aggregate, not directly from the raw metadata field; inspect contributing raw variants before deciding."
ulcer tissue,3,ulcer tissue,tissue,sample_type,route_to_sample_type,Sample_Type_SD,,,needs_review,Sample-material signal; preserve source context only when independently supported.,unreviewed,,,,"Batch 2 - sample materials. Current mode routing method: standardizer. This value comes from Isolation_Source_SD in the QA aggregate, not directly from the raw metadata field; inspect contributing raw variants before deciding."
Ventilator_P101_BU22,3,Ventilator_P101_BU22,,raw_code_or_artifact,route_to_non_source_descriptor,suppressed/non_source_descriptor,,,needs_review,Descriptor-like signal; verify raw variants before adding a suppression rule.,unreviewed,,,,"Batch 1 - metadata descriptors. Current mode routing method: standardizer. This value comes from Isolation_Source_SD in the QA aggregate, not directly from the raw metadata field; inspect contributing raw variants before deciding."
Ventilator_P19_BU20,3,Ventilator_P19_BU20,,raw_code_or_artifact,route_to_non_source_descriptor,suppressed/non_source_descriptor,,,needs_review,Descriptor-like signal; verify raw variants before adding a suppression rule.,unreviewed,,,,"Batch 1 - metadata descriptors. Current mode routing method: standardizer. This value comes from Isolation_Source_SD in the QA aggregate, not directly from the raw metadata field; inspect contributing raw variants before deciding."
Ventilator_P22_BU23,3,Ventilator_P22_BU23,,raw_code_or_artifact,route_to_non_source_descriptor,suppressed/non_source_descriptor,,,needs_review,Descriptor-like signal; verify raw variants before adding a suppression rule.,unreviewed,,,,"Batch 1 - metadata descriptors. Current mode routing method: standardizer. This value comes from Isolation_Source_SD in the QA aggregate, not directly from the raw metadata field; inspect contributing raw variants before deciding."
Ventilator_P25_BU27,3,Ventilator_P25_BU27,,raw_code_or_artifact,route_to_non_source_descriptor,suppressed/non_source_descriptor,,,needs_review,Descriptor-like signal; verify raw variants before adding a suppression rule.,unreviewed,,,,"Batch 1 - metadata descriptors. Current mode routing method: standardizer. This value comes from Isolation_Source_SD in the QA aggregate, not directly from the raw metadata field; inspect contributing raw variants before deciding."
WT.02_hemi-forebrain,3,WT.02_hemi-forebrain,,raw_code_or_artifact,route_to_non_source_descriptor,suppressed/non_source_descriptor,,,needs_review,Descriptor-like signal; verify raw variants before adding a suppression rule.,unreviewed,,,,"Batch 1 - metadata descriptors. Current mode routing method: standardizer. This value comes from Isolation_Source_SD in the QA aggregate, not directly from the raw metadata field; inspect contributing raw variants before deciding."
WT.06_hemi-forebrain,3,WT.06_hemi-forebrain,,raw_code_or_artifact,route_to_non_source_descriptor,suppressed/non_source_descriptor,,,needs_review,Descriptor-like signal; verify raw variants before adding a suppression rule.,unreviewed,,,,"Batch 1 - metadata descriptors. Current mode routing method: standardizer. This value comes from Isolation_Source_SD in the QA aggregate, not directly from the raw metadata field; inspect contributing raw variants before deciding."
WT.18_hemi-forebrain,3,WT.18_hemi-forebrain,,raw_code_or_artifact,route_to_non_source_descriptor,suppressed/non_source_descriptor,,,needs_review,Descriptor-like signal; verify raw variants before adding a suppression rule.,unreviewed,,,,"Batch 1 - metadata descriptors. Current mode routing method: standardizer. This value comes from Isolation_Source_SD in the QA aggregate, not directly from the raw metadata field; inspect contributing raw variants before deciding."
WT.24_hemi-forebrain,3,WT.24_hemi-forebrain,,raw_code_or_artifact,route_to_non_source_descriptor,suppressed/non_source_descriptor,,,needs_review,Descriptor-like signal; verify raw variants before adding a suppression rule.,unreviewed,,,,"Batch 1 - metadata descriptors. Current mode routing method: standardizer. This value comes from Isolation_Source_SD in the QA aggregate, not directly from the raw metadata field; inspect contributing raw variants before deciding."
1-BSinkInterior,2,1-BSinkInterior,,raw_code_or_artifact,route_to_non_source_descriptor,suppressed/non_source_descriptor,,,needs_review,Descriptor-like signal; verify raw variants before adding a suppression rule.,unreviewed,,,,"Batch 1 - metadata descriptors. Current mode routing method: standardizer. This value comes from Isolation_Source_SD in the QA aggregate, not directly from the raw metadata field; inspect contributing raw variants before deciding."
Aamose2,2,Aamose2,,raw_code_or_artifact,route_to_non_source_descriptor,suppressed/non_source_descriptor,,,needs_review,Descriptor-like signal; verify raw variants before adding a suppression rule.,unreviewed,,,,"Batch 1 - metadata descriptors. Current mode routing method: standardizer. This value comes from Isolation_Source_SD in the QA aggregate, not directly from the raw metadata field; inspect contributing raw variants before deciding."
Aamose4,2,Aamose4,,raw_code_or_artifact,route_to_non_source_descriptor,suppressed/non_source_descriptor,,,needs_review,Descriptor-like signal; verify raw variants before adding a suppression rule.,unreviewed,,,,"Batch 1 - metadata descriptors. Current mode routing method: standardizer. This value comes from Isolation_Source_SD in the QA aggregate, not directly from the raw metadata field; inspect contributing raw variants before deciding."
Aamose8,2,Aamose8,,raw_code_or_artifact,route_to_non_source_descriptor,suppressed/non_source_descriptor,,,needs_review,Descriptor-like signal; verify raw variants before adding a suppression rule.,unreviewed,,,,"Batch 1 - metadata descriptors. Current mode routing method: standardizer. This value comes from Isolation_Source_SD in the QA aggregate, not directly from the raw metadata field; inspect contributing raw variants before deciding."
adipose tissue,2,adipose tissue,tissue,sample_type,route_to_sample_type,Sample_Type_SD,,,needs_review,Sample-material signal; preserve source context only when independently supported.,unreviewed,,,,"Batch 2 - sample materials. Current mode routing method: standardizer. This value comes from Isolation_Source_SD in the QA aggregate, not directly from the raw metadata field; inspect contributing raw variants before deciding."
AHPND infected Penaeus japonicus,2,AHPND infected Penaeus japonicus,,disease,route_to_disease_or_health_state,Host_Disease_SD / Host_Health_State_SD,,,needs_review,Disease or health-state signal; preserve independent material and site evidence.,unreviewed,,,,"Batch 7 - disease and health state. Current mode routing method: standardizer. This value comes from Isolation_Source_SD in the QA aggregate, not directly from the raw metadata field; inspect contributing raw variants before deciding."
"Amphibian, Wild Animal, Frog",2,"Amphibian, Wild Animal, Frog",,host_taxon_or_context,route_to_host_context,Host_Context_SD / host-associated context,,,needs_review,Host-only signal requires raw context before source or host routing.,unreviewed,,,,"Batch 6 - host context. Current mode routing method: standardizer. This value comes from Isolation_Source_SD in the QA aggregate, not directly from the raw metadata field; inspect contributing raw variants before deciding."
animal feed blend,2,animal feed blend,,host_taxon_or_context,route_to_host_context,Host_Context_SD / host-associated context,,,needs_review,Host-only signal requires raw context before source or host routing.,unreviewed,,,,"Batch 6 - host context. Current mode routing method: standardizer. This value comes from Isolation_Source_SD in the QA aggregate, not directly from the raw metadata field; inspect contributing raw variants before deciding."
animal feed cotton seed meal,2,animal feed cotton seed meal,,host_taxon_or_context,route_to_host_context,Host_Context_SD / host-associated context,,,needs_review,Host-only signal requires raw context before source or host routing.,unreviewed,,,,"Batch 6 - host context. Current mode routing method: standardizer. This value comes from Isolation_Source_SD in the QA aggregate, not directly from the raw metadata field; inspect contributing raw variants before deciding."
animal feed distilled corn,2,animal feed distilled corn,,host_taxon_or_context,route_to_host_context,Host_Context_SD / host-associated context,,,needs_review,Host-only signal requires raw context before source or host routing.,unreviewed,,,,"Batch 6 - host context. Current mode routing method: standardizer. This value comes from Isolation_Source_SD in the QA aggregate, not directly from the raw metadata field; inspect contributing raw variants before deciding."
animal feed sesame meal,2,animal feed sesame meal,,host_taxon_or_context,route_to_host_context,Host_Context_SD / host-associated context,,,needs_review,Host-only signal requires raw context before source or host routing.,unreviewed,,,,"Batch 6 - host context. Current mode routing method: standardizer. This value comes from Isolation_Source_SD in the QA aggregate, not directly from the raw metadata field; inspect contributing raw variants before deciding."
animal origin,2,animal origin,,host_taxon_or_context,route_to_host_context,Host_Context_SD / host-associated context,,,needs_review,Host-only signal requires raw context before source or host routing.,unreviewed,,,,"Batch 6 - host context. Current mode routing method: standardizer. This value comes from Isolation_Source_SD in the QA aggregate, not directly from the raw metadata field; inspect contributing raw variants before deciding."
animal protein,2,animal protein,,host_taxon_or_context,route_to_host_context,Host_Context_SD / host-associated context,,,needs_review,Host-only signal requires raw context before source or host routing.,unreviewed,,,,"Batch 6 - host context. Current mode routing method: standardizer. This value comes from Isolation_Source_SD in the QA aggregate, not directly from the raw metadata field; inspect contributing raw variants before deciding."
animal waste,2,animal waste,,host_taxon_or_context,route_to_host_context,Host_Context_SD / host-associated context,,,needs_review,Host-only signal requires raw context before source or host routing.,unreviewed,,,,"Batch 6 - host context. Current mode routing method: standardizer. This value comes from Isolation_Source_SD in the QA aggregate, not directly from the raw metadata field; inspect contributing raw variants before deciding."
Animal-Bearded Dragon,2,Animal-Bearded Dragon,,host_taxon_or_context,route_to_host_context,Host_Context_SD / host-associated context,,,needs_review,Host-only signal requires raw context before source or host routing.,unreviewed,,,,"Batch 6 - host context. Current mode routing method: standardizer. This value comes from Isolation_Source_SD in the QA aggregate, not directly from the raw metadata field; inspect contributing raw variants before deciding."
Animal-Bison,2,Animal-Bison,,host_taxon_or_context,route_to_host_context,Host_Context_SD / host-associated context,,,needs_review,Host-only signal requires raw context before source or host routing.,unreviewed,,,,"Batch 6 - host context. Current mode routing method: standardizer. This value comes from Isolation_Source_SD in the QA aggregate, not directly from the raw metadata field; inspect contributing raw variants before deciding."
Animal-Calf-Heavy Calf,2,Animal-Calf-Heavy Calf,,host_taxon_or_context,route_to_host_context,Host_Context_SD / host-associated context,,,needs_review,Host-only signal requires raw context before source or host routing.,unreviewed,,,,"Batch 6 - host context. Current mode routing method: standardizer. This value comes from Isolation_Source_SD in the QA aggregate, not directly from the raw metadata field; inspect contributing raw variants before deciding."
Animal-Turtle,2,Animal-Turtle,,host_taxon_or_context,route_to_host_context,Host_Context_SD / host-associated context,,,needs_review,Host-only signal requires raw context before source or host routing.,unreviewed,,,,"Batch 6 - host context. Current mode routing method: standardizer. This value comes from Isolation_Source_SD in the QA aggregate, not directly from the raw metadata field; inspect contributing raw variants before deciding."
Ankle Tissue,2,Ankle Tissue,tissue,sample_type,route_to_sample_type,Sample_Type_SD,,,needs_review,Sample-material signal; preserve source context only when independently supported.,unreviewed,,,,"Batch 2 - sample materials. Current mode routing method: standardizer. This value comes from Isolation_Source_SD in the QA aggregate, not directly from the raw metadata field; inspect contributing raw variants before deciding."
artificially infected Catharanthus roseus,2,artificially infected Catharanthus roseus,,disease,route_to_disease_or_health_state,Host_Disease_SD / Host_Health_State_SD,,,needs_review,Disease or health-state signal; preserve independent material and site evidence.,unreviewed,,,,"Batch 7 - disease and health state. Current mode routing method: standardizer. This value comes from Isolation_Source_SD in the QA aggregate, not directly from the raw metadata field; inspect contributing raw variants before deciding."
avian tissue,2,avian tissue,tissue,sample_type,route_to_sample_type,Sample_Type_SD,,,needs_review,Sample-material signal; preserve source context only when independently supported.,unreviewed,,,,"Batch 2 - sample materials. Current mode routing method: standardizer. This value comes from Isolation_Source_SD in the QA aggregate, not directly from the raw metadata field; inspect contributing raw variants before deciding."
baby faeces,2,baby faeces,,sample_type,route_to_sample_type,Sample_Type_SD,,,needs_review,Sample-material signal; preserve source context only when independently supported.,unreviewed,,,,"Batch 2 - sample materials. Current mode routing method: standardizer. This value comes from Isolation_Source_SD in the QA aggregate, not directly from the raw metadata field; inspect contributing raw variants before deciding."
"bat, faeces",2,"bat, faeces",,sample_type,route_to_sample_type,Sample_Type_SD,,,needs_review,Sample-material signal; preserve source context only when independently supported.,unreviewed,,,,"Batch 2 - sample materials. Current mode routing method: standardizer. This value comes from Isolation_Source_SD in the QA aggregate, not directly from the raw metadata field; inspect contributing raw variants before deciding."
Bladder stones,2,Bladder stones,,body_site,route_to_isolation_site,Isolation_Site_SD,,,needs_review,Anatomical-site signal; split material and site when both are present.,unreviewed,,,,"Batch 3 - anatomical sites. Current mode routing method: standardizer. This value comes from Isolation_Source_SD in the QA aggregate, not directly from the raw metadata field; inspect contributing raw variants before deciding."
bladder wall,2,bladder wall,,body_site,route_to_isolation_site,Isolation_Site_SD,,,needs_review,Anatomical-site signal; split material and site when both are present.,unreviewed,,,,"Batch 3 - anatomical sites. Current mode routing method: standardizer. This value comes from Isolation_Source_SD in the QA aggregate, not directly from the raw metadata field; inspect contributing raw variants before deciding."
booties (chicken field),2,booties (chicken field),,host_taxon_or_context,route_to_food_source,Isolation_Source_SD / food context,,,needs_review,Food or commodity context requires phrase-level review; animal terms alone are insufficient.,unreviewed,,,,"Batch 5 - food and commodity context. Current mode routing method: standardizer. This value comes from Isolation_Source_SD in the QA aggregate, not directly from the raw metadata field; inspect contributing raw variants before deciding."
Bos (cattle),2,Bos (cattle),,host_taxon_or_context,route_to_food_source,Isolation_Source_SD / food context,,,needs_review,Food or commodity context requires phrase-level review; animal terms alone are insufficient.,unreviewed,,,,"Batch 5 - food and commodity context. Current mode routing method: standardizer. This value comes from Isolation_Source_SD in the QA aggregate, not directly from the raw metadata field; inspect contributing raw variants before deciding."
bovine multiple tissue,2,bovine multiple tissue,tissue,sample_type,route_to_sample_type,Sample_Type_SD,,,needs_review,Sample-material signal; preserve source context only when independently supported.,unreviewed,,,,"Batch 2 - sample materials. Current mode routing method: standardizer. This value comes from Isolation_Source_SD in the QA aggregate, not directly from the raw metadata field; inspect contributing raw variants before deciding."
Broncho alveolaire lavage,2,Broncho alveolaire lavage,,sample_type,route_to_sample_type,Sample_Type_SD,,,needs_review,Sample-material signal; preserve source context only when independently supported.,unreviewed,,,,"Batch 2 - sample materials. Current mode routing method: standardizer. This value comes from Isolation_Source_SD in the QA aggregate, not directly from the raw metadata field; inspect contributing raw variants before deciding."
Broncho alveolar lavage,2,Broncho alveolar lavage,,sample_type,route_to_sample_type,Sample_Type_SD,,,needs_review,Sample-material signal; preserve source context only when independently supported.,unreviewed,,,,"Batch 2 - sample materials. Current mode routing method: standardizer. This value comes from Isolation_Source_SD in the QA aggregate, not directly from the raw metadata field; inspect contributing raw variants before deciding."
broncho alveolar lavage,2,broncho alveolar lavage,,sample_type,route_to_sample_type,Sample_Type_SD,,,needs_review,Sample-material signal; preserve source context only when independently supported.,unreviewed,,,,"Batch 2 - sample materials. Current mode routing method: standardizer. This value comes from Isolation_Source_SD in the QA aggregate, not directly from the raw metadata field; inspect contributing raw variants before deciding."
C201R,2,C201R,,raw_code_or_artifact,route_to_non_source_descriptor,suppressed/non_source_descriptor,,,needs_review,Descriptor-like signal; verify raw variants before adding a suppression rule.,unreviewed,,,,"Batch 1 - metadata descriptors. Current mode routing method: standardizer. This value comes from Isolation_Source_SD in the QA aggregate, not directly from the raw metadata field; inspect contributing raw variants before deciding."
C201R-female,2,C201R-female,,raw_code_or_artifact,route_to_non_source_descriptor,suppressed/non_source_descriptor,,,needs_review,Descriptor-like signal; verify raw variants before adding a suppression rule.,unreviewed,,,,"Batch 1 - metadata descriptors. Current mode routing method: standardizer. This value comes from Isolation_Source_SD in the QA aggregate, not directly from the raw metadata field; inspect contributing raw variants before deciding."
canine tissue,2,canine tissue,tissue,sample_type,route_to_sample_type,Sample_Type_SD,,,needs_review,Sample-material signal; preserve source context only when independently supported.,unreviewed,,,,"Batch 2 - sample materials. Current mode routing method: standardizer. This value comes from Isolation_Source_SD in the QA aggregate, not directly from the raw metadata field; inspect contributing raw variants before deciding."
"Cat, pet",2,"Cat, pet",,host_taxon_or_context,route_to_host_context,Host_Context_SD / host-associated context,,,needs_review,Host-only signal requires raw context before source or host routing.,unreviewed,,,,"Batch 6 - host context. Current mode routing method: standardizer. This value comes from Isolation_Source_SD in the QA aggregate, not directly from the raw metadata field; inspect contributing raw variants before deciding."
Catether (Blood),2,Catether (Blood),,sample_type,route_to_sample_type,Sample_Type_SD,,,needs_review,Sample-material signal; preserve source context only when independently supported.,unreviewed,,,,"Batch 2 - sample materials. Current mode routing method: standardizer. This value comes from Isolation_Source_SD in the QA aggregate, not directly from the raw metadata field; inspect contributing raw variants before deciding."
central nervous system of the animal,2,central nervous system of the animal,,host_taxon_or_context,route_to_host_context,Host_Context_SD / host-associated context,,,needs_review,Host-only signal requires raw context before source or host routing.,unreviewed,,,,"Batch 6 - host context. Current mode routing method: standardizer. This value comes from Isolation_Source_SD in the QA aggregate, not directly from the raw metadata field; inspect contributing raw variants before deciding."
cerebrospinal,2,cerebrospinal,,sample_type,route_to_sample_type,Sample_Type_SD,,,needs_review,Sample-material signal; preserve source context only when independently supported.,unreviewed,,,,"Batch 2 - sample materials. Current mode routing method: standardizer. This value comes from Isolation_Source_SD in the QA aggregate, not directly from the raw metadata field; inspect contributing raw variants before deciding."
Chest Tissue,2,Chest Tissue,tissue,sample_type,route_to_sample_type,Sample_Type_SD,,,needs_review,Sample-material signal; preserve source context only when independently supported.,unreviewed,,,,"Batch 2 - sample materials. Current mode routing method: standardizer. This value comes from Isolation_Source_SD in the QA aggregate, not directly from the raw metadata field; inspect contributing raw variants before deciding."
deep tissue,2,deep tissue,tissue,sample_type,route_to_sample_type,Sample_Type_SD,,,needs_review,Sample-material signal; preserve source context only when independently supported.,unreviewed,,,,"Batch 2 - sample materials. Current mode routing method: standardizer. This value comes from Isolation_Source_SD in the QA aggregate, not directly from the raw metadata field; inspect contributing raw variants before deciding."
deer mouse or kangaroo rat,2,deer mouse or kangaroo rat,,host_taxon_or_context,route_to_host_context,Host_Context_SD / host-associated context,,,needs_review,Host-only signal requires raw context before source or host routing.,unreviewed,,,,"Batch 6 - host context. Current mode routing method: standardizer. This value comes from Isolation_Source_SD in the QA aggregate, not directly from the raw metadata field; inspect contributing raw variants before deciding."
dog chews pizzle,2,dog chews pizzle,,host_taxon_or_context,route_to_host_context,Host_Context_SD / host-associated context,,,needs_review,Host-only signal requires raw context before source or host routing.,unreviewed,,,,"Batch 6 - host context. Current mode routing method: standardizer. This value comes from Isolation_Source_SD in the QA aggregate, not directly from the raw metadata field; inspect contributing raw variants before deciding."
dog treat deer antler,2,dog treat deer antler,,host_taxon_or_context,route_to_host_context,Host_Context_SD / host-associated context,,,needs_review,Host-only signal requires raw context before source or host routing.,unreviewed,,,,"Batch 6 - host context. Current mode routing method: standardizer. This value comes from Isolation_Source_SD in the QA aggregate, not directly from the raw metadata field; inspect contributing raw variants before deciding."
dog treat lamb crumble,2,dog treat lamb crumble,,host_taxon_or_context,route_to_host_context,Host_Context_SD / host-associated context,,,needs_review,Host-only signal requires raw context before source or host routing.,unreviewed,,,,"Batch 6 - host context. Current mode routing method: standardizer. This value comes from Isolation_Source_SD in the QA aggregate, not directly from the raw metadata field; inspect contributing raw variants before deciding."
Dog Treats,2,Dog Treats,,host_taxon_or_context,route_to_host_context,Host_Context_SD / host-associated context,,,needs_review,Host-only signal requires raw context before source or host routing.,unreviewed,,,,"Batch 6 - host context. Current mode routing method: standardizer. This value comes from Isolation_Source_SD in the QA aggregate, not directly from the raw metadata field; inspect contributing raw variants before deciding."
"Dog, lip",2,"Dog, lip",,host_taxon_or_context,route_to_host_context,Host_Context_SD / host-associated context,,,needs_review,Host-only signal requires raw context before source or host routing.,unreviewed,,,,"Batch 6 - host context. Current mode routing method: standardizer. This value comes from Isolation_Source_SD in the QA aggregate, not directly from the raw metadata field; inspect contributing raw variants before deciding."
dried animal hooves,2,dried animal hooves,,host_taxon_or_context,route_to_host_context,Host_Context_SD / host-associated context,,,needs_review,Host-only signal requires raw context before source or host routing.,unreviewed,,,,"Batch 6 - host context. Current mode routing method: standardizer. This value comes from Isolation_Source_SD in the QA aggregate, not directly from the raw metadata field; inspect contributing raw variants before deciding."
dried ostrich dog treat,2,dried ostrich dog treat,,host_taxon_or_context,route_to_host_context,Host_Context_SD / host-associated context,,,needs_review,Host-only signal requires raw context before source or host routing.,unreviewed,,,,"Batch 6 - host context. Current mode routing method: standardizer. This value comes from Isolation_Source_SD in the QA aggregate, not directly from the raw metadata field; inspect contributing raw variants before deciding."
dry dog kibble,2,dry dog kibble,,host_taxon_or_context,route_to_host_context,Host_Context_SD / host-associated context,,,needs_review,Host-only signal requires raw context before source or host routing.,unreviewed,,,,"Batch 6 - host context. Current mode routing method: standardizer. This value comes from Isolation_Source_SD in the QA aggregate, not directly from the raw metadata field; inspect contributing raw variants before deciding."
Dyre2,2,Dyre2,,raw_code_or_artifact,route_to_non_source_descriptor,suppressed/non_source_descriptor,,,needs_review,Descriptor-like signal; verify raw variants before adding a suppression rule.,unreviewed,,,,"Batch 1 - metadata descriptors. Current mode routing method: standardizer. This value comes from Isolation_Source_SD in the QA aggregate, not directly from the raw metadata field; inspect contributing raw variants before deciding."
DyreVideo1,2,DyreVideo1,,raw_code_or_artifact,route_to_non_source_descriptor,suppressed/non_source_descriptor,,,needs_review,Descriptor-like signal; verify raw variants before adding a suppression rule.,unreviewed,,,,"Batch 1 - metadata descriptors. Current mode routing method: standardizer. This value comes from Isolation_Source_SD in the QA aggregate, not directly from the raw metadata field; inspect contributing raw variants before deciding."
eggs of a naturally infected Ixodes ricinus tick,2,eggs of a naturally infected Ixodes ricinus tick,,disease,route_to_disease_or_health_state,Host_Disease_SD / Host_Health_State_SD,,,needs_review,Disease or health-state signal; preserve independent material and site evidence.,unreviewed,,,,"Batch 7 - disease and health state. Current mode routing method: standardizer. This value comes from Isolation_Source_SD in the QA aggregate, not directly from the raw metadata field; inspect contributing raw variants before deciding."
eggs of a tick infected in nature,2,eggs of a tick infected in nature,,disease,route_to_disease_or_health_state,Host_Disease_SD / Host_Health_State_SD,,,needs_review,Disease or health-state signal; preserve independent material and site evidence.,unreviewed,,,,"Batch 7 - disease and health state. Current mode routing method: standardizer. This value comes from Isolation_Source_SD in the QA aggregate, not directly from the raw metadata field; inspect contributing raw variants before deciding."
Elaeagnus angustifolia foliage harboring unknown insect,2,Elaeagnus angustifolia foliage harboring unknown insect,,metadata_descriptor,route_to_non_source_descriptor,suppressed/non_source_descriptor,,,needs_review,Descriptor-like signal; verify raw variants before adding a suppression rule.,unreviewed,,,,"Batch 1 - metadata descriptors. Current mode routing method: standardizer. This value comes from Isolation_Source_SD in the QA aggregate, not directly from the raw metadata field; inspect contributing raw variants before deciding."
Elanco Animal Health,2,Elanco Animal Health,,host_taxon_or_context,route_to_host_context,Host_Context_SD / host-associated context,,,needs_review,Host-only signal requires raw context before source or host routing.,unreviewed,,,,"Batch 6 - host context. Current mode routing method: standardizer. This value comes from Isolation_Source_SD in the QA aggregate, not directly from the raw metadata field; inspect contributing raw variants before deciding."
Elbow tissue,2,Elbow tissue,tissue,sample_type,route_to_sample_type,Sample_Type_SD,,,needs_review,Sample-material signal; preserve source context only when independently supported.,unreviewed,,,,"Batch 2 - sample materials. Current mode routing method: standardizer. This value comes from Isolation_Source_SD in the QA aggregate, not directly from the raw metadata field; inspect contributing raw variants before deciding."
endophytic tissue,2,endophytic tissue,tissue,sample_type,route_to_sample_type,Sample_Type_SD,,,needs_review,Sample-material signal; preserve source context only when independently supported.,unreviewed,,,,"Batch 2 - sample materials. Current mode routing method: standardizer. This value comes from Isolation_Source_SD in the QA aggregate, not directly from the raw metadata field; inspect contributing raw variants before deciding."
EVB10,2,EVB10,,raw_code_or_artifact,route_to_non_source_descriptor,suppressed/non_source_descriptor,,,needs_review,Descriptor-like signal; verify raw variants before adding a suppression rule.,unreviewed,,,,"Batch 1 - metadata descriptors. Current mode routing method: standardizer. This value comes from Isolation_Source_SD in the QA aggregate, not directly from the raw metadata field; inspect contributing raw variants before deciding."
EVB3,2,EVB3,,raw_code_or_artifact,route_to_non_source_descriptor,suppressed/non_source_descriptor,,,needs_review,Descriptor-like signal; verify raw variants before adding a suppression rule.,unreviewed,,,,"Batch 1 - metadata descriptors. Current mode routing method: standardizer. This value comes from Isolation_Source_SD in the QA aggregate, not directly from the raw metadata field; inspect contributing raw variants before deciding."
EVB7,2,EVB7,,raw_code_or_artifact,route_to_non_source_descriptor,suppressed/non_source_descriptor,,,needs_review,Descriptor-like signal; verify raw variants before adding a suppression rule.,unreviewed,,,,"Batch 1 - metadata descriptors. Current mode routing method: standardizer. This value comes from Isolation_Source_SD in the QA aggregate, not directly from the raw metadata field; inspect contributing raw variants before deciding."
"Feed, animal-based",2,"Feed, animal-based",,host_taxon_or_context,route_to_host_context,Host_Context_SD / host-associated context,,,needs_review,Host-only signal requires raw context before source or host routing.,unreviewed,,,,"Batch 6 - host context. Current mode routing method: standardizer. This value comes from Isolation_Source_SD in the QA aggregate, not directly from the raw metadata field; inspect contributing raw variants before deciding."
feline tissue,2,feline tissue,tissue,sample_type,route_to_sample_type,Sample_Type_SD,,,needs_review,Sample-material signal; preserve source context only when independently supported.,unreviewed,,,,"Batch 2 - sample materials. Current mode routing method: standardizer. This value comes from Isolation_Source_SD in the QA aggregate, not directly from the raw metadata field; inspect contributing raw variants before deciding."
femur_chicken2_1,2,femur_chicken2_1,,raw_code_or_artifact,route_to_non_source_descriptor,suppressed/non_source_descriptor,,,needs_review,Descriptor-like signal; verify raw variants before adding a suppression rule.,unreviewed,,,,"Batch 1 - metadata descriptors. Current mode routing method: standardizer. This value comes from Isolation_Source_SD in the QA aggregate, not directly from the raw metadata field; inspect contributing raw variants before deciding."
femur_chicken2_2,2,femur_chicken2_2,,raw_code_or_artifact,route_to_non_source_descriptor,suppressed/non_source_descriptor,,,needs_review,Descriptor-like signal; verify raw variants before adding a suppression rule.,unreviewed,,,,"Batch 1 - metadata descriptors. Current mode routing method: standardizer. This value comes from Isolation_Source_SD in the QA aggregate, not directly from the raw metadata field; inspect contributing raw variants before deciding."
femur_chicken2_3,2,femur_chicken2_3,,raw_code_or_artifact,route_to_non_source_descriptor,suppressed/non_source_descriptor,,,needs_review,Descriptor-like signal; verify raw variants before adding a suppression rule.,unreviewed,,,,"Batch 1 - metadata descriptors. Current mode routing method: standardizer. This value comes from Isolation_Source_SD in the QA aggregate, not directly from the raw metadata field; inspect contributing raw variants before deciding."
Finger Tissue,2,Finger Tissue,tissue,sample_type,route_to_sample_type,Sample_Type_SD,,,needs_review,Sample-material signal; preserve source context only when independently supported.,unreviewed,,,,"Batch 2 - sample materials. Current mode routing method: standardizer. This value comes from Isolation_Source_SD in the QA aggregate, not directly from the raw metadata field; inspect contributing raw variants before deciding."
FredPark2,2,FredPark2,,raw_code_or_artifact,route_to_non_source_descriptor,suppressed/non_source_descriptor,,,needs_review,Descriptor-like signal; verify raw variants before adding a suppression rule.,unreviewed,,,,"Batch 1 - metadata descriptors. Current mode routing method: standardizer. This value comes from Isolation_Source_SD in the QA aggregate, not directly from the raw metadata field; inspect contributing raw variants before deciding."
frozen animal feed feeder mouse,2,frozen animal feed feeder mouse,,host_taxon_or_context,route_to_host_context,Host_Context_SD / host-associated context,,,needs_review,Host-only signal requires raw context before source or host routing.,unreviewed,,,,"Batch 6 - host context. Current mode routing method: standardizer. This value comes from Isolation_Source_SD in the QA aggregate, not directly from the raw metadata field; inspect contributing raw variants before deciding."
frozen animal feed pink baby mouse,2,frozen animal feed pink baby mouse,,host_taxon_or_context,route_to_host_context,Host_Context_SD / host-associated context,,,needs_review,Host-only signal requires raw context before source or host routing.,unreviewed,,,,"Batch 6 - host context. Current mode routing method: standardizer. This value comes from Isolation_Source_SD in the QA aggregate, not directly from the raw metadata field; inspect contributing raw variants before deciding."
frozen animal feed raw for cat,2,frozen animal feed raw for cat,,host_taxon_or_context,route_to_host_context,Host_Context_SD / host-associated context,,,needs_review,Host-only signal requires raw context before source or host routing.,unreviewed,,,,"Batch 6 - host context. Current mode routing method: standardizer. This value comes from Isolation_Source_SD in the QA aggregate, not directly from the raw metadata field; inspect contributing raw variants before deciding."
gastric tissue,2,gastric tissue,tissue,sample_type,route_to_sample_type,Sample_Type_SD,,,needs_review,Sample-material signal; preserve source context only when independently supported.,unreviewed,,,,"Batch 2 - sample materials. Current mode routing method: standardizer. This value comes from Isolation_Source_SD in the QA aggregate, not directly from the raw metadata field; inspect contributing raw variants before deciding."
"general (wound, abcess, Etc.)",2,"general (wound, abcess, Etc.)",,body_site,route_to_isolation_site,Isolation_Site_SD,,,needs_review,Anatomical-site signal; split material and site when both are present.,unreviewed,,,,"Batch 3 - anatomical sites. Current mode routing method: standardizer. This value comes from Isolation_Source_SD in the QA aggregate, not directly from the raw metadata field; inspect contributing raw variants before deciding."
GI: Gall Bladder,2,GI: Gall Bladder,,body_site,route_to_isolation_site,Isolation_Site_SD,,,needs_review,Anatomical-site signal; split material and site when both are present.,unreviewed,,,,"Batch 3 - anatomical sites. Current mode routing method: standardizer. This value comes from Isolation_Source_SD in the QA aggregate, not directly from the raw metadata field; inspect contributing raw variants before deciding."
H9-mesoderm_IFI16sh1865,2,H9-mesoderm_IFI16sh1865,,raw_code_or_artifact,route_to_non_source_descriptor,suppressed/non_source_descriptor,,,needs_review,Descriptor-like signal; verify raw variants before adding a suppression rule.,unreviewed,,,,"Batch 1 - metadata descriptors. Current mode routing method: standardizer. This value comes from Isolation_Source_SD in the QA aggregate, not directly from the raw metadata field; inspect contributing raw variants before deciding."
Heel Tissue,2,Heel Tissue,tissue,sample_type,route_to_sample_type,Sample_Type_SD,,,needs_review,Sample-material signal; preserve source context only when independently supported.,unreviewed,,,,"Batch 2 - sample materials. Current mode routing method: standardizer. This value comes from Isolation_Source_SD in the QA aggregate, not directly from the raw metadata field; inspect contributing raw variants before deciding."
HeLa-S3,2,HeLa-S3,,raw_code_or_artifact,route_to_non_source_descriptor,suppressed/non_source_descriptor,,,needs_review,Descriptor-like signal; verify raw variants before adding a suppression rule.,unreviewed,,,,"Batch 1 - metadata descriptors. Current mode routing method: standardizer. This value comes from Isolation_Source_SD in the QA aggregate, not directly from the raw metadata field; inspect contributing raw variants before deciding."
HepG2,2,HepG2,,raw_code_or_artifact,route_to_non_source_descriptor,suppressed/non_source_descriptor,,,needs_review,Descriptor-like signal; verify raw variants before adding a suppression rule.,unreviewed,,,,"Batch 1 - metadata descriptors. Current mode routing method: standardizer. This value comes from Isolation_Source_SD in the QA aggregate, not directly from the raw metadata field; inspect contributing raw variants before deciding."
Hip tissue,2,Hip tissue,tissue,sample_type,route_to_sample_type,Sample_Type_SD,,,needs_review,Sample-material signal; preserve source context only when independently supported.,unreviewed,,,,"Batch 2 - sample materials. Current mode routing method: standardizer. This value comes from Isolation_Source_SD in the QA aggregate, not directly from the raw metadata field; inspect contributing raw variants before deciding."
HIV infected cell supernatant,2,HIV infected cell supernatant,,disease,route_to_disease_or_health_state,Host_Disease_SD / Host_Health_State_SD,,,needs_review,Disease or health-state signal; preserve independent material and site evidence.,unreviewed,,,,"Batch 7 - disease and health state. Current mode routing method: standardizer. This value comes from Isolation_Source_SD in the QA aggregate, not directly from the raw metadata field; inspect contributing raw variants before deciding."
hnRNP L KO mouse,2,hnRNP L KO mouse,,host_taxon_or_context,route_to_host_context,Host_Context_SD / host-associated context,,,needs_review,Host-only signal requires raw context before source or host routing.,unreviewed,,,,"Batch 6 - host context. Current mode routing method: standardizer. This value comes from Isolation_Source_SD in the QA aggregate, not directly from the raw metadata field; inspect contributing raw variants before deciding."
host tissue homogenate,2,host tissue homogenate,tissue,sample_type,route_to_sample_type,Sample_Type_SD,,,needs_review,Sample-material signal; preserve source context only when independently supported.,unreviewed,,,,"Batch 2 - sample materials. Current mode routing method: standardizer. This value comes from Isolation_Source_SD in the QA aggregate, not directly from the raw metadata field; inspect contributing raw variants before deciding."
host-1,2,host-1,,raw_code_or_artifact,route_to_non_source_descriptor,suppressed/non_source_descriptor,,,needs_review,Descriptor-like signal; verify raw variants before adding a suppression rule.,unreviewed,,,,"Batch 1 - metadata descriptors. Current mode routing method: standardizer. This value comes from Isolation_Source_SD in the QA aggregate, not directly from the raw metadata field; inspect contributing raw variants before deciding."
HOT DOG,2,HOT DOG,,host_taxon_or_context,route_to_host_context,Host_Context_SD / host-associated context,,,needs_review,Host-only signal requires raw context before source or host routing.,unreviewed,,,,"Batch 6 - host context. Current mode routing method: standardizer. This value comes from Isolation_Source_SD in the QA aggregate, not directly from the raw metadata field; inspect contributing raw variants before deciding."
Hot Dog Sausage,2,Hot Dog Sausage,,host_taxon_or_context,route_to_host_context,Host_Context_SD / host-associated context,,,needs_review,Host-only signal requires raw context before source or host routing.,unreviewed,,,,"Batch 6 - host context. Current mode routing method: standardizer. This value comes from Isolation_Source_SD in the QA aggregate, not directly from the raw metadata field; inspect contributing raw variants before deciding."
Hot dog-parowka,2,Hot dog-parowka,,host_taxon_or_context,route_to_host_context,Host_Context_SD / host-associated context,,,needs_review,Host-only signal requires raw context before source or host routing.,unreviewed,,,,"Batch 6 - host context. Current mode routing method: standardizer. This value comes from Isolation_Source_SD in the QA aggregate, not directly from the raw metadata field; inspect contributing raw variants before deciding."
industrialized animal ration,2,industrialized animal ration,,host_taxon_or_context,route_to_host_context,Host_Context_SD / host-associated context,,,needs_review,Host-only signal requires raw context before source or host routing.,unreviewed,,,,"Batch 6 - host context. Current mode routing method: standardizer. This value comes from Isolation_Source_SD in the QA aggregate, not directly from the raw metadata field; inspect contributing raw variants before deciding."
Intraabdominal tissue,2,Intraabdominal tissue,tissue,sample_type,route_to_sample_type,Sample_Type_SD,,,needs_review,Sample-material signal; preserve source context only when independently supported.,unreviewed,,,,"Batch 2 - sample materials. Current mode routing method: standardizer. This value comes from Isolation_Source_SD in the QA aggregate, not directly from the raw metadata field; inspect contributing raw variants before deciding."
Joint Tissue,2,Joint Tissue,tissue,sample_type,route_to_sample_type,Sample_Type_SD,,,needs_review,Sample-material signal; preserve source context only when independently supported.,unreviewed,,,,"Batch 2 - sample materials. Current mode routing method: standardizer. This value comes from Isolation_Source_SD in the QA aggregate, not directly from the raw metadata field; inspect contributing raw variants before deciding."
kangaroo rat,2,kangaroo rat,,host_taxon_or_context,route_to_host_context,Host_Context_SD / host-associated context,,,needs_review,Host-only signal requires raw context before source or host routing.,unreviewed,,,,"Batch 6 - host context. Current mode routing method: standardizer. This value comes from Isolation_Source_SD in the QA aggregate, not directly from the raw metadata field; inspect contributing raw variants before deciding."
kite (cloacal swab),2,kite (cloacal swab),,sample_type,route_to_sample_type,Sample_Type_SD,,,needs_review,Sample-material signal; preserve source context only when independently supported.,unreviewed,,,,"Batch 2 - sample materials. Current mode routing method: standardizer. This value comes from Isolation_Source_SD in the QA aggregate, not directly from the raw metadata field; inspect contributing raw variants before deciding."
L hip tissue,2,L hip tissue,tissue,sample_type,route_to_sample_type,Sample_Type_SD,,,needs_review,Sample-material signal; preserve source context only when independently supported.,unreviewed,,,,"Batch 2 - sample materials. Current mode routing method: standardizer. This value comes from Isolation_Source_SD in the QA aggregate, not directly from the raw metadata field; inspect contributing raw variants before deciding."
LEFT HEEL TISSUE,2,LEFT HEEL TISSUE,tissue,sample_type,route_to_sample_type,Sample_Type_SD,,,needs_review,Sample-material signal; preserve source context only when independently supported.,unreviewed,,,,"Batch 2 - sample materials. Current mode routing method: standardizer. This value comes from Isolation_Source_SD in the QA aggregate, not directly from the raw metadata field; inspect contributing raw variants before deciding."
Livestock animal,2,Livestock animal,,host_taxon_or_context,route_to_host_context,Host_Context_SD / host-associated context,,,needs_review,Host-only signal requires raw context before source or host routing.,unreviewed,,,,"Batch 6 - host context. Current mode routing method: standardizer. This value comes from Isolation_Source_SD in the QA aggregate, not directly from the raw metadata field; inspect contributing raw variants before deciding."
Lizards faeces,2,Lizards faeces,,sample_type,route_to_sample_type,Sample_Type_SD,,,needs_review,Sample-material signal; preserve source context only when independently supported.,unreviewed,,,,"Batch 2 - sample materials. Current mode routing method: standardizer. This value comes from Isolation_Source_SD in the QA aggregate, not directly from the raw metadata field; inspect contributing raw variants before deciding."
LNCaP_GSK24H,2,LNCaP_GSK24H,,raw_code_or_artifact,route_to_non_source_descriptor,suppressed/non_source_descriptor,,,needs_review,Descriptor-like signal; verify raw variants before adding a suppression rule.,unreviewed,,,,"Batch 1 - metadata descriptors. Current mode routing method: standardizer. This value comes from Isolation_Source_SD in the QA aggregate, not directly from the raw metadata field; inspect contributing raw variants before deciding."
LNCaP_GSK4H,2,LNCaP_GSK4H,,raw_code_or_artifact,route_to_non_source_descriptor,suppressed/non_source_descriptor,,,needs_review,Descriptor-like signal; verify raw variants before adding a suppression rule.,unreviewed,,,,"Batch 1 - metadata descriptors. Current mode routing method: standardizer. This value comes from Isolation_Source_SD in the QA aggregate, not directly from the raw metadata field; inspect contributing raw variants before deciding."
Locker_P26_BU28,2,Locker_P26_BU28,,raw_code_or_artifact,route_to_non_source_descriptor,suppressed/non_source_descriptor,,,needs_review,Descriptor-like signal; verify raw variants before adding a suppression rule.,unreviewed,,,,"Batch 1 - metadata descriptors. Current mode routing method: standardizer. This value comes from Isolation_Source_SD in the QA aggregate, not directly from the raw metadata field; inspect contributing raw variants before deciding."
Locker_P29_BU6,2,Locker_P29_BU6,,raw_code_or_artifact,route_to_non_source_descriptor,suppressed/non_source_descriptor,,,needs_review,Descriptor-like signal; verify raw variants before adding a suppression rule.,unreviewed,,,,"Batch 1 - metadata descriptors. Current mode routing method: standardizer. This value comes from Isolation_Source_SD in the QA aggregate, not directly from the raw metadata field; inspect contributing raw variants before deciding."
Lohmann Animal Health,2,Lohmann Animal Health,,host_taxon_or_context,route_to_host_context,Host_Context_SD / host-associated context,,,needs_review,Host-only signal requires raw context before source or host routing.,unreviewed,,,,"Batch 6 - host context. Current mode routing method: standardizer. This value comes from Isolation_Source_SD in the QA aggregate, not directly from the raw metadata field; inspect contributing raw variants before deciding."
LysMC8flx_mono_D20,2,LysMC8flx_mono_D20,,raw_code_or_artifact,route_to_non_source_descriptor,suppressed/non_source_descriptor,,,needs_review,Descriptor-like signal; verify raw variants before adding a suppression rule.,unreviewed,,,,"Batch 1 - metadata descriptors. Current mode routing method: standardizer. This value comes from Isolation_Source_SD in the QA aggregate, not directly from the raw metadata field; inspect contributing raw variants before deciding."
MCF-7,2,MCF-7,,raw_code_or_artifact,route_to_non_source_descriptor,suppressed/non_source_descriptor,,,needs_review,Descriptor-like signal; verify raw variants before adding a suppression rule.,unreviewed,,,,"Batch 1 - metadata descriptors. Current mode routing method: standardizer. This value comes from Isolation_Source_SD in the QA aggregate, not directly from the raw metadata field; inspect contributing raw variants before deciding."
motor cortex tissue,2,motor cortex tissue,clinical/host-associated material,sample_type,route_to_sample_type,Sample_Type_SD,,,needs_review,Sample-material signal; preserve source context only when independently supported.,unreviewed,,,,"Batch 2 - sample materials. Current mode routing method: standardizer. This value comes from Isolation_Source_SD in the QA aggregate, not directly from the raw metadata field; inspect contributing raw variants before deciding."
mouse,2,mouse,,host_taxon_or_context,route_to_host_context,Host_Context_SD / host-associated context,,,needs_review,Host-only signal requires raw context before source or host routing.,unreviewed,,,,"Batch 6 - host context. Current mode routing method: standardizer. This value comes from Isolation_Source_SD in the QA aggregate, not directly from the raw metadata field; inspect contributing raw variants before deciding."
mouse embryonic fibroblasts,2,mouse embryonic fibroblasts,,host_taxon_or_context,route_to_host_context,Host_Context_SD / host-associated context,,,needs_review,Host-only signal requires raw context before source or host routing.,unreviewed,,,,"Batch 6 - host context. Current mode routing method: standardizer. This value comes from Isolation_Source_SD in the QA aggregate, not directly from the raw metadata field; inspect contributing raw variants before deciding."
Mouse KO miRNA26B,2,Mouse KO miRNA26B,,host_taxon_or_context,route_to_host_context,Host_Context_SD / host-associated context,,,needs_review,Host-only signal requires raw context before source or host routing.,unreviewed,,,,"Batch 6 - host context. Current mode routing method: standardizer. This value comes from Isolation_Source_SD in the QA aggregate, not directly from the raw metadata field; inspect contributing raw variants before deciding."
mouse mature inner hair cells,2,mouse mature inner hair cells,,host_taxon_or_context,route_to_host_context,Host_Context_SD / host-associated context,,,needs_review,Host-only signal requires raw context before source or host routing.,unreviewed,,,,"Batch 6 - host context. Current mode routing method: standardizer. This value comes from Isolation_Source_SD in the QA aggregate, not directly from the raw metadata field; inspect contributing raw variants before deciding."
mouse mature outer hair cells,2,mouse mature outer hair cells,,host_taxon_or_context,route_to_host_context,Host_Context_SD / host-associated context,,,needs_review,Host-only signal requires raw context before source or host routing.,unreviewed,,,,"Batch 6 - host context. Current mode routing method: standardizer. This value comes from Isolation_Source_SD in the QA aggregate, not directly from the raw metadata field; inspect contributing raw variants before deciding."
Mouse microbiome,2,Mouse microbiome,,host_taxon_or_context,route_to_host_context,Host_Context_SD / host-associated context,,,needs_review,Host-only signal requires raw context before source or host routing.,unreviewed,,,,"Batch 6 - host context. Current mode routing method: standardizer. This value comes from Isolation_Source_SD in the QA aggregate, not directly from the raw metadata field; inspect contributing raw variants before deciding."
muscle tissue,2,muscle tissue,tissue,sample_type,route_to_sample_type,Sample_Type_SD,,,needs_review,Sample-material signal; preserve source context only when independently supported.,unreviewed,,,,"Batch 2 - sample materials. Current mode routing method: standardizer. This value comes from Isolation_Source_SD in the QA aggregate, not directly from the raw metadata field; inspect contributing raw variants before deciding."
Mut18-ATAC,2,Mut18-ATAC,,raw_code_or_artifact,route_to_non_source_descriptor,suppressed/non_source_descriptor,,,needs_review,Descriptor-like signal; verify raw variants before adding a suppression rule.,unreviewed,,,,"Batch 1 - metadata descriptors. Current mode routing method: standardizer. This value comes from Isolation_Source_SD in the QA aggregate, not directly from the raw metadata field; inspect contributing raw variants before deciding."
Nebuliser_P23_BU25,2,Nebuliser_P23_BU25,,raw_code_or_artifact,route_to_non_source_descriptor,suppressed/non_source_descriptor,,,needs_review,Descriptor-like signal; verify raw variants before adding a suppression rule.,unreviewed,,,,"Batch 1 - metadata descriptors. Current mode routing method: standardizer. This value comes from Isolation_Source_SD in the QA aggregate, not directly from the raw metadata field; inspect contributing raw variants before deciding."
Nebuliser_P50_BU7,2,Nebuliser_P50_BU7,,raw_code_or_artifact,route_to_non_source_descriptor,suppressed/non_source_descriptor,,,needs_review,Descriptor-like signal; verify raw variants before adding a suppression rule.,unreviewed,,,,"Batch 1 - metadata descriptors. Current mode routing method: standardizer. This value comes from Isolation_Source_SD in the QA aggregate, not directly from the raw metadata field; inspect contributing raw variants before deciding."
Necrotic Tissue,2,Necrotic Tissue,tissue,sample_type,route_to_sample_type,Sample_Type_SD,,,needs_review,Sample-material signal; preserve source context only when independently supported.,unreviewed,,,,"Batch 2 - sample materials. Current mode routing method: standardizer. This value comes from Isolation_Source_SD in the QA aggregate, not directly from the raw metadata field; inspect contributing raw variants before deciding."
necrotic tissue,2,necrotic tissue,tissue,sample_type,route_to_sample_type,Sample_Type_SD,,,needs_review,Sample-material signal; preserve source context only when independently supported.,unreviewed,,,,"Batch 2 - sample materials. Current mode routing method: standardizer. This value comes from Isolation_Source_SD in the QA aggregate, not directly from the raw metadata field; inspect contributing raw variants before deciding."
Ngari (fermented fish),2,Ngari (fermented fish),,host_taxon_or_context,route_to_host_context,Host_Context_SD / host-associated context,,,needs_review,Host-only signal requires raw context before source or host routing.,unreviewed,,,,"Batch 6 - host context. Current mode routing method: standardizer. This value comes from Isolation_Source_SD in the QA aggregate, not directly from the raw metadata field; inspect contributing raw variants before deciding."
Nigg3,2,Nigg3,,raw_code_or_artifact,route_to_non_source_descriptor,suppressed/non_source_descriptor,,,needs_review,Descriptor-like signal; verify raw variants before adding a suppression rule.,unreviewed,,,,"Batch 1 - metadata descriptors. Current mode routing method: standardizer. This value comes from Isolation_Source_SD in the QA aggregate, not directly from the raw metadata field; inspect contributing raw variants before deciding."
O_Room_1_D_Organism_2,2,O_Room_1_D_Organism_2,,raw_code_or_artifact,route_to_non_source_descriptor,suppressed/non_source_descriptor,,,needs_review,Descriptor-like signal; verify raw variants before adding a suppression rule.,unreviewed,,,,"Batch 1 - metadata descriptors. Current mode routing method: standardizer. This value comes from Isolation_Source_SD in the QA aggregate, not directly from the raw metadata field; inspect contributing raw variants before deciding."
O_Room_1_D_Organism_3,2,O_Room_1_D_Organism_3,,raw_code_or_artifact,route_to_non_source_descriptor,suppressed/non_source_descriptor,,,needs_review,Descriptor-like signal; verify raw variants before adding a suppression rule.,unreviewed,,,,"Batch 1 - metadata descriptors. Current mode routing method: standardizer. This value comes from Isolation_Source_SD in the QA aggregate, not directly from the raw metadata field; inspect contributing raw variants before deciding."
O_Room_3_D_Organism_2,2,O_Room_3_D_Organism_2,,raw_code_or_artifact,route_to_non_source_descriptor,suppressed/non_source_descriptor,,,needs_review,Descriptor-like signal; verify raw variants before adding a suppression rule.,unreviewed,,,,"Batch 1 - metadata descriptors. Current mode routing method: standardizer. This value comes from Isolation_Source_SD in the QA aggregate, not directly from the raw metadata field; inspect contributing raw variants before deciding."
O_Room_3_D_Organism_3,2,O_Room_3_D_Organism_3,,raw_code_or_artifact,route_to_non_source_descriptor,suppressed/non_source_descriptor,,,needs_review,Descriptor-like signal; verify raw variants before adding a suppression rule.,unreviewed,,,,"Batch 1 - metadata descriptors. Current mode routing method: standardizer. This value comes from Isolation_Source_SD in the QA aggregate, not directly from the raw metadata field; inspect contributing raw variants before deciding."
O_Room_4_D_Organism_1,2,O_Room_4_D_Organism_1,,raw_code_or_artifact,route_to_non_source_descriptor,suppressed/non_source_descriptor,,,needs_review,Descriptor-like signal; verify raw variants before adding a suppression rule.,unreviewed,,,,"Batch 1 - metadata descriptors. Current mode routing method: standardizer. This value comes from Isolation_Source_SD in the QA aggregate, not directly from the raw metadata field; inspect contributing raw variants before deciding."
O_Room_5_D_Organism_1,2,O_Room_5_D_Organism_1,,raw_code_or_artifact,route_to_non_source_descriptor,suppressed/non_source_descriptor,,,needs_review,Descriptor-like signal; verify raw variants before adding a suppression rule.,unreviewed,,,,"Batch 1 - metadata descriptors. Current mode routing method: standardizer. This value comes from Isolation_Source_SD in the QA aggregate, not directly from the raw metadata field; inspect contributing raw variants before deciding."
O_Room_5_D_Organism_2,2,O_Room_5_D_Organism_2,,raw_code_or_artifact,route_to_non_source_descriptor,suppressed/non_source_descriptor,,,needs_review,Descriptor-like signal; verify raw variants before adding a suppression rule.,unreviewed,,,,"Batch 1 - metadata descriptors. Current mode routing method: standardizer. This value comes from Isolation_Source_SD in the QA aggregate, not directly from the raw metadata field; inspect contributing raw variants before deciding."
organ from animal collected from slaughterhouse,2,organ from animal collected from slaughterhouse,,host_taxon_or_context,route_to_host_context,Host_Context_SD / host-associated context,,,needs_review,Host-only signal requires raw context before source or host routing.,unreviewed,,,,"Batch 6 - host context. Current mode routing method: standardizer. This value comes from Isolation_Source_SD in the QA aggregate, not directly from the raw metadata field; inspect contributing raw variants before deciding."
Pancreatic Tissue,2,Pancreatic Tissue,tissue,sample_type,route_to_sample_type,Sample_Type_SD,,,needs_review,Sample-material signal; preserve source context only when independently supported.,unreviewed,,,,"Batch 2 - sample materials. Current mode routing method: standardizer. This value comes from Isolation_Source_SD in the QA aggregate, not directly from the raw metadata field; inspect contributing raw variants before deciding."
patient1,2,patient1,,raw_code_or_artifact,route_to_non_source_descriptor,suppressed/non_source_descriptor,,,needs_review,Descriptor-like signal; verify raw variants before adding a suppression rule.,unreviewed,,,,"Batch 1 - metadata descriptors. Current mode routing method: standardizer. This value comes from Isolation_Source_SD in the QA aggregate, not directly from the raw metadata field; inspect contributing raw variants before deciding."
pericardium_chicken2,2,pericardium_chicken2,,raw_code_or_artifact,route_to_non_source_descriptor,suppressed/non_source_descriptor,,,needs_review,Descriptor-like signal; verify raw variants before adding a suppression rule.,unreviewed,,,,"Batch 1 - metadata descriptors. Current mode routing method: standardizer. This value comes from Isolation_Source_SD in the QA aggregate, not directly from the raw metadata field; inspect contributing raw variants before deciding."
phloem tissue of taproot,2,phloem tissue of taproot,tissue,sample_type,route_to_sample_type,Sample_Type_SD,,,needs_review,Sample-material signal; preserve source context only when independently supported.,unreviewed,,,,"Batch 2 - sample materials. Current mode routing method: standardizer. This value comes from Isolation_Source_SD in the QA aggregate, not directly from the raw metadata field; inspect contributing raw variants before deciding."
Placental tissue,2,Placental tissue,tissue,sample_type,route_to_sample_type,Sample_Type_SD,,,needs_review,Sample-material signal; preserve source context only when independently supported.,unreviewed,,,,"Batch 2 - sample materials. Current mode routing method: standardizer. This value comes from Isolation_Source_SD in the QA aggregate, not directly from the raw metadata field; inspect contributing raw variants before deciding."
PO_0009008,2,PO_0009008,,raw_code_or_artifact,route_to_non_source_descriptor,suppressed/non_source_descriptor,,,needs_review,Descriptor-like signal; verify raw variants before adding a suppression rule.,unreviewed,,,,"Batch 1 - metadata descriptors. Current mode routing method: standardizer. This value comes from Isolation_Source_SD in the QA aggregate, not directly from the raw metadata field; inspect contributing raw variants before deciding."
polyp tissue,2,polyp tissue,tissue,sample_type,route_to_sample_type,Sample_Type_SD,,,needs_review,Sample-material signal; preserve source context only when independently supported.,unreviewed,,,,"Batch 2 - sample materials. Current mode routing method: standardizer. This value comes from Isolation_Source_SD in the QA aggregate, not directly from the raw metadata field; inspect contributing raw variants before deciding."
pool tissue,2,pool tissue,tissue,sample_type,route_to_sample_type,Sample_Type_SD,,,needs_review,Sample-material signal; preserve source context only when independently supported.,unreviewed,,,,"Batch 2 - sample materials. Current mode routing method: standardizer. This value comes from Isolation_Source_SD in the QA aggregate, not directly from the raw metadata field; inspect contributing raw variants before deciding."
Post-lavage,2,Post-lavage,,sample_type,route_to_sample_type,Sample_Type_SD,,,needs_review,Sample-material signal; preserve source context only when independently supported.,unreviewed,,,,"Batch 2 - sample materials. Current mode routing method: standardizer. This value comes from Isolation_Source_SD in the QA aggregate, not directly from the raw metadata field; inspect contributing raw variants before deciding."
Pustules of a dog,2,Pustules of a dog,,host_taxon_or_context,route_to_host_context,Host_Context_SD / host-associated context,,,needs_review,Host-only signal requires raw context before source or host routing.,unreviewed,,,,"Batch 6 - host context. Current mode routing method: standardizer. This value comes from Isolation_Source_SD in the QA aggregate, not directly from the raw metadata field; inspect contributing raw variants before deciding."
raw cream cow,2,raw cream cow,,host_taxon_or_context,route_to_host_context,Host_Context_SD / host-associated context,,,needs_review,Host-only signal requires raw context before source or host routing.,unreviewed,,,,"Batch 6 - host context. Current mode routing method: standardizer. This value comes from Isolation_Source_SD in the QA aggregate, not directly from the raw metadata field; inspect contributing raw variants before deciding."
rawhide dog treat,2,rawhide dog treat,,host_taxon_or_context,route_to_host_context,Host_Context_SD / host-associated context,,,needs_review,Host-only signal requires raw context before source or host routing.,unreviewed,,,,"Batch 6 - host context. Current mode routing method: standardizer. This value comes from Isolation_Source_SD in the QA aggregate, not directly from the raw metadata field; inspect contributing raw variants before deciding."
REL11319,2,REL11319,,raw_code_or_artifact,route_to_non_source_descriptor,suppressed/non_source_descriptor,,,needs_review,Descriptor-like signal; verify raw variants before adding a suppression rule.,unreviewed,,,,"Batch 1 - metadata descriptors. Current mode routing method: standardizer. This value comes from Isolation_Source_SD in the QA aggregate, not directly from the raw metadata field; inspect contributing raw variants before deciding."
REL4537,2,REL4537,,raw_code_or_artifact,route_to_non_source_descriptor,suppressed/non_source_descriptor,,,needs_review,Descriptor-like signal; verify raw variants before adding a suppression rule.,unreviewed,,,,"Batch 1 - metadata descriptors. Current mode routing method: standardizer. This value comes from Isolation_Source_SD in the QA aggregate, not directly from the raw metadata field; inspect contributing raw variants before deciding."
"Reptile, Wild Animal, Snake",2,"Reptile, Wild Animal, Snake",,host_taxon_or_context,route_to_host_context,Host_Context_SD / host-associated context,,,needs_review,Host-only signal requires raw context before source or host routing.,unreviewed,,,,"Batch 6 - host context. Current mode routing method: standardizer. This value comes from Isolation_Source_SD in the QA aggregate, not directly from the raw metadata field; inspect contributing raw variants before deciding."
respiratory swab,2,respiratory swab,swab,sample_type,route_to_sample_type,Sample_Type_SD,,,needs_review,Sample-material signal; preserve source context only when independently supported.,unreviewed,,,,"Batch 2 - sample materials. Current mode routing method: dictionary. This value comes from Isolation_Source_SD in the QA aggregate, not directly from the raw metadata field; inspect contributing raw variants before deciding."
Retail_133,2,Retail_133,,raw_code_or_artifact,route_to_non_source_descriptor,suppressed/non_source_descriptor,,,needs_review,Descriptor-like signal; verify raw variants before adding a suppression rule.,unreviewed,,,,"Batch 1 - metadata descriptors. Current mode routing method: standardizer. This value comes from Isolation_Source_SD in the QA aggregate, not directly from the raw metadata field; inspect contributing raw variants before deciding."
Retail_135,2,Retail_135,,raw_code_or_artifact,route_to_non_source_descriptor,suppressed/non_source_descriptor,,,needs_review,Descriptor-like signal; verify raw variants before adding a suppression rule.,unreviewed,,,,"Batch 1 - metadata descriptors. Current mode routing method: standardizer. This value comes from Isolation_Source_SD in the QA aggregate, not directly from the raw metadata field; inspect contributing raw variants before deciding."
Retail_137,2,Retail_137,,raw_code_or_artifact,route_to_non_source_descriptor,suppressed/non_source_descriptor,,,needs_review,Descriptor-like signal; verify raw variants before adding a suppression rule.,unreviewed,,,,"Batch 1 - metadata descriptors. Current mode routing method: standardizer. This value comes from Isolation_Source_SD in the QA aggregate, not directly from the raw metadata field; inspect contributing raw variants before deciding."
Retail_139,2,Retail_139,,raw_code_or_artifact,route_to_non_source_descriptor,suppressed/non_source_descriptor,,,needs_review,Descriptor-like signal; verify raw variants before adding a suppression rule.,unreviewed,,,,"Batch 1 - metadata descriptors. Current mode routing method: standardizer. This value comes from Isolation_Source_SD in the QA aggregate, not directly from the raw metadata field; inspect contributing raw variants before deciding."
rhizome tissue,2,rhizome tissue,tissue,sample_type,route_to_sample_type,Sample_Type_SD,,,needs_review,Sample-material signal; preserve source context only when independently supported.,unreviewed,,,,"Batch 2 - sample materials. Current mode routing method: standardizer. This value comes from Isolation_Source_SD in the QA aggregate, not directly from the raw metadata field; inspect contributing raw variants before deciding."
Room_1_C_Organism_1,2,Room_1_C_Organism_1,,raw_code_or_artifact,route_to_non_source_descriptor,suppressed/non_source_descriptor,,,needs_review,Descriptor-like signal; verify raw variants before adding a suppression rule.,unreviewed,,,,"Batch 1 - metadata descriptors. Current mode routing method: standardizer. This value comes from Isolation_Source_SD in the QA aggregate, not directly from the raw metadata field; inspect contributing raw variants before deciding."
Room_1_C_Organism_4,2,Room_1_C_Organism_4,,raw_code_or_artifact,route_to_non_source_descriptor,suppressed/non_source_descriptor,,,needs_review,Descriptor-like signal; verify raw variants before adding a suppression rule.,unreviewed,,,,"Batch 1 - metadata descriptors. Current mode routing method: standardizer. This value comes from Isolation_Source_SD in the QA aggregate, not directly from the raw metadata field; inspect contributing raw variants before deciding."
Room_2_C_Organism_2,2,Room_2_C_Organism_2,,raw_code_or_artifact,route_to_non_source_descriptor,suppressed/non_source_descriptor,,,needs_review,Descriptor-like signal; verify raw variants before adding a suppression rule.,unreviewed,,,,"Batch 1 - metadata descriptors. Current mode routing method: standardizer. This value comes from Isolation_Source_SD in the QA aggregate, not directly from the raw metadata field; inspect contributing raw variants before deciding."
Room_2_E_Organism_3,2,Room_2_E_Organism_3,,raw_code_or_artifact,route_to_non_source_descriptor,suppressed/non_source_descriptor,,,needs_review,Descriptor-like signal; verify raw variants before adding a suppression rule.,unreviewed,,,,"Batch 1 - metadata descriptors. Current mode routing method: standardizer. This value comes from Isolation_Source_SD in the QA aggregate, not directly from the raw metadata field; inspect contributing raw variants before deciding."
Room_3_E_Organism_2,2,Room_3_E_Organism_2,,raw_code_or_artifact,route_to_non_source_descriptor,suppressed/non_source_descriptor,,,needs_review,Descriptor-like signal; verify raw variants before adding a suppression rule.,unreviewed,,,,"Batch 1 - metadata descriptors. Current mode routing method: standardizer. This value comes from Isolation_Source_SD in the QA aggregate, not directly from the raw metadata field; inspect contributing raw variants before deciding."
Room_4_C_Organism_5,2,Room_4_C_Organism_5,,raw_code_or_artifact,route_to_non_source_descriptor,suppressed/non_source_descriptor,,,needs_review,Descriptor-like signal; verify raw variants before adding a suppression rule.,unreviewed,,,,"Batch 1 - metadata descriptors. Current mode routing method: standardizer. This value comes from Isolation_Source_SD in the QA aggregate, not directly from the raw metadata field; inspect contributing raw variants before deciding."
Room_4_E_Organism_4,2,Room_4_E_Organism_4,,raw_code_or_artifact,route_to_non_source_descriptor,suppressed/non_source_descriptor,,,needs_review,Descriptor-like signal; verify raw variants before adding a suppression rule.,unreviewed,,,,"Batch 1 - metadata descriptors. Current mode routing method: standardizer. This value comes from Isolation_Source_SD in the QA aggregate, not directly from the raw metadata field; inspect contributing raw variants before deciding."
Room_5_E_Organism_4,2,Room_5_E_Organism_4,,raw_code_or_artifact,route_to_non_source_descriptor,suppressed/non_source_descriptor,,,needs_review,Descriptor-like signal; verify raw variants before adding a suppression rule.,unreviewed,,,,"Batch 1 - metadata descriptors. Current mode routing method: standardizer. This value comes from Isolation_Source_SD in the QA aggregate, not directly from the raw metadata field; inspect contributing raw variants before deciding."
Serum,2,Serum,,sample_type,route_to_sample_type,Sample_Type_SD,,,needs_review,Sample-material signal; preserve source context only when independently supported.,unreviewed,,,,"Batch 2 - sample materials. Current mode routing method: standardizer. This value comes from Isolation_Source_SD in the QA aggregate, not directly from the raw metadata field; inspect contributing raw variants before deciding."
soft rot tissue,2,soft rot tissue,tissue,sample_type,route_to_sample_type,Sample_Type_SD,,,needs_review,Sample-material signal; preserve source context only when independently supported.,unreviewed,,,,"Batch 2 - sample materials. Current mode routing method: standardizer. This value comes from Isolation_Source_SD in the QA aggregate, not directly from the raw metadata field; inspect contributing raw variants before deciding."
SoSk1,2,SoSk1,,raw_code_or_artifact,route_to_non_source_descriptor,suppressed/non_source_descriptor,,,needs_review,Descriptor-like signal; verify raw variants before adding a suppression rule.,unreviewed,,,,"Batch 1 - metadata descriptors. Current mode routing method: standardizer. This value comes from Isolation_Source_SD in the QA aggregate, not directly from the raw metadata field; inspect contributing raw variants before deciding."
SoSk2,2,SoSk2,,raw_code_or_artifact,route_to_non_source_descriptor,suppressed/non_source_descriptor,,,needs_review,Descriptor-like signal; verify raw variants before adding a suppression rule.,unreviewed,,,,"Batch 1 - metadata descriptors. Current mode routing method: standardizer. This value comes from Isolation_Source_SD in the QA aggregate, not directly from the raw metadata field; inspect contributing raw variants before deciding."
source/sample material,2,source/sample material,sample,sample_type|metadata_descriptor,route_to_non_source_descriptor,suppressed/non_source_descriptor,,,needs_review,Descriptor-like signal; verify raw variants before adding a suppression rule.,unreviewed,,,,"Batch 1 - metadata descriptors. Current mode routing method: context_dictionary. This value comes from Isolation_Source_SD in the QA aggregate, not directly from the raw metadata field; inspect contributing raw variants before deciding."
synovial tissue,2,synovial tissue,tissue,sample_type,route_to_sample_type,Sample_Type_SD,,,needs_review,Sample-material signal; preserve source context only when independently supported.,unreviewed,,,,"Batch 2 - sample materials. Current mode routing method: standardizer. This value comes from Isolation_Source_SD in the QA aggregate, not directly from the raw metadata field; inspect contributing raw variants before deciding."
Tfh_IL21_SP,2,Tfh_IL21_SP,,raw_code_or_artifact,route_to_non_source_descriptor,suppressed/non_source_descriptor,,,needs_review,Descriptor-like signal; verify raw variants before adding a suppression rule.,unreviewed,,,,"Batch 1 - metadata descriptors. Current mode routing method: standardizer. This value comes from Isolation_Source_SD in the QA aggregate, not directly from the raw metadata field; inspect contributing raw variants before deciding."
Thumb Tissue,2,Thumb Tissue,tissue,sample_type,route_to_sample_type,Sample_Type_SD,,,needs_review,Sample-material signal; preserve source context only when independently supported.,unreviewed,,,,"Batch 2 - sample materials. Current mode routing method: standardizer. This value comes from Isolation_Source_SD in the QA aggregate, not directly from the raw metadata field; inspect contributing raw variants before deciding."
tissue excision,2,tissue excision,tissue,sample_type,route_to_sample_type,Sample_Type_SD,,,needs_review,Sample-material signal; preserve source context only when independently supported.,unreviewed,,,,"Batch 2 - sample materials. Current mode routing method: standardizer. This value comes from Isolation_Source_SD in the QA aggregate, not directly from the raw metadata field; inspect contributing raw variants before deciding."
tissue from ulcer,2,tissue from ulcer,tissue,sample_type,route_to_sample_type,Sample_Type_SD,,,needs_review,Sample-material signal; preserve source context only when independently supported.,unreviewed,,,,"Batch 2 - sample materials. Current mode routing method: standardizer. This value comes from Isolation_Source_SD in the QA aggregate, not directly from the raw metadata field; inspect contributing raw variants before deciding."
tissue l great toe,2,tissue l great toe,tissue,sample_type,route_to_sample_type,Sample_Type_SD,,,needs_review,Sample-material signal; preserve source context only when independently supported.,unreviewed,,,,"Batch 2 - sample materials. Current mode routing method: standardizer. This value comes from Isolation_Source_SD in the QA aggregate, not directly from the raw metadata field; inspect contributing raw variants before deciding."
tissue r heel,2,tissue r heel,tissue,sample_type,route_to_sample_type,Sample_Type_SD,,,needs_review,Sample-material signal; preserve source context only when independently supported.,unreviewed,,,,"Batch 2 - sample materials. Current mode routing method: standardizer. This value comes from Isolation_Source_SD in the QA aggregate, not directly from the raw metadata field; inspect contributing raw variants before deciding."
tissue right shoulder collar membrame,2,tissue right shoulder collar membrame,tissue,sample_type,route_to_sample_type,Sample_Type_SD,,,needs_review,Sample-material signal; preserve source context only when independently supported.,unreviewed,,,,"Batch 2 - sample materials. Current mode routing method: standardizer. This value comes from Isolation_Source_SD in the QA aggregate, not directly from the raw metadata field; inspect contributing raw variants before deciding."
Tissue Right Shoulder COLLAR MEMBRANE,2,Tissue Right Shoulder COLLAR MEMBRANE,tissue,sample_type,route_to_sample_type,Sample_Type_SD,,,needs_review,Sample-material signal; preserve source context only when independently supported.,unreviewed,,,,"Batch 2 - sample materials. Current mode routing method: standardizer. This value comes from Isolation_Source_SD in the QA aggregate, not directly from the raw metadata field; inspect contributing raw variants before deciding."
Tissue Right Shoulder GLENOID,2,Tissue Right Shoulder GLENOID,tissue,sample_type,route_to_sample_type,Sample_Type_SD,,,needs_review,Sample-material signal; preserve source context only when independently supported.,unreviewed,,,,"Batch 2 - sample materials. Current mode routing method: standardizer. This value comes from Isolation_Source_SD in the QA aggregate, not directly from the raw metadata field; inspect contributing raw variants before deciding."
Tissue Right Shoulder GLENOID MEMBRANE,2,Tissue Right Shoulder GLENOID MEMBRANE,tissue,sample_type,route_to_sample_type,Sample_Type_SD,,,needs_review,Sample-material signal; preserve source context only when independently supported.,unreviewed,,,,"Batch 2 - sample materials. Current mode routing method: standardizer. This value comes from Isolation_Source_SD in the QA aggregate, not directly from the raw metadata field; inspect contributing raw variants before deciding."
tissue right Shoulder glenoid membrane,2,tissue right Shoulder glenoid membrane,tissue,sample_type,route_to_sample_type,Sample_Type_SD,,,needs_review,Sample-material signal; preserve source context only when independently supported.,unreviewed,,,,"Batch 2 - sample materials. Current mode routing method: standardizer. This value comes from Isolation_Source_SD in the QA aggregate, not directly from the raw metadata field; inspect contributing raw variants before deciding."
"Tissue, Scalp",2,"Tissue, Scalp",tissue,sample_type,route_to_sample_type,Sample_Type_SD,,,needs_review,Sample-material signal; preserve source context only when independently supported.,unreviewed,,,,"Batch 2 - sample materials. Current mode routing method: standardizer. This value comes from Isolation_Source_SD in the QA aggregate, not directly from the raw metadata field; inspect contributing raw variants before deciding."
"Tissue, Wrist",2,"Tissue, Wrist",tissue,sample_type,route_to_sample_type,Sample_Type_SD,,,needs_review,Sample-material signal; preserve source context only when independently supported.,unreviewed,,,,"Batch 2 - sample materials. Current mode routing method: standardizer. This value comes from Isolation_Source_SD in the QA aggregate, not directly from the raw metadata field; inspect contributing raw variants before deciding."
Tissue; toe,2,Tissue; toe,tissue,sample_type,route_to_sample_type,Sample_Type_SD,,,needs_review,Sample-material signal; preserve source context only when independently supported.,unreviewed,,,,"Batch 2 - sample materials. Current mode routing method: standardizer. This value comes from Isolation_Source_SD in the QA aggregate, not directly from the raw metadata field; inspect contributing raw variants before deciding."
Tracheobronchial lavage,2,Tracheobronchial lavage,,sample_type,route_to_sample_type,Sample_Type_SD,,,needs_review,Sample-material signal; preserve source context only when independently supported.,unreviewed,,,,"Batch 2 - sample materials. Current mode routing method: standardizer. This value comes from Isolation_Source_SD in the QA aggregate, not directly from the raw metadata field; inspect contributing raw variants before deciding."
Ventilator_P1_BU24,2,Ventilator_P1_BU24,,raw_code_or_artifact,route_to_non_source_descriptor,suppressed/non_source_descriptor,,,needs_review,Descriptor-like signal; verify raw variants before adding a suppression rule.,unreviewed,,,,"Batch 1 - metadata descriptors. Current mode routing method: standardizer. This value comes from Isolation_Source_SD in the QA aggregate, not directly from the raw metadata field; inspect contributing raw variants before deciding."
Ventilator_P23_BU25,2,Ventilator_P23_BU25,,raw_code_or_artifact,route_to_non_source_descriptor,suppressed/non_source_descriptor,,,needs_review,Descriptor-like signal; verify raw variants before adding a suppression rule.,unreviewed,,,,"Batch 1 - metadata descriptors. Current mode routing method: standardizer. This value comes from Isolation_Source_SD in the QA aggregate, not directly from the raw metadata field; inspect contributing raw variants before deciding."
Ventilator_P37_BU4,2,Ventilator_P37_BU4,,raw_code_or_artifact,route_to_non_source_descriptor,suppressed/non_source_descriptor,,,needs_review,Descriptor-like signal; verify raw variants before adding a suppression rule.,unreviewed,,,,"Batch 1 - metadata descriptors. Current mode routing method: standardizer. This value comes from Isolation_Source_SD in the QA aggregate, not directly from the raw metadata field; inspect contributing raw variants before deciding."
Ventilator_P4_BU3,2,Ventilator_P4_BU3,,raw_code_or_artifact,route_to_non_source_descriptor,suppressed/non_source_descriptor,,,needs_review,Descriptor-like signal; verify raw variants before adding a suppression rule.,unreviewed,,,,"Batch 1 - metadata descriptors. Current mode routing method: standardizer. This value comes from Isolation_Source_SD in the QA aggregate, not directly from the raw metadata field; inspect contributing raw variants before deciding."
Ventilator_P50_BU7,2,Ventilator_P50_BU7,,raw_code_or_artifact,route_to_non_source_descriptor,suppressed/non_source_descriptor,,,needs_review,Descriptor-like signal; verify raw variants before adding a suppression rule.,unreviewed,,,,"Batch 1 - metadata descriptors. Current mode routing method: standardizer. This value comes from Isolation_Source_SD in the QA aggregate, not directly from the raw metadata field; inspect contributing raw variants before deciding."
Ventilator_P6_BU8,2,Ventilator_P6_BU8,,raw_code_or_artifact,route_to_non_source_descriptor,suppressed/non_source_descriptor,,,needs_review,Descriptor-like signal; verify raw variants before adding a suppression rule.,unreviewed,,,,"Batch 1 - metadata descriptors. Current mode routing method: standardizer. This value comes from Isolation_Source_SD in the QA aggregate, not directly from the raw metadata field; inspect contributing raw variants before deciding."
Ventilator_P87_BU8,2,Ventilator_P87_BU8,,raw_code_or_artifact,route_to_non_source_descriptor,suppressed/non_source_descriptor,,,needs_review,Descriptor-like signal; verify raw variants before adding a suppression rule.,unreviewed,,,,"Batch 1 - metadata descriptors. Current mode routing method: standardizer. This value comes from Isolation_Source_SD in the QA aggregate, not directly from the raw metadata field; inspect contributing raw variants before deciding."
Ventilator_P96_BU15,2,Ventilator_P96_BU15,,raw_code_or_artifact,route_to_non_source_descriptor,suppressed/non_source_descriptor,,,needs_review,Descriptor-like signal; verify raw variants before adding a suppression rule.,unreviewed,,,,"Batch 1 - metadata descriptors. Current mode routing method: standardizer. This value comes from Isolation_Source_SD in the QA aggregate, not directly from the raw metadata field; inspect contributing raw variants before deciding."
White adipose tissue,2,White adipose tissue,tissue,sample_type,route_to_sample_type,Sample_Type_SD,,,needs_review,Sample-material signal; preserve source context only when independently supported.,unreviewed,,,,"Batch 2 - sample materials. Current mode routing method: standardizer. This value comes from Isolation_Source_SD in the QA aggregate, not directly from the raw metadata field; inspect contributing raw variants before deciding."
wt mouse,2,wt mouse,,host_taxon_or_context,route_to_host_context,Host_Context_SD / host-associated context,,,needs_review,Host-only signal requires raw context before source or host routing.,unreviewed,,,,"Batch 6 - host context. Current mode routing method: standardizer. This value comes from Isolation_Source_SD in the QA aggregate, not directly from the raw metadata field; inspect contributing raw variants before deciding."
xylem tissue,2,xylem tissue,tissue,sample_type,route_to_sample_type,Sample_Type_SD,,,needs_review,Sample-material signal; preserve source context only when independently supported.,unreviewed,,,,"Batch 2 - sample materials. Current mode routing method: standardizer. This value comes from Isolation_Source_SD in the QA aggregate, not directly from the raw metadata field; inspect contributing raw variants before deciding."
Zoo animal,2,Zoo animal,,host_taxon_or_context,route_to_host_context,Host_Context_SD / host-associated context,,,needs_review,Host-only signal requires raw context before source or host routing.,unreviewed,,,,"Batch 6 - host context. Current mode routing method: standardizer. This value comes from Isolation_Source_SD in the QA aggregate, not directly from the raw metadata field; inspect contributing raw variants before deciding."
"""Bladder,Bladder """,1,"""Bladder,Bladder """,,body_site,route_to_isolation_site,Isolation_Site_SD,,,needs_review,Anatomical-site signal; split material and site when both are present.,unreviewed,,,,"Batch 3 - anatomical sites. Current mode routing method: standardizer. This value comes from Isolation_Source_SD in the QA aggregate, not directly from the raw metadata field; inspect contributing raw variants before deciding."
"""Tissue, paraspinal mass""",1,"""Tissue, paraspinal mass""",tissue,sample_type,route_to_sample_type,Sample_Type_SD,,,needs_review,Sample-material signal; preserve source context only when independently supported.,unreviewed,,,,"Batch 2 - sample materials. Current mode routing method: standardizer. This value comes from Isolation_Source_SD in the QA aggregate, not directly from the raw metadata field; inspect contributing raw variants before deciding."
1310K,1,1310K,,raw_code_or_artifact,route_to_non_source_descriptor,suppressed/non_source_descriptor,,,needs_review,Descriptor-like signal; verify raw variants before adding a suppression rule.,unreviewed,,,,"Batch 1 - metadata descriptors. Current mode routing method: standardizer. This value comes from Isolation_Source_SD in the QA aggregate, not directly from the raw metadata field; inspect contributing raw variants before deciding."
1318K,1,1318K,,raw_code_or_artifact,route_to_non_source_descriptor,suppressed/non_source_descriptor,,,needs_review,Descriptor-like signal; verify raw variants before adding a suppression rule.,unreviewed,,,,"Batch 1 - metadata descriptors. Current mode routing method: standardizer. This value comes from Isolation_Source_SD in the QA aggregate, not directly from the raw metadata field; inspect contributing raw variants before deciding."
1326K,1,1326K,,raw_code_or_artifact,route_to_non_source_descriptor,suppressed/non_source_descriptor,,,needs_review,Descriptor-like signal; verify raw variants before adding a suppression rule.,unreviewed,,,,"Batch 1 - metadata descriptors. Current mode routing method: standardizer. This value comes from Isolation_Source_SD in the QA aggregate, not directly from the raw metadata field; inspect contributing raw variants before deciding."
1336K,1,1336K,,raw_code_or_artifact,route_to_non_source_descriptor,suppressed/non_source_descriptor,,,needs_review,Descriptor-like signal; verify raw variants before adding a suppression rule.,unreviewed,,,,"Batch 1 - metadata descriptors. Current mode routing method: standardizer. This value comes from Isolation_Source_SD in the QA aggregate, not directly from the raw metadata field; inspect contributing raw variants before deciding."
1406K,1,1406K,,raw_code_or_artifact,route_to_non_source_descriptor,suppressed/non_source_descriptor,,,needs_review,Descriptor-like signal; verify raw variants before adding a suppression rule.,unreviewed,,,,"Batch 1 - metadata descriptors. Current mode routing method: standardizer. This value comes from Isolation_Source_SD in the QA aggregate, not directly from the raw metadata field; inspect contributing raw variants before deciding."
1408K,1,1408K,,raw_code_or_artifact,route_to_non_source_descriptor,suppressed/non_source_descriptor,,,needs_review,Descriptor-like signal; verify raw variants before adding a suppression rule.,unreviewed,,,,"Batch 1 - metadata descriptors. Current mode routing method: standardizer. This value comes from Isolation_Source_SD in the QA aggregate, not directly from the raw metadata field; inspect contributing raw variants before deciding."
1414K,1,1414K,,raw_code_or_artifact,route_to_non_source_descriptor,suppressed/non_source_descriptor,,,needs_review,Descriptor-like signal; verify raw variants before adding a suppression rule.,unreviewed,,,,"Batch 1 - metadata descriptors. Current mode routing method: standardizer. This value comes from Isolation_Source_SD in the QA aggregate, not directly from the raw metadata field; inspect contributing raw variants before deciding."
1416K,1,1416K,,raw_code_or_artifact,route_to_non_source_descriptor,suppressed/non_source_descriptor,,,needs_review,Descriptor-like signal; verify raw variants before adding a suppression rule.,unreviewed,,,,"Batch 1 - metadata descriptors. Current mode routing method: standardizer. This value comes from Isolation_Source_SD in the QA aggregate, not directly from the raw metadata field; inspect contributing raw variants before deciding."
1422K,1,1422K,,raw_code_or_artifact,route_to_non_source_descriptor,suppressed/non_source_descriptor,,,needs_review,Descriptor-like signal; verify raw variants before adding a suppression rule.,unreviewed,,,,"Batch 1 - metadata descriptors. Current mode routing method: standardizer. This value comes from Isolation_Source_SD in the QA aggregate, not directly from the raw metadata field; inspect contributing raw variants before deciding."
1432K,1,1432K,,raw_code_or_artifact,route_to_non_source_descriptor,suppressed/non_source_descriptor,,,needs_review,Descriptor-like signal; verify raw variants before adding a suppression rule.,unreviewed,,,,"Batch 1 - metadata descriptors. Current mode routing method: standardizer. This value comes from Isolation_Source_SD in the QA aggregate, not directly from the raw metadata field; inspect contributing raw variants before deciding."
1507K,1,1507K,,raw_code_or_artifact,route_to_non_source_descriptor,suppressed/non_source_descriptor,,,needs_review,Descriptor-like signal; verify raw variants before adding a suppression rule.,unreviewed,,,,"Batch 1 - metadata descriptors. Current mode routing method: standardizer. This value comes from Isolation_Source_SD in the QA aggregate, not directly from the raw metadata field; inspect contributing raw variants before deciding."
1513K,1,1513K,,raw_code_or_artifact,route_to_non_source_descriptor,suppressed/non_source_descriptor,,,needs_review,Descriptor-like signal; verify raw variants before adding a suppression rule.,unreviewed,,,,"Batch 1 - metadata descriptors. Current mode routing method: standardizer. This value comes from Isolation_Source_SD in the QA aggregate, not directly from the raw metadata field; inspect contributing raw variants before deciding."
1515K,1,1515K,,raw_code_or_artifact,route_to_non_source_descriptor,suppressed/non_source_descriptor,,,needs_review,Descriptor-like signal; verify raw variants before adding a suppression rule.,unreviewed,,,,"Batch 1 - metadata descriptors. Current mode routing method: standardizer. This value comes from Isolation_Source_SD in the QA aggregate, not directly from the raw metadata field; inspect contributing raw variants before deciding."
1521K,1,1521K,,raw_code_or_artifact,route_to_non_source_descriptor,suppressed/non_source_descriptor,,,needs_review,Descriptor-like signal; verify raw variants before adding a suppression rule.,unreviewed,,,,"Batch 1 - metadata descriptors. Current mode routing method: standardizer. This value comes from Isolation_Source_SD in the QA aggregate, not directly from the raw metadata field; inspect contributing raw variants before deciding."
1523K,1,1523K,,raw_code_or_artifact,route_to_non_source_descriptor,suppressed/non_source_descriptor,,,needs_review,Descriptor-like signal; verify raw variants before adding a suppression rule.,unreviewed,,,,"Batch 1 - metadata descriptors. Current mode routing method: standardizer. This value comes from Isolation_Source_SD in the QA aggregate, not directly from the raw metadata field; inspect contributing raw variants before deciding."
1524K,1,1524K,,raw_code_or_artifact,route_to_non_source_descriptor,suppressed/non_source_descriptor,,,needs_review,Descriptor-like signal; verify raw variants before adding a suppression rule.,unreviewed,,,,"Batch 1 - metadata descriptors. Current mode routing method: standardizer. This value comes from Isolation_Source_SD in the QA aggregate, not directly from the raw metadata field; inspect contributing raw variants before deciding."
1526K,1,1526K,,raw_code_or_artifact,route_to_non_source_descriptor,suppressed/non_source_descriptor,,,needs_review,Descriptor-like signal; verify raw variants before adding a suppression rule.,unreviewed,,,,"Batch 1 - metadata descriptors. Current mode routing method: standardizer. This value comes from Isolation_Source_SD in the QA aggregate, not directly from the raw metadata field; inspect contributing raw variants before deciding."
1527K,1,1527K,,raw_code_or_artifact,route_to_non_source_descriptor,suppressed/non_source_descriptor,,,needs_review,Descriptor-like signal; verify raw variants before adding a suppression rule.,unreviewed,,,,"Batch 1 - metadata descriptors. Current mode routing method: standardizer. This value comes from Isolation_Source_SD in the QA aggregate, not directly from the raw metadata field; inspect contributing raw variants before deciding."
1528K,1,1528K,,raw_code_or_artifact,route_to_non_source_descriptor,suppressed/non_source_descriptor,,,needs_review,Descriptor-like signal; verify raw variants before adding a suppression rule.,unreviewed,,,,"Batch 1 - metadata descriptors. Current mode routing method: standardizer. This value comes from Isolation_Source_SD in the QA aggregate, not directly from the raw metadata field; inspect contributing raw variants before deciding."
1531K,1,1531K,,raw_code_or_artifact,route_to_non_source_descriptor,suppressed/non_source_descriptor,,,needs_review,Descriptor-like signal; verify raw variants before adding a suppression rule.,unreviewed,,,,"Batch 1 - metadata descriptors. Current mode routing method: standardizer. This value comes from Isolation_Source_SD in the QA aggregate, not directly from the raw metadata field; inspect contributing raw variants before deciding."
1532K,1,1532K,,raw_code_or_artifact,route_to_non_source_descriptor,suppressed/non_source_descriptor,,,needs_review,Descriptor-like signal; verify raw variants before adding a suppression rule.,unreviewed,,,,"Batch 1 - metadata descriptors. Current mode routing method: standardizer. This value comes from Isolation_Source_SD in the QA aggregate, not directly from the raw metadata field; inspect contributing raw variants before deciding."
1534K,1,1534K,,raw_code_or_artifact,route_to_non_source_descriptor,suppressed/non_source_descriptor,,,needs_review,Descriptor-like signal; verify raw variants before adding a suppression rule.,unreviewed,,,,"Batch 1 - metadata descriptors. Current mode routing method: standardizer. This value comes from Isolation_Source_SD in the QA aggregate, not directly from the raw metadata field; inspect contributing raw variants before deciding."
1535K,1,1535K,,raw_code_or_artifact,route_to_non_source_descriptor,suppressed/non_source_descriptor,,,needs_review,Descriptor-like signal; verify raw variants before adding a suppression rule.,unreviewed,,,,"Batch 1 - metadata descriptors. Current mode routing method: standardizer. This value comes from Isolation_Source_SD in the QA aggregate, not directly from the raw metadata field; inspect contributing raw variants before deciding."
1536K,1,1536K,,raw_code_or_artifact,route_to_non_source_descriptor,suppressed/non_source_descriptor,,,needs_review,Descriptor-like signal; verify raw variants before adding a suppression rule.,unreviewed,,,,"Batch 1 - metadata descriptors. Current mode routing method: standardizer. This value comes from Isolation_Source_SD in the QA aggregate, not directly from the raw metadata field; inspect contributing raw variants before deciding."
1603K,1,1603K,,raw_code_or_artifact,route_to_non_source_descriptor,suppressed/non_source_descriptor,,,needs_review,Descriptor-like signal; verify raw variants before adding a suppression rule.,unreviewed,,,,"Batch 1 - metadata descriptors. Current mode routing method: standardizer. This value comes from Isolation_Source_SD in the QA aggregate, not directly from the raw metadata field; inspect contributing raw variants before deciding."
1604K,1,1604K,,raw_code_or_artifact,route_to_non_source_descriptor,suppressed/non_source_descriptor,,,needs_review,Descriptor-like signal; verify raw variants before adding a suppression rule.,unreviewed,,,,"Batch 1 - metadata descriptors. Current mode routing method: standardizer. This value comes from Isolation_Source_SD in the QA aggregate, not directly from the raw metadata field; inspect contributing raw variants before deciding."
1606K,1,1606K,,raw_code_or_artifact,route_to_non_source_descriptor,suppressed/non_source_descriptor,,,needs_review,Descriptor-like signal; verify raw variants before adding a suppression rule.,unreviewed,,,,"Batch 1 - metadata descriptors. Current mode routing method: standardizer. This value comes from Isolation_Source_SD in the QA aggregate, not directly from the raw metadata field; inspect contributing raw variants before deciding."
1607K,1,1607K,,raw_code_or_artifact,route_to_non_source_descriptor,suppressed/non_source_descriptor,,,needs_review,Descriptor-like signal; verify raw variants before adding a suppression rule.,unreviewed,,,,"Batch 1 - metadata descriptors. Current mode routing method: standardizer. This value comes from Isolation_Source_SD in the QA aggregate, not directly from the raw metadata field; inspect contributing raw variants before deciding."
1608K,1,1608K,,raw_code_or_artifact,route_to_non_source_descriptor,suppressed/non_source_descriptor,,,needs_review,Descriptor-like signal; verify raw variants before adding a suppression rule.,unreviewed,,,,"Batch 1 - metadata descriptors. Current mode routing method: standardizer. This value comes from Isolation_Source_SD in the QA aggregate, not directly from the raw metadata field; inspect contributing raw variants before deciding."
1612K,1,1612K,,raw_code_or_artifact,route_to_non_source_descriptor,suppressed/non_source_descriptor,,,needs_review,Descriptor-like signal; verify raw variants before adding a suppression rule.,unreviewed,,,,"Batch 1 - metadata descriptors. Current mode routing method: standardizer. This value comes from Isolation_Source_SD in the QA aggregate, not directly from the raw metadata field; inspect contributing raw variants before deciding."
1613K,1,1613K,,raw_code_or_artifact,route_to_non_source_descriptor,suppressed/non_source_descriptor,,,needs_review,Descriptor-like signal; verify raw variants before adding a suppression rule.,unreviewed,,,,"Batch 1 - metadata descriptors. Current mode routing method: standardizer. This value comes from Isolation_Source_SD in the QA aggregate, not directly from the raw metadata field; inspect contributing raw variants before deciding."
1614K,1,1614K,,raw_code_or_artifact,route_to_non_source_descriptor,suppressed/non_source_descriptor,,,needs_review,Descriptor-like signal; verify raw variants before adding a suppression rule.,unreviewed,,,,"Batch 1 - metadata descriptors. Current mode routing method: standardizer. This value comes from Isolation_Source_SD in the QA aggregate, not directly from the raw metadata field; inspect contributing raw variants before deciding."
1615K,1,1615K,,raw_code_or_artifact,route_to_non_source_descriptor,suppressed/non_source_descriptor,,,needs_review,Descriptor-like signal; verify raw variants before adding a suppression rule.,unreviewed,,,,"Batch 1 - metadata descriptors. Current mode routing method: standardizer. This value comes from Isolation_Source_SD in the QA aggregate, not directly from the raw metadata field; inspect contributing raw variants before deciding."
1616K,1,1616K,,raw_code_or_artifact,route_to_non_source_descriptor,suppressed/non_source_descriptor,,,needs_review,Descriptor-like signal; verify raw variants before adding a suppression rule.,unreviewed,,,,"Batch 1 - metadata descriptors. Current mode routing method: standardizer. This value comes from Isolation_Source_SD in the QA aggregate, not directly from the raw metadata field; inspect contributing raw variants before deciding."
1617K,1,1617K,,raw_code_or_artifact,route_to_non_source_descriptor,suppressed/non_source_descriptor,,,needs_review,Descriptor-like signal; verify raw variants before adding a suppression rule.,unreviewed,,,,"Batch 1 - metadata descriptors. Current mode routing method: standardizer. This value comes from Isolation_Source_SD in the QA aggregate, not directly from the raw metadata field; inspect contributing raw variants before deciding."
1619K,1,1619K,,raw_code_or_artifact,route_to_non_source_descriptor,suppressed/non_source_descriptor,,,needs_review,Descriptor-like signal; verify raw variants before adding a suppression rule.,unreviewed,,,,"Batch 1 - metadata descriptors. Current mode routing method: standardizer. This value comes from Isolation_Source_SD in the QA aggregate, not directly from the raw metadata field; inspect contributing raw variants before deciding."
1620K,1,1620K,,raw_code_or_artifact,route_to_non_source_descriptor,suppressed/non_source_descriptor,,,needs_review,Descriptor-like signal; verify raw variants before adding a suppression rule.,unreviewed,,,,"Batch 1 - metadata descriptors. Current mode routing method: standardizer. This value comes from Isolation_Source_SD in the QA aggregate, not directly from the raw metadata field; inspect contributing raw variants before deciding."
1621K,1,1621K,,raw_code_or_artifact,route_to_non_source_descriptor,suppressed/non_source_descriptor,,,needs_review,Descriptor-like signal; verify raw variants before adding a suppression rule.,unreviewed,,,,"Batch 1 - metadata descriptors. Current mode routing method: standardizer. This value comes from Isolation_Source_SD in the QA aggregate, not directly from the raw metadata field; inspect contributing raw variants before deciding."
1622K,1,1622K,,raw_code_or_artifact,route_to_non_source_descriptor,suppressed/non_source_descriptor,,,needs_review,Descriptor-like signal; verify raw variants before adding a suppression rule.,unreviewed,,,,"Batch 1 - metadata descriptors. Current mode routing method: standardizer. This value comes from Isolation_Source_SD in the QA aggregate, not directly from the raw metadata field; inspect contributing raw variants before deciding."
1623K,1,1623K,,raw_code_or_artifact,route_to_non_source_descriptor,suppressed/non_source_descriptor,,,needs_review,Descriptor-like signal; verify raw variants before adding a suppression rule.,unreviewed,,,,"Batch 1 - metadata descriptors. Current mode routing method: standardizer. This value comes from Isolation_Source_SD in the QA aggregate, not directly from the raw metadata field; inspect contributing raw variants before deciding."
1624K,1,1624K,,raw_code_or_artifact,route_to_non_source_descriptor,suppressed/non_source_descriptor,,,needs_review,Descriptor-like signal; verify raw variants before adding a suppression rule.,unreviewed,,,,"Batch 1 - metadata descriptors. Current mode routing method: standardizer. This value comes from Isolation_Source_SD in the QA aggregate, not directly from the raw metadata field; inspect contributing raw variants before deciding."
1627K,1,1627K,,raw_code_or_artifact,route_to_non_source_descriptor,suppressed/non_source_descriptor,,,needs_review,Descriptor-like signal; verify raw variants before adding a suppression rule.,unreviewed,,,,"Batch 1 - metadata descriptors. Current mode routing method: standardizer. This value comes from Isolation_Source_SD in the QA aggregate, not directly from the raw metadata field; inspect contributing raw variants before deciding."
1628K,1,1628K,,raw_code_or_artifact,route_to_non_source_descriptor,suppressed/non_source_descriptor,,,needs_review,Descriptor-like signal; verify raw variants before adding a suppression rule.,unreviewed,,,,"Batch 1 - metadata descriptors. Current mode routing method: standardizer. This value comes from Isolation_Source_SD in the QA aggregate, not directly from the raw metadata field; inspect contributing raw variants before deciding."
1629K,1,1629K,,raw_code_or_artifact,route_to_non_source_descriptor,suppressed/non_source_descriptor,,,needs_review,Descriptor-like signal; verify raw variants before adding a suppression rule.,unreviewed,,,,"Batch 1 - metadata descriptors. Current mode routing method: standardizer. This value comes from Isolation_Source_SD in the QA aggregate, not directly from the raw metadata field; inspect contributing raw variants before deciding."
1630K,1,1630K,,raw_code_or_artifact,route_to_non_source_descriptor,suppressed/non_source_descriptor,,,needs_review,Descriptor-like signal; verify raw variants before adding a suppression rule.,unreviewed,,,,"Batch 1 - metadata descriptors. Current mode routing method: standardizer. This value comes from Isolation_Source_SD in the QA aggregate, not directly from the raw metadata field; inspect contributing raw variants before deciding."
1631K,1,1631K,,raw_code_or_artifact,route_to_non_source_descriptor,suppressed/non_source_descriptor,,,needs_review,Descriptor-like signal; verify raw variants before adding a suppression rule.,unreviewed,,,,"Batch 1 - metadata descriptors. Current mode routing method: standardizer. This value comes from Isolation_Source_SD in the QA aggregate, not directly from the raw metadata field; inspect contributing raw variants before deciding."
1632K,1,1632K,,raw_code_or_artifact,route_to_non_source_descriptor,suppressed/non_source_descriptor,,,needs_review,Descriptor-like signal; verify raw variants before adding a suppression rule.,unreviewed,,,,"Batch 1 - metadata descriptors. Current mode routing method: standardizer. This value comes from Isolation_Source_SD in the QA aggregate, not directly from the raw metadata field; inspect contributing raw variants before deciding."
1634K,1,1634K,,raw_code_or_artifact,route_to_non_source_descriptor,suppressed/non_source_descriptor,,,needs_review,Descriptor-like signal; verify raw variants before adding a suppression rule.,unreviewed,,,,"Batch 1 - metadata descriptors. Current mode routing method: standardizer. This value comes from Isolation_Source_SD in the QA aggregate, not directly from the raw metadata field; inspect contributing raw variants before deciding."
1635K,1,1635K,,raw_code_or_artifact,route_to_non_source_descriptor,suppressed/non_source_descriptor,,,needs_review,Descriptor-like signal; verify raw variants before adding a suppression rule.,unreviewed,,,,"Batch 1 - metadata descriptors. Current mode routing method: standardizer. This value comes from Isolation_Source_SD in the QA aggregate, not directly from the raw metadata field; inspect contributing raw variants before deciding."
1636K,1,1636K,,raw_code_or_artifact,route_to_non_source_descriptor,suppressed/non_source_descriptor,,,needs_review,Descriptor-like signal; verify raw variants before adding a suppression rule.,unreviewed,,,,"Batch 1 - metadata descriptors. Current mode routing method: standardizer. This value comes from Isolation_Source_SD in the QA aggregate, not directly from the raw metadata field; inspect contributing raw variants before deciding."
1711L,1,1711L,,raw_code_or_artifact,route_to_non_source_descriptor,suppressed/non_source_descriptor,,,needs_review,Descriptor-like signal; verify raw variants before adding a suppression rule.,unreviewed,,,,"Batch 1 - metadata descriptors. Current mode routing method: standardizer. This value comes from Isolation_Source_SD in the QA aggregate, not directly from the raw metadata field; inspect contributing raw variants before deciding."
1712L,1,1712L,,raw_code_or_artifact,route_to_non_source_descriptor,suppressed/non_source_descriptor,,,needs_review,Descriptor-like signal; verify raw variants before adding a suppression rule.,unreviewed,,,,"Batch 1 - metadata descriptors. Current mode routing method: standardizer. This value comes from Isolation_Source_SD in the QA aggregate, not directly from the raw metadata field; inspect contributing raw variants before deciding."
1719L,1,1719L,,raw_code_or_artifact,route_to_non_source_descriptor,suppressed/non_source_descriptor,,,needs_review,Descriptor-like signal; verify raw variants before adding a suppression rule.,unreviewed,,,,"Batch 1 - metadata descriptors. Current mode routing method: standardizer. This value comes from Isolation_Source_SD in the QA aggregate, not directly from the raw metadata field; inspect contributing raw variants before deciding."
1808L,1,1808L,,raw_code_or_artifact,route_to_non_source_descriptor,suppressed/non_source_descriptor,,,needs_review,Descriptor-like signal; verify raw variants before adding a suppression rule.,unreviewed,,,,"Batch 1 - metadata descriptors. Current mode routing method: standardizer. This value comes from Isolation_Source_SD in the QA aggregate, not directly from the raw metadata field; inspect contributing raw variants before deciding."
1816L,1,1816L,,raw_code_or_artifact,route_to_non_source_descriptor,suppressed/non_source_descriptor,,,needs_review,Descriptor-like signal; verify raw variants before adding a suppression rule.,unreviewed,,,,"Batch 1 - metadata descriptors. Current mode routing method: standardizer. This value comes from Isolation_Source_SD in the QA aggregate, not directly from the raw metadata field; inspect contributing raw variants before deciding."
1824L,1,1824L,,raw_code_or_artifact,route_to_non_source_descriptor,suppressed/non_source_descriptor,,,needs_review,Descriptor-like signal; verify raw variants before adding a suppression rule.,unreviewed,,,,"Batch 1 - metadata descriptors. Current mode routing method: standardizer. This value comes from Isolation_Source_SD in the QA aggregate, not directly from the raw metadata field; inspect contributing raw variants before deciding."
1832L,1,1832L,,raw_code_or_artifact,route_to_non_source_descriptor,suppressed/non_source_descriptor,,,needs_review,Descriptor-like signal; verify raw variants before adding a suppression rule.,unreviewed,,,,"Batch 1 - metadata descriptors. Current mode routing method: standardizer. This value comes from Isolation_Source_SD in the QA aggregate, not directly from the raw metadata field; inspect contributing raw variants before deciding."
1906L,1,1906L,,raw_code_or_artifact,route_to_non_source_descriptor,suppressed/non_source_descriptor,,,needs_review,Descriptor-like signal; verify raw variants before adding a suppression rule.,unreviewed,,,,"Batch 1 - metadata descriptors. Current mode routing method: standardizer. This value comes from Isolation_Source_SD in the QA aggregate, not directly from the raw metadata field; inspect contributing raw variants before deciding."
2022SY-00100,1,2022SY-00100,,raw_code_or_artifact,route_to_non_source_descriptor,suppressed/non_source_descriptor,,,needs_review,Descriptor-like signal; verify raw variants before adding a suppression rule.,unreviewed,,,,"Batch 1 - metadata descriptors. Current mode routing method: standardizer. This value comes from Isolation_Source_SD in the QA aggregate, not directly from the raw metadata field; inspect contributing raw variants before deciding."
2022SY-00101,1,2022SY-00101,,raw_code_or_artifact,route_to_non_source_descriptor,suppressed/non_source_descriptor,,,needs_review,Descriptor-like signal; verify raw variants before adding a suppression rule.,unreviewed,,,,"Batch 1 - metadata descriptors. Current mode routing method: standardizer. This value comes from Isolation_Source_SD in the QA aggregate, not directly from the raw metadata field; inspect contributing raw variants before deciding."
2022SY-00107,1,2022SY-00107,,raw_code_or_artifact,route_to_non_source_descriptor,suppressed/non_source_descriptor,,,needs_review,Descriptor-like signal; verify raw variants before adding a suppression rule.,unreviewed,,,,"Batch 1 - metadata descriptors. Current mode routing method: standardizer. This value comes from Isolation_Source_SD in the QA aggregate, not directly from the raw metadata field; inspect contributing raw variants before deciding."
2022SY-00108,1,2022SY-00108,,raw_code_or_artifact,route_to_non_source_descriptor,suppressed/non_source_descriptor,,,needs_review,Descriptor-like signal; verify raw variants before adding a suppression rule.,unreviewed,,,,"Batch 1 - metadata descriptors. Current mode routing method: standardizer. This value comes from Isolation_Source_SD in the QA aggregate, not directly from the raw metadata field; inspect contributing raw variants before deciding."
2022SY-00109,1,2022SY-00109,,raw_code_or_artifact,route_to_non_source_descriptor,suppressed/non_source_descriptor,,,needs_review,Descriptor-like signal; verify raw variants before adding a suppression rule.,unreviewed,,,,"Batch 1 - metadata descriptors. Current mode routing method: standardizer. This value comes from Isolation_Source_SD in the QA aggregate, not directly from the raw metadata field; inspect contributing raw variants before deciding."
2022SY-00110,1,2022SY-00110,,raw_code_or_artifact,route_to_non_source_descriptor,suppressed/non_source_descriptor,,,needs_review,Descriptor-like signal; verify raw variants before adding a suppression rule.,unreviewed,,,,"Batch 1 - metadata descriptors. Current mode routing method: standardizer. This value comes from Isolation_Source_SD in the QA aggregate, not directly from the raw metadata field; inspect contributing raw variants before deciding."
2023JQ-00300,1,2023JQ-00300,,raw_code_or_artifact,route_to_non_source_descriptor,suppressed/non_source_descriptor,,,needs_review,Descriptor-like signal; verify raw variants before adding a suppression rule.,unreviewed,,,,"Batch 1 - metadata descriptors. Current mode routing method: standardizer. This value comes from Isolation_Source_SD in the QA aggregate, not directly from the raw metadata field; inspect contributing raw variants before deciding."
2023JQ-00301,1,2023JQ-00301,,raw_code_or_artifact,route_to_non_source_descriptor,suppressed/non_source_descriptor,,,needs_review,Descriptor-like signal; verify raw variants before adding a suppression rule.,unreviewed,,,,"Batch 1 - metadata descriptors. Current mode routing method: standardizer. This value comes from Isolation_Source_SD in the QA aggregate, not directly from the raw metadata field; inspect contributing raw variants before deciding."
2023JQ-00302,1,2023JQ-00302,,raw_code_or_artifact,route_to_non_source_descriptor,suppressed/non_source_descriptor,,,needs_review,Descriptor-like signal; verify raw variants before adding a suppression rule.,unreviewed,,,,"Batch 1 - metadata descriptors. Current mode routing method: standardizer. This value comes from Isolation_Source_SD in the QA aggregate, not directly from the raw metadata field; inspect contributing raw variants before deciding."
2023JQ-00315,1,2023JQ-00315,,raw_code_or_artifact,route_to_non_source_descriptor,suppressed/non_source_descriptor,,,needs_review,Descriptor-like signal; verify raw variants before adding a suppression rule.,unreviewed,,,,"Batch 1 - metadata descriptors. Current mode routing method: standardizer. This value comes from Isolation_Source_SD in the QA aggregate, not directly from the raw metadata field; inspect contributing raw variants before deciding."
2023JQ-00316,1,2023JQ-00316,,raw_code_or_artifact,route_to_non_source_descriptor,suppressed/non_source_descriptor,,,needs_review,Descriptor-like signal; verify raw variants before adding a suppression rule.,unreviewed,,,,"Batch 1 - metadata descriptors. Current mode routing method: standardizer. This value comes from Isolation_Source_SD in the QA aggregate, not directly from the raw metadata field; inspect contributing raw variants before deciding."
2023JQ-00317,1,2023JQ-00317,,raw_code_or_artifact,route_to_non_source_descriptor,suppressed/non_source_descriptor,,,needs_review,Descriptor-like signal; verify raw variants before adding a suppression rule.,unreviewed,,,,"Batch 1 - metadata descriptors. Current mode routing method: standardizer. This value comes from Isolation_Source_SD in the QA aggregate, not directly from the raw metadata field; inspect contributing raw variants before deciding."
2023JQ-00443,1,2023JQ-00443,,raw_code_or_artifact,route_to_non_source_descriptor,suppressed/non_source_descriptor,,,needs_review,Descriptor-like signal; verify raw variants before adding a suppression rule.,unreviewed,,,,"Batch 1 - metadata descriptors. Current mode routing method: standardizer. This value comes from Isolation_Source_SD in the QA aggregate, not directly from the raw metadata field; inspect contributing raw variants before deciding."
2023JQ-00444,1,2023JQ-00444,,raw_code_or_artifact,route_to_non_source_descriptor,suppressed/non_source_descriptor,,,needs_review,Descriptor-like signal; verify raw variants before adding a suppression rule.,unreviewed,,,,"Batch 1 - metadata descriptors. Current mode routing method: standardizer. This value comes from Isolation_Source_SD in the QA aggregate, not directly from the raw metadata field; inspect contributing raw variants before deciding."
2023JQ-00445,1,2023JQ-00445,,raw_code_or_artifact,route_to_non_source_descriptor,suppressed/non_source_descriptor,,,needs_review,Descriptor-like signal; verify raw variants before adding a suppression rule.,unreviewed,,,,"Batch 1 - metadata descriptors. Current mode routing method: standardizer. This value comes from Isolation_Source_SD in the QA aggregate, not directly from the raw metadata field; inspect contributing raw variants before deciding."
2023JQ-00446,1,2023JQ-00446,,raw_code_or_artifact,route_to_non_source_descriptor,suppressed/non_source_descriptor,,,needs_review,Descriptor-like signal; verify raw variants before adding a suppression rule.,unreviewed,,,,"Batch 1 - metadata descriptors. Current mode routing method: standardizer. This value comes from Isolation_Source_SD in the QA aggregate, not directly from the raw metadata field; inspect contributing raw variants before deciding."
2023JQ-00447,1,2023JQ-00447,,raw_code_or_artifact,route_to_non_source_descriptor,suppressed/non_source_descriptor,,,needs_review,Descriptor-like signal; verify raw variants before adding a suppression rule.,unreviewed,,,,"Batch 1 - metadata descriptors. Current mode routing method: standardizer. This value comes from Isolation_Source_SD in the QA aggregate, not directly from the raw metadata field; inspect contributing raw variants before deciding."
2023JQ-00449,1,2023JQ-00449,,raw_code_or_artifact,route_to_non_source_descriptor,suppressed/non_source_descriptor,,,needs_review,Descriptor-like signal; verify raw variants before adding a suppression rule.,unreviewed,,,,"Batch 1 - metadata descriptors. Current mode routing method: standardizer. This value comes from Isolation_Source_SD in the QA aggregate, not directly from the raw metadata field; inspect contributing raw variants before deciding."
2023JQ-00450,1,2023JQ-00450,,raw_code_or_artifact,route_to_non_source_descriptor,suppressed/non_source_descriptor,,,needs_review,Descriptor-like signal; verify raw variants before adding a suppression rule.,unreviewed,,,,"Batch 1 - metadata descriptors. Current mode routing method: standardizer. This value comes from Isolation_Source_SD in the QA aggregate, not directly from the raw metadata field; inspect contributing raw variants before deciding."
2023JQ-00451,1,2023JQ-00451,,raw_code_or_artifact,route_to_non_source_descriptor,suppressed/non_source_descriptor,,,needs_review,Descriptor-like signal; verify raw variants before adding a suppression rule.,unreviewed,,,,"Batch 1 - metadata descriptors. Current mode routing method: standardizer. This value comes from Isolation_Source_SD in the QA aggregate, not directly from the raw metadata field; inspect contributing raw variants before deciding."
2023JQ-00452,1,2023JQ-00452,,raw_code_or_artifact,route_to_non_source_descriptor,suppressed/non_source_descriptor,,,needs_review,Descriptor-like signal; verify raw variants before adding a suppression rule.,unreviewed,,,,"Batch 1 - metadata descriptors. Current mode routing method: standardizer. This value comes from Isolation_Source_SD in the QA aggregate, not directly from the raw metadata field; inspect contributing raw variants before deciding."
2023JQ-00453,1,2023JQ-00453,,raw_code_or_artifact,route_to_non_source_descriptor,suppressed/non_source_descriptor,,,needs_review,Descriptor-like signal; verify raw variants before adding a suppression rule.,unreviewed,,,,"Batch 1 - metadata descriptors. Current mode routing method: standardizer. This value comes from Isolation_Source_SD in the QA aggregate, not directly from the raw metadata field; inspect contributing raw variants before deciding."
2023JQ-00454,1,2023JQ-00454,,raw_code_or_artifact,route_to_non_source_descriptor,suppressed/non_source_descriptor,,,needs_review,Descriptor-like signal; verify raw variants before adding a suppression rule.,unreviewed,,,,"Batch 1 - metadata descriptors. Current mode routing method: standardizer. This value comes from Isolation_Source_SD in the QA aggregate, not directly from the raw metadata field; inspect contributing raw variants before deciding."
2023JQ-00455,1,2023JQ-00455,,raw_code_or_artifact,route_to_non_source_descriptor,suppressed/non_source_descriptor,,,needs_review,Descriptor-like signal; verify raw variants before adding a suppression rule.,unreviewed,,,,"Batch 1 - metadata descriptors. Current mode routing method: standardizer. This value comes from Isolation_Source_SD in the QA aggregate, not directly from the raw metadata field; inspect contributing raw variants before deciding."
2023JQ-00456,1,2023JQ-00456,,raw_code_or_artifact,route_to_non_source_descriptor,suppressed/non_source_descriptor,,,needs_review,Descriptor-like signal; verify raw variants before adding a suppression rule.,unreviewed,,,,"Batch 1 - metadata descriptors. Current mode routing method: standardizer. This value comes from Isolation_Source_SD in the QA aggregate, not directly from the raw metadata field; inspect contributing raw variants before deciding."
2023JQ-00457,1,2023JQ-00457,,raw_code_or_artifact,route_to_non_source_descriptor,suppressed/non_source_descriptor,,,needs_review,Descriptor-like signal; verify raw variants before adding a suppression rule.,unreviewed,,,,"Batch 1 - metadata descriptors. Current mode routing method: standardizer. This value comes from Isolation_Source_SD in the QA aggregate, not directly from the raw metadata field; inspect contributing raw variants before deciding."
2023JQ-00459,1,2023JQ-00459,,raw_code_or_artifact,route_to_non_source_descriptor,suppressed/non_source_descriptor,,,needs_review,Descriptor-like signal; verify raw variants before adding a suppression rule.,unreviewed,,,,"Batch 1 - metadata descriptors. Current mode routing method: standardizer. This value comes from Isolation_Source_SD in the QA aggregate, not directly from the raw metadata field; inspect contributing raw variants before deciding."
2023JQ-00460,1,2023JQ-00460,,raw_code_or_artifact,route_to_non_source_descriptor,suppressed/non_source_descriptor,,,needs_review,Descriptor-like signal; verify raw variants before adding a suppression rule.,unreviewed,,,,"Batch 1 - metadata descriptors. Current mode routing method: standardizer. This value comes from Isolation_Source_SD in the QA aggregate, not directly from the raw metadata field; inspect contributing raw variants before deciding."
2023JQ-00461,1,2023JQ-00461,,raw_code_or_artifact,route_to_non_source_descriptor,suppressed/non_source_descriptor,,,needs_review,Descriptor-like signal; verify raw variants before adding a suppression rule.,unreviewed,,,,"Batch 1 - metadata descriptors. Current mode routing method: standardizer. This value comes from Isolation_Source_SD in the QA aggregate, not directly from the raw metadata field; inspect contributing raw variants before deciding."
2023JQ-00462,1,2023JQ-00462,,raw_code_or_artifact,route_to_non_source_descriptor,suppressed/non_source_descriptor,,,needs_review,Descriptor-like signal; verify raw variants before adding a suppression rule.,unreviewed,,,,"Batch 1 - metadata descriptors. Current mode routing method: standardizer. This value comes from Isolation_Source_SD in the QA aggregate, not directly from the raw metadata field; inspect contributing raw variants before deciding."
2023JQ-00463,1,2023JQ-00463,,raw_code_or_artifact,route_to_non_source_descriptor,suppressed/non_source_descriptor,,,needs_review,Descriptor-like signal; verify raw variants before adding a suppression rule.,unreviewed,,,,"Batch 1 - metadata descriptors. Current mode routing method: standardizer. This value comes from Isolation_Source_SD in the QA aggregate, not directly from the raw metadata field; inspect contributing raw variants before deciding."
2023JQ-00464,1,2023JQ-00464,,raw_code_or_artifact,route_to_non_source_descriptor,suppressed/non_source_descriptor,,,needs_review,Descriptor-like signal; verify raw variants before adding a suppression rule.,unreviewed,,,,"Batch 1 - metadata descriptors. Current mode routing method: standardizer. This value comes from Isolation_Source_SD in the QA aggregate, not directly from the raw metadata field; inspect contributing raw variants before deciding."
2023JQ-00465,1,2023JQ-00465,,raw_code_or_artifact,route_to_non_source_descriptor,suppressed/non_source_descriptor,,,needs_review,Descriptor-like signal; verify raw variants before adding a suppression rule.,unreviewed,,,,"Batch 1 - metadata descriptors. Current mode routing method: standardizer. This value comes from Isolation_Source_SD in the QA aggregate, not directly from the raw metadata field; inspect contributing raw variants before deciding."
2023JQ-00466,1,2023JQ-00466,,raw_code_or_artifact,route_to_non_source_descriptor,suppressed/non_source_descriptor,,,needs_review,Descriptor-like signal; verify raw variants before adding a suppression rule.,unreviewed,,,,"Batch 1 - metadata descriptors. Current mode routing method: standardizer. This value comes from Isolation_Source_SD in the QA aggregate, not directly from the raw metadata field; inspect contributing raw variants before deciding."
2023JQ-00467,1,2023JQ-00467,,raw_code_or_artifact,route_to_non_source_descriptor,suppressed/non_source_descriptor,,,needs_review,Descriptor-like signal; verify raw variants before adding a suppression rule.,unreviewed,,,,"Batch 1 - metadata descriptors. Current mode routing method: standardizer. This value comes from Isolation_Source_SD in the QA aggregate, not directly from the raw metadata field; inspect contributing raw variants before deciding."
2023JQ-00469,1,2023JQ-00469,,raw_code_or_artifact,route_to_non_source_descriptor,suppressed/non_source_descriptor,,,needs_review,Descriptor-like signal; verify raw variants before adding a suppression rule.,unreviewed,,,,"Batch 1 - metadata descriptors. Current mode routing method: standardizer. This value comes from Isolation_Source_SD in the QA aggregate, not directly from the raw metadata field; inspect contributing raw variants before deciding."
2023JQ-00470,1,2023JQ-00470,,raw_code_or_artifact,route_to_non_source_descriptor,suppressed/non_source_descriptor,,,needs_review,Descriptor-like signal; verify raw variants before adding a suppression rule.,unreviewed,,,,"Batch 1 - metadata descriptors. Current mode routing method: standardizer. This value comes from Isolation_Source_SD in the QA aggregate, not directly from the raw metadata field; inspect contributing raw variants before deciding."
2023JQ-00471,1,2023JQ-00471,,raw_code_or_artifact,route_to_non_source_descriptor,suppressed/non_source_descriptor,,,needs_review,Descriptor-like signal; verify raw variants before adding a suppression rule.,unreviewed,,,,"Batch 1 - metadata descriptors. Current mode routing method: standardizer. This value comes from Isolation_Source_SD in the QA aggregate, not directly from the raw metadata field; inspect contributing raw variants before deciding."
2023JQ-00472,1,2023JQ-00472,,raw_code_or_artifact,route_to_non_source_descriptor,suppressed/non_source_descriptor,,,needs_review,Descriptor-like signal; verify raw variants before adding a suppression rule.,unreviewed,,,,"Batch 1 - metadata descriptors. Current mode routing method: standardizer. This value comes from Isolation_Source_SD in the QA aggregate, not directly from the raw metadata field; inspect contributing raw variants before deciding."
2023JQ-00473,1,2023JQ-00473,,raw_code_or_artifact,route_to_non_source_descriptor,suppressed/non_source_descriptor,,,needs_review,Descriptor-like signal; verify raw variants before adding a suppression rule.,unreviewed,,,,"Batch 1 - metadata descriptors. Current mode routing method: standardizer. This value comes from Isolation_Source_SD in the QA aggregate, not directly from the raw metadata field; inspect contributing raw variants before deciding."
2023JQ-00474,1,2023JQ-00474,,raw_code_or_artifact,route_to_non_source_descriptor,suppressed/non_source_descriptor,,,needs_review,Descriptor-like signal; verify raw variants before adding a suppression rule.,unreviewed,,,,"Batch 1 - metadata descriptors. Current mode routing method: standardizer. This value comes from Isolation_Source_SD in the QA aggregate, not directly from the raw metadata field; inspect contributing raw variants before deciding."
2023JQ-00476,1,2023JQ-00476,,raw_code_or_artifact,route_to_non_source_descriptor,suppressed/non_source_descriptor,,,needs_review,Descriptor-like signal; verify raw variants before adding a suppression rule.,unreviewed,,,,"Batch 1 - metadata descriptors. Current mode routing method: standardizer. This value comes from Isolation_Source_SD in the QA aggregate, not directly from the raw metadata field; inspect contributing raw variants before deciding."
2023JQ-00477,1,2023JQ-00477,,raw_code_or_artifact,route_to_non_source_descriptor,suppressed/non_source_descriptor,,,needs_review,Descriptor-like signal; verify raw variants before adding a suppression rule.,unreviewed,,,,"Batch 1 - metadata descriptors. Current mode routing method: standardizer. This value comes from Isolation_Source_SD in the QA aggregate, not directly from the raw metadata field; inspect contributing raw variants before deciding."
2023JQ-00480,1,2023JQ-00480,,raw_code_or_artifact,route_to_non_source_descriptor,suppressed/non_source_descriptor,,,needs_review,Descriptor-like signal; verify raw variants before adding a suppression rule.,unreviewed,,,,"Batch 1 - metadata descriptors. Current mode routing method: standardizer. This value comes from Isolation_Source_SD in the QA aggregate, not directly from the raw metadata field; inspect contributing raw variants before deciding."
2023JQ-00481,1,2023JQ-00481,,raw_code_or_artifact,route_to_non_source_descriptor,suppressed/non_source_descriptor,,,needs_review,Descriptor-like signal; verify raw variants before adding a suppression rule.,unreviewed,,,,"Batch 1 - metadata descriptors. Current mode routing method: standardizer. This value comes from Isolation_Source_SD in the QA aggregate, not directly from the raw metadata field; inspect contributing raw variants before deciding."
2023JQ-00482,1,2023JQ-00482,,raw_code_or_artifact,route_to_non_source_descriptor,suppressed/non_source_descriptor,,,needs_review,Descriptor-like signal; verify raw variants before adding a suppression rule.,unreviewed,,,,"Batch 1 - metadata descriptors. Current mode routing method: standardizer. This value comes from Isolation_Source_SD in the QA aggregate, not directly from the raw metadata field; inspect contributing raw variants before deciding."
2023JQ-00483,1,2023JQ-00483,,raw_code_or_artifact,route_to_non_source_descriptor,suppressed/non_source_descriptor,,,needs_review,Descriptor-like signal; verify raw variants before adding a suppression rule.,unreviewed,,,,"Batch 1 - metadata descriptors. Current mode routing method: standardizer. This value comes from Isolation_Source_SD in the QA aggregate, not directly from the raw metadata field; inspect contributing raw variants before deciding."
2023JQ-00484,1,2023JQ-00484,,raw_code_or_artifact,route_to_non_source_descriptor,suppressed/non_source_descriptor,,,needs_review,Descriptor-like signal; verify raw variants before adding a suppression rule.,unreviewed,,,,"Batch 1 - metadata descriptors. Current mode routing method: standardizer. This value comes from Isolation_Source_SD in the QA aggregate, not directly from the raw metadata field; inspect contributing raw variants before deciding."
2023SY-00001,1,2023SY-00001,,raw_code_or_artifact,route_to_non_source_descriptor,suppressed/non_source_descriptor,,,needs_review,Descriptor-like signal; verify raw variants before adding a suppression rule.,unreviewed,,,,"Batch 1 - metadata descriptors. Current mode routing method: standardizer. This value comes from Isolation_Source_SD in the QA aggregate, not directly from the raw metadata field; inspect contributing raw variants before deciding."
2023SY-00002,1,2023SY-00002,,raw_code_or_artifact,route_to_non_source_descriptor,suppressed/non_source_descriptor,,,needs_review,Descriptor-like signal; verify raw variants before adding a suppression rule.,unreviewed,,,,"Batch 1 - metadata descriptors. Current mode routing method: standardizer. This value comes from Isolation_Source_SD in the QA aggregate, not directly from the raw metadata field; inspect contributing raw variants before deciding."
2023SY-00003,1,2023SY-00003,,raw_code_or_artifact,route_to_non_source_descriptor,suppressed/non_source_descriptor,,,needs_review,Descriptor-like signal; verify raw variants before adding a suppression rule.,unreviewed,,,,"Batch 1 - metadata descriptors. Current mode routing method: standardizer. This value comes from Isolation_Source_SD in the QA aggregate, not directly from the raw metadata field; inspect contributing raw variants before deciding."
2023SY-00004,1,2023SY-00004,,raw_code_or_artifact,route_to_non_source_descriptor,suppressed/non_source_descriptor,,,needs_review,Descriptor-like signal; verify raw variants before adding a suppression rule.,unreviewed,,,,"Batch 1 - metadata descriptors. Current mode routing method: standardizer. This value comes from Isolation_Source_SD in the QA aggregate, not directly from the raw metadata field; inspect contributing raw variants before deciding."
2023SY-00005,1,2023SY-00005,,raw_code_or_artifact,route_to_non_source_descriptor,suppressed/non_source_descriptor,,,needs_review,Descriptor-like signal; verify raw variants before adding a suppression rule.,unreviewed,,,,"Batch 1 - metadata descriptors. Current mode routing method: standardizer. This value comes from Isolation_Source_SD in the QA aggregate, not directly from the raw metadata field; inspect contributing raw variants before deciding."
2023SY-00008,1,2023SY-00008,,raw_code_or_artifact,route_to_non_source_descriptor,suppressed/non_source_descriptor,,,needs_review,Descriptor-like signal; verify raw variants before adding a suppression rule.,unreviewed,,,,"Batch 1 - metadata descriptors. Current mode routing method: standardizer. This value comes from Isolation_Source_SD in the QA aggregate, not directly from the raw metadata field; inspect contributing raw variants before deciding."
2023SY-00009,1,2023SY-00009,,raw_code_or_artifact,route_to_non_source_descriptor,suppressed/non_source_descriptor,,,needs_review,Descriptor-like signal; verify raw variants before adding a suppression rule.,unreviewed,,,,"Batch 1 - metadata descriptors. Current mode routing method: standardizer. This value comes from Isolation_Source_SD in the QA aggregate, not directly from the raw metadata field; inspect contributing raw variants before deciding."
2024EL-00764,1,2024EL-00764,,raw_code_or_artifact,route_to_non_source_descriptor,suppressed/non_source_descriptor,,,needs_review,Descriptor-like signal; verify raw variants before adding a suppression rule.,unreviewed,,,,"Batch 1 - metadata descriptors. Current mode routing method: standardizer. This value comes from Isolation_Source_SD in the QA aggregate, not directly from the raw metadata field; inspect contributing raw variants before deciding."
2024EL-00765,1,2024EL-00765,,raw_code_or_artifact,route_to_non_source_descriptor,suppressed/non_source_descriptor,,,needs_review,Descriptor-like signal; verify raw variants before adding a suppression rule.,unreviewed,,,,"Batch 1 - metadata descriptors. Current mode routing method: standardizer. This value comes from Isolation_Source_SD in the QA aggregate, not directly from the raw metadata field; inspect contributing raw variants before deciding."
293Trex,1,293Trex,,raw_code_or_artifact,route_to_non_source_descriptor,suppressed/non_source_descriptor,,,needs_review,Descriptor-like signal; verify raw variants before adding a suppression rule.,unreviewed,,,,"Batch 1 - metadata descriptors. Current mode routing method: standardizer. This value comes from Isolation_Source_SD in the QA aggregate, not directly from the raw metadata field; inspect contributing raw variants before deciding."
"7 DIV E16.5 mouse cortical neurons, before and after membrane depolarization induced by extracellular potassium",1,"7 DIV E16.5 mouse cortical neurons, before and after membrane depolarization induced by extracellular potassium",,host_taxon_or_context,route_to_host_context,Host_Context_SD / host-associated context,,,needs_review,Host-only signal requires raw context before source or host routing.,unreviewed,,,,"Batch 6 - host context. Current mode routing method: standardizer. This value comes from Isolation_Source_SD in the QA aggregate, not directly from the raw metadata field; inspect contributing raw variants before deciding."
797Trex,1,797Trex,,raw_code_or_artifact,route_to_non_source_descriptor,suppressed/non_source_descriptor,,,needs_review,Descriptor-like signal; verify raw variants before adding a suppression rule.,unreviewed,,,,"Batch 1 - metadata descriptors. Current mode routing method: standardizer. This value comes from Isolation_Source_SD in the QA aggregate, not directly from the raw metadata field; inspect contributing raw variants before deciding."
a bite (wound),1,a bite (wound),,body_site,route_to_isolation_site,Isolation_Site_SD,,,needs_review,Anatomical-site signal; split material and site when both are present.,unreviewed,,,,"Batch 3 - anatomical sites. Current mode routing method: standardizer. This value comes from Isolation_Source_SD in the QA aggregate, not directly from the raw metadata field; inspect contributing raw variants before deciding."
A317,1,A317,,raw_code_or_artifact,route_to_non_source_descriptor,suppressed/non_source_descriptor,,,needs_review,Descriptor-like signal; verify raw variants before adding a suppression rule.,unreviewed,,,,"Batch 1 - metadata descriptors. Current mode routing method: standardizer. This value comes from Isolation_Source_SD in the QA aggregate, not directly from the raw metadata field; inspect contributing raw variants before deciding."
A362,1,A362,,raw_code_or_artifact,route_to_non_source_descriptor,suppressed/non_source_descriptor,,,needs_review,Descriptor-like signal; verify raw variants before adding a suppression rule.,unreviewed,,,,"Batch 1 - metadata descriptors. Current mode routing method: standardizer. This value comes from Isolation_Source_SD in the QA aggregate, not directly from the raw metadata field; inspect contributing raw variants before deciding."
Aamose9,1,Aamose9,,raw_code_or_artifact,route_to_non_source_descriptor,suppressed/non_source_descriptor,,,needs_review,Descriptor-like signal; verify raw variants before adding a suppression rule.,unreviewed,,,,"Batch 1 - metadata descriptors. Current mode routing method: standardizer. This value comes from Isolation_Source_SD in the QA aggregate, not directly from the raw metadata field; inspect contributing raw variants before deciding."
Abattoir_1,1,Abattoir_1,,raw_code_or_artifact,route_to_non_source_descriptor,suppressed/non_source_descriptor,,,needs_review,Descriptor-like signal; verify raw variants before adding a suppression rule.,unreviewed,,,,"Batch 1 - metadata descriptors. Current mode routing method: standardizer. This value comes from Isolation_Source_SD in the QA aggregate, not directly from the raw metadata field; inspect contributing raw variants before deciding."
Abattoir_6,1,Abattoir_6,,raw_code_or_artifact,route_to_non_source_descriptor,suppressed/non_source_descriptor,,,needs_review,Descriptor-like signal; verify raw variants before adding a suppression rule.,unreviewed,,,,"Batch 1 - metadata descriptors. Current mode routing method: standardizer. This value comes from Isolation_Source_SD in the QA aggregate, not directly from the raw metadata field; inspect contributing raw variants before deciding."
Abdominal (drain aspirate),1,Abdominal (drain aspirate),,sample_type,route_to_sample_type,Sample_Type_SD,,,needs_review,Sample-material signal; preserve source context only when independently supported.,unreviewed,,,,"Batch 2 - sample materials. Current mode routing method: standardizer. This value comes from Isolation_Source_SD in the QA aggregate, not directly from the raw metadata field; inspect contributing raw variants before deciding."
Abdominal cavity Tissue,1,Abdominal cavity Tissue,tissue,sample_type,route_to_sample_type,Sample_Type_SD,,,needs_review,Sample-material signal; preserve source context only when independently supported.,unreviewed,,,,"Batch 2 - sample materials. Current mode routing method: standardizer. This value comes from Isolation_Source_SD in the QA aggregate, not directly from the raw metadata field; inspect contributing raw variants before deciding."
Abdominal Incision Tissue,1,Abdominal Incision Tissue,tissue,sample_type,route_to_sample_type,Sample_Type_SD,,,needs_review,Sample-material signal; preserve source context only when independently supported.,unreviewed,,,,"Batch 2 - sample materials. Current mode routing method: standardizer. This value comes from Isolation_Source_SD in the QA aggregate, not directly from the raw metadata field; inspect contributing raw variants before deciding."
Abdominal Tissue,1,Abdominal Tissue,tissue,sample_type,route_to_sample_type,Sample_Type_SD,,,needs_review,Sample-material signal; preserve source context only when independently supported.,unreviewed,,,,"Batch 2 - sample materials. Current mode routing method: standardizer. This value comes from Isolation_Source_SD in the QA aggregate, not directly from the raw metadata field; inspect contributing raw variants before deciding."
Acetabular Tissue,1,Acetabular Tissue,tissue,sample_type,route_to_sample_type,Sample_Type_SD,,,needs_review,Sample-material signal; preserve source context only when independently supported.,unreviewed,,,,"Batch 2 - sample materials. Current mode routing method: standardizer. This value comes from Isolation_Source_SD in the QA aggregate, not directly from the raw metadata field; inspect contributing raw variants before deciding."
Adenoid tissue,1,Adenoid tissue,tissue,sample_type,route_to_sample_type,Sample_Type_SD,,,needs_review,Sample-material signal; preserve source context only when independently supported.,unreviewed,,,,"Batch 2 - sample materials. Current mode routing method: standardizer. This value comes from Isolation_Source_SD in the QA aggregate, not directly from the raw metadata field; inspect contributing raw variants before deciding."
Adr2-,1,Adr2-,,raw_code_or_artifact,route_to_non_source_descriptor,suppressed/non_source_descriptor,,,needs_review,Descriptor-like signal; verify raw variants before adding a suppression rule.,unreviewed,,,,"Batch 1 - metadata descriptors. Current mode routing method: standardizer. This value comes from Isolation_Source_SD in the QA aggregate, not directly from the raw metadata field; inspect contributing raw variants before deciding."
Adult female worm tissue,1,Adult female worm tissue,tissue,sample_type,route_to_sample_type,Sample_Type_SD,,,needs_review,Sample-material signal; preserve source context only when independently supported.,unreviewed,,,,"Batch 2 - sample materials. Current mode routing method: standardizer. This value comes from Isolation_Source_SD in the QA aggregate, not directly from the raw metadata field; inspect contributing raw variants before deciding."
adult insects fed liquid diet (100% cellulose matrix soaked in 11% saccharose in water),1,adult insects fed liquid diet (100% cellulose matrix soaked in 11% saccharose in water),,environment_medium,route_to_environment_medium,Environment_Medium_SD,,,needs_review,Environmental-medium signal; retain broad source context only when intentional.,unreviewed,,,,"Batch 4 - environmental media. Current mode routing method: standardizer. This value comes from Isolation_Source_SD in the QA aggregate, not directly from the raw metadata field; inspect contributing raw variants before deciding."
affected cabbage tissue,1,affected cabbage tissue,tissue,sample_type,route_to_sample_type,Sample_Type_SD,,,needs_review,Sample-material signal; preserve source context only when independently supported.,unreviewed,,,,"Batch 2 - sample materials. Current mode routing method: standardizer. This value comes from Isolation_Source_SD in the QA aggregate, not directly from the raw metadata field; inspect contributing raw variants before deciding."
Airosal_in_baiyun2,1,Airosal_in_baiyun2,,raw_code_or_artifact,route_to_non_source_descriptor,suppressed/non_source_descriptor,,,needs_review,Descriptor-like signal; verify raw variants before adding a suppression rule.,unreviewed,,,,"Batch 1 - metadata descriptors. Current mode routing method: standardizer. This value comes from Isolation_Source_SD in the QA aggregate, not directly from the raw metadata field; inspect contributing raw variants before deciding."
Airosal_in_Heyuan2,1,Airosal_in_Heyuan2,,raw_code_or_artifact,route_to_non_source_descriptor,suppressed/non_source_descriptor,,,needs_review,Descriptor-like signal; verify raw variants before adding a suppression rule.,unreviewed,,,,"Batch 1 - metadata descriptors. Current mode routing method: standardizer. This value comes from Isolation_Source_SD in the QA aggregate, not directly from the raw metadata field; inspect contributing raw variants before deciding."
Airosal_in_Huadu3,1,Airosal_in_Huadu3,,raw_code_or_artifact,route_to_non_source_descriptor,suppressed/non_source_descriptor,,,needs_review,Descriptor-like signal; verify raw variants before adding a suppression rule.,unreviewed,,,,"Batch 1 - metadata descriptors. Current mode routing method: standardizer. This value comes from Isolation_Source_SD in the QA aggregate, not directly from the raw metadata field; inspect contributing raw variants before deciding."
Airosal_in_HZ1,1,Airosal_in_HZ1,,raw_code_or_artifact,route_to_non_source_descriptor,suppressed/non_source_descriptor,,,needs_review,Descriptor-like signal; verify raw variants before adding a suppression rule.,unreviewed,,,,"Batch 1 - metadata descriptors. Current mode routing method: standardizer. This value comes from Isolation_Source_SD in the QA aggregate, not directly from the raw metadata field; inspect contributing raw variants before deciding."
Airosal_in_HZ3,1,Airosal_in_HZ3,,raw_code_or_artifact,route_to_non_source_descriptor,suppressed/non_source_descriptor,,,needs_review,Descriptor-like signal; verify raw variants before adding a suppression rule.,unreviewed,,,,"Batch 1 - metadata descriptors. Current mode routing method: standardizer. This value comes from Isolation_Source_SD in the QA aggregate, not directly from the raw metadata field; inspect contributing raw variants before deciding."
Airosal_in_Kaiping1,1,Airosal_in_Kaiping1,,raw_code_or_artifact,route_to_non_source_descriptor,suppressed/non_source_descriptor,,,needs_review,Descriptor-like signal; verify raw variants before adding a suppression rule.,unreviewed,,,,"Batch 1 - metadata descriptors. Current mode routing method: standardizer. This value comes from Isolation_Source_SD in the QA aggregate, not directly from the raw metadata field; inspect contributing raw variants before deciding."
Airosal_in_Kaiping2,1,Airosal_in_Kaiping2,,raw_code_or_artifact,route_to_non_source_descriptor,suppressed/non_source_descriptor,,,needs_review,Descriptor-like signal; verify raw variants before adding a suppression rule.,unreviewed,,,,"Batch 1 - metadata descriptors. Current mode routing method: standardizer. This value comes from Isolation_Source_SD in the QA aggregate, not directly from the raw metadata field; inspect contributing raw variants before deciding."
Airosal_in_Xinhua1,1,Airosal_in_Xinhua1,,raw_code_or_artifact,route_to_non_source_descriptor,suppressed/non_source_descriptor,,,needs_review,Descriptor-like signal; verify raw variants before adding a suppression rule.,unreviewed,,,,"Batch 1 - metadata descriptors. Current mode routing method: standardizer. This value comes from Isolation_Source_SD in the QA aggregate, not directly from the raw metadata field; inspect contributing raw variants before deciding."
Airosal_in_Xinhua3,1,Airosal_in_Xinhua3,,raw_code_or_artifact,route_to_non_source_descriptor,suppressed/non_source_descriptor,,,needs_review,Descriptor-like signal; verify raw variants before adding a suppression rule.,unreviewed,,,,"Batch 1 - metadata descriptors. Current mode routing method: standardizer. This value comes from Isolation_Source_SD in the QA aggregate, not directly from the raw metadata field; inspect contributing raw variants before deciding."
Airosal_in_Yangchun2,1,Airosal_in_Yangchun2,,raw_code_or_artifact,route_to_non_source_descriptor,suppressed/non_source_descriptor,,,needs_review,Descriptor-like signal; verify raw variants before adding a suppression rule.,unreviewed,,,,"Batch 1 - metadata descriptors. Current mode routing method: standardizer. This value comes from Isolation_Source_SD in the QA aggregate, not directly from the raw metadata field; inspect contributing raw variants before deciding."
alpaca tissue,1,alpaca tissue,tissue,sample_type,route_to_sample_type,Sample_Type_SD,,,needs_review,Sample-material signal; preserve source context only when independently supported.,unreviewed,,,,"Batch 2 - sample materials. Current mode routing method: standardizer. This value comes from Isolation_Source_SD in the QA aggregate, not directly from the raw metadata field; inspect contributing raw variants before deciding."
alveolar lavage,1,alveolar lavage,,sample_type,route_to_sample_type,Sample_Type_SD,,,needs_review,Sample-material signal; preserve source context only when independently supported.,unreviewed,,,,"Batch 2 - sample materials. Current mode routing method: standardizer. This value comes from Isolation_Source_SD in the QA aggregate, not directly from the raw metadata field; inspect contributing raw variants before deciding."
Alveolar lavage specimen,1,Alveolar lavage specimen,,sample_type,route_to_sample_type,Sample_Type_SD,,,needs_review,Sample-material signal; preserve source context only when independently supported.,unreviewed,,,,"Batch 2 - sample materials. Current mode routing method: standardizer. This value comes from Isolation_Source_SD in the QA aggregate, not directly from the raw metadata field; inspect contributing raw variants before deciding."
Anholt1,1,Anholt1,,raw_code_or_artifact,route_to_non_source_descriptor,suppressed/non_source_descriptor,,,needs_review,Descriptor-like signal; verify raw variants before adding a suppression rule.,unreviewed,,,,"Batch 1 - metadata descriptors. Current mode routing method: standardizer. This value comes from Isolation_Source_SD in the QA aggregate, not directly from the raw metadata field; inspect contributing raw variants before deciding."
Anholt12,1,Anholt12,,raw_code_or_artifact,route_to_non_source_descriptor,suppressed/non_source_descriptor,,,needs_review,Descriptor-like signal; verify raw variants before adding a suppression rule.,unreviewed,,,,"Batch 1 - metadata descriptors. Current mode routing method: standardizer. This value comes from Isolation_Source_SD in the QA aggregate, not directly from the raw metadata field; inspect contributing raw variants before deciding."
Anholt17,1,Anholt17,,raw_code_or_artifact,route_to_non_source_descriptor,suppressed/non_source_descriptor,,,needs_review,Descriptor-like signal; verify raw variants before adding a suppression rule.,unreviewed,,,,"Batch 1 - metadata descriptors. Current mode routing method: standardizer. This value comes from Isolation_Source_SD in the QA aggregate, not directly from the raw metadata field; inspect contributing raw variants before deciding."
Anholt19,1,Anholt19,,raw_code_or_artifact,route_to_non_source_descriptor,suppressed/non_source_descriptor,,,needs_review,Descriptor-like signal; verify raw variants before adding a suppression rule.,unreviewed,,,,"Batch 1 - metadata descriptors. Current mode routing method: standardizer. This value comes from Isolation_Source_SD in the QA aggregate, not directly from the raw metadata field; inspect contributing raw variants before deciding."
Animal - Avian-Yolk sac,1,Animal - Avian-Yolk sac,,host_taxon_or_context,route_to_host_context,Host_Context_SD / host-associated context,,,needs_review,Host-only signal requires raw context before source or host routing.,unreviewed,,,,"Batch 6 - host context. Current mode routing method: standardizer. This value comes from Isolation_Source_SD in the QA aggregate, not directly from the raw metadata field; inspect contributing raw variants before deciding."
Animal - Rodent,1,Animal - Rodent,,host_taxon_or_context,route_to_host_context,Host_Context_SD / host-associated context,,,needs_review,Host-only signal requires raw context before source or host routing.,unreviewed,,,,"Batch 6 - host context. Current mode routing method: standardizer. This value comes from Isolation_Source_SD in the QA aggregate, not directly from the raw metadata field; inspect contributing raw variants before deciding."
animal calf formula fed veal,1,animal calf formula fed veal,,host_taxon_or_context,route_to_host_context,Host_Context_SD / host-associated context,,,needs_review,Host-only signal requires raw context before source or host routing.,unreviewed,,,,"Batch 6 - host context. Current mode routing method: standardizer. This value comes from Isolation_Source_SD in the QA aggregate, not directly from the raw metadata field; inspect contributing raw variants before deciding."
animal cloacal swabs,1,animal cloacal swabs,,host_taxon_or_context,route_to_host_context,Host_Context_SD / host-associated context,,,needs_review,Host-only signal requires raw context before source or host routing.,unreviewed,,,,"Batch 6 - host context. Current mode routing method: standardizer. This value comes from Isolation_Source_SD in the QA aggregate, not directly from the raw metadata field; inspect contributing raw variants before deciding."
animal droppings,1,animal droppings,,host_taxon_or_context,route_to_host_context,Host_Context_SD / host-associated context,,,needs_review,Host-only signal requires raw context before source or host routing.,unreviewed,,,,"Batch 6 - host context. Current mode routing method: standardizer. This value comes from Isolation_Source_SD in the QA aggregate, not directly from the raw metadata field; inspect contributing raw variants before deciding."
animal dung,1,animal dung,,host_taxon_or_context,route_to_host_context,Host_Context_SD / host-associated context,,,needs_review,Host-only signal requires raw context before source or host routing.,unreviewed,,,,"Batch 6 - host context. Current mode routing method: standardizer. This value comes from Isolation_Source_SD in the QA aggregate, not directly from the raw metadata field; inspect contributing raw variants before deciding."
Animal excrete,1,Animal excrete,,host_taxon_or_context,route_to_host_context,Host_Context_SD / host-associated context,,,needs_review,Host-only signal requires raw context before source or host routing.,unreviewed,,,,"Batch 6 - host context. Current mode routing method: standardizer. This value comes from Isolation_Source_SD in the QA aggregate, not directly from the raw metadata field; inspect contributing raw variants before deciding."
animal facilities of Max-Planck-Institute for Evolutionary Biology,1,animal facilities of Max-Planck-Institute for Evolutionary Biology,,host_taxon_or_context,route_to_host_context,Host_Context_SD / host-associated context,,,needs_review,Host-only signal requires raw context before source or host routing.,unreviewed,,,,"Batch 6 - host context. Current mode routing method: standardizer. This value comes from Isolation_Source_SD in the QA aggregate, not directly from the raw metadata field; inspect contributing raw variants before deciding."
Animal facility,1,Animal facility,,host_taxon_or_context,route_to_host_context,Host_Context_SD / host-associated context,,,needs_review,Host-only signal requires raw context before source or host routing.,unreviewed,,,,"Batch 6 - host context. Current mode routing method: standardizer. This value comes from Isolation_Source_SD in the QA aggregate, not directly from the raw metadata field; inspect contributing raw variants before deciding."
"Animal facility center (vivarium, bioterio) from Institute of Tropical Medicine",1,"Animal facility center (vivarium, bioterio) from Institute of Tropical Medicine",,host_taxon_or_context,route_to_host_context,Host_Context_SD / host-associated context,,,needs_review,Host-only signal requires raw context before source or host routing.,unreviewed,,,,"Batch 6 - host context. Current mode routing method: standardizer. This value comes from Isolation_Source_SD in the QA aggregate, not directly from the raw metadata field; inspect contributing raw variants before deciding."
animal feed bison pellet,1,animal feed bison pellet,,host_taxon_or_context,route_to_host_context,Host_Context_SD / host-associated context,,,needs_review,Host-only signal requires raw context before source or host routing.,unreviewed,,,,"Batch 6 - host context. Current mode routing method: standardizer. This value comes from Isolation_Source_SD in the QA aggregate, not directly from the raw metadata field; inspect contributing raw variants before deciding."
animal feed bulk protein,1,animal feed bulk protein,,host_taxon_or_context,route_to_host_context,Host_Context_SD / host-associated context,,,needs_review,Host-only signal requires raw context before source or host routing.,unreviewed,,,,"Batch 6 - host context. Current mode routing method: standardizer. This value comes from Isolation_Source_SD in the QA aggregate, not directly from the raw metadata field; inspect contributing raw variants before deciding."
animal feed compressed pellet,1,animal feed compressed pellet,,host_taxon_or_context,route_to_host_context,Host_Context_SD / host-associated context,,,needs_review,Host-only signal requires raw context before source or host routing.,unreviewed,,,,"Batch 6 - host context. Current mode routing method: standardizer. This value comes from Isolation_Source_SD in the QA aggregate, not directly from the raw metadata field; inspect contributing raw variants before deciding."
animal feed cotton seed hull,1,animal feed cotton seed hull,,host_taxon_or_context,route_to_host_context,Host_Context_SD / host-associated context,,,needs_review,Host-only signal requires raw context before source or host routing.,unreviewed,,,,"Batch 6 - host context. Current mode routing method: standardizer. This value comes from Isolation_Source_SD in the QA aggregate, not directly from the raw metadata field; inspect contributing raw variants before deciding."
animal feed dried senna pod,1,animal feed dried senna pod,,host_taxon_or_context,route_to_host_context,Host_Context_SD / host-associated context,,,needs_review,Host-only signal requires raw context before source or host routing.,unreviewed,,,,"Batch 6 - host context. Current mode routing method: standardizer. This value comes from Isolation_Source_SD in the QA aggregate, not directly from the raw metadata field; inspect contributing raw variants before deciding."
animal feed hen,1,animal feed hen,,host_taxon_or_context,route_to_host_context,Host_Context_SD / host-associated context,,,needs_review,Host-only signal requires raw context before source or host routing.,unreviewed,,,,"Batch 6 - host context. Current mode routing method: standardizer. This value comes from Isolation_Source_SD in the QA aggregate, not directly from the raw metadata field; inspect contributing raw variants before deciding."
animal feed layer,1,animal feed layer,,host_taxon_or_context,route_to_host_context,Host_Context_SD / host-associated context,,,needs_review,Host-only signal requires raw context before source or host routing.,unreviewed,,,,"Batch 6 - host context. Current mode routing method: standardizer. This value comes from Isolation_Source_SD in the QA aggregate, not directly from the raw metadata field; inspect contributing raw variants before deciding."
animal feed laying mash,1,animal feed laying mash,,host_taxon_or_context,route_to_host_context,Host_Context_SD / host-associated context,,,needs_review,Host-only signal requires raw context before source or host routing.,unreviewed,,,,"Batch 6 - host context. Current mode routing method: standardizer. This value comes from Isolation_Source_SD in the QA aggregate, not directly from the raw metadata field; inspect contributing raw variants before deciding."
animal feed ovine meal,1,animal feed ovine meal,,host_taxon_or_context,route_to_host_context,Host_Context_SD / host-associated context,,,needs_review,Host-only signal requires raw context before source or host routing.,unreviewed,,,,"Batch 6 - host context. Current mode routing method: standardizer. This value comes from Isolation_Source_SD in the QA aggregate, not directly from the raw metadata field; inspect contributing raw variants before deciding."
animal feed soybean hull,1,animal feed soybean hull,,host_taxon_or_context,route_to_host_context,Host_Context_SD / host-associated context,,,needs_review,Host-only signal requires raw context before source or host routing.,unreviewed,,,,"Batch 6 - host context. Current mode routing method: standardizer. This value comes from Isolation_Source_SD in the QA aggregate, not directly from the raw metadata field; inspect contributing raw variants before deciding."
animal feed sweet oat,1,animal feed sweet oat,,host_taxon_or_context,route_to_host_context,Host_Context_SD / host-associated context,,,needs_review,Host-only signal requires raw context before source or host routing.,unreviewed,,,,"Batch 6 - host context. Current mode routing method: standardizer. This value comes from Isolation_Source_SD in the QA aggregate, not directly from the raw metadata field; inspect contributing raw variants before deciding."
animal feed vitamin supplement,1,animal feed vitamin supplement,,host_taxon_or_context,route_to_host_context,Host_Context_SD / host-associated context,,,needs_review,Host-only signal requires raw context before source or host routing.,unreviewed,,,,"Batch 6 - host context. Current mode routing method: standardizer. This value comes from Isolation_Source_SD in the QA aggregate, not directly from the raw metadata field; inspect contributing raw variants before deciding."
animal feed zoo diet,1,animal feed zoo diet,,host_taxon_or_context,route_to_host_context,Host_Context_SD / host-associated context,,,needs_review,Host-only signal requires raw context before source or host routing.,unreviewed,,,,"Batch 6 - host context. Current mode routing method: standardizer. This value comes from Isolation_Source_SD in the QA aggregate, not directly from the raw metadata field; inspect contributing raw variants before deciding."
"animal feed, bulk ground corn",1,"animal feed, bulk ground corn",,host_taxon_or_context,route_to_host_context,Host_Context_SD / host-associated context,,,needs_review,Host-only signal requires raw context before source or host routing.,unreviewed,,,,"Batch 6 - host context. Current mode routing method: standardizer. This value comes from Isolation_Source_SD in the QA aggregate, not directly from the raw metadata field; inspect contributing raw variants before deciding."
"animal feed, soybean meal",1,"animal feed, soybean meal",,host_taxon_or_context,route_to_host_context,Host_Context_SD / host-associated context,,,needs_review,Host-only signal requires raw context before source or host routing.,unreviewed,,,,"Batch 6 - host context. Current mode routing method: standardizer. This value comes from Isolation_Source_SD in the QA aggregate, not directly from the raw metadata field; inspect contributing raw variants before deciding."
Animal lymphoma parotid,1,Animal lymphoma parotid,,host_taxon_or_context,route_to_host_context,Host_Context_SD / host-associated context,,,needs_review,Host-only signal requires raw context before source or host routing.,unreviewed,,,,"Batch 6 - host context. Current mode routing method: standardizer. This value comes from Isolation_Source_SD in the QA aggregate, not directly from the raw metadata field; inspect contributing raw variants before deciding."
Animal lymphoma pre-scapular,1,Animal lymphoma pre-scapular,,host_taxon_or_context,route_to_host_context,Host_Context_SD / host-associated context,,,needs_review,Host-only signal requires raw context before source or host routing.,unreviewed,,,,"Batch 6 - host context. Current mode routing method: standardizer. This value comes from Isolation_Source_SD in the QA aggregate, not directly from the raw metadata field; inspect contributing raw variants before deciding."
Animal lymphoma retrofaringeo,1,Animal lymphoma retrofaringeo,,host_taxon_or_context,route_to_host_context,Host_Context_SD / host-associated context,,,needs_review,Host-only signal requires raw context before source or host routing.,unreviewed,,,,"Batch 6 - host context. Current mode routing method: standardizer. This value comes from Isolation_Source_SD in the QA aggregate, not directly from the raw metadata field; inspect contributing raw variants before deciding."
Animal lymphoma scapular,1,Animal lymphoma scapular,,host_taxon_or_context,route_to_host_context,Host_Context_SD / host-associated context,,,needs_review,Host-only signal requires raw context before source or host routing.,unreviewed,,,,"Batch 6 - host context. Current mode routing method: standardizer. This value comes from Isolation_Source_SD in the QA aggregate, not directly from the raw metadata field; inspect contributing raw variants before deciding."
animal pen floor,1,animal pen floor,,host_taxon_or_context,route_to_host_context,Host_Context_SD / host-associated context,,,needs_review,Host-only signal requires raw context before source or host routing.,unreviewed,,,,"Batch 6 - host context. Current mode routing method: standardizer. This value comes from Isolation_Source_SD in the QA aggregate, not directly from the raw metadata field; inspect contributing raw variants before deciding."
Animal rearing facility,1,Animal rearing facility,,host_taxon_or_context,route_to_host_context,Host_Context_SD / host-associated context,,,needs_review,Host-only signal requires raw context before source or host routing.,unreviewed,,,,"Batch 6 - host context. Current mode routing method: standardizer. This value comes from Isolation_Source_SD in the QA aggregate, not directly from the raw metadata field; inspect contributing raw variants before deciding."
animal scat,1,animal scat,,host_taxon_or_context,route_to_host_context,Host_Context_SD / host-associated context,,,needs_review,Host-only signal requires raw context before source or host routing.,unreviewed,,,,"Batch 6 - host context. Current mode routing method: standardizer. This value comes from Isolation_Source_SD in the QA aggregate, not directly from the raw metadata field; inspect contributing raw variants before deciding."
"Animal, Animal",1,"Animal, Animal",,host_taxon_or_context,route_to_host_context,Host_Context_SD / host-associated context,,,needs_review,Host-only signal requires raw context before source or host routing.,unreviewed,,,,"Batch 6 - host context. Current mode routing method: standardizer. This value comes from Isolation_Source_SD in the QA aggregate, not directly from the raw metadata field; inspect contributing raw variants before deciding."
"Animal, cat",1,"Animal, cat",,host_taxon_or_context,route_to_host_context,Host_Context_SD / host-associated context,,,needs_review,Host-only signal requires raw context before source or host routing.,unreviewed,,,,"Batch 6 - host context. Current mode routing method: standardizer. This value comes from Isolation_Source_SD in the QA aggregate, not directly from the raw metadata field; inspect contributing raw variants before deciding."
"Animal, iguana",1,"Animal, iguana",,host_taxon_or_context,route_to_host_context,Host_Context_SD / host-associated context,,,needs_review,Host-only signal requires raw context before source or host routing.,unreviewed,,,,"Batch 6 - host context. Current mode routing method: standardizer. This value comes from Isolation_Source_SD in the QA aggregate, not directly from the raw metadata field; inspect contributing raw variants before deciding."
"Animal, organs/carcasses",1,"Animal, organs/carcasses",,host_taxon_or_context,route_to_host_context,Host_Context_SD / host-associated context,,,needs_review,Host-only signal requires raw context before source or host routing.,unreviewed,,,,"Batch 6 - host context. Current mode routing method: standardizer. This value comes from Isolation_Source_SD in the QA aggregate, not directly from the raw metadata field; inspect contributing raw variants before deciding."
"Animal, reptile",1,"Animal, reptile",,host_taxon_or_context,route_to_host_context,Host_Context_SD / host-associated context,,,needs_review,Host-only signal requires raw context before source or host routing.,unreviewed,,,,"Batch 6 - host context. Current mode routing method: standardizer. This value comes from Isolation_Source_SD in the QA aggregate, not directly from the raw metadata field; inspect contributing raw variants before deciding."
Animal-Gecko,1,Animal-Gecko,,host_taxon_or_context,route_to_host_context,Host_Context_SD / host-associated context,,,needs_review,Host-only signal requires raw context before source or host routing.,unreviewed,,,,"Batch 6 - host context. Current mode routing method: standardizer. This value comes from Isolation_Source_SD in the QA aggregate, not directly from the raw metadata field; inspect contributing raw variants before deciding."
Animal-Leopard Gecko,1,Animal-Leopard Gecko,,host_taxon_or_context,route_to_host_context,Host_Context_SD / host-associated context,,,needs_review,Host-only signal requires raw context before source or host routing.,unreviewed,,,,"Batch 6 - host context. Current mode routing method: standardizer. This value comes from Isolation_Source_SD in the QA aggregate, not directly from the raw metadata field; inspect contributing raw variants before deciding."
Animal-Snake,1,Animal-Snake,,host_taxon_or_context,route_to_host_context,Host_Context_SD / host-associated context,,,needs_review,Host-only signal requires raw context before source or host routing.,unreviewed,,,,"Batch 6 - host context. Current mode routing method: standardizer. This value comes from Isolation_Source_SD in the QA aggregate, not directly from the raw metadata field; inspect contributing raw variants before deciding."
Animal-snake,1,Animal-snake,,host_taxon_or_context,route_to_host_context,Host_Context_SD / host-associated context,,,needs_review,Host-only signal requires raw context before source or host routing.,unreviewed,,,,"Batch 6 - host context. Current mode routing method: standardizer. This value comes from Isolation_Source_SD in the QA aggregate, not directly from the raw metadata field; inspect contributing raw variants before deciding."
Animal-turtle,1,Animal-turtle,,host_taxon_or_context,route_to_host_context,Host_Context_SD / host-associated context,,,needs_review,Host-only signal requires raw context before source or host routing.,unreviewed,,,,"Batch 6 - host context. Current mode routing method: standardizer. This value comes from Isolation_Source_SD in the QA aggregate, not directly from the raw metadata field; inspect contributing raw variants before deciding."
ankle tissue,1,ankle tissue,tissue,sample_type,route_to_sample_type,Sample_Type_SD,,,needs_review,Sample-material signal; preserve source context only when independently supported.,unreviewed,,,,"Batch 2 - sample materials. Current mode routing method: standardizer. This value comes from Isolation_Source_SD in the QA aggregate, not directly from the raw metadata field; inspect contributing raw variants before deciding."
Aorta Tissue,1,Aorta Tissue,tissue,sample_type,route_to_sample_type,Sample_Type_SD,,,needs_review,Sample-material signal; preserve source context only when independently supported.,unreviewed,,,,"Batch 2 - sample materials. Current mode routing method: standardizer. This value comes from Isolation_Source_SD in the QA aggregate, not directly from the raw metadata field; inspect contributing raw variants before deciding."
Aorta Tissue Clot,1,Aorta Tissue Clot,tissue,sample_type,route_to_sample_type,Sample_Type_SD,,,needs_review,Sample-material signal; preserve source context only when independently supported.,unreviewed,,,,"Batch 2 - sample materials. Current mode routing method: standardizer. This value comes from Isolation_Source_SD in the QA aggregate, not directly from the raw metadata field; inspect contributing raw variants before deciding."
Aortic Tissue,1,Aortic Tissue,tissue,sample_type,route_to_sample_type,Sample_Type_SD,,,needs_review,Sample-material signal; preserve source context only when independently supported.,unreviewed,,,,"Batch 2 - sample materials. Current mode routing method: standardizer. This value comes from Isolation_Source_SD in the QA aggregate, not directly from the raw metadata field; inspect contributing raw variants before deciding."
Aortic tissue,1,Aortic tissue,tissue,sample_type,route_to_sample_type,Sample_Type_SD,,,needs_review,Sample-material signal; preserve source context only when independently supported.,unreviewed,,,,"Batch 2 - sample materials. Current mode routing method: standardizer. This value comes from Isolation_Source_SD in the QA aggregate, not directly from the raw metadata field; inspect contributing raw variants before deciding."
Aortic Valve Tissue,1,Aortic Valve Tissue,tissue,sample_type,route_to_sample_type,Sample_Type_SD,,,needs_review,Sample-material signal; preserve source context only when independently supported.,unreviewed,,,,"Batch 2 - sample materials. Current mode routing method: standardizer. This value comes from Isolation_Source_SD in the QA aggregate, not directly from the raw metadata field; inspect contributing raw variants before deciding."
appendix tissue,1,appendix tissue,tissue,sample_type,route_to_sample_type,Sample_Type_SD,,,needs_review,Sample-material signal; preserve source context only when independently supported.,unreviewed,,,,"Batch 2 - sample materials. Current mode routing method: standardizer. This value comes from Isolation_Source_SD in the QA aggregate, not directly from the raw metadata field; inspect contributing raw variants before deciding."
AR449,1,AR449,,raw_code_or_artifact,route_to_non_source_descriptor,suppressed/non_source_descriptor,,,needs_review,Descriptor-like signal; verify raw variants before adding a suppression rule.,unreviewed,,,,"Batch 1 - metadata descriptors. Current mode routing method: standardizer. This value comes from Isolation_Source_SD in the QA aggregate, not directly from the raw metadata field; inspect contributing raw variants before deciding."
AR461,1,AR461,,raw_code_or_artifact,route_to_non_source_descriptor,suppressed/non_source_descriptor,,,needs_review,Descriptor-like signal; verify raw variants before adding a suppression rule.,unreviewed,,,,"Batch 1 - metadata descriptors. Current mode routing method: standardizer. This value comes from Isolation_Source_SD in the QA aggregate, not directly from the raw metadata field; inspect contributing raw variants before deciding."
Arm Tissue,1,Arm Tissue,tissue,sample_type,route_to_sample_type,Sample_Type_SD,,,needs_review,Sample-material signal; preserve source context only when independently supported.,unreviewed,,,,"Batch 2 - sample materials. Current mode routing method: standardizer. This value comes from Isolation_Source_SD in the QA aggregate, not directly from the raw metadata field; inspect contributing raw variants before deciding."
arm tissue,1,arm tissue,tissue,sample_type,route_to_sample_type,Sample_Type_SD,,,needs_review,Sample-material signal; preserve source context only when independently supported.,unreviewed,,,,"Batch 2 - sample materials. Current mode routing method: standardizer. This value comes from Isolation_Source_SD in the QA aggregate, not directly from the raw metadata field; inspect contributing raw variants before deciding."
aspirate,1,aspirate,clinical fluid/material,sample_type,route_to_sample_type,Sample_Type_SD,,,needs_review,Sample-material signal; preserve source context only when independently supported.,unreviewed,,,,"Batch 2 - sample materials. Current mode routing method: dictionary. This value comes from Isolation_Source_SD in the QA aggregate, not directly from the raw metadata field; inspect contributing raw variants before deciding."
ASXL3_Ab2_KP3,1,ASXL3_Ab2_KP3,,raw_code_or_artifact,route_to_non_source_descriptor,suppressed/non_source_descriptor,,,needs_review,Descriptor-like signal; verify raw variants before adding a suppression rule.,unreviewed,,,,"Batch 1 - metadata descriptors. Current mode routing method: standardizer. This value comes from Isolation_Source_SD in the QA aggregate, not directly from the raw metadata field; inspect contributing raw variants before deciding."
Atoh1.control,1,Atoh1.control,,raw_code_or_artifact,route_to_non_source_descriptor,suppressed/non_source_descriptor,,,needs_review,Descriptor-like signal; verify raw variants before adding a suppression rule.,unreviewed,,,,"Batch 1 - metadata descriptors. Current mode routing method: standardizer. This value comes from Isolation_Source_SD in the QA aggregate, not directly from the raw metadata field; inspect contributing raw variants before deciding."
Atoh1.rep1,1,Atoh1.rep1,,raw_code_or_artifact,route_to_non_source_descriptor,suppressed/non_source_descriptor,,,needs_review,Descriptor-like signal; verify raw variants before adding a suppression rule.,unreviewed,,,,"Batch 1 - metadata descriptors. Current mode routing method: standardizer. This value comes from Isolation_Source_SD in the QA aggregate, not directly from the raw metadata field; inspect contributing raw variants before deciding."
Atoh1.rep2,1,Atoh1.rep2,,raw_code_or_artifact,route_to_non_source_descriptor,suppressed/non_source_descriptor,,,needs_review,Descriptor-like signal; verify raw variants before adding a suppression rule.,unreviewed,,,,"Batch 1 - metadata descriptors. Current mode routing method: standardizer. This value comes from Isolation_Source_SD in the QA aggregate, not directly from the raw metadata field; inspect contributing raw variants before deciding."
"Avian, Wild Animal, Bird",1,"Avian, Wild Animal, Bird",,host_taxon_or_context,route_to_host_context,Host_Context_SD / host-associated context,,,needs_review,Host-only signal requires raw context before source or host routing.,unreviewed,,,,"Batch 6 - host context. Current mode routing method: standardizer. This value comes from Isolation_Source_SD in the QA aggregate, not directly from the raw metadata field; inspect contributing raw variants before deciding."
bat tissue,1,bat tissue,tissue,sample_type,route_to_sample_type,Sample_Type_SD,,,needs_review,Sample-material signal; preserve source context only when independently supported.,unreviewed,,,,"Batch 2 - sample materials. Current mode routing method: standardizer. This value comes from Isolation_Source_SD in the QA aggregate, not directly from the raw metadata field; inspect contributing raw variants before deciding."
BELF3,1,BELF3,,raw_code_or_artifact,route_to_non_source_descriptor,suppressed/non_source_descriptor,,,needs_review,Descriptor-like signal; verify raw variants before adding a suppression rule.,unreviewed,,,,"Batch 1 - metadata descriptors. Current mode routing method: standardizer. This value comes from Isolation_Source_SD in the QA aggregate, not directly from the raw metadata field; inspect contributing raw variants before deciding."
Bladder Mucosa,1,Bladder Mucosa,,body_site,route_to_isolation_site,Isolation_Site_SD,,,needs_review,Anatomical-site signal; split material and site when both are present.,unreviewed,,,,"Batch 3 - anatomical sites. Current mode routing method: standardizer. This value comes from Isolation_Source_SD in the QA aggregate, not directly from the raw metadata field; inspect contributing raw variants before deciding."
Bladder mucosa,1,Bladder mucosa,,body_site,route_to_isolation_site,Isolation_Site_SD,,,needs_review,Anatomical-site signal; split material and site when both are present.,unreviewed,,,,"Batch 3 - anatomical sites. Current mode routing method: standardizer. This value comes from Isolation_Source_SD in the QA aggregate, not directly from the raw metadata field; inspect contributing raw variants before deciding."
Bladder probe,1,Bladder probe,,body_site,route_to_isolation_site,Isolation_Site_SD,,,needs_review,Anatomical-site signal; split material and site when both are present.,unreviewed,,,,"Batch 3 - anatomical sites. Current mode routing method: standardizer. This value comes from Isolation_Source_SD in the QA aggregate, not directly from the raw metadata field; inspect contributing raw variants before deciding."
bladder stone wiping solution,1,bladder stone wiping solution,,body_site,route_to_isolation_site,Isolation_Site_SD,,,needs_review,Anatomical-site signal; split material and site when both are present.,unreviewed,,,,"Batch 3 - anatomical sites. Current mode routing method: standardizer. This value comes from Isolation_Source_SD in the QA aggregate, not directly from the raw metadata field; inspect contributing raw variants before deciding."
bladder stones,1,bladder stones,,body_site,route_to_isolation_site,Isolation_Site_SD,,,needs_review,Anatomical-site signal; split material and site when both are present.,unreviewed,,,,"Batch 3 - anatomical sites. Current mode routing method: standardizer. This value comes from Isolation_Source_SD in the QA aggregate, not directly from the raw metadata field; inspect contributing raw variants before deciding."
bladder tissue,1,bladder tissue,tissue,body_site|sample_type,route_to_sample_type,Sample_Type_SD,,,needs_review,Sample-material signal; preserve source context only when independently supported.,unreviewed,,,,"Batch 2 - sample materials. Current mode routing method: standardizer. This value comes from Isolation_Source_SD in the QA aggregate, not directly from the raw metadata field; inspect contributing raw variants before deciding."
Bladder-Sx,1,Bladder-Sx,,body_site,route_to_isolation_site,Isolation_Site_SD,,,needs_review,Anatomical-site signal; split material and site when both are present.,unreviewed,,,,"Batch 3 - anatomical sites. Current mode routing method: standardizer. This value comes from Isolation_Source_SD in the QA aggregate, not directly from the raw metadata field; inspect contributing raw variants before deciding."
BLDP2,1,BLDP2,,raw_code_or_artifact,route_to_non_source_descriptor,suppressed/non_source_descriptor,,,needs_review,Descriptor-like signal; verify raw variants before adding a suppression rule.,unreviewed,,,,"Batch 1 - metadata descriptors. Current mode routing method: standardizer. This value comes from Isolation_Source_SD in the QA aggregate, not directly from the raw metadata field; inspect contributing raw variants before deciding."
booties (inside chicken tractor),1,booties (inside chicken tractor),,host_taxon_or_context,route_to_food_source,Isolation_Source_SD / food context,,,needs_review,Food or commodity context requires phrase-level review; animal terms alone are insufficient.,unreviewed,,,,"Batch 5 - food and commodity context. Current mode routing method: standardizer. This value comes from Isolation_Source_SD in the QA aggregate, not directly from the raw metadata field; inspect contributing raw variants before deciding."
Bovine Mixed Tissue,1,Bovine Mixed Tissue,tissue,sample_type,route_to_sample_type,Sample_Type_SD,,,needs_review,Sample-material signal; preserve source context only when independently supported.,unreviewed,,,,"Batch 2 - sample materials. Current mode routing method: standardizer. This value comes from Isolation_Source_SD in the QA aggregate, not directly from the raw metadata field; inspect contributing raw variants before deciding."
bovine necropsy tissue pool,1,bovine necropsy tissue pool,tissue,sample_type,route_to_sample_type,Sample_Type_SD,,,needs_review,Sample-material signal; preserve source context only when independently supported.,unreviewed,,,,"Batch 2 - sample materials. Current mode routing method: standardizer. This value comes from Isolation_Source_SD in the QA aggregate, not directly from the raw metadata field; inspect contributing raw variants before deciding."
bovine tissue pool (Bos taurus),1,bovine tissue pool (Bos taurus),tissue,sample_type,route_to_sample_type,Sample_Type_SD,,,needs_review,Sample-material signal; preserve source context only when independently supported.,unreviewed,,,,"Batch 2 - sample materials. Current mode routing method: standardizer. This value comes from Isolation_Source_SD in the QA aggregate, not directly from the raw metadata field; inspect contributing raw variants before deciding."
BRD4_shNONT_H1963,1,BRD4_shNONT_H1963,,raw_code_or_artifact,route_to_non_source_descriptor,suppressed/non_source_descriptor,,,needs_review,Descriptor-like signal; verify raw variants before adding a suppression rule.,unreviewed,,,,"Batch 1 - metadata descriptors. Current mode routing method: standardizer. This value comes from Isolation_Source_SD in the QA aggregate, not directly from the raw metadata field; inspect contributing raw variants before deciding."
Brochoalveolar lavage,1,Brochoalveolar lavage,,sample_type,route_to_sample_type,Sample_Type_SD,,,needs_review,Sample-material signal; preserve source context only when independently supported.,unreviewed,,,,"Batch 2 - sample materials. Current mode routing method: standardizer. This value comes from Isolation_Source_SD in the QA aggregate, not directly from the raw metadata field; inspect contributing raw variants before deciding."
broncheoalveolar lavage,1,broncheoalveolar lavage,,sample_type,route_to_sample_type,Sample_Type_SD,,,needs_review,Sample-material signal; preserve source context only when independently supported.,unreviewed,,,,"Batch 2 - sample materials. Current mode routing method: standardizer. This value comes from Isolation_Source_SD in the QA aggregate, not directly from the raw metadata field; inspect contributing raw variants before deciding."
Bronchialveolar Lavage,1,Bronchialveolar Lavage,,sample_type,route_to_sample_type,Sample_Type_SD,,,needs_review,Sample-material signal; preserve source context only when independently supported.,unreviewed,,,,"Batch 2 - sample materials. Current mode routing method: standardizer. This value comes from Isolation_Source_SD in the QA aggregate, not directly from the raw metadata field; inspect contributing raw variants before deciding."
Bronchioaleveolar lavage,1,Bronchioaleveolar lavage,,sample_type,route_to_sample_type,Sample_Type_SD,,,needs_review,Sample-material signal; preserve source context only when independently supported.,unreviewed,,,,"Batch 2 - sample materials. Current mode routing method: standardizer. This value comes from Isolation_Source_SD in the QA aggregate, not directly from the raw metadata field; inspect contributing raw variants before deciding."
Bronchioalveolar lavage,1,Bronchioalveolar lavage,,sample_type,route_to_sample_type,Sample_Type_SD,,,needs_review,Sample-material signal; preserve source context only when independently supported.,unreviewed,,,,"Batch 2 - sample materials. Current mode routing method: standardizer. This value comes from Isolation_Source_SD in the QA aggregate, not directly from the raw metadata field; inspect contributing raw variants before deciding."
broncho-alveolar lavage (BAL),1,broncho-alveolar lavage (BAL),,sample_type,route_to_sample_type,Sample_Type_SD,,,needs_review,Sample-material signal; preserve source context only when independently supported.,unreviewed,,,,"Batch 2 - sample materials. Current mode routing method: standardizer. This value comes from Isolation_Source_SD in the QA aggregate, not directly from the raw metadata field; inspect contributing raw variants before deciding."
broncho-aveolar lavage,1,broncho-aveolar lavage,,sample_type,route_to_sample_type,Sample_Type_SD,,,needs_review,Sample-material signal; preserve source context only when independently supported.,unreviewed,,,,"Batch 2 - sample materials. Current mode routing method: standardizer. This value comes from Isolation_Source_SD in the QA aggregate, not directly from the raw metadata field; inspect contributing raw variants before deciding."
Bronchoalve. Lavage,1,Bronchoalve. Lavage,,sample_type,route_to_sample_type,Sample_Type_SD,,,needs_review,Sample-material signal; preserve source context only when independently supported.,unreviewed,,,,"Batch 2 - sample materials. Current mode routing method: standardizer. This value comes from Isolation_Source_SD in the QA aggregate, not directly from the raw metadata field; inspect contributing raw variants before deciding."
Bronchoalvelar lavage (BAL),1,Bronchoalvelar lavage (BAL),,sample_type,route_to_sample_type,Sample_Type_SD,,,needs_review,Sample-material signal; preserve source context only when independently supported.,unreviewed,,,,"Batch 2 - sample materials. Current mode routing method: standardizer. This value comes from Isolation_Source_SD in the QA aggregate, not directly from the raw metadata field; inspect contributing raw variants before deciding."
bronchoavelar lavage,1,bronchoavelar lavage,,sample_type,route_to_sample_type,Sample_Type_SD,,,needs_review,Sample-material signal; preserve source context only when independently supported.,unreviewed,,,,"Batch 2 - sample materials. Current mode routing method: standardizer. This value comes from Isolation_Source_SD in the QA aggregate, not directly from the raw metadata field; inspect contributing raw variants before deciding."
Bronchoavleolar lavage,1,Bronchoavleolar lavage,,sample_type,route_to_sample_type,Sample_Type_SD,,,needs_review,Sample-material signal; preserve source context only when independently supported.,unreviewed,,,,"Batch 2 - sample materials. Current mode routing method: standardizer. This value comes from Isolation_Source_SD in the QA aggregate, not directly from the raw metadata field; inspect contributing raw variants before deciding."
Broncholaveolar lavage,1,Broncholaveolar lavage,,sample_type,route_to_sample_type,Sample_Type_SD,,,needs_review,Sample-material signal; preserve source context only when independently supported.,unreviewed,,,,"Batch 2 - sample materials. Current mode routing method: standardizer. This value comes from Isolation_Source_SD in the QA aggregate, not directly from the raw metadata field; inspect contributing raw variants before deciding."
bronchoscopy tissue,1,bronchoscopy tissue,tissue,sample_type,route_to_sample_type,Sample_Type_SD,,,needs_review,Sample-material signal; preserve source context only when independently supported.,unreviewed,,,,"Batch 2 - sample materials. Current mode routing method: standardizer. This value comes from Isolation_Source_SD in the QA aggregate, not directly from the raw metadata field; inspect contributing raw variants before deciding."
Broncial Lavage,1,Broncial Lavage,,sample_type,route_to_sample_type,Sample_Type_SD,,,needs_review,Sample-material signal; preserve source context only when independently supported.,unreviewed,,,,"Batch 2 - sample materials. Current mode routing method: standardizer. This value comes from Isolation_Source_SD in the QA aggregate, not directly from the raw metadata field; inspect contributing raw variants before deciding."
Bronco-alveolar lavage,1,Bronco-alveolar lavage,,sample_type,route_to_sample_type,Sample_Type_SD,,,needs_review,Sample-material signal; preserve source context only when independently supported.,unreviewed,,,,"Batch 2 - sample materials. Current mode routing method: standardizer. This value comes from Isolation_Source_SD in the QA aggregate, not directly from the raw metadata field; inspect contributing raw variants before deciding."
Bronko-alveolær lavage,1,Bronko-alveolær lavage,,sample_type,route_to_sample_type,Sample_Type_SD,,,needs_review,Sample-material signal; preserve source context only when independently supported.,unreviewed,,,,"Batch 2 - sample materials. Current mode routing method: standardizer. This value comes from Isolation_Source_SD in the QA aggregate, not directly from the raw metadata field; inspect contributing raw variants before deciding."
Brown adipose tissue,1,Brown adipose tissue,tissue,sample_type,route_to_sample_type,Sample_Type_SD,,,needs_review,Sample-material signal; preserve source context only when independently supported.,unreviewed,,,,"Batch 2 - sample materials. Current mode routing method: standardizer. This value comes from Isolation_Source_SD in the QA aggregate, not directly from the raw metadata field; inspect contributing raw variants before deciding."
brown adipose tissue,1,brown adipose tissue,tissue,sample_type,route_to_sample_type,Sample_Type_SD,,,needs_review,Sample-material signal; preserve source context only when independently supported.,unreviewed,,,,"Batch 2 - sample materials. Current mode routing method: standardizer. This value comes from Isolation_Source_SD in the QA aggregate, not directly from the raw metadata field; inspect contributing raw variants before deciding."
Buccal mucosa Tissue,1,Buccal mucosa Tissue,tissue,sample_type,route_to_sample_type,Sample_Type_SD,,,needs_review,Sample-material signal; preserve source context only when independently supported.,unreviewed,,,,"Batch 2 - sample materials. Current mode routing method: standardizer. This value comes from Isolation_Source_SD in the QA aggregate, not directly from the raw metadata field; inspect contributing raw variants before deciding."
bulk soyplus animal feed,1,bulk soyplus animal feed,,host_taxon_or_context,route_to_host_context,Host_Context_SD / host-associated context,,,needs_review,Host-only signal requires raw context before source or host routing.,unreviewed,,,,"Batch 6 - host context. Current mode routing method: standardizer. This value comes from Isolation_Source_SD in the QA aggregate, not directly from the raw metadata field; inspect contributing raw variants before deciding."
bullet and ascociated tissue (Canis lupus familiaris),1,bullet and ascociated tissue (Canis lupus familiaris),tissue,sample_type,route_to_sample_type,Sample_Type_SD,,,needs_review,Sample-material signal; preserve source context only when independently supported.,unreviewed,,,,"Batch 2 - sample materials. Current mode routing method: standardizer. This value comes from Isolation_Source_SD in the QA aggregate, not directly from the raw metadata field; inspect contributing raw variants before deciding."
bully bites dog chews,1,bully bites dog chews,,host_taxon_or_context,route_to_host_context,Host_Context_SD / host-associated context,,,needs_review,Host-only signal requires raw context before source or host routing.,unreviewed,,,,"Batch 6 - host context. Current mode routing method: standardizer. This value comes from Isolation_Source_SD in the QA aggregate, not directly from the raw metadata field; inspect contributing raw variants before deciding."
bully hide roll dog treat,1,bully hide roll dog treat,,host_taxon_or_context,route_to_host_context,Host_Context_SD / host-associated context,,,needs_review,Host-only signal requires raw context before source or host routing.,unreviewed,,,,"Batch 6 - host context. Current mode routing method: standardizer. This value comes from Isolation_Source_SD in the QA aggregate, not directly from the raw metadata field; inspect contributing raw variants before deciding."
bully stick dog chews,1,bully stick dog chews,,host_taxon_or_context,route_to_host_context,Host_Context_SD / host-associated context,,,needs_review,Host-only signal requires raw context before source or host routing.,unreviewed,,,,"Batch 6 - host context. Current mode routing method: standardizer. This value comes from Isolation_Source_SD in the QA aggregate, not directly from the raw metadata field; inspect contributing raw variants before deciding."
Burn tissue,1,Burn tissue,tissue,sample_type,route_to_sample_type,Sample_Type_SD,,,needs_review,Sample-material signal; preserve source context only when independently supported.,unreviewed,,,,"Batch 2 - sample materials. Current mode routing method: standardizer. This value comes from Isolation_Source_SD in the QA aggregate, not directly from the raw metadata field; inspect contributing raw variants before deciding."
Butchery_1,1,Butchery_1,,raw_code_or_artifact,route_to_non_source_descriptor,suppressed/non_source_descriptor,,,needs_review,Descriptor-like signal; verify raw variants before adding a suppression rule.,unreviewed,,,,"Batch 1 - metadata descriptors. Current mode routing method: standardizer. This value comes from Isolation_Source_SD in the QA aggregate, not directly from the raw metadata field; inspect contributing raw variants before deciding."
Butchery_105,1,Butchery_105,,raw_code_or_artifact,route_to_non_source_descriptor,suppressed/non_source_descriptor,,,needs_review,Descriptor-like signal; verify raw variants before adding a suppression rule.,unreviewed,,,,"Batch 1 - metadata descriptors. Current mode routing method: standardizer. This value comes from Isolation_Source_SD in the QA aggregate, not directly from the raw metadata field; inspect contributing raw variants before deciding."
Butchery_107,1,Butchery_107,,raw_code_or_artifact,route_to_non_source_descriptor,suppressed/non_source_descriptor,,,needs_review,Descriptor-like signal; verify raw variants before adding a suppression rule.,unreviewed,,,,"Batch 1 - metadata descriptors. Current mode routing method: standardizer. This value comes from Isolation_Source_SD in the QA aggregate, not directly from the raw metadata field; inspect contributing raw variants before deciding."
Butchery_11,1,Butchery_11,,raw_code_or_artifact,route_to_non_source_descriptor,suppressed/non_source_descriptor,,,needs_review,Descriptor-like signal; verify raw variants before adding a suppression rule.,unreviewed,,,,"Batch 1 - metadata descriptors. Current mode routing method: standardizer. This value comes from Isolation_Source_SD in the QA aggregate, not directly from the raw metadata field; inspect contributing raw variants before deciding."
Butchery_13,1,Butchery_13,,raw_code_or_artifact,route_to_non_source_descriptor,suppressed/non_source_descriptor,,,needs_review,Descriptor-like signal; verify raw variants before adding a suppression rule.,unreviewed,,,,"Batch 1 - metadata descriptors. Current mode routing method: standardizer. This value comes from Isolation_Source_SD in the QA aggregate, not directly from the raw metadata field; inspect contributing raw variants before deciding."
Butchery_150,1,Butchery_150,,raw_code_or_artifact,route_to_non_source_descriptor,suppressed/non_source_descriptor,,,needs_review,Descriptor-like signal; verify raw variants before adding a suppression rule.,unreviewed,,,,"Batch 1 - metadata descriptors. Current mode routing method: standardizer. This value comes from Isolation_Source_SD in the QA aggregate, not directly from the raw metadata field; inspect contributing raw variants before deciding."
Butchery_18,1,Butchery_18,,raw_code_or_artifact,route_to_non_source_descriptor,suppressed/non_source_descriptor,,,needs_review,Descriptor-like signal; verify raw variants before adding a suppression rule.,unreviewed,,,,"Batch 1 - metadata descriptors. Current mode routing method: standardizer. This value comes from Isolation_Source_SD in the QA aggregate, not directly from the raw metadata field; inspect contributing raw variants before deciding."
Butchery_21,1,Butchery_21,,raw_code_or_artifact,route_to_non_source_descriptor,suppressed/non_source_descriptor,,,needs_review,Descriptor-like signal; verify raw variants before adding a suppression rule.,unreviewed,,,,"Batch 1 - metadata descriptors. Current mode routing method: standardizer. This value comes from Isolation_Source_SD in the QA aggregate, not directly from the raw metadata field; inspect contributing raw variants before deciding."
Butchery_22,1,Butchery_22,,raw_code_or_artifact,route_to_non_source_descriptor,suppressed/non_source_descriptor,,,needs_review,Descriptor-like signal; verify raw variants before adding a suppression rule.,unreviewed,,,,"Batch 1 - metadata descriptors. Current mode routing method: standardizer. This value comes from Isolation_Source_SD in the QA aggregate, not directly from the raw metadata field; inspect contributing raw variants before deciding."
Butchery_24,1,Butchery_24,,raw_code_or_artifact,route_to_non_source_descriptor,suppressed/non_source_descriptor,,,needs_review,Descriptor-like signal; verify raw variants before adding a suppression rule.,unreviewed,,,,"Batch 1 - metadata descriptors. Current mode routing method: standardizer. This value comes from Isolation_Source_SD in the QA aggregate, not directly from the raw metadata field; inspect contributing raw variants before deciding."
Butchery_26,1,Butchery_26,,raw_code_or_artifact,route_to_non_source_descriptor,suppressed/non_source_descriptor,,,needs_review,Descriptor-like signal; verify raw variants before adding a suppression rule.,unreviewed,,,,"Batch 1 - metadata descriptors. Current mode routing method: standardizer. This value comes from Isolation_Source_SD in the QA aggregate, not directly from the raw metadata field; inspect contributing raw variants before deciding."
Butchery_28,1,Butchery_28,,raw_code_or_artifact,route_to_non_source_descriptor,suppressed/non_source_descriptor,,,needs_review,Descriptor-like signal; verify raw variants before adding a suppression rule.,unreviewed,,,,"Batch 1 - metadata descriptors. Current mode routing method: standardizer. This value comes from Isolation_Source_SD in the QA aggregate, not directly from the raw metadata field; inspect contributing raw variants before deciding."
Butchery_3,1,Butchery_3,,raw_code_or_artifact,route_to_non_source_descriptor,suppressed/non_source_descriptor,,,needs_review,Descriptor-like signal; verify raw variants before adding a suppression rule.,unreviewed,,,,"Batch 1 - metadata descriptors. Current mode routing method: standardizer. This value comes from Isolation_Source_SD in the QA aggregate, not directly from the raw metadata field; inspect contributing raw variants before deciding."
Butchery_30,1,Butchery_30,,raw_code_or_artifact,route_to_non_source_descriptor,suppressed/non_source_descriptor,,,needs_review,Descriptor-like signal; verify raw variants before adding a suppression rule.,unreviewed,,,,"Batch 1 - metadata descriptors. Current mode routing method: standardizer. This value comes from Isolation_Source_SD in the QA aggregate, not directly from the raw metadata field; inspect contributing raw variants before deciding."
Butchery_34,1,Butchery_34,,raw_code_or_artifact,route_to_non_source_descriptor,suppressed/non_source_descriptor,,,needs_review,Descriptor-like signal; verify raw variants before adding a suppression rule.,unreviewed,,,,"Batch 1 - metadata descriptors. Current mode routing method: standardizer. This value comes from Isolation_Source_SD in the QA aggregate, not directly from the raw metadata field; inspect contributing raw variants before deciding."
Butchery_36,1,Butchery_36,,raw_code_or_artifact,route_to_non_source_descriptor,suppressed/non_source_descriptor,,,needs_review,Descriptor-like signal; verify raw variants before adding a suppression rule.,unreviewed,,,,"Batch 1 - metadata descriptors. Current mode routing method: standardizer. This value comes from Isolation_Source_SD in the QA aggregate, not directly from the raw metadata field; inspect contributing raw variants before deciding."
Butchery_38,1,Butchery_38,,raw_code_or_artifact,route_to_non_source_descriptor,suppressed/non_source_descriptor,,,needs_review,Descriptor-like signal; verify raw variants before adding a suppression rule.,unreviewed,,,,"Batch 1 - metadata descriptors. Current mode routing method: standardizer. This value comes from Isolation_Source_SD in the QA aggregate, not directly from the raw metadata field; inspect contributing raw variants before deciding."
Butchery_40,1,Butchery_40,,raw_code_or_artifact,route_to_non_source_descriptor,suppressed/non_source_descriptor,,,needs_review,Descriptor-like signal; verify raw variants before adding a suppression rule.,unreviewed,,,,"Batch 1 - metadata descriptors. Current mode routing method: standardizer. This value comes from Isolation_Source_SD in the QA aggregate, not directly from the raw metadata field; inspect contributing raw variants before deciding."
Butchery_42,1,Butchery_42,,raw_code_or_artifact,route_to_non_source_descriptor,suppressed/non_source_descriptor,,,needs_review,Descriptor-like signal; verify raw variants before adding a suppression rule.,unreviewed,,,,"Batch 1 - metadata descriptors. Current mode routing method: standardizer. This value comes from Isolation_Source_SD in the QA aggregate, not directly from the raw metadata field; inspect contributing raw variants before deciding."
Butchery_44,1,Butchery_44,,raw_code_or_artifact,route_to_non_source_descriptor,suppressed/non_source_descriptor,,,needs_review,Descriptor-like signal; verify raw variants before adding a suppression rule.,unreviewed,,,,"Batch 1 - metadata descriptors. Current mode routing method: standardizer. This value comes from Isolation_Source_SD in the QA aggregate, not directly from the raw metadata field; inspect contributing raw variants before deciding."
Butchery_46,1,Butchery_46,,raw_code_or_artifact,route_to_non_source_descriptor,suppressed/non_source_descriptor,,,needs_review,Descriptor-like signal; verify raw variants before adding a suppression rule.,unreviewed,,,,"Batch 1 - metadata descriptors. Current mode routing method: standardizer. This value comes from Isolation_Source_SD in the QA aggregate, not directly from the raw metadata field; inspect contributing raw variants before deciding."
Butchery_48,1,Butchery_48,,raw_code_or_artifact,route_to_non_source_descriptor,suppressed/non_source_descriptor,,,needs_review,Descriptor-like signal; verify raw variants before adding a suppression rule.,unreviewed,,,,"Batch 1 - metadata descriptors. Current mode routing method: standardizer. This value comes from Isolation_Source_SD in the QA aggregate, not directly from the raw metadata field; inspect contributing raw variants before deciding."
Butchery_5,1,Butchery_5,,raw_code_or_artifact,route_to_non_source_descriptor,suppressed/non_source_descriptor,,,needs_review,Descriptor-like signal; verify raw variants before adding a suppression rule.,unreviewed,,,,"Batch 1 - metadata descriptors. Current mode routing method: standardizer. This value comes from Isolation_Source_SD in the QA aggregate, not directly from the raw metadata field; inspect contributing raw variants before deciding."
Butchery_50,1,Butchery_50,,raw_code_or_artifact,route_to_non_source_descriptor,suppressed/non_source_descriptor,,,needs_review,Descriptor-like signal; verify raw variants before adding a suppression rule.,unreviewed,,,,"Batch 1 - metadata descriptors. Current mode routing method: standardizer. This value comes from Isolation_Source_SD in the QA aggregate, not directly from the raw metadata field; inspect contributing raw variants before deciding."
Butchery_52,1,Butchery_52,,raw_code_or_artifact,route_to_non_source_descriptor,suppressed/non_source_descriptor,,,needs_review,Descriptor-like signal; verify raw variants before adding a suppression rule.,unreviewed,,,,"Batch 1 - metadata descriptors. Current mode routing method: standardizer. This value comes from Isolation_Source_SD in the QA aggregate, not directly from the raw metadata field; inspect contributing raw variants before deciding."
Butchery_54,1,Butchery_54,,raw_code_or_artifact,route_to_non_source_descriptor,suppressed/non_source_descriptor,,,needs_review,Descriptor-like signal; verify raw variants before adding a suppression rule.,unreviewed,,,,"Batch 1 - metadata descriptors. Current mode routing method: standardizer. This value comes from Isolation_Source_SD in the QA aggregate, not directly from the raw metadata field; inspect contributing raw variants before deciding."
Butchery_56,1,Butchery_56,,raw_code_or_artifact,route_to_non_source_descriptor,suppressed/non_source_descriptor,,,needs_review,Descriptor-like signal; verify raw variants before adding a suppression rule.,unreviewed,,,,"Batch 1 - metadata descriptors. Current mode routing method: standardizer. This value comes from Isolation_Source_SD in the QA aggregate, not directly from the raw metadata field; inspect contributing raw variants before deciding."
Butchery_58,1,Butchery_58,,raw_code_or_artifact,route_to_non_source_descriptor,suppressed/non_source_descriptor,,,needs_review,Descriptor-like signal; verify raw variants before adding a suppression rule.,unreviewed,,,,"Batch 1 - metadata descriptors. Current mode routing method: standardizer. This value comes from Isolation_Source_SD in the QA aggregate, not directly from the raw metadata field; inspect contributing raw variants before deciding."
Butchery_62,1,Butchery_62,,raw_code_or_artifact,route_to_non_source_descriptor,suppressed/non_source_descriptor,,,needs_review,Descriptor-like signal; verify raw variants before adding a suppression rule.,unreviewed,,,,"Batch 1 - metadata descriptors. Current mode routing method: standardizer. This value comes from Isolation_Source_SD in the QA aggregate, not directly from the raw metadata field; inspect contributing raw variants before deciding."
Butchery_64,1,Butchery_64,,raw_code_or_artifact,route_to_non_source_descriptor,suppressed/non_source_descriptor,,,needs_review,Descriptor-like signal; verify raw variants before adding a suppression rule.,unreviewed,,,,"Batch 1 - metadata descriptors. Current mode routing method: standardizer. This value comes from Isolation_Source_SD in the QA aggregate, not directly from the raw metadata field; inspect contributing raw variants before deciding."
Butchery_66,1,Butchery_66,,raw_code_or_artifact,route_to_non_source_descriptor,suppressed/non_source_descriptor,,,needs_review,Descriptor-like signal; verify raw variants before adding a suppression rule.,unreviewed,,,,"Batch 1 - metadata descriptors. Current mode routing method: standardizer. This value comes from Isolation_Source_SD in the QA aggregate, not directly from the raw metadata field; inspect contributing raw variants before deciding."
Butchery_68,1,Butchery_68,,raw_code_or_artifact,route_to_non_source_descriptor,suppressed/non_source_descriptor,,,needs_review,Descriptor-like signal; verify raw variants before adding a suppression rule.,unreviewed,,,,"Batch 1 - metadata descriptors. Current mode routing method: standardizer. This value comes from Isolation_Source_SD in the QA aggregate, not directly from the raw metadata field; inspect contributing raw variants before deciding."
Butchery_7,1,Butchery_7,,raw_code_or_artifact,route_to_non_source_descriptor,suppressed/non_source_descriptor,,,needs_review,Descriptor-like signal; verify raw variants before adding a suppression rule.,unreviewed,,,,"Batch 1 - metadata descriptors. Current mode routing method: standardizer. This value comes from Isolation_Source_SD in the QA aggregate, not directly from the raw metadata field; inspect contributing raw variants before deciding."
Butchery_70,1,Butchery_70,,raw_code_or_artifact,route_to_non_source_descriptor,suppressed/non_source_descriptor,,,needs_review,Descriptor-like signal; verify raw variants before adding a suppression rule.,unreviewed,,,,"Batch 1 - metadata descriptors. Current mode routing method: standardizer. This value comes from Isolation_Source_SD in the QA aggregate, not directly from the raw metadata field; inspect contributing raw variants before deciding."
Butchery_72,1,Butchery_72,,raw_code_or_artifact,route_to_non_source_descriptor,suppressed/non_source_descriptor,,,needs_review,Descriptor-like signal; verify raw variants before adding a suppression rule.,unreviewed,,,,"Batch 1 - metadata descriptors. Current mode routing method: standardizer. This value comes from Isolation_Source_SD in the QA aggregate, not directly from the raw metadata field; inspect contributing raw variants before deciding."
Butchery_75,1,Butchery_75,,raw_code_or_artifact,route_to_non_source_descriptor,suppressed/non_source_descriptor,,,needs_review,Descriptor-like signal; verify raw variants before adding a suppression rule.,unreviewed,,,,"Batch 1 - metadata descriptors. Current mode routing method: standardizer. This value comes from Isolation_Source_SD in the QA aggregate, not directly from the raw metadata field; inspect contributing raw variants before deciding."
Butchery_77,1,Butchery_77,,raw_code_or_artifact,route_to_non_source_descriptor,suppressed/non_source_descriptor,,,needs_review,Descriptor-like signal; verify raw variants before adding a suppression rule.,unreviewed,,,,"Batch 1 - metadata descriptors. Current mode routing method: standardizer. This value comes from Isolation_Source_SD in the QA aggregate, not directly from the raw metadata field; inspect contributing raw variants before deciding."
Butchery_83,1,Butchery_83,,raw_code_or_artifact,route_to_non_source_descriptor,suppressed/non_source_descriptor,,,needs_review,Descriptor-like signal; verify raw variants before adding a suppression rule.,unreviewed,,,,"Batch 1 - metadata descriptors. Current mode routing method: standardizer. This value comes from Isolation_Source_SD in the QA aggregate, not directly from the raw metadata field; inspect contributing raw variants before deciding."
Butchery_85,1,Butchery_85,,raw_code_or_artifact,route_to_non_source_descriptor,suppressed/non_source_descriptor,,,needs_review,Descriptor-like signal; verify raw variants before adding a suppression rule.,unreviewed,,,,"Batch 1 - metadata descriptors. Current mode routing method: standardizer. This value comes from Isolation_Source_SD in the QA aggregate, not directly from the raw metadata field; inspect contributing raw variants before deciding."
Butchery_87,1,Butchery_87,,raw_code_or_artifact,route_to_non_source_descriptor,suppressed/non_source_descriptor,,,needs_review,Descriptor-like signal; verify raw variants before adding a suppression rule.,unreviewed,,,,"Batch 1 - metadata descriptors. Current mode routing method: standardizer. This value comes from Isolation_Source_SD in the QA aggregate, not directly from the raw metadata field; inspect contributing raw variants before deciding."
Butchery_89,1,Butchery_89,,raw_code_or_artifact,route_to_non_source_descriptor,suppressed/non_source_descriptor,,,needs_review,Descriptor-like signal; verify raw variants before adding a suppression rule.,unreviewed,,,,"Batch 1 - metadata descriptors. Current mode routing method: standardizer. This value comes from Isolation_Source_SD in the QA aggregate, not directly from the raw metadata field; inspect contributing raw variants before deciding."
Butchery_9,1,Butchery_9,,raw_code_or_artifact,route_to_non_source_descriptor,suppressed/non_source_descriptor,,,needs_review,Descriptor-like signal; verify raw variants before adding a suppression rule.,unreviewed,,,,"Batch 1 - metadata descriptors. Current mode routing method: standardizer. This value comes from Isolation_Source_SD in the QA aggregate, not directly from the raw metadata field; inspect contributing raw variants before deciding."
Butchery_91,1,Butchery_91,,raw_code_or_artifact,route_to_non_source_descriptor,suppressed/non_source_descriptor,,,needs_review,Descriptor-like signal; verify raw variants before adding a suppression rule.,unreviewed,,,,"Batch 1 - metadata descriptors. Current mode routing method: standardizer. This value comes from Isolation_Source_SD in the QA aggregate, not directly from the raw metadata field; inspect contributing raw variants before deciding."
Butchery_93,1,Butchery_93,,raw_code_or_artifact,route_to_non_source_descriptor,suppressed/non_source_descriptor,,,needs_review,Descriptor-like signal; verify raw variants before adding a suppression rule.,unreviewed,,,,"Batch 1 - metadata descriptors. Current mode routing method: standardizer. This value comes from Isolation_Source_SD in the QA aggregate, not directly from the raw metadata field; inspect contributing raw variants before deciding."
Butchery_95,1,Butchery_95,,raw_code_or_artifact,route_to_non_source_descriptor,suppressed/non_source_descriptor,,,needs_review,Descriptor-like signal; verify raw variants before adding a suppression rule.,unreviewed,,,,"Batch 1 - metadata descriptors. Current mode routing method: standardizer. This value comes from Isolation_Source_SD in the QA aggregate, not directly from the raw metadata field; inspect contributing raw variants before deciding."
Butchery_97,1,Butchery_97,,raw_code_or_artifact,route_to_non_source_descriptor,suppressed/non_source_descriptor,,,needs_review,Descriptor-like signal; verify raw variants before adding a suppression rule.,unreviewed,,,,"Batch 1 - metadata descriptors. Current mode routing method: standardizer. This value comes from Isolation_Source_SD in the QA aggregate, not directly from the raw metadata field; inspect contributing raw variants before deciding."
Butchery_99,1,Butchery_99,,raw_code_or_artifact,route_to_non_source_descriptor,suppressed/non_source_descriptor,,,needs_review,Descriptor-like signal; verify raw variants before adding a suppression rule.,unreviewed,,,,"Batch 1 - metadata descriptors. Current mode routing method: standardizer. This value comes from Isolation_Source_SD in the QA aggregate, not directly from the raw metadata field; inspect contributing raw variants before deciding."
Butter_8,1,Butter_8,,raw_code_or_artifact,route_to_non_source_descriptor,suppressed/non_source_descriptor,,,needs_review,Descriptor-like signal; verify raw variants before adding a suppression rule.,unreviewed,,,,"Batch 1 - metadata descriptors. Current mode routing method: standardizer. This value comes from Isolation_Source_SD in the QA aggregate, not directly from the raw metadata field; inspect contributing raw variants before deciding."
C201R-male,1,C201R-male,,raw_code_or_artifact,route_to_non_source_descriptor,suppressed/non_source_descriptor,,,needs_review,Descriptor-like signal; verify raw variants before adding a suppression rule.,unreviewed,,,,"Batch 1 - metadata descriptors. Current mode routing method: standardizer. This value comes from Isolation_Source_SD in the QA aggregate, not directly from the raw metadata field; inspect contributing raw variants before deciding."
C57Bl/6 mouse at an animal facility,1,C57Bl/6 mouse at an animal facility,,host_taxon_or_context,route_to_host_context,Host_Context_SD / host-associated context,,,needs_review,Host-only signal requires raw context before source or host routing.,unreviewed,,,,"Batch 6 - host context. Current mode routing method: standardizer. This value comes from Isolation_Source_SD in the QA aggregate, not directly from the raw metadata field; inspect contributing raw variants before deciding."
C57Bl/6 mouse at the Animal Research Facility,1,C57Bl/6 mouse at the Animal Research Facility,,host_taxon_or_context,route_to_host_context,Host_Context_SD / host-associated context,,,needs_review,Host-only signal requires raw context before source or host routing.,unreviewed,,,,"Batch 6 - host context. Current mode routing method: standardizer. This value comes from Isolation_Source_SD in the QA aggregate, not directly from the raw metadata field; inspect contributing raw variants before deciding."
Calf2,1,Calf2,,raw_code_or_artifact,route_to_non_source_descriptor,suppressed/non_source_descriptor,,,needs_review,Descriptor-like signal; verify raw variants before adding a suppression rule.,unreviewed,,,,"Batch 1 - metadata descriptors. Current mode routing method: standardizer. This value comes from Isolation_Source_SD in the QA aggregate, not directly from the raw metadata field; inspect contributing raw variants before deciding."
callus tissue,1,callus tissue,tissue,sample_type,route_to_sample_type,Sample_Type_SD,,,needs_review,Sample-material signal; preserve source context only when independently supported.,unreviewed,,,,"Batch 2 - sample materials. Current mode routing method: standardizer. This value comes from Isolation_Source_SD in the QA aggregate, not directly from the raw metadata field; inspect contributing raw variants before deciding."
cancer tissue of gastric cancer patients,1,cancer tissue of gastric cancer patients,tissue,sample_type|disease,route_to_disease_or_health_state,Host_Disease_SD / Host_Health_State_SD,,,needs_review,Disease or health-state signal; preserve independent material and site evidence.,unreviewed,,,,"Batch 7 - disease and health state. Current mode routing method: standardizer. This value comes from Isolation_Source_SD in the QA aggregate, not directly from the raw metadata field; inspect contributing raw variants before deciding."
canine bladder (Canis lupus familiaris),1,canine bladder (Canis lupus familiaris),,body_site,route_to_isolation_site,Isolation_Site_SD,,,needs_review,Anatomical-site signal; split material and site when both are present.,unreviewed,,,,"Batch 3 - anatomical sites. Current mode routing method: standardizer. This value comes from Isolation_Source_SD in the QA aggregate, not directly from the raw metadata field; inspect contributing raw variants before deciding."
canine bladder mucosa,1,canine bladder mucosa,,body_site,route_to_isolation_site,Isolation_Site_SD,,,needs_review,Anatomical-site signal; split material and site when both are present.,unreviewed,,,,"Batch 3 - anatomical sites. Current mode routing method: standardizer. This value comes from Isolation_Source_SD in the QA aggregate, not directly from the raw metadata field; inspect contributing raw variants before deciding."
Canine bladder tissue and stones,1,Canine bladder tissue and stones,tissue,body_site|sample_type,route_to_sample_type,Sample_Type_SD,,,needs_review,Sample-material signal; preserve source context only when independently supported.,unreviewed,,,,"Batch 2 - sample materials. Current mode routing method: standardizer. This value comes from Isolation_Source_SD in the QA aggregate, not directly from the raw metadata field; inspect contributing raw variants before deciding."
Canine faeces,1,Canine faeces,,sample_type,route_to_sample_type,Sample_Type_SD,,,needs_review,Sample-material signal; preserve source context only when independently supported.,unreviewed,,,,"Batch 2 - sample materials. Current mode routing method: standardizer. This value comes from Isolation_Source_SD in the QA aggregate, not directly from the raw metadata field; inspect contributing raw variants before deciding."
canine gall bladder,1,canine gall bladder,,body_site,route_to_isolation_site,Isolation_Site_SD,,,needs_review,Anatomical-site signal; split material and site when both are present.,unreviewed,,,,"Batch 3 - anatomical sites. Current mode routing method: standardizer. This value comes from Isolation_Source_SD in the QA aggregate, not directly from the raw metadata field; inspect contributing raw variants before deciding."
Canker on pear tree infected with Erwinia amylovora,1,Canker on pear tree infected with Erwinia amylovora,,disease,route_to_disease_or_health_state,Host_Disease_SD / Host_Health_State_SD,,,needs_review,Disease or health-state signal; preserve independent material and site evidence.,unreviewed,,,,"Batch 7 - disease and health state. Current mode routing method: standardizer. This value comes from Isolation_Source_SD in the QA aggregate, not directly from the raw metadata field; inspect contributing raw variants before deciding."
canola meal animal feed,1,canola meal animal feed,,host_taxon_or_context,route_to_host_context,Host_Context_SD / host-associated context,,,needs_review,Host-only signal requires raw context before source or host routing.,unreviewed,,,,"Batch 6 - host context. Current mode routing method: standardizer. This value comes from Isolation_Source_SD in the QA aggregate, not directly from the raw metadata field; inspect contributing raw variants before deciding."
CANOLA MEAL FOR ANIMAL FEED,1,CANOLA MEAL FOR ANIMAL FEED,,host_taxon_or_context,route_to_host_context,Host_Context_SD / host-associated context,,,needs_review,Host-only signal requires raw context before source or host routing.,unreviewed,,,,"Batch 6 - host context. Current mode routing method: standardizer. This value comes from Isolation_Source_SD in the QA aggregate, not directly from the raw metadata field; inspect contributing raw variants before deciding."
caprine necropsy gall bladder,1,caprine necropsy gall bladder,,body_site,route_to_isolation_site,Isolation_Site_SD,,,needs_review,Anatomical-site signal; split material and site when both are present.,unreviewed,,,,"Batch 3 - anatomical sites. Current mode routing method: standardizer. This value comes from Isolation_Source_SD in the QA aggregate, not directly from the raw metadata field; inspect contributing raw variants before deciding."
carapace of the crustacean species Cancer pagurus,1,carapace of the crustacean species Cancer pagurus,,disease,route_to_disease_or_health_state,Host_Disease_SD / Host_Health_State_SD,,,needs_review,Disease or health-state signal; preserve independent material and site evidence.,unreviewed,,,,"Batch 7 - disease and health state. Current mode routing method: standardizer. This value comes from Isolation_Source_SD in the QA aggregate, not directly from the raw metadata field; inspect contributing raw variants before deciding."
Carbuncle Tissue,1,Carbuncle Tissue,tissue,sample_type,route_to_sample_type,Sample_Type_SD,,,needs_review,Sample-material signal; preserve source context only when independently supported.,unreviewed,,,,"Batch 2 - sample materials. Current mode routing method: standardizer. This value comes from Isolation_Source_SD in the QA aggregate, not directly from the raw metadata field; inspect contributing raw variants before deciding."
Cat (Fecal),1,Cat (Fecal),,host_taxon_or_context,route_to_host_context,Host_Context_SD / host-associated context,,,needs_review,Host-only signal requires raw context before source or host routing.,unreviewed,,,,"Batch 6 - host context. Current mode routing method: standardizer. This value comes from Isolation_Source_SD in the QA aggregate, not directly from the raw metadata field; inspect contributing raw variants before deciding."
cat bladder clot,1,cat bladder clot,,body_site|host_taxon_or_context,route_to_isolation_site,Isolation_Site_SD,,,needs_review,Anatomical-site signal; split material and site when both are present.,unreviewed,,,,"Batch 3 - anatomical sites. Current mode routing method: standardizer. This value comes from Isolation_Source_SD in the QA aggregate, not directly from the raw metadata field; inspect contributing raw variants before deciding."
cat claw dietary supplement,1,cat claw dietary supplement,,host_taxon_or_context,route_to_host_context,Host_Context_SD / host-associated context,,,needs_review,Host-only signal requires raw context before source or host routing.,unreviewed,,,,"Batch 6 - host context. Current mode routing method: standardizer. This value comes from Isolation_Source_SD in the QA aggregate, not directly from the raw metadata field; inspect contributing raw variants before deciding."
cat claw powder herbal product,1,cat claw powder herbal product,,host_taxon_or_context,route_to_host_context,Host_Context_SD / host-associated context,,,needs_review,Host-only signal requires raw context before source or host routing.,unreviewed,,,,"Batch 6 - host context. Current mode routing method: standardizer. This value comes from Isolation_Source_SD in the QA aggregate, not directly from the raw metadata field; inspect contributing raw variants before deciding."
Cat faeces,1,Cat faeces,,sample_type|host_taxon_or_context,route_to_sample_type,Sample_Type_SD,,,needs_review,Sample-material signal; preserve source context only when independently supported.,unreviewed,,,,"Batch 2 - sample materials. Current mode routing method: standardizer. This value comes from Isolation_Source_SD in the QA aggregate, not directly from the raw metadata field; inspect contributing raw variants before deciding."
"Cat, gingiva",1,"Cat, gingiva",,host_taxon_or_context,route_to_host_context,Host_Context_SD / host-associated context,,,needs_review,Host-only signal requires raw context before source or host routing.,unreviewed,,,,"Batch 6 - host context. Current mode routing method: standardizer. This value comes from Isolation_Source_SD in the QA aggregate, not directly from the raw metadata field; inspect contributing raw variants before deciding."
Cerebrospinal,1,Cerebrospinal,,sample_type,route_to_sample_type,Sample_Type_SD,,,needs_review,Sample-material signal; preserve source context only when independently supported.,unreviewed,,,,"Batch 2 - sample materials. Current mode routing method: standardizer. This value comes from Isolation_Source_SD in the QA aggregate, not directly from the raw metadata field; inspect contributing raw variants before deciding."
cerebrospinal fluid,1,cerebrospinal fluid,clinical/host-associated material,sample_type,route_to_sample_type,Sample_Type_SD,,,needs_review,Sample-material signal; preserve source context only when independently supported.,unreviewed,,,,"Batch 2 - sample materials. Current mode routing method: dictionary. This value comes from Isolation_Source_SD in the QA aggregate, not directly from the raw metadata field; inspect contributing raw variants before deciding."
Cervical cancer cell line (HeLa),1,Cervical cancer cell line (HeLa),,disease,route_to_disease_or_health_state,Host_Disease_SD / Host_Health_State_SD,,,needs_review,Disease or health-state signal; preserve independent material and site evidence.,unreviewed,,,,"Batch 7 - disease and health state. Current mode routing method: standardizer. This value comes from Isolation_Source_SD in the QA aggregate, not directly from the raw metadata field; inspect contributing raw variants before deciding."
Cervical spinal cord tissue,1,Cervical spinal cord tissue,tissue,sample_type,route_to_sample_type,Sample_Type_SD,,,needs_review,Sample-material signal; preserve source context only when independently supported.,unreviewed,,,,"Batch 2 - sample materials. Current mode routing method: standardizer. This value comes from Isolation_Source_SD in the QA aggregate, not directly from the raw metadata field; inspect contributing raw variants before deciding."
Chest (PUS),1,Chest (PUS),,sample_type,route_to_sample_type,Sample_Type_SD,,,needs_review,Sample-material signal; preserve source context only when independently supported.,unreviewed,,,,"Batch 2 - sample materials. Current mode routing method: standardizer. This value comes from Isolation_Source_SD in the QA aggregate, not directly from the raw metadata field; inspect contributing raw variants before deciding."
Chest tissue,1,Chest tissue,tissue,sample_type,route_to_sample_type,Sample_Type_SD,,,needs_review,Sample-material signal; preserve source context only when independently supported.,unreviewed,,,,"Batch 2 - sample materials. Current mode routing method: standardizer. This value comes from Isolation_Source_SD in the QA aggregate, not directly from the raw metadata field; inspect contributing raw variants before deciding."
ChIp-seq_wt_IgG_rep1,1,ChIp-seq_wt_IgG_rep1,,raw_code_or_artifact,route_to_non_source_descriptor,suppressed/non_source_descriptor,,,needs_review,Descriptor-like signal; verify raw variants before adding a suppression rule.,unreviewed,,,,"Batch 1 - metadata descriptors. Current mode routing method: standardizer. This value comes from Isolation_Source_SD in the QA aggregate, not directly from the raw metadata field; inspect contributing raw variants before deciding."
chukar partridge game bird multiple tissue,1,chukar partridge game bird multiple tissue,tissue,sample_type,route_to_sample_type,Sample_Type_SD,,,needs_review,Sample-material signal; preserve source context only when independently supported.,unreviewed,,,,"Batch 2 - sample materials. Current mode routing method: standardizer. This value comes from Isolation_Source_SD in the QA aggregate, not directly from the raw metadata field; inspect contributing raw variants before deciding."
Cold salad (chicken),1,Cold salad (chicken),,host_taxon_or_context,route_to_food_source,Isolation_Source_SD / food context,,,needs_review,Food or commodity context requires phrase-level review; animal terms alone are insufficient.,unreviewed,,,,"Batch 5 - food and commodity context. Current mode routing method: standardizer. This value comes from Isolation_Source_SD in the QA aggregate, not directly from the raw metadata field; inspect contributing raw variants before deciding."
Coldstore_1,1,Coldstore_1,,raw_code_or_artifact,route_to_non_source_descriptor,suppressed/non_source_descriptor,,,needs_review,Descriptor-like signal; verify raw variants before adding a suppression rule.,unreviewed,,,,"Batch 1 - metadata descriptors. Current mode routing method: standardizer. This value comes from Isolation_Source_SD in the QA aggregate, not directly from the raw metadata field; inspect contributing raw variants before deciding."
Coldstore_13,1,Coldstore_13,,raw_code_or_artifact,route_to_non_source_descriptor,suppressed/non_source_descriptor,,,needs_review,Descriptor-like signal; verify raw variants before adding a suppression rule.,unreviewed,,,,"Batch 1 - metadata descriptors. Current mode routing method: standardizer. This value comes from Isolation_Source_SD in the QA aggregate, not directly from the raw metadata field; inspect contributing raw variants before deciding."
Coldstore_3,1,Coldstore_3,,raw_code_or_artifact,route_to_non_source_descriptor,suppressed/non_source_descriptor,,,needs_review,Descriptor-like signal; verify raw variants before adding a suppression rule.,unreviewed,,,,"Batch 1 - metadata descriptors. Current mode routing method: standardizer. This value comes from Isolation_Source_SD in the QA aggregate, not directly from the raw metadata field; inspect contributing raw variants before deciding."
Coldstore_5,1,Coldstore_5,,raw_code_or_artifact,route_to_non_source_descriptor,suppressed/non_source_descriptor,,,needs_review,Descriptor-like signal; verify raw variants before adding a suppression rule.,unreviewed,,,,"Batch 1 - metadata descriptors. Current mode routing method: standardizer. This value comes from Isolation_Source_SD in the QA aggregate, not directly from the raw metadata field; inspect contributing raw variants before deciding."
Coldstore_7,1,Coldstore_7,,raw_code_or_artifact,route_to_non_source_descriptor,suppressed/non_source_descriptor,,,needs_review,Descriptor-like signal; verify raw variants before adding a suppression rule.,unreviewed,,,,"Batch 1 - metadata descriptors. Current mode routing method: standardizer. This value comes from Isolation_Source_SD in the QA aggregate, not directly from the raw metadata field; inspect contributing raw variants before deciding."
Coldstore_9,1,Coldstore_9,,raw_code_or_artifact,route_to_non_source_descriptor,suppressed/non_source_descriptor,,,needs_review,Descriptor-like signal; verify raw variants before adding a suppression rule.,unreviewed,,,,"Batch 1 - metadata descriptors. Current mode routing method: standardizer. This value comes from Isolation_Source_SD in the QA aggregate, not directly from the raw metadata field; inspect contributing raw variants before deciding."
Colorectal cancer,1,Colorectal cancer,,disease,route_to_disease_or_health_state,Host_Disease_SD / Host_Health_State_SD,,,needs_review,Disease or health-state signal; preserve independent material and site evidence.,unreviewed,,,,"Batch 7 - disease and health state. Current mode routing method: standardizer. This value comes from Isolation_Source_SD in the QA aggregate, not directly from the raw metadata field; inspect contributing raw variants before deciding."
Computer mouse,1,Computer mouse,,host_taxon_or_context,route_to_host_context,Host_Context_SD / host-associated context,,,needs_review,Host-only signal requires raw context before source or host routing.,unreviewed,,,,"Batch 6 - host context. Current mode routing method: standardizer. This value comes from Isolation_Source_SD in the QA aggregate, not directly from the raw metadata field; inspect contributing raw variants before deciding."
Computer_NA_BU6,1,Computer_NA_BU6,,raw_code_or_artifact,route_to_non_source_descriptor,suppressed/non_source_descriptor,,,needs_review,Descriptor-like signal; verify raw variants before adding a suppression rule.,unreviewed,,,,"Batch 1 - metadata descriptors. Current mode routing method: standardizer. This value comes from Isolation_Source_SD in the QA aggregate, not directly from the raw metadata field; inspect contributing raw variants before deciding."
Computer_P101_BU22,1,Computer_P101_BU22,,raw_code_or_artifact,route_to_non_source_descriptor,suppressed/non_source_descriptor,,,needs_review,Descriptor-like signal; verify raw variants before adding a suppression rule.,unreviewed,,,,"Batch 1 - metadata descriptors. Current mode routing method: standardizer. This value comes from Isolation_Source_SD in the QA aggregate, not directly from the raw metadata field; inspect contributing raw variants before deciding."
Computer_P19_BU20,1,Computer_P19_BU20,,raw_code_or_artifact,route_to_non_source_descriptor,suppressed/non_source_descriptor,,,needs_review,Descriptor-like signal; verify raw variants before adding a suppression rule.,unreviewed,,,,"Batch 1 - metadata descriptors. Current mode routing method: standardizer. This value comes from Isolation_Source_SD in the QA aggregate, not directly from the raw metadata field; inspect contributing raw variants before deciding."
Computer_P24_BU26,1,Computer_P24_BU26,,raw_code_or_artifact,route_to_non_source_descriptor,suppressed/non_source_descriptor,,,needs_review,Descriptor-like signal; verify raw variants before adding a suppression rule.,unreviewed,,,,"Batch 1 - metadata descriptors. Current mode routing method: standardizer. This value comes from Isolation_Source_SD in the QA aggregate, not directly from the raw metadata field; inspect contributing raw variants before deciding."
Computer_P25_BU27,1,Computer_P25_BU27,,raw_code_or_artifact,route_to_non_source_descriptor,suppressed/non_source_descriptor,,,needs_review,Descriptor-like signal; verify raw variants before adding a suppression rule.,unreviewed,,,,"Batch 1 - metadata descriptors. Current mode routing method: standardizer. This value comes from Isolation_Source_SD in the QA aggregate, not directly from the raw metadata field; inspect contributing raw variants before deciding."
Computer_P28_BU12,1,Computer_P28_BU12,,raw_code_or_artifact,route_to_non_source_descriptor,suppressed/non_source_descriptor,,,needs_review,Descriptor-like signal; verify raw variants before adding a suppression rule.,unreviewed,,,,"Batch 1 - metadata descriptors. Current mode routing method: standardizer. This value comes from Isolation_Source_SD in the QA aggregate, not directly from the raw metadata field; inspect contributing raw variants before deciding."
Computer_P34_BU17,1,Computer_P34_BU17,,raw_code_or_artifact,route_to_non_source_descriptor,suppressed/non_source_descriptor,,,needs_review,Descriptor-like signal; verify raw variants before adding a suppression rule.,unreviewed,,,,"Batch 1 - metadata descriptors. Current mode routing method: standardizer. This value comes from Isolation_Source_SD in the QA aggregate, not directly from the raw metadata field; inspect contributing raw variants before deciding."
Computer_P47_BU17,1,Computer_P47_BU17,,raw_code_or_artifact,route_to_non_source_descriptor,suppressed/non_source_descriptor,,,needs_review,Descriptor-like signal; verify raw variants before adding a suppression rule.,unreviewed,,,,"Batch 1 - metadata descriptors. Current mode routing method: standardizer. This value comes from Isolation_Source_SD in the QA aggregate, not directly from the raw metadata field; inspect contributing raw variants before deciding."
Computer_P49_BU12,1,Computer_P49_BU12,,raw_code_or_artifact,route_to_non_source_descriptor,suppressed/non_source_descriptor,,,needs_review,Descriptor-like signal; verify raw variants before adding a suppression rule.,unreviewed,,,,"Batch 1 - metadata descriptors. Current mode routing method: standardizer. This value comes from Isolation_Source_SD in the QA aggregate, not directly from the raw metadata field; inspect contributing raw variants before deciding."
Computer_P57_BU11,1,Computer_P57_BU11,,raw_code_or_artifact,route_to_non_source_descriptor,suppressed/non_source_descriptor,,,needs_review,Descriptor-like signal; verify raw variants before adding a suppression rule.,unreviewed,,,,"Batch 1 - metadata descriptors. Current mode routing method: standardizer. This value comes from Isolation_Source_SD in the QA aggregate, not directly from the raw metadata field; inspect contributing raw variants before deciding."
Computer_P91_BU9,1,Computer_P91_BU9,,raw_code_or_artifact,route_to_non_source_descriptor,suppressed/non_source_descriptor,,,needs_review,Descriptor-like signal; verify raw variants before adding a suppression rule.,unreviewed,,,,"Batch 1 - metadata descriptors. Current mode routing method: standardizer. This value comes from Isolation_Source_SD in the QA aggregate, not directly from the raw metadata field; inspect contributing raw variants before deciding."
Computer_P96_BU15,1,Computer_P96_BU15,,raw_code_or_artifact,route_to_non_source_descriptor,suppressed/non_source_descriptor,,,needs_review,Descriptor-like signal; verify raw variants before adding a suppression rule.,unreviewed,,,,"Batch 1 - metadata descriptors. Current mode routing method: standardizer. This value comes from Isolation_Source_SD in the QA aggregate, not directly from the raw metadata field; inspect contributing raw variants before deciding."
Corn Snake (Faeces),1,Corn Snake (Faeces),,sample_type,route_to_sample_type,Sample_Type_SD,,,needs_review,Sample-material signal; preserve source context only when independently supported.,unreviewed,,,,"Batch 2 - sample materials. Current mode routing method: standardizer. This value comes from Isolation_Source_SD in the QA aggregate, not directly from the raw metadata field; inspect contributing raw variants before deciding."
Cow,1,Cow,,host_taxon_or_context,route_to_host_context,Host_Context_SD / host-associated context,,,needs_review,Host-only signal requires raw context before source or host routing.,unreviewed,,,,"Batch 6 - host context. Current mode routing method: standardizer. This value comes from Isolation_Source_SD in the QA aggregate, not directly from the raw metadata field; inspect contributing raw variants before deciding."
cow dung,1,cow dung,,host_taxon_or_context,route_to_host_context,Host_Context_SD / host-associated context,,,needs_review,Host-only signal requires raw context before source or host routing.,unreviewed,,,,"Batch 6 - host context. Current mode routing method: standardizer. This value comes from Isolation_Source_SD in the QA aggregate, not directly from the raw metadata field; inspect contributing raw variants before deciding."
Cream_15,1,Cream_15,,raw_code_or_artifact,route_to_non_source_descriptor,suppressed/non_source_descriptor,,,needs_review,Descriptor-like signal; verify raw variants before adding a suppression rule.,unreviewed,,,,"Batch 1 - metadata descriptors. Current mode routing method: standardizer. This value comes from Isolation_Source_SD in the QA aggregate, not directly from the raw metadata field; inspect contributing raw variants before deciding."
Cream_24,1,Cream_24,,raw_code_or_artifact,route_to_non_source_descriptor,suppressed/non_source_descriptor,,,needs_review,Descriptor-like signal; verify raw variants before adding a suppression rule.,unreviewed,,,,"Batch 1 - metadata descriptors. Current mode routing method: standardizer. This value comes from Isolation_Source_SD in the QA aggregate, not directly from the raw metadata field; inspect contributing raw variants before deciding."
CS-1,1,CS-1,,raw_code_or_artifact,route_to_non_source_descriptor,suppressed/non_source_descriptor,,,needs_review,Descriptor-like signal; verify raw variants before adding a suppression rule.,unreviewed,,,,"Batch 1 - metadata descriptors. Current mode routing method: standardizer. This value comes from Isolation_Source_SD in the QA aggregate, not directly from the raw metadata field; inspect contributing raw variants before deciding."
CS-10,1,CS-10,,raw_code_or_artifact,route_to_non_source_descriptor,suppressed/non_source_descriptor,,,needs_review,Descriptor-like signal; verify raw variants before adding a suppression rule.,unreviewed,,,,"Batch 1 - metadata descriptors. Current mode routing method: standardizer. This value comes from Isolation_Source_SD in the QA aggregate, not directly from the raw metadata field; inspect contributing raw variants before deciding."
CS-11,1,CS-11,,raw_code_or_artifact,route_to_non_source_descriptor,suppressed/non_source_descriptor,,,needs_review,Descriptor-like signal; verify raw variants before adding a suppression rule.,unreviewed,,,,"Batch 1 - metadata descriptors. Current mode routing method: standardizer. This value comes from Isolation_Source_SD in the QA aggregate, not directly from the raw metadata field; inspect contributing raw variants before deciding."
CS-12,1,CS-12,,raw_code_or_artifact,route_to_non_source_descriptor,suppressed/non_source_descriptor,,,needs_review,Descriptor-like signal; verify raw variants before adding a suppression rule.,unreviewed,,,,"Batch 1 - metadata descriptors. Current mode routing method: standardizer. This value comes from Isolation_Source_SD in the QA aggregate, not directly from the raw metadata field; inspect contributing raw variants before deciding."
CS-13,1,CS-13,,raw_code_or_artifact,route_to_non_source_descriptor,suppressed/non_source_descriptor,,,needs_review,Descriptor-like signal; verify raw variants before adding a suppression rule.,unreviewed,,,,"Batch 1 - metadata descriptors. Current mode routing method: standardizer. This value comes from Isolation_Source_SD in the QA aggregate, not directly from the raw metadata field; inspect contributing raw variants before deciding."
CS-2,1,CS-2,,raw_code_or_artifact,route_to_non_source_descriptor,suppressed/non_source_descriptor,,,needs_review,Descriptor-like signal; verify raw variants before adding a suppression rule.,unreviewed,,,,"Batch 1 - metadata descriptors. Current mode routing method: standardizer. This value comes from Isolation_Source_SD in the QA aggregate, not directly from the raw metadata field; inspect contributing raw variants before deciding."
CS-3,1,CS-3,,raw_code_or_artifact,route_to_non_source_descriptor,suppressed/non_source_descriptor,,,needs_review,Descriptor-like signal; verify raw variants before adding a suppression rule.,unreviewed,,,,"Batch 1 - metadata descriptors. Current mode routing method: standardizer. This value comes from Isolation_Source_SD in the QA aggregate, not directly from the raw metadata field; inspect contributing raw variants before deciding."
CS-4,1,CS-4,,raw_code_or_artifact,route_to_non_source_descriptor,suppressed/non_source_descriptor,,,needs_review,Descriptor-like signal; verify raw variants before adding a suppression rule.,unreviewed,,,,"Batch 1 - metadata descriptors. Current mode routing method: standardizer. This value comes from Isolation_Source_SD in the QA aggregate, not directly from the raw metadata field; inspect contributing raw variants before deciding."
CS-5,1,CS-5,,raw_code_or_artifact,route_to_non_source_descriptor,suppressed/non_source_descriptor,,,needs_review,Descriptor-like signal; verify raw variants before adding a suppression rule.,unreviewed,,,,"Batch 1 - metadata descriptors. Current mode routing method: standardizer. This value comes from Isolation_Source_SD in the QA aggregate, not directly from the raw metadata field; inspect contributing raw variants before deciding."
CS-6,1,CS-6,,raw_code_or_artifact,route_to_non_source_descriptor,suppressed/non_source_descriptor,,,needs_review,Descriptor-like signal; verify raw variants before adding a suppression rule.,unreviewed,,,,"Batch 1 - metadata descriptors. Current mode routing method: standardizer. This value comes from Isolation_Source_SD in the QA aggregate, not directly from the raw metadata field; inspect contributing raw variants before deciding."
CS-7,1,CS-7,,raw_code_or_artifact,route_to_non_source_descriptor,suppressed/non_source_descriptor,,,needs_review,Descriptor-like signal; verify raw variants before adding a suppression rule.,unreviewed,,,,"Batch 1 - metadata descriptors. Current mode routing method: standardizer. This value comes from Isolation_Source_SD in the QA aggregate, not directly from the raw metadata field; inspect contributing raw variants before deciding."
CS-8,1,CS-8,,raw_code_or_artifact,route_to_non_source_descriptor,suppressed/non_source_descriptor,,,needs_review,Descriptor-like signal; verify raw variants before adding a suppression rule.,unreviewed,,,,"Batch 1 - metadata descriptors. Current mode routing method: standardizer. This value comes from Isolation_Source_SD in the QA aggregate, not directly from the raw metadata field; inspect contributing raw variants before deciding."
CS-9,1,CS-9,,raw_code_or_artifact,route_to_non_source_descriptor,suppressed/non_source_descriptor,,,needs_review,Descriptor-like signal; verify raw variants before adding a suppression rule.,unreviewed,,,,"Batch 1 - metadata descriptors. Current mode routing method: standardizer. This value comes from Isolation_Source_SD in the QA aggregate, not directly from the raw metadata field; inspect contributing raw variants before deciding."
daily vitamin for cat and kitten,1,daily vitamin for cat and kitten,,host_taxon_or_context,route_to_host_context,Host_Context_SD / host-associated context,,,needs_review,Host-only signal requires raw context before source or host routing.,unreviewed,,,,"Batch 6 - host context. Current mode routing method: standardizer. This value comes from Isolation_Source_SD in the QA aggregate, not directly from the raw metadata field; inspect contributing raw variants before deciding."
Deep tissue bit,1,Deep tissue bit,tissue,sample_type,route_to_sample_type,Sample_Type_SD,,,needs_review,Sample-material signal; preserve source context only when independently supported.,unreviewed,,,,"Batch 2 - sample materials. Current mode routing method: standardizer. This value comes from Isolation_Source_SD in the QA aggregate, not directly from the raw metadata field; inspect contributing raw variants before deciding."
Deep tissue coccyx,1,Deep tissue coccyx,tissue,sample_type,route_to_sample_type,Sample_Type_SD,,,needs_review,Sample-material signal; preserve source context only when independently supported.,unreviewed,,,,"Batch 2 - sample materials. Current mode routing method: standardizer. This value comes from Isolation_Source_SD in the QA aggregate, not directly from the raw metadata field; inspect contributing raw variants before deciding."
devitalized tissue,1,devitalized tissue,tissue,sample_type,route_to_sample_type,Sample_Type_SD,,,needs_review,Sample-material signal; preserve source context only when independently supported.,unreviewed,,,,"Batch 2 - sample materials. Current mode routing method: standardizer. This value comes from Isolation_Source_SD in the QA aggregate, not directly from the raw metadata field; inspect contributing raw variants before deciding."
Diaphragm tissue,1,Diaphragm tissue,tissue,sample_type,route_to_sample_type,Sample_Type_SD,,,needs_review,Sample-material signal; preserve source context only when independently supported.,unreviewed,,,,"Batch 2 - sample materials. Current mode routing method: standardizer. This value comes from Isolation_Source_SD in the QA aggregate, not directly from the raw metadata field; inspect contributing raw variants before deciding."
Distal femur tissue,1,Distal femur tissue,tissue,sample_type,route_to_sample_type,Sample_Type_SD,,,needs_review,Sample-material signal; preserve source context only when independently supported.,unreviewed,,,,"Batch 2 - sample materials. Current mode routing method: standardizer. This value comes from Isolation_Source_SD in the QA aggregate, not directly from the raw metadata field; inspect contributing raw variants before deciding."
DMSO_R2,1,DMSO_R2,,raw_code_or_artifact,route_to_non_source_descriptor,suppressed/non_source_descriptor,,,needs_review,Descriptor-like signal; verify raw variants before adding a suppression rule.,unreviewed,,,,"Batch 1 - metadata descriptors. Current mode routing method: standardizer. This value comes from Isolation_Source_SD in the QA aggregate, not directly from the raw metadata field; inspect contributing raw variants before deciding."
Dog ears,1,Dog ears,,host_taxon_or_context,route_to_host_context,Host_Context_SD / host-associated context,,,needs_review,Host-only signal requires raw context before source or host routing.,unreviewed,,,,"Batch 6 - host context. Current mode routing method: standardizer. This value comes from Isolation_Source_SD in the QA aggregate, not directly from the raw metadata field; inspect contributing raw variants before deciding."
dog nail,1,dog nail,,host_taxon_or_context,route_to_host_context,Host_Context_SD / host-associated context,,,needs_review,Host-only signal requires raw context before source or host routing.,unreviewed,,,,"Batch 6 - host context. Current mode routing method: standardizer. This value comes from Isolation_Source_SD in the QA aggregate, not directly from the raw metadata field; inspect contributing raw variants before deciding."
dog pen,1,dog pen,,host_taxon_or_context,route_to_host_context,Host_Context_SD / host-associated context,,,needs_review,Host-only signal requires raw context before source or host routing.,unreviewed,,,,"Batch 6 - host context. Current mode routing method: standardizer. This value comes from Isolation_Source_SD in the QA aggregate, not directly from the raw metadata field; inspect contributing raw variants before deciding."
dog tissue,1,dog tissue,tissue,sample_type|host_taxon_or_context,route_to_sample_type,Sample_Type_SD,,,needs_review,Sample-material signal; preserve source context only when independently supported.,unreviewed,,,,"Batch 2 - sample materials. Current mode routing method: standardizer. This value comes from Isolation_Source_SD in the QA aggregate, not directly from the raw metadata field; inspect contributing raw variants before deciding."
"Dog, implant",1,"Dog, implant",,host_taxon_or_context,route_to_host_context,Host_Context_SD / host-associated context,,,needs_review,Host-only signal requires raw context before source or host routing.,unreviewed,,,,"Batch 6 - host context. Current mode routing method: standardizer. This value comes from Isolation_Source_SD in the QA aggregate, not directly from the raw metadata field; inspect contributing raw variants before deciding."
"Dog, implant site",1,"Dog, implant site",,host_taxon_or_context,route_to_host_context,Host_Context_SD / host-associated context,,,needs_review,Host-only signal requires raw context before source or host routing.,unreviewed,,,,"Batch 6 - host context. Current mode routing method: standardizer. This value comes from Isolation_Source_SD in the QA aggregate, not directly from the raw metadata field; inspect contributing raw variants before deciding."
"Dog, not reported",1,"Dog, not reported",,host_taxon_or_context,route_to_host_context,Host_Context_SD / host-associated context,,,needs_review,Host-only signal requires raw context before source or host routing.,unreviewed,,,,"Batch 6 - host context. Current mode routing method: standardizer. This value comes from Isolation_Source_SD in the QA aggregate, not directly from the raw metadata field; inspect contributing raw variants before deciding."
"Dog, vocal cords",1,"Dog, vocal cords",,host_taxon_or_context,route_to_host_context,Host_Context_SD / host-associated context,,,needs_review,Host-only signal requires raw context before source or host routing.,unreviewed,,,,"Batch 6 - host context. Current mode routing method: standardizer. This value comes from Isolation_Source_SD in the QA aggregate, not directly from the raw metadata field; inspect contributing raw variants before deciding."
dried venison dog treat,1,dried venison dog treat,,host_taxon_or_context,route_to_host_context,Host_Context_SD / host-associated context,,,needs_review,Host-only signal requires raw context before source or host routing.,unreviewed,,,,"Batch 6 - host context. Current mode routing method: standardizer. This value comes from Isolation_Source_SD in the QA aggregate, not directly from the raw metadata field; inspect contributing raw variants before deciding."
dry dog feed,1,dry dog feed,,host_taxon_or_context,route_to_host_context,Host_Context_SD / host-associated context,,,needs_review,Host-only signal requires raw context before source or host routing.,unreviewed,,,,"Batch 6 - host context. Current mode routing method: standardizer. This value comes from Isolation_Source_SD in the QA aggregate, not directly from the raw metadata field; inspect contributing raw variants before deciding."
Duodenum loop tissue,1,Duodenum loop tissue,tissue,sample_type,route_to_sample_type,Sample_Type_SD,,,needs_review,Sample-material signal; preserve source context only when independently supported.,unreviewed,,,,"Batch 2 - sample materials. Current mode routing method: standardizer. This value comes from Isolation_Source_SD in the QA aggregate, not directly from the raw metadata field; inspect contributing raw variants before deciding."
Dyre3,1,Dyre3,,raw_code_or_artifact,route_to_non_source_descriptor,suppressed/non_source_descriptor,,,needs_review,Descriptor-like signal; verify raw variants before adding a suppression rule.,unreviewed,,,,"Batch 1 - metadata descriptors. Current mode routing method: standardizer. This value comes from Isolation_Source_SD in the QA aggregate, not directly from the raw metadata field; inspect contributing raw variants before deciding."
DyreVideo2,1,DyreVideo2,,raw_code_or_artifact,route_to_non_source_descriptor,suppressed/non_source_descriptor,,,needs_review,Descriptor-like signal; verify raw variants before adding a suppression rule.,unreviewed,,,,"Batch 1 - metadata descriptors. Current mode routing method: standardizer. This value comes from Isolation_Source_SD in the QA aggregate, not directly from the raw metadata field; inspect contributing raw variants before deciding."
DyreVideo3,1,DyreVideo3,,raw_code_or_artifact,route_to_non_source_descriptor,suppressed/non_source_descriptor,,,needs_review,Descriptor-like signal; verify raw variants before adding a suppression rule.,unreviewed,,,,"Batch 1 - metadata descriptors. Current mode routing method: standardizer. This value comes from Isolation_Source_SD in the QA aggregate, not directly from the raw metadata field; inspect contributing raw variants before deciding."
eel tissue,1,eel tissue,tissue,sample_type,route_to_sample_type,Sample_Type_SD,,,needs_review,Sample-material signal; preserve source context only when independently supported.,unreviewed,,,,"Batch 2 - sample materials. Current mode routing method: standardizer. This value comes from Isolation_Source_SD in the QA aggregate, not directly from the raw metadata field; inspect contributing raw variants before deciding."
EFB-infected honey bee colony,1,EFB-infected honey bee colony,,disease,route_to_disease_or_health_state,Host_Disease_SD / Host_Health_State_SD,,,needs_review,Disease or health-state signal; preserve independent material and site evidence.,unreviewed,,,,"Batch 7 - disease and health state. Current mode routing method: standardizer. This value comes from Isolation_Source_SD in the QA aggregate, not directly from the raw metadata field; inspect contributing raw variants before deciding."
elbow debris tissue,1,elbow debris tissue,tissue,sample_type,route_to_sample_type,Sample_Type_SD,,,needs_review,Sample-material signal; preserve source context only when independently supported.,unreviewed,,,,"Batch 2 - sample materials. Current mode routing method: standardizer. This value comes from Isolation_Source_SD in the QA aggregate, not directly from the raw metadata field; inspect contributing raw variants before deciding."
Elbow Tissue,1,Elbow Tissue,tissue,sample_type,route_to_sample_type,Sample_Type_SD,,,needs_review,Sample-material signal; preserve source context only when independently supported.,unreviewed,,,,"Batch 2 - sample materials. Current mode routing method: standardizer. This value comes from Isolation_Source_SD in the QA aggregate, not directly from the raw metadata field; inspect contributing raw variants before deciding."
Elbow(PUS)-left,1,Elbow(PUS)-left,,sample_type,route_to_sample_type,Sample_Type_SD,,,needs_review,Sample-material signal; preserve source context only when independently supported.,unreviewed,,,,"Batch 2 - sample materials. Current mode routing method: standardizer. This value comes from Isolation_Source_SD in the QA aggregate, not directly from the raw metadata field; inspect contributing raw variants before deciding."
Empyema Tissue,1,Empyema Tissue,tissue,sample_type,route_to_sample_type,Sample_Type_SD,,,needs_review,Sample-material signal; preserve source context only when independently supported.,unreviewed,,,,"Batch 2 - sample materials. Current mode routing method: standardizer. This value comes from Isolation_Source_SD in the QA aggregate, not directly from the raw metadata field; inspect contributing raw variants before deciding."
endocervical tissue,1,endocervical tissue,tissue,sample_type,route_to_sample_type,Sample_Type_SD,,,needs_review,Sample-material signal; preserve source context only when independently supported.,unreviewed,,,,"Batch 2 - sample materials. Current mode routing method: standardizer. This value comes from Isolation_Source_SD in the QA aggregate, not directly from the raw metadata field; inspect contributing raw variants before deciding."
endotrach lavage,1,endotrach lavage,,sample_type,route_to_sample_type,Sample_Type_SD,,,needs_review,Sample-material signal; preserve source context only when independently supported.,unreviewed,,,,"Batch 2 - sample materials. Current mode routing method: standardizer. This value comes from Isolation_Source_SD in the QA aggregate, not directly from the raw metadata field; inspect contributing raw variants before deciding."
Envirnoment (water),1,Envirnoment (water),,environment_medium,route_to_environment_medium,Environment_Medium_SD,,,needs_review,Environmental-medium signal; retain broad source context only when intentional.,unreviewed,,,,"Batch 4 - environmental media. Current mode routing method: standardizer. This value comes from Isolation_Source_SD in the QA aggregate, not directly from the raw metadata field; inspect contributing raw variants before deciding."
environmental1,1,environmental1,,raw_code_or_artifact,route_to_non_source_descriptor,suppressed/non_source_descriptor,,,needs_review,Descriptor-like signal; verify raw variants before adding a suppression rule.,unreviewed,,,,"Batch 1 - metadata descriptors. Current mode routing method: standardizer. This value comes from Isolation_Source_SD in the QA aggregate, not directly from the raw metadata field; inspect contributing raw variants before deciding."
environmental10,1,environmental10,,raw_code_or_artifact,route_to_non_source_descriptor,suppressed/non_source_descriptor,,,needs_review,Descriptor-like signal; verify raw variants before adding a suppression rule.,unreviewed,,,,"Batch 1 - metadata descriptors. Current mode routing method: standardizer. This value comes from Isolation_Source_SD in the QA aggregate, not directly from the raw metadata field; inspect contributing raw variants before deciding."
environmental100,1,environmental100,,raw_code_or_artifact,route_to_non_source_descriptor,suppressed/non_source_descriptor,,,needs_review,Descriptor-like signal; verify raw variants before adding a suppression rule.,unreviewed,,,,"Batch 1 - metadata descriptors. Current mode routing method: standardizer. This value comes from Isolation_Source_SD in the QA aggregate, not directly from the raw metadata field; inspect contributing raw variants before deciding."
environmental101,1,environmental101,,raw_code_or_artifact,route_to_non_source_descriptor,suppressed/non_source_descriptor,,,needs_review,Descriptor-like signal; verify raw variants before adding a suppression rule.,unreviewed,,,,"Batch 1 - metadata descriptors. Current mode routing method: standardizer. This value comes from Isolation_Source_SD in the QA aggregate, not directly from the raw metadata field; inspect contributing raw variants before deciding."
environmental102,1,environmental102,,raw_code_or_artifact,route_to_non_source_descriptor,suppressed/non_source_descriptor,,,needs_review,Descriptor-like signal; verify raw variants before adding a suppression rule.,unreviewed,,,,"Batch 1 - metadata descriptors. Current mode routing method: standardizer. This value comes from Isolation_Source_SD in the QA aggregate, not directly from the raw metadata field; inspect contributing raw variants before deciding."
environmental103,1,environmental103,,raw_code_or_artifact,route_to_non_source_descriptor,suppressed/non_source_descriptor,,,needs_review,Descriptor-like signal; verify raw variants before adding a suppression rule.,unreviewed,,,,"Batch 1 - metadata descriptors. Current mode routing method: standardizer. This value comes from Isolation_Source_SD in the QA aggregate, not directly from the raw metadata field; inspect contributing raw variants before deciding."
environmental105,1,environmental105,,raw_code_or_artifact,route_to_non_source_descriptor,suppressed/non_source_descriptor,,,needs_review,Descriptor-like signal; verify raw variants before adding a suppression rule.,unreviewed,,,,"Batch 1 - metadata descriptors. Current mode routing method: standardizer. This value comes from Isolation_Source_SD in the QA aggregate, not directly from the raw metadata field; inspect contributing raw variants before deciding."
environmental106,1,environmental106,,raw_code_or_artifact,route_to_non_source_descriptor,suppressed/non_source_descriptor,,,needs_review,Descriptor-like signal; verify raw variants before adding a suppression rule.,unreviewed,,,,"Batch 1 - metadata descriptors. Current mode routing method: standardizer. This value comes from Isolation_Source_SD in the QA aggregate, not directly from the raw metadata field; inspect contributing raw variants before deciding."
environmental108,1,environmental108,,raw_code_or_artifact,route_to_non_source_descriptor,suppressed/non_source_descriptor,,,needs_review,Descriptor-like signal; verify raw variants before adding a suppression rule.,unreviewed,,,,"Batch 1 - metadata descriptors. Current mode routing method: standardizer. This value comes from Isolation_Source_SD in the QA aggregate, not directly from the raw metadata field; inspect contributing raw variants before deciding."
environmental109,1,environmental109,,raw_code_or_artifact,route_to_non_source_descriptor,suppressed/non_source_descriptor,,,needs_review,Descriptor-like signal; verify raw variants before adding a suppression rule.,unreviewed,,,,"Batch 1 - metadata descriptors. Current mode routing method: standardizer. This value comes from Isolation_Source_SD in the QA aggregate, not directly from the raw metadata field; inspect contributing raw variants before deciding."
environmental11,1,environmental11,,raw_code_or_artifact,route_to_non_source_descriptor,suppressed/non_source_descriptor,,,needs_review,Descriptor-like signal; verify raw variants before adding a suppression rule.,unreviewed,,,,"Batch 1 - metadata descriptors. Current mode routing method: standardizer. This value comes from Isolation_Source_SD in the QA aggregate, not directly from the raw metadata field; inspect contributing raw variants before deciding."
environmental110,1,environmental110,,raw_code_or_artifact,route_to_non_source_descriptor,suppressed/non_source_descriptor,,,needs_review,Descriptor-like signal; verify raw variants before adding a suppression rule.,unreviewed,,,,"Batch 1 - metadata descriptors. Current mode routing method: standardizer. This value comes from Isolation_Source_SD in the QA aggregate, not directly from the raw metadata field; inspect contributing raw variants before deciding."
environmental112,1,environmental112,,raw_code_or_artifact,route_to_non_source_descriptor,suppressed/non_source_descriptor,,,needs_review,Descriptor-like signal; verify raw variants before adding a suppression rule.,unreviewed,,,,"Batch 1 - metadata descriptors. Current mode routing method: standardizer. This value comes from Isolation_Source_SD in the QA aggregate, not directly from the raw metadata field; inspect contributing raw variants before deciding."
environmental114,1,environmental114,,raw_code_or_artifact,route_to_non_source_descriptor,suppressed/non_source_descriptor,,,needs_review,Descriptor-like signal; verify raw variants before adding a suppression rule.,unreviewed,,,,"Batch 1 - metadata descriptors. Current mode routing method: standardizer. This value comes from Isolation_Source_SD in the QA aggregate, not directly from the raw metadata field; inspect contributing raw variants before deciding."
environmental115,1,environmental115,,raw_code_or_artifact,route_to_non_source_descriptor,suppressed/non_source_descriptor,,,needs_review,Descriptor-like signal; verify raw variants before adding a suppression rule.,unreviewed,,,,"Batch 1 - metadata descriptors. Current mode routing method: standardizer. This value comes from Isolation_Source_SD in the QA aggregate, not directly from the raw metadata field; inspect contributing raw variants before deciding."
environmental116,1,environmental116,,raw_code_or_artifact,route_to_non_source_descriptor,suppressed/non_source_descriptor,,,needs_review,Descriptor-like signal; verify raw variants before adding a suppression rule.,unreviewed,,,,"Batch 1 - metadata descriptors. Current mode routing method: standardizer. This value comes from Isolation_Source_SD in the QA aggregate, not directly from the raw metadata field; inspect contributing raw variants before deciding."
environmental117,1,environmental117,,raw_code_or_artifact,route_to_non_source_descriptor,suppressed/non_source_descriptor,,,needs_review,Descriptor-like signal; verify raw variants before adding a suppression rule.,unreviewed,,,,"Batch 1 - metadata descriptors. Current mode routing method: standardizer. This value comes from Isolation_Source_SD in the QA aggregate, not directly from the raw metadata field; inspect contributing raw variants before deciding."
environmental119,1,environmental119,,raw_code_or_artifact,route_to_non_source_descriptor,suppressed/non_source_descriptor,,,needs_review,Descriptor-like signal; verify raw variants before adding a suppression rule.,unreviewed,,,,"Batch 1 - metadata descriptors. Current mode routing method: standardizer. This value comes from Isolation_Source_SD in the QA aggregate, not directly from the raw metadata field; inspect contributing raw variants before deciding."
environmental121,1,environmental121,,raw_code_or_artifact,route_to_non_source_descriptor,suppressed/non_source_descriptor,,,needs_review,Descriptor-like signal; verify raw variants before adding a suppression rule.,unreviewed,,,,"Batch 1 - metadata descriptors. Current mode routing method: standardizer. This value comes from Isolation_Source_SD in the QA aggregate, not directly from the raw metadata field; inspect contributing raw variants before deciding."
environmental122,1,environmental122,,raw_code_or_artifact,route_to_non_source_descriptor,suppressed/non_source_descriptor,,,needs_review,Descriptor-like signal; verify raw variants before adding a suppression rule.,unreviewed,,,,"Batch 1 - metadata descriptors. Current mode routing method: standardizer. This value comes from Isolation_Source_SD in the QA aggregate, not directly from the raw metadata field; inspect contributing raw variants before deciding."
environmental124,1,environmental124,,raw_code_or_artifact,route_to_non_source_descriptor,suppressed/non_source_descriptor,,,needs_review,Descriptor-like signal; verify raw variants before adding a suppression rule.,unreviewed,,,,"Batch 1 - metadata descriptors. Current mode routing method: standardizer. This value comes from Isolation_Source_SD in the QA aggregate, not directly from the raw metadata field; inspect contributing raw variants before deciding."
environmental125,1,environmental125,,raw_code_or_artifact,route_to_non_source_descriptor,suppressed/non_source_descriptor,,,needs_review,Descriptor-like signal; verify raw variants before adding a suppression rule.,unreviewed,,,,"Batch 1 - metadata descriptors. Current mode routing method: standardizer. This value comes from Isolation_Source_SD in the QA aggregate, not directly from the raw metadata field; inspect contributing raw variants before deciding."
environmental126,1,environmental126,,raw_code_or_artifact,route_to_non_source_descriptor,suppressed/non_source_descriptor,,,needs_review,Descriptor-like signal; verify raw variants before adding a suppression rule.,unreviewed,,,,"Batch 1 - metadata descriptors. Current mode routing method: standardizer. This value comes from Isolation_Source_SD in the QA aggregate, not directly from the raw metadata field; inspect contributing raw variants before deciding."
environmental127,1,environmental127,,raw_code_or_artifact,route_to_non_source_descriptor,suppressed/non_source_descriptor,,,needs_review,Descriptor-like signal; verify raw variants before adding a suppression rule.,unreviewed,,,,"Batch 1 - metadata descriptors. Current mode routing method: standardizer. This value comes from Isolation_Source_SD in the QA aggregate, not directly from the raw metadata field; inspect contributing raw variants before deciding."
environmental128,1,environmental128,,raw_code_or_artifact,route_to_non_source_descriptor,suppressed/non_source_descriptor,,,needs_review,Descriptor-like signal; verify raw variants before adding a suppression rule.,unreviewed,,,,"Batch 1 - metadata descriptors. Current mode routing method: standardizer. This value comes from Isolation_Source_SD in the QA aggregate, not directly from the raw metadata field; inspect contributing raw variants before deciding."
environmental129,1,environmental129,,raw_code_or_artifact,route_to_non_source_descriptor,suppressed/non_source_descriptor,,,needs_review,Descriptor-like signal; verify raw variants before adding a suppression rule.,unreviewed,,,,"Batch 1 - metadata descriptors. Current mode routing method: standardizer. This value comes from Isolation_Source_SD in the QA aggregate, not directly from the raw metadata field; inspect contributing raw variants before deciding."
environmental13,1,environmental13,,raw_code_or_artifact,route_to_non_source_descriptor,suppressed/non_source_descriptor,,,needs_review,Descriptor-like signal; verify raw variants before adding a suppression rule.,unreviewed,,,,"Batch 1 - metadata descriptors. Current mode routing method: standardizer. This value comes from Isolation_Source_SD in the QA aggregate, not directly from the raw metadata field; inspect contributing raw variants before deciding."
environmental131,1,environmental131,,raw_code_or_artifact,route_to_non_source_descriptor,suppressed/non_source_descriptor,,,needs_review,Descriptor-like signal; verify raw variants before adding a suppression rule.,unreviewed,,,,"Batch 1 - metadata descriptors. Current mode routing method: standardizer. This value comes from Isolation_Source_SD in the QA aggregate, not directly from the raw metadata field; inspect contributing raw variants before deciding."
environmental134,1,environmental134,,raw_code_or_artifact,route_to_non_source_descriptor,suppressed/non_source_descriptor,,,needs_review,Descriptor-like signal; verify raw variants before adding a suppression rule.,unreviewed,,,,"Batch 1 - metadata descriptors. Current mode routing method: standardizer. This value comes from Isolation_Source_SD in the QA aggregate, not directly from the raw metadata field; inspect contributing raw variants before deciding."
environmental136,1,environmental136,,raw_code_or_artifact,route_to_non_source_descriptor,suppressed/non_source_descriptor,,,needs_review,Descriptor-like signal; verify raw variants before adding a suppression rule.,unreviewed,,,,"Batch 1 - metadata descriptors. Current mode routing method: standardizer. This value comes from Isolation_Source_SD in the QA aggregate, not directly from the raw metadata field; inspect contributing raw variants before deciding."
environmental137,1,environmental137,,raw_code_or_artifact,route_to_non_source_descriptor,suppressed/non_source_descriptor,,,needs_review,Descriptor-like signal; verify raw variants before adding a suppression rule.,unreviewed,,,,"Batch 1 - metadata descriptors. Current mode routing method: standardizer. This value comes from Isolation_Source_SD in the QA aggregate, not directly from the raw metadata field; inspect contributing raw variants before deciding."
environmental138,1,environmental138,,raw_code_or_artifact,route_to_non_source_descriptor,suppressed/non_source_descriptor,,,needs_review,Descriptor-like signal; verify raw variants before adding a suppression rule.,unreviewed,,,,"Batch 1 - metadata descriptors. Current mode routing method: standardizer. This value comes from Isolation_Source_SD in the QA aggregate, not directly from the raw metadata field; inspect contributing raw variants before deciding."
environmental139,1,environmental139,,raw_code_or_artifact,route_to_non_source_descriptor,suppressed/non_source_descriptor,,,needs_review,Descriptor-like signal; verify raw variants before adding a suppression rule.,unreviewed,,,,"Batch 1 - metadata descriptors. Current mode routing method: standardizer. This value comes from Isolation_Source_SD in the QA aggregate, not directly from the raw metadata field; inspect contributing raw variants before deciding."
environmental14,1,environmental14,,raw_code_or_artifact,route_to_non_source_descriptor,suppressed/non_source_descriptor,,,needs_review,Descriptor-like signal; verify raw variants before adding a suppression rule.,unreviewed,,,,"Batch 1 - metadata descriptors. Current mode routing method: standardizer. This value comes from Isolation_Source_SD in the QA aggregate, not directly from the raw metadata field; inspect contributing raw variants before deciding."
environmental140,1,environmental140,,raw_code_or_artifact,route_to_non_source_descriptor,suppressed/non_source_descriptor,,,needs_review,Descriptor-like signal; verify raw variants before adding a suppression rule.,unreviewed,,,,"Batch 1 - metadata descriptors. Current mode routing method: standardizer. This value comes from Isolation_Source_SD in the QA aggregate, not directly from the raw metadata field; inspect contributing raw variants before deciding."
environmental141,1,environmental141,,raw_code_or_artifact,route_to_non_source_descriptor,suppressed/non_source_descriptor,,,needs_review,Descriptor-like signal; verify raw variants before adding a suppression rule.,unreviewed,,,,"Batch 1 - metadata descriptors. Current mode routing method: standardizer. This value comes from Isolation_Source_SD in the QA aggregate, not directly from the raw metadata field; inspect contributing raw variants before deciding."
environmental142,1,environmental142,,raw_code_or_artifact,route_to_non_source_descriptor,suppressed/non_source_descriptor,,,needs_review,Descriptor-like signal; verify raw variants before adding a suppression rule.,unreviewed,,,,"Batch 1 - metadata descriptors. Current mode routing method: standardizer. This value comes from Isolation_Source_SD in the QA aggregate, not directly from the raw metadata field; inspect contributing raw variants before deciding."
environmental143,1,environmental143,,raw_code_or_artifact,route_to_non_source_descriptor,suppressed/non_source_descriptor,,,needs_review,Descriptor-like signal; verify raw variants before adding a suppression rule.,unreviewed,,,,"Batch 1 - metadata descriptors. Current mode routing method: standardizer. This value comes from Isolation_Source_SD in the QA aggregate, not directly from the raw metadata field; inspect contributing raw variants before deciding."
environmental144,1,environmental144,,raw_code_or_artifact,route_to_non_source_descriptor,suppressed/non_source_descriptor,,,needs_review,Descriptor-like signal; verify raw variants before adding a suppression rule.,unreviewed,,,,"Batch 1 - metadata descriptors. Current mode routing method: standardizer. This value comes from Isolation_Source_SD in the QA aggregate, not directly from the raw metadata field; inspect contributing raw variants before deciding."
environmental145,1,environmental145,,raw_code_or_artifact,route_to_non_source_descriptor,suppressed/non_source_descriptor,,,needs_review,Descriptor-like signal; verify raw variants before adding a suppression rule.,unreviewed,,,,"Batch 1 - metadata descriptors. Current mode routing method: standardizer. This value comes from Isolation_Source_SD in the QA aggregate, not directly from the raw metadata field; inspect contributing raw variants before deciding."
environmental146,1,environmental146,,raw_code_or_artifact,route_to_non_source_descriptor,suppressed/non_source_descriptor,,,needs_review,Descriptor-like signal; verify raw variants before adding a suppression rule.,unreviewed,,,,"Batch 1 - metadata descriptors. Current mode routing method: standardizer. This value comes from Isolation_Source_SD in the QA aggregate, not directly from the raw metadata field; inspect contributing raw variants before deciding."
environmental147,1,environmental147,,raw_code_or_artifact,route_to_non_source_descriptor,suppressed/non_source_descriptor,,,needs_review,Descriptor-like signal; verify raw variants before adding a suppression rule.,unreviewed,,,,"Batch 1 - metadata descriptors. Current mode routing method: standardizer. This value comes from Isolation_Source_SD in the QA aggregate, not directly from the raw metadata field; inspect contributing raw variants before deciding."
environmental148,1,environmental148,,raw_code_or_artifact,route_to_non_source_descriptor,suppressed/non_source_descriptor,,,needs_review,Descriptor-like signal; verify raw variants before adding a suppression rule.,unreviewed,,,,"Batch 1 - metadata descriptors. Current mode routing method: standardizer. This value comes from Isolation_Source_SD in the QA aggregate, not directly from the raw metadata field; inspect contributing raw variants before deciding."
environmental150,1,environmental150,,raw_code_or_artifact,route_to_non_source_descriptor,suppressed/non_source_descriptor,,,needs_review,Descriptor-like signal; verify raw variants before adding a suppression rule.,unreviewed,,,,"Batch 1 - metadata descriptors. Current mode routing method: standardizer. This value comes from Isolation_Source_SD in the QA aggregate, not directly from the raw metadata field; inspect contributing raw variants before deciding."
environmental151,1,environmental151,,raw_code_or_artifact,route_to_non_source_descriptor,suppressed/non_source_descriptor,,,needs_review,Descriptor-like signal; verify raw variants before adding a suppression rule.,unreviewed,,,,"Batch 1 - metadata descriptors. Current mode routing method: standardizer. This value comes from Isolation_Source_SD in the QA aggregate, not directly from the raw metadata field; inspect contributing raw variants before deciding."
environmental152,1,environmental152,,raw_code_or_artifact,route_to_non_source_descriptor,suppressed/non_source_descriptor,,,needs_review,Descriptor-like signal; verify raw variants before adding a suppression rule.,unreviewed,,,,"Batch 1 - metadata descriptors. Current mode routing method: standardizer. This value comes from Isolation_Source_SD in the QA aggregate, not directly from the raw metadata field; inspect contributing raw variants before deciding."
environmental153,1,environmental153,,raw_code_or_artifact,route_to_non_source_descriptor,suppressed/non_source_descriptor,,,needs_review,Descriptor-like signal; verify raw variants before adding a suppression rule.,unreviewed,,,,"Batch 1 - metadata descriptors. Current mode routing method: standardizer. This value comes from Isolation_Source_SD in the QA aggregate, not directly from the raw metadata field; inspect contributing raw variants before deciding."
environmental154,1,environmental154,,raw_code_or_artifact,route_to_non_source_descriptor,suppressed/non_source_descriptor,,,needs_review,Descriptor-like signal; verify raw variants before adding a suppression rule.,unreviewed,,,,"Batch 1 - metadata descriptors. Current mode routing method: standardizer. This value comes from Isolation_Source_SD in the QA aggregate, not directly from the raw metadata field; inspect contributing raw variants before deciding."
environmental155,1,environmental155,,raw_code_or_artifact,route_to_non_source_descriptor,suppressed/non_source_descriptor,,,needs_review,Descriptor-like signal; verify raw variants before adding a suppression rule.,unreviewed,,,,"Batch 1 - metadata descriptors. Current mode routing method: standardizer. This value comes from Isolation_Source_SD in the QA aggregate, not directly from the raw metadata field; inspect contributing raw variants before deciding."
environmental156,1,environmental156,,raw_code_or_artifact,route_to_non_source_descriptor,suppressed/non_source_descriptor,,,needs_review,Descriptor-like signal; verify raw variants before adding a suppression rule.,unreviewed,,,,"Batch 1 - metadata descriptors. Current mode routing method: standardizer. This value comes from Isolation_Source_SD in the QA aggregate, not directly from the raw metadata field; inspect contributing raw variants before deciding."
environmental157,1,environmental157,,raw_code_or_artifact,route_to_non_source_descriptor,suppressed/non_source_descriptor,,,needs_review,Descriptor-like signal; verify raw variants before adding a suppression rule.,unreviewed,,,,"Batch 1 - metadata descriptors. Current mode routing method: standardizer. This value comes from Isolation_Source_SD in the QA aggregate, not directly from the raw metadata field; inspect contributing raw variants before deciding."
environmental158,1,environmental158,,raw_code_or_artifact,route_to_non_source_descriptor,suppressed/non_source_descriptor,,,needs_review,Descriptor-like signal; verify raw variants before adding a suppression rule.,unreviewed,,,,"Batch 1 - metadata descriptors. Current mode routing method: standardizer. This value comes from Isolation_Source_SD in the QA aggregate, not directly from the raw metadata field; inspect contributing raw variants before deciding."
environmental159,1,environmental159,,raw_code_or_artifact,route_to_non_source_descriptor,suppressed/non_source_descriptor,,,needs_review,Descriptor-like signal; verify raw variants before adding a suppression rule.,unreviewed,,,,"Batch 1 - metadata descriptors. Current mode routing method: standardizer. This value comes from Isolation_Source_SD in the QA aggregate, not directly from the raw metadata field; inspect contributing raw variants before deciding."
environmental16,1,environmental16,,raw_code_or_artifact,route_to_non_source_descriptor,suppressed/non_source_descriptor,,,needs_review,Descriptor-like signal; verify raw variants before adding a suppression rule.,unreviewed,,,,"Batch 1 - metadata descriptors. Current mode routing method: standardizer. This value comes from Isolation_Source_SD in the QA aggregate, not directly from the raw metadata field; inspect contributing raw variants before deciding."
environmental160,1,environmental160,,raw_code_or_artifact,route_to_non_source_descriptor,suppressed/non_source_descriptor,,,needs_review,Descriptor-like signal; verify raw variants before adding a suppression rule.,unreviewed,,,,"Batch 1 - metadata descriptors. Current mode routing method: standardizer. This value comes from Isolation_Source_SD in the QA aggregate, not directly from the raw metadata field; inspect contributing raw variants before deciding."
environmental162,1,environmental162,,raw_code_or_artifact,route_to_non_source_descriptor,suppressed/non_source_descriptor,,,needs_review,Descriptor-like signal; verify raw variants before adding a suppression rule.,unreviewed,,,,"Batch 1 - metadata descriptors. Current mode routing method: standardizer. This value comes from Isolation_Source_SD in the QA aggregate, not directly from the raw metadata field; inspect contributing raw variants before deciding."
environmental163,1,environmental163,,raw_code_or_artifact,route_to_non_source_descriptor,suppressed/non_source_descriptor,,,needs_review,Descriptor-like signal; verify raw variants before adding a suppression rule.,unreviewed,,,,"Batch 1 - metadata descriptors. Current mode routing method: standardizer. This value comes from Isolation_Source_SD in the QA aggregate, not directly from the raw metadata field; inspect contributing raw variants before deciding."
environmental164,1,environmental164,,raw_code_or_artifact,route_to_non_source_descriptor,suppressed/non_source_descriptor,,,needs_review,Descriptor-like signal; verify raw variants before adding a suppression rule.,unreviewed,,,,"Batch 1 - metadata descriptors. Current mode routing method: standardizer. This value comes from Isolation_Source_SD in the QA aggregate, not directly from the raw metadata field; inspect contributing raw variants before deciding."
environmental166,1,environmental166,,raw_code_or_artifact,route_to_non_source_descriptor,suppressed/non_source_descriptor,,,needs_review,Descriptor-like signal; verify raw variants before adding a suppression rule.,unreviewed,,,,"Batch 1 - metadata descriptors. Current mode routing method: standardizer. This value comes from Isolation_Source_SD in the QA aggregate, not directly from the raw metadata field; inspect contributing raw variants before deciding."
environmental167,1,environmental167,,raw_code_or_artifact,route_to_non_source_descriptor,suppressed/non_source_descriptor,,,needs_review,Descriptor-like signal; verify raw variants before adding a suppression rule.,unreviewed,,,,"Batch 1 - metadata descriptors. Current mode routing method: standardizer. This value comes from Isolation_Source_SD in the QA aggregate, not directly from the raw metadata field; inspect contributing raw variants before deciding."
environmental168,1,environmental168,,raw_code_or_artifact,route_to_non_source_descriptor,suppressed/non_source_descriptor,,,needs_review,Descriptor-like signal; verify raw variants before adding a suppression rule.,unreviewed,,,,"Batch 1 - metadata descriptors. Current mode routing method: standardizer. This value comes from Isolation_Source_SD in the QA aggregate, not directly from the raw metadata field; inspect contributing raw variants before deciding."
environmental169,1,environmental169,,raw_code_or_artifact,route_to_non_source_descriptor,suppressed/non_source_descriptor,,,needs_review,Descriptor-like signal; verify raw variants before adding a suppression rule.,unreviewed,,,,"Batch 1 - metadata descriptors. Current mode routing method: standardizer. This value comes from Isolation_Source_SD in the QA aggregate, not directly from the raw metadata field; inspect contributing raw variants before deciding."
environmental170,1,environmental170,,raw_code_or_artifact,route_to_non_source_descriptor,suppressed/non_source_descriptor,,,needs_review,Descriptor-like signal; verify raw variants before adding a suppression rule.,unreviewed,,,,"Batch 1 - metadata descriptors. Current mode routing method: standardizer. This value comes from Isolation_Source_SD in the QA aggregate, not directly from the raw metadata field; inspect contributing raw variants before deciding."
environmental171,1,environmental171,,raw_code_or_artifact,route_to_non_source_descriptor,suppressed/non_source_descriptor,,,needs_review,Descriptor-like signal; verify raw variants before adding a suppression rule.,unreviewed,,,,"Batch 1 - metadata descriptors. Current mode routing method: standardizer. This value comes from Isolation_Source_SD in the QA aggregate, not directly from the raw metadata field; inspect contributing raw variants before deciding."
environmental173,1,environmental173,,raw_code_or_artifact,route_to_non_source_descriptor,suppressed/non_source_descriptor,,,needs_review,Descriptor-like signal; verify raw variants before adding a suppression rule.,unreviewed,,,,"Batch 1 - metadata descriptors. Current mode routing method: standardizer. This value comes from Isolation_Source_SD in the QA aggregate, not directly from the raw metadata field; inspect contributing raw variants before deciding."
environmental174,1,environmental174,,raw_code_or_artifact,route_to_non_source_descriptor,suppressed/non_source_descriptor,,,needs_review,Descriptor-like signal; verify raw variants before adding a suppression rule.,unreviewed,,,,"Batch 1 - metadata descriptors. Current mode routing method: standardizer. This value comes from Isolation_Source_SD in the QA aggregate, not directly from the raw metadata field; inspect contributing raw variants before deciding."
environmental175,1,environmental175,,raw_code_or_artifact,route_to_non_source_descriptor,suppressed/non_source_descriptor,,,needs_review,Descriptor-like signal; verify raw variants before adding a suppression rule.,unreviewed,,,,"Batch 1 - metadata descriptors. Current mode routing method: standardizer. This value comes from Isolation_Source_SD in the QA aggregate, not directly from the raw metadata field; inspect contributing raw variants before deciding."
environmental176,1,environmental176,,raw_code_or_artifact,route_to_non_source_descriptor,suppressed/non_source_descriptor,,,needs_review,Descriptor-like signal; verify raw variants before adding a suppression rule.,unreviewed,,,,"Batch 1 - metadata descriptors. Current mode routing method: standardizer. This value comes from Isolation_Source_SD in the QA aggregate, not directly from the raw metadata field; inspect contributing raw variants before deciding."
environmental177,1,environmental177,,raw_code_or_artifact,route_to_non_source_descriptor,suppressed/non_source_descriptor,,,needs_review,Descriptor-like signal; verify raw variants before adding a suppression rule.,unreviewed,,,,"Batch 1 - metadata descriptors. Current mode routing method: standardizer. This value comes from Isolation_Source_SD in the QA aggregate, not directly from the raw metadata field; inspect contributing raw variants before deciding."
environmental178,1,environmental178,,raw_code_or_artifact,route_to_non_source_descriptor,suppressed/non_source_descriptor,,,needs_review,Descriptor-like signal; verify raw variants before adding a suppression rule.,unreviewed,,,,"Batch 1 - metadata descriptors. Current mode routing method: standardizer. This value comes from Isolation_Source_SD in the QA aggregate, not directly from the raw metadata field; inspect contributing raw variants before deciding."
environmental18,1,environmental18,,raw_code_or_artifact,route_to_non_source_descriptor,suppressed/non_source_descriptor,,,needs_review,Descriptor-like signal; verify raw variants before adding a suppression rule.,unreviewed,,,,"Batch 1 - metadata descriptors. Current mode routing method: standardizer. This value comes from Isolation_Source_SD in the QA aggregate, not directly from the raw metadata field; inspect contributing raw variants before deciding."
environmental180,1,environmental180,,raw_code_or_artifact,route_to_non_source_descriptor,suppressed/non_source_descriptor,,,needs_review,Descriptor-like signal; verify raw variants before adding a suppression rule.,unreviewed,,,,"Batch 1 - metadata descriptors. Current mode routing method: standardizer. This value comes from Isolation_Source_SD in the QA aggregate, not directly from the raw metadata field; inspect contributing raw variants before deciding."
environmental183,1,environmental183,,raw_code_or_artifact,route_to_non_source_descriptor,suppressed/non_source_descriptor,,,needs_review,Descriptor-like signal; verify raw variants before adding a suppression rule.,unreviewed,,,,"Batch 1 - metadata descriptors. Current mode routing method: standardizer. This value comes from Isolation_Source_SD in the QA aggregate, not directly from the raw metadata field; inspect contributing raw variants before deciding."
environmental184,1,environmental184,,raw_code_or_artifact,route_to_non_source_descriptor,suppressed/non_source_descriptor,,,needs_review,Descriptor-like signal; verify raw variants before adding a suppression rule.,unreviewed,,,,"Batch 1 - metadata descriptors. Current mode routing method: standardizer. This value comes from Isolation_Source_SD in the QA aggregate, not directly from the raw metadata field; inspect contributing raw variants before deciding."
environmental187,1,environmental187,,raw_code_or_artifact,route_to_non_source_descriptor,suppressed/non_source_descriptor,,,needs_review,Descriptor-like signal; verify raw variants before adding a suppression rule.,unreviewed,,,,"Batch 1 - metadata descriptors. Current mode routing method: standardizer. This value comes from Isolation_Source_SD in the QA aggregate, not directly from the raw metadata field; inspect contributing raw variants before deciding."
environmental188,1,environmental188,,raw_code_or_artifact,route_to_non_source_descriptor,suppressed/non_source_descriptor,,,needs_review,Descriptor-like signal; verify raw variants before adding a suppression rule.,unreviewed,,,,"Batch 1 - metadata descriptors. Current mode routing method: standardizer. This value comes from Isolation_Source_SD in the QA aggregate, not directly from the raw metadata field; inspect contributing raw variants before deciding."
environmental189,1,environmental189,,raw_code_or_artifact,route_to_non_source_descriptor,suppressed/non_source_descriptor,,,needs_review,Descriptor-like signal; verify raw variants before adding a suppression rule.,unreviewed,,,,"Batch 1 - metadata descriptors. Current mode routing method: standardizer. This value comes from Isolation_Source_SD in the QA aggregate, not directly from the raw metadata field; inspect contributing raw variants before deciding."
environmental19,1,environmental19,,raw_code_or_artifact,route_to_non_source_descriptor,suppressed/non_source_descriptor,,,needs_review,Descriptor-like signal; verify raw variants before adding a suppression rule.,unreviewed,,,,"Batch 1 - metadata descriptors. Current mode routing method: standardizer. This value comes from Isolation_Source_SD in the QA aggregate, not directly from the raw metadata field; inspect contributing raw variants before deciding."
environmental190,1,environmental190,,raw_code_or_artifact,route_to_non_source_descriptor,suppressed/non_source_descriptor,,,needs_review,Descriptor-like signal; verify raw variants before adding a suppression rule.,unreviewed,,,,"Batch 1 - metadata descriptors. Current mode routing method: standardizer. This value comes from Isolation_Source_SD in the QA aggregate, not directly from the raw metadata field; inspect contributing raw variants before deciding."
environmental191,1,environmental191,,raw_code_or_artifact,route_to_non_source_descriptor,suppressed/non_source_descriptor,,,needs_review,Descriptor-like signal; verify raw variants before adding a suppression rule.,unreviewed,,,,"Batch 1 - metadata descriptors. Current mode routing method: standardizer. This value comes from Isolation_Source_SD in the QA aggregate, not directly from the raw metadata field; inspect contributing raw variants before deciding."
environmental192,1,environmental192,,raw_code_or_artifact,route_to_non_source_descriptor,suppressed/non_source_descriptor,,,needs_review,Descriptor-like signal; verify raw variants before adding a suppression rule.,unreviewed,,,,"Batch 1 - metadata descriptors. Current mode routing method: standardizer. This value comes from Isolation_Source_SD in the QA aggregate, not directly from the raw metadata field; inspect contributing raw variants before deciding."
environmental193,1,environmental193,,raw_code_or_artifact,route_to_non_source_descriptor,suppressed/non_source_descriptor,,,needs_review,Descriptor-like signal; verify raw variants before adding a suppression rule.,unreviewed,,,,"Batch 1 - metadata descriptors. Current mode routing method: standardizer. This value comes from Isolation_Source_SD in the QA aggregate, not directly from the raw metadata field; inspect contributing raw variants before deciding."
environmental194,1,environmental194,,raw_code_or_artifact,route_to_non_source_descriptor,suppressed/non_source_descriptor,,,needs_review,Descriptor-like signal; verify raw variants before adding a suppression rule.,unreviewed,,,,"Batch 1 - metadata descriptors. Current mode routing method: standardizer. This value comes from Isolation_Source_SD in the QA aggregate, not directly from the raw metadata field; inspect contributing raw variants before deciding."
environmental196,1,environmental196,,raw_code_or_artifact,route_to_non_source_descriptor,suppressed/non_source_descriptor,,,needs_review,Descriptor-like signal; verify raw variants before adding a suppression rule.,unreviewed,,,,"Batch 1 - metadata descriptors. Current mode routing method: standardizer. This value comes from Isolation_Source_SD in the QA aggregate, not directly from the raw metadata field; inspect contributing raw variants before deciding."
environmental198,1,environmental198,,raw_code_or_artifact,route_to_non_source_descriptor,suppressed/non_source_descriptor,,,needs_review,Descriptor-like signal; verify raw variants before adding a suppression rule.,unreviewed,,,,"Batch 1 - metadata descriptors. Current mode routing method: standardizer. This value comes from Isolation_Source_SD in the QA aggregate, not directly from the raw metadata field; inspect contributing raw variants before deciding."
environmental199,1,environmental199,,raw_code_or_artifact,route_to_non_source_descriptor,suppressed/non_source_descriptor,,,needs_review,Descriptor-like signal; verify raw variants before adding a suppression rule.,unreviewed,,,,"Batch 1 - metadata descriptors. Current mode routing method: standardizer. This value comes from Isolation_Source_SD in the QA aggregate, not directly from the raw metadata field; inspect contributing raw variants before deciding."
environmental2,1,environmental2,,raw_code_or_artifact,route_to_non_source_descriptor,suppressed/non_source_descriptor,,,needs_review,Descriptor-like signal; verify raw variants before adding a suppression rule.,unreviewed,,,,"Batch 1 - metadata descriptors. Current mode routing method: standardizer. This value comes from Isolation_Source_SD in the QA aggregate, not directly from the raw metadata field; inspect contributing raw variants before deciding."
environmental20,1,environmental20,,raw_code_or_artifact,route_to_non_source_descriptor,suppressed/non_source_descriptor,,,needs_review,Descriptor-like signal; verify raw variants before adding a suppression rule.,unreviewed,,,,"Batch 1 - metadata descriptors. Current mode routing method: standardizer. This value comes from Isolation_Source_SD in the QA aggregate, not directly from the raw metadata field; inspect contributing raw variants before deciding."
environmental200,1,environmental200,,raw_code_or_artifact,route_to_non_source_descriptor,suppressed/non_source_descriptor,,,needs_review,Descriptor-like signal; verify raw variants before adding a suppression rule.,unreviewed,,,,"Batch 1 - metadata descriptors. Current mode routing method: standardizer. This value comes from Isolation_Source_SD in the QA aggregate, not directly from the raw metadata field; inspect contributing raw variants before deciding."
environmental201,1,environmental201,,raw_code_or_artifact,route_to_non_source_descriptor,suppressed/non_source_descriptor,,,needs_review,Descriptor-like signal; verify raw variants before adding a suppression rule.,unreviewed,,,,"Batch 1 - metadata descriptors. Current mode routing method: standardizer. This value comes from Isolation_Source_SD in the QA aggregate, not directly from the raw metadata field; inspect contributing raw variants before deciding."
environmental202,1,environmental202,,raw_code_or_artifact,route_to_non_source_descriptor,suppressed/non_source_descriptor,,,needs_review,Descriptor-like signal; verify raw variants before adding a suppression rule.,unreviewed,,,,"Batch 1 - metadata descriptors. Current mode routing method: standardizer. This value comes from Isolation_Source_SD in the QA aggregate, not directly from the raw metadata field; inspect contributing raw variants before deciding."
environmental203,1,environmental203,,raw_code_or_artifact,route_to_non_source_descriptor,suppressed/non_source_descriptor,,,needs_review,Descriptor-like signal; verify raw variants before adding a suppression rule.,unreviewed,,,,"Batch 1 - metadata descriptors. Current mode routing method: standardizer. This value comes from Isolation_Source_SD in the QA aggregate, not directly from the raw metadata field; inspect contributing raw variants before deciding."
environmental205,1,environmental205,,raw_code_or_artifact,route_to_non_source_descriptor,suppressed/non_source_descriptor,,,needs_review,Descriptor-like signal; verify raw variants before adding a suppression rule.,unreviewed,,,,"Batch 1 - metadata descriptors. Current mode routing method: standardizer. This value comes from Isolation_Source_SD in the QA aggregate, not directly from the raw metadata field; inspect contributing raw variants before deciding."
environmental206,1,environmental206,,raw_code_or_artifact,route_to_non_source_descriptor,suppressed/non_source_descriptor,,,needs_review,Descriptor-like signal; verify raw variants before adding a suppression rule.,unreviewed,,,,"Batch 1 - metadata descriptors. Current mode routing method: standardizer. This value comes from Isolation_Source_SD in the QA aggregate, not directly from the raw metadata field; inspect contributing raw variants before deciding."
environmental21,1,environmental21,,raw_code_or_artifact,route_to_non_source_descriptor,suppressed/non_source_descriptor,,,needs_review,Descriptor-like signal; verify raw variants before adding a suppression rule.,unreviewed,,,,"Batch 1 - metadata descriptors. Current mode routing method: standardizer. This value comes from Isolation_Source_SD in the QA aggregate, not directly from the raw metadata field; inspect contributing raw variants before deciding."
environmental210,1,environmental210,,raw_code_or_artifact,route_to_non_source_descriptor,suppressed/non_source_descriptor,,,needs_review,Descriptor-like signal; verify raw variants before adding a suppression rule.,unreviewed,,,,"Batch 1 - metadata descriptors. Current mode routing method: standardizer. This value comes from Isolation_Source_SD in the QA aggregate, not directly from the raw metadata field; inspect contributing raw variants before deciding."
environmental211,1,environmental211,,raw_code_or_artifact,route_to_non_source_descriptor,suppressed/non_source_descriptor,,,needs_review,Descriptor-like signal; verify raw variants before adding a suppression rule.,unreviewed,,,,"Batch 1 - metadata descriptors. Current mode routing method: standardizer. This value comes from Isolation_Source_SD in the QA aggregate, not directly from the raw metadata field; inspect contributing raw variants before deciding."
environmental212,1,environmental212,,raw_code_or_artifact,route_to_non_source_descriptor,suppressed/non_source_descriptor,,,needs_review,Descriptor-like signal; verify raw variants before adding a suppression rule.,unreviewed,,,,"Batch 1 - metadata descriptors. Current mode routing method: standardizer. This value comes from Isolation_Source_SD in the QA aggregate, not directly from the raw metadata field; inspect contributing raw variants before deciding."
environmental213,1,environmental213,,raw_code_or_artifact,route_to_non_source_descriptor,suppressed/non_source_descriptor,,,needs_review,Descriptor-like signal; verify raw variants before adding a suppression rule.,unreviewed,,,,"Batch 1 - metadata descriptors. Current mode routing method: standardizer. This value comes from Isolation_Source_SD in the QA aggregate, not directly from the raw metadata field; inspect contributing raw variants before deciding."
environmental214,1,environmental214,,raw_code_or_artifact,route_to_non_source_descriptor,suppressed/non_source_descriptor,,,needs_review,Descriptor-like signal; verify raw variants before adding a suppression rule.,unreviewed,,,,"Batch 1 - metadata descriptors. Current mode routing method: standardizer. This value comes from Isolation_Source_SD in the QA aggregate, not directly from the raw metadata field; inspect contributing raw variants before deciding."
environmental216,1,environmental216,,raw_code_or_artifact,route_to_non_source_descriptor,suppressed/non_source_descriptor,,,needs_review,Descriptor-like signal; verify raw variants before adding a suppression rule.,unreviewed,,,,"Batch 1 - metadata descriptors. Current mode routing method: standardizer. This value comes from Isolation_Source_SD in the QA aggregate, not directly from the raw metadata field; inspect contributing raw variants before deciding."
environmental217,1,environmental217,,raw_code_or_artifact,route_to_non_source_descriptor,suppressed/non_source_descriptor,,,needs_review,Descriptor-like signal; verify raw variants before adding a suppression rule.,unreviewed,,,,"Batch 1 - metadata descriptors. Current mode routing method: standardizer. This value comes from Isolation_Source_SD in the QA aggregate, not directly from the raw metadata field; inspect contributing raw variants before deciding."
environmental22,1,environmental22,,raw_code_or_artifact,route_to_non_source_descriptor,suppressed/non_source_descriptor,,,needs_review,Descriptor-like signal; verify raw variants before adding a suppression rule.,unreviewed,,,,"Batch 1 - metadata descriptors. Current mode routing method: standardizer. This value comes from Isolation_Source_SD in the QA aggregate, not directly from the raw metadata field; inspect contributing raw variants before deciding."
environmental24,1,environmental24,,raw_code_or_artifact,route_to_non_source_descriptor,suppressed/non_source_descriptor,,,needs_review,Descriptor-like signal; verify raw variants before adding a suppression rule.,unreviewed,,,,"Batch 1 - metadata descriptors. Current mode routing method: standardizer. This value comes from Isolation_Source_SD in the QA aggregate, not directly from the raw metadata field; inspect contributing raw variants before deciding."
environmental25,1,environmental25,,raw_code_or_artifact,route_to_non_source_descriptor,suppressed/non_source_descriptor,,,needs_review,Descriptor-like signal; verify raw variants before adding a suppression rule.,unreviewed,,,,"Batch 1 - metadata descriptors. Current mode routing method: standardizer. This value comes from Isolation_Source_SD in the QA aggregate, not directly from the raw metadata field; inspect contributing raw variants before deciding."
environmental26,1,environmental26,,raw_code_or_artifact,route_to_non_source_descriptor,suppressed/non_source_descriptor,,,needs_review,Descriptor-like signal; verify raw variants before adding a suppression rule.,unreviewed,,,,"Batch 1 - metadata descriptors. Current mode routing method: standardizer. This value comes from Isolation_Source_SD in the QA aggregate, not directly from the raw metadata field; inspect contributing raw variants before deciding."
environmental27,1,environmental27,,raw_code_or_artifact,route_to_non_source_descriptor,suppressed/non_source_descriptor,,,needs_review,Descriptor-like signal; verify raw variants before adding a suppression rule.,unreviewed,,,,"Batch 1 - metadata descriptors. Current mode routing method: standardizer. This value comes from Isolation_Source_SD in the QA aggregate, not directly from the raw metadata field; inspect contributing raw variants before deciding."
environmental28,1,environmental28,,raw_code_or_artifact,route_to_non_source_descriptor,suppressed/non_source_descriptor,,,needs_review,Descriptor-like signal; verify raw variants before adding a suppression rule.,unreviewed,,,,"Batch 1 - metadata descriptors. Current mode routing method: standardizer. This value comes from Isolation_Source_SD in the QA aggregate, not directly from the raw metadata field; inspect contributing raw variants before deciding."
environmental29,1,environmental29,,raw_code_or_artifact,route_to_non_source_descriptor,suppressed/non_source_descriptor,,,needs_review,Descriptor-like signal; verify raw variants before adding a suppression rule.,unreviewed,,,,"Batch 1 - metadata descriptors. Current mode routing method: standardizer. This value comes from Isolation_Source_SD in the QA aggregate, not directly from the raw metadata field; inspect contributing raw variants before deciding."
environmental3,1,environmental3,,raw_code_or_artifact,route_to_non_source_descriptor,suppressed/non_source_descriptor,,,needs_review,Descriptor-like signal; verify raw variants before adding a suppression rule.,unreviewed,,,,"Batch 1 - metadata descriptors. Current mode routing method: standardizer. This value comes from Isolation_Source_SD in the QA aggregate, not directly from the raw metadata field; inspect contributing raw variants before deciding."
environmental30,1,environmental30,,raw_code_or_artifact,route_to_non_source_descriptor,suppressed/non_source_descriptor,,,needs_review,Descriptor-like signal; verify raw variants before adding a suppression rule.,unreviewed,,,,"Batch 1 - metadata descriptors. Current mode routing method: standardizer. This value comes from Isolation_Source_SD in the QA aggregate, not directly from the raw metadata field; inspect contributing raw variants before deciding."
environmental31,1,environmental31,,raw_code_or_artifact,route_to_non_source_descriptor,suppressed/non_source_descriptor,,,needs_review,Descriptor-like signal; verify raw variants before adding a suppression rule.,unreviewed,,,,"Batch 1 - metadata descriptors. Current mode routing method: standardizer. This value comes from Isolation_Source_SD in the QA aggregate, not directly from the raw metadata field; inspect contributing raw variants before deciding."
environmental32,1,environmental32,,raw_code_or_artifact,route_to_non_source_descriptor,suppressed/non_source_descriptor,,,needs_review,Descriptor-like signal; verify raw variants before adding a suppression rule.,unreviewed,,,,"Batch 1 - metadata descriptors. Current mode routing method: standardizer. This value comes from Isolation_Source_SD in the QA aggregate, not directly from the raw metadata field; inspect contributing raw variants before deciding."
environmental33,1,environmental33,,raw_code_or_artifact,route_to_non_source_descriptor,suppressed/non_source_descriptor,,,needs_review,Descriptor-like signal; verify raw variants before adding a suppression rule.,unreviewed,,,,"Batch 1 - metadata descriptors. Current mode routing method: standardizer. This value comes from Isolation_Source_SD in the QA aggregate, not directly from the raw metadata field; inspect contributing raw variants before deciding."
environmental36,1,environmental36,,raw_code_or_artifact,route_to_non_source_descriptor,suppressed/non_source_descriptor,,,needs_review,Descriptor-like signal; verify raw variants before adding a suppression rule.,unreviewed,,,,"Batch 1 - metadata descriptors. Current mode routing method: standardizer. This value comes from Isolation_Source_SD in the QA aggregate, not directly from the raw metadata field; inspect contributing raw variants before deciding."
environmental37,1,environmental37,,raw_code_or_artifact,route_to_non_source_descriptor,suppressed/non_source_descriptor,,,needs_review,Descriptor-like signal; verify raw variants before adding a suppression rule.,unreviewed,,,,"Batch 1 - metadata descriptors. Current mode routing method: standardizer. This value comes from Isolation_Source_SD in the QA aggregate, not directly from the raw metadata field; inspect contributing raw variants before deciding."
environmental4,1,environmental4,,raw_code_or_artifact,route_to_non_source_descriptor,suppressed/non_source_descriptor,,,needs_review,Descriptor-like signal; verify raw variants before adding a suppression rule.,unreviewed,,,,"Batch 1 - metadata descriptors. Current mode routing method: standardizer. This value comes from Isolation_Source_SD in the QA aggregate, not directly from the raw metadata field; inspect contributing raw variants before deciding."
environmental41,1,environmental41,,raw_code_or_artifact,route_to_non_source_descriptor,suppressed/non_source_descriptor,,,needs_review,Descriptor-like signal; verify raw variants before adding a suppression rule.,unreviewed,,,,"Batch 1 - metadata descriptors. Current mode routing method: standardizer. This value comes from Isolation_Source_SD in the QA aggregate, not directly from the raw metadata field; inspect contributing raw variants before deciding."
environmental43,1,environmental43,,raw_code_or_artifact,route_to_non_source_descriptor,suppressed/non_source_descriptor,,,needs_review,Descriptor-like signal; verify raw variants before adding a suppression rule.,unreviewed,,,,"Batch 1 - metadata descriptors. Current mode routing method: standardizer. This value comes from Isolation_Source_SD in the QA aggregate, not directly from the raw metadata field; inspect contributing raw variants before deciding."
environmental44,1,environmental44,,raw_code_or_artifact,route_to_non_source_descriptor,suppressed/non_source_descriptor,,,needs_review,Descriptor-like signal; verify raw variants before adding a suppression rule.,unreviewed,,,,"Batch 1 - metadata descriptors. Current mode routing method: standardizer. This value comes from Isolation_Source_SD in the QA aggregate, not directly from the raw metadata field; inspect contributing raw variants before deciding."
environmental46,1,environmental46,,raw_code_or_artifact,route_to_non_source_descriptor,suppressed/non_source_descriptor,,,needs_review,Descriptor-like signal; verify raw variants before adding a suppression rule.,unreviewed,,,,"Batch 1 - metadata descriptors. Current mode routing method: standardizer. This value comes from Isolation_Source_SD in the QA aggregate, not directly from the raw metadata field; inspect contributing raw variants before deciding."
environmental47,1,environmental47,,raw_code_or_artifact,route_to_non_source_descriptor,suppressed/non_source_descriptor,,,needs_review,Descriptor-like signal; verify raw variants before adding a suppression rule.,unreviewed,,,,"Batch 1 - metadata descriptors. Current mode routing method: standardizer. This value comes from Isolation_Source_SD in the QA aggregate, not directly from the raw metadata field; inspect contributing raw variants before deciding."
environmental48,1,environmental48,,raw_code_or_artifact,route_to_non_source_descriptor,suppressed/non_source_descriptor,,,needs_review,Descriptor-like signal; verify raw variants before adding a suppression rule.,unreviewed,,,,"Batch 1 - metadata descriptors. Current mode routing method: standardizer. This value comes from Isolation_Source_SD in the QA aggregate, not directly from the raw metadata field; inspect contributing raw variants before deciding."
environmental5,1,environmental5,,raw_code_or_artifact,route_to_non_source_descriptor,suppressed/non_source_descriptor,,,needs_review,Descriptor-like signal; verify raw variants before adding a suppression rule.,unreviewed,,,,"Batch 1 - metadata descriptors. Current mode routing method: standardizer. This value comes from Isolation_Source_SD in the QA aggregate, not directly from the raw metadata field; inspect contributing raw variants before deciding."
environmental50,1,environmental50,,raw_code_or_artifact,route_to_non_source_descriptor,suppressed/non_source_descriptor,,,needs_review,Descriptor-like signal; verify raw variants before adding a suppression rule.,unreviewed,,,,"Batch 1 - metadata descriptors. Current mode routing method: standardizer. This value comes from Isolation_Source_SD in the QA aggregate, not directly from the raw metadata field; inspect contributing raw variants before deciding."
environmental51,1,environmental51,,raw_code_or_artifact,route_to_non_source_descriptor,suppressed/non_source_descriptor,,,needs_review,Descriptor-like signal; verify raw variants before adding a suppression rule.,unreviewed,,,,"Batch 1 - metadata descriptors. Current mode routing method: standardizer. This value comes from Isolation_Source_SD in the QA aggregate, not directly from the raw metadata field; inspect contributing raw variants before deciding."
environmental53,1,environmental53,,raw_code_or_artifact,route_to_non_source_descriptor,suppressed/non_source_descriptor,,,needs_review,Descriptor-like signal; verify raw variants before adding a suppression rule.,unreviewed,,,,"Batch 1 - metadata descriptors. Current mode routing method: standardizer. This value comes from Isolation_Source_SD in the QA aggregate, not directly from the raw metadata field; inspect contributing raw variants before deciding."
environmental54,1,environmental54,,raw_code_or_artifact,route_to_non_source_descriptor,suppressed/non_source_descriptor,,,needs_review,Descriptor-like signal; verify raw variants before adding a suppression rule.,unreviewed,,,,"Batch 1 - metadata descriptors. Current mode routing method: standardizer. This value comes from Isolation_Source_SD in the QA aggregate, not directly from the raw metadata field; inspect contributing raw variants before deciding."
environmental55,1,environmental55,,raw_code_or_artifact,route_to_non_source_descriptor,suppressed/non_source_descriptor,,,needs_review,Descriptor-like signal; verify raw variants before adding a suppression rule.,unreviewed,,,,"Batch 1 - metadata descriptors. Current mode routing method: standardizer. This value comes from Isolation_Source_SD in the QA aggregate, not directly from the raw metadata field; inspect contributing raw variants before deciding."
environmental56,1,environmental56,,raw_code_or_artifact,route_to_non_source_descriptor,suppressed/non_source_descriptor,,,needs_review,Descriptor-like signal; verify raw variants before adding a suppression rule.,unreviewed,,,,"Batch 1 - metadata descriptors. Current mode routing method: standardizer. This value comes from Isolation_Source_SD in the QA aggregate, not directly from the raw metadata field; inspect contributing raw variants before deciding."
environmental58,1,environmental58,,raw_code_or_artifact,route_to_non_source_descriptor,suppressed/non_source_descriptor,,,needs_review,Descriptor-like signal; verify raw variants before adding a suppression rule.,unreviewed,,,,"Batch 1 - metadata descriptors. Current mode routing method: standardizer. This value comes from Isolation_Source_SD in the QA aggregate, not directly from the raw metadata field; inspect contributing raw variants before deciding."
environmental6,1,environmental6,,raw_code_or_artifact,route_to_non_source_descriptor,suppressed/non_source_descriptor,,,needs_review,Descriptor-like signal; verify raw variants before adding a suppression rule.,unreviewed,,,,"Batch 1 - metadata descriptors. Current mode routing method: standardizer. This value comes from Isolation_Source_SD in the QA aggregate, not directly from the raw metadata field; inspect contributing raw variants before deciding."
environmental60,1,environmental60,,raw_code_or_artifact,route_to_non_source_descriptor,suppressed/non_source_descriptor,,,needs_review,Descriptor-like signal; verify raw variants before adding a suppression rule.,unreviewed,,,,"Batch 1 - metadata descriptors. Current mode routing method: standardizer. This value comes from Isolation_Source_SD in the QA aggregate, not directly from the raw metadata field; inspect contributing raw variants before deciding."
environmental61,1,environmental61,,raw_code_or_artifact,route_to_non_source_descriptor,suppressed/non_source_descriptor,,,needs_review,Descriptor-like signal; verify raw variants before adding a suppression rule.,unreviewed,,,,"Batch 1 - metadata descriptors. Current mode routing method: standardizer. This value comes from Isolation_Source_SD in the QA aggregate, not directly from the raw metadata field; inspect contributing raw variants before deciding."
environmental62,1,environmental62,,raw_code_or_artifact,route_to_non_source_descriptor,suppressed/non_source_descriptor,,,needs_review,Descriptor-like signal; verify raw variants before adding a suppression rule.,unreviewed,,,,"Batch 1 - metadata descriptors. Current mode routing method: standardizer. This value comes from Isolation_Source_SD in the QA aggregate, not directly from the raw metadata field; inspect contributing raw variants before deciding."
environmental63,1,environmental63,,raw_code_or_artifact,route_to_non_source_descriptor,suppressed/non_source_descriptor,,,needs_review,Descriptor-like signal; verify raw variants before adding a suppression rule.,unreviewed,,,,"Batch 1 - metadata descriptors. Current mode routing method: standardizer. This value comes from Isolation_Source_SD in the QA aggregate, not directly from the raw metadata field; inspect contributing raw variants before deciding."
environmental64,1,environmental64,,raw_code_or_artifact,route_to_non_source_descriptor,suppressed/non_source_descriptor,,,needs_review,Descriptor-like signal; verify raw variants before adding a suppression rule.,unreviewed,,,,"Batch 1 - metadata descriptors. Current mode routing method: standardizer. This value comes from Isolation_Source_SD in the QA aggregate, not directly from the raw metadata field; inspect contributing raw variants before deciding."
environmental65,1,environmental65,,raw_code_or_artifact,route_to_non_source_descriptor,suppressed/non_source_descriptor,,,needs_review,Descriptor-like signal; verify raw variants before adding a suppression rule.,unreviewed,,,,"Batch 1 - metadata descriptors. Current mode routing method: standardizer. This value comes from Isolation_Source_SD in the QA aggregate, not directly from the raw metadata field; inspect contributing raw variants before deciding."
environmental66,1,environmental66,,raw_code_or_artifact,route_to_non_source_descriptor,suppressed/non_source_descriptor,,,needs_review,Descriptor-like signal; verify raw variants before adding a suppression rule.,unreviewed,,,,"Batch 1 - metadata descriptors. Current mode routing method: standardizer. This value comes from Isolation_Source_SD in the QA aggregate, not directly from the raw metadata field; inspect contributing raw variants before deciding."
environmental67,1,environmental67,,raw_code_or_artifact,route_to_non_source_descriptor,suppressed/non_source_descriptor,,,needs_review,Descriptor-like signal; verify raw variants before adding a suppression rule.,unreviewed,,,,"Batch 1 - metadata descriptors. Current mode routing method: standardizer. This value comes from Isolation_Source_SD in the QA aggregate, not directly from the raw metadata field; inspect contributing raw variants before deciding."
environmental68,1,environmental68,,raw_code_or_artifact,route_to_non_source_descriptor,suppressed/non_source_descriptor,,,needs_review,Descriptor-like signal; verify raw variants before adding a suppression rule.,unreviewed,,,,"Batch 1 - metadata descriptors. Current mode routing method: standardizer. This value comes from Isolation_Source_SD in the QA aggregate, not directly from the raw metadata field; inspect contributing raw variants before deciding."
environmental69,1,environmental69,,raw_code_or_artifact,route_to_non_source_descriptor,suppressed/non_source_descriptor,,,needs_review,Descriptor-like signal; verify raw variants before adding a suppression rule.,unreviewed,,,,"Batch 1 - metadata descriptors. Current mode routing method: standardizer. This value comes from Isolation_Source_SD in the QA aggregate, not directly from the raw metadata field; inspect contributing raw variants before deciding."
environmental71,1,environmental71,,raw_code_or_artifact,route_to_non_source_descriptor,suppressed/non_source_descriptor,,,needs_review,Descriptor-like signal; verify raw variants before adding a suppression rule.,unreviewed,,,,"Batch 1 - metadata descriptors. Current mode routing method: standardizer. This value comes from Isolation_Source_SD in the QA aggregate, not directly from the raw metadata field; inspect contributing raw variants before deciding."
environmental72,1,environmental72,,raw_code_or_artifact,route_to_non_source_descriptor,suppressed/non_source_descriptor,,,needs_review,Descriptor-like signal; verify raw variants before adding a suppression rule.,unreviewed,,,,"Batch 1 - metadata descriptors. Current mode routing method: standardizer. This value comes from Isolation_Source_SD in the QA aggregate, not directly from the raw metadata field; inspect contributing raw variants before deciding."
environmental73,1,environmental73,,raw_code_or_artifact,route_to_non_source_descriptor,suppressed/non_source_descriptor,,,needs_review,Descriptor-like signal; verify raw variants before adding a suppression rule.,unreviewed,,,,"Batch 1 - metadata descriptors. Current mode routing method: standardizer. This value comes from Isolation_Source_SD in the QA aggregate, not directly from the raw metadata field; inspect contributing raw variants before deciding."
environmental74,1,environmental74,,raw_code_or_artifact,route_to_non_source_descriptor,suppressed/non_source_descriptor,,,needs_review,Descriptor-like signal; verify raw variants before adding a suppression rule.,unreviewed,,,,"Batch 1 - metadata descriptors. Current mode routing method: standardizer. This value comes from Isolation_Source_SD in the QA aggregate, not directly from the raw metadata field; inspect contributing raw variants before deciding."
environmental75,1,environmental75,,raw_code_or_artifact,route_to_non_source_descriptor,suppressed/non_source_descriptor,,,needs_review,Descriptor-like signal; verify raw variants before adding a suppression rule.,unreviewed,,,,"Batch 1 - metadata descriptors. Current mode routing method: standardizer. This value comes from Isolation_Source_SD in the QA aggregate, not directly from the raw metadata field; inspect contributing raw variants before deciding."
environmental77,1,environmental77,,raw_code_or_artifact,route_to_non_source_descriptor,suppressed/non_source_descriptor,,,needs_review,Descriptor-like signal; verify raw variants before adding a suppression rule.,unreviewed,,,,"Batch 1 - metadata descriptors. Current mode routing method: standardizer. This value comes from Isolation_Source_SD in the QA aggregate, not directly from the raw metadata field; inspect contributing raw variants before deciding."
environmental79,1,environmental79,,raw_code_or_artifact,route_to_non_source_descriptor,suppressed/non_source_descriptor,,,needs_review,Descriptor-like signal; verify raw variants before adding a suppression rule.,unreviewed,,,,"Batch 1 - metadata descriptors. Current mode routing method: standardizer. This value comes from Isolation_Source_SD in the QA aggregate, not directly from the raw metadata field; inspect contributing raw variants before deciding."
environmental80,1,environmental80,,raw_code_or_artifact,route_to_non_source_descriptor,suppressed/non_source_descriptor,,,needs_review,Descriptor-like signal; verify raw variants before adding a suppression rule.,unreviewed,,,,"Batch 1 - metadata descriptors. Current mode routing method: standardizer. This value comes from Isolation_Source_SD in the QA aggregate, not directly from the raw metadata field; inspect contributing raw variants before deciding."
environmental81,1,environmental81,,raw_code_or_artifact,route_to_non_source_descriptor,suppressed/non_source_descriptor,,,needs_review,Descriptor-like signal; verify raw variants before adding a suppression rule.,unreviewed,,,,"Batch 1 - metadata descriptors. Current mode routing method: standardizer. This value comes from Isolation_Source_SD in the QA aggregate, not directly from the raw metadata field; inspect contributing raw variants before deciding."
environmental85,1,environmental85,,raw_code_or_artifact,route_to_non_source_descriptor,suppressed/non_source_descriptor,,,needs_review,Descriptor-like signal; verify raw variants before adding a suppression rule.,unreviewed,,,,"Batch 1 - metadata descriptors. Current mode routing method: standardizer. This value comes from Isolation_Source_SD in the QA aggregate, not directly from the raw metadata field; inspect contributing raw variants before deciding."
environmental86,1,environmental86,,raw_code_or_artifact,route_to_non_source_descriptor,suppressed/non_source_descriptor,,,needs_review,Descriptor-like signal; verify raw variants before adding a suppression rule.,unreviewed,,,,"Batch 1 - metadata descriptors. Current mode routing method: standardizer. This value comes from Isolation_Source_SD in the QA aggregate, not directly from the raw metadata field; inspect contributing raw variants before deciding."
environmental87,1,environmental87,,raw_code_or_artifact,route_to_non_source_descriptor,suppressed/non_source_descriptor,,,needs_review,Descriptor-like signal; verify raw variants before adding a suppression rule.,unreviewed,,,,"Batch 1 - metadata descriptors. Current mode routing method: standardizer. This value comes from Isolation_Source_SD in the QA aggregate, not directly from the raw metadata field; inspect contributing raw variants before deciding."
environmental88,1,environmental88,,raw_code_or_artifact,route_to_non_source_descriptor,suppressed/non_source_descriptor,,,needs_review,Descriptor-like signal; verify raw variants before adding a suppression rule.,unreviewed,,,,"Batch 1 - metadata descriptors. Current mode routing method: standardizer. This value comes from Isolation_Source_SD in the QA aggregate, not directly from the raw metadata field; inspect contributing raw variants before deciding."
environmental9,1,environmental9,,raw_code_or_artifact,route_to_non_source_descriptor,suppressed/non_source_descriptor,,,needs_review,Descriptor-like signal; verify raw variants before adding a suppression rule.,unreviewed,,,,"Batch 1 - metadata descriptors. Current mode routing method: standardizer. This value comes from Isolation_Source_SD in the QA aggregate, not directly from the raw metadata field; inspect contributing raw variants before deciding."
environmental90,1,environmental90,,raw_code_or_artifact,route_to_non_source_descriptor,suppressed/non_source_descriptor,,,needs_review,Descriptor-like signal; verify raw variants before adding a suppression rule.,unreviewed,,,,"Batch 1 - metadata descriptors. Current mode routing method: standardizer. This value comes from Isolation_Source_SD in the QA aggregate, not directly from the raw metadata field; inspect contributing raw variants before deciding."
environmental91,1,environmental91,,raw_code_or_artifact,route_to_non_source_descriptor,suppressed/non_source_descriptor,,,needs_review,Descriptor-like signal; verify raw variants before adding a suppression rule.,unreviewed,,,,"Batch 1 - metadata descriptors. Current mode routing method: standardizer. This value comes from Isolation_Source_SD in the QA aggregate, not directly from the raw metadata field; inspect contributing raw variants before deciding."
environmental93,1,environmental93,,raw_code_or_artifact,route_to_non_source_descriptor,suppressed/non_source_descriptor,,,needs_review,Descriptor-like signal; verify raw variants before adding a suppression rule.,unreviewed,,,,"Batch 1 - metadata descriptors. Current mode routing method: standardizer. This value comes from Isolation_Source_SD in the QA aggregate, not directly from the raw metadata field; inspect contributing raw variants before deciding."
environmental96,1,environmental96,,raw_code_or_artifact,route_to_non_source_descriptor,suppressed/non_source_descriptor,,,needs_review,Descriptor-like signal; verify raw variants before adding a suppression rule.,unreviewed,,,,"Batch 1 - metadata descriptors. Current mode routing method: standardizer. This value comes from Isolation_Source_SD in the QA aggregate, not directly from the raw metadata field; inspect contributing raw variants before deciding."
environmental97,1,environmental97,,raw_code_or_artifact,route_to_non_source_descriptor,suppressed/non_source_descriptor,,,needs_review,Descriptor-like signal; verify raw variants before adding a suppression rule.,unreviewed,,,,"Batch 1 - metadata descriptors. Current mode routing method: standardizer. This value comes from Isolation_Source_SD in the QA aggregate, not directly from the raw metadata field; inspect contributing raw variants before deciding."
environmental99,1,environmental99,,raw_code_or_artifact,route_to_non_source_descriptor,suppressed/non_source_descriptor,,,needs_review,Descriptor-like signal; verify raw variants before adding a suppression rule.,unreviewed,,,,"Batch 1 - metadata descriptors. Current mode routing method: standardizer. This value comes from Isolation_Source_SD in the QA aggregate, not directly from the raw metadata field; inspect contributing raw variants before deciding."
ENVO_00000020,1,ENVO_00000020,,raw_code_or_artifact,route_to_non_source_descriptor,suppressed/non_source_descriptor,,,needs_review,Descriptor-like signal; verify raw variants before adding a suppression rule.,unreviewed,,,,"Batch 1 - metadata descriptors. Current mode routing method: standardizer. This value comes from Isolation_Source_SD in the QA aggregate, not directly from the raw metadata field; inspect contributing raw variants before deciding."
ENVO_00002001,1,ENVO_00002001,,raw_code_or_artifact,route_to_non_source_descriptor,suppressed/non_source_descriptor,,,needs_review,Descriptor-like signal; verify raw variants before adding a suppression rule.,unreviewed,,,,"Batch 1 - metadata descriptors. Current mode routing method: standardizer. This value comes from Isolation_Source_SD in the QA aggregate, not directly from the raw metadata field; inspect contributing raw variants before deciding."
ENVO_00010483,1,ENVO_00010483,,raw_code_or_artifact,route_to_non_source_descriptor,suppressed/non_source_descriptor,,,needs_review,Descriptor-like signal; verify raw variants before adding a suppression rule.,unreviewed,,,,"Batch 1 - metadata descriptors. Current mode routing method: standardizer. This value comes from Isolation_Source_SD in the QA aggregate, not directly from the raw metadata field; inspect contributing raw variants before deciding."
ENVO_01000339,1,ENVO_01000339,,raw_code_or_artifact,route_to_non_source_descriptor,suppressed/non_source_descriptor,,,needs_review,Descriptor-like signal; verify raw variants before adding a suppression rule.,unreviewed,,,,"Batch 1 - metadata descriptors. Current mode routing method: standardizer. This value comes from Isolation_Source_SD in the QA aggregate, not directly from the raw metadata field; inspect contributing raw variants before deciding."
ENVO_01001001,1,ENVO_01001001,,raw_code_or_artifact,route_to_non_source_descriptor,suppressed/non_source_descriptor,,,needs_review,Descriptor-like signal; verify raw variants before adding a suppression rule.,unreviewed,,,,"Batch 1 - metadata descriptors. Current mode routing method: standardizer. This value comes from Isolation_Source_SD in the QA aggregate, not directly from the raw metadata field; inspect contributing raw variants before deciding."
ENVO_01001244,1,ENVO_01001244,,raw_code_or_artifact,route_to_non_source_descriptor,suppressed/non_source_descriptor,,,needs_review,Descriptor-like signal; verify raw variants before adding a suppression rule.,unreviewed,,,,"Batch 1 - metadata descriptors. Current mode routing method: standardizer. This value comes from Isolation_Source_SD in the QA aggregate, not directly from the raw metadata field; inspect contributing raw variants before deciding."
ENVO_01001701,1,ENVO_01001701,,raw_code_or_artifact,route_to_non_source_descriptor,suppressed/non_source_descriptor,,,needs_review,Descriptor-like signal; verify raw variants before adding a suppression rule.,unreviewed,,,,"Batch 1 - metadata descriptors. Current mode routing method: standardizer. This value comes from Isolation_Source_SD in the QA aggregate, not directly from the raw metadata field; inspect contributing raw variants before deciding."
Epidural Tissue,1,Epidural Tissue,tissue,sample_type,route_to_sample_type,Sample_Type_SD,,,needs_review,Sample-material signal; preserve source context only when independently supported.,unreviewed,,,,"Batch 2 - sample materials. Current mode routing method: standardizer. This value comes from Isolation_Source_SD in the QA aggregate, not directly from the raw metadata field; inspect contributing raw variants before deciding."
EU009550,1,EU009550,,raw_code_or_artifact,route_to_non_source_descriptor,suppressed/non_source_descriptor,,,needs_review,Descriptor-like signal; verify raw variants before adding a suppression rule.,unreviewed,,,,"Batch 1 - metadata descriptors. Current mode routing method: standardizer. This value comes from Isolation_Source_SD in the QA aggregate, not directly from the raw metadata field; inspect contributing raw variants before deciding."
EU009551,1,EU009551,,raw_code_or_artifact,route_to_non_source_descriptor,suppressed/non_source_descriptor,,,needs_review,Descriptor-like signal; verify raw variants before adding a suppression rule.,unreviewed,,,,"Batch 1 - metadata descriptors. Current mode routing method: standardizer. This value comes from Isolation_Source_SD in the QA aggregate, not directly from the raw metadata field; inspect contributing raw variants before deciding."
European foulbrood infected honey bee larva,1,European foulbrood infected honey bee larva,,disease,route_to_disease_or_health_state,Host_Disease_SD / Host_Health_State_SD,,,needs_review,Disease or health-state signal; preserve independent material and site evidence.,unreviewed,,,,"Batch 7 - disease and health state. Current mode routing method: standardizer. This value comes from Isolation_Source_SD in the QA aggregate, not directly from the raw metadata field; inspect contributing raw variants before deciding."
European foulbrood of honey bees-infected honey bee larva,1,European foulbrood of honey bees-infected honey bee larva,,disease,route_to_disease_or_health_state,Host_Disease_SD / Host_Health_State_SD,,,needs_review,Disease or health-state signal; preserve independent material and site evidence.,unreviewed,,,,"Batch 7 - disease and health state. Current mode routing method: standardizer. This value comes from Isolation_Source_SD in the QA aggregate, not directly from the raw metadata field; inspect contributing raw variants before deciding."
Evap (midpoint from sample petcock) - Liquid (WIP),1,Evap (midpoint from sample petcock) - Liquid (WIP),,sample_type|metadata_descriptor,route_to_non_source_descriptor,suppressed/non_source_descriptor,,,needs_review,Descriptor-like signal; verify raw variants before adding a suppression rule.,unreviewed,,,,"Batch 1 - metadata descriptors. Current mode routing method: standardizer. This value comes from Isolation_Source_SD in the QA aggregate, not directly from the raw metadata field; inspect contributing raw variants before deciding."
EVB1,1,EVB1,,raw_code_or_artifact,route_to_non_source_descriptor,suppressed/non_source_descriptor,,,needs_review,Descriptor-like signal; verify raw variants before adding a suppression rule.,unreviewed,,,,"Batch 1 - metadata descriptors. Current mode routing method: standardizer. This value comes from Isolation_Source_SD in the QA aggregate, not directly from the raw metadata field; inspect contributing raw variants before deciding."
EVB11,1,EVB11,,raw_code_or_artifact,route_to_non_source_descriptor,suppressed/non_source_descriptor,,,needs_review,Descriptor-like signal; verify raw variants before adding a suppression rule.,unreviewed,,,,"Batch 1 - metadata descriptors. Current mode routing method: standardizer. This value comes from Isolation_Source_SD in the QA aggregate, not directly from the raw metadata field; inspect contributing raw variants before deciding."
EVB14,1,EVB14,,raw_code_or_artifact,route_to_non_source_descriptor,suppressed/non_source_descriptor,,,needs_review,Descriptor-like signal; verify raw variants before adding a suppression rule.,unreviewed,,,,"Batch 1 - metadata descriptors. Current mode routing method: standardizer. This value comes from Isolation_Source_SD in the QA aggregate, not directly from the raw metadata field; inspect contributing raw variants before deciding."
EVB8,1,EVB8,,raw_code_or_artifact,route_to_non_source_descriptor,suppressed/non_source_descriptor,,,needs_review,Descriptor-like signal; verify raw variants before adding a suppression rule.,unreviewed,,,,"Batch 1 - metadata descriptors. Current mode routing method: standardizer. This value comes from Isolation_Source_SD in the QA aggregate, not directly from the raw metadata field; inspect contributing raw variants before deciding."
Exudate from a dog,1,Exudate from a dog,,host_taxon_or_context,route_to_host_context,Host_Context_SD / host-associated context,,,needs_review,Host-only signal requires raw context before source or host routing.,unreviewed,,,,"Batch 6 - host context. Current mode routing method: standardizer. This value comes from Isolation_Source_SD in the QA aggregate, not directly from the raw metadata field; inspect contributing raw variants before deciding."
F017,1,F017,,raw_code_or_artifact,route_to_non_source_descriptor,suppressed/non_source_descriptor,,,needs_review,Descriptor-like signal; verify raw variants before adding a suppression rule.,unreviewed,,,,"Batch 1 - metadata descriptors. Current mode routing method: standardizer. This value comes from Isolation_Source_SD in the QA aggregate, not directly from the raw metadata field; inspect contributing raw variants before deciding."
F042,1,F042,,raw_code_or_artifact,route_to_non_source_descriptor,suppressed/non_source_descriptor,,,needs_review,Descriptor-like signal; verify raw variants before adding a suppression rule.,unreviewed,,,,"Batch 1 - metadata descriptors. Current mode routing method: standardizer. This value comes from Isolation_Source_SD in the QA aggregate, not directly from the raw metadata field; inspect contributing raw variants before deciding."
F062,1,F062,,raw_code_or_artifact,route_to_non_source_descriptor,suppressed/non_source_descriptor,,,needs_review,Descriptor-like signal; verify raw variants before adding a suppression rule.,unreviewed,,,,"Batch 1 - metadata descriptors. Current mode routing method: standardizer. This value comes from Isolation_Source_SD in the QA aggregate, not directly from the raw metadata field; inspect contributing raw variants before deciding."
Faeces - Goat - Local livestock market,1,Faeces - Goat - Local livestock market,,sample_type,route_to_sample_type,Sample_Type_SD,,,needs_review,Sample-material signal; preserve source context only when independently supported.,unreviewed,,,,"Batch 2 - sample materials. Current mode routing method: standardizer. This value comes from Isolation_Source_SD in the QA aggregate, not directly from the raw metadata field; inspect contributing raw variants before deciding."
faeces 9.10,1,faeces 9.10,,sample_type,route_to_sample_type,Sample_Type_SD,,,needs_review,Sample-material signal; preserve source context only when independently supported.,unreviewed,,,,"Batch 2 - sample materials. Current mode routing method: standardizer. This value comes from Isolation_Source_SD in the QA aggregate, not directly from the raw metadata field; inspect contributing raw variants before deciding."
faeces 9.11,1,faeces 9.11,,sample_type,route_to_sample_type,Sample_Type_SD,,,needs_review,Sample-material signal; preserve source context only when independently supported.,unreviewed,,,,"Batch 2 - sample materials. Current mode routing method: standardizer. This value comes from Isolation_Source_SD in the QA aggregate, not directly from the raw metadata field; inspect contributing raw variants before deciding."
faeces 9.12,1,faeces 9.12,,sample_type,route_to_sample_type,Sample_Type_SD,,,needs_review,Sample-material signal; preserve source context only when independently supported.,unreviewed,,,,"Batch 2 - sample materials. Current mode routing method: standardizer. This value comes from Isolation_Source_SD in the QA aggregate, not directly from the raw metadata field; inspect contributing raw variants before deciding."
faeces 9.13,1,faeces 9.13,,sample_type,route_to_sample_type,Sample_Type_SD,,,needs_review,Sample-material signal; preserve source context only when independently supported.,unreviewed,,,,"Batch 2 - sample materials. Current mode routing method: standardizer. This value comes from Isolation_Source_SD in the QA aggregate, not directly from the raw metadata field; inspect contributing raw variants before deciding."
faeces 9.14,1,faeces 9.14,,sample_type,route_to_sample_type,Sample_Type_SD,,,needs_review,Sample-material signal; preserve source context only when independently supported.,unreviewed,,,,"Batch 2 - sample materials. Current mode routing method: standardizer. This value comes from Isolation_Source_SD in the QA aggregate, not directly from the raw metadata field; inspect contributing raw variants before deciding."
faeces 9.15,1,faeces 9.15,,sample_type,route_to_sample_type,Sample_Type_SD,,,needs_review,Sample-material signal; preserve source context only when independently supported.,unreviewed,,,,"Batch 2 - sample materials. Current mode routing method: standardizer. This value comes from Isolation_Source_SD in the QA aggregate, not directly from the raw metadata field; inspect contributing raw variants before deciding."
faeces 9.16,1,faeces 9.16,,sample_type,route_to_sample_type,Sample_Type_SD,,,needs_review,Sample-material signal; preserve source context only when independently supported.,unreviewed,,,,"Batch 2 - sample materials. Current mode routing method: standardizer. This value comes from Isolation_Source_SD in the QA aggregate, not directly from the raw metadata field; inspect contributing raw variants before deciding."
faeces 9.17,1,faeces 9.17,,sample_type,route_to_sample_type,Sample_Type_SD,,,needs_review,Sample-material signal; preserve source context only when independently supported.,unreviewed,,,,"Batch 2 - sample materials. Current mode routing method: standardizer. This value comes from Isolation_Source_SD in the QA aggregate, not directly from the raw metadata field; inspect contributing raw variants before deciding."
faeces 9.7,1,faeces 9.7,,sample_type,route_to_sample_type,Sample_Type_SD,,,needs_review,Sample-material signal; preserve source context only when independently supported.,unreviewed,,,,"Batch 2 - sample materials. Current mode routing method: standardizer. This value comes from Isolation_Source_SD in the QA aggregate, not directly from the raw metadata field; inspect contributing raw variants before deciding."
faeces 9.8,1,faeces 9.8,,sample_type,route_to_sample_type,Sample_Type_SD,,,needs_review,Sample-material signal; preserve source context only when independently supported.,unreviewed,,,,"Batch 2 - sample materials. Current mode routing method: standardizer. This value comes from Isolation_Source_SD in the QA aggregate, not directly from the raw metadata field; inspect contributing raw variants before deciding."
faeces 9.9,1,faeces 9.9,,sample_type,route_to_sample_type,Sample_Type_SD,,,needs_review,Sample-material signal; preserve source context only when independently supported.,unreviewed,,,,"Batch 2 - sample materials. Current mode routing method: standardizer. This value comes from Isolation_Source_SD in the QA aggregate, not directly from the raw metadata field; inspect contributing raw variants before deciding."
faeces of a thoroughbred horse,1,faeces of a thoroughbred horse,,sample_type,route_to_sample_type,Sample_Type_SD,,,needs_review,Sample-material signal; preserve source context only when independently supported.,unreviewed,,,,"Batch 2 - sample materials. Current mode routing method: standardizer. This value comes from Isolation_Source_SD in the QA aggregate, not directly from the raw metadata field; inspect contributing raw variants before deciding."
Faeces of piglets,1,Faeces of piglets,,sample_type,route_to_sample_type,Sample_Type_SD,,,needs_review,Sample-material signal; preserve source context only when independently supported.,unreviewed,,,,"Batch 2 - sample materials. Current mode routing method: standardizer. This value comes from Isolation_Source_SD in the QA aggregate, not directly from the raw metadata field; inspect contributing raw variants before deciding."
farm12,1,farm12,,raw_code_or_artifact,route_to_non_source_descriptor,suppressed/non_source_descriptor,,,needs_review,Descriptor-like signal; verify raw variants before adding a suppression rule.,unreviewed,,,,"Batch 1 - metadata descriptors. Current mode routing method: standardizer. This value comes from Isolation_Source_SD in the QA aggregate, not directly from the raw metadata field; inspect contributing raw variants before deciding."
farm19,1,farm19,,raw_code_or_artifact,route_to_non_source_descriptor,suppressed/non_source_descriptor,,,needs_review,Descriptor-like signal; verify raw variants before adding a suppression rule.,unreviewed,,,,"Batch 1 - metadata descriptors. Current mode routing method: standardizer. This value comes from Isolation_Source_SD in the QA aggregate, not directly from the raw metadata field; inspect contributing raw variants before deciding."
farm2,1,farm2,,raw_code_or_artifact,route_to_non_source_descriptor,suppressed/non_source_descriptor,,,needs_review,Descriptor-like signal; verify raw variants before adding a suppression rule.,unreviewed,,,,"Batch 1 - metadata descriptors. Current mode routing method: standardizer. This value comes from Isolation_Source_SD in the QA aggregate, not directly from the raw metadata field; inspect contributing raw variants before deciding."
Fascial tissue,1,Fascial tissue,tissue,sample_type,route_to_sample_type,Sample_Type_SD,,,needs_review,Sample-material signal; preserve source context only when independently supported.,unreviewed,,,,"Batch 2 - sample materials. Current mode routing method: standardizer. This value comes from Isolation_Source_SD in the QA aggregate, not directly from the raw metadata field; inspect contributing raw variants before deciding."
Fat Tissue,1,Fat Tissue,tissue,sample_type,route_to_sample_type,Sample_Type_SD,,,needs_review,Sample-material signal; preserve source context only when independently supported.,unreviewed,,,,"Batch 2 - sample materials. Current mode routing method: standardizer. This value comes from Isolation_Source_SD in the QA aggregate, not directly from the raw metadata field; inspect contributing raw variants before deciding."
Fat tissue,1,Fat tissue,tissue,sample_type,route_to_sample_type,Sample_Type_SD,,,needs_review,Sample-material signal; preserve source context only when independently supported.,unreviewed,,,,"Batch 2 - sample materials. Current mode routing method: standardizer. This value comes from Isolation_Source_SD in the QA aggregate, not directly from the raw metadata field; inspect contributing raw variants before deciding."
feed to animal,1,feed to animal,,host_taxon_or_context,route_to_host_context,Host_Context_SD / host-associated context,,,needs_review,Host-only signal requires raw context before source or host routing.,unreviewed,,,,"Batch 6 - host context. Current mode routing method: standardizer. This value comes from Isolation_Source_SD in the QA aggregate, not directly from the raw metadata field; inspect contributing raw variants before deciding."
feline bladder mucosa,1,feline bladder mucosa,,body_site,route_to_isolation_site,Isolation_Site_SD,,,needs_review,Anatomical-site signal; split material and site when both are present.,unreviewed,,,,"Batch 3 - anatomical sites. Current mode routing method: standardizer. This value comes from Isolation_Source_SD in the QA aggregate, not directly from the raw metadata field; inspect contributing raw variants before deciding."
Femoral Artery Tissue,1,Femoral Artery Tissue,tissue,sample_type,route_to_sample_type,Sample_Type_SD,,,needs_review,Sample-material signal; preserve source context only when independently supported.,unreviewed,,,,"Batch 2 - sample materials. Current mode routing method: standardizer. This value comes from Isolation_Source_SD in the QA aggregate, not directly from the raw metadata field; inspect contributing raw variants before deciding."
Femur Tissue,1,Femur Tissue,tissue,sample_type,route_to_sample_type,Sample_Type_SD,,,needs_review,Sample-material signal; preserve source context only when independently supported.,unreviewed,,,,"Batch 2 - sample materials. Current mode routing method: standardizer. This value comes from Isolation_Source_SD in the QA aggregate, not directly from the raw metadata field; inspect contributing raw variants before deciding."
femur_chicken1_1,1,femur_chicken1_1,,raw_code_or_artifact,route_to_non_source_descriptor,suppressed/non_source_descriptor,,,needs_review,Descriptor-like signal; verify raw variants before adding a suppression rule.,unreviewed,,,,"Batch 1 - metadata descriptors. Current mode routing method: standardizer. This value comes from Isolation_Source_SD in the QA aggregate, not directly from the raw metadata field; inspect contributing raw variants before deciding."
femur_chicken1_2,1,femur_chicken1_2,,raw_code_or_artifact,route_to_non_source_descriptor,suppressed/non_source_descriptor,,,needs_review,Descriptor-like signal; verify raw variants before adding a suppression rule.,unreviewed,,,,"Batch 1 - metadata descriptors. Current mode routing method: standardizer. This value comes from Isolation_Source_SD in the QA aggregate, not directly from the raw metadata field; inspect contributing raw variants before deciding."
femur_chicken1_3,1,femur_chicken1_3,,raw_code_or_artifact,route_to_non_source_descriptor,suppressed/non_source_descriptor,,,needs_review,Descriptor-like signal; verify raw variants before adding a suppression rule.,unreviewed,,,,"Batch 1 - metadata descriptors. Current mode routing method: standardizer. This value comes from Isolation_Source_SD in the QA aggregate, not directly from the raw metadata field; inspect contributing raw variants before deciding."
femur_chicken1_4,1,femur_chicken1_4,,raw_code_or_artifact,route_to_non_source_descriptor,suppressed/non_source_descriptor,,,needs_review,Descriptor-like signal; verify raw variants before adding a suppression rule.,unreviewed,,,,"Batch 1 - metadata descriptors. Current mode routing method: standardizer. This value comes from Isolation_Source_SD in the QA aggregate, not directly from the raw metadata field; inspect contributing raw variants before deciding."
femur_chicken1_5,1,femur_chicken1_5,,raw_code_or_artifact,route_to_non_source_descriptor,suppressed/non_source_descriptor,,,needs_review,Descriptor-like signal; verify raw variants before adding a suppression rule.,unreviewed,,,,"Batch 1 - metadata descriptors. Current mode routing method: standardizer. This value comes from Isolation_Source_SD in the QA aggregate, not directly from the raw metadata field; inspect contributing raw variants before deciding."
femur_chicken2,1,femur_chicken2,,raw_code_or_artifact,route_to_non_source_descriptor,suppressed/non_source_descriptor,,,needs_review,Descriptor-like signal; verify raw variants before adding a suppression rule.,unreviewed,,,,"Batch 1 - metadata descriptors. Current mode routing method: standardizer. This value comes from Isolation_Source_SD in the QA aggregate, not directly from the raw metadata field; inspect contributing raw variants before deciding."
femur_chicken2_4,1,femur_chicken2_4,,raw_code_or_artifact,route_to_non_source_descriptor,suppressed/non_source_descriptor,,,needs_review,Descriptor-like signal; verify raw variants before adding a suppression rule.,unreviewed,,,,"Batch 1 - metadata descriptors. Current mode routing method: standardizer. This value comes from Isolation_Source_SD in the QA aggregate, not directly from the raw metadata field; inspect contributing raw variants before deciding."
femur_chicken2_5,1,femur_chicken2_5,,raw_code_or_artifact,route_to_non_source_descriptor,suppressed/non_source_descriptor,,,needs_review,Descriptor-like signal; verify raw variants before adding a suppression rule.,unreviewed,,,,"Batch 1 - metadata descriptors. Current mode routing method: standardizer. This value comes from Isolation_Source_SD in the QA aggregate, not directly from the raw metadata field; inspect contributing raw variants before deciding."
femur_chicken3_1,1,femur_chicken3_1,,raw_code_or_artifact,route_to_non_source_descriptor,suppressed/non_source_descriptor,,,needs_review,Descriptor-like signal; verify raw variants before adding a suppression rule.,unreviewed,,,,"Batch 1 - metadata descriptors. Current mode routing method: standardizer. This value comes from Isolation_Source_SD in the QA aggregate, not directly from the raw metadata field; inspect contributing raw variants before deciding."
femur_chicken3_2,1,femur_chicken3_2,,raw_code_or_artifact,route_to_non_source_descriptor,suppressed/non_source_descriptor,,,needs_review,Descriptor-like signal; verify raw variants before adding a suppression rule.,unreviewed,,,,"Batch 1 - metadata descriptors. Current mode routing method: standardizer. This value comes from Isolation_Source_SD in the QA aggregate, not directly from the raw metadata field; inspect contributing raw variants before deciding."
femur_chicken3_3,1,femur_chicken3_3,,raw_code_or_artifact,route_to_non_source_descriptor,suppressed/non_source_descriptor,,,needs_review,Descriptor-like signal; verify raw variants before adding a suppression rule.,unreviewed,,,,"Batch 1 - metadata descriptors. Current mode routing method: standardizer. This value comes from Isolation_Source_SD in the QA aggregate, not directly from the raw metadata field; inspect contributing raw variants before deciding."
femur_chicken3_4,1,femur_chicken3_4,,raw_code_or_artifact,route_to_non_source_descriptor,suppressed/non_source_descriptor,,,needs_review,Descriptor-like signal; verify raw variants before adding a suppression rule.,unreviewed,,,,"Batch 1 - metadata descriptors. Current mode routing method: standardizer. This value comes from Isolation_Source_SD in the QA aggregate, not directly from the raw metadata field; inspect contributing raw variants before deciding."
femur_chicken3_5,1,femur_chicken3_5,,raw_code_or_artifact,route_to_non_source_descriptor,suppressed/non_source_descriptor,,,needs_review,Descriptor-like signal; verify raw variants before adding a suppression rule.,unreviewed,,,,"Batch 1 - metadata descriptors. Current mode routing method: standardizer. This value comes from Isolation_Source_SD in the QA aggregate, not directly from the raw metadata field; inspect contributing raw variants before deciding."
femur_chicken4,1,femur_chicken4,,raw_code_or_artifact,route_to_non_source_descriptor,suppressed/non_source_descriptor,,,needs_review,Descriptor-like signal; verify raw variants before adding a suppression rule.,unreviewed,,,,"Batch 1 - metadata descriptors. Current mode routing method: standardizer. This value comes from Isolation_Source_SD in the QA aggregate, not directly from the raw metadata field; inspect contributing raw variants before deciding."
femur_chicken4_1,1,femur_chicken4_1,,raw_code_or_artifact,route_to_non_source_descriptor,suppressed/non_source_descriptor,,,needs_review,Descriptor-like signal; verify raw variants before adding a suppression rule.,unreviewed,,,,"Batch 1 - metadata descriptors. Current mode routing method: standardizer. This value comes from Isolation_Source_SD in the QA aggregate, not directly from the raw metadata field; inspect contributing raw variants before deciding."
femur_chicken4_2,1,femur_chicken4_2,,raw_code_or_artifact,route_to_non_source_descriptor,suppressed/non_source_descriptor,,,needs_review,Descriptor-like signal; verify raw variants before adding a suppression rule.,unreviewed,,,,"Batch 1 - metadata descriptors. Current mode routing method: standardizer. This value comes from Isolation_Source_SD in the QA aggregate, not directly from the raw metadata field; inspect contributing raw variants before deciding."
femur_chicken5,1,femur_chicken5,,raw_code_or_artifact,route_to_non_source_descriptor,suppressed/non_source_descriptor,,,needs_review,Descriptor-like signal; verify raw variants before adding a suppression rule.,unreviewed,,,,"Batch 1 - metadata descriptors. Current mode routing method: standardizer. This value comes from Isolation_Source_SD in the QA aggregate, not directly from the raw metadata field; inspect contributing raw variants before deciding."
femur_chicken5_1,1,femur_chicken5_1,,raw_code_or_artifact,route_to_non_source_descriptor,suppressed/non_source_descriptor,,,needs_review,Descriptor-like signal; verify raw variants before adding a suppression rule.,unreviewed,,,,"Batch 1 - metadata descriptors. Current mode routing method: standardizer. This value comes from Isolation_Source_SD in the QA aggregate, not directly from the raw metadata field; inspect contributing raw variants before deciding."
femur_chicken5_2,1,femur_chicken5_2,,raw_code_or_artifact,route_to_non_source_descriptor,suppressed/non_source_descriptor,,,needs_review,Descriptor-like signal; verify raw variants before adding a suppression rule.,unreviewed,,,,"Batch 1 - metadata descriptors. Current mode routing method: standardizer. This value comes from Isolation_Source_SD in the QA aggregate, not directly from the raw metadata field; inspect contributing raw variants before deciding."
femur_chicken5_3,1,femur_chicken5_3,,raw_code_or_artifact,route_to_non_source_descriptor,suppressed/non_source_descriptor,,,needs_review,Descriptor-like signal; verify raw variants before adding a suppression rule.,unreviewed,,,,"Batch 1 - metadata descriptors. Current mode routing method: standardizer. This value comes from Isolation_Source_SD in the QA aggregate, not directly from the raw metadata field; inspect contributing raw variants before deciding."
femur_chicken5_4,1,femur_chicken5_4,,raw_code_or_artifact,route_to_non_source_descriptor,suppressed/non_source_descriptor,,,needs_review,Descriptor-like signal; verify raw variants before adding a suppression rule.,unreviewed,,,,"Batch 1 - metadata descriptors. Current mode routing method: standardizer. This value comes from Isolation_Source_SD in the QA aggregate, not directly from the raw metadata field; inspect contributing raw variants before deciding."
femur_chicken5_5,1,femur_chicken5_5,,raw_code_or_artifact,route_to_non_source_descriptor,suppressed/non_source_descriptor,,,needs_review,Descriptor-like signal; verify raw variants before adding a suppression rule.,unreviewed,,,,"Batch 1 - metadata descriptors. Current mode routing method: standardizer. This value comes from Isolation_Source_SD in the QA aggregate, not directly from the raw metadata field; inspect contributing raw variants before deciding."
finished product tissue,1,finished product tissue,tissue,sample_type,route_to_sample_type,Sample_Type_SD,,,needs_review,Sample-material signal; preserve source context only when independently supported.,unreviewed,,,,"Batch 2 - sample materials. Current mode routing method: standardizer. This value comes from Isolation_Source_SD in the QA aggregate, not directly from the raw metadata field; inspect contributing raw variants before deciding."
FL110,1,FL110,,raw_code_or_artifact,route_to_non_source_descriptor,suppressed/non_source_descriptor,,,needs_review,Descriptor-like signal; verify raw variants before adding a suppression rule.,unreviewed,,,,"Batch 1 - metadata descriptors. Current mode routing method: standardizer. This value comes from Isolation_Source_SD in the QA aggregate, not directly from the raw metadata field; inspect contributing raw variants before deciding."
FL112,1,FL112,,raw_code_or_artifact,route_to_non_source_descriptor,suppressed/non_source_descriptor,,,needs_review,Descriptor-like signal; verify raw variants before adding a suppression rule.,unreviewed,,,,"Batch 1 - metadata descriptors. Current mode routing method: standardizer. This value comes from Isolation_Source_SD in the QA aggregate, not directly from the raw metadata field; inspect contributing raw variants before deciding."
FL115,1,FL115,,raw_code_or_artifact,route_to_non_source_descriptor,suppressed/non_source_descriptor,,,needs_review,Descriptor-like signal; verify raw variants before adding a suppression rule.,unreviewed,,,,"Batch 1 - metadata descriptors. Current mode routing method: standardizer. This value comes from Isolation_Source_SD in the QA aggregate, not directly from the raw metadata field; inspect contributing raw variants before deciding."
FL122,1,FL122,,raw_code_or_artifact,route_to_non_source_descriptor,suppressed/non_source_descriptor,,,needs_review,Descriptor-like signal; verify raw variants before adding a suppression rule.,unreviewed,,,,"Batch 1 - metadata descriptors. Current mode routing method: standardizer. This value comes from Isolation_Source_SD in the QA aggregate, not directly from the raw metadata field; inspect contributing raw variants before deciding."
FL124,1,FL124,,raw_code_or_artifact,route_to_non_source_descriptor,suppressed/non_source_descriptor,,,needs_review,Descriptor-like signal; verify raw variants before adding a suppression rule.,unreviewed,,,,"Batch 1 - metadata descriptors. Current mode routing method: standardizer. This value comes from Isolation_Source_SD in the QA aggregate, not directly from the raw metadata field; inspect contributing raw variants before deciding."
FL126,1,FL126,,raw_code_or_artifact,route_to_non_source_descriptor,suppressed/non_source_descriptor,,,needs_review,Descriptor-like signal; verify raw variants before adding a suppression rule.,unreviewed,,,,"Batch 1 - metadata descriptors. Current mode routing method: standardizer. This value comes from Isolation_Source_SD in the QA aggregate, not directly from the raw metadata field; inspect contributing raw variants before deciding."
FL128,1,FL128,,raw_code_or_artifact,route_to_non_source_descriptor,suppressed/non_source_descriptor,,,needs_review,Descriptor-like signal; verify raw variants before adding a suppression rule.,unreviewed,,,,"Batch 1 - metadata descriptors. Current mode routing method: standardizer. This value comes from Isolation_Source_SD in the QA aggregate, not directly from the raw metadata field; inspect contributing raw variants before deciding."
FL132,1,FL132,,raw_code_or_artifact,route_to_non_source_descriptor,suppressed/non_source_descriptor,,,needs_review,Descriptor-like signal; verify raw variants before adding a suppression rule.,unreviewed,,,,"Batch 1 - metadata descriptors. Current mode routing method: standardizer. This value comes from Isolation_Source_SD in the QA aggregate, not directly from the raw metadata field; inspect contributing raw variants before deciding."
FL135,1,FL135,,raw_code_or_artifact,route_to_non_source_descriptor,suppressed/non_source_descriptor,,,needs_review,Descriptor-like signal; verify raw variants before adding a suppression rule.,unreviewed,,,,"Batch 1 - metadata descriptors. Current mode routing method: standardizer. This value comes from Isolation_Source_SD in the QA aggregate, not directly from the raw metadata field; inspect contributing raw variants before deciding."
FL172,1,FL172,,raw_code_or_artifact,route_to_non_source_descriptor,suppressed/non_source_descriptor,,,needs_review,Descriptor-like signal; verify raw variants before adding a suppression rule.,unreviewed,,,,"Batch 1 - metadata descriptors. Current mode routing method: standardizer. This value comes from Isolation_Source_SD in the QA aggregate, not directly from the raw metadata field; inspect contributing raw variants before deciding."
FL173,1,FL173,,raw_code_or_artifact,route_to_non_source_descriptor,suppressed/non_source_descriptor,,,needs_review,Descriptor-like signal; verify raw variants before adding a suppression rule.,unreviewed,,,,"Batch 1 - metadata descriptors. Current mode routing method: standardizer. This value comes from Isolation_Source_SD in the QA aggregate, not directly from the raw metadata field; inspect contributing raw variants before deciding."
FL174,1,FL174,,raw_code_or_artifact,route_to_non_source_descriptor,suppressed/non_source_descriptor,,,needs_review,Descriptor-like signal; verify raw variants before adding a suppression rule.,unreviewed,,,,"Batch 1 - metadata descriptors. Current mode routing method: standardizer. This value comes from Isolation_Source_SD in the QA aggregate, not directly from the raw metadata field; inspect contributing raw variants before deciding."
FL176,1,FL176,,raw_code_or_artifact,route_to_non_source_descriptor,suppressed/non_source_descriptor,,,needs_review,Descriptor-like signal; verify raw variants before adding a suppression rule.,unreviewed,,,,"Batch 1 - metadata descriptors. Current mode routing method: standardizer. This value comes from Isolation_Source_SD in the QA aggregate, not directly from the raw metadata field; inspect contributing raw variants before deciding."
FL180,1,FL180,,raw_code_or_artifact,route_to_non_source_descriptor,suppressed/non_source_descriptor,,,needs_review,Descriptor-like signal; verify raw variants before adding a suppression rule.,unreviewed,,,,"Batch 1 - metadata descriptors. Current mode routing method: standardizer. This value comes from Isolation_Source_SD in the QA aggregate, not directly from the raw metadata field; inspect contributing raw variants before deciding."
FL242,1,FL242,,raw_code_or_artifact,route_to_non_source_descriptor,suppressed/non_source_descriptor,,,needs_review,Descriptor-like signal; verify raw variants before adding a suppression rule.,unreviewed,,,,"Batch 1 - metadata descriptors. Current mode routing method: standardizer. This value comes from Isolation_Source_SD in the QA aggregate, not directly from the raw metadata field; inspect contributing raw variants before deciding."
FL243,1,FL243,,raw_code_or_artifact,route_to_non_source_descriptor,suppressed/non_source_descriptor,,,needs_review,Descriptor-like signal; verify raw variants before adding a suppression rule.,unreviewed,,,,"Batch 1 - metadata descriptors. Current mode routing method: standardizer. This value comes from Isolation_Source_SD in the QA aggregate, not directly from the raw metadata field; inspect contributing raw variants before deciding."
FL246,1,FL246,,raw_code_or_artifact,route_to_non_source_descriptor,suppressed/non_source_descriptor,,,needs_review,Descriptor-like signal; verify raw variants before adding a suppression rule.,unreviewed,,,,"Batch 1 - metadata descriptors. Current mode routing method: standardizer. This value comes from Isolation_Source_SD in the QA aggregate, not directly from the raw metadata field; inspect contributing raw variants before deciding."
FL247,1,FL247,,raw_code_or_artifact,route_to_non_source_descriptor,suppressed/non_source_descriptor,,,needs_review,Descriptor-like signal; verify raw variants before adding a suppression rule.,unreviewed,,,,"Batch 1 - metadata descriptors. Current mode routing method: standardizer. This value comes from Isolation_Source_SD in the QA aggregate, not directly from the raw metadata field; inspect contributing raw variants before deciding."
FL250,1,FL250,,raw_code_or_artifact,route_to_non_source_descriptor,suppressed/non_source_descriptor,,,needs_review,Descriptor-like signal; verify raw variants before adding a suppression rule.,unreviewed,,,,"Batch 1 - metadata descriptors. Current mode routing method: standardizer. This value comes from Isolation_Source_SD in the QA aggregate, not directly from the raw metadata field; inspect contributing raw variants before deciding."
FL257,1,FL257,,raw_code_or_artifact,route_to_non_source_descriptor,suppressed/non_source_descriptor,,,needs_review,Descriptor-like signal; verify raw variants before adding a suppression rule.,unreviewed,,,,"Batch 1 - metadata descriptors. Current mode routing method: standardizer. This value comes from Isolation_Source_SD in the QA aggregate, not directly from the raw metadata field; inspect contributing raw variants before deciding."
FL258,1,FL258,,raw_code_or_artifact,route_to_non_source_descriptor,suppressed/non_source_descriptor,,,needs_review,Descriptor-like signal; verify raw variants before adding a suppression rule.,unreviewed,,,,"Batch 1 - metadata descriptors. Current mode routing method: standardizer. This value comes from Isolation_Source_SD in the QA aggregate, not directly from the raw metadata field; inspect contributing raw variants before deciding."
FL259,1,FL259,,raw_code_or_artifact,route_to_non_source_descriptor,suppressed/non_source_descriptor,,,needs_review,Descriptor-like signal; verify raw variants before adding a suppression rule.,unreviewed,,,,"Batch 1 - metadata descriptors. Current mode routing method: standardizer. This value comes from Isolation_Source_SD in the QA aggregate, not directly from the raw metadata field; inspect contributing raw variants before deciding."
FL260,1,FL260,,raw_code_or_artifact,route_to_non_source_descriptor,suppressed/non_source_descriptor,,,needs_review,Descriptor-like signal; verify raw variants before adding a suppression rule.,unreviewed,,,,"Batch 1 - metadata descriptors. Current mode routing method: standardizer. This value comes from Isolation_Source_SD in the QA aggregate, not directly from the raw metadata field; inspect contributing raw variants before deciding."
FL262,1,FL262,,raw_code_or_artifact,route_to_non_source_descriptor,suppressed/non_source_descriptor,,,needs_review,Descriptor-like signal; verify raw variants before adding a suppression rule.,unreviewed,,,,"Batch 1 - metadata descriptors. Current mode routing method: standardizer. This value comes from Isolation_Source_SD in the QA aggregate, not directly from the raw metadata field; inspect contributing raw variants before deciding."
FL268,1,FL268,,raw_code_or_artifact,route_to_non_source_descriptor,suppressed/non_source_descriptor,,,needs_review,Descriptor-like signal; verify raw variants before adding a suppression rule.,unreviewed,,,,"Batch 1 - metadata descriptors. Current mode routing method: standardizer. This value comes from Isolation_Source_SD in the QA aggregate, not directly from the raw metadata field; inspect contributing raw variants before deciding."
FL274,1,FL274,,raw_code_or_artifact,route_to_non_source_descriptor,suppressed/non_source_descriptor,,,needs_review,Descriptor-like signal; verify raw variants before adding a suppression rule.,unreviewed,,,,"Batch 1 - metadata descriptors. Current mode routing method: standardizer. This value comes from Isolation_Source_SD in the QA aggregate, not directly from the raw metadata field; inspect contributing raw variants before deciding."
FL280,1,FL280,,raw_code_or_artifact,route_to_non_source_descriptor,suppressed/non_source_descriptor,,,needs_review,Descriptor-like signal; verify raw variants before adding a suppression rule.,unreviewed,,,,"Batch 1 - metadata descriptors. Current mode routing method: standardizer. This value comes from Isolation_Source_SD in the QA aggregate, not directly from the raw metadata field; inspect contributing raw variants before deciding."
FL282,1,FL282,,raw_code_or_artifact,route_to_non_source_descriptor,suppressed/non_source_descriptor,,,needs_review,Descriptor-like signal; verify raw variants before adding a suppression rule.,unreviewed,,,,"Batch 1 - metadata descriptors. Current mode routing method: standardizer. This value comes from Isolation_Source_SD in the QA aggregate, not directly from the raw metadata field; inspect contributing raw variants before deciding."
FL285,1,FL285,,raw_code_or_artifact,route_to_non_source_descriptor,suppressed/non_source_descriptor,,,needs_review,Descriptor-like signal; verify raw variants before adding a suppression rule.,unreviewed,,,,"Batch 1 - metadata descriptors. Current mode routing method: standardizer. This value comes from Isolation_Source_SD in the QA aggregate, not directly from the raw metadata field; inspect contributing raw variants before deciding."
FL286,1,FL286,,raw_code_or_artifact,route_to_non_source_descriptor,suppressed/non_source_descriptor,,,needs_review,Descriptor-like signal; verify raw variants before adding a suppression rule.,unreviewed,,,,"Batch 1 - metadata descriptors. Current mode routing method: standardizer. This value comes from Isolation_Source_SD in the QA aggregate, not directly from the raw metadata field; inspect contributing raw variants before deciding."
FL288,1,FL288,,raw_code_or_artifact,route_to_non_source_descriptor,suppressed/non_source_descriptor,,,needs_review,Descriptor-like signal; verify raw variants before adding a suppression rule.,unreviewed,,,,"Batch 1 - metadata descriptors. Current mode routing method: standardizer. This value comes from Isolation_Source_SD in the QA aggregate, not directly from the raw metadata field; inspect contributing raw variants before deciding."
FL294,1,FL294,,raw_code_or_artifact,route_to_non_source_descriptor,suppressed/non_source_descriptor,,,needs_review,Descriptor-like signal; verify raw variants before adding a suppression rule.,unreviewed,,,,"Batch 1 - metadata descriptors. Current mode routing method: standardizer. This value comes from Isolation_Source_SD in the QA aggregate, not directly from the raw metadata field; inspect contributing raw variants before deciding."
FL295,1,FL295,,raw_code_or_artifact,route_to_non_source_descriptor,suppressed/non_source_descriptor,,,needs_review,Descriptor-like signal; verify raw variants before adding a suppression rule.,unreviewed,,,,"Batch 1 - metadata descriptors. Current mode routing method: standardizer. This value comes from Isolation_Source_SD in the QA aggregate, not directly from the raw metadata field; inspect contributing raw variants before deciding."
FL296,1,FL296,,raw_code_or_artifact,route_to_non_source_descriptor,suppressed/non_source_descriptor,,,needs_review,Descriptor-like signal; verify raw variants before adding a suppression rule.,unreviewed,,,,"Batch 1 - metadata descriptors. Current mode routing method: standardizer. This value comes from Isolation_Source_SD in the QA aggregate, not directly from the raw metadata field; inspect contributing raw variants before deciding."
FL297,1,FL297,,raw_code_or_artifact,route_to_non_source_descriptor,suppressed/non_source_descriptor,,,needs_review,Descriptor-like signal; verify raw variants before adding a suppression rule.,unreviewed,,,,"Batch 1 - metadata descriptors. Current mode routing method: standardizer. This value comes from Isolation_Source_SD in the QA aggregate, not directly from the raw metadata field; inspect contributing raw variants before deciding."
FL298,1,FL298,,raw_code_or_artifact,route_to_non_source_descriptor,suppressed/non_source_descriptor,,,needs_review,Descriptor-like signal; verify raw variants before adding a suppression rule.,unreviewed,,,,"Batch 1 - metadata descriptors. Current mode routing method: standardizer. This value comes from Isolation_Source_SD in the QA aggregate, not directly from the raw metadata field; inspect contributing raw variants before deciding."
FL300,1,FL300,,raw_code_or_artifact,route_to_non_source_descriptor,suppressed/non_source_descriptor,,,needs_review,Descriptor-like signal; verify raw variants before adding a suppression rule.,unreviewed,,,,"Batch 1 - metadata descriptors. Current mode routing method: standardizer. This value comes from Isolation_Source_SD in the QA aggregate, not directly from the raw metadata field; inspect contributing raw variants before deciding."
FL338,1,FL338,,raw_code_or_artifact,route_to_non_source_descriptor,suppressed/non_source_descriptor,,,needs_review,Descriptor-like signal; verify raw variants before adding a suppression rule.,unreviewed,,,,"Batch 1 - metadata descriptors. Current mode routing method: standardizer. This value comes from Isolation_Source_SD in the QA aggregate, not directly from the raw metadata field; inspect contributing raw variants before deciding."
FL344,1,FL344,,raw_code_or_artifact,route_to_non_source_descriptor,suppressed/non_source_descriptor,,,needs_review,Descriptor-like signal; verify raw variants before adding a suppression rule.,unreviewed,,,,"Batch 1 - metadata descriptors. Current mode routing method: standardizer. This value comes from Isolation_Source_SD in the QA aggregate, not directly from the raw metadata field; inspect contributing raw variants before deciding."
FL346,1,FL346,,raw_code_or_artifact,route_to_non_source_descriptor,suppressed/non_source_descriptor,,,needs_review,Descriptor-like signal; verify raw variants before adding a suppression rule.,unreviewed,,,,"Batch 1 - metadata descriptors. Current mode routing method: standardizer. This value comes from Isolation_Source_SD in the QA aggregate, not directly from the raw metadata field; inspect contributing raw variants before deciding."
FL347,1,FL347,,raw_code_or_artifact,route_to_non_source_descriptor,suppressed/non_source_descriptor,,,needs_review,Descriptor-like signal; verify raw variants before adding a suppression rule.,unreviewed,,,,"Batch 1 - metadata descriptors. Current mode routing method: standardizer. This value comes from Isolation_Source_SD in the QA aggregate, not directly from the raw metadata field; inspect contributing raw variants before deciding."
FL376,1,FL376,,raw_code_or_artifact,route_to_non_source_descriptor,suppressed/non_source_descriptor,,,needs_review,Descriptor-like signal; verify raw variants before adding a suppression rule.,unreviewed,,,,"Batch 1 - metadata descriptors. Current mode routing method: standardizer. This value comes from Isolation_Source_SD in the QA aggregate, not directly from the raw metadata field; inspect contributing raw variants before deciding."
FL499,1,FL499,,raw_code_or_artifact,route_to_non_source_descriptor,suppressed/non_source_descriptor,,,needs_review,Descriptor-like signal; verify raw variants before adding a suppression rule.,unreviewed,,,,"Batch 1 - metadata descriptors. Current mode routing method: standardizer. This value comes from Isolation_Source_SD in the QA aggregate, not directly from the raw metadata field; inspect contributing raw variants before deciding."
FL500,1,FL500,,raw_code_or_artifact,route_to_non_source_descriptor,suppressed/non_source_descriptor,,,needs_review,Descriptor-like signal; verify raw variants before adding a suppression rule.,unreviewed,,,,"Batch 1 - metadata descriptors. Current mode routing method: standardizer. This value comes from Isolation_Source_SD in the QA aggregate, not directly from the raw metadata field; inspect contributing raw variants before deciding."
FL501,1,FL501,,raw_code_or_artifact,route_to_non_source_descriptor,suppressed/non_source_descriptor,,,needs_review,Descriptor-like signal; verify raw variants before adding a suppression rule.,unreviewed,,,,"Batch 1 - metadata descriptors. Current mode routing method: standardizer. This value comes from Isolation_Source_SD in the QA aggregate, not directly from the raw metadata field; inspect contributing raw variants before deciding."
FL502,1,FL502,,raw_code_or_artifact,route_to_non_source_descriptor,suppressed/non_source_descriptor,,,needs_review,Descriptor-like signal; verify raw variants before adding a suppression rule.,unreviewed,,,,"Batch 1 - metadata descriptors. Current mode routing method: standardizer. This value comes from Isolation_Source_SD in the QA aggregate, not directly from the raw metadata field; inspect contributing raw variants before deciding."
FL503,1,FL503,,raw_code_or_artifact,route_to_non_source_descriptor,suppressed/non_source_descriptor,,,needs_review,Descriptor-like signal; verify raw variants before adding a suppression rule.,unreviewed,,,,"Batch 1 - metadata descriptors. Current mode routing method: standardizer. This value comes from Isolation_Source_SD in the QA aggregate, not directly from the raw metadata field; inspect contributing raw variants before deciding."
FL504,1,FL504,,raw_code_or_artifact,route_to_non_source_descriptor,suppressed/non_source_descriptor,,,needs_review,Descriptor-like signal; verify raw variants before adding a suppression rule.,unreviewed,,,,"Batch 1 - metadata descriptors. Current mode routing method: standardizer. This value comes from Isolation_Source_SD in the QA aggregate, not directly from the raw metadata field; inspect contributing raw variants before deciding."
FL506,1,FL506,,raw_code_or_artifact,route_to_non_source_descriptor,suppressed/non_source_descriptor,,,needs_review,Descriptor-like signal; verify raw variants before adding a suppression rule.,unreviewed,,,,"Batch 1 - metadata descriptors. Current mode routing method: standardizer. This value comes from Isolation_Source_SD in the QA aggregate, not directly from the raw metadata field; inspect contributing raw variants before deciding."
FL507,1,FL507,,raw_code_or_artifact,route_to_non_source_descriptor,suppressed/non_source_descriptor,,,needs_review,Descriptor-like signal; verify raw variants before adding a suppression rule.,unreviewed,,,,"Batch 1 - metadata descriptors. Current mode routing method: standardizer. This value comes from Isolation_Source_SD in the QA aggregate, not directly from the raw metadata field; inspect contributing raw variants before deciding."
FL508,1,FL508,,raw_code_or_artifact,route_to_non_source_descriptor,suppressed/non_source_descriptor,,,needs_review,Descriptor-like signal; verify raw variants before adding a suppression rule.,unreviewed,,,,"Batch 1 - metadata descriptors. Current mode routing method: standardizer. This value comes from Isolation_Source_SD in the QA aggregate, not directly from the raw metadata field; inspect contributing raw variants before deciding."
FL515,1,FL515,,raw_code_or_artifact,route_to_non_source_descriptor,suppressed/non_source_descriptor,,,needs_review,Descriptor-like signal; verify raw variants before adding a suppression rule.,unreviewed,,,,"Batch 1 - metadata descriptors. Current mode routing method: standardizer. This value comes from Isolation_Source_SD in the QA aggregate, not directly from the raw metadata field; inspect contributing raw variants before deciding."
FL516,1,FL516,,raw_code_or_artifact,route_to_non_source_descriptor,suppressed/non_source_descriptor,,,needs_review,Descriptor-like signal; verify raw variants before adding a suppression rule.,unreviewed,,,,"Batch 1 - metadata descriptors. Current mode routing method: standardizer. This value comes from Isolation_Source_SD in the QA aggregate, not directly from the raw metadata field; inspect contributing raw variants before deciding."
FL517,1,FL517,,raw_code_or_artifact,route_to_non_source_descriptor,suppressed/non_source_descriptor,,,needs_review,Descriptor-like signal; verify raw variants before adding a suppression rule.,unreviewed,,,,"Batch 1 - metadata descriptors. Current mode routing method: standardizer. This value comes from Isolation_Source_SD in the QA aggregate, not directly from the raw metadata field; inspect contributing raw variants before deciding."
FL524,1,FL524,,raw_code_or_artifact,route_to_non_source_descriptor,suppressed/non_source_descriptor,,,needs_review,Descriptor-like signal; verify raw variants before adding a suppression rule.,unreviewed,,,,"Batch 1 - metadata descriptors. Current mode routing method: standardizer. This value comes from Isolation_Source_SD in the QA aggregate, not directly from the raw metadata field; inspect contributing raw variants before deciding."
FL525,1,FL525,,raw_code_or_artifact,route_to_non_source_descriptor,suppressed/non_source_descriptor,,,needs_review,Descriptor-like signal; verify raw variants before adding a suppression rule.,unreviewed,,,,"Batch 1 - metadata descriptors. Current mode routing method: standardizer. This value comes from Isolation_Source_SD in the QA aggregate, not directly from the raw metadata field; inspect contributing raw variants before deciding."
FL541,1,FL541,,raw_code_or_artifact,route_to_non_source_descriptor,suppressed/non_source_descriptor,,,needs_review,Descriptor-like signal; verify raw variants before adding a suppression rule.,unreviewed,,,,"Batch 1 - metadata descriptors. Current mode routing method: standardizer. This value comes from Isolation_Source_SD in the QA aggregate, not directly from the raw metadata field; inspect contributing raw variants before deciding."
FL543,1,FL543,,raw_code_or_artifact,route_to_non_source_descriptor,suppressed/non_source_descriptor,,,needs_review,Descriptor-like signal; verify raw variants before adding a suppression rule.,unreviewed,,,,"Batch 1 - metadata descriptors. Current mode routing method: standardizer. This value comes from Isolation_Source_SD in the QA aggregate, not directly from the raw metadata field; inspect contributing raw variants before deciding."
FL550,1,FL550,,raw_code_or_artifact,route_to_non_source_descriptor,suppressed/non_source_descriptor,,,needs_review,Descriptor-like signal; verify raw variants before adding a suppression rule.,unreviewed,,,,"Batch 1 - metadata descriptors. Current mode routing method: standardizer. This value comes from Isolation_Source_SD in the QA aggregate, not directly from the raw metadata field; inspect contributing raw variants before deciding."
FL561,1,FL561,,raw_code_or_artifact,route_to_non_source_descriptor,suppressed/non_source_descriptor,,,needs_review,Descriptor-like signal; verify raw variants before adding a suppression rule.,unreviewed,,,,"Batch 1 - metadata descriptors. Current mode routing method: standardizer. This value comes from Isolation_Source_SD in the QA aggregate, not directly from the raw metadata field; inspect contributing raw variants before deciding."
FL566,1,FL566,,raw_code_or_artifact,route_to_non_source_descriptor,suppressed/non_source_descriptor,,,needs_review,Descriptor-like signal; verify raw variants before adding a suppression rule.,unreviewed,,,,"Batch 1 - metadata descriptors. Current mode routing method: standardizer. This value comes from Isolation_Source_SD in the QA aggregate, not directly from the raw metadata field; inspect contributing raw variants before deciding."
FL568,1,FL568,,raw_code_or_artifact,route_to_non_source_descriptor,suppressed/non_source_descriptor,,,needs_review,Descriptor-like signal; verify raw variants before adding a suppression rule.,unreviewed,,,,"Batch 1 - metadata descriptors. Current mode routing method: standardizer. This value comes from Isolation_Source_SD in the QA aggregate, not directly from the raw metadata field; inspect contributing raw variants before deciding."
FL570,1,FL570,,raw_code_or_artifact,route_to_non_source_descriptor,suppressed/non_source_descriptor,,,needs_review,Descriptor-like signal; verify raw variants before adding a suppression rule.,unreviewed,,,,"Batch 1 - metadata descriptors. Current mode routing method: standardizer. This value comes from Isolation_Source_SD in the QA aggregate, not directly from the raw metadata field; inspect contributing raw variants before deciding."
FL572,1,FL572,,raw_code_or_artifact,route_to_non_source_descriptor,suppressed/non_source_descriptor,,,needs_review,Descriptor-like signal; verify raw variants before adding a suppression rule.,unreviewed,,,,"Batch 1 - metadata descriptors. Current mode routing method: standardizer. This value comes from Isolation_Source_SD in the QA aggregate, not directly from the raw metadata field; inspect contributing raw variants before deciding."
FL573,1,FL573,,raw_code_or_artifact,route_to_non_source_descriptor,suppressed/non_source_descriptor,,,needs_review,Descriptor-like signal; verify raw variants before adding a suppression rule.,unreviewed,,,,"Batch 1 - metadata descriptors. Current mode routing method: standardizer. This value comes from Isolation_Source_SD in the QA aggregate, not directly from the raw metadata field; inspect contributing raw variants before deciding."
FL574,1,FL574,,raw_code_or_artifact,route_to_non_source_descriptor,suppressed/non_source_descriptor,,,needs_review,Descriptor-like signal; verify raw variants before adding a suppression rule.,unreviewed,,,,"Batch 1 - metadata descriptors. Current mode routing method: standardizer. This value comes from Isolation_Source_SD in the QA aggregate, not directly from the raw metadata field; inspect contributing raw variants before deciding."
FL575,1,FL575,,raw_code_or_artifact,route_to_non_source_descriptor,suppressed/non_source_descriptor,,,needs_review,Descriptor-like signal; verify raw variants before adding a suppression rule.,unreviewed,,,,"Batch 1 - metadata descriptors. Current mode routing method: standardizer. This value comes from Isolation_Source_SD in the QA aggregate, not directly from the raw metadata field; inspect contributing raw variants before deciding."
FL577,1,FL577,,raw_code_or_artifact,route_to_non_source_descriptor,suppressed/non_source_descriptor,,,needs_review,Descriptor-like signal; verify raw variants before adding a suppression rule.,unreviewed,,,,"Batch 1 - metadata descriptors. Current mode routing method: standardizer. This value comes from Isolation_Source_SD in the QA aggregate, not directly from the raw metadata field; inspect contributing raw variants before deciding."
FL581,1,FL581,,raw_code_or_artifact,route_to_non_source_descriptor,suppressed/non_source_descriptor,,,needs_review,Descriptor-like signal; verify raw variants before adding a suppression rule.,unreviewed,,,,"Batch 1 - metadata descriptors. Current mode routing method: standardizer. This value comes from Isolation_Source_SD in the QA aggregate, not directly from the raw metadata field; inspect contributing raw variants before deciding."
FL582,1,FL582,,raw_code_or_artifact,route_to_non_source_descriptor,suppressed/non_source_descriptor,,,needs_review,Descriptor-like signal; verify raw variants before adding a suppression rule.,unreviewed,,,,"Batch 1 - metadata descriptors. Current mode routing method: standardizer. This value comes from Isolation_Source_SD in the QA aggregate, not directly from the raw metadata field; inspect contributing raw variants before deciding."
FL621,1,FL621,,raw_code_or_artifact,route_to_non_source_descriptor,suppressed/non_source_descriptor,,,needs_review,Descriptor-like signal; verify raw variants before adding a suppression rule.,unreviewed,,,,"Batch 1 - metadata descriptors. Current mode routing method: standardizer. This value comes from Isolation_Source_SD in the QA aggregate, not directly from the raw metadata field; inspect contributing raw variants before deciding."
FL622,1,FL622,,raw_code_or_artifact,route_to_non_source_descriptor,suppressed/non_source_descriptor,,,needs_review,Descriptor-like signal; verify raw variants before adding a suppression rule.,unreviewed,,,,"Batch 1 - metadata descriptors. Current mode routing method: standardizer. This value comes from Isolation_Source_SD in the QA aggregate, not directly from the raw metadata field; inspect contributing raw variants before deciding."
FL626,1,FL626,,raw_code_or_artifact,route_to_non_source_descriptor,suppressed/non_source_descriptor,,,needs_review,Descriptor-like signal; verify raw variants before adding a suppression rule.,unreviewed,,,,"Batch 1 - metadata descriptors. Current mode routing method: standardizer. This value comes from Isolation_Source_SD in the QA aggregate, not directly from the raw metadata field; inspect contributing raw variants before deciding."
FL627,1,FL627,,raw_code_or_artifact,route_to_non_source_descriptor,suppressed/non_source_descriptor,,,needs_review,Descriptor-like signal; verify raw variants before adding a suppression rule.,unreviewed,,,,"Batch 1 - metadata descriptors. Current mode routing method: standardizer. This value comes from Isolation_Source_SD in the QA aggregate, not directly from the raw metadata field; inspect contributing raw variants before deciding."
FL644,1,FL644,,raw_code_or_artifact,route_to_non_source_descriptor,suppressed/non_source_descriptor,,,needs_review,Descriptor-like signal; verify raw variants before adding a suppression rule.,unreviewed,,,,"Batch 1 - metadata descriptors. Current mode routing method: standardizer. This value comes from Isolation_Source_SD in the QA aggregate, not directly from the raw metadata field; inspect contributing raw variants before deciding."
FL646,1,FL646,,raw_code_or_artifact,route_to_non_source_descriptor,suppressed/non_source_descriptor,,,needs_review,Descriptor-like signal; verify raw variants before adding a suppression rule.,unreviewed,,,,"Batch 1 - metadata descriptors. Current mode routing method: standardizer. This value comes from Isolation_Source_SD in the QA aggregate, not directly from the raw metadata field; inspect contributing raw variants before deciding."
FL652,1,FL652,,raw_code_or_artifact,route_to_non_source_descriptor,suppressed/non_source_descriptor,,,needs_review,Descriptor-like signal; verify raw variants before adding a suppression rule.,unreviewed,,,,"Batch 1 - metadata descriptors. Current mode routing method: standardizer. This value comes from Isolation_Source_SD in the QA aggregate, not directly from the raw metadata field; inspect contributing raw variants before deciding."
FL653,1,FL653,,raw_code_or_artifact,route_to_non_source_descriptor,suppressed/non_source_descriptor,,,needs_review,Descriptor-like signal; verify raw variants before adding a suppression rule.,unreviewed,,,,"Batch 1 - metadata descriptors. Current mode routing method: standardizer. This value comes from Isolation_Source_SD in the QA aggregate, not directly from the raw metadata field; inspect contributing raw variants before deciding."
FL670,1,FL670,,raw_code_or_artifact,route_to_non_source_descriptor,suppressed/non_source_descriptor,,,needs_review,Descriptor-like signal; verify raw variants before adding a suppression rule.,unreviewed,,,,"Batch 1 - metadata descriptors. Current mode routing method: standardizer. This value comes from Isolation_Source_SD in the QA aggregate, not directly from the raw metadata field; inspect contributing raw variants before deciding."
FL671,1,FL671,,raw_code_or_artifact,route_to_non_source_descriptor,suppressed/non_source_descriptor,,,needs_review,Descriptor-like signal; verify raw variants before adding a suppression rule.,unreviewed,,,,"Batch 1 - metadata descriptors. Current mode routing method: standardizer. This value comes from Isolation_Source_SD in the QA aggregate, not directly from the raw metadata field; inspect contributing raw variants before deciding."
FL672,1,FL672,,raw_code_or_artifact,route_to_non_source_descriptor,suppressed/non_source_descriptor,,,needs_review,Descriptor-like signal; verify raw variants before adding a suppression rule.,unreviewed,,,,"Batch 1 - metadata descriptors. Current mode routing method: standardizer. This value comes from Isolation_Source_SD in the QA aggregate, not directly from the raw metadata field; inspect contributing raw variants before deciding."
FL674,1,FL674,,raw_code_or_artifact,route_to_non_source_descriptor,suppressed/non_source_descriptor,,,needs_review,Descriptor-like signal; verify raw variants before adding a suppression rule.,unreviewed,,,,"Batch 1 - metadata descriptors. Current mode routing method: standardizer. This value comes from Isolation_Source_SD in the QA aggregate, not directly from the raw metadata field; inspect contributing raw variants before deciding."
FL677,1,FL677,,raw_code_or_artifact,route_to_non_source_descriptor,suppressed/non_source_descriptor,,,needs_review,Descriptor-like signal; verify raw variants before adding a suppression rule.,unreviewed,,,,"Batch 1 - metadata descriptors. Current mode routing method: standardizer. This value comes from Isolation_Source_SD in the QA aggregate, not directly from the raw metadata field; inspect contributing raw variants before deciding."
FL679,1,FL679,,raw_code_or_artifact,route_to_non_source_descriptor,suppressed/non_source_descriptor,,,needs_review,Descriptor-like signal; verify raw variants before adding a suppression rule.,unreviewed,,,,"Batch 1 - metadata descriptors. Current mode routing method: standardizer. This value comes from Isolation_Source_SD in the QA aggregate, not directly from the raw metadata field; inspect contributing raw variants before deciding."
FL77,1,FL77,,raw_code_or_artifact,route_to_non_source_descriptor,suppressed/non_source_descriptor,,,needs_review,Descriptor-like signal; verify raw variants before adding a suppression rule.,unreviewed,,,,"Batch 1 - metadata descriptors. Current mode routing method: standardizer. This value comes from Isolation_Source_SD in the QA aggregate, not directly from the raw metadata field; inspect contributing raw variants before deciding."
FL784,1,FL784,,raw_code_or_artifact,route_to_non_source_descriptor,suppressed/non_source_descriptor,,,needs_review,Descriptor-like signal; verify raw variants before adding a suppression rule.,unreviewed,,,,"Batch 1 - metadata descriptors. Current mode routing method: standardizer. This value comes from Isolation_Source_SD in the QA aggregate, not directly from the raw metadata field; inspect contributing raw variants before deciding."
FL791,1,FL791,,raw_code_or_artifact,route_to_non_source_descriptor,suppressed/non_source_descriptor,,,needs_review,Descriptor-like signal; verify raw variants before adding a suppression rule.,unreviewed,,,,"Batch 1 - metadata descriptors. Current mode routing method: standardizer. This value comes from Isolation_Source_SD in the QA aggregate, not directly from the raw metadata field; inspect contributing raw variants before deciding."
FL792,1,FL792,,raw_code_or_artifact,route_to_non_source_descriptor,suppressed/non_source_descriptor,,,needs_review,Descriptor-like signal; verify raw variants before adding a suppression rule.,unreviewed,,,,"Batch 1 - metadata descriptors. Current mode routing method: standardizer. This value comes from Isolation_Source_SD in the QA aggregate, not directly from the raw metadata field; inspect contributing raw variants before deciding."
FL793,1,FL793,,raw_code_or_artifact,route_to_non_source_descriptor,suppressed/non_source_descriptor,,,needs_review,Descriptor-like signal; verify raw variants before adding a suppression rule.,unreviewed,,,,"Batch 1 - metadata descriptors. Current mode routing method: standardizer. This value comes from Isolation_Source_SD in the QA aggregate, not directly from the raw metadata field; inspect contributing raw variants before deciding."
FL798,1,FL798,,raw_code_or_artifact,route_to_non_source_descriptor,suppressed/non_source_descriptor,,,needs_review,Descriptor-like signal; verify raw variants before adding a suppression rule.,unreviewed,,,,"Batch 1 - metadata descriptors. Current mode routing method: standardizer. This value comes from Isolation_Source_SD in the QA aggregate, not directly from the raw metadata field; inspect contributing raw variants before deciding."
FL812,1,FL812,,raw_code_or_artifact,route_to_non_source_descriptor,suppressed/non_source_descriptor,,,needs_review,Descriptor-like signal; verify raw variants before adding a suppression rule.,unreviewed,,,,"Batch 1 - metadata descriptors. Current mode routing method: standardizer. This value comes from Isolation_Source_SD in the QA aggregate, not directly from the raw metadata field; inspect contributing raw variants before deciding."
FL813,1,FL813,,raw_code_or_artifact,route_to_non_source_descriptor,suppressed/non_source_descriptor,,,needs_review,Descriptor-like signal; verify raw variants before adding a suppression rule.,unreviewed,,,,"Batch 1 - metadata descriptors. Current mode routing method: standardizer. This value comes from Isolation_Source_SD in the QA aggregate, not directly from the raw metadata field; inspect contributing raw variants before deciding."
FL814,1,FL814,,raw_code_or_artifact,route_to_non_source_descriptor,suppressed/non_source_descriptor,,,needs_review,Descriptor-like signal; verify raw variants before adding a suppression rule.,unreviewed,,,,"Batch 1 - metadata descriptors. Current mode routing method: standardizer. This value comes from Isolation_Source_SD in the QA aggregate, not directly from the raw metadata field; inspect contributing raw variants before deciding."
FL818,1,FL818,,raw_code_or_artifact,route_to_non_source_descriptor,suppressed/non_source_descriptor,,,needs_review,Descriptor-like signal; verify raw variants before adding a suppression rule.,unreviewed,,,,"Batch 1 - metadata descriptors. Current mode routing method: standardizer. This value comes from Isolation_Source_SD in the QA aggregate, not directly from the raw metadata field; inspect contributing raw variants before deciding."
FL82,1,FL82,,raw_code_or_artifact,route_to_non_source_descriptor,suppressed/non_source_descriptor,,,needs_review,Descriptor-like signal; verify raw variants before adding a suppression rule.,unreviewed,,,,"Batch 1 - metadata descriptors. Current mode routing method: standardizer. This value comes from Isolation_Source_SD in the QA aggregate, not directly from the raw metadata field; inspect contributing raw variants before deciding."
FL820,1,FL820,,raw_code_or_artifact,route_to_non_source_descriptor,suppressed/non_source_descriptor,,,needs_review,Descriptor-like signal; verify raw variants before adding a suppression rule.,unreviewed,,,,"Batch 1 - metadata descriptors. Current mode routing method: standardizer. This value comes from Isolation_Source_SD in the QA aggregate, not directly from the raw metadata field; inspect contributing raw variants before deciding."
FL822,1,FL822,,raw_code_or_artifact,route_to_non_source_descriptor,suppressed/non_source_descriptor,,,needs_review,Descriptor-like signal; verify raw variants before adding a suppression rule.,unreviewed,,,,"Batch 1 - metadata descriptors. Current mode routing method: standardizer. This value comes from Isolation_Source_SD in the QA aggregate, not directly from the raw metadata field; inspect contributing raw variants before deciding."
FL83,1,FL83,,raw_code_or_artifact,route_to_non_source_descriptor,suppressed/non_source_descriptor,,,needs_review,Descriptor-like signal; verify raw variants before adding a suppression rule.,unreviewed,,,,"Batch 1 - metadata descriptors. Current mode routing method: standardizer. This value comes from Isolation_Source_SD in the QA aggregate, not directly from the raw metadata field; inspect contributing raw variants before deciding."
FL84,1,FL84,,raw_code_or_artifact,route_to_non_source_descriptor,suppressed/non_source_descriptor,,,needs_review,Descriptor-like signal; verify raw variants before adding a suppression rule.,unreviewed,,,,"Batch 1 - metadata descriptors. Current mode routing method: standardizer. This value comes from Isolation_Source_SD in the QA aggregate, not directly from the raw metadata field; inspect contributing raw variants before deciding."
FL86,1,FL86,,raw_code_or_artifact,route_to_non_source_descriptor,suppressed/non_source_descriptor,,,needs_review,Descriptor-like signal; verify raw variants before adding a suppression rule.,unreviewed,,,,"Batch 1 - metadata descriptors. Current mode routing method: standardizer. This value comes from Isolation_Source_SD in the QA aggregate, not directly from the raw metadata field; inspect contributing raw variants before deciding."
FL919,1,FL919,,raw_code_or_artifact,route_to_non_source_descriptor,suppressed/non_source_descriptor,,,needs_review,Descriptor-like signal; verify raw variants before adding a suppression rule.,unreviewed,,,,"Batch 1 - metadata descriptors. Current mode routing method: standardizer. This value comes from Isolation_Source_SD in the QA aggregate, not directly from the raw metadata field; inspect contributing raw variants before deciding."
FL921,1,FL921,,raw_code_or_artifact,route_to_non_source_descriptor,suppressed/non_source_descriptor,,,needs_review,Descriptor-like signal; verify raw variants before adding a suppression rule.,unreviewed,,,,"Batch 1 - metadata descriptors. Current mode routing method: standardizer. This value comes from Isolation_Source_SD in the QA aggregate, not directly from the raw metadata field; inspect contributing raw variants before deciding."
FL922,1,FL922,,raw_code_or_artifact,route_to_non_source_descriptor,suppressed/non_source_descriptor,,,needs_review,Descriptor-like signal; verify raw variants before adding a suppression rule.,unreviewed,,,,"Batch 1 - metadata descriptors. Current mode routing method: standardizer. This value comes from Isolation_Source_SD in the QA aggregate, not directly from the raw metadata field; inspect contributing raw variants before deciding."
FL923,1,FL923,,raw_code_or_artifact,route_to_non_source_descriptor,suppressed/non_source_descriptor,,,needs_review,Descriptor-like signal; verify raw variants before adding a suppression rule.,unreviewed,,,,"Batch 1 - metadata descriptors. Current mode routing method: standardizer. This value comes from Isolation_Source_SD in the QA aggregate, not directly from the raw metadata field; inspect contributing raw variants before deciding."
FL925,1,FL925,,raw_code_or_artifact,route_to_non_source_descriptor,suppressed/non_source_descriptor,,,needs_review,Descriptor-like signal; verify raw variants before adding a suppression rule.,unreviewed,,,,"Batch 1 - metadata descriptors. Current mode routing method: standardizer. This value comes from Isolation_Source_SD in the QA aggregate, not directly from the raw metadata field; inspect contributing raw variants before deciding."
FL926,1,FL926,,raw_code_or_artifact,route_to_non_source_descriptor,suppressed/non_source_descriptor,,,needs_review,Descriptor-like signal; verify raw variants before adding a suppression rule.,unreviewed,,,,"Batch 1 - metadata descriptors. Current mode routing method: standardizer. This value comes from Isolation_Source_SD in the QA aggregate, not directly from the raw metadata field; inspect contributing raw variants before deciding."
FL927,1,FL927,,raw_code_or_artifact,route_to_non_source_descriptor,suppressed/non_source_descriptor,,,needs_review,Descriptor-like signal; verify raw variants before adding a suppression rule.,unreviewed,,,,"Batch 1 - metadata descriptors. Current mode routing method: standardizer. This value comes from Isolation_Source_SD in the QA aggregate, not directly from the raw metadata field; inspect contributing raw variants before deciding."
FL928,1,FL928,,raw_code_or_artifact,route_to_non_source_descriptor,suppressed/non_source_descriptor,,,needs_review,Descriptor-like signal; verify raw variants before adding a suppression rule.,unreviewed,,,,"Batch 1 - metadata descriptors. Current mode routing method: standardizer. This value comes from Isolation_Source_SD in the QA aggregate, not directly from the raw metadata field; inspect contributing raw variants before deciding."
FL929,1,FL929,,raw_code_or_artifact,route_to_non_source_descriptor,suppressed/non_source_descriptor,,,needs_review,Descriptor-like signal; verify raw variants before adding a suppression rule.,unreviewed,,,,"Batch 1 - metadata descriptors. Current mode routing method: standardizer. This value comes from Isolation_Source_SD in the QA aggregate, not directly from the raw metadata field; inspect contributing raw variants before deciding."
Flea captured from prairie dog burrow showing signs of recent die-off,1,Flea captured from prairie dog burrow showing signs of recent die-off,,host_taxon_or_context,route_to_host_context,Host_Context_SD / host-associated context,,,needs_review,Host-only signal requires raw context before source or host routing.,unreviewed,,,,"Batch 6 - host context. Current mode routing method: standardizer. This value comes from Isolation_Source_SD in the QA aggregate, not directly from the raw metadata field; inspect contributing raw variants before deciding."
flea captured from prairie dog burrow showing signs of recent die-off,1,flea captured from prairie dog burrow showing signs of recent die-off,,host_taxon_or_context,route_to_host_context,Host_Context_SD / host-associated context,,,needs_review,Host-only signal requires raw context before source or host routing.,unreviewed,,,,"Batch 6 - host context. Current mode routing method: standardizer. This value comes from Isolation_Source_SD in the QA aggregate, not directly from the raw metadata field; inspect contributing raw variants before deciding."
Focus (Wound swab),1,Focus (Wound swab),,body_site|sample_type,route_to_sample_type,Sample_Type_SD,,,needs_review,Sample-material signal; preserve source context only when independently supported.,unreviewed,,,,"Batch 2 - sample materials. Current mode routing method: standardizer. This value comes from Isolation_Source_SD in the QA aggregate, not directly from the raw metadata field; inspect contributing raw variants before deciding."
Foetal tissue,1,Foetal tissue,tissue,sample_type,route_to_sample_type,Sample_Type_SD,,,needs_review,Sample-material signal; preserve source context only when independently supported.,unreviewed,,,,"Batch 2 - sample materials. Current mode routing method: standardizer. This value comes from Isolation_Source_SD in the QA aggregate, not directly from the raw metadata field; inspect contributing raw variants before deciding."
Forearm Tissue,1,Forearm Tissue,tissue,sample_type,route_to_sample_type,Sample_Type_SD,,,needs_review,Sample-material signal; preserve source context only when independently supported.,unreviewed,,,,"Batch 2 - sample materials. Current mode routing method: standardizer. This value comes from Isolation_Source_SD in the QA aggregate, not directly from the raw metadata field; inspect contributing raw variants before deciding."
Forefoot tissue,1,Forefoot tissue,tissue,sample_type,route_to_sample_type,Sample_Type_SD,,,needs_review,Sample-material signal; preserve source context only when independently supported.,unreviewed,,,,"Batch 2 - sample materials. Current mode routing method: standardizer. This value comes from Isolation_Source_SD in the QA aggregate, not directly from the raw metadata field; inspect contributing raw variants before deciding."
forelimb amputation tissue,1,forelimb amputation tissue,tissue,sample_type,route_to_sample_type,Sample_Type_SD,,,needs_review,Sample-material signal; preserve source context only when independently supported.,unreviewed,,,,"Batch 2 - sample materials. Current mode routing method: standardizer. This value comes from Isolation_Source_SD in the QA aggregate, not directly from the raw metadata field; inspect contributing raw variants before deciding."
Fracture Site Tissue,1,Fracture Site Tissue,tissue,sample_type,route_to_sample_type,Sample_Type_SD,,,needs_review,Sample-material signal; preserve source context only when independently supported.,unreviewed,,,,"Batch 2 - sample materials. Current mode routing method: standardizer. This value comes from Isolation_Source_SD in the QA aggregate, not directly from the raw metadata field; inspect contributing raw variants before deciding."
FredPark1,1,FredPark1,,raw_code_or_artifact,route_to_non_source_descriptor,suppressed/non_source_descriptor,,,needs_review,Descriptor-like signal; verify raw variants before adding a suppression rule.,unreviewed,,,,"Batch 1 - metadata descriptors. Current mode routing method: standardizer. This value comes from Isolation_Source_SD in the QA aggregate, not directly from the raw metadata field; inspect contributing raw variants before deciding."
fried eel (fish),1,fried eel (fish),,host_taxon_or_context,route_to_host_context,Host_Context_SD / host-associated context,,,needs_review,Host-only signal requires raw context before source or host routing.,unreviewed,,,,"Batch 6 - host context. Current mode routing method: standardizer. This value comes from Isolation_Source_SD in the QA aggregate, not directly from the raw metadata field; inspect contributing raw variants before deciding."
frozen dried raw super boost for dog,1,frozen dried raw super boost for dog,,host_taxon_or_context,route_to_host_context,Host_Context_SD / host-associated context,,,needs_review,Host-only signal requires raw context before source or host routing.,unreviewed,,,,"Batch 6 - host context. Current mode routing method: standardizer. This value comes from Isolation_Source_SD in the QA aggregate, not directly from the raw metadata field; inspect contributing raw variants before deciding."
frozen fuzzie feeder mouse,1,frozen fuzzie feeder mouse,,host_taxon_or_context,route_to_host_context,Host_Context_SD / host-associated context,,,needs_review,Host-only signal requires raw context before source or host routing.,unreviewed,,,,"Batch 6 - host context. Current mode routing method: standardizer. This value comes from Isolation_Source_SD in the QA aggregate, not directly from the raw metadata field; inspect contributing raw variants before deciding."
frozen pinkie feeder mouse,1,frozen pinkie feeder mouse,,host_taxon_or_context,route_to_host_context,Host_Context_SD / host-associated context,,,needs_review,Host-only signal requires raw context before source or host routing.,unreviewed,,,,"Batch 6 - host context. Current mode routing method: standardizer. This value comes from Isolation_Source_SD in the QA aggregate, not directly from the raw metadata field; inspect contributing raw variants before deciding."
fur from dog that had recently been in Pacific Ocean,1,fur from dog that had recently been in Pacific Ocean,,host_taxon_or_context,route_to_host_context,Host_Context_SD / host-associated context,,,needs_review,Host-only signal requires raw context before source or host routing.,unreviewed,,,,"Batch 6 - host context. Current mode routing method: standardizer. This value comes from Isolation_Source_SD in the QA aggregate, not directly from the raw metadata field; inspect contributing raw variants before deciding."
gall bladder (Canis lupus familiaris),1,gall bladder (Canis lupus familiaris),,body_site,route_to_isolation_site,Isolation_Site_SD,,,needs_review,Anatomical-site signal; split material and site when both are present.,unreviewed,,,,"Batch 3 - anatomical sites. Current mode routing method: standardizer. This value comes from Isolation_Source_SD in the QA aggregate, not directly from the raw metadata field; inspect contributing raw variants before deciding."
Galleria mellonella larvae infected with Heterorhabditis amazonensis,1,Galleria mellonella larvae infected with Heterorhabditis amazonensis,,disease,route_to_disease_or_health_state,Host_Disease_SD / Host_Health_State_SD,,,needs_review,Disease or health-state signal; preserve independent material and site evidence.,unreviewed,,,,"Batch 7 - disease and health state. Current mode routing method: standardizer. This value comes from Isolation_Source_SD in the QA aggregate, not directly from the raw metadata field; inspect contributing raw variants before deciding."
gangrenous tissue,1,gangrenous tissue,tissue,sample_type,route_to_sample_type,Sample_Type_SD,,,needs_review,Sample-material signal; preserve source context only when independently supported.,unreviewed,,,,"Batch 2 - sample materials. Current mode routing method: standardizer. This value comes from Isolation_Source_SD in the QA aggregate, not directly from the raw metadata field; inspect contributing raw variants before deciding."
gingival tissue,1,gingival tissue,tissue,sample_type,route_to_sample_type,Sample_Type_SD,,,needs_review,Sample-material signal; preserve source context only when independently supported.,unreviewed,,,,"Batch 2 - sample materials. Current mode routing method: standardizer. This value comes from Isolation_Source_SD in the QA aggregate, not directly from the raw metadata field; inspect contributing raw variants before deciding."
Glacial forefield (soil),1,Glacial forefield (soil),,environment_medium,route_to_environment_medium,Environment_Medium_SD,,,needs_review,Environmental-medium signal; retain broad source context only when intentional.,unreviewed,,,,"Batch 4 - environmental media. Current mode routing method: standardizer. This value comes from Isolation_Source_SD in the QA aggregate, not directly from the raw metadata field; inspect contributing raw variants before deciding."
GM01359,1,GM01359,,raw_code_or_artifact,route_to_non_source_descriptor,suppressed/non_source_descriptor,,,needs_review,Descriptor-like signal; verify raw variants before adding a suppression rule.,unreviewed,,,,"Batch 1 - metadata descriptors. Current mode routing method: standardizer. This value comes from Isolation_Source_SD in the QA aggregate, not directly from the raw metadata field; inspect contributing raw variants before deciding."
GM04616,1,GM04616,,raw_code_or_artifact,route_to_non_source_descriptor,suppressed/non_source_descriptor,,,needs_review,Descriptor-like signal; verify raw variants before adding a suppression rule.,unreviewed,,,,"Batch 1 - metadata descriptors. Current mode routing method: standardizer. This value comes from Isolation_Source_SD in the QA aggregate, not directly from the raw metadata field; inspect contributing raw variants before deciding."
GM12878,1,GM12878,,raw_code_or_artifact,route_to_non_source_descriptor,suppressed/non_source_descriptor,,,needs_review,Descriptor-like signal; verify raw variants before adding a suppression rule.,unreviewed,,,,"Batch 1 - metadata descriptors. Current mode routing method: standardizer. This value comes from Isolation_Source_SD in the QA aggregate, not directly from the raw metadata field; inspect contributing raw variants before deciding."
Graft Tissue,1,Graft Tissue,tissue,sample_type,route_to_sample_type,Sample_Type_SD,,,needs_review,Sample-material signal; preserve source context only when independently supported.,unreviewed,,,,"Batch 2 - sample materials. Current mode routing method: standardizer. This value comes from Isolation_Source_SD in the QA aggregate, not directly from the raw metadata field; inspect contributing raw variants before deciding."
granulation tissue,1,granulation tissue,tissue,sample_type,route_to_sample_type,Sample_Type_SD,,,needs_review,Sample-material signal; preserve source context only when independently supported.,unreviewed,,,,"Batch 2 - sample materials. Current mode routing method: standardizer. This value comes from Isolation_Source_SD in the QA aggregate, not directly from the raw metadata field; inspect contributing raw variants before deciding."
Great toe Tissue,1,Great toe Tissue,tissue,sample_type,route_to_sample_type,Sample_Type_SD,,,needs_review,Sample-material signal; preserve source context only when independently supported.,unreviewed,,,,"Batch 2 - sample materials. Current mode routing method: standardizer. This value comes from Isolation_Source_SD in the QA aggregate, not directly from the raw metadata field; inspect contributing raw variants before deciding."
Great toe Tissue ulcer,1,Great toe Tissue ulcer,tissue,sample_type,route_to_sample_type,Sample_Type_SD,,,needs_review,Sample-material signal; preserve source context only when independently supported.,unreviewed,,,,"Batch 2 - sample materials. Current mode routing method: standardizer. This value comes from Isolation_Source_SD in the QA aggregate, not directly from the raw metadata field; inspect contributing raw variants before deciding."
Ground swine,1,Ground swine,,host_taxon_or_context,route_to_food_source,Isolation_Source_SD / food context,,,needs_review,Food or commodity context requires phrase-level review; animal terms alone are insufficient.,unreviewed,,,,"Batch 5 - food and commodity context. Current mode routing method: standardizer. This value comes from Isolation_Source_SD in the QA aggregate, not directly from the raw metadata field; inspect contributing raw variants before deciding."
ground swine,1,ground swine,,host_taxon_or_context,route_to_food_source,Isolation_Source_SD / food context,,,needs_review,Food or commodity context requires phrase-level review; animal terms alone are insufficient.,unreviewed,,,,"Batch 5 - food and commodity context. Current mode routing method: standardizer. This value comes from Isolation_Source_SD in the QA aggregate, not directly from the raw metadata field; inspect contributing raw variants before deciding."
guangxi3,1,guangxi3,,raw_code_or_artifact,route_to_non_source_descriptor,suppressed/non_source_descriptor,,,needs_review,Descriptor-like signal; verify raw variants before adding a suppression rule.,unreviewed,,,,"Batch 1 - metadata descriptors. Current mode routing method: standardizer. This value comes from Isolation_Source_SD in the QA aggregate, not directly from the raw metadata field; inspect contributing raw variants before deciding."
guangxi4,1,guangxi4,,raw_code_or_artifact,route_to_non_source_descriptor,suppressed/non_source_descriptor,,,needs_review,Descriptor-like signal; verify raw variants before adding a suppression rule.,unreviewed,,,,"Batch 1 - metadata descriptors. Current mode routing method: standardizer. This value comes from Isolation_Source_SD in the QA aggregate, not directly from the raw metadata field; inspect contributing raw variants before deciding."
H002,1,H002,,raw_code_or_artifact,route_to_non_source_descriptor,suppressed/non_source_descriptor,,,needs_review,Descriptor-like signal; verify raw variants before adding a suppression rule.,unreviewed,,,,"Batch 1 - metadata descriptors. Current mode routing method: standardizer. This value comes from Isolation_Source_SD in the QA aggregate, not directly from the raw metadata field; inspect contributing raw variants before deciding."
H014,1,H014,,raw_code_or_artifact,route_to_non_source_descriptor,suppressed/non_source_descriptor,,,needs_review,Descriptor-like signal; verify raw variants before adding a suppression rule.,unreviewed,,,,"Batch 1 - metadata descriptors. Current mode routing method: standardizer. This value comes from Isolation_Source_SD in the QA aggregate, not directly from the raw metadata field; inspect contributing raw variants before deciding."
H042,1,H042,,raw_code_or_artifact,route_to_non_source_descriptor,suppressed/non_source_descriptor,,,needs_review,Descriptor-like signal; verify raw variants before adding a suppression rule.,unreviewed,,,,"Batch 1 - metadata descriptors. Current mode routing method: standardizer. This value comes from Isolation_Source_SD in the QA aggregate, not directly from the raw metadata field; inspect contributing raw variants before deciding."
H047,1,H047,,raw_code_or_artifact,route_to_non_source_descriptor,suppressed/non_source_descriptor,,,needs_review,Descriptor-like signal; verify raw variants before adding a suppression rule.,unreviewed,,,,"Batch 1 - metadata descriptors. Current mode routing method: standardizer. This value comes from Isolation_Source_SD in the QA aggregate, not directly from the raw metadata field; inspect contributing raw variants before deciding."
H077,1,H077,,raw_code_or_artifact,route_to_non_source_descriptor,suppressed/non_source_descriptor,,,needs_review,Descriptor-like signal; verify raw variants before adding a suppression rule.,unreviewed,,,,"Batch 1 - metadata descriptors. Current mode routing method: standardizer. This value comes from Isolation_Source_SD in the QA aggregate, not directly from the raw metadata field; inspect contributing raw variants before deciding."
H081,1,H081,,raw_code_or_artifact,route_to_non_source_descriptor,suppressed/non_source_descriptor,,,needs_review,Descriptor-like signal; verify raw variants before adding a suppression rule.,unreviewed,,,,"Batch 1 - metadata descriptors. Current mode routing method: standardizer. This value comes from Isolation_Source_SD in the QA aggregate, not directly from the raw metadata field; inspect contributing raw variants before deciding."
H085,1,H085,,raw_code_or_artifact,route_to_non_source_descriptor,suppressed/non_source_descriptor,,,needs_review,Descriptor-like signal; verify raw variants before adding a suppression rule.,unreviewed,,,,"Batch 1 - metadata descriptors. Current mode routing method: standardizer. This value comes from Isolation_Source_SD in the QA aggregate, not directly from the raw metadata field; inspect contributing raw variants before deciding."
H086,1,H086,,raw_code_or_artifact,route_to_non_source_descriptor,suppressed/non_source_descriptor,,,needs_review,Descriptor-like signal; verify raw variants before adding a suppression rule.,unreviewed,,,,"Batch 1 - metadata descriptors. Current mode routing method: standardizer. This value comes from Isolation_Source_SD in the QA aggregate, not directly from the raw metadata field; inspect contributing raw variants before deciding."
H090,1,H090,,raw_code_or_artifact,route_to_non_source_descriptor,suppressed/non_source_descriptor,,,needs_review,Descriptor-like signal; verify raw variants before adding a suppression rule.,unreviewed,,,,"Batch 1 - metadata descriptors. Current mode routing method: standardizer. This value comes from Isolation_Source_SD in the QA aggregate, not directly from the raw metadata field; inspect contributing raw variants before deciding."
H1-hESC,1,H1-hESC,,raw_code_or_artifact,route_to_non_source_descriptor,suppressed/non_source_descriptor,,,needs_review,Descriptor-like signal; verify raw variants before adding a suppression rule.,unreviewed,,,,"Batch 1 - metadata descriptors. Current mode routing method: standardizer. This value comes from Isolation_Source_SD in the QA aggregate, not directly from the raw metadata field; inspect contributing raw variants before deciding."
H1299_NT2,1,H1299_NT2,,raw_code_or_artifact,route_to_non_source_descriptor,suppressed/non_source_descriptor,,,needs_review,Descriptor-like signal; verify raw variants before adding a suppression rule.,unreviewed,,,,"Batch 1 - metadata descriptors. Current mode routing method: standardizer. This value comes from Isolation_Source_SD in the QA aggregate, not directly from the raw metadata field; inspect contributing raw variants before deciding."
H1299_SOX2_KD,1,H1299_SOX2_KD,,raw_code_or_artifact,route_to_non_source_descriptor,suppressed/non_source_descriptor,,,needs_review,Descriptor-like signal; verify raw variants before adding a suppression rule.,unreviewed,,,,"Batch 1 - metadata descriptors. Current mode routing method: standardizer. This value comes from Isolation_Source_SD in the QA aggregate, not directly from the raw metadata field; inspect contributing raw variants before deciding."
H2AZ_WT12_ZT18,1,H2AZ_WT12_ZT18,,raw_code_or_artifact,route_to_non_source_descriptor,suppressed/non_source_descriptor,,,needs_review,Descriptor-like signal; verify raw variants before adding a suppression rule.,unreviewed,,,,"Batch 1 - metadata descriptors. Current mode routing method: standardizer. This value comes from Isolation_Source_SD in the QA aggregate, not directly from the raw metadata field; inspect contributing raw variants before deciding."
H3_WT_22C_rep1,1,H3_WT_22C_rep1,,raw_code_or_artifact,route_to_non_source_descriptor,suppressed/non_source_descriptor,,,needs_review,Descriptor-like signal; verify raw variants before adding a suppression rule.,unreviewed,,,,"Batch 1 - metadata descriptors. Current mode routing method: standardizer. This value comes from Isolation_Source_SD in the QA aggregate, not directly from the raw metadata field; inspect contributing raw variants before deciding."
H3K27Ac_shASXL3_1_H1963,1,H3K27Ac_shASXL3_1_H1963,,raw_code_or_artifact,route_to_non_source_descriptor,suppressed/non_source_descriptor,,,needs_review,Descriptor-like signal; verify raw variants before adding a suppression rule.,unreviewed,,,,"Batch 1 - metadata descriptors. Current mode routing method: standardizer. This value comes from Isolation_Source_SD in the QA aggregate, not directly from the raw metadata field; inspect contributing raw variants before deciding."
H3k36me3_ChIPSeq,1,H3k36me3_ChIPSeq,,raw_code_or_artifact,route_to_non_source_descriptor,suppressed/non_source_descriptor,,,needs_review,Descriptor-like signal; verify raw variants before adding a suppression rule.,unreviewed,,,,"Batch 1 - metadata descriptors. Current mode routing method: standardizer. This value comes from Isolation_Source_SD in the QA aggregate, not directly from the raw metadata field; inspect contributing raw variants before deciding."
H3K4me1.rep1.s_1,1,H3K4me1.rep1.s_1,,raw_code_or_artifact,route_to_non_source_descriptor,suppressed/non_source_descriptor,,,needs_review,Descriptor-like signal; verify raw variants before adding a suppression rule.,unreviewed,,,,"Batch 1 - metadata descriptors. Current mode routing method: standardizer. This value comes from Isolation_Source_SD in the QA aggregate, not directly from the raw metadata field; inspect contributing raw variants before deciding."
H3K4me1.rep2.s_2,1,H3K4me1.rep2.s_2,,raw_code_or_artifact,route_to_non_source_descriptor,suppressed/non_source_descriptor,,,needs_review,Descriptor-like signal; verify raw variants before adding a suppression rule.,unreviewed,,,,"Batch 1 - metadata descriptors. Current mode routing method: standardizer. This value comes from Isolation_Source_SD in the QA aggregate, not directly from the raw metadata field; inspect contributing raw variants before deciding."
H3K4me1_H2171,1,H3K4me1_H2171,,raw_code_or_artifact,route_to_non_source_descriptor,suppressed/non_source_descriptor,,,needs_review,Descriptor-like signal; verify raw variants before adding a suppression rule.,unreviewed,,,,"Batch 1 - metadata descriptors. Current mode routing method: standardizer. This value comes from Isolation_Source_SD in the QA aggregate, not directly from the raw metadata field; inspect contributing raw variants before deciding."
H3K4me3.rep1.s_3,1,H3K4me3.rep1.s_3,,raw_code_or_artifact,route_to_non_source_descriptor,suppressed/non_source_descriptor,,,needs_review,Descriptor-like signal; verify raw variants before adding a suppression rule.,unreviewed,,,,"Batch 1 - metadata descriptors. Current mode routing method: standardizer. This value comes from Isolation_Source_SD in the QA aggregate, not directly from the raw metadata field; inspect contributing raw variants before deciding."
H3K4me3.rep2.s_4,1,H3K4me3.rep2.s_4,,raw_code_or_artifact,route_to_non_source_descriptor,suppressed/non_source_descriptor,,,needs_review,Descriptor-like signal; verify raw variants before adding a suppression rule.,unreviewed,,,,"Batch 1 - metadata descriptors. Current mode routing method: standardizer. This value comes from Isolation_Source_SD in the QA aggregate, not directly from the raw metadata field; inspect contributing raw variants before deciding."
H9-ectoderm_IFI16sh1865,1,H9-ectoderm_IFI16sh1865,,raw_code_or_artifact,route_to_non_source_descriptor,suppressed/non_source_descriptor,,,needs_review,Descriptor-like signal; verify raw variants before adding a suppression rule.,unreviewed,,,,"Batch 1 - metadata descriptors. Current mode routing method: standardizer. This value comes from Isolation_Source_SD in the QA aggregate, not directly from the raw metadata field; inspect contributing raw variants before deciding."
H9-endoderm,1,H9-endoderm,,raw_code_or_artifact,route_to_non_source_descriptor,suppressed/non_source_descriptor,,,needs_review,Descriptor-like signal; verify raw variants before adding a suppression rule.,unreviewed,,,,"Batch 1 - metadata descriptors. Current mode routing method: standardizer. This value comes from Isolation_Source_SD in the QA aggregate, not directly from the raw metadata field; inspect contributing raw variants before deciding."
H9-IFI16sh1865,1,H9-IFI16sh1865,,raw_code_or_artifact,route_to_non_source_descriptor,suppressed/non_source_descriptor,,,needs_review,Descriptor-like signal; verify raw variants before adding a suppression rule.,unreviewed,,,,"Batch 1 - metadata descriptors. Current mode routing method: standardizer. This value comes from Isolation_Source_SD in the QA aggregate, not directly from the raw metadata field; inspect contributing raw variants before deciding."
Haematoma gall bladder,1,Haematoma gall bladder,,body_site,route_to_isolation_site,Isolation_Site_SD,,,needs_review,Anatomical-site signal; split material and site when both are present.,unreviewed,,,,"Batch 3 - anatomical sites. Current mode routing method: standardizer. This value comes from Isolation_Source_SD in the QA aggregate, not directly from the raw metadata field; inspect contributing raw variants before deciding."
hand (human),1,hand (human),,host_taxon_or_context,route_to_host_context,Host_Context_SD / host-associated context,,,needs_review,Host-only signal requires raw context before source or host routing.,unreviewed,,,,"Batch 6 - host context. Current mode routing method: standardizer. This value comes from Isolation_Source_SD in the QA aggregate, not directly from the raw metadata field; inspect contributing raw variants before deciding."
Hand Tissue,1,Hand Tissue,tissue,sample_type,route_to_sample_type,Sample_Type_SD,,,needs_review,Sample-material signal; preserve source context only when independently supported.,unreviewed,,,,"Batch 2 - sample materials. Current mode routing method: standardizer. This value comes from Isolation_Source_SD in the QA aggregate, not directly from the raw metadata field; inspect contributing raw variants before deciding."
Hand tissue,1,Hand tissue,tissue,sample_type,route_to_sample_type,Sample_Type_SD,,,needs_review,Sample-material signal; preserve source context only when independently supported.,unreviewed,,,,"Batch 2 - sample materials. Current mode routing method: standardizer. This value comes from Isolation_Source_SD in the QA aggregate, not directly from the raw metadata field; inspect contributing raw variants before deciding."
head tissue,1,head tissue,tissue,sample_type,route_to_sample_type,Sample_Type_SD,,,needs_review,Sample-material signal; preserve source context only when independently supported.,unreviewed,,,,"Batch 2 - sample materials. Current mode routing method: standardizer. This value comes from Isolation_Source_SD in the QA aggregate, not directly from the raw metadata field; inspect contributing raw variants before deciding."
Heel ulcer Tissue,1,Heel ulcer Tissue,tissue,sample_type,route_to_sample_type,Sample_Type_SD,,,needs_review,Sample-material signal; preserve source context only when independently supported.,unreviewed,,,,"Batch 2 - sample materials. Current mode routing method: standardizer. This value comes from Isolation_Source_SD in the QA aggregate, not directly from the raw metadata field; inspect contributing raw variants before deciding."
HEK293T,1,HEK293T,,raw_code_or_artifact,route_to_non_source_descriptor,suppressed/non_source_descriptor,,,needs_review,Descriptor-like signal; verify raw variants before adding a suppression rule.,unreviewed,,,,"Batch 1 - metadata descriptors. Current mode routing method: standardizer. This value comes from Isolation_Source_SD in the QA aggregate, not directly from the raw metadata field; inspect contributing raw variants before deciding."
hemolymph of infected host,1,hemolymph of infected host,,disease,route_to_disease_or_health_state,Host_Disease_SD / Host_Health_State_SD,,,needs_review,Disease or health-state signal; preserve independent material and site evidence.,unreviewed,,,,"Batch 7 - disease and health state. Current mode routing method: standardizer. This value comes from Isolation_Source_SD in the QA aggregate, not directly from the raw metadata field; inspect contributing raw variants before deciding."
hepatocellular carcinoma tissue,1,hepatocellular carcinoma tissue,tissue,sample_type,route_to_sample_type,Sample_Type_SD,,,needs_review,Sample-material signal; preserve source context only when independently supported.,unreviewed,,,,"Batch 2 - sample materials. Current mode routing method: standardizer. This value comes from Isolation_Source_SD in the QA aggregate, not directly from the raw metadata field; inspect contributing raw variants before deciding."
Herder1,1,Herder1,,raw_code_or_artifact,route_to_non_source_descriptor,suppressed/non_source_descriptor,,,needs_review,Descriptor-like signal; verify raw variants before adding a suppression rule.,unreviewed,,,,"Batch 1 - metadata descriptors. Current mode routing method: standardizer. This value comes from Isolation_Source_SD in the QA aggregate, not directly from the raw metadata field; inspect contributing raw variants before deciding."
Herder16,1,Herder16,,raw_code_or_artifact,route_to_non_source_descriptor,suppressed/non_source_descriptor,,,needs_review,Descriptor-like signal; verify raw variants before adding a suppression rule.,unreviewed,,,,"Batch 1 - metadata descriptors. Current mode routing method: standardizer. This value comes from Isolation_Source_SD in the QA aggregate, not directly from the raw metadata field; inspect contributing raw variants before deciding."
Herder2,1,Herder2,,raw_code_or_artifact,route_to_non_source_descriptor,suppressed/non_source_descriptor,,,needs_review,Descriptor-like signal; verify raw variants before adding a suppression rule.,unreviewed,,,,"Batch 1 - metadata descriptors. Current mode routing method: standardizer. This value comes from Isolation_Source_SD in the QA aggregate, not directly from the raw metadata field; inspect contributing raw variants before deciding."
Herder3,1,Herder3,,raw_code_or_artifact,route_to_non_source_descriptor,suppressed/non_source_descriptor,,,needs_review,Descriptor-like signal; verify raw variants before adding a suppression rule.,unreviewed,,,,"Batch 1 - metadata descriptors. Current mode routing method: standardizer. This value comes from Isolation_Source_SD in the QA aggregate, not directly from the raw metadata field; inspect contributing raw variants before deciding."
Herder30,1,Herder30,,raw_code_or_artifact,route_to_non_source_descriptor,suppressed/non_source_descriptor,,,needs_review,Descriptor-like signal; verify raw variants before adding a suppression rule.,unreviewed,,,,"Batch 1 - metadata descriptors. Current mode routing method: standardizer. This value comes from Isolation_Source_SD in the QA aggregate, not directly from the raw metadata field; inspect contributing raw variants before deciding."
Herder37,1,Herder37,,raw_code_or_artifact,route_to_non_source_descriptor,suppressed/non_source_descriptor,,,needs_review,Descriptor-like signal; verify raw variants before adding a suppression rule.,unreviewed,,,,"Batch 1 - metadata descriptors. Current mode routing method: standardizer. This value comes from Isolation_Source_SD in the QA aggregate, not directly from the raw metadata field; inspect contributing raw variants before deciding."
Herder45,1,Herder45,,raw_code_or_artifact,route_to_non_source_descriptor,suppressed/non_source_descriptor,,,needs_review,Descriptor-like signal; verify raw variants before adding a suppression rule.,unreviewed,,,,"Batch 1 - metadata descriptors. Current mode routing method: standardizer. This value comes from Isolation_Source_SD in the QA aggregate, not directly from the raw metadata field; inspect contributing raw variants before deciding."
Herder5,1,Herder5,,raw_code_or_artifact,route_to_non_source_descriptor,suppressed/non_source_descriptor,,,needs_review,Descriptor-like signal; verify raw variants before adding a suppression rule.,unreviewed,,,,"Batch 1 - metadata descriptors. Current mode routing method: standardizer. This value comes from Isolation_Source_SD in the QA aggregate, not directly from the raw metadata field; inspect contributing raw variants before deciding."
Herder6,1,Herder6,,raw_code_or_artifact,route_to_non_source_descriptor,suppressed/non_source_descriptor,,,needs_review,Descriptor-like signal; verify raw variants before adding a suppression rule.,unreviewed,,,,"Batch 1 - metadata descriptors. Current mode routing method: standardizer. This value comes from Isolation_Source_SD in the QA aggregate, not directly from the raw metadata field; inspect contributing raw variants before deciding."
Herder8,1,Herder8,,raw_code_or_artifact,route_to_non_source_descriptor,suppressed/non_source_descriptor,,,needs_review,Descriptor-like signal; verify raw variants before adding a suppression rule.,unreviewed,,,,"Batch 1 - metadata descriptors. Current mode routing method: standardizer. This value comes from Isolation_Source_SD in the QA aggregate, not directly from the raw metadata field; inspect contributing raw variants before deciding."
hip tissue,1,hip tissue,tissue,sample_type,route_to_sample_type,Sample_Type_SD,,,needs_review,Sample-material signal; preserve source context only when independently supported.,unreviewed,,,,"Batch 2 - sample materials. Current mode routing method: standardizer. This value comes from Isolation_Source_SD in the QA aggregate, not directly from the raw metadata field; inspect contributing raw variants before deciding."
HIV infected individual,1,HIV infected individual,,disease,route_to_disease_or_health_state,Host_Disease_SD / Host_Health_State_SD,,,needs_review,Disease or health-state signal; preserve independent material and site evidence.,unreviewed,,,,"Batch 7 - disease and health state. Current mode routing method: standardizer. This value comes from Isolation_Source_SD in the QA aggregate, not directly from the raw metadata field; inspect contributing raw variants before deciding."
Homogenized tissue of Zophobas morio larvae colonized with Ec-042 at T28 exp 8,1,Homogenized tissue of Zophobas morio larvae colonized with Ec-042 at T28 exp 8,tissue,sample_type,route_to_sample_type,Sample_Type_SD,,,needs_review,Sample-material signal; preserve source context only when independently supported.,unreviewed,,,,"Batch 2 - sample materials. Current mode routing method: standardizer. This value comes from Isolation_Source_SD in the QA aggregate, not directly from the raw metadata field; inspect contributing raw variants before deciding."
Homogenized tissue of Zophobas morio larvae colonized with Ec-042 at T28 exp6,1,Homogenized tissue of Zophobas morio larvae colonized with Ec-042 at T28 exp6,tissue,sample_type,route_to_sample_type,Sample_Type_SD,,,needs_review,Sample-material signal; preserve source context only when independently supported.,unreviewed,,,,"Batch 2 - sample materials. Current mode routing method: standardizer. This value comes from Isolation_Source_SD in the QA aggregate, not directly from the raw metadata field; inspect contributing raw variants before deciding."
Homogenized tissue of Zophobas morio larvae colonized with Ec-050 at T21 exp 9,1,Homogenized tissue of Zophobas morio larvae colonized with Ec-050 at T21 exp 9,tissue,sample_type,route_to_sample_type,Sample_Type_SD,,,needs_review,Sample-material signal; preserve source context only when independently supported.,unreviewed,,,,"Batch 2 - sample materials. Current mode routing method: standardizer. This value comes from Isolation_Source_SD in the QA aggregate, not directly from the raw metadata field; inspect contributing raw variants before deciding."
Homogenized tissue of Zophobas morio larvae colonized with Ec-050 at T28 exp 7,1,Homogenized tissue of Zophobas morio larvae colonized with Ec-050 at T28 exp 7,tissue,sample_type,route_to_sample_type,Sample_Type_SD,,,needs_review,Sample-material signal; preserve source context only when independently supported.,unreviewed,,,,"Batch 2 - sample materials. Current mode routing method: standardizer. This value comes from Isolation_Source_SD in the QA aggregate, not directly from the raw metadata field; inspect contributing raw variants before deciding."
Homogenized tissue of Zophobas morio larvae colonized with Ec-4901.28 at T21 exp9,1,Homogenized tissue of Zophobas morio larvae colonized with Ec-4901.28 at T21 exp9,tissue,sample_type,route_to_sample_type,Sample_Type_SD,,,needs_review,Sample-material signal; preserve source context only when independently supported.,unreviewed,,,,"Batch 2 - sample materials. Current mode routing method: standardizer. This value comes from Isolation_Source_SD in the QA aggregate, not directly from the raw metadata field; inspect contributing raw variants before deciding."
Homogenized tissue of Zophobas morio larvae colonized with Ec-4901.28 at T28 exp 11,1,Homogenized tissue of Zophobas morio larvae colonized with Ec-4901.28 at T28 exp 11,tissue,sample_type,route_to_sample_type,Sample_Type_SD,,,needs_review,Sample-material signal; preserve source context only when independently supported.,unreviewed,,,,"Batch 2 - sample materials. Current mode routing method: standardizer. This value comes from Isolation_Source_SD in the QA aggregate, not directly from the raw metadata field; inspect contributing raw variants before deciding."
host body (fish),1,host body (fish),,host_taxon_or_context,route_to_host_context,Host_Context_SD / host-associated context,,,needs_review,Host-only signal requires raw context before source or host routing.,unreviewed,,,,"Batch 6 - host context. Current mode routing method: standardizer. This value comes from Isolation_Source_SD in the QA aggregate, not directly from the raw metadata field; inspect contributing raw variants before deciding."
host trophosiom tissue,1,host trophosiom tissue,tissue,sample_type,route_to_sample_type,Sample_Type_SD,,,needs_review,Sample-material signal; preserve source context only when independently supported.,unreviewed,,,,"Batch 2 - sample materials. Current mode routing method: standardizer. This value comes from Isolation_Source_SD in the QA aggregate, not directly from the raw metadata field; inspect contributing raw variants before deciding."
host-2,1,host-2,,raw_code_or_artifact,route_to_non_source_descriptor,suppressed/non_source_descriptor,,,needs_review,Descriptor-like signal; verify raw variants before adding a suppression rule.,unreviewed,,,,"Batch 1 - metadata descriptors. Current mode routing method: standardizer. This value comes from Isolation_Source_SD in the QA aggregate, not directly from the raw metadata field; inspect contributing raw variants before deciding."
Hs746T_Afa_24h,1,Hs746T_Afa_24h,,raw_code_or_artifact,route_to_non_source_descriptor,suppressed/non_source_descriptor,,,needs_review,Descriptor-like signal; verify raw variants before adding a suppression rule.,unreviewed,,,,"Batch 1 - metadata descriptors. Current mode routing method: standardizer. This value comes from Isolation_Source_SD in the QA aggregate, not directly from the raw metadata field; inspect contributing raw variants before deciding."
Hs746T_untreated_4h,1,Hs746T_untreated_4h,,raw_code_or_artifact,route_to_non_source_descriptor,suppressed/non_source_descriptor,,,needs_review,Descriptor-like signal; verify raw variants before adding a suppression rule.,unreviewed,,,,"Batch 1 - metadata descriptors. Current mode routing method: standardizer. This value comes from Isolation_Source_SD in the QA aggregate, not directly from the raw metadata field; inspect contributing raw variants before deciding."
Human carious dentine,1,Human carious dentine,host-associated context,host_taxon_or_context,route_to_host_context,Host_Context_SD / host-associated context,,,needs_review,Host-only signal requires raw context before source or host routing.,unreviewed,,,,"Batch 6 - host context. Current mode routing method: standardizer. This value comes from Isolation_Source_SD in the QA aggregate, not directly from the raw metadata field; inspect contributing raw variants before deciding."
Human gingival crevice,1,Human gingival crevice,host-associated context,host_taxon_or_context,route_to_host_context,Host_Context_SD / host-associated context,,,needs_review,Host-only signal requires raw context before source or host routing.,unreviewed,,,,"Batch 6 - host context. Current mode routing method: standardizer. This value comes from Isolation_Source_SD in the QA aggregate, not directly from the raw metadata field; inspect contributing raw variants before deciding."
hun21,1,hun21,,raw_code_or_artifact,route_to_non_source_descriptor,suppressed/non_source_descriptor,,,needs_review,Descriptor-like signal; verify raw variants before adding a suppression rule.,unreviewed,,,,"Batch 1 - metadata descriptors. Current mode routing method: standardizer. This value comes from Isolation_Source_SD in the QA aggregate, not directly from the raw metadata field; inspect contributing raw variants before deciding."
hun31,1,hun31,,raw_code_or_artifact,route_to_non_source_descriptor,suppressed/non_source_descriptor,,,needs_review,Descriptor-like signal; verify raw variants before adding a suppression rule.,unreviewed,,,,"Batch 1 - metadata descriptors. Current mode routing method: standardizer. This value comes from Isolation_Source_SD in the QA aggregate, not directly from the raw metadata field; inspect contributing raw variants before deciding."
hun33,1,hun33,,raw_code_or_artifact,route_to_non_source_descriptor,suppressed/non_source_descriptor,,,needs_review,Descriptor-like signal; verify raw variants before adding a suppression rule.,unreviewed,,,,"Batch 1 - metadata descriptors. Current mode routing method: standardizer. This value comes from Isolation_Source_SD in the QA aggregate, not directly from the raw metadata field; inspect contributing raw variants before deciding."
hun35,1,hun35,,raw_code_or_artifact,route_to_non_source_descriptor,suppressed/non_source_descriptor,,,needs_review,Descriptor-like signal; verify raw variants before adding a suppression rule.,unreviewed,,,,"Batch 1 - metadata descriptors. Current mode routing method: standardizer. This value comes from Isolation_Source_SD in the QA aggregate, not directly from the raw metadata field; inspect contributing raw variants before deciding."
hun39,1,hun39,,raw_code_or_artifact,route_to_non_source_descriptor,suppressed/non_source_descriptor,,,needs_review,Descriptor-like signal; verify raw variants before adding a suppression rule.,unreviewed,,,,"Batch 1 - metadata descriptors. Current mode routing method: standardizer. This value comes from Isolation_Source_SD in the QA aggregate, not directly from the raw metadata field; inspect contributing raw variants before deciding."
hun41,1,hun41,,raw_code_or_artifact,route_to_non_source_descriptor,suppressed/non_source_descriptor,,,needs_review,Descriptor-like signal; verify raw variants before adding a suppression rule.,unreviewed,,,,"Batch 1 - metadata descriptors. Current mode routing method: standardizer. This value comes from Isolation_Source_SD in the QA aggregate, not directly from the raw metadata field; inspect contributing raw variants before deciding."
Hybrid_cDNASeq_08,1,Hybrid_cDNASeq_08,,raw_code_or_artifact,route_to_non_source_descriptor,suppressed/non_source_descriptor,,,needs_review,Descriptor-like signal; verify raw variants before adding a suppression rule.,unreviewed,,,,"Batch 1 - metadata descriptors. Current mode routing method: standardizer. This value comes from Isolation_Source_SD in the QA aggregate, not directly from the raw metadata field; inspect contributing raw variants before deciding."
hydrolized feather animal meal,1,hydrolized feather animal meal,,host_taxon_or_context,route_to_host_context,Host_Context_SD / host-associated context,,,needs_review,Host-only signal requires raw context before source or host routing.,unreviewed,,,,"Batch 6 - host context. Current mode routing method: standardizer. This value comes from Isolation_Source_SD in the QA aggregate, not directly from the raw metadata field; inspect contributing raw variants before deciding."
Hydrothorax_P1_BU24,1,Hydrothorax_P1_BU24,,raw_code_or_artifact,route_to_non_source_descriptor,suppressed/non_source_descriptor,,,needs_review,Descriptor-like signal; verify raw variants before adding a suppression rule.,unreviewed,,,,"Batch 1 - metadata descriptors. Current mode routing method: standardizer. This value comes from Isolation_Source_SD in the QA aggregate, not directly from the raw metadata field; inspect contributing raw variants before deciding."
I015,1,I015,,raw_code_or_artifact,route_to_non_source_descriptor,suppressed/non_source_descriptor,,,needs_review,Descriptor-like signal; verify raw variants before adding a suppression rule.,unreviewed,,,,"Batch 1 - metadata descriptors. Current mode routing method: standardizer. This value comes from Isolation_Source_SD in the QA aggregate, not directly from the raw metadata field; inspect contributing raw variants before deciding."
I016,1,I016,,raw_code_or_artifact,route_to_non_source_descriptor,suppressed/non_source_descriptor,,,needs_review,Descriptor-like signal; verify raw variants before adding a suppression rule.,unreviewed,,,,"Batch 1 - metadata descriptors. Current mode routing method: standardizer. This value comes from Isolation_Source_SD in the QA aggregate, not directly from the raw metadata field; inspect contributing raw variants before deciding."
I033,1,I033,,raw_code_or_artifact,route_to_non_source_descriptor,suppressed/non_source_descriptor,,,needs_review,Descriptor-like signal; verify raw variants before adding a suppression rule.,unreviewed,,,,"Batch 1 - metadata descriptors. Current mode routing method: standardizer. This value comes from Isolation_Source_SD in the QA aggregate, not directly from the raw metadata field; inspect contributing raw variants before deciding."
I051,1,I051,,raw_code_or_artifact,route_to_non_source_descriptor,suppressed/non_source_descriptor,,,needs_review,Descriptor-like signal; verify raw variants before adding a suppression rule.,unreviewed,,,,"Batch 1 - metadata descriptors. Current mode routing method: standardizer. This value comes from Isolation_Source_SD in the QA aggregate, not directly from the raw metadata field; inspect contributing raw variants before deciding."
IBET-151_R1,1,IBET-151_R1,,raw_code_or_artifact,route_to_non_source_descriptor,suppressed/non_source_descriptor,,,needs_review,Descriptor-like signal; verify raw variants before adding a suppression rule.,unreviewed,,,,"Batch 1 - metadata descriptors. Current mode routing method: standardizer. This value comes from Isolation_Source_SD in the QA aggregate, not directly from the raw metadata field; inspect contributing raw variants before deciding."
IgG.s_5,1,IgG.s_5,,raw_code_or_artifact,route_to_non_source_descriptor,suppressed/non_source_descriptor,,,needs_review,Descriptor-like signal; verify raw variants before adding a suppression rule.,unreviewed,,,,"Batch 1 - metadata descriptors. Current mode routing method: standardizer. This value comes from Isolation_Source_SD in the QA aggregate, not directly from the raw metadata field; inspect contributing raw variants before deciding."
Ileal mucosa of a 12-week-old female TNF DeltaARE mouse,1,Ileal mucosa of a 12-week-old female TNF DeltaARE mouse,,host_taxon_or_context,route_to_host_context,Host_Context_SD / host-associated context,,,needs_review,Host-only signal requires raw context before source or host routing.,unreviewed,,,,"Batch 6 - host context. Current mode routing method: standardizer. This value comes from Isolation_Source_SD in the QA aggregate, not directly from the raw metadata field; inspect contributing raw variants before deciding."
iMPP1,1,iMPP1,,raw_code_or_artifact,route_to_non_source_descriptor,suppressed/non_source_descriptor,,,needs_review,Descriptor-like signal; verify raw variants before adding a suppression rule.,unreviewed,,,,"Batch 1 - metadata descriptors. Current mode routing method: standardizer. This value comes from Isolation_Source_SD in the QA aggregate, not directly from the raw metadata field; inspect contributing raw variants before deciding."
Incision Dehiscence Tissue - R Thigh,1,Incision Dehiscence Tissue - R Thigh,tissue,sample_type,route_to_sample_type,Sample_Type_SD,,,needs_review,Sample-material signal; preserve source context only when independently supported.,unreviewed,,,,"Batch 2 - sample materials. Current mode routing method: standardizer. This value comes from Isolation_Source_SD in the QA aggregate, not directly from the raw metadata field; inspect contributing raw variants before deciding."
Incision Tissue,1,Incision Tissue,tissue,sample_type,route_to_sample_type,Sample_Type_SD,,,needs_review,Sample-material signal; preserve source context only when independently supported.,unreviewed,,,,"Batch 2 - sample materials. Current mode routing method: standardizer. This value comes from Isolation_Source_SD in the QA aggregate, not directly from the raw metadata field; inspect contributing raw variants before deciding."
incision tissue,1,incision tissue,tissue,sample_type,route_to_sample_type,Sample_Type_SD,,,needs_review,Sample-material signal; preserve source context only when independently supported.,unreviewed,,,,"Batch 2 - sample materials. Current mode routing method: standardizer. This value comes from Isolation_Source_SD in the QA aggregate, not directly from the raw metadata field; inspect contributing raw variants before deciding."
Infant faeces,1,Infant faeces,,sample_type,route_to_sample_type,Sample_Type_SD,,,needs_review,Sample-material signal; preserve source context only when independently supported.,unreviewed,,,,"Batch 2 - sample materials. Current mode routing method: standardizer. This value comes from Isolation_Source_SD in the QA aggregate, not directly from the raw metadata field; inspect contributing raw variants before deciding."
infant faeces,1,infant faeces,,sample_type,route_to_sample_type,Sample_Type_SD,,,needs_review,Sample-material signal; preserve source context only when independently supported.,unreviewed,,,,"Batch 2 - sample materials. Current mode routing method: standardizer. This value comes from Isolation_Source_SD in the QA aggregate, not directly from the raw metadata field; inspect contributing raw variants before deciding."
Infected limb joint,1,Infected limb joint,,disease,route_to_disease_or_health_state,Host_Disease_SD / Host_Health_State_SD,,,needs_review,Disease or health-state signal; preserve independent material and site evidence.,unreviewed,,,,"Batch 7 - disease and health state. Current mode routing method: standardizer. This value comes from Isolation_Source_SD in the QA aggregate, not directly from the raw metadata field; inspect contributing raw variants before deciding."
Infected maize seeds,1,Infected maize seeds,,disease,route_to_disease_or_health_state,Host_Disease_SD / Host_Health_State_SD,,,needs_review,Disease or health-state signal; preserve independent material and site evidence.,unreviewed,,,,"Batch 7 - disease and health state. Current mode routing method: standardizer. This value comes from Isolation_Source_SD in the QA aggregate, not directly from the raw metadata field; inspect contributing raw variants before deciding."
Infected Mulberry Trees,1,Infected Mulberry Trees,,disease,route_to_disease_or_health_state,Host_Disease_SD / Host_Health_State_SD,,,needs_review,Disease or health-state signal; preserve independent material and site evidence.,unreviewed,,,,"Batch 7 - disease and health state. Current mode routing method: standardizer. This value comes from Isolation_Source_SD in the QA aggregate, not directly from the raw metadata field; inspect contributing raw variants before deciding."
Infected nail well,1,Infected nail well,,disease,route_to_disease_or_health_state,Host_Disease_SD / Host_Health_State_SD,,,needs_review,Disease or health-state signal; preserve independent material and site evidence.,unreviewed,,,,"Batch 7 - disease and health state. Current mode routing method: standardizer. This value comes from Isolation_Source_SD in the QA aggregate, not directly from the raw metadata field; inspect contributing raw variants before deciding."
infected napier grass,1,infected napier grass,,disease,route_to_disease_or_health_state,Host_Disease_SD / Host_Health_State_SD,,,needs_review,Disease or health-state signal; preserve independent material and site evidence.,unreviewed,,,,"Batch 7 - disease and health state. Current mode routing method: standardizer. This value comes from Isolation_Source_SD in the QA aggregate, not directly from the raw metadata field; inspect contributing raw variants before deciding."
infected Surti Goat,1,infected Surti Goat,,disease,route_to_disease_or_health_state,Host_Disease_SD / Host_Health_State_SD,,,needs_review,Disease or health-state signal; preserve independent material and site evidence.,unreviewed,,,,"Batch 7 - disease and health state. Current mode routing method: standardizer. This value comes from Isolation_Source_SD in the QA aggregate, not directly from the raw metadata field; inspect contributing raw variants before deciding."
infected WLH birds,1,infected WLH birds,,disease,route_to_disease_or_health_state,Host_Disease_SD / Host_Health_State_SD,,,needs_review,Disease or health-state signal; preserve independent material and site evidence.,unreviewed,,,,"Batch 7 - disease and health state. Current mode routing method: standardizer. This value comes from Isolation_Source_SD in the QA aggregate, not directly from the raw metadata field; inspect contributing raw variants before deciding."
Input_H2171,1,Input_H2171,,raw_code_or_artifact,route_to_non_source_descriptor,suppressed/non_source_descriptor,,,needs_review,Descriptor-like signal; verify raw variants before adding a suppression rule.,unreviewed,,,,"Batch 1 - metadata descriptors. Current mode routing method: standardizer. This value comes from Isolation_Source_SD in the QA aggregate, not directly from the raw metadata field; inspect contributing raw variants before deciding."
input_WT_30C_rep1,1,input_WT_30C_rep1,,raw_code_or_artifact,route_to_non_source_descriptor,suppressed/non_source_descriptor,,,needs_review,Descriptor-like signal; verify raw variants before adding a suppression rule.,unreviewed,,,,"Batch 1 - metadata descriptors. Current mode routing method: standardizer. This value comes from Isolation_Source_SD in the QA aggregate, not directly from the raw metadata field; inspect contributing raw variants before deciding."
insect tissue,1,insect tissue,tissue,sample_type,route_to_sample_type,Sample_Type_SD,,,needs_review,Sample-material signal; preserve source context only when independently supported.,unreviewed,,,,"Batch 2 - sample materials. Current mode routing method: standardizer. This value comes from Isolation_Source_SD in the QA aggregate, not directly from the raw metadata field; inspect contributing raw variants before deciding."
IRIS TISSUE,1,IRIS TISSUE,tissue,sample_type,route_to_sample_type,Sample_Type_SD,,,needs_review,Sample-material signal; preserve source context only when independently supported.,unreviewed,,,,"Batch 2 - sample materials. Current mode routing method: standardizer. This value comes from Isolation_Source_SD in the QA aggregate, not directly from the raw metadata field; inspect contributing raw variants before deciding."
Ixodes ricinus larvae cultured in MKP-F (human serum),1,Ixodes ricinus larvae cultured in MKP-F (human serum),,sample_type|host_taxon_or_context,route_to_sample_type,Sample_Type_SD,,,needs_review,Sample-material signal; preserve source context only when independently supported.,unreviewed,,,,"Batch 2 - sample materials. Current mode routing method: standardizer. This value comes from Isolation_Source_SD in the QA aggregate, not directly from the raw metadata field; inspect contributing raw variants before deciding."
Jaw lesion in adult cow,1,Jaw lesion in adult cow,,host_taxon_or_context,route_to_host_context,Host_Context_SD / host-associated context,,,needs_review,Host-only signal requires raw context before source or host routing.,unreviewed,,,,"Batch 6 - host context. Current mode routing method: standardizer. This value comes from Isolation_Source_SD in the QA aggregate, not directly from the raw metadata field; inspect contributing raw variants before deciding."
Jax4,1,Jax4,,raw_code_or_artifact,route_to_non_source_descriptor,suppressed/non_source_descriptor,,,needs_review,Descriptor-like signal; verify raw variants before adding a suppression rule.,unreviewed,,,,"Batch 1 - metadata descriptors. Current mode routing method: standardizer. This value comes from Isolation_Source_SD in the QA aggregate, not directly from the raw metadata field; inspect contributing raw variants before deciding."
Jax6,1,Jax6,,raw_code_or_artifact,route_to_non_source_descriptor,suppressed/non_source_descriptor,,,needs_review,Descriptor-like signal; verify raw variants before adding a suppression rule.,unreviewed,,,,"Batch 1 - metadata descriptors. Current mode routing method: standardizer. This value comes from Isolation_Source_SD in the QA aggregate, not directly from the raw metadata field; inspect contributing raw variants before deciding."
Jeko-1-Sen_DMSO_6hr,1,Jeko-1-Sen_DMSO_6hr,,raw_code_or_artifact,route_to_non_source_descriptor,suppressed/non_source_descriptor,,,needs_review,Descriptor-like signal; verify raw variants before adding a suppression rule.,unreviewed,,,,"Batch 1 - metadata descriptors. Current mode routing method: standardizer. This value comes from Isolation_Source_SD in the QA aggregate, not directly from the raw metadata field; inspect contributing raw variants before deciding."
JPB1,1,JPB1,,raw_code_or_artifact,route_to_non_source_descriptor,suppressed/non_source_descriptor,,,needs_review,Descriptor-like signal; verify raw variants before adding a suppression rule.,unreviewed,,,,"Batch 1 - metadata descriptors. Current mode routing method: standardizer. This value comes from Isolation_Source_SD in the QA aggregate, not directly from the raw metadata field; inspect contributing raw variants before deciding."
K562_flavopiridol_exp-1,1,K562_flavopiridol_exp-1,,raw_code_or_artifact,route_to_non_source_descriptor,suppressed/non_source_descriptor,,,needs_review,Descriptor-like signal; verify raw variants before adding a suppression rule.,unreviewed,,,,"Batch 1 - metadata descriptors. Current mode routing method: standardizer. This value comes from Isolation_Source_SD in the QA aggregate, not directly from the raw metadata field; inspect contributing raw variants before deciding."
kangaroo tail dog chew,1,kangaroo tail dog chew,,host_taxon_or_context,route_to_host_context,Host_Context_SD / host-associated context,,,needs_review,Host-only signal requires raw context before source or host routing.,unreviewed,,,,"Batch 6 - host context. Current mode routing method: standardizer. This value comes from Isolation_Source_SD in the QA aggregate, not directly from the raw metadata field; inspect contributing raw variants before deciding."
kelp meal for animal,1,kelp meal for animal,,host_taxon_or_context,route_to_host_context,Host_Context_SD / host-associated context,,,needs_review,Host-only signal requires raw context before source or host routing.,unreviewed,,,,"Batch 6 - host context. Current mode routing method: standardizer. This value comes from Isolation_Source_SD in the QA aggregate, not directly from the raw metadata field; inspect contributing raw variants before deciding."
kelp tissue,1,kelp tissue,tissue,sample_type,route_to_sample_type,Sample_Type_SD,,,needs_review,Sample-material signal; preserve source context only when independently supported.,unreviewed,,,,"Batch 2 - sample materials. Current mode routing method: standardizer. This value comes from Isolation_Source_SD in the QA aggregate, not directly from the raw metadata field; inspect contributing raw variants before deciding."
Knee tissue,1,Knee tissue,tissue,sample_type,route_to_sample_type,Sample_Type_SD,,,needs_review,Sample-material signal; preserve source context only when independently supported.,unreviewed,,,,"Batch 2 - sample materials. Current mode routing method: standardizer. This value comes from Isolation_Source_SD in the QA aggregate, not directly from the raw metadata field; inspect contributing raw variants before deciding."
KPN7,1,KPN7,,raw_code_or_artifact,route_to_non_source_descriptor,suppressed/non_source_descriptor,,,needs_review,Descriptor-like signal; verify raw variants before adding a suppression rule.,unreviewed,,,,"Batch 1 - metadata descriptors. Current mode routing method: standardizer. This value comes from Isolation_Source_SD in the QA aggregate, not directly from the raw metadata field; inspect contributing raw variants before deciding."
Kre33-data-I,1,Kre33-data-I,,raw_code_or_artifact,route_to_non_source_descriptor,suppressed/non_source_descriptor,,,needs_review,Descriptor-like signal; verify raw variants before adding a suppression rule.,unreviewed,,,,"Batch 1 - metadata descriptors. Current mode routing method: standardizer. This value comes from Isolation_Source_SD in the QA aggregate, not directly from the raw metadata field; inspect contributing raw variants before deciding."
Kre33-data-II,1,Kre33-data-II,,raw_code_or_artifact,route_to_non_source_descriptor,suppressed/non_source_descriptor,,,needs_review,Descriptor-like signal; verify raw variants before adding a suppression rule.,unreviewed,,,,"Batch 1 - metadata descriptors. Current mode routing method: standardizer. This value comes from Isolation_Source_SD in the QA aggregate, not directly from the raw metadata field; inspect contributing raw variants before deciding."
Kusaya gravy (fermented brine used for the production dried fish),1,Kusaya gravy (fermented brine used for the production dried fish),,host_taxon_or_context,route_to_host_context,Host_Context_SD / host-associated context,,,needs_review,Host-only signal requires raw context before source or host routing.,unreviewed,,,,"Batch 6 - host context. Current mode routing method: standardizer. This value comes from Isolation_Source_SD in the QA aggregate, not directly from the raw metadata field; inspect contributing raw variants before deciding."
L Heel Tissue,1,L Heel Tissue,tissue,sample_type,route_to_sample_type,Sample_Type_SD,,,needs_review,Sample-material signal; preserve source context only when independently supported.,unreviewed,,,,"Batch 2 - sample materials. Current mode routing method: standardizer. This value comes from Isolation_Source_SD in the QA aggregate, not directly from the raw metadata field; inspect contributing raw variants before deciding."
LA16BALB_18S,1,LA16BALB_18S,,raw_code_or_artifact,route_to_non_source_descriptor,suppressed/non_source_descriptor,,,needs_review,Descriptor-like signal; verify raw variants before adding a suppression rule.,unreviewed,,,,"Batch 1 - metadata descriptors. Current mode routing method: standardizer. This value comes from Isolation_Source_SD in the QA aggregate, not directly from the raw metadata field; inspect contributing raw variants before deciding."
lamb faeces,1,lamb faeces,,sample_type,route_to_sample_type,Sample_Type_SD,,,needs_review,Sample-material signal; preserve source context only when independently supported.,unreviewed,,,,"Batch 2 - sample materials. Current mode routing method: standardizer. This value comes from Isolation_Source_SD in the QA aggregate, not directly from the raw metadata field; inspect contributing raw variants before deciding."
Larson prairie dog colony,1,Larson prairie dog colony,,host_taxon_or_context,route_to_host_context,Host_Context_SD / host-associated context,,,needs_review,Host-only signal requires raw context before source or host routing.,unreviewed,,,,"Batch 6 - host context. Current mode routing method: standardizer. This value comes from Isolation_Source_SD in the QA aggregate, not directly from the raw metadata field; inspect contributing raw variants before deciding."
leaf tissue,1,leaf tissue,tissue,sample_type,route_to_sample_type,Sample_Type_SD,,,needs_review,Sample-material signal; preserve source context only when independently supported.,unreviewed,,,,"Batch 2 - sample materials. Current mode routing method: dictionary. This value comes from Isolation_Source_SD in the QA aggregate, not directly from the raw metadata field; inspect contributing raw variants before deciding."
Left arm tissue,1,Left arm tissue,tissue,sample_type,route_to_sample_type,Sample_Type_SD,,,needs_review,Sample-material signal; preserve source context only when independently supported.,unreviewed,,,,"Batch 2 - sample materials. Current mode routing method: standardizer. This value comes from Isolation_Source_SD in the QA aggregate, not directly from the raw metadata field; inspect contributing raw variants before deciding."
Left femur of elderly Sprague Dawley rat,1,Left femur of elderly Sprague Dawley rat,,host_taxon_or_context,route_to_host_context,Host_Context_SD / host-associated context,,,needs_review,Host-only signal requires raw context before source or host routing.,unreviewed,,,,"Batch 6 - host context. Current mode routing method: standardizer. This value comes from Isolation_Source_SD in the QA aggregate, not directly from the raw metadata field; inspect contributing raw variants before deciding."
Left Hand Tissue,1,Left Hand Tissue,tissue,sample_type,route_to_sample_type,Sample_Type_SD,,,needs_review,Sample-material signal; preserve source context only when independently supported.,unreviewed,,,,"Batch 2 - sample materials. Current mode routing method: standardizer. This value comes from Isolation_Source_SD in the QA aggregate, not directly from the raw metadata field; inspect contributing raw variants before deciding."
Left Knee Tissue,1,Left Knee Tissue,tissue,sample_type,route_to_sample_type,Sample_Type_SD,,,needs_review,Sample-material signal; preserve source context only when independently supported.,unreviewed,,,,"Batch 2 - sample materials. Current mode routing method: standardizer. This value comes from Isolation_Source_SD in the QA aggregate, not directly from the raw metadata field; inspect contributing raw variants before deciding."
Left Olecranon Bursa Tissue,1,Left Olecranon Bursa Tissue,tissue,sample_type,route_to_sample_type,Sample_Type_SD,,,needs_review,Sample-material signal; preserve source context only when independently supported.,unreviewed,,,,"Batch 2 - sample materials. Current mode routing method: standardizer. This value comes from Isolation_Source_SD in the QA aggregate, not directly from the raw metadata field; inspect contributing raw variants before deciding."
left thigh tissue,1,left thigh tissue,tissue,sample_type,route_to_sample_type,Sample_Type_SD,,,needs_review,Sample-material signal; preserve source context only when independently supported.,unreviewed,,,,"Batch 2 - sample materials. Current mode routing method: standardizer. This value comes from Isolation_Source_SD in the QA aggregate, not directly from the raw metadata field; inspect contributing raw variants before deciding."
Left Toe Tissue,1,Left Toe Tissue,tissue,sample_type,route_to_sample_type,Sample_Type_SD,,,needs_review,Sample-material signal; preserve source context only when independently supported.,unreviewed,,,,"Batch 2 - sample materials. Current mode routing method: standardizer. This value comes from Isolation_Source_SD in the QA aggregate, not directly from the raw metadata field; inspect contributing raw variants before deciding."
Left upper extremity tissue,1,Left upper extremity tissue,tissue,sample_type,route_to_sample_type,Sample_Type_SD,,,needs_review,Sample-material signal; preserve source context only when independently supported.,unreviewed,,,,"Batch 2 - sample materials. Current mode routing method: standardizer. This value comes from Isolation_Source_SD in the QA aggregate, not directly from the raw metadata field; inspect contributing raw variants before deciding."
lichen tissue from bark of Buchanania latifolia,1,lichen tissue from bark of Buchanania latifolia,tissue,sample_type,route_to_sample_type,Sample_Type_SD,,,needs_review,Sample-material signal; preserve source context only when independently supported.,unreviewed,,,,"Batch 2 - sample materials. Current mode routing method: standardizer. This value comes from Isolation_Source_SD in the QA aggregate, not directly from the raw metadata field; inspect contributing raw variants before deciding."
Lift Hip Tissue,1,Lift Hip Tissue,tissue,sample_type,route_to_sample_type,Sample_Type_SD,,,needs_review,Sample-material signal; preserve source context only when independently supported.,unreviewed,,,,"Batch 2 - sample materials. Current mode routing method: standardizer. This value comes from Isolation_Source_SD in the QA aggregate, not directly from the raw metadata field; inspect contributing raw variants before deciding."
Lip Tissue,1,Lip Tissue,tissue,sample_type,route_to_sample_type,Sample_Type_SD,,,needs_review,Sample-material signal; preserve source context only when independently supported.,unreviewed,,,,"Batch 2 - sample materials. Current mode routing method: standardizer. This value comes from Isolation_Source_SD in the QA aggregate, not directly from the raw metadata field; inspect contributing raw variants before deciding."
Lizard Faeces,1,Lizard Faeces,,sample_type,route_to_sample_type,Sample_Type_SD,,,needs_review,Sample-material signal; preserve source context only when independently supported.,unreviewed,,,,"Batch 2 - sample materials. Current mode routing method: standardizer. This value comes from Isolation_Source_SD in the QA aggregate, not directly from the raw metadata field; inspect contributing raw variants before deciding."
Lizard faeces,1,Lizard faeces,,sample_type,route_to_sample_type,Sample_Type_SD,,,needs_review,Sample-material signal; preserve source context only when independently supported.,unreviewed,,,,"Batch 2 - sample materials. Current mode routing method: standardizer. This value comes from Isolation_Source_SD in the QA aggregate, not directly from the raw metadata field; inspect contributing raw variants before deciding."
"Lizard, faeces",1,"Lizard, faeces",,sample_type,route_to_sample_type,Sample_Type_SD,,,needs_review,Sample-material signal; preserve source context only when independently supported.,unreviewed,,,,"Batch 2 - sample materials. Current mode routing method: standardizer. This value comes from Isolation_Source_SD in the QA aggregate, not directly from the raw metadata field; inspect contributing raw variants before deciding."
LLE Tissue,1,LLE Tissue,tissue,sample_type,route_to_sample_type,Sample_Type_SD,,,needs_review,Sample-material signal; preserve source context only when independently supported.,unreviewed,,,,"Batch 2 - sample materials. Current mode routing method: standardizer. This value comes from Isolation_Source_SD in the QA aggregate, not directly from the raw metadata field; inspect contributing raw variants before deciding."
Locker_P140_BU25,1,Locker_P140_BU25,,raw_code_or_artifact,route_to_non_source_descriptor,suppressed/non_source_descriptor,,,needs_review,Descriptor-like signal; verify raw variants before adding a suppression rule.,unreviewed,,,,"Batch 1 - metadata descriptors. Current mode routing method: standardizer. This value comes from Isolation_Source_SD in the QA aggregate, not directly from the raw metadata field; inspect contributing raw variants before deciding."
Locker_P23_BU25,1,Locker_P23_BU25,,raw_code_or_artifact,route_to_non_source_descriptor,suppressed/non_source_descriptor,,,needs_review,Descriptor-like signal; verify raw variants before adding a suppression rule.,unreviewed,,,,"Batch 1 - metadata descriptors. Current mode routing method: standardizer. This value comes from Isolation_Source_SD in the QA aggregate, not directly from the raw metadata field; inspect contributing raw variants before deciding."
Locker_P44_BU19,1,Locker_P44_BU19,,raw_code_or_artifact,route_to_non_source_descriptor,suppressed/non_source_descriptor,,,needs_review,Descriptor-like signal; verify raw variants before adding a suppression rule.,unreviewed,,,,"Batch 1 - metadata descriptors. Current mode routing method: standardizer. This value comes from Isolation_Source_SD in the QA aggregate, not directly from the raw metadata field; inspect contributing raw variants before deciding."
Locker_P77_BU10,1,Locker_P77_BU10,,raw_code_or_artifact,route_to_non_source_descriptor,suppressed/non_source_descriptor,,,needs_review,Descriptor-like signal; verify raw variants before adding a suppression rule.,unreviewed,,,,"Batch 1 - metadata descriptors. Current mode routing method: standardizer. This value comes from Isolation_Source_SD in the QA aggregate, not directly from the raw metadata field; inspect contributing raw variants before deciding."
Lumbar Spine tissue,1,Lumbar Spine tissue,tissue,sample_type,route_to_sample_type,Sample_Type_SD,,,needs_review,Sample-material signal; preserve source context only when independently supported.,unreviewed,,,,"Batch 2 - sample materials. Current mode routing method: standardizer. This value comes from Isolation_Source_SD in the QA aggregate, not directly from the raw metadata field; inspect contributing raw variants before deciding."
Lumbar Tissue,1,Lumbar Tissue,tissue,sample_type,route_to_sample_type,Sample_Type_SD,,,needs_review,Sample-material signal; preserve source context only when independently supported.,unreviewed,,,,"Batch 2 - sample materials. Current mode routing method: standardizer. This value comes from Isolation_Source_SD in the QA aggregate, not directly from the raw metadata field; inspect contributing raw variants before deciding."
Lungs tissue,1,Lungs tissue,tissue,sample_type,route_to_sample_type,Sample_Type_SD,,,needs_review,Sample-material signal; preserve source context only when independently supported.,unreviewed,,,,"Batch 2 - sample materials. Current mode routing method: standardizer. This value comes from Isolation_Source_SD in the QA aggregate, not directly from the raw metadata field; inspect contributing raw variants before deciding."
mac tissue,1,mac tissue,tissue,sample_type,route_to_sample_type,Sample_Type_SD,,,needs_review,Sample-material signal; preserve source context only when independently supported.,unreviewed,,,,"Batch 2 - sample materials. Current mode routing method: standardizer. This value comes from Isolation_Source_SD in the QA aggregate, not directly from the raw metadata field; inspect contributing raw variants before deciding."
mandibular lymphnode (abscess),1,mandibular lymphnode (abscess),,disease,route_to_disease_or_health_state,Host_Disease_SD / Host_Health_State_SD,,,needs_review,Disease or health-state signal; preserve independent material and site evidence.,unreviewed,,,,"Batch 7 - disease and health state. Current mode routing method: standardizer. This value comes from Isolation_Source_SD in the QA aggregate, not directly from the raw metadata field; inspect contributing raw variants before deciding."
mantle tissue,1,mantle tissue,tissue,sample_type,route_to_sample_type,Sample_Type_SD,,,needs_review,Sample-material signal; preserve source context only when independently supported.,unreviewed,,,,"Batch 2 - sample materials. Current mode routing method: standardizer. This value comes from Isolation_Source_SD in the QA aggregate, not directly from the raw metadata field; inspect contributing raw variants before deciding."
Manubrium Tissue,1,Manubrium Tissue,tissue,sample_type,route_to_sample_type,Sample_Type_SD,,,needs_review,Sample-material signal; preserve source context only when independently supported.,unreviewed,,,,"Batch 2 - sample materials. Current mode routing method: standardizer. This value comes from Isolation_Source_SD in the QA aggregate, not directly from the raw metadata field; inspect contributing raw variants before deciding."
Mare placental tissue,1,Mare placental tissue,tissue,sample_type,route_to_sample_type,Sample_Type_SD,,,needs_review,Sample-material signal; preserve source context only when independently supported.,unreviewed,,,,"Batch 2 - sample materials. Current mode routing method: standardizer. This value comes from Isolation_Source_SD in the QA aggregate, not directly from the raw metadata field; inspect contributing raw variants before deciding."
Mastoid Tissue,1,Mastoid Tissue,tissue,sample_type,route_to_sample_type,Sample_Type_SD,,,needs_review,Sample-material signal; preserve source context only when independently supported.,unreviewed,,,,"Batch 2 - sample materials. Current mode routing method: standardizer. This value comes from Isolation_Source_SD in the QA aggregate, not directly from the raw metadata field; inspect contributing raw variants before deciding."
MCF7_4hrs_post_E2,1,MCF7_4hrs_post_E2,,raw_code_or_artifact,route_to_non_source_descriptor,suppressed/non_source_descriptor,,,needs_review,Descriptor-like signal; verify raw variants before adding a suppression rule.,unreviewed,,,,"Batch 1 - metadata descriptors. Current mode routing method: standardizer. This value comes from Isolation_Source_SD in the QA aggregate, not directly from the raw metadata field; inspect contributing raw variants before deciding."
MCF7_5hrs_post_E2,1,MCF7_5hrs_post_E2,,raw_code_or_artifact,route_to_non_source_descriptor,suppressed/non_source_descriptor,,,needs_review,Descriptor-like signal; verify raw variants before adding a suppression rule.,unreviewed,,,,"Batch 1 - metadata descriptors. Current mode routing method: standardizer. This value comes from Isolation_Source_SD in the QA aggregate, not directly from the raw metadata field; inspect contributing raw variants before deciding."
MDA-MB-231_WT,1,MDA-MB-231_WT,,raw_code_or_artifact,route_to_non_source_descriptor,suppressed/non_source_descriptor,,,needs_review,Descriptor-like signal; verify raw variants before adding a suppression rule.,unreviewed,,,,"Batch 1 - metadata descriptors. Current mode routing method: standardizer. This value comes from Isolation_Source_SD in the QA aggregate, not directly from the raw metadata field; inspect contributing raw variants before deciding."
Meat1,1,Meat1,,raw_code_or_artifact,route_to_non_source_descriptor,suppressed/non_source_descriptor,,,needs_review,Descriptor-like signal; verify raw variants before adding a suppression rule.,unreviewed,,,,"Batch 1 - metadata descriptors. Current mode routing method: standardizer. This value comes from Isolation_Source_SD in the QA aggregate, not directly from the raw metadata field; inspect contributing raw variants before deciding."
Meat2,1,Meat2,,raw_code_or_artifact,route_to_non_source_descriptor,suppressed/non_source_descriptor,,,needs_review,Descriptor-like signal; verify raw variants before adding a suppression rule.,unreviewed,,,,"Batch 1 - metadata descriptors. Current mode routing method: standardizer. This value comes from Isolation_Source_SD in the QA aggregate, not directly from the raw metadata field; inspect contributing raw variants before deciding."
medium McCoy infected cells,1,medium McCoy infected cells,,disease,route_to_disease_or_health_state,Host_Disease_SD / Host_Health_State_SD,,,needs_review,Disease or health-state signal; preserve independent material and site evidence.,unreviewed,,,,"Batch 7 - disease and health state. Current mode routing method: standardizer. This value comes from Isolation_Source_SD in the QA aggregate, not directly from the raw metadata field; inspect contributing raw variants before deciding."
Meningeal tissue of necropsy,1,Meningeal tissue of necropsy,tissue,sample_type,route_to_sample_type,Sample_Type_SD,,,needs_review,Sample-material signal; preserve source context only when independently supported.,unreviewed,,,,"Batch 2 - sample materials. Current mode routing method: standardizer. This value comes from Isolation_Source_SD in the QA aggregate, not directly from the raw metadata field; inspect contributing raw variants before deciding."
midgut tissue,1,midgut tissue,tissue,sample_type,route_to_sample_type,Sample_Type_SD,,,needs_review,Sample-material signal; preserve source context only when independently supported.,unreviewed,,,,"Batch 2 - sample materials. Current mode routing method: standardizer. This value comes from Isolation_Source_SD in the QA aggregate, not directly from the raw metadata field; inspect contributing raw variants before deciding."
mix tissue,1,mix tissue,tissue,sample_type,route_to_sample_type,Sample_Type_SD,,,needs_review,Sample-material signal; preserve source context only when independently supported.,unreviewed,,,,"Batch 2 - sample materials. Current mode routing method: standardizer. This value comes from Isolation_Source_SD in the QA aggregate, not directly from the raw metadata field; inspect contributing raw variants before deciding."
MKN7_untreated_24h,1,MKN7_untreated_24h,,raw_code_or_artifact,route_to_non_source_descriptor,suppressed/non_source_descriptor,,,needs_review,Descriptor-like signal; verify raw variants before adding a suppression rule.,unreviewed,,,,"Batch 1 - metadata descriptors. Current mode routing method: standardizer. This value comes from Isolation_Source_SD in the QA aggregate, not directly from the raw metadata field; inspect contributing raw variants before deciding."
MKN7_untreated_4h,1,MKN7_untreated_4h,,raw_code_or_artifact,route_to_non_source_descriptor,suppressed/non_source_descriptor,,,needs_review,Descriptor-like signal; verify raw variants before adding a suppression rule.,unreviewed,,,,"Batch 1 - metadata descriptors. Current mode routing method: standardizer. This value comes from Isolation_Source_SD in the QA aggregate, not directly from the raw metadata field; inspect contributing raw variants before deciding."
monitor tissue composite,1,monitor tissue composite,tissue,sample_type,route_to_sample_type,Sample_Type_SD,,,needs_review,Sample-material signal; preserve source context only when independently supported.,unreviewed,,,,"Batch 2 - sample materials. Current mode routing method: standardizer. This value comes from Isolation_Source_SD in the QA aggregate, not directly from the raw metadata field; inspect contributing raw variants before deciding."
"Mouse CD4 and CD8 positive T cells, Thymus, FACS",1,"Mouse CD4 and CD8 positive T cells, Thymus, FACS",,host_taxon_or_context,route_to_host_context,Host_Context_SD / host-associated context,,,needs_review,Host-only signal requires raw context before source or host routing.,unreviewed,,,,"Batch 6 - host context. Current mode routing method: standardizer. This value comes from Isolation_Source_SD in the QA aggregate, not directly from the raw metadata field; inspect contributing raw variants before deciding."
"mouse embryo, day 10",1,"mouse embryo, day 10",,host_taxon_or_context,route_to_host_context,Host_Context_SD / host-associated context,,,needs_review,Host-only signal requires raw context before source or host routing.,unreviewed,,,,"Batch 6 - host context. Current mode routing method: standardizer. This value comes from Isolation_Source_SD in the QA aggregate, not directly from the raw metadata field; inspect contributing raw variants before deciding."
Mouse embryonic fibroblasts,1,Mouse embryonic fibroblasts,,host_taxon_or_context,route_to_host_context,Host_Context_SD / host-associated context,,,needs_review,Host-only signal requires raw context before source or host routing.,unreviewed,,,,"Batch 6 - host context. Current mode routing method: standardizer. This value comes from Isolation_Source_SD in the QA aggregate, not directly from the raw metadata field; inspect contributing raw variants before deciding."
mouse embryos,1,mouse embryos,,host_taxon_or_context,route_to_host_context,Host_Context_SD / host-associated context,,,needs_review,Host-only signal requires raw context before source or host routing.,unreviewed,,,,"Batch 6 - host context. Current mode routing method: standardizer. This value comes from Isolation_Source_SD in the QA aggregate, not directly from the raw metadata field; inspect contributing raw variants before deciding."
"mouse fibroblast NIH3T3 cells, infected with MHV-68",1,"mouse fibroblast NIH3T3 cells, infected with MHV-68",,disease|host_taxon_or_context,route_to_disease_or_health_state,Host_Disease_SD / Host_Health_State_SD,,,needs_review,Disease or health-state signal; preserve independent material and site evidence.,unreviewed,,,,"Batch 7 - disease and health state. Current mode routing method: standardizer. This value comes from Isolation_Source_SD in the QA aggregate, not directly from the raw metadata field; inspect contributing raw variants before deciding."
Mouse microbiota,1,Mouse microbiota,,host_taxon_or_context,route_to_host_context,Host_Context_SD / host-associated context,,,needs_review,Host-only signal requires raw context before source or host routing.,unreviewed,,,,"Batch 6 - host context. Current mode routing method: standardizer. This value comes from Isolation_Source_SD in the QA aggregate, not directly from the raw metadata field; inspect contributing raw variants before deciding."
mouse necropsy,1,mouse necropsy,,host_taxon_or_context,route_to_host_context,Host_Context_SD / host-associated context,,,needs_review,Host-only signal requires raw context before source or host routing.,unreviewed,,,,"Batch 6 - host context. Current mode routing method: standardizer. This value comes from Isolation_Source_SD in the QA aggregate, not directly from the raw metadata field; inspect contributing raw variants before deciding."
mouse passage,1,mouse passage,,host_taxon_or_context,route_to_host_context,Host_Context_SD / host-associated context,,,needs_review,Host-only signal requires raw context before source or host routing.,unreviewed,,,,"Batch 6 - host context. Current mode routing method: standardizer. This value comes from Isolation_Source_SD in the QA aggregate, not directly from the raw metadata field; inspect contributing raw variants before deciding."
MR_Ser_Gly_free_Pyr_Ph2,1,MR_Ser_Gly_free_Pyr_Ph2,,raw_code_or_artifact,route_to_non_source_descriptor,suppressed/non_source_descriptor,,,needs_review,Descriptor-like signal; verify raw variants before adding a suppression rule.,unreviewed,,,,"Batch 1 - metadata descriptors. Current mode routing method: standardizer. This value comes from Isolation_Source_SD in the QA aggregate, not directly from the raw metadata field; inspect contributing raw variants before deciding."
Mstd2,1,Mstd2,,raw_code_or_artifact,route_to_non_source_descriptor,suppressed/non_source_descriptor,,,needs_review,Descriptor-like signal; verify raw variants before adding a suppression rule.,unreviewed,,,,"Batch 1 - metadata descriptors. Current mode routing method: standardizer. This value comes from Isolation_Source_SD in the QA aggregate, not directly from the raw metadata field; inspect contributing raw variants before deciding."
mud bottom (0-1cm deep and water deep: 5m),1,mud bottom (0-1cm deep and water deep: 5m),,environment_medium,route_to_environment_medium,Environment_Medium_SD,,,needs_review,Environmental-medium signal; retain broad source context only when intentional.,unreviewed,,,,"Batch 4 - environmental media. Current mode routing method: standardizer. This value comes from Isolation_Source_SD in the QA aggregate, not directly from the raw metadata field; inspect contributing raw variants before deciding."
Mulberry blight tissue,1,Mulberry blight tissue,tissue,sample_type,route_to_sample_type,Sample_Type_SD,,,needs_review,Sample-material signal; preserve source context only when independently supported.,unreviewed,,,,"Batch 2 - sample materials. Current mode routing method: standardizer. This value comes from Isolation_Source_SD in the QA aggregate, not directly from the raw metadata field; inspect contributing raw variants before deciding."
multiple tissue camelid,1,multiple tissue camelid,tissue,sample_type,route_to_sample_type,Sample_Type_SD,,,needs_review,Sample-material signal; preserve source context only when independently supported.,unreviewed,,,,"Batch 2 - sample materials. Current mode routing method: standardizer. This value comes from Isolation_Source_SD in the QA aggregate, not directly from the raw metadata field; inspect contributing raw variants before deciding."
Mut18-H3K122ac-2,1,Mut18-H3K122ac-2,,raw_code_or_artifact,route_to_non_source_descriptor,suppressed/non_source_descriptor,,,needs_review,Descriptor-like signal; verify raw variants before adding a suppression rule.,unreviewed,,,,"Batch 1 - metadata descriptors. Current mode routing method: standardizer. This value comes from Isolation_Source_SD in the QA aggregate, not directly from the raw metadata field; inspect contributing raw variants before deciding."
Mut18-H4K5ac-1,1,Mut18-H4K5ac-1,,raw_code_or_artifact,route_to_non_source_descriptor,suppressed/non_source_descriptor,,,needs_review,Descriptor-like signal; verify raw variants before adding a suppression rule.,unreviewed,,,,"Batch 1 - metadata descriptors. Current mode routing method: standardizer. This value comes from Isolation_Source_SD in the QA aggregate, not directly from the raw metadata field; inspect contributing raw variants before deciding."
Mut18-H4K8ac-2,1,Mut18-H4K8ac-2,,raw_code_or_artifact,route_to_non_source_descriptor,suppressed/non_source_descriptor,,,needs_review,Descriptor-like signal; verify raw variants before adding a suppression rule.,unreviewed,,,,"Batch 1 - metadata descriptors. Current mode routing method: standardizer. This value comes from Isolation_Source_SD in the QA aggregate, not directly from the raw metadata field; inspect contributing raw variants before deciding."
Mut43-H3K122ac-2,1,Mut43-H3K122ac-2,,raw_code_or_artifact,route_to_non_source_descriptor,suppressed/non_source_descriptor,,,needs_review,Descriptor-like signal; verify raw variants before adding a suppression rule.,unreviewed,,,,"Batch 1 - metadata descriptors. Current mode routing method: standardizer. This value comes from Isolation_Source_SD in the QA aggregate, not directly from the raw metadata field; inspect contributing raw variants before deciding."
Mut43-H3K18ac-1,1,Mut43-H3K18ac-1,,raw_code_or_artifact,route_to_non_source_descriptor,suppressed/non_source_descriptor,,,needs_review,Descriptor-like signal; verify raw variants before adding a suppression rule.,unreviewed,,,,"Batch 1 - metadata descriptors. Current mode routing method: standardizer. This value comes from Isolation_Source_SD in the QA aggregate, not directly from the raw metadata field; inspect contributing raw variants before deciding."
Mut43-H3K18ac-2,1,Mut43-H3K18ac-2,,raw_code_or_artifact,route_to_non_source_descriptor,suppressed/non_source_descriptor,,,needs_review,Descriptor-like signal; verify raw variants before adding a suppression rule.,unreviewed,,,,"Batch 1 - metadata descriptors. Current mode routing method: standardizer. This value comes from Isolation_Source_SD in the QA aggregate, not directly from the raw metadata field; inspect contributing raw variants before deciding."
Mut43-H3K27me3-1,1,Mut43-H3K27me3-1,,raw_code_or_artifact,route_to_non_source_descriptor,suppressed/non_source_descriptor,,,needs_review,Descriptor-like signal; verify raw variants before adding a suppression rule.,unreviewed,,,,"Batch 1 - metadata descriptors. Current mode routing method: standardizer. This value comes from Isolation_Source_SD in the QA aggregate, not directly from the raw metadata field; inspect contributing raw variants before deciding."
Mut43-H3K27me3-2,1,Mut43-H3K27me3-2,,raw_code_or_artifact,route_to_non_source_descriptor,suppressed/non_source_descriptor,,,needs_review,Descriptor-like signal; verify raw variants before adding a suppression rule.,unreviewed,,,,"Batch 1 - metadata descriptors. Current mode routing method: standardizer. This value comes from Isolation_Source_SD in the QA aggregate, not directly from the raw metadata field; inspect contributing raw variants before deciding."
Mut43-H3K4me1-1,1,Mut43-H3K4me1-1,,raw_code_or_artifact,route_to_non_source_descriptor,suppressed/non_source_descriptor,,,needs_review,Descriptor-like signal; verify raw variants before adding a suppression rule.,unreviewed,,,,"Batch 1 - metadata descriptors. Current mode routing method: standardizer. This value comes from Isolation_Source_SD in the QA aggregate, not directly from the raw metadata field; inspect contributing raw variants before deciding."
Mut43-H3K4me3-1,1,Mut43-H3K4me3-1,,raw_code_or_artifact,route_to_non_source_descriptor,suppressed/non_source_descriptor,,,needs_review,Descriptor-like signal; verify raw variants before adding a suppression rule.,unreviewed,,,,"Batch 1 - metadata descriptors. Current mode routing method: standardizer. This value comes from Isolation_Source_SD in the QA aggregate, not directly from the raw metadata field; inspect contributing raw variants before deciding."
Mut43-H3K9ac-1,1,Mut43-H3K9ac-1,,raw_code_or_artifact,route_to_non_source_descriptor,suppressed/non_source_descriptor,,,needs_review,Descriptor-like signal; verify raw variants before adding a suppression rule.,unreviewed,,,,"Batch 1 - metadata descriptors. Current mode routing method: standardizer. This value comes from Isolation_Source_SD in the QA aggregate, not directly from the raw metadata field; inspect contributing raw variants before deciding."
NA_chicken3,1,NA_chicken3,,raw_code_or_artifact,route_to_non_source_descriptor,suppressed/non_source_descriptor,,,needs_review,Descriptor-like signal; verify raw variants before adding a suppression rule.,unreviewed,,,,"Batch 1 - metadata descriptors. Current mode routing method: standardizer. This value comes from Isolation_Source_SD in the QA aggregate, not directly from the raw metadata field; inspect contributing raw variants before deciding."
National Veterinary Research Institute PIWet Puawy (animal origin),1,National Veterinary Research Institute PIWet Puawy (animal origin),,host_taxon_or_context,route_to_host_context,Host_Context_SD / host-associated context,,,needs_review,Host-only signal requires raw context before source or host routing.,unreviewed,,,,"Batch 6 - host context. Current mode routing method: standardizer. This value comes from Isolation_Source_SD in the QA aggregate, not directly from the raw metadata field; inspect contributing raw variants before deciding."
nature unknown,1,nature unknown,,metadata_descriptor,route_to_non_source_descriptor,suppressed/non_source_descriptor,,,needs_review,Descriptor-like signal; verify raw variants before adding a suppression rule.,unreviewed,,,,"Batch 1 - metadata descriptors. Current mode routing method: standardizer. This value comes from Isolation_Source_SD in the QA aggregate, not directly from the raw metadata field; inspect contributing raw variants before deciding."
Nebuliser_NA_BU12,1,Nebuliser_NA_BU12,,raw_code_or_artifact,route_to_non_source_descriptor,suppressed/non_source_descriptor,,,needs_review,Descriptor-like signal; verify raw variants before adding a suppression rule.,unreviewed,,,,"Batch 1 - metadata descriptors. Current mode routing method: standardizer. This value comes from Isolation_Source_SD in the QA aggregate, not directly from the raw metadata field; inspect contributing raw variants before deciding."
Nebuliser_NA_BU13,1,Nebuliser_NA_BU13,,raw_code_or_artifact,route_to_non_source_descriptor,suppressed/non_source_descriptor,,,needs_review,Descriptor-like signal; verify raw variants before adding a suppression rule.,unreviewed,,,,"Batch 1 - metadata descriptors. Current mode routing method: standardizer. This value comes from Isolation_Source_SD in the QA aggregate, not directly from the raw metadata field; inspect contributing raw variants before deciding."
Nebuliser_NA_BU21,1,Nebuliser_NA_BU21,,raw_code_or_artifact,route_to_non_source_descriptor,suppressed/non_source_descriptor,,,needs_review,Descriptor-like signal; verify raw variants before adding a suppression rule.,unreviewed,,,,"Batch 1 - metadata descriptors. Current mode routing method: standardizer. This value comes from Isolation_Source_SD in the QA aggregate, not directly from the raw metadata field; inspect contributing raw variants before deciding."
Nebuliser_NA_BU6,1,Nebuliser_NA_BU6,,raw_code_or_artifact,route_to_non_source_descriptor,suppressed/non_source_descriptor,,,needs_review,Descriptor-like signal; verify raw variants before adding a suppression rule.,unreviewed,,,,"Batch 1 - metadata descriptors. Current mode routing method: standardizer. This value comes from Isolation_Source_SD in the QA aggregate, not directly from the raw metadata field; inspect contributing raw variants before deciding."
Nebuliser_P101_BU13,1,Nebuliser_P101_BU13,,raw_code_or_artifact,route_to_non_source_descriptor,suppressed/non_source_descriptor,,,needs_review,Descriptor-like signal; verify raw variants before adding a suppression rule.,unreviewed,,,,"Batch 1 - metadata descriptors. Current mode routing method: standardizer. This value comes from Isolation_Source_SD in the QA aggregate, not directly from the raw metadata field; inspect contributing raw variants before deciding."
Nebuliser_P108_BU14,1,Nebuliser_P108_BU14,,raw_code_or_artifact,route_to_non_source_descriptor,suppressed/non_source_descriptor,,,needs_review,Descriptor-like signal; verify raw variants before adding a suppression rule.,unreviewed,,,,"Batch 1 - metadata descriptors. Current mode routing method: standardizer. This value comes from Isolation_Source_SD in the QA aggregate, not directly from the raw metadata field; inspect contributing raw variants before deciding."
Nebuliser_P10_BU11,1,Nebuliser_P10_BU11,,raw_code_or_artifact,route_to_non_source_descriptor,suppressed/non_source_descriptor,,,needs_review,Descriptor-like signal; verify raw variants before adding a suppression rule.,unreviewed,,,,"Batch 1 - metadata descriptors. Current mode routing method: standardizer. This value comes from Isolation_Source_SD in the QA aggregate, not directly from the raw metadata field; inspect contributing raw variants before deciding."
Nebuliser_P113_BU11,1,Nebuliser_P113_BU11,,raw_code_or_artifact,route_to_non_source_descriptor,suppressed/non_source_descriptor,,,needs_review,Descriptor-like signal; verify raw variants before adding a suppression rule.,unreviewed,,,,"Batch 1 - metadata descriptors. Current mode routing method: standardizer. This value comes from Isolation_Source_SD in the QA aggregate, not directly from the raw metadata field; inspect contributing raw variants before deciding."
Nebuliser_P115_BU7,1,Nebuliser_P115_BU7,,raw_code_or_artifact,route_to_non_source_descriptor,suppressed/non_source_descriptor,,,needs_review,Descriptor-like signal; verify raw variants before adding a suppression rule.,unreviewed,,,,"Batch 1 - metadata descriptors. Current mode routing method: standardizer. This value comes from Isolation_Source_SD in the QA aggregate, not directly from the raw metadata field; inspect contributing raw variants before deciding."
Nebuliser_P121_BU10,1,Nebuliser_P121_BU10,,raw_code_or_artifact,route_to_non_source_descriptor,suppressed/non_source_descriptor,,,needs_review,Descriptor-like signal; verify raw variants before adding a suppression rule.,unreviewed,,,,"Batch 1 - metadata descriptors. Current mode routing method: standardizer. This value comes from Isolation_Source_SD in the QA aggregate, not directly from the raw metadata field; inspect contributing raw variants before deciding."
Nebuliser_P122_BU20,1,Nebuliser_P122_BU20,,raw_code_or_artifact,route_to_non_source_descriptor,suppressed/non_source_descriptor,,,needs_review,Descriptor-like signal; verify raw variants before adding a suppression rule.,unreviewed,,,,"Batch 1 - metadata descriptors. Current mode routing method: standardizer. This value comes from Isolation_Source_SD in the QA aggregate, not directly from the raw metadata field; inspect contributing raw variants before deciding."
Nebuliser_P124_BU21,1,Nebuliser_P124_BU21,,raw_code_or_artifact,route_to_non_source_descriptor,suppressed/non_source_descriptor,,,needs_review,Descriptor-like signal; verify raw variants before adding a suppression rule.,unreviewed,,,,"Batch 1 - metadata descriptors. Current mode routing method: standardizer. This value comes from Isolation_Source_SD in the QA aggregate, not directly from the raw metadata field; inspect contributing raw variants before deciding."
Nebuliser_P131_BU4,1,Nebuliser_P131_BU4,,raw_code_or_artifact,route_to_non_source_descriptor,suppressed/non_source_descriptor,,,needs_review,Descriptor-like signal; verify raw variants before adding a suppression rule.,unreviewed,,,,"Batch 1 - metadata descriptors. Current mode routing method: standardizer. This value comes from Isolation_Source_SD in the QA aggregate, not directly from the raw metadata field; inspect contributing raw variants before deciding."
Nebuliser_P134_BU7,1,Nebuliser_P134_BU7,,raw_code_or_artifact,route_to_non_source_descriptor,suppressed/non_source_descriptor,,,needs_review,Descriptor-like signal; verify raw variants before adding a suppression rule.,unreviewed,,,,"Batch 1 - metadata descriptors. Current mode routing method: standardizer. This value comes from Isolation_Source_SD in the QA aggregate, not directly from the raw metadata field; inspect contributing raw variants before deciding."
Nebuliser_P19_BU18,1,Nebuliser_P19_BU18,,raw_code_or_artifact,route_to_non_source_descriptor,suppressed/non_source_descriptor,,,needs_review,Descriptor-like signal; verify raw variants before adding a suppression rule.,unreviewed,,,,"Batch 1 - metadata descriptors. Current mode routing method: standardizer. This value comes from Isolation_Source_SD in the QA aggregate, not directly from the raw metadata field; inspect contributing raw variants before deciding."
Nebuliser_P19_BU20,1,Nebuliser_P19_BU20,,raw_code_or_artifact,route_to_non_source_descriptor,suppressed/non_source_descriptor,,,needs_review,Descriptor-like signal; verify raw variants before adding a suppression rule.,unreviewed,,,,"Batch 1 - metadata descriptors. Current mode routing method: standardizer. This value comes from Isolation_Source_SD in the QA aggregate, not directly from the raw metadata field; inspect contributing raw variants before deciding."
Nebuliser_P21_BU22,1,Nebuliser_P21_BU22,,raw_code_or_artifact,route_to_non_source_descriptor,suppressed/non_source_descriptor,,,needs_review,Descriptor-like signal; verify raw variants before adding a suppression rule.,unreviewed,,,,"Batch 1 - metadata descriptors. Current mode routing method: standardizer. This value comes from Isolation_Source_SD in the QA aggregate, not directly from the raw metadata field; inspect contributing raw variants before deciding."
Nebuliser_P26_BU28,1,Nebuliser_P26_BU28,,raw_code_or_artifact,route_to_non_source_descriptor,suppressed/non_source_descriptor,,,needs_review,Descriptor-like signal; verify raw variants before adding a suppression rule.,unreviewed,,,,"Batch 1 - metadata descriptors. Current mode routing method: standardizer. This value comes from Isolation_Source_SD in the QA aggregate, not directly from the raw metadata field; inspect contributing raw variants before deciding."
Nebuliser_P27_BU18,1,Nebuliser_P27_BU18,,raw_code_or_artifact,route_to_non_source_descriptor,suppressed/non_source_descriptor,,,needs_review,Descriptor-like signal; verify raw variants before adding a suppression rule.,unreviewed,,,,"Batch 1 - metadata descriptors. Current mode routing method: standardizer. This value comes from Isolation_Source_SD in the QA aggregate, not directly from the raw metadata field; inspect contributing raw variants before deciding."
Nebuliser_P2_BU1,1,Nebuliser_P2_BU1,,raw_code_or_artifact,route_to_non_source_descriptor,suppressed/non_source_descriptor,,,needs_review,Descriptor-like signal; verify raw variants before adding a suppression rule.,unreviewed,,,,"Batch 1 - metadata descriptors. Current mode routing method: standardizer. This value comes from Isolation_Source_SD in the QA aggregate, not directly from the raw metadata field; inspect contributing raw variants before deciding."
Nebuliser_P37_BU4,1,Nebuliser_P37_BU4,,raw_code_or_artifact,route_to_non_source_descriptor,suppressed/non_source_descriptor,,,needs_review,Descriptor-like signal; verify raw variants before adding a suppression rule.,unreviewed,,,,"Batch 1 - metadata descriptors. Current mode routing method: standardizer. This value comes from Isolation_Source_SD in the QA aggregate, not directly from the raw metadata field; inspect contributing raw variants before deciding."
Nebuliser_P46_BU24,1,Nebuliser_P46_BU24,,raw_code_or_artifact,route_to_non_source_descriptor,suppressed/non_source_descriptor,,,needs_review,Descriptor-like signal; verify raw variants before adding a suppression rule.,unreviewed,,,,"Batch 1 - metadata descriptors. Current mode routing method: standardizer. This value comes from Isolation_Source_SD in the QA aggregate, not directly from the raw metadata field; inspect contributing raw variants before deciding."
Nebuliser_P48_BU11,1,Nebuliser_P48_BU11,,raw_code_or_artifact,route_to_non_source_descriptor,suppressed/non_source_descriptor,,,needs_review,Descriptor-like signal; verify raw variants before adding a suppression rule.,unreviewed,,,,"Batch 1 - metadata descriptors. Current mode routing method: standardizer. This value comes from Isolation_Source_SD in the QA aggregate, not directly from the raw metadata field; inspect contributing raw variants before deciding."
Nebuliser_P6_BU8,1,Nebuliser_P6_BU8,,raw_code_or_artifact,route_to_non_source_descriptor,suppressed/non_source_descriptor,,,needs_review,Descriptor-like signal; verify raw variants before adding a suppression rule.,unreviewed,,,,"Batch 1 - metadata descriptors. Current mode routing method: standardizer. This value comes from Isolation_Source_SD in the QA aggregate, not directly from the raw metadata field; inspect contributing raw variants before deciding."
Nebuliser_P77_BU25,1,Nebuliser_P77_BU25,,raw_code_or_artifact,route_to_non_source_descriptor,suppressed/non_source_descriptor,,,needs_review,Descriptor-like signal; verify raw variants before adding a suppression rule.,unreviewed,,,,"Batch 1 - metadata descriptors. Current mode routing method: standardizer. This value comes from Isolation_Source_SD in the QA aggregate, not directly from the raw metadata field; inspect contributing raw variants before deciding."
Nebuliser_P79_BU12,1,Nebuliser_P79_BU12,,raw_code_or_artifact,route_to_non_source_descriptor,suppressed/non_source_descriptor,,,needs_review,Descriptor-like signal; verify raw variants before adding a suppression rule.,unreviewed,,,,"Batch 1 - metadata descriptors. Current mode routing method: standardizer. This value comes from Isolation_Source_SD in the QA aggregate, not directly from the raw metadata field; inspect contributing raw variants before deciding."
Nebuliser_P81_BU14,1,Nebuliser_P81_BU14,,raw_code_or_artifact,route_to_non_source_descriptor,suppressed/non_source_descriptor,,,needs_review,Descriptor-like signal; verify raw variants before adding a suppression rule.,unreviewed,,,,"Batch 1 - metadata descriptors. Current mode routing method: standardizer. This value comes from Isolation_Source_SD in the QA aggregate, not directly from the raw metadata field; inspect contributing raw variants before deciding."
Nebuliser_P82_BU15,1,Nebuliser_P82_BU15,,raw_code_or_artifact,route_to_non_source_descriptor,suppressed/non_source_descriptor,,,needs_review,Descriptor-like signal; verify raw variants before adding a suppression rule.,unreviewed,,,,"Batch 1 - metadata descriptors. Current mode routing method: standardizer. This value comes from Isolation_Source_SD in the QA aggregate, not directly from the raw metadata field; inspect contributing raw variants before deciding."
Nebuliser_P87_BU8,1,Nebuliser_P87_BU8,,raw_code_or_artifact,route_to_non_source_descriptor,suppressed/non_source_descriptor,,,needs_review,Descriptor-like signal; verify raw variants before adding a suppression rule.,unreviewed,,,,"Batch 1 - metadata descriptors. Current mode routing method: standardizer. This value comes from Isolation_Source_SD in the QA aggregate, not directly from the raw metadata field; inspect contributing raw variants before deciding."
Neck Tissue,1,Neck Tissue,tissue,sample_type,route_to_sample_type,Sample_Type_SD,,,needs_review,Sample-material signal; preserve source context only when independently supported.,unreviewed,,,,"Batch 2 - sample materials. Current mode routing method: standardizer. This value comes from Isolation_Source_SD in the QA aggregate, not directly from the raw metadata field; inspect contributing raw variants before deciding."
necrotic lower limb tissue,1,necrotic lower limb tissue,tissue,sample_type,route_to_sample_type,Sample_Type_SD,,,needs_review,Sample-material signal; preserve source context only when independently supported.,unreviewed,,,,"Batch 2 - sample materials. Current mode routing method: standardizer. This value comes from Isolation_Source_SD in the QA aggregate, not directly from the raw metadata field; inspect contributing raw variants before deciding."
Necrotic pancreatic tissue,1,Necrotic pancreatic tissue,tissue,sample_type,route_to_sample_type,Sample_Type_SD,,,needs_review,Sample-material signal; preserve source context only when independently supported.,unreviewed,,,,"Batch 2 - sample materials. Current mode routing method: standardizer. This value comes from Isolation_Source_SD in the QA aggregate, not directly from the raw metadata field; inspect contributing raw variants before deciding."
necrotised soft tissue,1,necrotised soft tissue,tissue,sample_type,route_to_sample_type,Sample_Type_SD,,,needs_review,Sample-material signal; preserve source context only when independently supported.,unreviewed,,,,"Batch 2 - sample materials. Current mode routing method: standardizer. This value comes from Isolation_Source_SD in the QA aggregate, not directly from the raw metadata field; inspect contributing raw variants before deciding."
neonatal calf faeces,1,neonatal calf faeces,,sample_type,route_to_sample_type,Sample_Type_SD,,,needs_review,Sample-material signal; preserve source context only when independently supported.,unreviewed,,,,"Batch 2 - sample materials. Current mode routing method: standardizer. This value comes from Isolation_Source_SD in the QA aggregate, not directly from the raw metadata field; inspect contributing raw variants before deciding."
NWASH TISSUE,1,NWASH TISSUE,tissue,sample_type,route_to_sample_type,Sample_Type_SD,,,needs_review,Sample-material signal; preserve source context only when independently supported.,unreviewed,,,,"Batch 2 - sample materials. Current mode routing method: standardizer. This value comes from Isolation_Source_SD in the QA aggregate, not directly from the raw metadata field; inspect contributing raw variants before deciding."
O_Room_1_D_Organism_1,1,O_Room_1_D_Organism_1,,raw_code_or_artifact,route_to_non_source_descriptor,suppressed/non_source_descriptor,,,needs_review,Descriptor-like signal; verify raw variants before adding a suppression rule.,unreviewed,,,,"Batch 1 - metadata descriptors. Current mode routing method: standardizer. This value comes from Isolation_Source_SD in the QA aggregate, not directly from the raw metadata field; inspect contributing raw variants before deciding."
O_Room_1_D_Organism_5,1,O_Room_1_D_Organism_5,,raw_code_or_artifact,route_to_non_source_descriptor,suppressed/non_source_descriptor,,,needs_review,Descriptor-like signal; verify raw variants before adding a suppression rule.,unreviewed,,,,"Batch 1 - metadata descriptors. Current mode routing method: standardizer. This value comes from Isolation_Source_SD in the QA aggregate, not directly from the raw metadata field; inspect contributing raw variants before deciding."
O_Room_1_D_Organism_6,1,O_Room_1_D_Organism_6,,raw_code_or_artifact,route_to_non_source_descriptor,suppressed/non_source_descriptor,,,needs_review,Descriptor-like signal; verify raw variants before adding a suppression rule.,unreviewed,,,,"Batch 1 - metadata descriptors. Current mode routing method: standardizer. This value comes from Isolation_Source_SD in the QA aggregate, not directly from the raw metadata field; inspect contributing raw variants before deciding."
O_Room_1_D_Organism_7,1,O_Room_1_D_Organism_7,,raw_code_or_artifact,route_to_non_source_descriptor,suppressed/non_source_descriptor,,,needs_review,Descriptor-like signal; verify raw variants before adding a suppression rule.,unreviewed,,,,"Batch 1 - metadata descriptors. Current mode routing method: standardizer. This value comes from Isolation_Source_SD in the QA aggregate, not directly from the raw metadata field; inspect contributing raw variants before deciding."
O_Room_2_C_Organism_1,1,O_Room_2_C_Organism_1,,raw_code_or_artifact,route_to_non_source_descriptor,suppressed/non_source_descriptor,,,needs_review,Descriptor-like signal; verify raw variants before adding a suppression rule.,unreviewed,,,,"Batch 1 - metadata descriptors. Current mode routing method: standardizer. This value comes from Isolation_Source_SD in the QA aggregate, not directly from the raw metadata field; inspect contributing raw variants before deciding."
O_Room_2_J_Organism_2,1,O_Room_2_J_Organism_2,,raw_code_or_artifact,route_to_non_source_descriptor,suppressed/non_source_descriptor,,,needs_review,Descriptor-like signal; verify raw variants before adding a suppression rule.,unreviewed,,,,"Batch 1 - metadata descriptors. Current mode routing method: standardizer. This value comes from Isolation_Source_SD in the QA aggregate, not directly from the raw metadata field; inspect contributing raw variants before deciding."
O_Room_3_D_Organism_4,1,O_Room_3_D_Organism_4,,raw_code_or_artifact,route_to_non_source_descriptor,suppressed/non_source_descriptor,,,needs_review,Descriptor-like signal; verify raw variants before adding a suppression rule.,unreviewed,,,,"Batch 1 - metadata descriptors. Current mode routing method: standardizer. This value comes from Isolation_Source_SD in the QA aggregate, not directly from the raw metadata field; inspect contributing raw variants before deciding."
O_Room_3_D_Organism_5,1,O_Room_3_D_Organism_5,,raw_code_or_artifact,route_to_non_source_descriptor,suppressed/non_source_descriptor,,,needs_review,Descriptor-like signal; verify raw variants before adding a suppression rule.,unreviewed,,,,"Batch 1 - metadata descriptors. Current mode routing method: standardizer. This value comes from Isolation_Source_SD in the QA aggregate, not directly from the raw metadata field; inspect contributing raw variants before deciding."
O_Room_3_G_Organism_1,1,O_Room_3_G_Organism_1,,raw_code_or_artifact,route_to_non_source_descriptor,suppressed/non_source_descriptor,,,needs_review,Descriptor-like signal; verify raw variants before adding a suppression rule.,unreviewed,,,,"Batch 1 - metadata descriptors. Current mode routing method: standardizer. This value comes from Isolation_Source_SD in the QA aggregate, not directly from the raw metadata field; inspect contributing raw variants before deciding."
O_Room_4_D_Organism_4,1,O_Room_4_D_Organism_4,,raw_code_or_artifact,route_to_non_source_descriptor,suppressed/non_source_descriptor,,,needs_review,Descriptor-like signal; verify raw variants before adding a suppression rule.,unreviewed,,,,"Batch 1 - metadata descriptors. Current mode routing method: standardizer. This value comes from Isolation_Source_SD in the QA aggregate, not directly from the raw metadata field; inspect contributing raw variants before deciding."
O_Room_5_D_Organism_4,1,O_Room_5_D_Organism_4,,raw_code_or_artifact,route_to_non_source_descriptor,suppressed/non_source_descriptor,,,needs_review,Descriptor-like signal; verify raw variants before adding a suppression rule.,unreviewed,,,,"Batch 1 - metadata descriptors. Current mode routing method: standardizer. This value comes from Isolation_Source_SD in the QA aggregate, not directly from the raw metadata field; inspect contributing raw variants before deciding."
O_Room_6_D_Organism_2,1,O_Room_6_D_Organism_2,,raw_code_or_artifact,route_to_non_source_descriptor,suppressed/non_source_descriptor,,,needs_review,Descriptor-like signal; verify raw variants before adding a suppression rule.,unreviewed,,,,"Batch 1 - metadata descriptors. Current mode routing method: standardizer. This value comes from Isolation_Source_SD in the QA aggregate, not directly from the raw metadata field; inspect contributing raw variants before deciding."
O_Room_6_D_Organism_3,1,O_Room_6_D_Organism_3,,raw_code_or_artifact,route_to_non_source_descriptor,suppressed/non_source_descriptor,,,needs_review,Descriptor-like signal; verify raw variants before adding a suppression rule.,unreviewed,,,,"Batch 1 - metadata descriptors. Current mode routing method: standardizer. This value comes from Isolation_Source_SD in the QA aggregate, not directly from the raw metadata field; inspect contributing raw variants before deciding."
OCILY10_C,1,OCILY10_C,,raw_code_or_artifact,route_to_non_source_descriptor,suppressed/non_source_descriptor,,,needs_review,Descriptor-like signal; verify raw variants before adding a suppression rule.,unreviewed,,,,"Batch 1 - metadata descriptors. Current mode routing method: standardizer. This value comes from Isolation_Source_SD in the QA aggregate, not directly from the raw metadata field; inspect contributing raw variants before deciding."
Offspring_582,1,Offspring_582,,raw_code_or_artifact,route_to_non_source_descriptor,suppressed/non_source_descriptor,,,needs_review,Descriptor-like signal; verify raw variants before adding a suppression rule.,unreviewed,,,,"Batch 1 - metadata descriptors. Current mode routing method: standardizer. This value comes from Isolation_Source_SD in the QA aggregate, not directly from the raw metadata field; inspect contributing raw variants before deciding."
olive knot tissue,1,olive knot tissue,tissue,sample_type,route_to_sample_type,Sample_Type_SD,,,needs_review,Sample-material signal; preserve source context only when independently supported.,unreviewed,,,,"Batch 2 - sample materials. Current mode routing method: standardizer. This value comes from Isolation_Source_SD in the QA aggregate, not directly from the raw metadata field; inspect contributing raw variants before deciding."
"olivier salad (potatoes, eggs, pickled cucumbers, carrots, chicken, peas, mayonnaise)",1,"olivier salad (potatoes, eggs, pickled cucumbers, carrots, chicken, peas, mayonnaise)",,host_taxon_or_context,route_to_food_source,Isolation_Source_SD / food context,,,needs_review,Food or commodity context requires phrase-level review; animal terms alone are insufficient.,unreviewed,,,,"Batch 5 - food and commodity context. Current mode routing method: standardizer. This value comes from Isolation_Source_SD in the QA aggregate, not directly from the raw metadata field; inspect contributing raw variants before deciding."
organ from animal collected by hunter,1,organ from animal collected by hunter,,host_taxon_or_context,route_to_host_context,Host_Context_SD / host-associated context,,,needs_review,Host-only signal requires raw context before source or host routing.,unreviewed,,,,"Batch 6 - host context. Current mode routing method: standardizer. This value comes from Isolation_Source_SD in the QA aggregate, not directly from the raw metadata field; inspect contributing raw variants before deciding."
Organoid8M_R29_C17,1,Organoid8M_R29_C17,,raw_code_or_artifact,route_to_non_source_descriptor,suppressed/non_source_descriptor,,,needs_review,Descriptor-like signal; verify raw variants before adding a suppression rule.,unreviewed,,,,"Batch 1 - metadata descriptors. Current mode routing method: standardizer. This value comes from Isolation_Source_SD in the QA aggregate, not directly from the raw metadata field; inspect contributing raw variants before deciding."
Organoid8M_R30_C40,1,Organoid8M_R30_C40,,raw_code_or_artifact,route_to_non_source_descriptor,suppressed/non_source_descriptor,,,needs_review,Descriptor-like signal; verify raw variants before adding a suppression rule.,unreviewed,,,,"Batch 1 - metadata descriptors. Current mode routing method: standardizer. This value comes from Isolation_Source_SD in the QA aggregate, not directly from the raw metadata field; inspect contributing raw variants before deciding."
Organoid8M_R30_C42,1,Organoid8M_R30_C42,,raw_code_or_artifact,route_to_non_source_descriptor,suppressed/non_source_descriptor,,,needs_review,Descriptor-like signal; verify raw variants before adding a suppression rule.,unreviewed,,,,"Batch 1 - metadata descriptors. Current mode routing method: standardizer. This value comes from Isolation_Source_SD in the QA aggregate, not directly from the raw metadata field; inspect contributing raw variants before deciding."
Organoid8M_R30_C48,1,Organoid8M_R30_C48,,raw_code_or_artifact,route_to_non_source_descriptor,suppressed/non_source_descriptor,,,needs_review,Descriptor-like signal; verify raw variants before adding a suppression rule.,unreviewed,,,,"Batch 1 - metadata descriptors. Current mode routing method: standardizer. This value comes from Isolation_Source_SD in the QA aggregate, not directly from the raw metadata field; inspect contributing raw variants before deciding."
Organoid8M_R30_C51,1,Organoid8M_R30_C51,,raw_code_or_artifact,route_to_non_source_descriptor,suppressed/non_source_descriptor,,,needs_review,Descriptor-like signal; verify raw variants before adding a suppression rule.,unreviewed,,,,"Batch 1 - metadata descriptors. Current mode routing method: standardizer. This value comes from Isolation_Source_SD in the QA aggregate, not directly from the raw metadata field; inspect contributing raw variants before deciding."
Organoid8M_R30_C6,1,Organoid8M_R30_C6,,raw_code_or_artifact,route_to_non_source_descriptor,suppressed/non_source_descriptor,,,needs_review,Descriptor-like signal; verify raw variants before adding a suppression rule.,unreviewed,,,,"Batch 1 - metadata descriptors. Current mode routing method: standardizer. This value comes from Isolation_Source_SD in the QA aggregate, not directly from the raw metadata field; inspect contributing raw variants before deciding."
Organoid8M_R30_C60,1,Organoid8M_R30_C60,,raw_code_or_artifact,route_to_non_source_descriptor,suppressed/non_source_descriptor,,,needs_review,Descriptor-like signal; verify raw variants before adding a suppression rule.,unreviewed,,,,"Batch 1 - metadata descriptors. Current mode routing method: standardizer. This value comes from Isolation_Source_SD in the QA aggregate, not directly from the raw metadata field; inspect contributing raw variants before deciding."
Organoid8M_R31_C12,1,Organoid8M_R31_C12,,raw_code_or_artifact,route_to_non_source_descriptor,suppressed/non_source_descriptor,,,needs_review,Descriptor-like signal; verify raw variants before adding a suppression rule.,unreviewed,,,,"Batch 1 - metadata descriptors. Current mode routing method: standardizer. This value comes from Isolation_Source_SD in the QA aggregate, not directly from the raw metadata field; inspect contributing raw variants before deciding."
Organoid8M_R31_C25,1,Organoid8M_R31_C25,,raw_code_or_artifact,route_to_non_source_descriptor,suppressed/non_source_descriptor,,,needs_review,Descriptor-like signal; verify raw variants before adding a suppression rule.,unreviewed,,,,"Batch 1 - metadata descriptors. Current mode routing method: standardizer. This value comes from Isolation_Source_SD in the QA aggregate, not directly from the raw metadata field; inspect contributing raw variants before deciding."
Organoid8M_R31_C28,1,Organoid8M_R31_C28,,raw_code_or_artifact,route_to_non_source_descriptor,suppressed/non_source_descriptor,,,needs_review,Descriptor-like signal; verify raw variants before adding a suppression rule.,unreviewed,,,,"Batch 1 - metadata descriptors. Current mode routing method: standardizer. This value comes from Isolation_Source_SD in the QA aggregate, not directly from the raw metadata field; inspect contributing raw variants before deciding."
Organoid8M_R31_C40,1,Organoid8M_R31_C40,,raw_code_or_artifact,route_to_non_source_descriptor,suppressed/non_source_descriptor,,,needs_review,Descriptor-like signal; verify raw variants before adding a suppression rule.,unreviewed,,,,"Batch 1 - metadata descriptors. Current mode routing method: standardizer. This value comes from Isolation_Source_SD in the QA aggregate, not directly from the raw metadata field; inspect contributing raw variants before deciding."
Organoid8M_R31_C46,1,Organoid8M_R31_C46,,raw_code_or_artifact,route_to_non_source_descriptor,suppressed/non_source_descriptor,,,needs_review,Descriptor-like signal; verify raw variants before adding a suppression rule.,unreviewed,,,,"Batch 1 - metadata descriptors. Current mode routing method: standardizer. This value comes from Isolation_Source_SD in the QA aggregate, not directly from the raw metadata field; inspect contributing raw variants before deciding."
Organoid8M_R31_C47,1,Organoid8M_R31_C47,,raw_code_or_artifact,route_to_non_source_descriptor,suppressed/non_source_descriptor,,,needs_review,Descriptor-like signal; verify raw variants before adding a suppression rule.,unreviewed,,,,"Batch 1 - metadata descriptors. Current mode routing method: standardizer. This value comes from Isolation_Source_SD in the QA aggregate, not directly from the raw metadata field; inspect contributing raw variants before deciding."
Organoid8M_R31_C64,1,Organoid8M_R31_C64,,raw_code_or_artifact,route_to_non_source_descriptor,suppressed/non_source_descriptor,,,needs_review,Descriptor-like signal; verify raw variants before adding a suppression rule.,unreviewed,,,,"Batch 1 - metadata descriptors. Current mode routing method: standardizer. This value comes from Isolation_Source_SD in the QA aggregate, not directly from the raw metadata field; inspect contributing raw variants before deciding."
Organoid8M_R32_C0,1,Organoid8M_R32_C0,,raw_code_or_artifact,route_to_non_source_descriptor,suppressed/non_source_descriptor,,,needs_review,Descriptor-like signal; verify raw variants before adding a suppression rule.,unreviewed,,,,"Batch 1 - metadata descriptors. Current mode routing method: standardizer. This value comes from Isolation_Source_SD in the QA aggregate, not directly from the raw metadata field; inspect contributing raw variants before deciding."
Organoid8M_R32_C14,1,Organoid8M_R32_C14,,raw_code_or_artifact,route_to_non_source_descriptor,suppressed/non_source_descriptor,,,needs_review,Descriptor-like signal; verify raw variants before adding a suppression rule.,unreviewed,,,,"Batch 1 - metadata descriptors. Current mode routing method: standardizer. This value comes from Isolation_Source_SD in the QA aggregate, not directly from the raw metadata field; inspect contributing raw variants before deciding."
Organoid8M_R32_C15,1,Organoid8M_R32_C15,,raw_code_or_artifact,route_to_non_source_descriptor,suppressed/non_source_descriptor,,,needs_review,Descriptor-like signal; verify raw variants before adding a suppression rule.,unreviewed,,,,"Batch 1 - metadata descriptors. Current mode routing method: standardizer. This value comes from Isolation_Source_SD in the QA aggregate, not directly from the raw metadata field; inspect contributing raw variants before deciding."
Organoid8M_R32_C16,1,Organoid8M_R32_C16,,raw_code_or_artifact,route_to_non_source_descriptor,suppressed/non_source_descriptor,,,needs_review,Descriptor-like signal; verify raw variants before adding a suppression rule.,unreviewed,,,,"Batch 1 - metadata descriptors. Current mode routing method: standardizer. This value comes from Isolation_Source_SD in the QA aggregate, not directly from the raw metadata field; inspect contributing raw variants before deciding."
Organoid8M_R32_C25,1,Organoid8M_R32_C25,,raw_code_or_artifact,route_to_non_source_descriptor,suppressed/non_source_descriptor,,,needs_review,Descriptor-like signal; verify raw variants before adding a suppression rule.,unreviewed,,,,"Batch 1 - metadata descriptors. Current mode routing method: standardizer. This value comes from Isolation_Source_SD in the QA aggregate, not directly from the raw metadata field; inspect contributing raw variants before deciding."
Organoid8M_R32_C31,1,Organoid8M_R32_C31,,raw_code_or_artifact,route_to_non_source_descriptor,suppressed/non_source_descriptor,,,needs_review,Descriptor-like signal; verify raw variants before adding a suppression rule.,unreviewed,,,,"Batch 1 - metadata descriptors. Current mode routing method: standardizer. This value comes from Isolation_Source_SD in the QA aggregate, not directly from the raw metadata field; inspect contributing raw variants before deciding."
Organoid8M_R32_C34,1,Organoid8M_R32_C34,,raw_code_or_artifact,route_to_non_source_descriptor,suppressed/non_source_descriptor,,,needs_review,Descriptor-like signal; verify raw variants before adding a suppression rule.,unreviewed,,,,"Batch 1 - metadata descriptors. Current mode routing method: standardizer. This value comes from Isolation_Source_SD in the QA aggregate, not directly from the raw metadata field; inspect contributing raw variants before deciding."
Organoid8M_R33_C24,1,Organoid8M_R33_C24,,raw_code_or_artifact,route_to_non_source_descriptor,suppressed/non_source_descriptor,,,needs_review,Descriptor-like signal; verify raw variants before adding a suppression rule.,unreviewed,,,,"Batch 1 - metadata descriptors. Current mode routing method: standardizer. This value comes from Isolation_Source_SD in the QA aggregate, not directly from the raw metadata field; inspect contributing raw variants before deciding."
Organoid8M_R33_C43,1,Organoid8M_R33_C43,,raw_code_or_artifact,route_to_non_source_descriptor,suppressed/non_source_descriptor,,,needs_review,Descriptor-like signal; verify raw variants before adding a suppression rule.,unreviewed,,,,"Batch 1 - metadata descriptors. Current mode routing method: standardizer. This value comes from Isolation_Source_SD in the QA aggregate, not directly from the raw metadata field; inspect contributing raw variants before deciding."
Organoid8M_R33_C45,1,Organoid8M_R33_C45,,raw_code_or_artifact,route_to_non_source_descriptor,suppressed/non_source_descriptor,,,needs_review,Descriptor-like signal; verify raw variants before adding a suppression rule.,unreviewed,,,,"Batch 1 - metadata descriptors. Current mode routing method: standardizer. This value comes from Isolation_Source_SD in the QA aggregate, not directly from the raw metadata field; inspect contributing raw variants before deciding."
Organoid8M_R33_C51,1,Organoid8M_R33_C51,,raw_code_or_artifact,route_to_non_source_descriptor,suppressed/non_source_descriptor,,,needs_review,Descriptor-like signal; verify raw variants before adding a suppression rule.,unreviewed,,,,"Batch 1 - metadata descriptors. Current mode routing method: standardizer. This value comes from Isolation_Source_SD in the QA aggregate, not directly from the raw metadata field; inspect contributing raw variants before deciding."
Organoid8M_R34_C20,1,Organoid8M_R34_C20,,raw_code_or_artifact,route_to_non_source_descriptor,suppressed/non_source_descriptor,,,needs_review,Descriptor-like signal; verify raw variants before adding a suppression rule.,unreviewed,,,,"Batch 1 - metadata descriptors. Current mode routing method: standardizer. This value comes from Isolation_Source_SD in the QA aggregate, not directly from the raw metadata field; inspect contributing raw variants before deciding."
Organoid8M_R67_C22,1,Organoid8M_R67_C22,,raw_code_or_artifact,route_to_non_source_descriptor,suppressed/non_source_descriptor,,,needs_review,Descriptor-like signal; verify raw variants before adding a suppression rule.,unreviewed,,,,"Batch 1 - metadata descriptors. Current mode routing method: standardizer. This value comes from Isolation_Source_SD in the QA aggregate, not directly from the raw metadata field; inspect contributing raw variants before deciding."
Organoid8M_R67_C28,1,Organoid8M_R67_C28,,raw_code_or_artifact,route_to_non_source_descriptor,suppressed/non_source_descriptor,,,needs_review,Descriptor-like signal; verify raw variants before adding a suppression rule.,unreviewed,,,,"Batch 1 - metadata descriptors. Current mode routing method: standardizer. This value comes from Isolation_Source_SD in the QA aggregate, not directly from the raw metadata field; inspect contributing raw variants before deciding."
Organoid8M_R67_C49,1,Organoid8M_R67_C49,,raw_code_or_artifact,route_to_non_source_descriptor,suppressed/non_source_descriptor,,,needs_review,Descriptor-like signal; verify raw variants before adding a suppression rule.,unreviewed,,,,"Batch 1 - metadata descriptors. Current mode routing method: standardizer. This value comes from Isolation_Source_SD in the QA aggregate, not directly from the raw metadata field; inspect contributing raw variants before deciding."
Organoid8M_R67_C51,1,Organoid8M_R67_C51,,raw_code_or_artifact,route_to_non_source_descriptor,suppressed/non_source_descriptor,,,needs_review,Descriptor-like signal; verify raw variants before adding a suppression rule.,unreviewed,,,,"Batch 1 - metadata descriptors. Current mode routing method: standardizer. This value comes from Isolation_Source_SD in the QA aggregate, not directly from the raw metadata field; inspect contributing raw variants before deciding."
Organoid8M_R67_C52,1,Organoid8M_R67_C52,,raw_code_or_artifact,route_to_non_source_descriptor,suppressed/non_source_descriptor,,,needs_review,Descriptor-like signal; verify raw variants before adding a suppression rule.,unreviewed,,,,"Batch 1 - metadata descriptors. Current mode routing method: standardizer. This value comes from Isolation_Source_SD in the QA aggregate, not directly from the raw metadata field; inspect contributing raw variants before deciding."
Organoid8M_R67_C54,1,Organoid8M_R67_C54,,raw_code_or_artifact,route_to_non_source_descriptor,suppressed/non_source_descriptor,,,needs_review,Descriptor-like signal; verify raw variants before adding a suppression rule.,unreviewed,,,,"Batch 1 - metadata descriptors. Current mode routing method: standardizer. This value comes from Isolation_Source_SD in the QA aggregate, not directly from the raw metadata field; inspect contributing raw variants before deciding."
Organoid8M_R67_C56,1,Organoid8M_R67_C56,,raw_code_or_artifact,route_to_non_source_descriptor,suppressed/non_source_descriptor,,,needs_review,Descriptor-like signal; verify raw variants before adding a suppression rule.,unreviewed,,,,"Batch 1 - metadata descriptors. Current mode routing method: standardizer. This value comes from Isolation_Source_SD in the QA aggregate, not directly from the raw metadata field; inspect contributing raw variants before deciding."
Organoid8M_R67_C58,1,Organoid8M_R67_C58,,raw_code_or_artifact,route_to_non_source_descriptor,suppressed/non_source_descriptor,,,needs_review,Descriptor-like signal; verify raw variants before adding a suppression rule.,unreviewed,,,,"Batch 1 - metadata descriptors. Current mode routing method: standardizer. This value comes from Isolation_Source_SD in the QA aggregate, not directly from the raw metadata field; inspect contributing raw variants before deciding."
Organoid8M_R67_C60,1,Organoid8M_R67_C60,,raw_code_or_artifact,route_to_non_source_descriptor,suppressed/non_source_descriptor,,,needs_review,Descriptor-like signal; verify raw variants before adding a suppression rule.,unreviewed,,,,"Batch 1 - metadata descriptors. Current mode routing method: standardizer. This value comes from Isolation_Source_SD in the QA aggregate, not directly from the raw metadata field; inspect contributing raw variants before deciding."
Organoid8M_R67_C67,1,Organoid8M_R67_C67,,raw_code_or_artifact,route_to_non_source_descriptor,suppressed/non_source_descriptor,,,needs_review,Descriptor-like signal; verify raw variants before adding a suppression rule.,unreviewed,,,,"Batch 1 - metadata descriptors. Current mode routing method: standardizer. This value comes from Isolation_Source_SD in the QA aggregate, not directly from the raw metadata field; inspect contributing raw variants before deciding."
Organoid8M_R67_C70,1,Organoid8M_R67_C70,,raw_code_or_artifact,route_to_non_source_descriptor,suppressed/non_source_descriptor,,,needs_review,Descriptor-like signal; verify raw variants before adding a suppression rule.,unreviewed,,,,"Batch 1 - metadata descriptors. Current mode routing method: standardizer. This value comes from Isolation_Source_SD in the QA aggregate, not directly from the raw metadata field; inspect contributing raw variants before deciding."
Organoid8M_R67_C71,1,Organoid8M_R67_C71,,raw_code_or_artifact,route_to_non_source_descriptor,suppressed/non_source_descriptor,,,needs_review,Descriptor-like signal; verify raw variants before adding a suppression rule.,unreviewed,,,,"Batch 1 - metadata descriptors. Current mode routing method: standardizer. This value comes from Isolation_Source_SD in the QA aggregate, not directly from the raw metadata field; inspect contributing raw variants before deciding."
Organoid8M_R68_C0,1,Organoid8M_R68_C0,,raw_code_or_artifact,route_to_non_source_descriptor,suppressed/non_source_descriptor,,,needs_review,Descriptor-like signal; verify raw variants before adding a suppression rule.,unreviewed,,,,"Batch 1 - metadata descriptors. Current mode routing method: standardizer. This value comes from Isolation_Source_SD in the QA aggregate, not directly from the raw metadata field; inspect contributing raw variants before deciding."
Organoid8M_R68_C10,1,Organoid8M_R68_C10,,raw_code_or_artifact,route_to_non_source_descriptor,suppressed/non_source_descriptor,,,needs_review,Descriptor-like signal; verify raw variants before adding a suppression rule.,unreviewed,,,,"Batch 1 - metadata descriptors. Current mode routing method: standardizer. This value comes from Isolation_Source_SD in the QA aggregate, not directly from the raw metadata field; inspect contributing raw variants before deciding."
Organoid8M_R68_C14,1,Organoid8M_R68_C14,,raw_code_or_artifact,route_to_non_source_descriptor,suppressed/non_source_descriptor,,,needs_review,Descriptor-like signal; verify raw variants before adding a suppression rule.,unreviewed,,,,"Batch 1 - metadata descriptors. Current mode routing method: standardizer. This value comes from Isolation_Source_SD in the QA aggregate, not directly from the raw metadata field; inspect contributing raw variants before deciding."
Organoid8M_R68_C17,1,Organoid8M_R68_C17,,raw_code_or_artifact,route_to_non_source_descriptor,suppressed/non_source_descriptor,,,needs_review,Descriptor-like signal; verify raw variants before adding a suppression rule.,unreviewed,,,,"Batch 1 - metadata descriptors. Current mode routing method: standardizer. This value comes from Isolation_Source_SD in the QA aggregate, not directly from the raw metadata field; inspect contributing raw variants before deciding."
Organoid8M_R68_C29,1,Organoid8M_R68_C29,,raw_code_or_artifact,route_to_non_source_descriptor,suppressed/non_source_descriptor,,,needs_review,Descriptor-like signal; verify raw variants before adding a suppression rule.,unreviewed,,,,"Batch 1 - metadata descriptors. Current mode routing method: standardizer. This value comes from Isolation_Source_SD in the QA aggregate, not directly from the raw metadata field; inspect contributing raw variants before deciding."
Organoid8M_R68_C34,1,Organoid8M_R68_C34,,raw_code_or_artifact,route_to_non_source_descriptor,suppressed/non_source_descriptor,,,needs_review,Descriptor-like signal; verify raw variants before adding a suppression rule.,unreviewed,,,,"Batch 1 - metadata descriptors. Current mode routing method: standardizer. This value comes from Isolation_Source_SD in the QA aggregate, not directly from the raw metadata field; inspect contributing raw variants before deciding."
Organoid8M_R68_C48,1,Organoid8M_R68_C48,,raw_code_or_artifact,route_to_non_source_descriptor,suppressed/non_source_descriptor,,,needs_review,Descriptor-like signal; verify raw variants before adding a suppression rule.,unreviewed,,,,"Batch 1 - metadata descriptors. Current mode routing method: standardizer. This value comes from Isolation_Source_SD in the QA aggregate, not directly from the raw metadata field; inspect contributing raw variants before deciding."
Organoid8M_R70_C6,1,Organoid8M_R70_C6,,raw_code_or_artifact,route_to_non_source_descriptor,suppressed/non_source_descriptor,,,needs_review,Descriptor-like signal; verify raw variants before adding a suppression rule.,unreviewed,,,,"Batch 1 - metadata descriptors. Current mode routing method: standardizer. This value comes from Isolation_Source_SD in the QA aggregate, not directly from the raw metadata field; inspect contributing raw variants before deciding."
Organoid8M_R70_C68,1,Organoid8M_R70_C68,,raw_code_or_artifact,route_to_non_source_descriptor,suppressed/non_source_descriptor,,,needs_review,Descriptor-like signal; verify raw variants before adding a suppression rule.,unreviewed,,,,"Batch 1 - metadata descriptors. Current mode routing method: standardizer. This value comes from Isolation_Source_SD in the QA aggregate, not directly from the raw metadata field; inspect contributing raw variants before deciding."
Organoid8M_R70_C70,1,Organoid8M_R70_C70,,raw_code_or_artifact,route_to_non_source_descriptor,suppressed/non_source_descriptor,,,needs_review,Descriptor-like signal; verify raw variants before adding a suppression rule.,unreviewed,,,,"Batch 1 - metadata descriptors. Current mode routing method: standardizer. This value comes from Isolation_Source_SD in the QA aggregate, not directly from the raw metadata field; inspect contributing raw variants before deciding."
Organoid8M_R70_C71,1,Organoid8M_R70_C71,,raw_code_or_artifact,route_to_non_source_descriptor,suppressed/non_source_descriptor,,,needs_review,Descriptor-like signal; verify raw variants before adding a suppression rule.,unreviewed,,,,"Batch 1 - metadata descriptors. Current mode routing method: standardizer. This value comes from Isolation_Source_SD in the QA aggregate, not directly from the raw metadata field; inspect contributing raw variants before deciding."
Organoid8M_R70_C8,1,Organoid8M_R70_C8,,raw_code_or_artifact,route_to_non_source_descriptor,suppressed/non_source_descriptor,,,needs_review,Descriptor-like signal; verify raw variants before adding a suppression rule.,unreviewed,,,,"Batch 1 - metadata descriptors. Current mode routing method: standardizer. This value comes from Isolation_Source_SD in the QA aggregate, not directly from the raw metadata field; inspect contributing raw variants before deciding."
Organoid8M_R71_C1,1,Organoid8M_R71_C1,,raw_code_or_artifact,route_to_non_source_descriptor,suppressed/non_source_descriptor,,,needs_review,Descriptor-like signal; verify raw variants before adding a suppression rule.,unreviewed,,,,"Batch 1 - metadata descriptors. Current mode routing method: standardizer. This value comes from Isolation_Source_SD in the QA aggregate, not directly from the raw metadata field; inspect contributing raw variants before deciding."
Organoid8M_R71_C10,1,Organoid8M_R71_C10,,raw_code_or_artifact,route_to_non_source_descriptor,suppressed/non_source_descriptor,,,needs_review,Descriptor-like signal; verify raw variants before adding a suppression rule.,unreviewed,,,,"Batch 1 - metadata descriptors. Current mode routing method: standardizer. This value comes from Isolation_Source_SD in the QA aggregate, not directly from the raw metadata field; inspect contributing raw variants before deciding."
Organoid8M_R71_C14,1,Organoid8M_R71_C14,,raw_code_or_artifact,route_to_non_source_descriptor,suppressed/non_source_descriptor,,,needs_review,Descriptor-like signal; verify raw variants before adding a suppression rule.,unreviewed,,,,"Batch 1 - metadata descriptors. Current mode routing method: standardizer. This value comes from Isolation_Source_SD in the QA aggregate, not directly from the raw metadata field; inspect contributing raw variants before deciding."
Organoid8M_R71_C21,1,Organoid8M_R71_C21,,raw_code_or_artifact,route_to_non_source_descriptor,suppressed/non_source_descriptor,,,needs_review,Descriptor-like signal; verify raw variants before adding a suppression rule.,unreviewed,,,,"Batch 1 - metadata descriptors. Current mode routing method: standardizer. This value comes from Isolation_Source_SD in the QA aggregate, not directly from the raw metadata field; inspect contributing raw variants before deciding."
Organoid8M_R71_C25,1,Organoid8M_R71_C25,,raw_code_or_artifact,route_to_non_source_descriptor,suppressed/non_source_descriptor,,,needs_review,Descriptor-like signal; verify raw variants before adding a suppression rule.,unreviewed,,,,"Batch 1 - metadata descriptors. Current mode routing method: standardizer. This value comes from Isolation_Source_SD in the QA aggregate, not directly from the raw metadata field; inspect contributing raw variants before deciding."
Organoid8M_R71_C27,1,Organoid8M_R71_C27,,raw_code_or_artifact,route_to_non_source_descriptor,suppressed/non_source_descriptor,,,needs_review,Descriptor-like signal; verify raw variants before adding a suppression rule.,unreviewed,,,,"Batch 1 - metadata descriptors. Current mode routing method: standardizer. This value comes from Isolation_Source_SD in the QA aggregate, not directly from the raw metadata field; inspect contributing raw variants before deciding."
Organoid8M_R71_C28,1,Organoid8M_R71_C28,,raw_code_or_artifact,route_to_non_source_descriptor,suppressed/non_source_descriptor,,,needs_review,Descriptor-like signal; verify raw variants before adding a suppression rule.,unreviewed,,,,"Batch 1 - metadata descriptors. Current mode routing method: standardizer. This value comes from Isolation_Source_SD in the QA aggregate, not directly from the raw metadata field; inspect contributing raw variants before deciding."
Organoid8M_R71_C29,1,Organoid8M_R71_C29,,raw_code_or_artifact,route_to_non_source_descriptor,suppressed/non_source_descriptor,,,needs_review,Descriptor-like signal; verify raw variants before adding a suppression rule.,unreviewed,,,,"Batch 1 - metadata descriptors. Current mode routing method: standardizer. This value comes from Isolation_Source_SD in the QA aggregate, not directly from the raw metadata field; inspect contributing raw variants before deciding."
Organoid8M_R71_C33,1,Organoid8M_R71_C33,,raw_code_or_artifact,route_to_non_source_descriptor,suppressed/non_source_descriptor,,,needs_review,Descriptor-like signal; verify raw variants before adding a suppression rule.,unreviewed,,,,"Batch 1 - metadata descriptors. Current mode routing method: standardizer. This value comes from Isolation_Source_SD in the QA aggregate, not directly from the raw metadata field; inspect contributing raw variants before deciding."
Organoid8M_R71_C36,1,Organoid8M_R71_C36,,raw_code_or_artifact,route_to_non_source_descriptor,suppressed/non_source_descriptor,,,needs_review,Descriptor-like signal; verify raw variants before adding a suppression rule.,unreviewed,,,,"Batch 1 - metadata descriptors. Current mode routing method: standardizer. This value comes from Isolation_Source_SD in the QA aggregate, not directly from the raw metadata field; inspect contributing raw variants before deciding."
Organoid8M_R71_C37,1,Organoid8M_R71_C37,,raw_code_or_artifact,route_to_non_source_descriptor,suppressed/non_source_descriptor,,,needs_review,Descriptor-like signal; verify raw variants before adding a suppression rule.,unreviewed,,,,"Batch 1 - metadata descriptors. Current mode routing method: standardizer. This value comes from Isolation_Source_SD in the QA aggregate, not directly from the raw metadata field; inspect contributing raw variants before deciding."
Organoid8M_R71_C39,1,Organoid8M_R71_C39,,raw_code_or_artifact,route_to_non_source_descriptor,suppressed/non_source_descriptor,,,needs_review,Descriptor-like signal; verify raw variants before adding a suppression rule.,unreviewed,,,,"Batch 1 - metadata descriptors. Current mode routing method: standardizer. This value comes from Isolation_Source_SD in the QA aggregate, not directly from the raw metadata field; inspect contributing raw variants before deciding."
Organoid8M_R71_C41,1,Organoid8M_R71_C41,,raw_code_or_artifact,route_to_non_source_descriptor,suppressed/non_source_descriptor,,,needs_review,Descriptor-like signal; verify raw variants before adding a suppression rule.,unreviewed,,,,"Batch 1 - metadata descriptors. Current mode routing method: standardizer. This value comes from Isolation_Source_SD in the QA aggregate, not directly from the raw metadata field; inspect contributing raw variants before deciding."
Organoid8M_R71_C45,1,Organoid8M_R71_C45,,raw_code_or_artifact,route_to_non_source_descriptor,suppressed/non_source_descriptor,,,needs_review,Descriptor-like signal; verify raw variants before adding a suppression rule.,unreviewed,,,,"Batch 1 - metadata descriptors. Current mode routing method: standardizer. This value comes from Isolation_Source_SD in the QA aggregate, not directly from the raw metadata field; inspect contributing raw variants before deciding."
Organoid8M_R71_C47,1,Organoid8M_R71_C47,,raw_code_or_artifact,route_to_non_source_descriptor,suppressed/non_source_descriptor,,,needs_review,Descriptor-like signal; verify raw variants before adding a suppression rule.,unreviewed,,,,"Batch 1 - metadata descriptors. Current mode routing method: standardizer. This value comes from Isolation_Source_SD in the QA aggregate, not directly from the raw metadata field; inspect contributing raw variants before deciding."
Organoid8M_R71_C52,1,Organoid8M_R71_C52,,raw_code_or_artifact,route_to_non_source_descriptor,suppressed/non_source_descriptor,,,needs_review,Descriptor-like signal; verify raw variants before adding a suppression rule.,unreviewed,,,,"Batch 1 - metadata descriptors. Current mode routing method: standardizer. This value comes from Isolation_Source_SD in the QA aggregate, not directly from the raw metadata field; inspect contributing raw variants before deciding."
Organoid8M_R71_C56,1,Organoid8M_R71_C56,,raw_code_or_artifact,route_to_non_source_descriptor,suppressed/non_source_descriptor,,,needs_review,Descriptor-like signal; verify raw variants before adding a suppression rule.,unreviewed,,,,"Batch 1 - metadata descriptors. Current mode routing method: standardizer. This value comes from Isolation_Source_SD in the QA aggregate, not directly from the raw metadata field; inspect contributing raw variants before deciding."
Organoid8M_R71_C57,1,Organoid8M_R71_C57,,raw_code_or_artifact,route_to_non_source_descriptor,suppressed/non_source_descriptor,,,needs_review,Descriptor-like signal; verify raw variants before adding a suppression rule.,unreviewed,,,,"Batch 1 - metadata descriptors. Current mode routing method: standardizer. This value comes from Isolation_Source_SD in the QA aggregate, not directly from the raw metadata field; inspect contributing raw variants before deciding."
Organoid8M_R71_C58,1,Organoid8M_R71_C58,,raw_code_or_artifact,route_to_non_source_descriptor,suppressed/non_source_descriptor,,,needs_review,Descriptor-like signal; verify raw variants before adding a suppression rule.,unreviewed,,,,"Batch 1 - metadata descriptors. Current mode routing method: standardizer. This value comes from Isolation_Source_SD in the QA aggregate, not directly from the raw metadata field; inspect contributing raw variants before deciding."
Organoid8M_R71_C62,1,Organoid8M_R71_C62,,raw_code_or_artifact,route_to_non_source_descriptor,suppressed/non_source_descriptor,,,needs_review,Descriptor-like signal; verify raw variants before adding a suppression rule.,unreviewed,,,,"Batch 1 - metadata descriptors. Current mode routing method: standardizer. This value comes from Isolation_Source_SD in the QA aggregate, not directly from the raw metadata field; inspect contributing raw variants before deciding."
Organoid8M_R71_C63,1,Organoid8M_R71_C63,,raw_code_or_artifact,route_to_non_source_descriptor,suppressed/non_source_descriptor,,,needs_review,Descriptor-like signal; verify raw variants before adding a suppression rule.,unreviewed,,,,"Batch 1 - metadata descriptors. Current mode routing method: standardizer. This value comes from Isolation_Source_SD in the QA aggregate, not directly from the raw metadata field; inspect contributing raw variants before deciding."
Organoid8M_R71_C68,1,Organoid8M_R71_C68,,raw_code_or_artifact,route_to_non_source_descriptor,suppressed/non_source_descriptor,,,needs_review,Descriptor-like signal; verify raw variants before adding a suppression rule.,unreviewed,,,,"Batch 1 - metadata descriptors. Current mode routing method: standardizer. This value comes from Isolation_Source_SD in the QA aggregate, not directly from the raw metadata field; inspect contributing raw variants before deciding."
Organoid8M_R7_C11,1,Organoid8M_R7_C11,,raw_code_or_artifact,route_to_non_source_descriptor,suppressed/non_source_descriptor,,,needs_review,Descriptor-like signal; verify raw variants before adding a suppression rule.,unreviewed,,,,"Batch 1 - metadata descriptors. Current mode routing method: standardizer. This value comes from Isolation_Source_SD in the QA aggregate, not directly from the raw metadata field; inspect contributing raw variants before deciding."
Organoid8M_R7_C19,1,Organoid8M_R7_C19,,raw_code_or_artifact,route_to_non_source_descriptor,suppressed/non_source_descriptor,,,needs_review,Descriptor-like signal; verify raw variants before adding a suppression rule.,unreviewed,,,,"Batch 1 - metadata descriptors. Current mode routing method: standardizer. This value comes from Isolation_Source_SD in the QA aggregate, not directly from the raw metadata field; inspect contributing raw variants before deciding."
Organoid8M_R7_C26,1,Organoid8M_R7_C26,,raw_code_or_artifact,route_to_non_source_descriptor,suppressed/non_source_descriptor,,,needs_review,Descriptor-like signal; verify raw variants before adding a suppression rule.,unreviewed,,,,"Batch 1 - metadata descriptors. Current mode routing method: standardizer. This value comes from Isolation_Source_SD in the QA aggregate, not directly from the raw metadata field; inspect contributing raw variants before deciding."
Organoid8M_R7_C30,1,Organoid8M_R7_C30,,raw_code_or_artifact,route_to_non_source_descriptor,suppressed/non_source_descriptor,,,needs_review,Descriptor-like signal; verify raw variants before adding a suppression rule.,unreviewed,,,,"Batch 1 - metadata descriptors. Current mode routing method: standardizer. This value comes from Isolation_Source_SD in the QA aggregate, not directly from the raw metadata field; inspect contributing raw variants before deciding."
Organoid8M_R7_C34,1,Organoid8M_R7_C34,,raw_code_or_artifact,route_to_non_source_descriptor,suppressed/non_source_descriptor,,,needs_review,Descriptor-like signal; verify raw variants before adding a suppression rule.,unreviewed,,,,"Batch 1 - metadata descriptors. Current mode routing method: standardizer. This value comes from Isolation_Source_SD in the QA aggregate, not directly from the raw metadata field; inspect contributing raw variants before deciding."
Organoid8M_R7_C35,1,Organoid8M_R7_C35,,raw_code_or_artifact,route_to_non_source_descriptor,suppressed/non_source_descriptor,,,needs_review,Descriptor-like signal; verify raw variants before adding a suppression rule.,unreviewed,,,,"Batch 1 - metadata descriptors. Current mode routing method: standardizer. This value comes from Isolation_Source_SD in the QA aggregate, not directly from the raw metadata field; inspect contributing raw variants before deciding."
Organoid8M_R7_C39,1,Organoid8M_R7_C39,,raw_code_or_artifact,route_to_non_source_descriptor,suppressed/non_source_descriptor,,,needs_review,Descriptor-like signal; verify raw variants before adding a suppression rule.,unreviewed,,,,"Batch 1 - metadata descriptors. Current mode routing method: standardizer. This value comes from Isolation_Source_SD in the QA aggregate, not directly from the raw metadata field; inspect contributing raw variants before deciding."
Organoid8M_R7_C4,1,Organoid8M_R7_C4,,raw_code_or_artifact,route_to_non_source_descriptor,suppressed/non_source_descriptor,,,needs_review,Descriptor-like signal; verify raw variants before adding a suppression rule.,unreviewed,,,,"Batch 1 - metadata descriptors. Current mode routing method: standardizer. This value comes from Isolation_Source_SD in the QA aggregate, not directly from the raw metadata field; inspect contributing raw variants before deciding."
Organoid8M_R7_C43,1,Organoid8M_R7_C43,,raw_code_or_artifact,route_to_non_source_descriptor,suppressed/non_source_descriptor,,,needs_review,Descriptor-like signal; verify raw variants before adding a suppression rule.,unreviewed,,,,"Batch 1 - metadata descriptors. Current mode routing method: standardizer. This value comes from Isolation_Source_SD in the QA aggregate, not directly from the raw metadata field; inspect contributing raw variants before deciding."
Organoid8M_R7_C46,1,Organoid8M_R7_C46,,raw_code_or_artifact,route_to_non_source_descriptor,suppressed/non_source_descriptor,,,needs_review,Descriptor-like signal; verify raw variants before adding a suppression rule.,unreviewed,,,,"Batch 1 - metadata descriptors. Current mode routing method: standardizer. This value comes from Isolation_Source_SD in the QA aggregate, not directly from the raw metadata field; inspect contributing raw variants before deciding."
Organoid8M_R8_C19,1,Organoid8M_R8_C19,,raw_code_or_artifact,route_to_non_source_descriptor,suppressed/non_source_descriptor,,,needs_review,Descriptor-like signal; verify raw variants before adding a suppression rule.,unreviewed,,,,"Batch 1 - metadata descriptors. Current mode routing method: standardizer. This value comes from Isolation_Source_SD in the QA aggregate, not directly from the raw metadata field; inspect contributing raw variants before deciding."
Organoid8M_R9_C52,1,Organoid8M_R9_C52,,raw_code_or_artifact,route_to_non_source_descriptor,suppressed/non_source_descriptor,,,needs_review,Descriptor-like signal; verify raw variants before adding a suppression rule.,unreviewed,,,,"Batch 1 - metadata descriptors. Current mode routing method: standardizer. This value comes from Isolation_Source_SD in the QA aggregate, not directly from the raw metadata field; inspect contributing raw variants before deciding."
Organoid8M_R9_C53,1,Organoid8M_R9_C53,,raw_code_or_artifact,route_to_non_source_descriptor,suppressed/non_source_descriptor,,,needs_review,Descriptor-like signal; verify raw variants before adding a suppression rule.,unreviewed,,,,"Batch 1 - metadata descriptors. Current mode routing method: standardizer. This value comes from Isolation_Source_SD in the QA aggregate, not directly from the raw metadata field; inspect contributing raw variants before deciding."
Organoid8M_R9_C56,1,Organoid8M_R9_C56,,raw_code_or_artifact,route_to_non_source_descriptor,suppressed/non_source_descriptor,,,needs_review,Descriptor-like signal; verify raw variants before adding a suppression rule.,unreviewed,,,,"Batch 1 - metadata descriptors. Current mode routing method: standardizer. This value comes from Isolation_Source_SD in the QA aggregate, not directly from the raw metadata field; inspect contributing raw variants before deciding."
Organoid8M_R9_C57,1,Organoid8M_R9_C57,,raw_code_or_artifact,route_to_non_source_descriptor,suppressed/non_source_descriptor,,,needs_review,Descriptor-like signal; verify raw variants before adding a suppression rule.,unreviewed,,,,"Batch 1 - metadata descriptors. Current mode routing method: standardizer. This value comes from Isolation_Source_SD in the QA aggregate, not directly from the raw metadata field; inspect contributing raw variants before deciding."
Organoid8M_R9_C70,1,Organoid8M_R9_C70,,raw_code_or_artifact,route_to_non_source_descriptor,suppressed/non_source_descriptor,,,needs_review,Descriptor-like signal; verify raw variants before adding a suppression rule.,unreviewed,,,,"Batch 1 - metadata descriptors. Current mode routing method: standardizer. This value comes from Isolation_Source_SD in the QA aggregate, not directly from the raw metadata field; inspect contributing raw variants before deciding."
Organoid8M_R9_C9,1,Organoid8M_R9_C9,,raw_code_or_artifact,route_to_non_source_descriptor,suppressed/non_source_descriptor,,,needs_review,Descriptor-like signal; verify raw variants before adding a suppression rule.,unreviewed,,,,"Batch 1 - metadata descriptors. Current mode routing method: standardizer. This value comes from Isolation_Source_SD in the QA aggregate, not directly from the raw metadata field; inspect contributing raw variants before deciding."
OSKM-iPS mouse derived fibroblast cells,1,OSKM-iPS mouse derived fibroblast cells,,host_taxon_or_context,route_to_host_context,Host_Context_SD / host-associated context,,,needs_review,Host-only signal requires raw context before source or host routing.,unreviewed,,,,"Batch 6 - host context. Current mode routing method: standardizer. This value comes from Isolation_Source_SD in the QA aggregate, not directly from the raw metadata field; inspect contributing raw variants before deciding."
ovine pooled tissue,1,ovine pooled tissue,tissue,sample_type,route_to_sample_type,Sample_Type_SD,,,needs_review,Sample-material signal; preserve source context only when independently supported.,unreviewed,,,,"Batch 2 - sample materials. Current mode routing method: standardizer. This value comes from Isolation_Source_SD in the QA aggregate, not directly from the raw metadata field; inspect contributing raw variants before deciding."
P0 Neonatal mouse microglia,1,P0 Neonatal mouse microglia,,host_taxon_or_context,route_to_host_context,Host_Context_SD / host-associated context,,,needs_review,Host-only signal requires raw context before source or host routing.,unreviewed,,,,"Batch 6 - host context. Current mode routing method: standardizer. This value comes from Isolation_Source_SD in the QA aggregate, not directly from the raw metadata field; inspect contributing raw variants before deciding."
P278KY_female_mouse,1,P278KY_female_mouse,,raw_code_or_artifact,route_to_non_source_descriptor,suppressed/non_source_descriptor,,,needs_review,Descriptor-like signal; verify raw variants before adding a suppression rule.,unreviewed,,,,"Batch 1 - metadata descriptors. Current mode routing method: standardizer. This value comes from Isolation_Source_SD in the QA aggregate, not directly from the raw metadata field; inspect contributing raw variants before deciding."
P2_SCL6_d5_A08,1,P2_SCL6_d5_A08,,raw_code_or_artifact,route_to_non_source_descriptor,suppressed/non_source_descriptor,,,needs_review,Descriptor-like signal; verify raw variants before adding a suppression rule.,unreviewed,,,,"Batch 1 - metadata descriptors. Current mode routing method: standardizer. This value comes from Isolation_Source_SD in the QA aggregate, not directly from the raw metadata field; inspect contributing raw variants before deciding."
P2_SCL6_d5_A09,1,P2_SCL6_d5_A09,,raw_code_or_artifact,route_to_non_source_descriptor,suppressed/non_source_descriptor,,,needs_review,Descriptor-like signal; verify raw variants before adding a suppression rule.,unreviewed,,,,"Batch 1 - metadata descriptors. Current mode routing method: standardizer. This value comes from Isolation_Source_SD in the QA aggregate, not directly from the raw metadata field; inspect contributing raw variants before deciding."
P2_SCL6_d5_A10,1,P2_SCL6_d5_A10,,raw_code_or_artifact,route_to_non_source_descriptor,suppressed/non_source_descriptor,,,needs_review,Descriptor-like signal; verify raw variants before adding a suppression rule.,unreviewed,,,,"Batch 1 - metadata descriptors. Current mode routing method: standardizer. This value comes from Isolation_Source_SD in the QA aggregate, not directly from the raw metadata field; inspect contributing raw variants before deciding."
P2_SCL6_d5_A11,1,P2_SCL6_d5_A11,,raw_code_or_artifact,route_to_non_source_descriptor,suppressed/non_source_descriptor,,,needs_review,Descriptor-like signal; verify raw variants before adding a suppression rule.,unreviewed,,,,"Batch 1 - metadata descriptors. Current mode routing method: standardizer. This value comes from Isolation_Source_SD in the QA aggregate, not directly from the raw metadata field; inspect contributing raw variants before deciding."
P2_SCL6_d5_B08,1,P2_SCL6_d5_B08,,raw_code_or_artifact,route_to_non_source_descriptor,suppressed/non_source_descriptor,,,needs_review,Descriptor-like signal; verify raw variants before adding a suppression rule.,unreviewed,,,,"Batch 1 - metadata descriptors. Current mode routing method: standardizer. This value comes from Isolation_Source_SD in the QA aggregate, not directly from the raw metadata field; inspect contributing raw variants before deciding."
P2_SCL6_d5_B11,1,P2_SCL6_d5_B11,,raw_code_or_artifact,route_to_non_source_descriptor,suppressed/non_source_descriptor,,,needs_review,Descriptor-like signal; verify raw variants before adding a suppression rule.,unreviewed,,,,"Batch 1 - metadata descriptors. Current mode routing method: standardizer. This value comes from Isolation_Source_SD in the QA aggregate, not directly from the raw metadata field; inspect contributing raw variants before deciding."
P2_SCL6_d5_C08,1,P2_SCL6_d5_C08,,raw_code_or_artifact,route_to_non_source_descriptor,suppressed/non_source_descriptor,,,needs_review,Descriptor-like signal; verify raw variants before adding a suppression rule.,unreviewed,,,,"Batch 1 - metadata descriptors. Current mode routing method: standardizer. This value comes from Isolation_Source_SD in the QA aggregate, not directly from the raw metadata field; inspect contributing raw variants before deciding."
P2_SCL6_d5_C09,1,P2_SCL6_d5_C09,,raw_code_or_artifact,route_to_non_source_descriptor,suppressed/non_source_descriptor,,,needs_review,Descriptor-like signal; verify raw variants before adding a suppression rule.,unreviewed,,,,"Batch 1 - metadata descriptors. Current mode routing method: standardizer. This value comes from Isolation_Source_SD in the QA aggregate, not directly from the raw metadata field; inspect contributing raw variants before deciding."
P2_SCL6_d5_C10,1,P2_SCL6_d5_C10,,raw_code_or_artifact,route_to_non_source_descriptor,suppressed/non_source_descriptor,,,needs_review,Descriptor-like signal; verify raw variants before adding a suppression rule.,unreviewed,,,,"Batch 1 - metadata descriptors. Current mode routing method: standardizer. This value comes from Isolation_Source_SD in the QA aggregate, not directly from the raw metadata field; inspect contributing raw variants before deciding."
P2_SCL6_d5_C11,1,P2_SCL6_d5_C11,,raw_code_or_artifact,route_to_non_source_descriptor,suppressed/non_source_descriptor,,,needs_review,Descriptor-like signal; verify raw variants before adding a suppression rule.,unreviewed,,,,"Batch 1 - metadata descriptors. Current mode routing method: standardizer. This value comes from Isolation_Source_SD in the QA aggregate, not directly from the raw metadata field; inspect contributing raw variants before deciding."
P2_SCL6_d5_D09,1,P2_SCL6_d5_D09,,raw_code_or_artifact,route_to_non_source_descriptor,suppressed/non_source_descriptor,,,needs_review,Descriptor-like signal; verify raw variants before adding a suppression rule.,unreviewed,,,,"Batch 1 - metadata descriptors. Current mode routing method: standardizer. This value comes from Isolation_Source_SD in the QA aggregate, not directly from the raw metadata field; inspect contributing raw variants before deciding."
P2_SCL6_d5_E09,1,P2_SCL6_d5_E09,,raw_code_or_artifact,route_to_non_source_descriptor,suppressed/non_source_descriptor,,,needs_review,Descriptor-like signal; verify raw variants before adding a suppression rule.,unreviewed,,,,"Batch 1 - metadata descriptors. Current mode routing method: standardizer. This value comes from Isolation_Source_SD in the QA aggregate, not directly from the raw metadata field; inspect contributing raw variants before deciding."
P2_SCL6_d5_F07,1,P2_SCL6_d5_F07,,raw_code_or_artifact,route_to_non_source_descriptor,suppressed/non_source_descriptor,,,needs_review,Descriptor-like signal; verify raw variants before adding a suppression rule.,unreviewed,,,,"Batch 1 - metadata descriptors. Current mode routing method: standardizer. This value comes from Isolation_Source_SD in the QA aggregate, not directly from the raw metadata field; inspect contributing raw variants before deciding."
P2_SCL6_d5_F10,1,P2_SCL6_d5_F10,,raw_code_or_artifact,route_to_non_source_descriptor,suppressed/non_source_descriptor,,,needs_review,Descriptor-like signal; verify raw variants before adding a suppression rule.,unreviewed,,,,"Batch 1 - metadata descriptors. Current mode routing method: standardizer. This value comes from Isolation_Source_SD in the QA aggregate, not directly from the raw metadata field; inspect contributing raw variants before deciding."
P2_SCL6_d5_G08,1,P2_SCL6_d5_G08,,raw_code_or_artifact,route_to_non_source_descriptor,suppressed/non_source_descriptor,,,needs_review,Descriptor-like signal; verify raw variants before adding a suppression rule.,unreviewed,,,,"Batch 1 - metadata descriptors. Current mode routing method: standardizer. This value comes from Isolation_Source_SD in the QA aggregate, not directly from the raw metadata field; inspect contributing raw variants before deciding."
P2_SCL6_d5_G10,1,P2_SCL6_d5_G10,,raw_code_or_artifact,route_to_non_source_descriptor,suppressed/non_source_descriptor,,,needs_review,Descriptor-like signal; verify raw variants before adding a suppression rule.,unreviewed,,,,"Batch 1 - metadata descriptors. Current mode routing method: standardizer. This value comes from Isolation_Source_SD in the QA aggregate, not directly from the raw metadata field; inspect contributing raw variants before deciding."
P2_SCL6_d5_H08,1,P2_SCL6_d5_H08,,raw_code_or_artifact,route_to_non_source_descriptor,suppressed/non_source_descriptor,,,needs_review,Descriptor-like signal; verify raw variants before adding a suppression rule.,unreviewed,,,,"Batch 1 - metadata descriptors. Current mode routing method: standardizer. This value comes from Isolation_Source_SD in the QA aggregate, not directly from the raw metadata field; inspect contributing raw variants before deciding."
Pancreatic tissue,1,Pancreatic tissue,tissue,sample_type,route_to_sample_type,Sample_Type_SD,,,needs_review,Sample-material signal; preserve source context only when independently supported.,unreviewed,,,,"Batch 2 - sample materials. Current mode routing method: standardizer. This value comes from Isolation_Source_SD in the QA aggregate, not directly from the raw metadata field; inspect contributing raw variants before deciding."
parotid tissue,1,parotid tissue,tissue,sample_type,route_to_sample_type,Sample_Type_SD,,,needs_review,Sample-material signal; preserve source context only when independently supported.,unreviewed,,,,"Batch 2 - sample materials. Current mode routing method: standardizer. This value comes from Isolation_Source_SD in the QA aggregate, not directly from the raw metadata field; inspect contributing raw variants before deciding."
Pat4,1,Pat4,,raw_code_or_artifact,route_to_non_source_descriptor,suppressed/non_source_descriptor,,,needs_review,Descriptor-like signal; verify raw variants before adding a suppression rule.,unreviewed,,,,"Batch 1 - metadata descriptors. Current mode routing method: standardizer. This value comes from Isolation_Source_SD in the QA aggregate, not directly from the raw metadata field; inspect contributing raw variants before deciding."
Pat5,1,Pat5,,raw_code_or_artifact,route_to_non_source_descriptor,suppressed/non_source_descriptor,,,needs_review,Descriptor-like signal; verify raw variants before adding a suppression rule.,unreviewed,,,,"Batch 1 - metadata descriptors. Current mode routing method: standardizer. This value comes from Isolation_Source_SD in the QA aggregate, not directly from the raw metadata field; inspect contributing raw variants before deciding."
Patient1,1,Patient1,,raw_code_or_artifact,route_to_non_source_descriptor,suppressed/non_source_descriptor,,,needs_review,Descriptor-like signal; verify raw variants before adding a suppression rule.,unreviewed,,,,"Batch 1 - metadata descriptors. Current mode routing method: standardizer. This value comes from Isolation_Source_SD in the QA aggregate, not directly from the raw metadata field; inspect contributing raw variants before deciding."
patient10,1,patient10,,raw_code_or_artifact,route_to_non_source_descriptor,suppressed/non_source_descriptor,,,needs_review,Descriptor-like signal; verify raw variants before adding a suppression rule.,unreviewed,,,,"Batch 1 - metadata descriptors. Current mode routing method: standardizer. This value comes from Isolation_Source_SD in the QA aggregate, not directly from the raw metadata field; inspect contributing raw variants before deciding."
patient12,1,patient12,,raw_code_or_artifact,route_to_non_source_descriptor,suppressed/non_source_descriptor,,,needs_review,Descriptor-like signal; verify raw variants before adding a suppression rule.,unreviewed,,,,"Batch 1 - metadata descriptors. Current mode routing method: standardizer. This value comes from Isolation_Source_SD in the QA aggregate, not directly from the raw metadata field; inspect contributing raw variants before deciding."
patient13,1,patient13,,raw_code_or_artifact,route_to_non_source_descriptor,suppressed/non_source_descriptor,,,needs_review,Descriptor-like signal; verify raw variants before adding a suppression rule.,unreviewed,,,,"Batch 1 - metadata descriptors. Current mode routing method: standardizer. This value comes from Isolation_Source_SD in the QA aggregate, not directly from the raw metadata field; inspect contributing raw variants before deciding."
patient14,1,patient14,,raw_code_or_artifact,route_to_non_source_descriptor,suppressed/non_source_descriptor,,,needs_review,Descriptor-like signal; verify raw variants before adding a suppression rule.,unreviewed,,,,"Batch 1 - metadata descriptors. Current mode routing method: standardizer. This value comes from Isolation_Source_SD in the QA aggregate, not directly from the raw metadata field; inspect contributing raw variants before deciding."
patient15,1,patient15,,raw_code_or_artifact,route_to_non_source_descriptor,suppressed/non_source_descriptor,,,needs_review,Descriptor-like signal; verify raw variants before adding a suppression rule.,unreviewed,,,,"Batch 1 - metadata descriptors. Current mode routing method: standardizer. This value comes from Isolation_Source_SD in the QA aggregate, not directly from the raw metadata field; inspect contributing raw variants before deciding."
patient16,1,patient16,,raw_code_or_artifact,route_to_non_source_descriptor,suppressed/non_source_descriptor,,,needs_review,Descriptor-like signal; verify raw variants before adding a suppression rule.,unreviewed,,,,"Batch 1 - metadata descriptors. Current mode routing method: standardizer. This value comes from Isolation_Source_SD in the QA aggregate, not directly from the raw metadata field; inspect contributing raw variants before deciding."
patient17,1,patient17,,raw_code_or_artifact,route_to_non_source_descriptor,suppressed/non_source_descriptor,,,needs_review,Descriptor-like signal; verify raw variants before adding a suppression rule.,unreviewed,,,,"Batch 1 - metadata descriptors. Current mode routing method: standardizer. This value comes from Isolation_Source_SD in the QA aggregate, not directly from the raw metadata field; inspect contributing raw variants before deciding."
Patient2,1,Patient2,,raw_code_or_artifact,route_to_non_source_descriptor,suppressed/non_source_descriptor,,,needs_review,Descriptor-like signal; verify raw variants before adding a suppression rule.,unreviewed,,,,"Batch 1 - metadata descriptors. Current mode routing method: standardizer. This value comes from Isolation_Source_SD in the QA aggregate, not directly from the raw metadata field; inspect contributing raw variants before deciding."
patient3,1,patient3,,raw_code_or_artifact,route_to_non_source_descriptor,suppressed/non_source_descriptor,,,needs_review,Descriptor-like signal; verify raw variants before adding a suppression rule.,unreviewed,,,,"Batch 1 - metadata descriptors. Current mode routing method: standardizer. This value comes from Isolation_Source_SD in the QA aggregate, not directly from the raw metadata field; inspect contributing raw variants before deciding."
patient4,1,patient4,,raw_code_or_artifact,route_to_non_source_descriptor,suppressed/non_source_descriptor,,,needs_review,Descriptor-like signal; verify raw variants before adding a suppression rule.,unreviewed,,,,"Batch 1 - metadata descriptors. Current mode routing method: standardizer. This value comes from Isolation_Source_SD in the QA aggregate, not directly from the raw metadata field; inspect contributing raw variants before deciding."
patient5,1,patient5,,raw_code_or_artifact,route_to_non_source_descriptor,suppressed/non_source_descriptor,,,needs_review,Descriptor-like signal; verify raw variants before adding a suppression rule.,unreviewed,,,,"Batch 1 - metadata descriptors. Current mode routing method: standardizer. This value comes from Isolation_Source_SD in the QA aggregate, not directly from the raw metadata field; inspect contributing raw variants before deciding."
patient6,1,patient6,,raw_code_or_artifact,route_to_non_source_descriptor,suppressed/non_source_descriptor,,,needs_review,Descriptor-like signal; verify raw variants before adding a suppression rule.,unreviewed,,,,"Batch 1 - metadata descriptors. Current mode routing method: standardizer. This value comes from Isolation_Source_SD in the QA aggregate, not directly from the raw metadata field; inspect contributing raw variants before deciding."
patient7,1,patient7,,raw_code_or_artifact,route_to_non_source_descriptor,suppressed/non_source_descriptor,,,needs_review,Descriptor-like signal; verify raw variants before adding a suppression rule.,unreviewed,,,,"Batch 1 - metadata descriptors. Current mode routing method: standardizer. This value comes from Isolation_Source_SD in the QA aggregate, not directly from the raw metadata field; inspect contributing raw variants before deciding."
patient8,1,patient8,,raw_code_or_artifact,route_to_non_source_descriptor,suppressed/non_source_descriptor,,,needs_review,Descriptor-like signal; verify raw variants before adding a suppression rule.,unreviewed,,,,"Batch 1 - metadata descriptors. Current mode routing method: standardizer. This value comes from Isolation_Source_SD in the QA aggregate, not directly from the raw metadata field; inspect contributing raw variants before deciding."
Patient9,1,Patient9,,raw_code_or_artifact,route_to_non_source_descriptor,suppressed/non_source_descriptor,,,needs_review,Descriptor-like signal; verify raw variants before adding a suppression rule.,unreviewed,,,,"Batch 1 - metadata descriptors. Current mode routing method: standardizer. This value comes from Isolation_Source_SD in the QA aggregate, not directly from the raw metadata field; inspect contributing raw variants before deciding."
patient9,1,patient9,,raw_code_or_artifact,route_to_non_source_descriptor,suppressed/non_source_descriptor,,,needs_review,Descriptor-like signal; verify raw variants before adding a suppression rule.,unreviewed,,,,"Batch 1 - metadata descriptors. Current mode routing method: standardizer. This value comes from Isolation_Source_SD in the QA aggregate, not directly from the raw metadata field; inspect contributing raw variants before deciding."
peri prosthetic tissue,1,peri prosthetic tissue,tissue,sample_type,route_to_sample_type,Sample_Type_SD,,,needs_review,Sample-material signal; preserve source context only when independently supported.,unreviewed,,,,"Batch 2 - sample materials. Current mode routing method: standardizer. This value comes from Isolation_Source_SD in the QA aggregate, not directly from the raw metadata field; inspect contributing raw variants before deciding."
pericardial tissue,1,pericardial tissue,tissue,sample_type,route_to_sample_type,Sample_Type_SD,,,needs_review,Sample-material signal; preserve source context only when independently supported.,unreviewed,,,,"Batch 2 - sample materials. Current mode routing method: standardizer. This value comes from Isolation_Source_SD in the QA aggregate, not directly from the raw metadata field; inspect contributing raw variants before deciding."
pericardium_chicken1,1,pericardium_chicken1,,raw_code_or_artifact,route_to_non_source_descriptor,suppressed/non_source_descriptor,,,needs_review,Descriptor-like signal; verify raw variants before adding a suppression rule.,unreviewed,,,,"Batch 1 - metadata descriptors. Current mode routing method: standardizer. This value comes from Isolation_Source_SD in the QA aggregate, not directly from the raw metadata field; inspect contributing raw variants before deciding."
pericardium_chicken3,1,pericardium_chicken3,,raw_code_or_artifact,route_to_non_source_descriptor,suppressed/non_source_descriptor,,,needs_review,Descriptor-like signal; verify raw variants before adding a suppression rule.,unreviewed,,,,"Batch 1 - metadata descriptors. Current mode routing method: standardizer. This value comes from Isolation_Source_SD in the QA aggregate, not directly from the raw metadata field; inspect contributing raw variants before deciding."
periesophagus/peritrachial tissue,1,periesophagus/peritrachial tissue,tissue,sample_type,route_to_sample_type,Sample_Type_SD,,,needs_review,Sample-material signal; preserve source context only when independently supported.,unreviewed,,,,"Batch 2 - sample materials. Current mode routing method: standardizer. This value comes from Isolation_Source_SD in the QA aggregate, not directly from the raw metadata field; inspect contributing raw variants before deciding."
Periprosthetic tissue,1,Periprosthetic tissue,tissue,sample_type,route_to_sample_type,Sample_Type_SD,,,needs_review,Sample-material signal; preserve source context only when independently supported.,unreviewed,,,,"Batch 2 - sample materials. Current mode routing method: standardizer. This value comes from Isolation_Source_SD in the QA aggregate, not directly from the raw metadata field; inspect contributing raw variants before deciding."
Peritoneal lavage,1,Peritoneal lavage,,sample_type,route_to_sample_type,Sample_Type_SD,,,needs_review,Sample-material signal; preserve source context only when independently supported.,unreviewed,,,,"Batch 2 - sample materials. Current mode routing method: standardizer. This value comes from Isolation_Source_SD in the QA aggregate, not directly from the raw metadata field; inspect contributing raw variants before deciding."
peritoneal lavage,1,peritoneal lavage,,sample_type,route_to_sample_type,Sample_Type_SD,,,needs_review,Sample-material signal; preserve source context only when independently supported.,unreviewed,,,,"Batch 2 - sample materials. Current mode routing method: standardizer. This value comes from Isolation_Source_SD in the QA aggregate, not directly from the raw metadata field; inspect contributing raw variants before deciding."
Periurethral adipose tissue,1,Periurethral adipose tissue,tissue,sample_type,route_to_sample_type,Sample_Type_SD,,,needs_review,Sample-material signal; preserve source context only when independently supported.,unreviewed,,,,"Batch 2 - sample materials. Current mode routing method: standardizer. This value comes from Isolation_Source_SD in the QA aggregate, not directly from the raw metadata field; inspect contributing raw variants before deciding."
"Periwinkle (C. roseus) plants placed in a phytoplasma infected vineyard, natuarally infected by vectors (M. fuscovaria)",1,"Periwinkle (C. roseus) plants placed in a phytoplasma infected vineyard, natuarally infected by vectors (M. fuscovaria)",,disease,route_to_disease_or_health_state,Host_Disease_SD / Host_Health_State_SD,,,needs_review,Disease or health-state signal; preserve independent material and site evidence.,unreviewed,,,,"Batch 7 - disease and health state. Current mode routing method: standardizer. This value comes from Isolation_Source_SD in the QA aggregate, not directly from the raw metadata field; inspect contributing raw variants before deciding."
person1,1,person1,,raw_code_or_artifact,route_to_non_source_descriptor,suppressed/non_source_descriptor,,,needs_review,Descriptor-like signal; verify raw variants before adding a suppression rule.,unreviewed,,,,"Batch 1 - metadata descriptors. Current mode routing method: standardizer. This value comes from Isolation_Source_SD in the QA aggregate, not directly from the raw metadata field; inspect contributing raw variants before deciding."
person2,1,person2,,raw_code_or_artifact,route_to_non_source_descriptor,suppressed/non_source_descriptor,,,needs_review,Descriptor-like signal; verify raw variants before adding a suppression rule.,unreviewed,,,,"Batch 1 - metadata descriptors. Current mode routing method: standardizer. This value comes from Isolation_Source_SD in the QA aggregate, not directly from the raw metadata field; inspect contributing raw variants before deciding."
Peryosteosynthesis tissue,1,Peryosteosynthesis tissue,tissue,sample_type,route_to_sample_type,Sample_Type_SD,,,needs_review,Sample-material signal; preserve source context only when independently supported.,unreviewed,,,,"Batch 2 - sample materials. Current mode routing method: standardizer. This value comes from Isolation_Source_SD in the QA aggregate, not directly from the raw metadata field; inspect contributing raw variants before deciding."
pet treat dog biscuit,1,pet treat dog biscuit,,host_taxon_or_context,route_to_host_context,Host_Context_SD / host-associated context,,,needs_review,Host-only signal requires raw context before source or host routing.,unreviewed,,,,"Batch 6 - host context. Current mode routing method: standardizer. This value comes from Isolation_Source_SD in the QA aggregate, not directly from the raw metadata field; inspect contributing raw variants before deciding."
pet treat dog biscuits,1,pet treat dog biscuits,,host_taxon_or_context,route_to_host_context,Host_Context_SD / host-associated context,,,needs_review,Host-only signal requires raw context before source or host routing.,unreviewed,,,,"Batch 6 - host context. Current mode routing method: standardizer. This value comes from Isolation_Source_SD in the QA aggregate, not directly from the raw metadata field; inspect contributing raw variants before deciding."
pet treat dog chew,1,pet treat dog chew,,host_taxon_or_context,route_to_host_context,Host_Context_SD / host-associated context,,,needs_review,Host-only signal requires raw context before source or host routing.,unreviewed,,,,"Batch 6 - host context. Current mode routing method: standardizer. This value comes from Isolation_Source_SD in the QA aggregate, not directly from the raw metadata field; inspect contributing raw variants before deciding."
pet treat for cat,1,pet treat for cat,,host_taxon_or_context,route_to_host_context,Host_Context_SD / host-associated context,,,needs_review,Host-only signal requires raw context before source or host routing.,unreviewed,,,,"Batch 6 - host context. Current mode routing method: standardizer. This value comes from Isolation_Source_SD in the QA aggregate, not directly from the raw metadata field; inspect contributing raw variants before deciding."
phage resistant from mouse experiment,1,phage resistant from mouse experiment,,host_taxon_or_context,route_to_host_context,Host_Context_SD / host-associated context,,,needs_review,Host-only signal requires raw context before source or host routing.,unreviewed,,,,"Batch 6 - host context. Current mode routing method: standardizer. This value comes from Isolation_Source_SD in the QA aggregate, not directly from the raw metadata field; inspect contributing raw variants before deciding."
phloem tissue (green shoots with witches-broom symptoms),1,phloem tissue (green shoots with witches-broom symptoms),tissue,sample_type,route_to_sample_type,Sample_Type_SD,,,needs_review,Sample-material signal; preserve source context only when independently supported.,unreviewed,,,,"Batch 2 - sample materials. Current mode routing method: standardizer. This value comes from Isolation_Source_SD in the QA aggregate, not directly from the raw metadata field; inspect contributing raw variants before deciding."
pine (Pinus sylvestris) tissue cultures from meristems of trees,1,pine (Pinus sylvestris) tissue cultures from meristems of trees,tissue,sample_type,route_to_sample_type,Sample_Type_SD,,,needs_review,Sample-material signal; preserve source context only when independently supported.,unreviewed,,,,"Batch 2 - sample materials. Current mode routing method: standardizer. This value comes from Isolation_Source_SD in the QA aggregate, not directly from the raw metadata field; inspect contributing raw variants before deciding."
placental tissue,1,placental tissue,tissue,sample_type,route_to_sample_type,Sample_Type_SD,,,needs_review,Sample-material signal; preserve source context only when independently supported.,unreviewed,,,,"Batch 2 - sample materials. Current mode routing method: standardizer. This value comes from Isolation_Source_SD in the QA aggregate, not directly from the raw metadata field; inspect contributing raw variants before deciding."
plague epizootic in a Gunnison's prairie dog colony,1,plague epizootic in a Gunnison's prairie dog colony,,host_taxon_or_context,route_to_host_context,Host_Context_SD / host-associated context,,,needs_review,Host-only signal requires raw context before source or host routing.,unreviewed,,,,"Batch 6 - host context. Current mode routing method: standardizer. This value comes from Isolation_Source_SD in the QA aggregate, not directly from the raw metadata field; inspect contributing raw variants before deciding."
PM2.5,1,PM2.5,,raw_code_or_artifact,route_to_non_source_descriptor,suppressed/non_source_descriptor,,,needs_review,Descriptor-like signal; verify raw variants before adding a suppression rule.,unreviewed,,,,"Batch 1 - metadata descriptors. Current mode routing method: standardizer. This value comes from Isolation_Source_SD in the QA aggregate, not directly from the raw metadata field; inspect contributing raw variants before deciding."
PO_0009001,1,PO_0009001,,raw_code_or_artifact,route_to_non_source_descriptor,suppressed/non_source_descriptor,,,needs_review,Descriptor-like signal; verify raw variants before adding a suppression rule.,unreviewed,,,,"Batch 1 - metadata descriptors. Current mode routing method: standardizer. This value comes from Isolation_Source_SD in the QA aggregate, not directly from the raw metadata field; inspect contributing raw variants before deciding."
PO_0025073,1,PO_0025073,,raw_code_or_artifact,route_to_non_source_descriptor,suppressed/non_source_descriptor,,,needs_review,Descriptor-like signal; verify raw variants before adding a suppression rule.,unreviewed,,,,"Batch 1 - metadata descriptors. Current mode routing method: standardizer. This value comes from Isolation_Source_SD in the QA aggregate, not directly from the raw metadata field; inspect contributing raw variants before deciding."
PO_0030114,1,PO_0030114,,raw_code_or_artifact,route_to_non_source_descriptor,suppressed/non_source_descriptor,,,needs_review,Descriptor-like signal; verify raw variants before adding a suppression rule.,unreviewed,,,,"Batch 1 - metadata descriptors. Current mode routing method: standardizer. This value comes from Isolation_Source_SD in the QA aggregate, not directly from the raw metadata field; inspect contributing raw variants before deciding."
pol32_OF,1,pol32_OF,,raw_code_or_artifact,route_to_non_source_descriptor,suppressed/non_source_descriptor,,,needs_review,Descriptor-like signal; verify raw variants before adding a suppression rule.,unreviewed,,,,"Batch 1 - metadata descriptors. Current mode routing method: standardizer. This value comes from Isolation_Source_SD in the QA aggregate, not directly from the raw metadata field; inspect contributing raw variants before deciding."
porcine tissue pool (Sus scrofa domesticus),1,porcine tissue pool (Sus scrofa domesticus),tissue,sample_type,route_to_sample_type,Sample_Type_SD,,,needs_review,Sample-material signal; preserve source context only when independently supported.,unreviewed,,,,"Batch 2 - sample materials. Current mode routing method: standardizer. This value comes from Isolation_Source_SD in the QA aggregate, not directly from the raw metadata field; inspect contributing raw variants before deciding."
pork1,1,pork1,,raw_code_or_artifact,route_to_non_source_descriptor,suppressed/non_source_descriptor,,,needs_review,Descriptor-like signal; verify raw variants before adding a suppression rule.,unreviewed,,,,"Batch 1 - metadata descriptors. Current mode routing method: standardizer. This value comes from Isolation_Source_SD in the QA aggregate, not directly from the raw metadata field; inspect contributing raw variants before deciding."
pork2,1,pork2,,raw_code_or_artifact,route_to_non_source_descriptor,suppressed/non_source_descriptor,,,needs_review,Descriptor-like signal; verify raw variants before adding a suppression rule.,unreviewed,,,,"Batch 1 - metadata descriptors. Current mode routing method: standardizer. This value comes from Isolation_Source_SD in the QA aggregate, not directly from the raw metadata field; inspect contributing raw variants before deciding."
Post lavage,1,Post lavage,,sample_type,route_to_sample_type,Sample_Type_SD,,,needs_review,Sample-material signal; preserve source context only when independently supported.,unreviewed,,,,"Batch 2 - sample materials. Current mode routing method: standardizer. This value comes from Isolation_Source_SD in the QA aggregate, not directly from the raw metadata field; inspect contributing raw variants before deciding."
post-op tissue,1,post-op tissue,tissue,sample_type,route_to_sample_type,Sample_Type_SD,,,needs_review,Sample-material signal; preserve source context only when independently supported.,unreviewed,,,,"Batch 2 - sample materials. Current mode routing method: standardizer. This value comes from Isolation_Source_SD in the QA aggregate, not directly from the raw metadata field; inspect contributing raw variants before deciding."
poulltry faeces,1,poulltry faeces,,sample_type,route_to_sample_type,Sample_Type_SD,,,needs_review,Sample-material signal; preserve source context only when independently supported.,unreviewed,,,,"Batch 2 - sample materials. Current mode routing method: standardizer. This value comes from Isolation_Source_SD in the QA aggregate, not directly from the raw metadata field; inspect contributing raw variants before deciding."
prepuce of a naturally-infected bull,1,prepuce of a naturally-infected bull,,disease,route_to_disease_or_health_state,Host_Disease_SD / Host_Health_State_SD,,,needs_review,Disease or health-state signal; preserve independent material and site evidence.,unreviewed,,,,"Batch 7 - disease and health state. Current mode routing method: standardizer. This value comes from Isolation_Source_SD in the QA aggregate, not directly from the raw metadata field; inspect contributing raw variants before deciding."
"Primate, Wild Animal, Golden Lion Tamarin Monkey",1,"Primate, Wild Animal, Golden Lion Tamarin Monkey",,host_taxon_or_context,route_to_host_context,Host_Context_SD / host-associated context,,,needs_review,Host-only signal requires raw context before source or host routing.,unreviewed,,,,"Batch 6 - host context. Current mode routing method: standardizer. This value comes from Isolation_Source_SD in the QA aggregate, not directly from the raw metadata field; inspect contributing raw variants before deciding."
Product-Raw-Intact-Unknown species,1,Product-Raw-Intact-Unknown species,,metadata_descriptor,route_to_non_source_descriptor,suppressed/non_source_descriptor,,,needs_review,Descriptor-like signal; verify raw variants before adding a suppression rule.,unreviewed,,,,"Batch 1 - metadata descriptors. Current mode routing method: standardizer. This value comes from Isolation_Source_SD in the QA aggregate, not directly from the raw metadata field; inspect contributing raw variants before deciding."
Proximal phalynx Tissue,1,Proximal phalynx Tissue,tissue,sample_type,route_to_sample_type,Sample_Type_SD,,,needs_review,Sample-material signal; preserve source context only when independently supported.,unreviewed,,,,"Batch 2 - sample materials. Current mode routing method: standardizer. This value comes from Isolation_Source_SD in the QA aggregate, not directly from the raw metadata field; inspect contributing raw variants before deciding."
pulmonary tissue from the wolfs frozen mummy,1,pulmonary tissue from the wolfs frozen mummy,tissue,sample_type,route_to_sample_type,Sample_Type_SD,,,needs_review,Sample-material signal; preserve source context only when independently supported.,unreviewed,,,,"Batch 2 - sample materials. Current mode routing method: standardizer. This value comes from Isolation_Source_SD in the QA aggregate, not directly from the raw metadata field; inspect contributing raw variants before deciding."
Purified from Hep-2 infected cells by sonication and differential centrifugation,1,Purified from Hep-2 infected cells by sonication and differential centrifugation,,disease,route_to_disease_or_health_state,Host_Disease_SD / Host_Health_State_SD,,,needs_review,Disease or health-state signal; preserve independent material and site evidence.,unreviewed,,,,"Batch 7 - disease and health state. Current mode routing method: standardizer. This value comes from Isolation_Source_SD in the QA aggregate, not directly from the raw metadata field; inspect contributing raw variants before deciding."
rabbit tissue (derivative of EGD strain),1,rabbit tissue (derivative of EGD strain),tissue,sample_type,route_to_sample_type,Sample_Type_SD,,,needs_review,Sample-material signal; preserve source context only when independently supported.,unreviewed,,,,"Batch 2 - sample materials. Current mode routing method: standardizer. This value comes from Isolation_Source_SD in the QA aggregate, not directly from the raw metadata field; inspect contributing raw variants before deciding."
raccoon tissue,1,raccoon tissue,tissue,sample_type,route_to_sample_type,Sample_Type_SD,,,needs_review,Sample-material signal; preserve source context only when independently supported.,unreviewed,,,,"Batch 2 - sample materials. Current mode routing method: standardizer. This value comes from Isolation_Source_SD in the QA aggregate, not directly from the raw metadata field; inspect contributing raw variants before deciding."
Rat snake (pet),1,Rat snake (pet),,host_taxon_or_context,route_to_host_context,Host_Context_SD / host-associated context,,,needs_review,Host-only signal requires raw context before source or host routing.,unreviewed,,,,"Batch 6 - host context. Current mode routing method: standardizer. This value comes from Isolation_Source_SD in the QA aggregate, not directly from the raw metadata field; inspect contributing raw variants before deciding."
rawhide moccasin dog treat chews,1,rawhide moccasin dog treat chews,,host_taxon_or_context,route_to_host_context,Host_Context_SD / host-associated context,,,needs_review,Host-only signal requires raw context before source or host routing.,unreviewed,,,,"Batch 6 - host context. Current mode routing method: standardizer. This value comes from Isolation_Source_SD in the QA aggregate, not directly from the raw metadata field; inspect contributing raw variants before deciding."
Recovered dog,1,Recovered dog,,host_taxon_or_context,route_to_host_context,Host_Context_SD / host-associated context,,,needs_review,Host-only signal requires raw context before source or host routing.,unreviewed,,,,"Batch 6 - host context. Current mode routing method: standardizer. This value comes from Isolation_Source_SD in the QA aggregate, not directly from the raw metadata field; inspect contributing raw variants before deciding."
render cattle by product,1,render cattle by product,,host_taxon_or_context,route_to_food_source,Isolation_Source_SD / food context,,,needs_review,Food or commodity context requires phrase-level review; animal terms alone are insufficient.,unreviewed,,,,"Batch 5 - food and commodity context. Current mode routing method: standardizer. This value comes from Isolation_Source_SD in the QA aggregate, not directly from the raw metadata field; inspect contributing raw variants before deciding."
reptile multiple tissue,1,reptile multiple tissue,tissue,sample_type,route_to_sample_type,Sample_Type_SD,,,needs_review,Sample-material signal; preserve source context only when independently supported.,unreviewed,,,,"Batch 2 - sample materials. Current mode routing method: standardizer. This value comes from Isolation_Source_SD in the QA aggregate, not directly from the raw metadata field; inspect contributing raw variants before deciding."
"Reptile, Wild Animal, Agamid",1,"Reptile, Wild Animal, Agamid",,host_taxon_or_context,route_to_host_context,Host_Context_SD / host-associated context,,,needs_review,Host-only signal requires raw context before source or host routing.,unreviewed,,,,"Batch 6 - host context. Current mode routing method: standardizer. This value comes from Isolation_Source_SD in the QA aggregate, not directly from the raw metadata field; inspect contributing raw variants before deciding."
"Reptile, Wild Animal, Halys viper",1,"Reptile, Wild Animal, Halys viper",,host_taxon_or_context,route_to_host_context,Host_Context_SD / host-associated context,,,needs_review,Host-only signal requires raw context before source or host routing.,unreviewed,,,,"Batch 6 - host context. Current mode routing method: standardizer. This value comes from Isolation_Source_SD in the QA aggregate, not directly from the raw metadata field; inspect contributing raw variants before deciding."
"Reptile, Wild Animal, Lizard",1,"Reptile, Wild Animal, Lizard",,host_taxon_or_context,route_to_host_context,Host_Context_SD / host-associated context,,,needs_review,Host-only signal requires raw context before source or host routing.,unreviewed,,,,"Batch 6 - host context. Current mode routing method: standardizer. This value comes from Isolation_Source_SD in the QA aggregate, not directly from the raw metadata field; inspect contributing raw variants before deciding."
"Reptile, Wild Animal, Terrapin",1,"Reptile, Wild Animal, Terrapin",,host_taxon_or_context,route_to_host_context,Host_Context_SD / host-associated context,,,needs_review,Host-only signal requires raw context before source or host routing.,unreviewed,,,,"Batch 6 - host context. Current mode routing method: standardizer. This value comes from Isolation_Source_SD in the QA aggregate, not directly from the raw metadata field; inspect contributing raw variants before deciding."
"Reptile, Wild Animal, Turtle",1,"Reptile, Wild Animal, Turtle",,host_taxon_or_context,route_to_host_context,Host_Context_SD / host-associated context,,,needs_review,Host-only signal requires raw context before source or host routing.,unreviewed,,,,"Batch 6 - host context. Current mode routing method: standardizer. This value comes from Isolation_Source_SD in the QA aggregate, not directly from the raw metadata field; inspect contributing raw variants before deciding."
resected aortic valve tissue,1,resected aortic valve tissue,tissue,sample_type,route_to_sample_type,Sample_Type_SD,,,needs_review,Sample-material signal; preserve source context only when independently supported.,unreviewed,,,,"Batch 2 - sample materials. Current mode routing method: standardizer. This value comes from Isolation_Source_SD in the QA aggregate, not directly from the raw metadata field; inspect contributing raw variants before deciding."
Retail_1,1,Retail_1,,raw_code_or_artifact,route_to_non_source_descriptor,suppressed/non_source_descriptor,,,needs_review,Descriptor-like signal; verify raw variants before adding a suppression rule.,unreviewed,,,,"Batch 1 - metadata descriptors. Current mode routing method: standardizer. This value comes from Isolation_Source_SD in the QA aggregate, not directly from the raw metadata field; inspect contributing raw variants before deciding."
Retail_101,1,Retail_101,,raw_code_or_artifact,route_to_non_source_descriptor,suppressed/non_source_descriptor,,,needs_review,Descriptor-like signal; verify raw variants before adding a suppression rule.,unreviewed,,,,"Batch 1 - metadata descriptors. Current mode routing method: standardizer. This value comes from Isolation_Source_SD in the QA aggregate, not directly from the raw metadata field; inspect contributing raw variants before deciding."
Retail_103,1,Retail_103,,raw_code_or_artifact,route_to_non_source_descriptor,suppressed/non_source_descriptor,,,needs_review,Descriptor-like signal; verify raw variants before adding a suppression rule.,unreviewed,,,,"Batch 1 - metadata descriptors. Current mode routing method: standardizer. This value comes from Isolation_Source_SD in the QA aggregate, not directly from the raw metadata field; inspect contributing raw variants before deciding."
Retail_105,1,Retail_105,,raw_code_or_artifact,route_to_non_source_descriptor,suppressed/non_source_descriptor,,,needs_review,Descriptor-like signal; verify raw variants before adding a suppression rule.,unreviewed,,,,"Batch 1 - metadata descriptors. Current mode routing method: standardizer. This value comes from Isolation_Source_SD in the QA aggregate, not directly from the raw metadata field; inspect contributing raw variants before deciding."
Retail_11,1,Retail_11,,raw_code_or_artifact,route_to_non_source_descriptor,suppressed/non_source_descriptor,,,needs_review,Descriptor-like signal; verify raw variants before adding a suppression rule.,unreviewed,,,,"Batch 1 - metadata descriptors. Current mode routing method: standardizer. This value comes from Isolation_Source_SD in the QA aggregate, not directly from the raw metadata field; inspect contributing raw variants before deciding."
Retail_110,1,Retail_110,,raw_code_or_artifact,route_to_non_source_descriptor,suppressed/non_source_descriptor,,,needs_review,Descriptor-like signal; verify raw variants before adding a suppression rule.,unreviewed,,,,"Batch 1 - metadata descriptors. Current mode routing method: standardizer. This value comes from Isolation_Source_SD in the QA aggregate, not directly from the raw metadata field; inspect contributing raw variants before deciding."
Retail_112,1,Retail_112,,raw_code_or_artifact,route_to_non_source_descriptor,suppressed/non_source_descriptor,,,needs_review,Descriptor-like signal; verify raw variants before adding a suppression rule.,unreviewed,,,,"Batch 1 - metadata descriptors. Current mode routing method: standardizer. This value comes from Isolation_Source_SD in the QA aggregate, not directly from the raw metadata field; inspect contributing raw variants before deciding."
Retail_114,1,Retail_114,,raw_code_or_artifact,route_to_non_source_descriptor,suppressed/non_source_descriptor,,,needs_review,Descriptor-like signal; verify raw variants before adding a suppression rule.,unreviewed,,,,"Batch 1 - metadata descriptors. Current mode routing method: standardizer. This value comes from Isolation_Source_SD in the QA aggregate, not directly from the raw metadata field; inspect contributing raw variants before deciding."
Retail_118,1,Retail_118,,raw_code_or_artifact,route_to_non_source_descriptor,suppressed/non_source_descriptor,,,needs_review,Descriptor-like signal; verify raw variants before adding a suppression rule.,unreviewed,,,,"Batch 1 - metadata descriptors. Current mode routing method: standardizer. This value comes from Isolation_Source_SD in the QA aggregate, not directly from the raw metadata field; inspect contributing raw variants before deciding."
Retail_120,1,Retail_120,,raw_code_or_artifact,route_to_non_source_descriptor,suppressed/non_source_descriptor,,,needs_review,Descriptor-like signal; verify raw variants before adding a suppression rule.,unreviewed,,,,"Batch 1 - metadata descriptors. Current mode routing method: standardizer. This value comes from Isolation_Source_SD in the QA aggregate, not directly from the raw metadata field; inspect contributing raw variants before deciding."
Retail_122,1,Retail_122,,raw_code_or_artifact,route_to_non_source_descriptor,suppressed/non_source_descriptor,,,needs_review,Descriptor-like signal; verify raw variants before adding a suppression rule.,unreviewed,,,,"Batch 1 - metadata descriptors. Current mode routing method: standardizer. This value comes from Isolation_Source_SD in the QA aggregate, not directly from the raw metadata field; inspect contributing raw variants before deciding."
Retail_124,1,Retail_124,,raw_code_or_artifact,route_to_non_source_descriptor,suppressed/non_source_descriptor,,,needs_review,Descriptor-like signal; verify raw variants before adding a suppression rule.,unreviewed,,,,"Batch 1 - metadata descriptors. Current mode routing method: standardizer. This value comes from Isolation_Source_SD in the QA aggregate, not directly from the raw metadata field; inspect contributing raw variants before deciding."
Retail_126,1,Retail_126,,raw_code_or_artifact,route_to_non_source_descriptor,suppressed/non_source_descriptor,,,needs_review,Descriptor-like signal; verify raw variants before adding a suppression rule.,unreviewed,,,,"Batch 1 - metadata descriptors. Current mode routing method: standardizer. This value comes from Isolation_Source_SD in the QA aggregate, not directly from the raw metadata field; inspect contributing raw variants before deciding."
Retail_129,1,Retail_129,,raw_code_or_artifact,route_to_non_source_descriptor,suppressed/non_source_descriptor,,,needs_review,Descriptor-like signal; verify raw variants before adding a suppression rule.,unreviewed,,,,"Batch 1 - metadata descriptors. Current mode routing method: standardizer. This value comes from Isolation_Source_SD in the QA aggregate, not directly from the raw metadata field; inspect contributing raw variants before deciding."
Retail_13,1,Retail_13,,raw_code_or_artifact,route_to_non_source_descriptor,suppressed/non_source_descriptor,,,needs_review,Descriptor-like signal; verify raw variants before adding a suppression rule.,unreviewed,,,,"Batch 1 - metadata descriptors. Current mode routing method: standardizer. This value comes from Isolation_Source_SD in the QA aggregate, not directly from the raw metadata field; inspect contributing raw variants before deciding."
Retail_131,1,Retail_131,,raw_code_or_artifact,route_to_non_source_descriptor,suppressed/non_source_descriptor,,,needs_review,Descriptor-like signal; verify raw variants before adding a suppression rule.,unreviewed,,,,"Batch 1 - metadata descriptors. Current mode routing method: standardizer. This value comes from Isolation_Source_SD in the QA aggregate, not directly from the raw metadata field; inspect contributing raw variants before deciding."
Retail_141,1,Retail_141,,raw_code_or_artifact,route_to_non_source_descriptor,suppressed/non_source_descriptor,,,needs_review,Descriptor-like signal; verify raw variants before adding a suppression rule.,unreviewed,,,,"Batch 1 - metadata descriptors. Current mode routing method: standardizer. This value comes from Isolation_Source_SD in the QA aggregate, not directly from the raw metadata field; inspect contributing raw variants before deciding."
Retail_143,1,Retail_143,,raw_code_or_artifact,route_to_non_source_descriptor,suppressed/non_source_descriptor,,,needs_review,Descriptor-like signal; verify raw variants before adding a suppression rule.,unreviewed,,,,"Batch 1 - metadata descriptors. Current mode routing method: standardizer. This value comes from Isolation_Source_SD in the QA aggregate, not directly from the raw metadata field; inspect contributing raw variants before deciding."
Retail_15,1,Retail_15,,raw_code_or_artifact,route_to_non_source_descriptor,suppressed/non_source_descriptor,,,needs_review,Descriptor-like signal; verify raw variants before adding a suppression rule.,unreviewed,,,,"Batch 1 - metadata descriptors. Current mode routing method: standardizer. This value comes from Isolation_Source_SD in the QA aggregate, not directly from the raw metadata field; inspect contributing raw variants before deciding."
Retail_17,1,Retail_17,,raw_code_or_artifact,route_to_non_source_descriptor,suppressed/non_source_descriptor,,,needs_review,Descriptor-like signal; verify raw variants before adding a suppression rule.,unreviewed,,,,"Batch 1 - metadata descriptors. Current mode routing method: standardizer. This value comes from Isolation_Source_SD in the QA aggregate, not directly from the raw metadata field; inspect contributing raw variants before deciding."
Retail_19,1,Retail_19,,raw_code_or_artifact,route_to_non_source_descriptor,suppressed/non_source_descriptor,,,needs_review,Descriptor-like signal; verify raw variants before adding a suppression rule.,unreviewed,,,,"Batch 1 - metadata descriptors. Current mode routing method: standardizer. This value comes from Isolation_Source_SD in the QA aggregate, not directly from the raw metadata field; inspect contributing raw variants before deciding."
Retail_21,1,Retail_21,,raw_code_or_artifact,route_to_non_source_descriptor,suppressed/non_source_descriptor,,,needs_review,Descriptor-like signal; verify raw variants before adding a suppression rule.,unreviewed,,,,"Batch 1 - metadata descriptors. Current mode routing method: standardizer. This value comes from Isolation_Source_SD in the QA aggregate, not directly from the raw metadata field; inspect contributing raw variants before deciding."
Retail_23,1,Retail_23,,raw_code_or_artifact,route_to_non_source_descriptor,suppressed/non_source_descriptor,,,needs_review,Descriptor-like signal; verify raw variants before adding a suppression rule.,unreviewed,,,,"Batch 1 - metadata descriptors. Current mode routing method: standardizer. This value comes from Isolation_Source_SD in the QA aggregate, not directly from the raw metadata field; inspect contributing raw variants before deciding."
Retail_25,1,Retail_25,,raw_code_or_artifact,route_to_non_source_descriptor,suppressed/non_source_descriptor,,,needs_review,Descriptor-like signal; verify raw variants before adding a suppression rule.,unreviewed,,,,"Batch 1 - metadata descriptors. Current mode routing method: standardizer. This value comes from Isolation_Source_SD in the QA aggregate, not directly from the raw metadata field; inspect contributing raw variants before deciding."
Retail_27,1,Retail_27,,raw_code_or_artifact,route_to_non_source_descriptor,suppressed/non_source_descriptor,,,needs_review,Descriptor-like signal; verify raw variants before adding a suppression rule.,unreviewed,,,,"Batch 1 - metadata descriptors. Current mode routing method: standardizer. This value comes from Isolation_Source_SD in the QA aggregate, not directly from the raw metadata field; inspect contributing raw variants before deciding."
Retail_29,1,Retail_29,,raw_code_or_artifact,route_to_non_source_descriptor,suppressed/non_source_descriptor,,,needs_review,Descriptor-like signal; verify raw variants before adding a suppression rule.,unreviewed,,,,"Batch 1 - metadata descriptors. Current mode routing method: standardizer. This value comes from Isolation_Source_SD in the QA aggregate, not directly from the raw metadata field; inspect contributing raw variants before deciding."
Retail_3,1,Retail_3,,raw_code_or_artifact,route_to_non_source_descriptor,suppressed/non_source_descriptor,,,needs_review,Descriptor-like signal; verify raw variants before adding a suppression rule.,unreviewed,,,,"Batch 1 - metadata descriptors. Current mode routing method: standardizer. This value comes from Isolation_Source_SD in the QA aggregate, not directly from the raw metadata field; inspect contributing raw variants before deciding."
Retail_31,1,Retail_31,,raw_code_or_artifact,route_to_non_source_descriptor,suppressed/non_source_descriptor,,,needs_review,Descriptor-like signal; verify raw variants before adding a suppression rule.,unreviewed,,,,"Batch 1 - metadata descriptors. Current mode routing method: standardizer. This value comes from Isolation_Source_SD in the QA aggregate, not directly from the raw metadata field; inspect contributing raw variants before deciding."
Retail_33,1,Retail_33,,raw_code_or_artifact,route_to_non_source_descriptor,suppressed/non_source_descriptor,,,needs_review,Descriptor-like signal; verify raw variants before adding a suppression rule.,unreviewed,,,,"Batch 1 - metadata descriptors. Current mode routing method: standardizer. This value comes from Isolation_Source_SD in the QA aggregate, not directly from the raw metadata field; inspect contributing raw variants before deciding."
Retail_35,1,Retail_35,,raw_code_or_artifact,route_to_non_source_descriptor,suppressed/non_source_descriptor,,,needs_review,Descriptor-like signal; verify raw variants before adding a suppression rule.,unreviewed,,,,"Batch 1 - metadata descriptors. Current mode routing method: standardizer. This value comes from Isolation_Source_SD in the QA aggregate, not directly from the raw metadata field; inspect contributing raw variants before deciding."
Retail_37,1,Retail_37,,raw_code_or_artifact,route_to_non_source_descriptor,suppressed/non_source_descriptor,,,needs_review,Descriptor-like signal; verify raw variants before adding a suppression rule.,unreviewed,,,,"Batch 1 - metadata descriptors. Current mode routing method: standardizer. This value comes from Isolation_Source_SD in the QA aggregate, not directly from the raw metadata field; inspect contributing raw variants before deciding."
Retail_39,1,Retail_39,,raw_code_or_artifact,route_to_non_source_descriptor,suppressed/non_source_descriptor,,,needs_review,Descriptor-like signal; verify raw variants before adding a suppression rule.,unreviewed,,,,"Batch 1 - metadata descriptors. Current mode routing method: standardizer. This value comes from Isolation_Source_SD in the QA aggregate, not directly from the raw metadata field; inspect contributing raw variants before deciding."
Retail_41,1,Retail_41,,raw_code_or_artifact,route_to_non_source_descriptor,suppressed/non_source_descriptor,,,needs_review,Descriptor-like signal; verify raw variants before adding a suppression rule.,unreviewed,,,,"Batch 1 - metadata descriptors. Current mode routing method: standardizer. This value comes from Isolation_Source_SD in the QA aggregate, not directly from the raw metadata field; inspect contributing raw variants before deciding."
Retail_43,1,Retail_43,,raw_code_or_artifact,route_to_non_source_descriptor,suppressed/non_source_descriptor,,,needs_review,Descriptor-like signal; verify raw variants before adding a suppression rule.,unreviewed,,,,"Batch 1 - metadata descriptors. Current mode routing method: standardizer. This value comes from Isolation_Source_SD in the QA aggregate, not directly from the raw metadata field; inspect contributing raw variants before deciding."
Retail_45,1,Retail_45,,raw_code_or_artifact,route_to_non_source_descriptor,suppressed/non_source_descriptor,,,needs_review,Descriptor-like signal; verify raw variants before adding a suppression rule.,unreviewed,,,,"Batch 1 - metadata descriptors. Current mode routing method: standardizer. This value comes from Isolation_Source_SD in the QA aggregate, not directly from the raw metadata field; inspect contributing raw variants before deciding."
Retail_47,1,Retail_47,,raw_code_or_artifact,route_to_non_source_descriptor,suppressed/non_source_descriptor,,,needs_review,Descriptor-like signal; verify raw variants before adding a suppression rule.,unreviewed,,,,"Batch 1 - metadata descriptors. Current mode routing method: standardizer. This value comes from Isolation_Source_SD in the QA aggregate, not directly from the raw metadata field; inspect contributing raw variants before deciding."
Retail_49,1,Retail_49,,raw_code_or_artifact,route_to_non_source_descriptor,suppressed/non_source_descriptor,,,needs_review,Descriptor-like signal; verify raw variants before adding a suppression rule.,unreviewed,,,,"Batch 1 - metadata descriptors. Current mode routing method: standardizer. This value comes from Isolation_Source_SD in the QA aggregate, not directly from the raw metadata field; inspect contributing raw variants before deciding."
Retail_51,1,Retail_51,,raw_code_or_artifact,route_to_non_source_descriptor,suppressed/non_source_descriptor,,,needs_review,Descriptor-like signal; verify raw variants before adding a suppression rule.,unreviewed,,,,"Batch 1 - metadata descriptors. Current mode routing method: standardizer. This value comes from Isolation_Source_SD in the QA aggregate, not directly from the raw metadata field; inspect contributing raw variants before deciding."
Retail_53,1,Retail_53,,raw_code_or_artifact,route_to_non_source_descriptor,suppressed/non_source_descriptor,,,needs_review,Descriptor-like signal; verify raw variants before adding a suppression rule.,unreviewed,,,,"Batch 1 - metadata descriptors. Current mode routing method: standardizer. This value comes from Isolation_Source_SD in the QA aggregate, not directly from the raw metadata field; inspect contributing raw variants before deciding."
Retail_55,1,Retail_55,,raw_code_or_artifact,route_to_non_source_descriptor,suppressed/non_source_descriptor,,,needs_review,Descriptor-like signal; verify raw variants before adding a suppression rule.,unreviewed,,,,"Batch 1 - metadata descriptors. Current mode routing method: standardizer. This value comes from Isolation_Source_SD in the QA aggregate, not directly from the raw metadata field; inspect contributing raw variants before deciding."
Retail_57,1,Retail_57,,raw_code_or_artifact,route_to_non_source_descriptor,suppressed/non_source_descriptor,,,needs_review,Descriptor-like signal; verify raw variants before adding a suppression rule.,unreviewed,,,,"Batch 1 - metadata descriptors. Current mode routing method: standardizer. This value comes from Isolation_Source_SD in the QA aggregate, not directly from the raw metadata field; inspect contributing raw variants before deciding."
Retail_59,1,Retail_59,,raw_code_or_artifact,route_to_non_source_descriptor,suppressed/non_source_descriptor,,,needs_review,Descriptor-like signal; verify raw variants before adding a suppression rule.,unreviewed,,,,"Batch 1 - metadata descriptors. Current mode routing method: standardizer. This value comes from Isolation_Source_SD in the QA aggregate, not directly from the raw metadata field; inspect contributing raw variants before deciding."
Retail_61,1,Retail_61,,raw_code_or_artifact,route_to_non_source_descriptor,suppressed/non_source_descriptor,,,needs_review,Descriptor-like signal; verify raw variants before adding a suppression rule.,unreviewed,,,,"Batch 1 - metadata descriptors. Current mode routing method: standardizer. This value comes from Isolation_Source_SD in the QA aggregate, not directly from the raw metadata field; inspect contributing raw variants before deciding."
Retail_63,1,Retail_63,,raw_code_or_artifact,route_to_non_source_descriptor,suppressed/non_source_descriptor,,,needs_review,Descriptor-like signal; verify raw variants before adding a suppression rule.,unreviewed,,,,"Batch 1 - metadata descriptors. Current mode routing method: standardizer. This value comes from Isolation_Source_SD in the QA aggregate, not directly from the raw metadata field; inspect contributing raw variants before deciding."
Retail_65,1,Retail_65,,raw_code_or_artifact,route_to_non_source_descriptor,suppressed/non_source_descriptor,,,needs_review,Descriptor-like signal; verify raw variants before adding a suppression rule.,unreviewed,,,,"Batch 1 - metadata descriptors. Current mode routing method: standardizer. This value comes from Isolation_Source_SD in the QA aggregate, not directly from the raw metadata field; inspect contributing raw variants before deciding."
Retail_67,1,Retail_67,,raw_code_or_artifact,route_to_non_source_descriptor,suppressed/non_source_descriptor,,,needs_review,Descriptor-like signal; verify raw variants before adding a suppression rule.,unreviewed,,,,"Batch 1 - metadata descriptors. Current mode routing method: standardizer. This value comes from Isolation_Source_SD in the QA aggregate, not directly from the raw metadata field; inspect contributing raw variants before deciding."
Retail_69,1,Retail_69,,raw_code_or_artifact,route_to_non_source_descriptor,suppressed/non_source_descriptor,,,needs_review,Descriptor-like signal; verify raw variants before adding a suppression rule.,unreviewed,,,,"Batch 1 - metadata descriptors. Current mode routing method: standardizer. This value comes from Isolation_Source_SD in the QA aggregate, not directly from the raw metadata field; inspect contributing raw variants before deciding."
Retail_7,1,Retail_7,,raw_code_or_artifact,route_to_non_source_descriptor,suppressed/non_source_descriptor,,,needs_review,Descriptor-like signal; verify raw variants before adding a suppression rule.,unreviewed,,,,"Batch 1 - metadata descriptors. Current mode routing method: standardizer. This value comes from Isolation_Source_SD in the QA aggregate, not directly from the raw metadata field; inspect contributing raw variants before deciding."
Retail_71,1,Retail_71,,raw_code_or_artifact,route_to_non_source_descriptor,suppressed/non_source_descriptor,,,needs_review,Descriptor-like signal; verify raw variants before adding a suppression rule.,unreviewed,,,,"Batch 1 - metadata descriptors. Current mode routing method: standardizer. This value comes from Isolation_Source_SD in the QA aggregate, not directly from the raw metadata field; inspect contributing raw variants before deciding."
Retail_73,1,Retail_73,,raw_code_or_artifact,route_to_non_source_descriptor,suppressed/non_source_descriptor,,,needs_review,Descriptor-like signal; verify raw variants before adding a suppression rule.,unreviewed,,,,"Batch 1 - metadata descriptors. Current mode routing method: standardizer. This value comes from Isolation_Source_SD in the QA aggregate, not directly from the raw metadata field; inspect contributing raw variants before deciding."
Retail_75,1,Retail_75,,raw_code_or_artifact,route_to_non_source_descriptor,suppressed/non_source_descriptor,,,needs_review,Descriptor-like signal; verify raw variants before adding a suppression rule.,unreviewed,,,,"Batch 1 - metadata descriptors. Current mode routing method: standardizer. This value comes from Isolation_Source_SD in the QA aggregate, not directly from the raw metadata field; inspect contributing raw variants before deciding."
Retail_77,1,Retail_77,,raw_code_or_artifact,route_to_non_source_descriptor,suppressed/non_source_descriptor,,,needs_review,Descriptor-like signal; verify raw variants before adding a suppression rule.,unreviewed,,,,"Batch 1 - metadata descriptors. Current mode routing method: standardizer. This value comes from Isolation_Source_SD in the QA aggregate, not directly from the raw metadata field; inspect contributing raw variants before deciding."
Retail_79,1,Retail_79,,raw_code_or_artifact,route_to_non_source_descriptor,suppressed/non_source_descriptor,,,needs_review,Descriptor-like signal; verify raw variants before adding a suppression rule.,unreviewed,,,,"Batch 1 - metadata descriptors. Current mode routing method: standardizer. This value comes from Isolation_Source_SD in the QA aggregate, not directly from the raw metadata field; inspect contributing raw variants before deciding."
Retail_81,1,Retail_81,,raw_code_or_artifact,route_to_non_source_descriptor,suppressed/non_source_descriptor,,,needs_review,Descriptor-like signal; verify raw variants before adding a suppression rule.,unreviewed,,,,"Batch 1 - metadata descriptors. Current mode routing method: standardizer. This value comes from Isolation_Source_SD in the QA aggregate, not directly from the raw metadata field; inspect contributing raw variants before deciding."
Retail_83,1,Retail_83,,raw_code_or_artifact,route_to_non_source_descriptor,suppressed/non_source_descriptor,,,needs_review,Descriptor-like signal; verify raw variants before adding a suppression rule.,unreviewed,,,,"Batch 1 - metadata descriptors. Current mode routing method: standardizer. This value comes from Isolation_Source_SD in the QA aggregate, not directly from the raw metadata field; inspect contributing raw variants before deciding."
Retail_85,1,Retail_85,,raw_code_or_artifact,route_to_non_source_descriptor,suppressed/non_source_descriptor,,,needs_review,Descriptor-like signal; verify raw variants before adding a suppression rule.,unreviewed,,,,"Batch 1 - metadata descriptors. Current mode routing method: standardizer. This value comes from Isolation_Source_SD in the QA aggregate, not directly from the raw metadata field; inspect contributing raw variants before deciding."
Retail_87,1,Retail_87,,raw_code_or_artifact,route_to_non_source_descriptor,suppressed/non_source_descriptor,,,needs_review,Descriptor-like signal; verify raw variants before adding a suppression rule.,unreviewed,,,,"Batch 1 - metadata descriptors. Current mode routing method: standardizer. This value comes from Isolation_Source_SD in the QA aggregate, not directly from the raw metadata field; inspect contributing raw variants before deciding."
Retail_89,1,Retail_89,,raw_code_or_artifact,route_to_non_source_descriptor,suppressed/non_source_descriptor,,,needs_review,Descriptor-like signal; verify raw variants before adding a suppression rule.,unreviewed,,,,"Batch 1 - metadata descriptors. Current mode routing method: standardizer. This value comes from Isolation_Source_SD in the QA aggregate, not directly from the raw metadata field; inspect contributing raw variants before deciding."
Retail_9,1,Retail_9,,raw_code_or_artifact,route_to_non_source_descriptor,suppressed/non_source_descriptor,,,needs_review,Descriptor-like signal; verify raw variants before adding a suppression rule.,unreviewed,,,,"Batch 1 - metadata descriptors. Current mode routing method: standardizer. This value comes from Isolation_Source_SD in the QA aggregate, not directly from the raw metadata field; inspect contributing raw variants before deciding."
Retail_91,1,Retail_91,,raw_code_or_artifact,route_to_non_source_descriptor,suppressed/non_source_descriptor,,,needs_review,Descriptor-like signal; verify raw variants before adding a suppression rule.,unreviewed,,,,"Batch 1 - metadata descriptors. Current mode routing method: standardizer. This value comes from Isolation_Source_SD in the QA aggregate, not directly from the raw metadata field; inspect contributing raw variants before deciding."
Retail_93,1,Retail_93,,raw_code_or_artifact,route_to_non_source_descriptor,suppressed/non_source_descriptor,,,needs_review,Descriptor-like signal; verify raw variants before adding a suppression rule.,unreviewed,,,,"Batch 1 - metadata descriptors. Current mode routing method: standardizer. This value comes from Isolation_Source_SD in the QA aggregate, not directly from the raw metadata field; inspect contributing raw variants before deciding."
Retail_95,1,Retail_95,,raw_code_or_artifact,route_to_non_source_descriptor,suppressed/non_source_descriptor,,,needs_review,Descriptor-like signal; verify raw variants before adding a suppression rule.,unreviewed,,,,"Batch 1 - metadata descriptors. Current mode routing method: standardizer. This value comes from Isolation_Source_SD in the QA aggregate, not directly from the raw metadata field; inspect contributing raw variants before deciding."
Retail_97,1,Retail_97,,raw_code_or_artifact,route_to_non_source_descriptor,suppressed/non_source_descriptor,,,needs_review,Descriptor-like signal; verify raw variants before adding a suppression rule.,unreviewed,,,,"Batch 1 - metadata descriptors. Current mode routing method: standardizer. This value comes from Isolation_Source_SD in the QA aggregate, not directly from the raw metadata field; inspect contributing raw variants before deciding."
Retail_99,1,Retail_99,,raw_code_or_artifact,route_to_non_source_descriptor,suppressed/non_source_descriptor,,,needs_review,Descriptor-like signal; verify raw variants before adding a suppression rule.,unreviewed,,,,"Batch 1 - metadata descriptors. Current mode routing method: standardizer. This value comes from Isolation_Source_SD in the QA aggregate, not directly from the raw metadata field; inspect contributing raw variants before deciding."
Retina from E13.5 mouse embryo,1,Retina from E13.5 mouse embryo,,host_taxon_or_context,route_to_host_context,Host_Context_SD / host-associated context,,,needs_review,Host-only signal requires raw context before source or host routing.,unreviewed,,,,"Batch 6 - host context. Current mode routing method: standardizer. This value comes from Isolation_Source_SD in the QA aggregate, not directly from the raw metadata field; inspect contributing raw variants before deciding."
Retina from E14.5 mouse embryo,1,Retina from E14.5 mouse embryo,,host_taxon_or_context,route_to_host_context,Host_Context_SD / host-associated context,,,needs_review,Host-only signal requires raw context before source or host routing.,unreviewed,,,,"Batch 6 - host context. Current mode routing method: standardizer. This value comes from Isolation_Source_SD in the QA aggregate, not directly from the raw metadata field; inspect contributing raw variants before deciding."
Retina from E15.5 mouse embryo,1,Retina from E15.5 mouse embryo,,host_taxon_or_context,route_to_host_context,Host_Context_SD / host-associated context,,,needs_review,Host-only signal requires raw context before source or host routing.,unreviewed,,,,"Batch 6 - host context. Current mode routing method: standardizer. This value comes from Isolation_Source_SD in the QA aggregate, not directly from the raw metadata field; inspect contributing raw variants before deciding."
Retina from E18.5 mouse embryo,1,Retina from E18.5 mouse embryo,,host_taxon_or_context,route_to_host_context,Host_Context_SD / host-associated context,,,needs_review,Host-only signal requires raw context before source or host routing.,unreviewed,,,,"Batch 6 - host context. Current mode routing method: standardizer. This value comes from Isolation_Source_SD in the QA aggregate, not directly from the raw metadata field; inspect contributing raw variants before deciding."
Retroperitoneal Tissue,1,Retroperitoneal Tissue,tissue,sample_type,route_to_sample_type,Sample_Type_SD,,,needs_review,Sample-material signal; preserve source context only when independently supported.,unreviewed,,,,"Batch 2 - sample materials. Current mode routing method: standardizer. This value comes from Isolation_Source_SD in the QA aggregate, not directly from the raw metadata field; inspect contributing raw variants before deciding."
Rice-straw residue from a methanogenic reactor treating waste from cattle farms,1,Rice-straw residue from a methanogenic reactor treating waste from cattle farms,,host_taxon_or_context,route_to_food_source,Isolation_Source_SD / food context,,,needs_review,Food or commodity context requires phrase-level review; animal terms alone are insufficient.,unreviewed,,,,"Batch 5 - food and commodity context. Current mode routing method: standardizer. This value comes from Isolation_Source_SD in the QA aggregate, not directly from the raw metadata field; inspect contributing raw variants before deciding."
Rice-straw residue obtained from a methanogenic reactor treating waste collected from cattle farms,1,Rice-straw residue obtained from a methanogenic reactor treating waste collected from cattle farms,,host_taxon_or_context,route_to_food_source,Isolation_Source_SD / food context,,,needs_review,Food or commodity context requires phrase-level review; animal terms alone are insufficient.,unreviewed,,,,"Batch 5 - food and commodity context. Current mode routing method: standardizer. This value comes from Isolation_Source_SD in the QA aggregate, not directly from the raw metadata field; inspect contributing raw variants before deciding."
Right arm tissue,1,Right arm tissue,tissue,sample_type,route_to_sample_type,Sample_Type_SD,,,needs_review,Sample-material signal; preserve source context only when independently supported.,unreviewed,,,,"Batch 2 - sample materials. Current mode routing method: standardizer. This value comes from Isolation_Source_SD in the QA aggregate, not directly from the raw metadata field; inspect contributing raw variants before deciding."
RIGHT ELBOW CAPSULE TISSUE,1,RIGHT ELBOW CAPSULE TISSUE,tissue,sample_type,route_to_sample_type,Sample_Type_SD,,,needs_review,Sample-material signal; preserve source context only when independently supported.,unreviewed,,,,"Batch 2 - sample materials. Current mode routing method: standardizer. This value comes from Isolation_Source_SD in the QA aggregate, not directly from the raw metadata field; inspect contributing raw variants before deciding."
Right Hand Tissue,1,Right Hand Tissue,tissue,sample_type,route_to_sample_type,Sample_Type_SD,,,needs_review,Sample-material signal; preserve source context only when independently supported.,unreviewed,,,,"Batch 2 - sample materials. Current mode routing method: standardizer. This value comes from Isolation_Source_SD in the QA aggregate, not directly from the raw metadata field; inspect contributing raw variants before deciding."
right hip bursa tissue,1,right hip bursa tissue,tissue,sample_type,route_to_sample_type,Sample_Type_SD,,,needs_review,Sample-material signal; preserve source context only when independently supported.,unreviewed,,,,"Batch 2 - sample materials. Current mode routing method: standardizer. This value comes from Isolation_Source_SD in the QA aggregate, not directly from the raw metadata field; inspect contributing raw variants before deciding."
Right hip tissue,1,Right hip tissue,tissue,sample_type,route_to_sample_type,Sample_Type_SD,,,needs_review,Sample-material signal; preserve source context only when independently supported.,unreviewed,,,,"Batch 2 - sample materials. Current mode routing method: standardizer. This value comes from Isolation_Source_SD in the QA aggregate, not directly from the raw metadata field; inspect contributing raw variants before deciding."
right ischial tissue,1,right ischial tissue,tissue,sample_type,route_to_sample_type,Sample_Type_SD,,,needs_review,Sample-material signal; preserve source context only when independently supported.,unreviewed,,,,"Batch 2 - sample materials. Current mode routing method: standardizer. This value comes from Isolation_Source_SD in the QA aggregate, not directly from the raw metadata field; inspect contributing raw variants before deciding."
"Right,Hip Tissue",1,"Right,Hip Tissue",tissue,sample_type,route_to_sample_type,Sample_Type_SD,,,needs_review,Sample-material signal; preserve source context only when independently supported.,unreviewed,,,,"Batch 2 - sample materials. Current mode routing method: standardizer. This value comes from Isolation_Source_SD in the QA aggregate, not directly from the raw metadata field; inspect contributing raw variants before deciding."
Ring1b_alt_ab_ChIPseq,1,Ring1b_alt_ab_ChIPseq,,raw_code_or_artifact,route_to_non_source_descriptor,suppressed/non_source_descriptor,,,needs_review,Descriptor-like signal; verify raw variants before adding a suppression rule.,unreviewed,,,,"Batch 1 - metadata descriptors. Current mode routing method: standardizer. This value comes from Isolation_Source_SD in the QA aggregate, not directly from the raw metadata field; inspect contributing raw variants before deciding."
Ring1b_induced_ChIPseq,1,Ring1b_induced_ChIPseq,,raw_code_or_artifact,route_to_non_source_descriptor,suppressed/non_source_descriptor,,,needs_review,Descriptor-like signal; verify raw variants before adding a suppression rule.,unreviewed,,,,"Batch 1 - metadata descriptors. Current mode routing method: standardizer. This value comes from Isolation_Source_SD in the QA aggregate, not directly from the raw metadata field; inspect contributing raw variants before deciding."
Ring1b_uninduced_ChIPseq,1,Ring1b_uninduced_ChIPseq,,raw_code_or_artifact,route_to_non_source_descriptor,suppressed/non_source_descriptor,,,needs_review,Descriptor-like signal; verify raw variants before adding a suppression rule.,unreviewed,,,,"Batch 1 - metadata descriptors. Current mode routing method: standardizer. This value comes from Isolation_Source_SD in the QA aggregate, not directly from the raw metadata field; inspect contributing raw variants before deciding."
RNA-seq.WT.rep1,1,RNA-seq.WT.rep1,,raw_code_or_artifact,route_to_non_source_descriptor,suppressed/non_source_descriptor,,,needs_review,Descriptor-like signal; verify raw variants before adding a suppression rule.,unreviewed,,,,"Batch 1 - metadata descriptors. Current mode routing method: standardizer. This value comes from Isolation_Source_SD in the QA aggregate, not directly from the raw metadata field; inspect contributing raw variants before deciding."
RNA-seq.WT.rep2,1,RNA-seq.WT.rep2,,raw_code_or_artifact,route_to_non_source_descriptor,suppressed/non_source_descriptor,,,needs_review,Descriptor-like signal; verify raw variants before adding a suppression rule.,unreviewed,,,,"Batch 1 - metadata descriptors. Current mode routing method: standardizer. This value comes from Isolation_Source_SD in the QA aggregate, not directly from the raw metadata field; inspect contributing raw variants before deciding."
RNAPII-CTDun_WT_22C_rep1,1,RNAPII-CTDun_WT_22C_rep1,,raw_code_or_artifact,route_to_non_source_descriptor,suppressed/non_source_descriptor,,,needs_review,Descriptor-like signal; verify raw variants before adding a suppression rule.,unreviewed,,,,"Batch 1 - metadata descriptors. Current mode routing method: standardizer. This value comes from Isolation_Source_SD in the QA aggregate, not directly from the raw metadata field; inspect contributing raw variants before deciding."
RNAPII-CTDun_WT_22C_rep2,1,RNAPII-CTDun_WT_22C_rep2,,raw_code_or_artifact,route_to_non_source_descriptor,suppressed/non_source_descriptor,,,needs_review,Descriptor-like signal; verify raw variants before adding a suppression rule.,unreviewed,,,,"Batch 1 - metadata descriptors. Current mode routing method: standardizer. This value comes from Isolation_Source_SD in the QA aggregate, not directly from the raw metadata field; inspect contributing raw variants before deciding."
RNAPII-CTDun_WT_37C_rep1,1,RNAPII-CTDun_WT_37C_rep1,,raw_code_or_artifact,route_to_non_source_descriptor,suppressed/non_source_descriptor,,,needs_review,Descriptor-like signal; verify raw variants before adding a suppression rule.,unreviewed,,,,"Batch 1 - metadata descriptors. Current mode routing method: standardizer. This value comes from Isolation_Source_SD in the QA aggregate, not directly from the raw metadata field; inspect contributing raw variants before deciding."
rodent deer mouse,1,rodent deer mouse,,host_taxon_or_context,route_to_host_context,Host_Context_SD / host-associated context,,,needs_review,Host-only signal requires raw context before source or host routing.,unreviewed,,,,"Batch 6 - host context. Current mode routing method: standardizer. This value comes from Isolation_Source_SD in the QA aggregate, not directly from the raw metadata field; inspect contributing raw variants before deciding."
Rodent faeces,1,Rodent faeces,,sample_type,route_to_sample_type,Sample_Type_SD,,,needs_review,Sample-material signal; preserve source context only when independently supported.,unreviewed,,,,"Batch 2 - sample materials. Current mode routing method: standardizer. This value comes from Isolation_Source_SD in the QA aggregate, not directly from the raw metadata field; inspect contributing raw variants before deciding."
rodent kangaroo rat,1,rodent kangaroo rat,,host_taxon_or_context,route_to_host_context,Host_Context_SD / host-associated context,,,needs_review,Host-only signal requires raw context before source or host routing.,unreviewed,,,,"Batch 6 - host context. Current mode routing method: standardizer. This value comes from Isolation_Source_SD in the QA aggregate, not directly from the raw metadata field; inspect contributing raw variants before deciding."
roe deer faeces,1,roe deer faeces,,sample_type,route_to_sample_type,Sample_Type_SD,,,needs_review,Sample-material signal; preserve source context only when independently supported.,unreviewed,,,,"Batch 2 - sample materials. Current mode routing method: standardizer. This value comes from Isolation_Source_SD in the QA aggregate, not directly from the raw metadata field; inspect contributing raw variants before deciding."
Room_1_E_Organism_2,1,Room_1_E_Organism_2,,raw_code_or_artifact,route_to_non_source_descriptor,suppressed/non_source_descriptor,,,needs_review,Descriptor-like signal; verify raw variants before adding a suppression rule.,unreviewed,,,,"Batch 1 - metadata descriptors. Current mode routing method: standardizer. This value comes from Isolation_Source_SD in the QA aggregate, not directly from the raw metadata field; inspect contributing raw variants before deciding."
Room_1_E_Organism_3,1,Room_1_E_Organism_3,,raw_code_or_artifact,route_to_non_source_descriptor,suppressed/non_source_descriptor,,,needs_review,Descriptor-like signal; verify raw variants before adding a suppression rule.,unreviewed,,,,"Batch 1 - metadata descriptors. Current mode routing method: standardizer. This value comes from Isolation_Source_SD in the QA aggregate, not directly from the raw metadata field; inspect contributing raw variants before deciding."
Room_2_E_Organism_1,1,Room_2_E_Organism_1,,raw_code_or_artifact,route_to_non_source_descriptor,suppressed/non_source_descriptor,,,needs_review,Descriptor-like signal; verify raw variants before adding a suppression rule.,unreviewed,,,,"Batch 1 - metadata descriptors. Current mode routing method: standardizer. This value comes from Isolation_Source_SD in the QA aggregate, not directly from the raw metadata field; inspect contributing raw variants before deciding."
Room_2_E_Organism_2,1,Room_2_E_Organism_2,,raw_code_or_artifact,route_to_non_source_descriptor,suppressed/non_source_descriptor,,,needs_review,Descriptor-like signal; verify raw variants before adding a suppression rule.,unreviewed,,,,"Batch 1 - metadata descriptors. Current mode routing method: standardizer. This value comes from Isolation_Source_SD in the QA aggregate, not directly from the raw metadata field; inspect contributing raw variants before deciding."
Room_3_C_Organism_1,1,Room_3_C_Organism_1,,raw_code_or_artifact,route_to_non_source_descriptor,suppressed/non_source_descriptor,,,needs_review,Descriptor-like signal; verify raw variants before adding a suppression rule.,unreviewed,,,,"Batch 1 - metadata descriptors. Current mode routing method: standardizer. This value comes from Isolation_Source_SD in the QA aggregate, not directly from the raw metadata field; inspect contributing raw variants before deciding."
Room_3_C_Organism_2,1,Room_3_C_Organism_2,,raw_code_or_artifact,route_to_non_source_descriptor,suppressed/non_source_descriptor,,,needs_review,Descriptor-like signal; verify raw variants before adding a suppression rule.,unreviewed,,,,"Batch 1 - metadata descriptors. Current mode routing method: standardizer. This value comes from Isolation_Source_SD in the QA aggregate, not directly from the raw metadata field; inspect contributing raw variants before deciding."
Room_3_E_Organism_3,1,Room_3_E_Organism_3,,raw_code_or_artifact,route_to_non_source_descriptor,suppressed/non_source_descriptor,,,needs_review,Descriptor-like signal; verify raw variants before adding a suppression rule.,unreviewed,,,,"Batch 1 - metadata descriptors. Current mode routing method: standardizer. This value comes from Isolation_Source_SD in the QA aggregate, not directly from the raw metadata field; inspect contributing raw variants before deciding."
Room_3_K_Organism_1,1,Room_3_K_Organism_1,,raw_code_or_artifact,route_to_non_source_descriptor,suppressed/non_source_descriptor,,,needs_review,Descriptor-like signal; verify raw variants before adding a suppression rule.,unreviewed,,,,"Batch 1 - metadata descriptors. Current mode routing method: standardizer. This value comes from Isolation_Source_SD in the QA aggregate, not directly from the raw metadata field; inspect contributing raw variants before deciding."
Room_4_C_Organism_4,1,Room_4_C_Organism_4,,raw_code_or_artifact,route_to_non_source_descriptor,suppressed/non_source_descriptor,,,needs_review,Descriptor-like signal; verify raw variants before adding a suppression rule.,unreviewed,,,,"Batch 1 - metadata descriptors. Current mode routing method: standardizer. This value comes from Isolation_Source_SD in the QA aggregate, not directly from the raw metadata field; inspect contributing raw variants before deciding."
Room_4_E_Organism_5,1,Room_4_E_Organism_5,,raw_code_or_artifact,route_to_non_source_descriptor,suppressed/non_source_descriptor,,,needs_review,Descriptor-like signal; verify raw variants before adding a suppression rule.,unreviewed,,,,"Batch 1 - metadata descriptors. Current mode routing method: standardizer. This value comes from Isolation_Source_SD in the QA aggregate, not directly from the raw metadata field; inspect contributing raw variants before deciding."
Room_4_E_Organism_6,1,Room_4_E_Organism_6,,raw_code_or_artifact,route_to_non_source_descriptor,suppressed/non_source_descriptor,,,needs_review,Descriptor-like signal; verify raw variants before adding a suppression rule.,unreviewed,,,,"Batch 1 - metadata descriptors. Current mode routing method: standardizer. This value comes from Isolation_Source_SD in the QA aggregate, not directly from the raw metadata field; inspect contributing raw variants before deciding."
Room_5_C_Organism_2,1,Room_5_C_Organism_2,,raw_code_or_artifact,route_to_non_source_descriptor,suppressed/non_source_descriptor,,,needs_review,Descriptor-like signal; verify raw variants before adding a suppression rule.,unreviewed,,,,"Batch 1 - metadata descriptors. Current mode routing method: standardizer. This value comes from Isolation_Source_SD in the QA aggregate, not directly from the raw metadata field; inspect contributing raw variants before deciding."
Room_5_E_Organism_3,1,Room_5_E_Organism_3,,raw_code_or_artifact,route_to_non_source_descriptor,suppressed/non_source_descriptor,,,needs_review,Descriptor-like signal; verify raw variants before adding a suppression rule.,unreviewed,,,,"Batch 1 - metadata descriptors. Current mode routing method: standardizer. This value comes from Isolation_Source_SD in the QA aggregate, not directly from the raw metadata field; inspect contributing raw variants before deciding."
Room_5_I_Organism_1,1,Room_5_I_Organism_1,,raw_code_or_artifact,route_to_non_source_descriptor,suppressed/non_source_descriptor,,,needs_review,Descriptor-like signal; verify raw variants before adding a suppression rule.,unreviewed,,,,"Batch 1 - metadata descriptors. Current mode routing method: standardizer. This value comes from Isolation_Source_SD in the QA aggregate, not directly from the raw metadata field; inspect contributing raw variants before deciding."
Room_6_E_Organism_4,1,Room_6_E_Organism_4,,raw_code_or_artifact,route_to_non_source_descriptor,suppressed/non_source_descriptor,,,needs_review,Descriptor-like signal; verify raw variants before adding a suppression rule.,unreviewed,,,,"Batch 1 - metadata descriptors. Current mode routing method: standardizer. This value comes from Isolation_Source_SD in the QA aggregate, not directly from the raw metadata field; inspect contributing raw variants before deciding."
root14,1,root14,,raw_code_or_artifact,route_to_non_source_descriptor,suppressed/non_source_descriptor,,,needs_review,Descriptor-like signal; verify raw variants before adding a suppression rule.,unreviewed,,,,"Batch 1 - metadata descriptors. Current mode routing method: standardizer. This value comes from Isolation_Source_SD in the QA aggregate, not directly from the raw metadata field; inspect contributing raw variants before deciding."
Rpo47.stat.chip-seq.r1,1,Rpo47.stat.chip-seq.r1,,raw_code_or_artifact,route_to_non_source_descriptor,suppressed/non_source_descriptor,,,needs_review,Descriptor-like signal; verify raw variants before adding a suppression rule.,unreviewed,,,,"Batch 1 - metadata descriptors. Current mode routing method: standardizer. This value comes from Isolation_Source_SD in the QA aggregate, not directly from the raw metadata field; inspect contributing raw variants before deciding."
Runx1_induced_ChIPseq,1,Runx1_induced_ChIPseq,,raw_code_or_artifact,route_to_non_source_descriptor,suppressed/non_source_descriptor,,,needs_review,Descriptor-like signal; verify raw variants before adding a suppression rule.,unreviewed,,,,"Batch 1 - metadata descriptors. Current mode routing method: standardizer. This value comes from Isolation_Source_SD in the QA aggregate, not directly from the raw metadata field; inspect contributing raw variants before deciding."
Runx1_uninduced_ChIPseq,1,Runx1_uninduced_ChIPseq,,raw_code_or_artifact,route_to_non_source_descriptor,suppressed/non_source_descriptor,,,needs_review,Descriptor-like signal; verify raw variants before adding a suppression rule.,unreviewed,,,,"Batch 1 - metadata descriptors. Current mode routing method: standardizer. This value comes from Isolation_Source_SD in the QA aggregate, not directly from the raw metadata field; inspect contributing raw variants before deciding."
Sacral tissue,1,Sacral tissue,tissue,sample_type,route_to_sample_type,Sample_Type_SD,,,needs_review,Sample-material signal; preserve source context only when independently supported.,unreviewed,,,,"Batch 2 - sample materials. Current mode routing method: standardizer. This value comes from Isolation_Source_SD in the QA aggregate, not directly from the raw metadata field; inspect contributing raw variants before deciding."
salivary tissue,1,salivary tissue,tissue,sample_type,route_to_sample_type,Sample_Type_SD,,,needs_review,Sample-material signal; preserve source context only when independently supported.,unreviewed,,,,"Batch 2 - sample materials. Current mode routing method: standardizer. This value comes from Isolation_Source_SD in the QA aggregate, not directly from the raw metadata field; inspect contributing raw variants before deciding."
sand under fuel bladder,1,sand under fuel bladder,,body_site,route_to_isolation_site,Isolation_Site_SD,,,needs_review,Anatomical-site signal; split material and site when both are present.,unreviewed,,,,"Batch 3 - anatomical sites. Current mode routing method: standardizer. This value comes from Isolation_Source_SD in the QA aggregate, not directly from the raw metadata field; inspect contributing raw variants before deciding."
"Scabs from cattle, North Rhodesia",1,"Scabs from cattle, North Rhodesia",,host_taxon_or_context,route_to_food_source,Isolation_Source_SD / food context,,,needs_review,Food or commodity context requires phrase-level review; animal terms alone are insufficient.,unreviewed,,,,"Batch 5 - food and commodity context. Current mode routing method: standardizer. This value comes from Isolation_Source_SD in the QA aggregate, not directly from the raw metadata field; inspect contributing raw variants before deciding."
SCM1,1,SCM1,,raw_code_or_artifact,route_to_non_source_descriptor,suppressed/non_source_descriptor,,,needs_review,Descriptor-like signal; verify raw variants before adding a suppression rule.,unreviewed,,,,"Batch 1 - metadata descriptors. Current mode routing method: standardizer. This value comes from Isolation_Source_SD in the QA aggregate, not directly from the raw metadata field; inspect contributing raw variants before deciding."
SCM2,1,SCM2,,raw_code_or_artifact,route_to_non_source_descriptor,suppressed/non_source_descriptor,,,needs_review,Descriptor-like signal; verify raw variants before adding a suppression rule.,unreviewed,,,,"Batch 1 - metadata descriptors. Current mode routing method: standardizer. This value comes from Isolation_Source_SD in the QA aggregate, not directly from the raw metadata field; inspect contributing raw variants before deciding."
SCM3,1,SCM3,,raw_code_or_artifact,route_to_non_source_descriptor,suppressed/non_source_descriptor,,,needs_review,Descriptor-like signal; verify raw variants before adding a suppression rule.,unreviewed,,,,"Batch 1 - metadata descriptors. Current mode routing method: standardizer. This value comes from Isolation_Source_SD in the QA aggregate, not directly from the raw metadata field; inspect contributing raw variants before deciding."
SCM4,1,SCM4,,raw_code_or_artifact,route_to_non_source_descriptor,suppressed/non_source_descriptor,,,needs_review,Descriptor-like signal; verify raw variants before adding a suppression rule.,unreviewed,,,,"Batch 1 - metadata descriptors. Current mode routing method: standardizer. This value comes from Isolation_Source_SD in the QA aggregate, not directly from the raw metadata field; inspect contributing raw variants before deciding."
Screw Infected Plate Site,1,Screw Infected Plate Site,,disease,route_to_disease_or_health_state,Host_Disease_SD / Host_Health_State_SD,,,needs_review,Disease or health-state signal; preserve independent material and site evidence.,unreviewed,,,,"Batch 7 - disease and health state. Current mode routing method: standardizer. This value comes from Isolation_Source_SD in the QA aggregate, not directly from the raw metadata field; inspect contributing raw variants before deciding."
Scrotal tissue,1,Scrotal tissue,tissue,sample_type,route_to_sample_type,Sample_Type_SD,,,needs_review,Sample-material signal; preserve source context only when independently supported.,unreviewed,,,,"Batch 2 - sample materials. Current mode routing method: standardizer. This value comes from Isolation_Source_SD in the QA aggregate, not directly from the raw metadata field; inspect contributing raw variants before deciding."
sea-animal; barnacle on rock and mussels,1,sea-animal; barnacle on rock and mussels,environmental/geologic material,host_taxon_or_context,route_to_host_context,Host_Context_SD / host-associated context,,,needs_review,Host-only signal requires raw context before source or host routing.,unreviewed,,,,"Batch 6 - host context. Current mode routing method: standardizer. This value comes from Isolation_Source_SD in the QA aggregate, not directly from the raw metadata field; inspect contributing raw variants before deciding."
Second metatarsal Tissue,1,Second metatarsal Tissue,tissue,sample_type,route_to_sample_type,Sample_Type_SD,,,needs_review,Sample-material signal; preserve source context only when independently supported.,unreviewed,,,,"Batch 2 - sample materials. Current mode routing method: standardizer. This value comes from Isolation_Source_SD in the QA aggregate, not directly from the raw metadata field; inspect contributing raw variants before deciding."
Seeds_1,1,Seeds_1,,raw_code_or_artifact,route_to_non_source_descriptor,suppressed/non_source_descriptor,,,needs_review,Descriptor-like signal; verify raw variants before adding a suppression rule.,unreviewed,,,,"Batch 1 - metadata descriptors. Current mode routing method: standardizer. This value comes from Isolation_Source_SD in the QA aggregate, not directly from the raw metadata field; inspect contributing raw variants before deciding."
Seeds_1_1,1,Seeds_1_1,,raw_code_or_artifact,route_to_non_source_descriptor,suppressed/non_source_descriptor,,,needs_review,Descriptor-like signal; verify raw variants before adding a suppression rule.,unreviewed,,,,"Batch 1 - metadata descriptors. Current mode routing method: standardizer. This value comes from Isolation_Source_SD in the QA aggregate, not directly from the raw metadata field; inspect contributing raw variants before deciding."
Seeds_2,1,Seeds_2,,raw_code_or_artifact,route_to_non_source_descriptor,suppressed/non_source_descriptor,,,needs_review,Descriptor-like signal; verify raw variants before adding a suppression rule.,unreviewed,,,,"Batch 1 - metadata descriptors. Current mode routing method: standardizer. This value comes from Isolation_Source_SD in the QA aggregate, not directly from the raw metadata field; inspect contributing raw variants before deciding."
Seeds_4,1,Seeds_4,,raw_code_or_artifact,route_to_non_source_descriptor,suppressed/non_source_descriptor,,,needs_review,Descriptor-like signal; verify raw variants before adding a suppression rule.,unreviewed,,,,"Batch 1 - metadata descriptors. Current mode routing method: standardizer. This value comes from Isolation_Source_SD in the QA aggregate, not directly from the raw metadata field; inspect contributing raw variants before deciding."
SF1.4_hsp60_Mantle Tissue,1,SF1.4_hsp60_Mantle Tissue,tissue,sample_type,route_to_sample_type,Sample_Type_SD,,,needs_review,Sample-material signal; preserve source context only when independently supported.,unreviewed,,,,"Batch 2 - sample materials. Current mode routing method: standardizer. This value comes from Isolation_Source_SD in the QA aggregate, not directly from the raw metadata field; inspect contributing raw variants before deciding."
shASXL3_2_R2,1,shASXL3_2_R2,,raw_code_or_artifact,route_to_non_source_descriptor,suppressed/non_source_descriptor,,,needs_review,Descriptor-like signal; verify raw variants before adding a suppression rule.,unreviewed,,,,"Batch 1 - metadata descriptors. Current mode routing method: standardizer. This value comes from Isolation_Source_SD in the QA aggregate, not directly from the raw metadata field; inspect contributing raw variants before deciding."
Shin Tissue,1,Shin Tissue,tissue,sample_type,route_to_sample_type,Sample_Type_SD,,,needs_review,Sample-material signal; preserve source context only when independently supported.,unreviewed,,,,"Batch 2 - sample materials. Current mode routing method: standardizer. This value comes from Isolation_Source_SD in the QA aggregate, not directly from the raw metadata field; inspect contributing raw variants before deciding."
shoot tissue,1,shoot tissue,tissue,sample_type,route_to_sample_type,Sample_Type_SD,,,needs_review,Sample-material signal; preserve source context only when independently supported.,unreviewed,,,,"Batch 2 - sample materials. Current mode routing method: standardizer. This value comes from Isolation_Source_SD in the QA aggregate, not directly from the raw metadata field; inspect contributing raw variants before deciding."
shoulder animal,1,shoulder animal,,host_taxon_or_context,route_to_host_context,Host_Context_SD / host-associated context,,,needs_review,Host-only signal requires raw context before source or host routing.,unreviewed,,,,"Batch 6 - host context. Current mode routing method: standardizer. This value comes from Isolation_Source_SD in the QA aggregate, not directly from the raw metadata field; inspect contributing raw variants before deciding."
shrimp1,1,shrimp1,,raw_code_or_artifact,route_to_non_source_descriptor,suppressed/non_source_descriptor,,,needs_review,Descriptor-like signal; verify raw variants before adding a suppression rule.,unreviewed,,,,"Batch 1 - metadata descriptors. Current mode routing method: standardizer. This value comes from Isolation_Source_SD in the QA aggregate, not directly from the raw metadata field; inspect contributing raw variants before deciding."
shrimp2,1,shrimp2,,raw_code_or_artifact,route_to_non_source_descriptor,suppressed/non_source_descriptor,,,needs_review,Descriptor-like signal; verify raw variants before adding a suppression rule.,unreviewed,,,,"Batch 1 - metadata descriptors. Current mode routing method: standardizer. This value comes from Isolation_Source_SD in the QA aggregate, not directly from the raw metadata field; inspect contributing raw variants before deciding."
skinless hot dog,1,skinless hot dog,,host_taxon_or_context,route_to_host_context,Host_Context_SD / host-associated context,,,needs_review,Host-only signal requires raw context before source or host routing.,unreviewed,,,,"Batch 6 - host context. Current mode routing method: standardizer. This value comes from Isolation_Source_SD in the QA aggregate, not directly from the raw metadata field; inspect contributing raw variants before deciding."
sludge17,1,sludge17,,raw_code_or_artifact,route_to_non_source_descriptor,suppressed/non_source_descriptor,,,needs_review,Descriptor-like signal; verify raw variants before adding a suppression rule.,unreviewed,,,,"Batch 1 - metadata descriptors. Current mode routing method: standardizer. This value comes from Isolation_Source_SD in the QA aggregate, not directly from the raw metadata field; inspect contributing raw variants before deciding."
sludge19,1,sludge19,,raw_code_or_artifact,route_to_non_source_descriptor,suppressed/non_source_descriptor,,,needs_review,Descriptor-like signal; verify raw variants before adding a suppression rule.,unreviewed,,,,"Batch 1 - metadata descriptors. Current mode routing method: standardizer. This value comes from Isolation_Source_SD in the QA aggregate, not directly from the raw metadata field; inspect contributing raw variants before deciding."
sludge21,1,sludge21,,raw_code_or_artifact,route_to_non_source_descriptor,suppressed/non_source_descriptor,,,needs_review,Descriptor-like signal; verify raw variants before adding a suppression rule.,unreviewed,,,,"Batch 1 - metadata descriptors. Current mode routing method: standardizer. This value comes from Isolation_Source_SD in the QA aggregate, not directly from the raw metadata field; inspect contributing raw variants before deciding."
sludge22,1,sludge22,,raw_code_or_artifact,route_to_non_source_descriptor,suppressed/non_source_descriptor,,,needs_review,Descriptor-like signal; verify raw variants before adding a suppression rule.,unreviewed,,,,"Batch 1 - metadata descriptors. Current mode routing method: standardizer. This value comes from Isolation_Source_SD in the QA aggregate, not directly from the raw metadata field; inspect contributing raw variants before deciding."
sludge24,1,sludge24,,raw_code_or_artifact,route_to_non_source_descriptor,suppressed/non_source_descriptor,,,needs_review,Descriptor-like signal; verify raw variants before adding a suppression rule.,unreviewed,,,,"Batch 1 - metadata descriptors. Current mode routing method: standardizer. This value comes from Isolation_Source_SD in the QA aggregate, not directly from the raw metadata field; inspect contributing raw variants before deciding."
sludge6,1,sludge6,,raw_code_or_artifact,route_to_non_source_descriptor,suppressed/non_source_descriptor,,,needs_review,Descriptor-like signal; verify raw variants before adding a suppression rule.,unreviewed,,,,"Batch 1 - metadata descriptors. Current mode routing method: standardizer. This value comes from Isolation_Source_SD in the QA aggregate, not directly from the raw metadata field; inspect contributing raw variants before deciding."
sludge8,1,sludge8,,raw_code_or_artifact,route_to_non_source_descriptor,suppressed/non_source_descriptor,,,needs_review,Descriptor-like signal; verify raw variants before adding a suppression rule.,unreviewed,,,,"Batch 1 - metadata descriptors. Current mode routing method: standardizer. This value comes from Isolation_Source_SD in the QA aggregate, not directly from the raw metadata field; inspect contributing raw variants before deciding."
Snake faeces,1,Snake faeces,,sample_type,route_to_sample_type,Sample_Type_SD,,,needs_review,Sample-material signal; preserve source context only when independently supported.,unreviewed,,,,"Batch 2 - sample materials. Current mode routing method: standardizer. This value comes from Isolation_Source_SD in the QA aggregate, not directly from the raw metadata field; inspect contributing raw variants before deciding."
snake tissue,1,snake tissue,tissue,sample_type,route_to_sample_type,Sample_Type_SD,,,needs_review,Sample-material signal; preserve source context only when independently supported.,unreviewed,,,,"Batch 2 - sample materials. Current mode routing method: standardizer. This value comes from Isolation_Source_SD in the QA aggregate, not directly from the raw metadata field; inspect contributing raw variants before deciding."
SNU1,1,SNU1,,raw_code_or_artifact,route_to_non_source_descriptor,suppressed/non_source_descriptor,,,needs_review,Descriptor-like signal; verify raw variants before adding a suppression rule.,unreviewed,,,,"Batch 1 - metadata descriptors. Current mode routing method: standardizer. This value comes from Isolation_Source_SD in the QA aggregate, not directly from the raw metadata field; inspect contributing raw variants before deciding."
soft rot-infected petioles and tubers,1,soft rot-infected petioles and tubers,,disease,route_to_disease_or_health_state,Host_Disease_SD / Host_Health_State_SD,,,needs_review,Disease or health-state signal; preserve independent material and site evidence.,unreviewed,,,,"Batch 7 - disease and health state. Current mode routing method: standardizer. This value comes from Isolation_Source_SD in the QA aggregate, not directly from the raw metadata field; inspect contributing raw variants before deciding."
soft tissue samples,1,soft tissue samples,tissue,sample_type,route_to_sample_type,Sample_Type_SD,,,needs_review,Sample-material signal; preserve source context only when independently supported.,unreviewed,,,,"Batch 2 - sample materials. Current mode routing method: standardizer. This value comes from Isolation_Source_SD in the QA aggregate, not directly from the raw metadata field; inspect contributing raw variants before deciding."
soil15,1,soil15,,raw_code_or_artifact,route_to_non_source_descriptor,suppressed/non_source_descriptor,,,needs_review,Descriptor-like signal; verify raw variants before adding a suppression rule.,unreviewed,,,,"Batch 1 - metadata descriptors. Current mode routing method: standardizer. This value comes from Isolation_Source_SD in the QA aggregate, not directly from the raw metadata field; inspect contributing raw variants before deciding."
Som fak (Thai fermented fish),1,Som fak (Thai fermented fish),,host_taxon_or_context,route_to_host_context,Host_Context_SD / host-associated context,,,needs_review,Host-only signal requires raw context before source or host routing.,unreviewed,,,,"Batch 6 - host context. Current mode routing method: standardizer. This value comes from Isolation_Source_SD in the QA aggregate, not directly from the raw metadata field; inspect contributing raw variants before deciding."
source of origin unknown,1,source of origin unknown,,metadata_descriptor,route_to_non_source_descriptor,suppressed/non_source_descriptor,,,needs_review,Descriptor-like signal; verify raw variants before adding a suppression rule.,unreviewed,,,,"Batch 1 - metadata descriptors. Current mode routing method: standardizer. This value comes from Isolation_Source_SD in the QA aggregate, not directly from the raw metadata field; inspect contributing raw variants before deciding."
soy meal animal feed,1,soy meal animal feed,,host_taxon_or_context,route_to_host_context,Host_Context_SD / host-associated context,,,needs_review,Host-only signal requires raw context before source or host routing.,unreviewed,,,,"Batch 6 - host context. Current mode routing method: standardizer. This value comes from Isolation_Source_SD in the QA aggregate, not directly from the raw metadata field; inspect contributing raw variants before deciding."
soybean animal meal,1,soybean animal meal,,host_taxon_or_context,route_to_host_context,Host_Context_SD / host-associated context,,,needs_review,Host-only signal requires raw context before source or host routing.,unreviewed,,,,"Batch 6 - host context. Current mode routing method: standardizer. This value comes from Isolation_Source_SD in the QA aggregate, not directly from the raw metadata field; inspect contributing raw variants before deciding."
soybean meal for animal feed,1,soybean meal for animal feed,,host_taxon_or_context,route_to_host_context,Host_Context_SD / host-associated context,,,needs_review,Host-only signal requires raw context before source or host routing.,unreviewed,,,,"Batch 6 - host context. Current mode routing method: standardizer. This value comes from Isolation_Source_SD in the QA aggregate, not directly from the raw metadata field; inspect contributing raw variants before deciding."
soymeal animal feed,1,soymeal animal feed,,host_taxon_or_context,route_to_host_context,Host_Context_SD / host-associated context,,,needs_review,Host-only signal requires raw context before source or host routing.,unreviewed,,,,"Batch 6 - host context. Current mode routing method: standardizer. This value comes from Isolation_Source_SD in the QA aggregate, not directly from the raw metadata field; inspect contributing raw variants before deciding."
Spi1_ChIPSeq,1,Spi1_ChIPSeq,,raw_code_or_artifact,route_to_non_source_descriptor,suppressed/non_source_descriptor,,,needs_review,Descriptor-like signal; verify raw variants before adding a suppression rule.,unreviewed,,,,"Batch 1 - metadata descriptors. Current mode routing method: standardizer. This value comes from Isolation_Source_SD in the QA aggregate, not directly from the raw metadata field; inspect contributing raw variants before deciding."
spine tissue,1,spine tissue,tissue,sample_type,route_to_sample_type,Sample_Type_SD,,,needs_review,Sample-material signal; preserve source context only when independently supported.,unreviewed,,,,"Batch 2 - sample materials. Current mode routing method: standardizer. This value comes from Isolation_Source_SD in the QA aggregate, not directly from the raw metadata field; inspect contributing raw variants before deciding."
splenic tissue,1,splenic tissue,tissue,sample_type,route_to_sample_type,Sample_Type_SD,,,needs_review,Sample-material signal; preserve source context only when independently supported.,unreviewed,,,,"Batch 2 - sample materials. Current mode routing method: standardizer. This value comes from Isolation_Source_SD in the QA aggregate, not directly from the raw metadata field; inspect contributing raw variants before deciding."
StagB_mock_AGAGTCAC_r2,1,StagB_mock_AGAGTCAC_r2,,raw_code_or_artifact,route_to_non_source_descriptor,suppressed/non_source_descriptor,,,needs_review,Descriptor-like signal; verify raw variants before adding a suppression rule.,unreviewed,,,,"Batch 1 - metadata descriptors. Current mode routing method: standardizer. This value comes from Isolation_Source_SD in the QA aggregate, not directly from the raw metadata field; inspect contributing raw variants before deciding."
stalk tissue,1,stalk tissue,tissue,sample_type,route_to_sample_type,Sample_Type_SD,,,needs_review,Sample-material signal; preserve source context only when independently supported.,unreviewed,,,,"Batch 2 - sample materials. Current mode routing method: standardizer. This value comes from Isolation_Source_SD in the QA aggregate, not directly from the raw metadata field; inspect contributing raw variants before deciding."
Steinernema-infected Galleria mellonella cadaver,1,Steinernema-infected Galleria mellonella cadaver,,disease,route_to_disease_or_health_state,Host_Disease_SD / Host_Health_State_SD,,,needs_review,Disease or health-state signal; preserve independent material and site evidence.,unreviewed,,,,"Batch 7 - disease and health state. Current mode routing method: standardizer. This value comes from Isolation_Source_SD in the QA aggregate, not directly from the raw metadata field; inspect contributing raw variants before deciding."
Sternum Tissue,1,Sternum Tissue,tissue,sample_type,route_to_sample_type,Sample_Type_SD,,,needs_review,Sample-material signal; preserve source context only when independently supported.,unreviewed,,,,"Batch 2 - sample materials. Current mode routing method: standardizer. This value comes from Isolation_Source_SD in the QA aggregate, not directly from the raw metadata field; inspect contributing raw variants before deciding."
Stethoscope_NA_BU6,1,Stethoscope_NA_BU6,,raw_code_or_artifact,route_to_non_source_descriptor,suppressed/non_source_descriptor,,,needs_review,Descriptor-like signal; verify raw variants before adding a suppression rule.,unreviewed,,,,"Batch 1 - metadata descriptors. Current mode routing method: standardizer. This value comes from Isolation_Source_SD in the QA aggregate, not directly from the raw metadata field; inspect contributing raw variants before deciding."
Stethoscope_P101_BU13,1,Stethoscope_P101_BU13,,raw_code_or_artifact,route_to_non_source_descriptor,suppressed/non_source_descriptor,,,needs_review,Descriptor-like signal; verify raw variants before adding a suppression rule.,unreviewed,,,,"Batch 1 - metadata descriptors. Current mode routing method: standardizer. This value comes from Isolation_Source_SD in the QA aggregate, not directly from the raw metadata field; inspect contributing raw variants before deciding."
Stethoscope_P115_BU5,1,Stethoscope_P115_BU5,,raw_code_or_artifact,route_to_non_source_descriptor,suppressed/non_source_descriptor,,,needs_review,Descriptor-like signal; verify raw variants before adding a suppression rule.,unreviewed,,,,"Batch 1 - metadata descriptors. Current mode routing method: standardizer. This value comes from Isolation_Source_SD in the QA aggregate, not directly from the raw metadata field; inspect contributing raw variants before deciding."
Stethoscope_P130_BU23,1,Stethoscope_P130_BU23,,raw_code_or_artifact,route_to_non_source_descriptor,suppressed/non_source_descriptor,,,needs_review,Descriptor-like signal; verify raw variants before adding a suppression rule.,unreviewed,,,,"Batch 1 - metadata descriptors. Current mode routing method: standardizer. This value comes from Isolation_Source_SD in the QA aggregate, not directly from the raw metadata field; inspect contributing raw variants before deciding."
Stethoscope_P132_BU20,1,Stethoscope_P132_BU20,,raw_code_or_artifact,route_to_non_source_descriptor,suppressed/non_source_descriptor,,,needs_review,Descriptor-like signal; verify raw variants before adding a suppression rule.,unreviewed,,,,"Batch 1 - metadata descriptors. Current mode routing method: standardizer. This value comes from Isolation_Source_SD in the QA aggregate, not directly from the raw metadata field; inspect contributing raw variants before deciding."
Stethoscope_P13_BU21,1,Stethoscope_P13_BU21,,raw_code_or_artifact,route_to_non_source_descriptor,suppressed/non_source_descriptor,,,needs_review,Descriptor-like signal; verify raw variants before adding a suppression rule.,unreviewed,,,,"Batch 1 - metadata descriptors. Current mode routing method: standardizer. This value comes from Isolation_Source_SD in the QA aggregate, not directly from the raw metadata field; inspect contributing raw variants before deciding."
Stethoscope_P2_BU1,1,Stethoscope_P2_BU1,,raw_code_or_artifact,route_to_non_source_descriptor,suppressed/non_source_descriptor,,,needs_review,Descriptor-like signal; verify raw variants before adding a suppression rule.,unreviewed,,,,"Batch 1 - metadata descriptors. Current mode routing method: standardizer. This value comes from Isolation_Source_SD in the QA aggregate, not directly from the raw metadata field; inspect contributing raw variants before deciding."
Stethoscope_P43_BU17,1,Stethoscope_P43_BU17,,raw_code_or_artifact,route_to_non_source_descriptor,suppressed/non_source_descriptor,,,needs_review,Descriptor-like signal; verify raw variants before adding a suppression rule.,unreviewed,,,,"Batch 1 - metadata descriptors. Current mode routing method: standardizer. This value comes from Isolation_Source_SD in the QA aggregate, not directly from the raw metadata field; inspect contributing raw variants before deciding."
Stethoscope_P45_BU22,1,Stethoscope_P45_BU22,,raw_code_or_artifact,route_to_non_source_descriptor,suppressed/non_source_descriptor,,,needs_review,Descriptor-like signal; verify raw variants before adding a suppression rule.,unreviewed,,,,"Batch 1 - metadata descriptors. Current mode routing method: standardizer. This value comes from Isolation_Source_SD in the QA aggregate, not directly from the raw metadata field; inspect contributing raw variants before deciding."
Stethoscope_P46_BU24,1,Stethoscope_P46_BU24,,raw_code_or_artifact,route_to_non_source_descriptor,suppressed/non_source_descriptor,,,needs_review,Descriptor-like signal; verify raw variants before adding a suppression rule.,unreviewed,,,,"Batch 1 - metadata descriptors. Current mode routing method: standardizer. This value comes from Isolation_Source_SD in the QA aggregate, not directly from the raw metadata field; inspect contributing raw variants before deciding."
Stethoscope_P47_BU17,1,Stethoscope_P47_BU17,,raw_code_or_artifact,route_to_non_source_descriptor,suppressed/non_source_descriptor,,,needs_review,Descriptor-like signal; verify raw variants before adding a suppression rule.,unreviewed,,,,"Batch 1 - metadata descriptors. Current mode routing method: standardizer. This value comes from Isolation_Source_SD in the QA aggregate, not directly from the raw metadata field; inspect contributing raw variants before deciding."
Stethoscope_P50_BU21,1,Stethoscope_P50_BU21,,raw_code_or_artifact,route_to_non_source_descriptor,suppressed/non_source_descriptor,,,needs_review,Descriptor-like signal; verify raw variants before adding a suppression rule.,unreviewed,,,,"Batch 1 - metadata descriptors. Current mode routing method: standardizer. This value comes from Isolation_Source_SD in the QA aggregate, not directly from the raw metadata field; inspect contributing raw variants before deciding."
Stethoscope_P68_BU23,1,Stethoscope_P68_BU23,,raw_code_or_artifact,route_to_non_source_descriptor,suppressed/non_source_descriptor,,,needs_review,Descriptor-like signal; verify raw variants before adding a suppression rule.,unreviewed,,,,"Batch 1 - metadata descriptors. Current mode routing method: standardizer. This value comes from Isolation_Source_SD in the QA aggregate, not directly from the raw metadata field; inspect contributing raw variants before deciding."
Stethoscope_P95_BU8,1,Stethoscope_P95_BU8,,raw_code_or_artifact,route_to_non_source_descriptor,suppressed/non_source_descriptor,,,needs_review,Descriptor-like signal; verify raw variants before adding a suppression rule.,unreviewed,,,,"Batch 1 - metadata descriptors. Current mode routing method: standardizer. This value comes from Isolation_Source_SD in the QA aggregate, not directly from the raw metadata field; inspect contributing raw variants before deciding."
Stethoscope_P97_BU24,1,Stethoscope_P97_BU24,,raw_code_or_artifact,route_to_non_source_descriptor,suppressed/non_source_descriptor,,,needs_review,Descriptor-like signal; verify raw variants before adding a suppression rule.,unreviewed,,,,"Batch 1 - metadata descriptors. Current mode routing method: standardizer. This value comes from Isolation_Source_SD in the QA aggregate, not directly from the raw metadata field; inspect contributing raw variants before deciding."
Stored plasma,1,Stored plasma,,sample_type,route_to_sample_type,Sample_Type_SD,,,needs_review,Sample-material signal; preserve source context only when independently supported.,unreviewed,,,,"Batch 2 - sample materials. Current mode routing method: standardizer. This value comes from Isolation_Source_SD in the QA aggregate, not directly from the raw metadata field; inspect contributing raw variants before deciding."
"strain EV G. Gerard, G Robic (Vaccine strain EV line NIIEG is mutant strain, was isolated from other stain EV Gerard and Robic)",1,"strain EV G. Gerard, G Robic (Vaccine strain EV line NIIEG is mutant strain, was isolated from other stain EV Gerard and Robic)",,metadata_descriptor,route_to_non_source_descriptor,suppressed/non_source_descriptor,,,needs_review,Descriptor-like signal; verify raw variants before adding a suppression rule.,unreviewed,,,,"Batch 1 - metadata descriptors. Current mode routing method: standardizer. This value comes from Isolation_Source_SD in the QA aggregate, not directly from the raw metadata field; inspect contributing raw variants before deciding."
Sturgeon (fish),1,Sturgeon (fish),,host_taxon_or_context,route_to_host_context,Host_Context_SD / host-associated context,,,needs_review,Host-only signal requires raw context before source or host routing.,unreviewed,,,,"Batch 6 - host context. Current mode routing method: standardizer. This value comes from Isolation_Source_SD in the QA aggregate, not directly from the raw metadata field; inspect contributing raw variants before deciding."
Subcutaneous Tissue,1,Subcutaneous Tissue,tissue,sample_type,route_to_sample_type,Sample_Type_SD,,,needs_review,Sample-material signal; preserve source context only when independently supported.,unreviewed,,,,"Batch 2 - sample materials. Current mode routing method: standardizer. This value comes from Isolation_Source_SD in the QA aggregate, not directly from the raw metadata field; inspect contributing raw variants before deciding."
Subcutaneous tissue,1,Subcutaneous tissue,tissue,sample_type,route_to_sample_type,Sample_Type_SD,,,needs_review,Sample-material signal; preserve source context only when independently supported.,unreviewed,,,,"Batch 2 - sample materials. Current mode routing method: standardizer. This value comes from Isolation_Source_SD in the QA aggregate, not directly from the raw metadata field; inspect contributing raw variants before deciding."
subcutaneous tissue,1,subcutaneous tissue,tissue,sample_type,route_to_sample_type,Sample_Type_SD,,,needs_review,Sample-material signal; preserve source context only when independently supported.,unreviewed,,,,"Batch 2 - sample materials. Current mode routing method: standardizer. This value comes from Isolation_Source_SD in the QA aggregate, not directly from the raw metadata field; inspect contributing raw variants before deciding."
Submaxillary tissue,1,Submaxillary tissue,tissue,sample_type,route_to_sample_type,Sample_Type_SD,,,needs_review,Sample-material signal; preserve source context only when independently supported.,unreviewed,,,,"Batch 2 - sample materials. Current mode routing method: standardizer. This value comes from Isolation_Source_SD in the QA aggregate, not directly from the raw metadata field; inspect contributing raw variants before deciding."
SUNE-1,1,SUNE-1,,raw_code_or_artifact,route_to_non_source_descriptor,suppressed/non_source_descriptor,,,needs_review,Descriptor-like signal; verify raw variants before adding a suppression rule.,unreviewed,,,,"Batch 1 - metadata descriptors. Current mode routing method: standardizer. This value comes from Isolation_Source_SD in the QA aggregate, not directly from the raw metadata field; inspect contributing raw variants before deciding."
Superficial Tissue,1,Superficial Tissue,tissue,sample_type,route_to_sample_type,Sample_Type_SD,,,needs_review,Sample-material signal; preserve source context only when independently supported.,unreviewed,,,,"Batch 2 - sample materials. Current mode routing method: standardizer. This value comes from Isolation_Source_SD in the QA aggregate, not directly from the raw metadata field; inspect contributing raw variants before deciding."
Surfaces of lower molars of Sprague Dawley rat,1,Surfaces of lower molars of Sprague Dawley rat,,host_taxon_or_context,route_to_host_context,Host_Context_SD / host-associated context,,,needs_review,Host-only signal requires raw context before source or host routing.,unreviewed,,,,"Batch 6 - host context. Current mode routing method: standardizer. This value comes from Isolation_Source_SD in the QA aggregate, not directly from the raw metadata field; inspect contributing raw variants before deciding."
surgery site tissue,1,surgery site tissue,tissue,sample_type,route_to_sample_type,Sample_Type_SD,,,needs_review,Sample-material signal; preserve source context only when independently supported.,unreviewed,,,,"Batch 2 - sample materials. Current mode routing method: standardizer. This value comes from Isolation_Source_SD in the QA aggregate, not directly from the raw metadata field; inspect contributing raw variants before deciding."
surgical site (wound swab),1,surgical site (wound swab),,body_site|sample_type,route_to_sample_type,Sample_Type_SD,,,needs_review,Sample-material signal; preserve source context only when independently supported.,unreviewed,,,,"Batch 2 - sample materials. Current mode routing method: standardizer. This value comes from Isolation_Source_SD in the QA aggregate, not directly from the raw metadata field; inspect contributing raw variants before deciding."
Surgical site tissue,1,Surgical site tissue,tissue,sample_type,route_to_sample_type,Sample_Type_SD,,,needs_review,Sample-material signal; preserve source context only when independently supported.,unreviewed,,,,"Batch 2 - sample materials. Current mode routing method: standardizer. This value comes from Isolation_Source_SD in the QA aggregate, not directly from the raw metadata field; inspect contributing raw variants before deciding."
surgically removed tissue from elbow,1,surgically removed tissue from elbow,tissue,sample_type,route_to_sample_type,Sample_Type_SD,,,needs_review,Sample-material signal; preserve source context only when independently supported.,unreviewed,,,,"Batch 2 - sample materials. Current mode routing method: standardizer. This value comes from Isolation_Source_SD in the QA aggregate, not directly from the raw metadata field; inspect contributing raw variants before deciding."
Swim Bladder,1,Swim Bladder,,body_site,route_to_isolation_site,Isolation_Site_SD,,,needs_review,Anatomical-site signal; split material and site when both are present.,unreviewed,,,,"Batch 3 - anatomical sites. Current mode routing method: standardizer. This value comes from Isolation_Source_SD in the QA aggregate, not directly from the raw metadata field; inspect contributing raw variants before deciding."
Swine dysentery,1,Swine dysentery,,host_taxon_or_context,route_to_food_source,Isolation_Source_SD / food context,,,needs_review,Food or commodity context requires phrase-level review; animal terms alone are insufficient.,unreviewed,,,,"Batch 5 - food and commodity context. Current mode routing method: standardizer. This value comes from Isolation_Source_SD in the QA aggregate, not directly from the raw metadata field; inspect contributing raw variants before deciding."
Synovial tissue (knee),1,Synovial tissue (knee),tissue,sample_type,route_to_sample_type,Sample_Type_SD,,,needs_review,Sample-material signal; preserve source context only when independently supported.,unreviewed,,,,"Batch 2 - sample materials. Current mode routing method: standardizer. This value comes from Isolation_Source_SD in the QA aggregate, not directly from the raw metadata field; inspect contributing raw variants before deciding."
TD1a_unenriched,1,TD1a_unenriched,,raw_code_or_artifact,route_to_non_source_descriptor,suppressed/non_source_descriptor,,,needs_review,Descriptor-like signal; verify raw variants before adding a suppression rule.,unreviewed,,,,"Batch 1 - metadata descriptors. Current mode routing method: standardizer. This value comes from Isolation_Source_SD in the QA aggregate, not directly from the raw metadata field; inspect contributing raw variants before deciding."
TD1b_unenriched,1,TD1b_unenriched,,raw_code_or_artifact,route_to_non_source_descriptor,suppressed/non_source_descriptor,,,needs_review,Descriptor-like signal; verify raw variants before adding a suppression rule.,unreviewed,,,,"Batch 1 - metadata descriptors. Current mode routing method: standardizer. This value comes from Isolation_Source_SD in the QA aggregate, not directly from the raw metadata field; inspect contributing raw variants before deciding."
TD1c_unenriched,1,TD1c_unenriched,,raw_code_or_artifact,route_to_non_source_descriptor,suppressed/non_source_descriptor,,,needs_review,Descriptor-like signal; verify raw variants before adding a suppression rule.,unreviewed,,,,"Batch 1 - metadata descriptors. Current mode routing method: standardizer. This value comes from Isolation_Source_SD in the QA aggregate, not directly from the raw metadata field; inspect contributing raw variants before deciding."
tendon tissue,1,tendon tissue,tissue,sample_type,route_to_sample_type,Sample_Type_SD,,,needs_review,Sample-material signal; preserve source context only when independently supported.,unreviewed,,,,"Batch 2 - sample materials. Current mode routing method: standardizer. This value comes from Isolation_Source_SD in the QA aggregate, not directly from the raw metadata field; inspect contributing raw variants before deciding."
TFB.stat.chip-seq.r1,1,TFB.stat.chip-seq.r1,,raw_code_or_artifact,route_to_non_source_descriptor,suppressed/non_source_descriptor,,,needs_review,Descriptor-like signal; verify raw variants before adding a suppression rule.,unreviewed,,,,"Batch 1 - metadata descriptors. Current mode routing method: standardizer. This value comes from Isolation_Source_SD in the QA aggregate, not directly from the raw metadata field; inspect contributing raw variants before deciding."
TFEbeta.stat.chip-seq.r2,1,TFEbeta.stat.chip-seq.r2,,raw_code_or_artifact,route_to_non_source_descriptor,suppressed/non_source_descriptor,,,needs_review,Descriptor-like signal; verify raw variants before adding a suppression rule.,unreviewed,,,,"Batch 1 - metadata descriptors. Current mode routing method: standardizer. This value comes from Isolation_Source_SD in the QA aggregate, not directly from the raw metadata field; inspect contributing raw variants before deciding."
Tfh_IL21IL10_DP,1,Tfh_IL21IL10_DP,,raw_code_or_artifact,route_to_non_source_descriptor,suppressed/non_source_descriptor,,,needs_review,Descriptor-like signal; verify raw variants before adding a suppression rule.,unreviewed,,,,"Batch 1 - metadata descriptors. Current mode routing method: standardizer. This value comes from Isolation_Source_SD in the QA aggregate, not directly from the raw metadata field; inspect contributing raw variants before deciding."
TH-LN-619-ProB,1,TH-LN-619-ProB,,raw_code_or_artifact,route_to_non_source_descriptor,suppressed/non_source_descriptor,,,needs_review,Descriptor-like signal; verify raw variants before adding a suppression rule.,unreviewed,,,,"Batch 1 - metadata descriptors. Current mode routing method: standardizer. This value comes from Isolation_Source_SD in the QA aggregate, not directly from the raw metadata field; inspect contributing raw variants before deciding."
TH-LN-683-ProB,1,TH-LN-683-ProB,,raw_code_or_artifact,route_to_non_source_descriptor,suppressed/non_source_descriptor,,,needs_review,Descriptor-like signal; verify raw variants before adding a suppression rule.,unreviewed,,,,"Batch 1 - metadata descriptors. Current mode routing method: standardizer. This value comes from Isolation_Source_SD in the QA aggregate, not directly from the raw metadata field; inspect contributing raw variants before deciding."
Thigh tissue,1,Thigh tissue,tissue,sample_type,route_to_sample_type,Sample_Type_SD,,,needs_review,Sample-material signal; preserve source context only when independently supported.,unreviewed,,,,"Batch 2 - sample materials. Current mode routing method: standardizer. This value comes from Isolation_Source_SD in the QA aggregate, not directly from the raw metadata field; inspect contributing raw variants before deciding."
Third toe Tissue,1,Third toe Tissue,tissue,sample_type,route_to_sample_type,Sample_Type_SD,,,needs_review,Sample-material signal; preserve source context only when independently supported.,unreviewed,,,,"Batch 2 - sample materials. Current mode routing method: standardizer. This value comes from Isolation_Source_SD in the QA aggregate, not directly from the raw metadata field; inspect contributing raw variants before deciding."
thoracic cavity tissue,1,thoracic cavity tissue,tissue,sample_type,route_to_sample_type,Sample_Type_SD,,,needs_review,Sample-material signal; preserve source context only when independently supported.,unreviewed,,,,"Batch 2 - sample materials. Current mode routing method: standardizer. This value comes from Isolation_Source_SD in the QA aggregate, not directly from the raw metadata field; inspect contributing raw variants before deciding."
Thyroid cancer cells,1,Thyroid cancer cells,,disease,route_to_disease_or_health_state,Host_Disease_SD / Host_Health_State_SD,,,needs_review,Disease or health-state signal; preserve independent material and site evidence.,unreviewed,,,,"Batch 7 - disease and health state. Current mode routing method: standardizer. This value comes from Isolation_Source_SD in the QA aggregate, not directly from the raw metadata field; inspect contributing raw variants before deciding."
Tibia Tissue,1,Tibia Tissue,tissue,sample_type,route_to_sample_type,Sample_Type_SD,,,needs_review,Sample-material signal; preserve source context only when independently supported.,unreviewed,,,,"Batch 2 - sample materials. Current mode routing method: standardizer. This value comes from Isolation_Source_SD in the QA aggregate, not directly from the raw metadata field; inspect contributing raw variants before deciding."
tick tissue,1,tick tissue,tissue,sample_type,route_to_sample_type,Sample_Type_SD,,,needs_review,Sample-material signal; preserve source context only when independently supported.,unreviewed,,,,"Batch 2 - sample materials. Current mode routing method: standardizer. This value comes from Isolation_Source_SD in the QA aggregate, not directly from the raw metadata field; inspect contributing raw variants before deciding."
TIssue,1,TIssue,tissue,sample_type,route_to_sample_type,Sample_Type_SD,,,needs_review,Sample-material signal; preserve source context only when independently supported.,unreviewed,,,,"Batch 2 - sample materials. Current mode routing method: standardizer. This value comes from Isolation_Source_SD in the QA aggregate, not directly from the raw metadata field; inspect contributing raw variants before deciding."
Tissue (buttock),1,Tissue (buttock),tissue,sample_type,route_to_sample_type,Sample_Type_SD,,,needs_review,Sample-material signal; preserve source context only when independently supported.,unreviewed,,,,"Batch 2 - sample materials. Current mode routing method: standardizer. This value comes from Isolation_Source_SD in the QA aggregate, not directly from the raw metadata field; inspect contributing raw variants before deciding."
tissue (Canis lupus familiaris),1,tissue (Canis lupus familiaris),tissue,sample_type,route_to_sample_type,Sample_Type_SD,,,needs_review,Sample-material signal; preserve source context only when independently supported.,unreviewed,,,,"Batch 2 - sample materials. Current mode routing method: standardizer. This value comes from Isolation_Source_SD in the QA aggregate, not directly from the raw metadata field; inspect contributing raw variants before deciding."
Tissue (capula haematoma),1,Tissue (capula haematoma),tissue,sample_type,route_to_sample_type,Sample_Type_SD,,,needs_review,Sample-material signal; preserve source context only when independently supported.,unreviewed,,,,"Batch 2 - sample materials. Current mode routing method: standardizer. This value comes from Isolation_Source_SD in the QA aggregate, not directly from the raw metadata field; inspect contributing raw variants before deciding."
Tissue (from biceps-tendon),1,Tissue (from biceps-tendon),tissue,sample_type,route_to_sample_type,Sample_Type_SD,,,needs_review,Sample-material signal; preserve source context only when independently supported.,unreviewed,,,,"Batch 2 - sample materials. Current mode routing method: standardizer. This value comes from Isolation_Source_SD in the QA aggregate, not directly from the raw metadata field; inspect contributing raw variants before deciding."
Tissue (Left Buttoks),1,Tissue (Left Buttoks),tissue,sample_type,route_to_sample_type,Sample_Type_SD,,,needs_review,Sample-material signal; preserve source context only when independently supported.,unreviewed,,,,"Batch 2 - sample materials. Current mode routing method: standardizer. This value comes from Isolation_Source_SD in the QA aggregate, not directly from the raw metadata field; inspect contributing raw variants before deciding."
Tissue (non-sterile),1,Tissue (non-sterile),tissue,sample_type,route_to_sample_type,Sample_Type_SD,,,needs_review,Sample-material signal; preserve source context only when independently supported.,unreviewed,,,,"Batch 2 - sample materials. Current mode routing method: standardizer. This value comes from Isolation_Source_SD in the QA aggregate, not directly from the raw metadata field; inspect contributing raw variants before deciding."
Tissue (right elbow),1,Tissue (right elbow),tissue,sample_type,route_to_sample_type,Sample_Type_SD,,,needs_review,Sample-material signal; preserve source context only when independently supported.,unreviewed,,,,"Batch 2 - sample materials. Current mode routing method: standardizer. This value comes from Isolation_Source_SD in the QA aggregate, not directly from the raw metadata field; inspect contributing raw variants before deciding."
Tissue (Sternum/Sternal),1,Tissue (Sternum/Sternal),tissue,sample_type,route_to_sample_type,Sample_Type_SD,,,needs_review,Sample-material signal; preserve source context only when independently supported.,unreviewed,,,,"Batch 2 - sample materials. Current mode routing method: standardizer. This value comes from Isolation_Source_SD in the QA aggregate, not directly from the raw metadata field; inspect contributing raw variants before deciding."
tissue (surgical site),1,tissue (surgical site),tissue,sample_type,route_to_sample_type,Sample_Type_SD,,,needs_review,Sample-material signal; preserve source context only when independently supported.,unreviewed,,,,"Batch 2 - sample materials. Current mode routing method: standardizer. This value comes from Isolation_Source_SD in the QA aggregate, not directly from the raw metadata field; inspect contributing raw variants before deciding."
Tissue - aortic valve,1,Tissue - aortic valve,tissue,sample_type,route_to_sample_type,Sample_Type_SD,,,needs_review,Sample-material signal; preserve source context only when independently supported.,unreviewed,,,,"Batch 2 - sample materials. Current mode routing method: standardizer. This value comes from Isolation_Source_SD in the QA aggregate, not directly from the raw metadata field; inspect contributing raw variants before deciding."
Tissue - chest wall,1,Tissue - chest wall,tissue,sample_type,route_to_sample_type,Sample_Type_SD,,,needs_review,Sample-material signal; preserve source context only when independently supported.,unreviewed,,,,"Batch 2 - sample materials. Current mode routing method: standardizer. This value comes from Isolation_Source_SD in the QA aggregate, not directly from the raw metadata field; inspect contributing raw variants before deciding."
Tissue - hip,1,Tissue - hip,tissue,sample_type,route_to_sample_type,Sample_Type_SD,,,needs_review,Sample-material signal; preserve source context only when independently supported.,unreviewed,,,,"Batch 2 - sample materials. Current mode routing method: standardizer. This value comes from Isolation_Source_SD in the QA aggregate, not directly from the raw metadata field; inspect contributing raw variants before deciding."
Tissue - knee,1,Tissue - knee,tissue,sample_type,route_to_sample_type,Sample_Type_SD,,,needs_review,Sample-material signal; preserve source context only when independently supported.,unreviewed,,,,"Batch 2 - sample materials. Current mode routing method: standardizer. This value comes from Isolation_Source_SD in the QA aggregate, not directly from the raw metadata field; inspect contributing raw variants before deciding."
Tissue - knee synovium,1,Tissue - knee synovium,tissue,sample_type,route_to_sample_type,Sample_Type_SD,,,needs_review,Sample-material signal; preserve source context only when independently supported.,unreviewed,,,,"Batch 2 - sample materials. Current mode routing method: standardizer. This value comes from Isolation_Source_SD in the QA aggregate, not directly from the raw metadata field; inspect contributing raw variants before deciding."
Tissue - lower extremity,1,Tissue - lower extremity,tissue,sample_type,route_to_sample_type,Sample_Type_SD,,,needs_review,Sample-material signal; preserve source context only when independently supported.,unreviewed,,,,"Batch 2 - sample materials. Current mode routing method: standardizer. This value comes from Isolation_Source_SD in the QA aggregate, not directly from the raw metadata field; inspect contributing raw variants before deciding."
Tissue ample,1,Tissue ample,tissue,sample_type,route_to_sample_type,Sample_Type_SD,,,needs_review,Sample-material signal; preserve source context only when independently supported.,unreviewed,,,,"Batch 2 - sample materials. Current mode routing method: standardizer. This value comes from Isolation_Source_SD in the QA aggregate, not directly from the raw metadata field; inspect contributing raw variants before deciding."
Tissue bit,1,Tissue bit,tissue,sample_type,route_to_sample_type,Sample_Type_SD,,,needs_review,Sample-material signal; preserve source context only when independently supported.,unreviewed,,,,"Batch 2 - sample materials. Current mode routing method: standardizer. This value comes from Isolation_Source_SD in the QA aggregate, not directly from the raw metadata field; inspect contributing raw variants before deciding."
tissue cell,1,tissue cell,tissue,sample_type,route_to_sample_type,Sample_Type_SD,,,needs_review,Sample-material signal; preserve source context only when independently supported.,unreviewed,,,,"Batch 2 - sample materials. Current mode routing method: standardizer. This value comes from Isolation_Source_SD in the QA aggregate, not directly from the raw metadata field; inspect contributing raw variants before deciding."
Tissue DEEP HUMERAL MEMBRANE,1,Tissue DEEP HUMERAL MEMBRANE,tissue,sample_type,route_to_sample_type,Sample_Type_SD,,,needs_review,Sample-material signal; preserve source context only when independently supported.,unreviewed,,,,"Batch 2 - sample materials. Current mode routing method: standardizer. This value comes from Isolation_Source_SD in the QA aggregate, not directly from the raw metadata field; inspect contributing raw variants before deciding."
Tissue elbow,1,Tissue elbow,tissue,sample_type,route_to_sample_type,Sample_Type_SD,,,needs_review,Sample-material signal; preserve source context only when independently supported.,unreviewed,,,,"Batch 2 - sample materials. Current mode routing method: standardizer. This value comes from Isolation_Source_SD in the QA aggregate, not directly from the raw metadata field; inspect contributing raw variants before deciding."
Tissue Fragment,1,Tissue Fragment,tissue,sample_type,route_to_sample_type,Sample_Type_SD,,,needs_review,Sample-material signal; preserve source context only when independently supported.,unreviewed,,,,"Batch 2 - sample materials. Current mode routing method: standardizer. This value comes from Isolation_Source_SD in the QA aggregate, not directly from the raw metadata field; inspect contributing raw variants before deciding."
Tissue from burn site,1,Tissue from burn site,tissue,sample_type,route_to_sample_type,Sample_Type_SD,,,needs_review,Sample-material signal; preserve source context only when independently supported.,unreviewed,,,,"Batch 2 - sample materials. Current mode routing method: standardizer. This value comes from Isolation_Source_SD in the QA aggregate, not directly from the raw metadata field; inspect contributing raw variants before deciding."
Tissue from hand,1,Tissue from hand,tissue,sample_type,route_to_sample_type,Sample_Type_SD,,,needs_review,Sample-material signal; preserve source context only when independently supported.,unreviewed,,,,"Batch 2 - sample materials. Current mode routing method: standardizer. This value comes from Isolation_Source_SD in the QA aggregate, not directly from the raw metadata field; inspect contributing raw variants before deciding."
tissue from oliver flounder,1,tissue from oliver flounder,tissue,sample_type,route_to_sample_type,Sample_Type_SD,,,needs_review,Sample-material signal; preserve source context only when independently supported.,unreviewed,,,,"Batch 2 - sample materials. Current mode routing method: standardizer. This value comes from Isolation_Source_SD in the QA aggregate, not directly from the raw metadata field; inspect contributing raw variants before deciding."
Tissue gall bladder,1,Tissue gall bladder,tissue,body_site|sample_type,route_to_sample_type,Sample_Type_SD,,,needs_review,Sample-material signal; preserve source context only when independently supported.,unreviewed,,,,"Batch 2 - sample materials. Current mode routing method: standardizer. This value comes from Isolation_Source_SD in the QA aggregate, not directly from the raw metadata field; inspect contributing raw variants before deciding."
Tissue GLENOID MEMBRANE,1,Tissue GLENOID MEMBRANE,tissue,sample_type,route_to_sample_type,Sample_Type_SD,,,needs_review,Sample-material signal; preserve source context only when independently supported.,unreviewed,,,,"Batch 2 - sample materials. Current mode routing method: standardizer. This value comes from Isolation_Source_SD in the QA aggregate, not directly from the raw metadata field; inspect contributing raw variants before deciding."
tissue grind,1,tissue grind,tissue,sample_type,route_to_sample_type,Sample_Type_SD,,,needs_review,Sample-material signal; preserve source context only when independently supported.,unreviewed,,,,"Batch 2 - sample materials. Current mode routing method: standardizer. This value comes from Isolation_Source_SD in the QA aggregate, not directly from the raw metadata field; inspect contributing raw variants before deciding."
tissue humerus,1,tissue humerus,tissue,sample_type,route_to_sample_type,Sample_Type_SD,,,needs_review,Sample-material signal; preserve source context only when independently supported.,unreviewed,,,,"Batch 2 - sample materials. Current mode routing method: standardizer. This value comes from Isolation_Source_SD in the QA aggregate, not directly from the raw metadata field; inspect contributing raw variants before deciding."
Tissue intraoral flap,1,Tissue intraoral flap,tissue,sample_type,route_to_sample_type,Sample_Type_SD,,,needs_review,Sample-material signal; preserve source context only when independently supported.,unreviewed,,,,"Batch 2 - sample materials. Current mode routing method: standardizer. This value comes from Isolation_Source_SD in the QA aggregate, not directly from the raw metadata field; inspect contributing raw variants before deciding."
Tissue left fore d5,1,Tissue left fore d5,tissue,sample_type,route_to_sample_type,Sample_Type_SD,,,needs_review,Sample-material signal; preserve source context only when independently supported.,unreviewed,,,,"Batch 2 - sample materials. Current mode routing method: standardizer. This value comes from Isolation_Source_SD in the QA aggregate, not directly from the raw metadata field; inspect contributing raw variants before deciding."
Tissue left glenoid,1,Tissue left glenoid,tissue,sample_type,route_to_sample_type,Sample_Type_SD,,,needs_review,Sample-material signal; preserve source context only when independently supported.,unreviewed,,,,"Batch 2 - sample materials. Current mode routing method: standardizer. This value comes from Isolation_Source_SD in the QA aggregate, not directly from the raw metadata field; inspect contributing raw variants before deciding."
tissue left hip,1,tissue left hip,tissue,sample_type,route_to_sample_type,Sample_Type_SD,,,needs_review,Sample-material signal; preserve source context only when independently supported.,unreviewed,,,,"Batch 2 - sample materials. Current mode routing method: standardizer. This value comes from Isolation_Source_SD in the QA aggregate, not directly from the raw metadata field; inspect contributing raw variants before deciding."
Tissue left humeral,1,Tissue left humeral,tissue,sample_type,route_to_sample_type,Sample_Type_SD,,,needs_review,Sample-material signal; preserve source context only when independently supported.,unreviewed,,,,"Batch 2 - sample materials. Current mode routing method: standardizer. This value comes from Isolation_Source_SD in the QA aggregate, not directly from the raw metadata field; inspect contributing raw variants before deciding."
Tissue Left Shoulder,1,Tissue Left Shoulder,tissue,sample_type,route_to_sample_type,Sample_Type_SD,,,needs_review,Sample-material signal; preserve source context only when independently supported.,unreviewed,,,,"Batch 2 - sample materials. Current mode routing method: standardizer. This value comes from Isolation_Source_SD in the QA aggregate, not directly from the raw metadata field; inspect contributing raw variants before deciding."
Tissue Left Shoulder glenoid membrane,1,Tissue Left Shoulder glenoid membrane,tissue,sample_type,route_to_sample_type,Sample_Type_SD,,,needs_review,Sample-material signal; preserve source context only when independently supported.,unreviewed,,,,"Batch 2 - sample materials. Current mode routing method: standardizer. This value comes from Isolation_Source_SD in the QA aggregate, not directly from the raw metadata field; inspect contributing raw variants before deciding."
Tissue Left Shoulder humeral membrane,1,Tissue Left Shoulder humeral membrane,tissue,sample_type,route_to_sample_type,Sample_Type_SD,,,needs_review,Sample-material signal; preserve source context only when independently supported.,unreviewed,,,,"Batch 2 - sample materials. Current mode routing method: standardizer. This value comes from Isolation_Source_SD in the QA aggregate, not directly from the raw metadata field; inspect contributing raw variants before deciding."
Tissue Maternal side,1,Tissue Maternal side,tissue,sample_type,route_to_sample_type,Sample_Type_SD,,,needs_review,Sample-material signal; preserve source context only when independently supported.,unreviewed,,,,"Batch 2 - sample materials. Current mode routing method: standardizer. This value comes from Isolation_Source_SD in the QA aggregate, not directly from the raw metadata field; inspect contributing raw variants before deciding."
tissue middle turbinate,1,tissue middle turbinate,tissue,sample_type,route_to_sample_type,Sample_Type_SD,,,needs_review,Sample-material signal; preserve source context only when independently supported.,unreviewed,,,,"Batch 2 - sample materials. Current mode routing method: standardizer. This value comes from Isolation_Source_SD in the QA aggregate, not directly from the raw metadata field; inspect contributing raw variants before deciding."
tissue near hip prosthesis,1,tissue near hip prosthesis,tissue,sample_type,route_to_sample_type,Sample_Type_SD,,,needs_review,Sample-material signal; preserve source context only when independently supported.,unreviewed,,,,"Batch 2 - sample materials. Current mode routing method: standardizer. This value comes from Isolation_Source_SD in the QA aggregate, not directly from the raw metadata field; inspect contributing raw variants before deciding."
Tissue necrose,1,Tissue necrose,tissue,sample_type,route_to_sample_type,Sample_Type_SD,,,needs_review,Sample-material signal; preserve source context only when independently supported.,unreviewed,,,,"Batch 2 - sample materials. Current mode routing method: standardizer. This value comes from Isolation_Source_SD in the QA aggregate, not directly from the raw metadata field; inspect contributing raw variants before deciding."
tissue of a tunicate Halocynthia papillosa,1,tissue of a tunicate Halocynthia papillosa,tissue,sample_type,route_to_sample_type,Sample_Type_SD,,,needs_review,Sample-material signal; preserve source context only when independently supported.,unreviewed,,,,"Batch 2 - sample materials. Current mode routing method: standardizer. This value comes from Isolation_Source_SD in the QA aggregate, not directly from the raw metadata field; inspect contributing raw variants before deciding."
Tissue of rabbit,1,Tissue of rabbit,tissue,sample_type,route_to_sample_type,Sample_Type_SD,,,needs_review,Sample-material signal; preserve source context only when independently supported.,unreviewed,,,,"Batch 2 - sample materials. Current mode routing method: standardizer. This value comes from Isolation_Source_SD in the QA aggregate, not directly from the raw metadata field; inspect contributing raw variants before deciding."
tissue pool (Bos taurus),1,tissue pool (Bos taurus),tissue,sample_type,route_to_sample_type,Sample_Type_SD,,,needs_review,Sample-material signal; preserve source context only when independently supported.,unreviewed,,,,"Batch 2 - sample materials. Current mode routing method: standardizer. This value comes from Isolation_Source_SD in the QA aggregate, not directly from the raw metadata field; inspect contributing raw variants before deciding."
tissue pool (porcine),1,tissue pool (porcine),tissue,sample_type,route_to_sample_type,Sample_Type_SD,,,needs_review,Sample-material signal; preserve source context only when independently supported.,unreviewed,,,,"Batch 2 - sample materials. Current mode routing method: standardizer. This value comes from Isolation_Source_SD in the QA aggregate, not directly from the raw metadata field; inspect contributing raw variants before deciding."
Tissue R knee,1,Tissue R knee,tissue,sample_type,route_to_sample_type,Sample_Type_SD,,,needs_review,Sample-material signal; preserve source context only when independently supported.,unreviewed,,,,"Batch 2 - sample materials. Current mode routing method: standardizer. This value comes from Isolation_Source_SD in the QA aggregate, not directly from the raw metadata field; inspect contributing raw variants before deciding."
tissue r knee,1,tissue r knee,tissue,sample_type,route_to_sample_type,Sample_Type_SD,,,needs_review,Sample-material signal; preserve source context only when independently supported.,unreviewed,,,,"Batch 2 - sample materials. Current mode routing method: standardizer. This value comes from Isolation_Source_SD in the QA aggregate, not directly from the raw metadata field; inspect contributing raw variants before deciding."
Tissue Radial Fracture,1,Tissue Radial Fracture,tissue,sample_type,route_to_sample_type,Sample_Type_SD,,,needs_review,Sample-material signal; preserve source context only when independently supported.,unreviewed,,,,"Batch 2 - sample materials. Current mode routing method: standardizer. This value comes from Isolation_Source_SD in the QA aggregate, not directly from the raw metadata field; inspect contributing raw variants before deciding."
Tissue right buttock,1,Tissue right buttock,tissue,sample_type,route_to_sample_type,Sample_Type_SD,,,needs_review,Sample-material signal; preserve source context only when independently supported.,unreviewed,,,,"Batch 2 - sample materials. Current mode routing method: standardizer. This value comes from Isolation_Source_SD in the QA aggregate, not directly from the raw metadata field; inspect contributing raw variants before deciding."
Tissue right fore d5,1,Tissue right fore d5,tissue,sample_type,route_to_sample_type,Sample_Type_SD,,,needs_review,Sample-material signal; preserve source context only when independently supported.,unreviewed,,,,"Batch 2 - sample materials. Current mode routing method: standardizer. This value comes from Isolation_Source_SD in the QA aggregate, not directly from the raw metadata field; inspect contributing raw variants before deciding."
Tissue right forefoot,1,Tissue right forefoot,tissue,sample_type,route_to_sample_type,Sample_Type_SD,,,needs_review,Sample-material signal; preserve source context only when independently supported.,unreviewed,,,,"Batch 2 - sample materials. Current mode routing method: standardizer. This value comes from Isolation_Source_SD in the QA aggregate, not directly from the raw metadata field; inspect contributing raw variants before deciding."
tissue right humeral membrane,1,tissue right humeral membrane,tissue,sample_type,route_to_sample_type,Sample_Type_SD,,,needs_review,Sample-material signal; preserve source context only when independently supported.,unreviewed,,,,"Batch 2 - sample materials. Current mode routing method: standardizer. This value comes from Isolation_Source_SD in the QA aggregate, not directly from the raw metadata field; inspect contributing raw variants before deciding."
tissue right Shoulder glenoid,1,tissue right Shoulder glenoid,tissue,sample_type,route_to_sample_type,Sample_Type_SD,,,needs_review,Sample-material signal; preserve source context only when independently supported.,unreviewed,,,,"Batch 2 - sample materials. Current mode routing method: standardizer. This value comes from Isolation_Source_SD in the QA aggregate, not directly from the raw metadata field; inspect contributing raw variants before deciding."
Tissue Right Shoulder SUTURE,1,Tissue Right Shoulder SUTURE,tissue,sample_type,route_to_sample_type,Sample_Type_SD,,,needs_review,Sample-material signal; preserve source context only when independently supported.,unreviewed,,,,"Batch 2 - sample materials. Current mode routing method: standardizer. This value comes from Isolation_Source_SD in the QA aggregate, not directly from the raw metadata field; inspect contributing raw variants before deciding."
Tissue right toe,1,Tissue right toe,tissue,sample_type,route_to_sample_type,Sample_Type_SD,,,needs_review,Sample-material signal; preserve source context only when independently supported.,unreviewed,,,,"Batch 2 - sample materials. Current mode routing method: standardizer. This value comes from Isolation_Source_SD in the QA aggregate, not directly from the raw metadata field; inspect contributing raw variants before deciding."
Tissue Shoulder humeral membrane,1,Tissue Shoulder humeral membrane,tissue,sample_type,route_to_sample_type,Sample_Type_SD,,,needs_review,Sample-material signal; preserve source context only when independently supported.,unreviewed,,,,"Batch 2 - sample materials. Current mode routing method: standardizer. This value comes from Isolation_Source_SD in the QA aggregate, not directly from the raw metadata field; inspect contributing raw variants before deciding."
Tissue Specimen,1,Tissue Specimen,tissue,sample_type,route_to_sample_type,Sample_Type_SD,,,needs_review,Sample-material signal; preserve source context only when independently supported.,unreviewed,,,,"Batch 2 - sample materials. Current mode routing method: standardizer. This value comes from Isolation_Source_SD in the QA aggregate, not directly from the raw metadata field; inspect contributing raw variants before deciding."
Tissue SUPERFICIAL HUMERAL MEMBRANE AND SUTURE,1,Tissue SUPERFICIAL HUMERAL MEMBRANE AND SUTURE,tissue,sample_type,route_to_sample_type,Sample_Type_SD,,,needs_review,Sample-material signal; preserve source context only when independently supported.,unreviewed,,,,"Batch 2 - sample materials. Current mode routing method: standardizer. This value comes from Isolation_Source_SD in the QA aggregate, not directly from the raw metadata field; inspect contributing raw variants before deciding."
Tissue(wound),1,Tissue(wound),tissue,body_site|sample_type,route_to_sample_type,Sample_Type_SD,,,needs_review,Sample-material signal; preserve source context only when independently supported.,unreviewed,,,,"Batch 2 - sample materials. Current mode routing method: standardizer. This value comes from Isolation_Source_SD in the QA aggregate, not directly from the raw metadata field; inspect contributing raw variants before deciding."
"tissue, acetabulum",1,"tissue, acetabulum",tissue,sample_type,route_to_sample_type,Sample_Type_SD,,,needs_review,Sample-material signal; preserve source context only when independently supported.,unreviewed,,,,"Batch 2 - sample materials. Current mode routing method: standardizer. This value comes from Isolation_Source_SD in the QA aggregate, not directly from the raw metadata field; inspect contributing raw variants before deciding."
"Tissue, animal",1,"Tissue, animal",tissue,sample_type|host_taxon_or_context,route_to_sample_type,Sample_Type_SD,,,needs_review,Sample-material signal; preserve source context only when independently supported.,unreviewed,,,,"Batch 2 - sample materials. Current mode routing method: standardizer. This value comes from Isolation_Source_SD in the QA aggregate, not directly from the raw metadata field; inspect contributing raw variants before deciding."
"Tissue, Buttock",1,"Tissue, Buttock",tissue,sample_type,route_to_sample_type,Sample_Type_SD,,,needs_review,Sample-material signal; preserve source context only when independently supported.,unreviewed,,,,"Batch 2 - sample materials. Current mode routing method: standardizer. This value comes from Isolation_Source_SD in the QA aggregate, not directly from the raw metadata field; inspect contributing raw variants before deciding."
"Tissue, Buttock, Left",1,"Tissue, Buttock, Left",tissue,sample_type,route_to_sample_type,Sample_Type_SD,,,needs_review,Sample-material signal; preserve source context only when independently supported.,unreviewed,,,,"Batch 2 - sample materials. Current mode routing method: standardizer. This value comes from Isolation_Source_SD in the QA aggregate, not directly from the raw metadata field; inspect contributing raw variants before deciding."
"Tissue, Canthus",1,"Tissue, Canthus",tissue,sample_type,route_to_sample_type,Sample_Type_SD,,,needs_review,Sample-material signal; preserve source context only when independently supported.,unreviewed,,,,"Batch 2 - sample materials. Current mode routing method: standardizer. This value comes from Isolation_Source_SD in the QA aggregate, not directly from the raw metadata field; inspect contributing raw variants before deciding."
"tissue, chest",1,"tissue, chest",tissue,sample_type,route_to_sample_type,Sample_Type_SD,,,needs_review,Sample-material signal; preserve source context only when independently supported.,unreviewed,,,,"Batch 2 - sample materials. Current mode routing method: standardizer. This value comes from Isolation_Source_SD in the QA aggregate, not directly from the raw metadata field; inspect contributing raw variants before deciding."
"Tissue, Empyema",1,"Tissue, Empyema",tissue,sample_type,route_to_sample_type,Sample_Type_SD,,,needs_review,Sample-material signal; preserve source context only when independently supported.,unreviewed,,,,"Batch 2 - sample materials. Current mode routing method: standardizer. This value comes from Isolation_Source_SD in the QA aggregate, not directly from the raw metadata field; inspect contributing raw variants before deciding."
"Tissue, Eyelid",1,"Tissue, Eyelid",tissue,sample_type,route_to_sample_type,Sample_Type_SD,,,needs_review,Sample-material signal; preserve source context only when independently supported.,unreviewed,,,,"Batch 2 - sample materials. Current mode routing method: standardizer. This value comes from Isolation_Source_SD in the QA aggregate, not directly from the raw metadata field; inspect contributing raw variants before deciding."
"Tissue, femur",1,"Tissue, femur",tissue,sample_type,route_to_sample_type,Sample_Type_SD,,,needs_review,Sample-material signal; preserve source context only when independently supported.,unreviewed,,,,"Batch 2 - sample materials. Current mode routing method: standardizer. This value comes from Isolation_Source_SD in the QA aggregate, not directly from the raw metadata field; inspect contributing raw variants before deciding."
"Tissue, Fibula",1,"Tissue, Fibula",tissue,sample_type,route_to_sample_type,Sample_Type_SD,,,needs_review,Sample-material signal; preserve source context only when independently supported.,unreviewed,,,,"Batch 2 - sample materials. Current mode routing method: standardizer. This value comes from Isolation_Source_SD in the QA aggregate, not directly from the raw metadata field; inspect contributing raw variants before deciding."
"Tissue, Flank",1,"Tissue, Flank",tissue,sample_type,route_to_sample_type,Sample_Type_SD,,,needs_review,Sample-material signal; preserve source context only when independently supported.,unreviewed,,,,"Batch 2 - sample materials. Current mode routing method: standardizer. This value comes from Isolation_Source_SD in the QA aggregate, not directly from the raw metadata field; inspect contributing raw variants before deciding."
"Tissue, Haematoma",1,"Tissue, Haematoma",tissue,sample_type,route_to_sample_type,Sample_Type_SD,,,needs_review,Sample-material signal; preserve source context only when independently supported.,unreviewed,,,,"Batch 2 - sample materials. Current mode routing method: standardizer. This value comes from Isolation_Source_SD in the QA aggregate, not directly from the raw metadata field; inspect contributing raw variants before deciding."
"tissue, hand",1,"tissue, hand",tissue,sample_type,route_to_sample_type,Sample_Type_SD,,,needs_review,Sample-material signal; preserve source context only when independently supported.,unreviewed,,,,"Batch 2 - sample materials. Current mode routing method: standardizer. This value comes from Isolation_Source_SD in the QA aggregate, not directly from the raw metadata field; inspect contributing raw variants before deciding."
"Tissue, Heel",1,"Tissue, Heel",tissue,sample_type,route_to_sample_type,Sample_Type_SD,,,needs_review,Sample-material signal; preserve source context only when independently supported.,unreviewed,,,,"Batch 2 - sample materials. Current mode routing method: standardizer. This value comes from Isolation_Source_SD in the QA aggregate, not directly from the raw metadata field; inspect contributing raw variants before deciding."
"tissue, hole in mandibula",1,"tissue, hole in mandibula",tissue,sample_type,route_to_sample_type,Sample_Type_SD,,,needs_review,Sample-material signal; preserve source context only when independently supported.,unreviewed,,,,"Batch 2 - sample materials. Current mode routing method: standardizer. This value comes from Isolation_Source_SD in the QA aggregate, not directly from the raw metadata field; inspect contributing raw variants before deciding."
"tissue, L hip",1,"tissue, L hip",tissue,sample_type,route_to_sample_type,Sample_Type_SD,,,needs_review,Sample-material signal; preserve source context only when independently supported.,unreviewed,,,,"Batch 2 - sample materials. Current mode routing method: standardizer. This value comes from Isolation_Source_SD in the QA aggregate, not directly from the raw metadata field; inspect contributing raw variants before deciding."
"Tissue, Left Ischium",1,"Tissue, Left Ischium",tissue,sample_type,route_to_sample_type,Sample_Type_SD,,,needs_review,Sample-material signal; preserve source context only when independently supported.,unreviewed,,,,"Batch 2 - sample materials. Current mode routing method: standardizer. This value comes from Isolation_Source_SD in the QA aggregate, not directly from the raw metadata field; inspect contributing raw variants before deciding."
"Tissue, Lft Anterior Thigh",1,"Tissue, Lft Anterior Thigh",tissue,sample_type,route_to_sample_type,Sample_Type_SD,,,needs_review,Sample-material signal; preserve source context only when independently supported.,unreviewed,,,,"Batch 2 - sample materials. Current mode routing method: standardizer. This value comes from Isolation_Source_SD in the QA aggregate, not directly from the raw metadata field; inspect contributing raw variants before deciding."
"Tissue, Mastoid",1,"Tissue, Mastoid",tissue,sample_type,route_to_sample_type,Sample_Type_SD,,,needs_review,Sample-material signal; preserve source context only when independently supported.,unreviewed,,,,"Batch 2 - sample materials. Current mode routing method: standardizer. This value comes from Isolation_Source_SD in the QA aggregate, not directly from the raw metadata field; inspect contributing raw variants before deciding."
"Tissue, Neck",1,"Tissue, Neck",tissue,sample_type,route_to_sample_type,Sample_Type_SD,,,needs_review,Sample-material signal; preserve source context only when independently supported.,unreviewed,,,,"Batch 2 - sample materials. Current mode routing method: standardizer. This value comes from Isolation_Source_SD in the QA aggregate, not directly from the raw metadata field; inspect contributing raw variants before deciding."
"Tissue, Orbit",1,"Tissue, Orbit",tissue,sample_type,route_to_sample_type,Sample_Type_SD,,,needs_review,Sample-material signal; preserve source context only when independently supported.,unreviewed,,,,"Batch 2 - sample materials. Current mode routing method: standardizer. This value comes from Isolation_Source_SD in the QA aggregate, not directly from the raw metadata field; inspect contributing raw variants before deciding."
"tissue, sacral",1,"tissue, sacral",tissue,sample_type,route_to_sample_type,Sample_Type_SD,,,needs_review,Sample-material signal; preserve source context only when independently supported.,unreviewed,,,,"Batch 2 - sample materials. Current mode routing method: standardizer. This value comes from Isolation_Source_SD in the QA aggregate, not directly from the raw metadata field; inspect contributing raw variants before deciding."
"Tissue, Scrotum",1,"Tissue, Scrotum",tissue,sample_type,route_to_sample_type,Sample_Type_SD,,,needs_review,Sample-material signal; preserve source context only when independently supported.,unreviewed,,,,"Batch 2 - sample materials. Current mode routing method: standardizer. This value comes from Isolation_Source_SD in the QA aggregate, not directly from the raw metadata field; inspect contributing raw variants before deciding."
"Tissue, Shin",1,"Tissue, Shin",tissue,sample_type,route_to_sample_type,Sample_Type_SD,,,needs_review,Sample-material signal; preserve source context only when independently supported.,unreviewed,,,,"Batch 2 - sample materials. Current mode routing method: standardizer. This value comes from Isolation_Source_SD in the QA aggregate, not directly from the raw metadata field; inspect contributing raw variants before deciding."
"Tissue, Shouler, Right",1,"Tissue, Shouler, Right",tissue,sample_type,route_to_sample_type,Sample_Type_SD,,,needs_review,Sample-material signal; preserve source context only when independently supported.,unreviewed,,,,"Batch 2 - sample materials. Current mode routing method: standardizer. This value comes from Isolation_Source_SD in the QA aggregate, not directly from the raw metadata field; inspect contributing raw variants before deciding."
"Tissue, Spine",1,"Tissue, Spine",tissue,sample_type,route_to_sample_type,Sample_Type_SD,,,needs_review,Sample-material signal; preserve source context only when independently supported.,unreviewed,,,,"Batch 2 - sample materials. Current mode routing method: standardizer. This value comes from Isolation_Source_SD in the QA aggregate, not directly from the raw metadata field; inspect contributing raw variants before deciding."
"Tissue, Thoracic",1,"Tissue, Thoracic",tissue,sample_type,route_to_sample_type,Sample_Type_SD,,,needs_review,Sample-material signal; preserve source context only when independently supported.,unreviewed,,,,"Batch 2 - sample materials. Current mode routing method: standardizer. This value comes from Isolation_Source_SD in the QA aggregate, not directly from the raw metadata field; inspect contributing raw variants before deciding."
"Tissue, Vocal Cord",1,"Tissue, Vocal Cord",tissue,sample_type,route_to_sample_type,Sample_Type_SD,,,needs_review,Sample-material signal; preserve source context only when independently supported.,unreviewed,,,,"Batch 2 - sample materials. Current mode routing method: standardizer. This value comes from Isolation_Source_SD in the QA aggregate, not directly from the raw metadata field; inspect contributing raw variants before deciding."
tissue-sacral,1,tissue-sacral,tissue,sample_type,route_to_sample_type,Sample_Type_SD,,,needs_review,Sample-material signal; preserve source context only when independently supported.,unreviewed,,,,"Batch 2 - sample materials. Current mode routing method: standardizer. This value comes from Isolation_Source_SD in the QA aggregate, not directly from the raw metadata field; inspect contributing raw variants before deciding."
TISSUE/ RIGHT BUTTOCK,1,TISSUE/ RIGHT BUTTOCK,tissue,sample_type,route_to_sample_type,Sample_Type_SD,,,needs_review,Sample-material signal; preserve source context only when independently supported.,unreviewed,,,,"Batch 2 - sample materials. Current mode routing method: standardizer. This value comes from Isolation_Source_SD in the QA aggregate, not directly from the raw metadata field; inspect contributing raw variants before deciding."
tissue/Surgical,1,tissue/Surgical,tissue,sample_type,route_to_sample_type,Sample_Type_SD,,,needs_review,Sample-material signal; preserve source context only when independently supported.,unreviewed,,,,"Batch 2 - sample materials. Current mode routing method: standardizer. This value comes from Isolation_Source_SD in the QA aggregate, not directly from the raw metadata field; inspect contributing raw variants before deciding."
Tissue: Back,1,Tissue: Back,tissue,sample_type,route_to_sample_type,Sample_Type_SD,,,needs_review,Sample-material signal; preserve source context only when independently supported.,unreviewed,,,,"Batch 2 - sample materials. Current mode routing method: standardizer. This value comes from Isolation_Source_SD in the QA aggregate, not directly from the raw metadata field; inspect contributing raw variants before deciding."
Tissue:Adult_ovaries:EL:1 extraction1_seq1 channel_1,1,Tissue:Adult_ovaries:EL:1 extraction1_seq1 channel_1,tissue,sample_type,route_to_sample_type,Sample_Type_SD,,,needs_review,Sample-material signal; preserve source context only when independently supported.,unreviewed,,,,"Batch 2 - sample materials. Current mode routing method: standardizer. This value comes from Isolation_Source_SD in the QA aggregate, not directly from the raw metadata field; inspect contributing raw variants before deciding."
TISSUE; AORTA,1,TISSUE; AORTA,tissue,sample_type,route_to_sample_type,Sample_Type_SD,,,needs_review,Sample-material signal; preserve source context only when independently supported.,unreviewed,,,,"Batch 2 - sample materials. Current mode routing method: standardizer. This value comes from Isolation_Source_SD in the QA aggregate, not directly from the raw metadata field; inspect contributing raw variants before deciding."
Tissue; Chest Wall,1,Tissue; Chest Wall,tissue,sample_type,route_to_sample_type,Sample_Type_SD,,,needs_review,Sample-material signal; preserve source context only when independently supported.,unreviewed,,,,"Batch 2 - sample materials. Current mode routing method: standardizer. This value comes from Isolation_Source_SD in the QA aggregate, not directly from the raw metadata field; inspect contributing raw variants before deciding."
Tissue; EJ junction fat,1,Tissue; EJ junction fat,tissue,sample_type,route_to_sample_type,Sample_Type_SD,,,needs_review,Sample-material signal; preserve source context only when independently supported.,unreviewed,,,,"Batch 2 - sample materials. Current mode routing method: standardizer. This value comes from Isolation_Source_SD in the QA aggregate, not directly from the raw metadata field; inspect contributing raw variants before deciding."
Tissue; hip right,1,Tissue; hip right,tissue,sample_type,route_to_sample_type,Sample_Type_SD,,,needs_review,Sample-material signal; preserve source context only when independently supported.,unreviewed,,,,"Batch 2 - sample materials. Current mode routing method: standardizer. This value comes from Isolation_Source_SD in the QA aggregate, not directly from the raw metadata field; inspect contributing raw variants before deciding."
Tissue; left ethmoid,1,Tissue; left ethmoid,tissue,sample_type,route_to_sample_type,Sample_Type_SD,,,needs_review,Sample-material signal; preserve source context only when independently supported.,unreviewed,,,,"Batch 2 - sample materials. Current mode routing method: standardizer. This value comes from Isolation_Source_SD in the QA aggregate, not directly from the raw metadata field; inspect contributing raw variants before deciding."
Tissue; Left heel,1,Tissue; Left heel,tissue,sample_type,route_to_sample_type,Sample_Type_SD,,,needs_review,Sample-material signal; preserve source context only when independently supported.,unreviewed,,,,"Batch 2 - sample materials. Current mode routing method: standardizer. This value comes from Isolation_Source_SD in the QA aggregate, not directly from the raw metadata field; inspect contributing raw variants before deciding."
Tissue; left shoulder A-C joint,1,Tissue; left shoulder A-C joint,tissue,sample_type,route_to_sample_type,Sample_Type_SD,,,needs_review,Sample-material signal; preserve source context only when independently supported.,unreviewed,,,,"Batch 2 - sample materials. Current mode routing method: standardizer. This value comes from Isolation_Source_SD in the QA aggregate, not directly from the raw metadata field; inspect contributing raw variants before deciding."
Tissue; right elbow,1,Tissue; right elbow,tissue,sample_type,route_to_sample_type,Sample_Type_SD,,,needs_review,Sample-material signal; preserve source context only when independently supported.,unreviewed,,,,"Batch 2 - sample materials. Current mode routing method: standardizer. This value comes from Isolation_Source_SD in the QA aggregate, not directly from the raw metadata field; inspect contributing raw variants before deciding."
Tissue; right ischeal tuberosity,1,Tissue; right ischeal tuberosity,tissue,sample_type,route_to_sample_type,Sample_Type_SD,,,needs_review,Sample-material signal; preserve source context only when independently supported.,unreviewed,,,,"Batch 2 - sample materials. Current mode routing method: standardizer. This value comes from Isolation_Source_SD in the QA aggregate, not directly from the raw metadata field; inspect contributing raw variants before deciding."
tissue; sacral ulcer,1,tissue; sacral ulcer,tissue,sample_type,route_to_sample_type,Sample_Type_SD,,,needs_review,Sample-material signal; preserve source context only when independently supported.,unreviewed,,,,"Batch 2 - sample materials. Current mode routing method: standardizer. This value comes from Isolation_Source_SD in the QA aggregate, not directly from the raw metadata field; inspect contributing raw variants before deciding."
tissue;R HIP,1,tissue;R HIP,tissue,sample_type,route_to_sample_type,Sample_Type_SD,,,needs_review,Sample-material signal; preserve source context only when independently supported.,unreviewed,,,,"Batch 2 - sample materials. Current mode routing method: standardizer. This value comes from Isolation_Source_SD in the QA aggregate, not directly from the raw metadata field; inspect contributing raw variants before deciding."
Toe tissue,1,Toe tissue,tissue,sample_type,route_to_sample_type,Sample_Type_SD,,,needs_review,Sample-material signal; preserve source context only when independently supported.,unreviewed,,,,"Batch 2 - sample materials. Current mode routing method: standardizer. This value comes from Isolation_Source_SD in the QA aggregate, not directly from the raw metadata field; inspect contributing raw variants before deciding."
toe tissue,1,toe tissue,tissue,sample_type,route_to_sample_type,Sample_Type_SD,,,needs_review,Sample-material signal; preserve source context only when independently supported.,unreviewed,,,,"Batch 2 - sample materials. Current mode routing method: standardizer. This value comes from Isolation_Source_SD in the QA aggregate, not directly from the raw metadata field; inspect contributing raw variants before deciding."
Toe Tissue ulcer,1,Toe Tissue ulcer,tissue,sample_type,route_to_sample_type,Sample_Type_SD,,,needs_review,Sample-material signal; preserve source context only when independently supported.,unreviewed,,,,"Batch 2 - sample materials. Current mode routing method: standardizer. This value comes from Isolation_Source_SD in the QA aggregate, not directly from the raw metadata field; inspect contributing raw variants before deciding."
trophosome tissue,1,trophosome tissue,tissue,sample_type,route_to_sample_type,Sample_Type_SD,,,needs_review,Sample-material signal; preserve source context only when independently supported.,unreviewed,,,,"Batch 2 - sample materials. Current mode routing method: standardizer. This value comes from Isolation_Source_SD in the QA aggregate, not directly from the raw metadata field; inspect contributing raw variants before deciding."
trophosome tissue of the deep-sea tubeworm Riftia pachyptila; host species originated from Ph05 vent at 13 N East Pacific Rise,1,trophosome tissue of the deep-sea tubeworm Riftia pachyptila; host species originated from Ph05 vent at 13 N East Pacific Rise,tissue,sample_type,route_to_sample_type,Sample_Type_SD,,,needs_review,Sample-material signal; preserve source context only when independently supported.,unreviewed,,,,"Batch 2 - sample materials. Current mode routing method: standardizer. This value comes from Isolation_Source_SD in the QA aggregate, not directly from the raw metadata field; inspect contributing raw variants before deciding."
trophosome tissue of the deep-sea tubeworm Tevnia jerichonana; host species originated from Tica vent at 9deg 50' N East Pacific Rise,1,trophosome tissue of the deep-sea tubeworm Tevnia jerichonana; host species originated from Tica vent at 9deg 50' N East Pacific Rise,tissue,sample_type,route_to_sample_type,Sample_Type_SD,,,needs_review,Sample-material signal; preserve source context only when independently supported.,unreviewed,,,,"Batch 2 - sample materials. Current mode routing method: standardizer. This value comes from Isolation_Source_SD in the QA aggregate, not directly from the raw metadata field; inspect contributing raw variants before deciding."
TSKM-iPS mouse derived fibroblast cells,1,TSKM-iPS mouse derived fibroblast cells,,host_taxon_or_context,route_to_host_context,Host_Context_SD / host-associated context,,,needs_review,Host-only signal requires raw context before source or host routing.,unreviewed,,,,"Batch 6 - host context. Current mode routing method: standardizer. This value comes from Isolation_Source_SD in the QA aggregate, not directly from the raw metadata field; inspect contributing raw variants before deciding."
tumeric coated dog chew,1,tumeric coated dog chew,,host_taxon_or_context,route_to_host_context,Host_Context_SD / host-associated context,,,needs_review,Host-only signal requires raw context before source or host routing.,unreviewed,,,,"Batch 6 - host context. Current mode routing method: standardizer. This value comes from Isolation_Source_SD in the QA aggregate, not directly from the raw metadata field; inspect contributing raw variants before deciding."
Tumor tissue,1,Tumor tissue,tissue,sample_type,route_to_sample_type,Sample_Type_SD,,,needs_review,Sample-material signal; preserve source context only when independently supported.,unreviewed,,,,"Batch 2 - sample materials. Current mode routing method: standardizer. This value comes from Isolation_Source_SD in the QA aggregate, not directly from the raw metadata field; inspect contributing raw variants before deciding."
tumor tissue,1,tumor tissue,tissue,sample_type,route_to_sample_type,Sample_Type_SD,,,needs_review,Sample-material signal; preserve source context only when independently supported.,unreviewed,,,,"Batch 2 - sample materials. Current mode routing method: standardizer. This value comes from Isolation_Source_SD in the QA aggregate, not directly from the raw metadata field; inspect contributing raw variants before deciding."
UCSB animal house,1,UCSB animal house,,host_taxon_or_context,route_to_host_context,Host_Context_SD / host-associated context,,,needs_review,Host-only signal requires raw context before source or host routing.,unreviewed,,,,"Batch 6 - host context. Current mode routing method: standardizer. This value comes from Isolation_Source_SD in the QA aggregate, not directly from the raw metadata field; inspect contributing raw variants before deciding."
Ulcerated tissue,1,Ulcerated tissue,tissue,sample_type,route_to_sample_type,Sample_Type_SD,,,needs_review,Sample-material signal; preserve source context only when independently supported.,unreviewed,,,,"Batch 2 - sample materials. Current mode routing method: standardizer. This value comes from Isolation_Source_SD in the QA aggregate, not directly from the raw metadata field; inspect contributing raw variants before deciding."
Uncultivated_P2_T1_2,1,Uncultivated_P2_T1_2,,raw_code_or_artifact,route_to_non_source_descriptor,suppressed/non_source_descriptor,,,needs_review,Descriptor-like signal; verify raw variants before adding a suppression rule.,unreviewed,,,,"Batch 1 - metadata descriptors. Current mode routing method: standardizer. This value comes from Isolation_Source_SD in the QA aggregate, not directly from the raw metadata field; inspect contributing raw variants before deciding."
unground oats (animal feed),1,unground oats (animal feed),,host_taxon_or_context,route_to_host_context,Host_Context_SD / host-associated context,,,needs_review,Host-only signal requires raw context before source or host routing.,unreviewed,,,,"Batch 6 - host context. Current mode routing method: standardizer. This value comes from Isolation_Source_SD in the QA aggregate, not directly from the raw metadata field; inspect contributing raw variants before deciding."
Upper arm muscle Tissue,1,Upper arm muscle Tissue,tissue,sample_type,route_to_sample_type,Sample_Type_SD,,,needs_review,Sample-material signal; preserve source context only when independently supported.,unreviewed,,,,"Batch 2 - sample materials. Current mode routing method: standardizer. This value comes from Isolation_Source_SD in the QA aggregate, not directly from the raw metadata field; inspect contributing raw variants before deciding."
upper jaw tissue with sinusitis,1,upper jaw tissue with sinusitis,tissue,sample_type,route_to_sample_type,Sample_Type_SD,,,needs_review,Sample-material signal; preserve source context only when independently supported.,unreviewed,,,,"Batch 2 - sample materials. Current mode routing method: standardizer. This value comes from Isolation_Source_SD in the QA aggregate, not directly from the raw metadata field; inspect contributing raw variants before deciding."
venison cubes dog treat,1,venison cubes dog treat,,host_taxon_or_context,route_to_host_context,Host_Context_SD / host-associated context,,,needs_review,Host-only signal requires raw context before source or host routing.,unreviewed,,,,"Batch 6 - host context. Current mode routing method: standardizer. This value comes from Isolation_Source_SD in the QA aggregate, not directly from the raw metadata field; inspect contributing raw variants before deciding."
Ventilator_NA_BU13,1,Ventilator_NA_BU13,,raw_code_or_artifact,route_to_non_source_descriptor,suppressed/non_source_descriptor,,,needs_review,Descriptor-like signal; verify raw variants before adding a suppression rule.,unreviewed,,,,"Batch 1 - metadata descriptors. Current mode routing method: standardizer. This value comes from Isolation_Source_SD in the QA aggregate, not directly from the raw metadata field; inspect contributing raw variants before deciding."
Ventilator_NA_BU21,1,Ventilator_NA_BU21,,raw_code_or_artifact,route_to_non_source_descriptor,suppressed/non_source_descriptor,,,needs_review,Descriptor-like signal; verify raw variants before adding a suppression rule.,unreviewed,,,,"Batch 1 - metadata descriptors. Current mode routing method: standardizer. This value comes from Isolation_Source_SD in the QA aggregate, not directly from the raw metadata field; inspect contributing raw variants before deciding."
Ventilator_NA_BU6,1,Ventilator_NA_BU6,,raw_code_or_artifact,route_to_non_source_descriptor,suppressed/non_source_descriptor,,,needs_review,Descriptor-like signal; verify raw variants before adding a suppression rule.,unreviewed,,,,"Batch 1 - metadata descriptors. Current mode routing method: standardizer. This value comes from Isolation_Source_SD in the QA aggregate, not directly from the raw metadata field; inspect contributing raw variants before deciding."
Ventilator_P101_BU13,1,Ventilator_P101_BU13,,raw_code_or_artifact,route_to_non_source_descriptor,suppressed/non_source_descriptor,,,needs_review,Descriptor-like signal; verify raw variants before adding a suppression rule.,unreviewed,,,,"Batch 1 - metadata descriptors. Current mode routing method: standardizer. This value comes from Isolation_Source_SD in the QA aggregate, not directly from the raw metadata field; inspect contributing raw variants before deciding."
Ventilator_P113_BU23,1,Ventilator_P113_BU23,,raw_code_or_artifact,route_to_non_source_descriptor,suppressed/non_source_descriptor,,,needs_review,Descriptor-like signal; verify raw variants before adding a suppression rule.,unreviewed,,,,"Batch 1 - metadata descriptors. Current mode routing method: standardizer. This value comes from Isolation_Source_SD in the QA aggregate, not directly from the raw metadata field; inspect contributing raw variants before deciding."
Ventilator_P113_BU6,1,Ventilator_P113_BU6,,raw_code_or_artifact,route_to_non_source_descriptor,suppressed/non_source_descriptor,,,needs_review,Descriptor-like signal; verify raw variants before adding a suppression rule.,unreviewed,,,,"Batch 1 - metadata descriptors. Current mode routing method: standardizer. This value comes from Isolation_Source_SD in the QA aggregate, not directly from the raw metadata field; inspect contributing raw variants before deciding."
Ventilator_P115_BU5,1,Ventilator_P115_BU5,,raw_code_or_artifact,route_to_non_source_descriptor,suppressed/non_source_descriptor,,,needs_review,Descriptor-like signal; verify raw variants before adding a suppression rule.,unreviewed,,,,"Batch 1 - metadata descriptors. Current mode routing method: standardizer. This value comes from Isolation_Source_SD in the QA aggregate, not directly from the raw metadata field; inspect contributing raw variants before deciding."
Ventilator_P125_BU10,1,Ventilator_P125_BU10,,raw_code_or_artifact,route_to_non_source_descriptor,suppressed/non_source_descriptor,,,needs_review,Descriptor-like signal; verify raw variants before adding a suppression rule.,unreviewed,,,,"Batch 1 - metadata descriptors. Current mode routing method: standardizer. This value comes from Isolation_Source_SD in the QA aggregate, not directly from the raw metadata field; inspect contributing raw variants before deciding."
Ventilator_P132_BU20,1,Ventilator_P132_BU20,,raw_code_or_artifact,route_to_non_source_descriptor,suppressed/non_source_descriptor,,,needs_review,Descriptor-like signal; verify raw variants before adding a suppression rule.,unreviewed,,,,"Batch 1 - metadata descriptors. Current mode routing method: standardizer. This value comes from Isolation_Source_SD in the QA aggregate, not directly from the raw metadata field; inspect contributing raw variants before deciding."
Ventilator_P138_BU17,1,Ventilator_P138_BU17,,raw_code_or_artifact,route_to_non_source_descriptor,suppressed/non_source_descriptor,,,needs_review,Descriptor-like signal; verify raw variants before adding a suppression rule.,unreviewed,,,,"Batch 1 - metadata descriptors. Current mode routing method: standardizer. This value comes from Isolation_Source_SD in the QA aggregate, not directly from the raw metadata field; inspect contributing raw variants before deciding."
Ventilator_P139_BU23,1,Ventilator_P139_BU23,,raw_code_or_artifact,route_to_non_source_descriptor,suppressed/non_source_descriptor,,,needs_review,Descriptor-like signal; verify raw variants before adding a suppression rule.,unreviewed,,,,"Batch 1 - metadata descriptors. Current mode routing method: standardizer. This value comes from Isolation_Source_SD in the QA aggregate, not directly from the raw metadata field; inspect contributing raw variants before deciding."
Ventilator_P13_BU21,1,Ventilator_P13_BU21,,raw_code_or_artifact,route_to_non_source_descriptor,suppressed/non_source_descriptor,,,needs_review,Descriptor-like signal; verify raw variants before adding a suppression rule.,unreviewed,,,,"Batch 1 - metadata descriptors. Current mode routing method: standardizer. This value comes from Isolation_Source_SD in the QA aggregate, not directly from the raw metadata field; inspect contributing raw variants before deciding."
Ventilator_P14_BU15,1,Ventilator_P14_BU15,,raw_code_or_artifact,route_to_non_source_descriptor,suppressed/non_source_descriptor,,,needs_review,Descriptor-like signal; verify raw variants before adding a suppression rule.,unreviewed,,,,"Batch 1 - metadata descriptors. Current mode routing method: standardizer. This value comes from Isolation_Source_SD in the QA aggregate, not directly from the raw metadata field; inspect contributing raw variants before deciding."
Ventilator_P19_BU18,1,Ventilator_P19_BU18,,raw_code_or_artifact,route_to_non_source_descriptor,suppressed/non_source_descriptor,,,needs_review,Descriptor-like signal; verify raw variants before adding a suppression rule.,unreviewed,,,,"Batch 1 - metadata descriptors. Current mode routing method: standardizer. This value comes from Isolation_Source_SD in the QA aggregate, not directly from the raw metadata field; inspect contributing raw variants before deciding."
Ventilator_P21_BU22,1,Ventilator_P21_BU22,,raw_code_or_artifact,route_to_non_source_descriptor,suppressed/non_source_descriptor,,,needs_review,Descriptor-like signal; verify raw variants before adding a suppression rule.,unreviewed,,,,"Batch 1 - metadata descriptors. Current mode routing method: standardizer. This value comes from Isolation_Source_SD in the QA aggregate, not directly from the raw metadata field; inspect contributing raw variants before deciding."
Ventilator_P24_BU26,1,Ventilator_P24_BU26,,raw_code_or_artifact,route_to_non_source_descriptor,suppressed/non_source_descriptor,,,needs_review,Descriptor-like signal; verify raw variants before adding a suppression rule.,unreviewed,,,,"Batch 1 - metadata descriptors. Current mode routing method: standardizer. This value comes from Isolation_Source_SD in the QA aggregate, not directly from the raw metadata field; inspect contributing raw variants before deciding."
Ventilator_P27_BU18,1,Ventilator_P27_BU18,,raw_code_or_artifact,route_to_non_source_descriptor,suppressed/non_source_descriptor,,,needs_review,Descriptor-like signal; verify raw variants before adding a suppression rule.,unreviewed,,,,"Batch 1 - metadata descriptors. Current mode routing method: standardizer. This value comes from Isolation_Source_SD in the QA aggregate, not directly from the raw metadata field; inspect contributing raw variants before deciding."
Ventilator_P29_BU6,1,Ventilator_P29_BU6,,raw_code_or_artifact,route_to_non_source_descriptor,suppressed/non_source_descriptor,,,needs_review,Descriptor-like signal; verify raw variants before adding a suppression rule.,unreviewed,,,,"Batch 1 - metadata descriptors. Current mode routing method: standardizer. This value comes from Isolation_Source_SD in the QA aggregate, not directly from the raw metadata field; inspect contributing raw variants before deciding."
Ventilator_P33_BU16,1,Ventilator_P33_BU16,,raw_code_or_artifact,route_to_non_source_descriptor,suppressed/non_source_descriptor,,,needs_review,Descriptor-like signal; verify raw variants before adding a suppression rule.,unreviewed,,,,"Batch 1 - metadata descriptors. Current mode routing method: standardizer. This value comes from Isolation_Source_SD in the QA aggregate, not directly from the raw metadata field; inspect contributing raw variants before deciding."
Ventilator_P33_BU24,1,Ventilator_P33_BU24,,raw_code_or_artifact,route_to_non_source_descriptor,suppressed/non_source_descriptor,,,needs_review,Descriptor-like signal; verify raw variants before adding a suppression rule.,unreviewed,,,,"Batch 1 - metadata descriptors. Current mode routing method: standardizer. This value comes from Isolation_Source_SD in the QA aggregate, not directly from the raw metadata field; inspect contributing raw variants before deciding."
Ventilator_P42_BU15,1,Ventilator_P42_BU15,,raw_code_or_artifact,route_to_non_source_descriptor,suppressed/non_source_descriptor,,,needs_review,Descriptor-like signal; verify raw variants before adding a suppression rule.,unreviewed,,,,"Batch 1 - metadata descriptors. Current mode routing method: standardizer. This value comes from Isolation_Source_SD in the QA aggregate, not directly from the raw metadata field; inspect contributing raw variants before deciding."
Ventilator_P46_BU24,1,Ventilator_P46_BU24,,raw_code_or_artifact,route_to_non_source_descriptor,suppressed/non_source_descriptor,,,needs_review,Descriptor-like signal; verify raw variants before adding a suppression rule.,unreviewed,,,,"Batch 1 - metadata descriptors. Current mode routing method: standardizer. This value comes from Isolation_Source_SD in the QA aggregate, not directly from the raw metadata field; inspect contributing raw variants before deciding."
Ventilator_P47_BU17,1,Ventilator_P47_BU17,,raw_code_or_artifact,route_to_non_source_descriptor,suppressed/non_source_descriptor,,,needs_review,Descriptor-like signal; verify raw variants before adding a suppression rule.,unreviewed,,,,"Batch 1 - metadata descriptors. Current mode routing method: standardizer. This value comes from Isolation_Source_SD in the QA aggregate, not directly from the raw metadata field; inspect contributing raw variants before deciding."
Ventilator_P49_BU12,1,Ventilator_P49_BU12,,raw_code_or_artifact,route_to_non_source_descriptor,suppressed/non_source_descriptor,,,needs_review,Descriptor-like signal; verify raw variants before adding a suppression rule.,unreviewed,,,,"Batch 1 - metadata descriptors. Current mode routing method: standardizer. This value comes from Isolation_Source_SD in the QA aggregate, not directly from the raw metadata field; inspect contributing raw variants before deciding."
Ventilator_P50_BU20,1,Ventilator_P50_BU20,,raw_code_or_artifact,route_to_non_source_descriptor,suppressed/non_source_descriptor,,,needs_review,Descriptor-like signal; verify raw variants before adding a suppression rule.,unreviewed,,,,"Batch 1 - metadata descriptors. Current mode routing method: standardizer. This value comes from Isolation_Source_SD in the QA aggregate, not directly from the raw metadata field; inspect contributing raw variants before deciding."
Ventilator_P51_BU14,1,Ventilator_P51_BU14,,raw_code_or_artifact,route_to_non_source_descriptor,suppressed/non_source_descriptor,,,needs_review,Descriptor-like signal; verify raw variants before adding a suppression rule.,unreviewed,,,,"Batch 1 - metadata descriptors. Current mode routing method: standardizer. This value comes from Isolation_Source_SD in the QA aggregate, not directly from the raw metadata field; inspect contributing raw variants before deciding."
Ventilator_P53_BU18,1,Ventilator_P53_BU18,,raw_code_or_artifact,route_to_non_source_descriptor,suppressed/non_source_descriptor,,,needs_review,Descriptor-like signal; verify raw variants before adding a suppression rule.,unreviewed,,,,"Batch 1 - metadata descriptors. Current mode routing method: standardizer. This value comes from Isolation_Source_SD in the QA aggregate, not directly from the raw metadata field; inspect contributing raw variants before deciding."
Ventilator_P54_BU19,1,Ventilator_P54_BU19,,raw_code_or_artifact,route_to_non_source_descriptor,suppressed/non_source_descriptor,,,needs_review,Descriptor-like signal; verify raw variants before adding a suppression rule.,unreviewed,,,,"Batch 1 - metadata descriptors. Current mode routing method: standardizer. This value comes from Isolation_Source_SD in the QA aggregate, not directly from the raw metadata field; inspect contributing raw variants before deciding."
Ventilator_P56_BU5,1,Ventilator_P56_BU5,,raw_code_or_artifact,route_to_non_source_descriptor,suppressed/non_source_descriptor,,,needs_review,Descriptor-like signal; verify raw variants before adding a suppression rule.,unreviewed,,,,"Batch 1 - metadata descriptors. Current mode routing method: standardizer. This value comes from Isolation_Source_SD in the QA aggregate, not directly from the raw metadata field; inspect contributing raw variants before deciding."
Ventilator_P57_BU19,1,Ventilator_P57_BU19,,raw_code_or_artifact,route_to_non_source_descriptor,suppressed/non_source_descriptor,,,needs_review,Descriptor-like signal; verify raw variants before adding a suppression rule.,unreviewed,,,,"Batch 1 - metadata descriptors. Current mode routing method: standardizer. This value comes from Isolation_Source_SD in the QA aggregate, not directly from the raw metadata field; inspect contributing raw variants before deciding."
Ventilator_P6_BU5,1,Ventilator_P6_BU5,,raw_code_or_artifact,route_to_non_source_descriptor,suppressed/non_source_descriptor,,,needs_review,Descriptor-like signal; verify raw variants before adding a suppression rule.,unreviewed,,,,"Batch 1 - metadata descriptors. Current mode routing method: standardizer. This value comes from Isolation_Source_SD in the QA aggregate, not directly from the raw metadata field; inspect contributing raw variants before deciding."
Ventilator_P77_BU25,1,Ventilator_P77_BU25,,raw_code_or_artifact,route_to_non_source_descriptor,suppressed/non_source_descriptor,,,needs_review,Descriptor-like signal; verify raw variants before adding a suppression rule.,unreviewed,,,,"Batch 1 - metadata descriptors. Current mode routing method: standardizer. This value comes from Isolation_Source_SD in the QA aggregate, not directly from the raw metadata field; inspect contributing raw variants before deciding."
Ventilator_P7_BU6,1,Ventilator_P7_BU6,,raw_code_or_artifact,route_to_non_source_descriptor,suppressed/non_source_descriptor,,,needs_review,Descriptor-like signal; verify raw variants before adding a suppression rule.,unreviewed,,,,"Batch 1 - metadata descriptors. Current mode routing method: standardizer. This value comes from Isolation_Source_SD in the QA aggregate, not directly from the raw metadata field; inspect contributing raw variants before deciding."
Ventilator_P8_BU9,1,Ventilator_P8_BU9,,raw_code_or_artifact,route_to_non_source_descriptor,suppressed/non_source_descriptor,,,needs_review,Descriptor-like signal; verify raw variants before adding a suppression rule.,unreviewed,,,,"Batch 1 - metadata descriptors. Current mode routing method: standardizer. This value comes from Isolation_Source_SD in the QA aggregate, not directly from the raw metadata field; inspect contributing raw variants before deciding."
Ventilator_P97_BU24,1,Ventilator_P97_BU24,,raw_code_or_artifact,route_to_non_source_descriptor,suppressed/non_source_descriptor,,,needs_review,Descriptor-like signal; verify raw variants before adding a suppression rule.,unreviewed,,,,"Batch 1 - metadata descriptors. Current mode routing method: standardizer. This value comes from Isolation_Source_SD in the QA aggregate, not directly from the raw metadata field; inspect contributing raw variants before deciding."
vitamin chewable tablet for dog,1,vitamin chewable tablet for dog,,host_taxon_or_context,route_to_host_context,Host_Context_SD / host-associated context,,,needs_review,Host-only signal requires raw context before source or host routing.,unreviewed,,,,"Batch 6 - host context. Current mode routing method: standardizer. This value comes from Isolation_Source_SD in the QA aggregate, not directly from the raw metadata field; inspect contributing raw variants before deciding."
Vocal Cord Tissue,1,Vocal Cord Tissue,tissue,sample_type,route_to_sample_type,Sample_Type_SD,,,needs_review,Sample-material signal; preserve source context only when independently supported.,unreviewed,,,,"Batch 2 - sample materials. Current mode routing method: standardizer. This value comes from Isolation_Source_SD in the QA aggregate, not directly from the raw metadata field; inspect contributing raw variants before deciding."
Vulture faeces,1,Vulture faeces,,sample_type,route_to_sample_type,Sample_Type_SD,,,needs_review,Sample-material signal; preserve source context only when independently supported.,unreviewed,,,,"Batch 2 - sample materials. Current mode routing method: standardizer. This value comes from Isolation_Source_SD in the QA aggregate, not directly from the raw metadata field; inspect contributing raw variants before deciding."
"ward, keyboard mouse stand",1,"ward, keyboard mouse stand",,host_taxon_or_context,route_to_host_context,Host_Context_SD / host-associated context,,,needs_review,Host-only signal requires raw context before source or host routing.,unreviewed,,,,"Batch 6 - host context. Current mode routing method: standardizer. This value comes from Isolation_Source_SD in the QA aggregate, not directly from the raw metadata field; inspect contributing raw variants before deciding."
wash from infected hand,1,wash from infected hand,,disease,route_to_disease_or_health_state,Host_Disease_SD / Host_Health_State_SD,,,needs_review,Disease or health-state signal; preserve independent material and site evidence.,unreviewed,,,,"Batch 7 - disease and health state. Current mode routing method: standardizer. This value comes from Isolation_Source_SD in the QA aggregate, not directly from the raw metadata field; inspect contributing raw variants before deciding."
WBD-infected periwinkle,1,WBD-infected periwinkle,,disease,route_to_disease_or_health_state,Host_Disease_SD / Host_Health_State_SD,,,needs_review,Disease or health-state signal; preserve independent material and site evidence.,unreviewed,,,,"Batch 7 - disease and health state. Current mode routing method: standardizer. This value comes from Isolation_Source_SD in the QA aggregate, not directly from the raw metadata field; inspect contributing raw variants before deciding."
Weanling pig,1,Weanling pig,host-associated context,host_taxon_or_context,route_to_host_context,Host_Context_SD / host-associated context,,,needs_review,Host-only signal requires raw context before source or host routing.,unreviewed,,,,"Batch 6 - host context. Current mode routing method: standardizer. This value comes from Isolation_Source_SD in the QA aggregate, not directly from the raw metadata field; inspect contributing raw variants before deciding."
white adipose tissue,1,white adipose tissue,tissue,sample_type,route_to_sample_type,Sample_Type_SD,,,needs_review,Sample-material signal; preserve source context only when independently supported.,unreviewed,,,,"Batch 2 - sample materials. Current mode routing method: standardizer. This value comes from Isolation_Source_SD in the QA aggregate, not directly from the raw metadata field; inspect contributing raw variants before deciding."
whole tissue,1,whole tissue,tissue,sample_type,route_to_sample_type,Sample_Type_SD,,,needs_review,Sample-material signal; preserve source context only when independently supported.,unreviewed,,,,"Batch 2 - sample materials. Current mode routing method: standardizer. This value comes from Isolation_Source_SD in the QA aggregate, not directly from the raw metadata field; inspect contributing raw variants before deciding."
WILD CAT,1,WILD CAT,,host_taxon_or_context,route_to_host_context,Host_Context_SD / host-associated context,,,needs_review,Host-only signal requires raw context before source or host routing.,unreviewed,,,,"Batch 6 - host context. Current mode routing method: standardizer. This value comes from Isolation_Source_SD in the QA aggregate, not directly from the raw metadata field; inspect contributing raw variants before deciding."
WKM10_lymphocytes,1,WKM10_lymphocytes,,raw_code_or_artifact,route_to_non_source_descriptor,suppressed/non_source_descriptor,,,needs_review,Descriptor-like signal; verify raw variants before adding a suppression rule.,unreviewed,,,,"Batch 1 - metadata descriptors. Current mode routing method: standardizer. This value comes from Isolation_Source_SD in the QA aggregate, not directly from the raw metadata field; inspect contributing raw variants before deciding."
WKM3_eosinophils,1,WKM3_eosinophils,,raw_code_or_artifact,route_to_non_source_descriptor,suppressed/non_source_descriptor,,,needs_review,Descriptor-like signal; verify raw variants before adding a suppression rule.,unreviewed,,,,"Batch 1 - metadata descriptors. Current mode routing method: standardizer. This value comes from Isolation_Source_SD in the QA aggregate, not directly from the raw metadata field; inspect contributing raw variants before deciding."
WKM4_eosinophils,1,WKM4_eosinophils,,raw_code_or_artifact,route_to_non_source_descriptor,suppressed/non_source_descriptor,,,needs_review,Descriptor-like signal; verify raw variants before adding a suppression rule.,unreviewed,,,,"Batch 1 - metadata descriptors. Current mode routing method: standardizer. This value comes from Isolation_Source_SD in the QA aggregate, not directly from the raw metadata field; inspect contributing raw variants before deciding."
WKM5_unenriched,1,WKM5_unenriched,,raw_code_or_artifact,route_to_non_source_descriptor,suppressed/non_source_descriptor,,,needs_review,Descriptor-like signal; verify raw variants before adding a suppression rule.,unreviewed,,,,"Batch 1 - metadata descriptors. Current mode routing method: standardizer. This value comes from Isolation_Source_SD in the QA aggregate, not directly from the raw metadata field; inspect contributing raw variants before deciding."
WKM6_lymphocytes,1,WKM6_lymphocytes,,raw_code_or_artifact,route_to_non_source_descriptor,suppressed/non_source_descriptor,,,needs_review,Descriptor-like signal; verify raw variants before adding a suppression rule.,unreviewed,,,,"Batch 1 - metadata descriptors. Current mode routing method: standardizer. This value comes from Isolation_Source_SD in the QA aggregate, not directly from the raw metadata field; inspect contributing raw variants before deciding."
WKM7_monocytes,1,WKM7_monocytes,,raw_code_or_artifact,route_to_non_source_descriptor,suppressed/non_source_descriptor,,,needs_review,Descriptor-like signal; verify raw variants before adding a suppression rule.,unreviewed,,,,"Batch 1 - metadata descriptors. Current mode routing method: standardizer. This value comes from Isolation_Source_SD in the QA aggregate, not directly from the raw metadata field; inspect contributing raw variants before deciding."
WKM7_unenriched,1,WKM7_unenriched,,raw_code_or_artifact,route_to_non_source_descriptor,suppressed/non_source_descriptor,,,needs_review,Descriptor-like signal; verify raw variants before adding a suppression rule.,unreviewed,,,,"Batch 1 - metadata descriptors. Current mode routing method: standardizer. This value comes from Isolation_Source_SD in the QA aggregate, not directly from the raw metadata field; inspect contributing raw variants before deciding."
WKM9_eosinophils,1,WKM9_eosinophils,,raw_code_or_artifact,route_to_non_source_descriptor,suppressed/non_source_descriptor,,,needs_review,Descriptor-like signal; verify raw variants before adding a suppression rule.,unreviewed,,,,"Batch 1 - metadata descriptors. Current mode routing method: standardizer. This value comes from Isolation_Source_SD in the QA aggregate, not directly from the raw metadata field; inspect contributing raw variants before deciding."
WKM9_monocytes,1,WKM9_monocytes,,raw_code_or_artifact,route_to_non_source_descriptor,suppressed/non_source_descriptor,,,needs_review,Descriptor-like signal; verify raw variants before adding a suppression rule.,unreviewed,,,,"Batch 1 - metadata descriptors. Current mode routing method: standardizer. This value comes from Isolation_Source_SD in the QA aggregate, not directly from the raw metadata field; inspect contributing raw variants before deciding."
WKM9_unenriched,1,WKM9_unenriched,,raw_code_or_artifact,route_to_non_source_descriptor,suppressed/non_source_descriptor,,,needs_review,Descriptor-like signal; verify raw variants before adding a suppression rule.,unreviewed,,,,"Batch 1 - metadata descriptors. Current mode routing method: standardizer. This value comes from Isolation_Source_SD in the QA aggregate, not directly from the raw metadata field; inspect contributing raw variants before deciding."
WKsample159,1,WKsample159,,raw_code_or_artifact,route_to_non_source_descriptor,suppressed/non_source_descriptor,,,needs_review,Descriptor-like signal; verify raw variants before adding a suppression rule.,unreviewed,,,,"Batch 1 - metadata descriptors. Current mode routing method: standardizer. This value comes from Isolation_Source_SD in the QA aggregate, not directly from the raw metadata field; inspect contributing raw variants before deciding."
WKsample214,1,WKsample214,,raw_code_or_artifact,route_to_non_source_descriptor,suppressed/non_source_descriptor,,,needs_review,Descriptor-like signal; verify raw variants before adding a suppression rule.,unreviewed,,,,"Batch 1 - metadata descriptors. Current mode routing method: standardizer. This value comes from Isolation_Source_SD in the QA aggregate, not directly from the raw metadata field; inspect contributing raw variants before deciding."
wound,1,wound,clinical/host-associated material,body_site,route_to_isolation_site,Isolation_Site_SD,,,needs_review,Anatomical-site signal; split material and site when both are present.,unreviewed,,,,"Batch 3 - anatomical sites. Current mode routing method: context_dictionary. This value comes from Isolation_Source_SD in the QA aggregate, not directly from the raw metadata field; inspect contributing raw variants before deciding."
WPC-80,1,WPC-80,,raw_code_or_artifact,route_to_non_source_descriptor,suppressed/non_source_descriptor,,,needs_review,Descriptor-like signal; verify raw variants before adding a suppression rule.,unreviewed,,,,"Batch 1 - metadata descriptors. Current mode routing method: standardizer. This value comes from Isolation_Source_SD in the QA aggregate, not directly from the raw metadata field; inspect contributing raw variants before deciding."
"WPCP 1 2329 Danielsville-Colbert Rd, past the Madison/Oglethorpe Animal Shelter",1,"WPCP 1 2329 Danielsville-Colbert Rd, past the Madison/Oglethorpe Animal Shelter",,host_taxon_or_context,route_to_host_context,Host_Context_SD / host-associated context,,,needs_review,Host-only signal requires raw context before source or host routing.,unreviewed,,,,"Batch 6 - host context. Current mode routing method: standardizer. This value comes from Isolation_Source_SD in the QA aggregate, not directly from the raw metadata field; inspect contributing raw variants before deciding."
Wrist Tissue,1,Wrist Tissue,tissue,sample_type,route_to_sample_type,Sample_Type_SD,,,needs_review,Sample-material signal; preserve source context only when independently supported.,unreviewed,,,,"Batch 2 - sample materials. Current mode routing method: standardizer. This value comes from Isolation_Source_SD in the QA aggregate, not directly from the raw metadata field; inspect contributing raw variants before deciding."
WT-H3K122ac-1,1,WT-H3K122ac-1,,raw_code_or_artifact,route_to_non_source_descriptor,suppressed/non_source_descriptor,,,needs_review,Descriptor-like signal; verify raw variants before adding a suppression rule.,unreviewed,,,,"Batch 1 - metadata descriptors. Current mode routing method: standardizer. This value comes from Isolation_Source_SD in the QA aggregate, not directly from the raw metadata field; inspect contributing raw variants before deciding."
WT-H3K18ac-2,1,WT-H3K18ac-2,,raw_code_or_artifact,route_to_non_source_descriptor,suppressed/non_source_descriptor,,,needs_review,Descriptor-like signal; verify raw variants before adding a suppression rule.,unreviewed,,,,"Batch 1 - metadata descriptors. Current mode routing method: standardizer. This value comes from Isolation_Source_SD in the QA aggregate, not directly from the raw metadata field; inspect contributing raw variants before deciding."
WT-H3K27me3-2,1,WT-H3K27me3-2,,raw_code_or_artifact,route_to_non_source_descriptor,suppressed/non_source_descriptor,,,needs_review,Descriptor-like signal; verify raw variants before adding a suppression rule.,unreviewed,,,,"Batch 1 - metadata descriptors. Current mode routing method: standardizer. This value comes from Isolation_Source_SD in the QA aggregate, not directly from the raw metadata field; inspect contributing raw variants before deciding."
WT-H4K8ac-1,1,WT-H4K8ac-1,,raw_code_or_artifact,route_to_non_source_descriptor,suppressed/non_source_descriptor,,,needs_review,Descriptor-like signal; verify raw variants before adding a suppression rule.,unreviewed,,,,"Batch 1 - metadata descriptors. Current mode routing method: standardizer. This value comes from Isolation_Source_SD in the QA aggregate, not directly from the raw metadata field; inspect contributing raw variants before deciding."
WT-H4K8ac-2,1,WT-H4K8ac-2,,raw_code_or_artifact,route_to_non_source_descriptor,suppressed/non_source_descriptor,,,needs_review,Descriptor-like signal; verify raw variants before adding a suppression rule.,unreviewed,,,,"Batch 1 - metadata descriptors. Current mode routing method: standardizer. This value comes from Isolation_Source_SD in the QA aggregate, not directly from the raw metadata field; inspect contributing raw variants before deciding."
WT_RNA-seq_Zt6,1,WT_RNA-seq_Zt6,,raw_code_or_artifact,route_to_non_source_descriptor,suppressed/non_source_descriptor,,,needs_review,Descriptor-like signal; verify raw variants before adding a suppression rule.,unreviewed,,,,"Batch 1 - metadata descriptors. Current mode routing method: standardizer. This value comes from Isolation_Source_SD in the QA aggregate, not directly from the raw metadata field; inspect contributing raw variants before deciding."
WW9.4_16S_Mantle Tissue,1,WW9.4_16S_Mantle Tissue,tissue,sample_type,route_to_sample_type,Sample_Type_SD,,,needs_review,Sample-material signal; preserve source context only when independently supported.,unreviewed,,,,"Batch 2 - sample materials. Current mode routing method: standardizer. This value comes from Isolation_Source_SD in the QA aggregate, not directly from the raw metadata field; inspect contributing raw variants before deciding."
WW9.5_hsp60_Digestive Tissue,1,WW9.5_hsp60_Digestive Tissue,tissue,sample_type,route_to_sample_type,Sample_Type_SD,,,needs_review,Sample-material signal; preserve source context only when independently supported.,unreviewed,,,,"Batch 2 - sample materials. Current mode routing method: standardizer. This value comes from Isolation_Source_SD in the QA aggregate, not directly from the raw metadata field; inspect contributing raw variants before deciding."
xylem tissue branch,1,xylem tissue branch,tissue,sample_type,route_to_sample_type,Sample_Type_SD,,,needs_review,Sample-material signal; preserve source context only when independently supported.,unreviewed,,,,"Batch 2 - sample materials. Current mode routing method: standardizer. This value comes from Isolation_Source_SD in the QA aggregate, not directly from the raw metadata field; inspect contributing raw variants before deciding."
Yak10,1,Yak10,,raw_code_or_artifact,route_to_non_source_descriptor,suppressed/non_source_descriptor,,,needs_review,Descriptor-like signal; verify raw variants before adding a suppression rule.,unreviewed,,,,"Batch 1 - metadata descriptors. Current mode routing method: standardizer. This value comes from Isolation_Source_SD in the QA aggregate, not directly from the raw metadata field; inspect contributing raw variants before deciding."
Yak18,1,Yak18,,raw_code_or_artifact,route_to_non_source_descriptor,suppressed/non_source_descriptor,,,needs_review,Descriptor-like signal; verify raw variants before adding a suppression rule.,unreviewed,,,,"Batch 1 - metadata descriptors. Current mode routing method: standardizer. This value comes from Isolation_Source_SD in the QA aggregate, not directly from the raw metadata field; inspect contributing raw variants before deciding."
Yak31,1,Yak31,,raw_code_or_artifact,route_to_non_source_descriptor,suppressed/non_source_descriptor,,,needs_review,Descriptor-like signal; verify raw variants before adding a suppression rule.,unreviewed,,,,"Batch 1 - metadata descriptors. Current mode routing method: standardizer. This value comes from Isolation_Source_SD in the QA aggregate, not directly from the raw metadata field; inspect contributing raw variants before deciding."
Yak34,1,Yak34,,raw_code_or_artifact,route_to_non_source_descriptor,suppressed/non_source_descriptor,,,needs_review,Descriptor-like signal; verify raw variants before adding a suppression rule.,unreviewed,,,,"Batch 1 - metadata descriptors. Current mode routing method: standardizer. This value comes from Isolation_Source_SD in the QA aggregate, not directly from the raw metadata field; inspect contributing raw variants before deciding."
YG48,1,YG48,,raw_code_or_artifact,route_to_non_source_descriptor,suppressed/non_source_descriptor,,,needs_review,Descriptor-like signal; verify raw variants before adding a suppression rule.,unreviewed,,,,"Batch 1 - metadata descriptors. Current mode routing method: standardizer. This value comes from Isolation_Source_SD in the QA aggregate, not directly from the raw metadata field; inspect contributing raw variants before deciding."
Young adult whole animal,1,Young adult whole animal,,host_taxon_or_context,route_to_host_context,Host_Context_SD / host-associated context,,,needs_review,Host-only signal requires raw context before source or host routing.,unreviewed,,,,"Batch 6 - host context. Current mode routing method: standardizer. This value comes from Isolation_Source_SD in the QA aggregate, not directly from the raw metadata field; inspect contributing raw variants before deciding."
zoo animal,1,zoo animal,,host_taxon_or_context,route_to_host_context,Host_Context_SD / host-associated context,,,needs_review,Host-only signal requires raw context before source or host routing.,unreviewed,,,,"Batch 6 - host context. Current mode routing method: standardizer. This value comes from Isolation_Source_SD in the QA aggregate, not directly from the raw metadata field; inspect contributing raw variants before deciding."
Zoo Ostrava (mixed sample),1,Zoo Ostrava (mixed sample),,sample_type|metadata_descriptor,route_to_non_source_descriptor,suppressed/non_source_descriptor,,,needs_review,Descriptor-like signal; verify raw variants before adding a suppression rule.,unreviewed,,,,"Batch 1 - metadata descriptors. Current mode routing method: standardizer. This value comes from Isolation_Source_SD in the QA aggregate, not directly from the raw metadata field; inspect contributing raw variants before deciding."
