assembly_accession	biosample	organism	rule_id	field	previous_value	is_primary
GCA_001053095.1	SAMEA859916	Yersinia similis	SC1-HHS-DISEASED-PATIENT-HEALTH	Host_Health_State_SD	diseased/patient	true
GCA_001053095.1	SAMEA859916	Yersinia similis	SC1-HHS-DISEASED-PATIENT-HEALTH	Host_Health_State_SD_Detail	diseased/patient	false
GCA_001053095.1	SAMEA859916	Yersinia similis	SC1-HHS-DISEASED-PATIENT-HEALTH	Host_Health_State_SD_Method	dictionary	false
GCA_001089645.1	SAMEA859870	Yersinia frederiksenii	SC1-HHS-DISEASED-PATIENT-HEALTH	Host_Health_State_SD	diseased/patient	true
GCA_001089645.1	SAMEA859870	Yersinia frederiksenii	SC1-HHS-DISEASED-PATIENT-HEALTH	Host_Health_State_SD_Detail	diseased/patient	false
GCA_001089645.1	SAMEA859870	Yersinia frederiksenii	SC1-HHS-DISEASED-PATIENT-HEALTH	Host_Health_State_SD_Method	dictionary	false
GCA_001104045.1	SAMEA859877	Yersinia pseudotuberculosis	SC1-HHS-DISEASED-PATIENT-HEALTH	Host_Health_State_SD	diseased/patient	true
GCA_001104045.1	SAMEA859877	Yersinia pseudotuberculosis	SC1-HHS-DISEASED-PATIENT-HEALTH	Host_Health_State_SD_Detail	diseased/patient	false
GCA_001104045.1	SAMEA859877	Yersinia pseudotuberculosis	SC1-HHS-DISEASED-PATIENT-HEALTH	Host_Health_State_SD_Method	dictionary	false
GCA_001125265.1	SAMEA859893	Yersinia pseudotuberculosis	SC1-HHS-DISEASED-PATIENT-HEALTH	Host_Health_State_SD	diseased/patient	true
GCA_001125265.1	SAMEA859893	Yersinia pseudotuberculosis	SC1-HHS-DISEASED-PATIENT-HEALTH	Host_Health_State_SD_Detail	diseased/patient	false
GCA_001125265.1	SAMEA859893	Yersinia pseudotuberculosis	SC1-HHS-DISEASED-PATIENT-HEALTH	Host_Health_State_SD_Method	dictionary	false
GCA_001136465.1	SAMEA859914	Yersinia similis	SC1-HHS-DISEASED-PATIENT-HEALTH	Host_Health_State_SD	diseased/patient	true
GCA_001136465.1	SAMEA859914	Yersinia similis	SC1-HHS-DISEASED-PATIENT-HEALTH	Host_Health_State_SD_Detail	diseased/patient	false
GCA_001136465.1	SAMEA859914	Yersinia similis	SC1-HHS-DISEASED-PATIENT-HEALTH	Host_Health_State_SD_Method	dictionary	false
GCA_001142745.1	SAMEA859868	Yersinia frederiksenii	SC1-HHS-DISEASED-PATIENT-HEALTH	Host_Health_State_SD	diseased/patient	true
GCA_001142745.1	SAMEA859868	Yersinia frederiksenii	SC1-HHS-DISEASED-PATIENT-HEALTH	Host_Health_State_SD_Detail	diseased/patient	false
GCA_001142745.1	SAMEA859868	Yersinia frederiksenii	SC1-HHS-DISEASED-PATIENT-HEALTH	Host_Health_State_SD_Method	dictionary	false
GCA_001144805.1	SAMEA859932	Yersinia kristensenii	SC1-HHS-DISEASED-PATIENT-HEALTH	Host_Health_State_SD	diseased/patient	true
GCA_001144805.1	SAMEA859932	Yersinia kristensenii	SC1-HHS-DISEASED-PATIENT-HEALTH	Host_Health_State_SD_Detail	diseased/patient	false
GCA_001144805.1	SAMEA859932	Yersinia kristensenii	SC1-HHS-DISEASED-PATIENT-HEALTH	Host_Health_State_SD_Method	dictionary	false
GCA_001149645.1	SAMEA859879	Yersinia mollaretii	SC1-HHS-DISEASED-PATIENT-HEALTH	Host_Health_State_SD	diseased/patient	true
GCA_001149645.1	SAMEA859879	Yersinia mollaretii	SC1-HHS-DISEASED-PATIENT-HEALTH	Host_Health_State_SD_Detail	diseased/patient	false
GCA_001149645.1	SAMEA859879	Yersinia mollaretii	SC1-HHS-DISEASED-PATIENT-HEALTH	Host_Health_State_SD_Method	dictionary	false
GCA_001150985.1	SAMEA859917	Yersinia pseudotuberculosis	SC1-HHS-DISEASED-PATIENT-HEALTH	Host_Health_State_SD	diseased/patient	true
GCA_001150985.1	SAMEA859917	Yersinia pseudotuberculosis	SC1-HHS-DISEASED-PATIENT-HEALTH	Host_Health_State_SD_Detail	diseased/patient	false
GCA_001150985.1	SAMEA859917	Yersinia pseudotuberculosis	SC1-HHS-DISEASED-PATIENT-HEALTH	Host_Health_State_SD_Method	dictionary	false
GCA_001151185.1	SAMEA859881	Yersinia frederiksenii	SC1-HHS-DISEASED-PATIENT-HEALTH	Host_Health_State_SD	diseased/patient	true
GCA_001151185.1	SAMEA859881	Yersinia frederiksenii	SC1-HHS-DISEASED-PATIENT-HEALTH	Host_Health_State_SD_Detail	diseased/patient	false
GCA_001151185.1	SAMEA859881	Yersinia frederiksenii	SC1-HHS-DISEASED-PATIENT-HEALTH	Host_Health_State_SD_Method	dictionary	false
GCA_001152185.1	SAMEA859904	Yersinia rohdei	SC1-HHS-DISEASED-PATIENT-HEALTH	Host_Health_State_SD	diseased/patient	true
GCA_001152185.1	SAMEA859904	Yersinia rohdei	SC1-HHS-DISEASED-PATIENT-HEALTH	Host_Health_State_SD_Detail	diseased/patient	false
GCA_001152185.1	SAMEA859904	Yersinia rohdei	SC1-HHS-DISEASED-PATIENT-HEALTH	Host_Health_State_SD_Method	dictionary	false
GCA_001166625.1	SAMEA859871	Yersinia intermedia	SC1-HHS-DISEASED-PATIENT-HEALTH	Host_Health_State_SD	diseased/patient	true
GCA_001166625.1	SAMEA859871	Yersinia intermedia	SC1-HHS-DISEASED-PATIENT-HEALTH	Host_Health_State_SD_Detail	diseased/patient	false
GCA_001166625.1	SAMEA859871	Yersinia intermedia	SC1-HHS-DISEASED-PATIENT-HEALTH	Host_Health_State_SD_Method	dictionary	false
GCA_001167085.1	SAMEA859880	Yersinia intermedia	SC1-HHS-DISEASED-PATIENT-HEALTH	Host_Health_State_SD	diseased/patient	true
GCA_001167085.1	SAMEA859880	Yersinia intermedia	SC1-HHS-DISEASED-PATIENT-HEALTH	Host_Health_State_SD_Detail	diseased/patient	false
GCA_001167085.1	SAMEA859880	Yersinia intermedia	SC1-HHS-DISEASED-PATIENT-HEALTH	Host_Health_State_SD_Method	dictionary	false
GCA_001244605.1	SAMEA859918	Yersinia kristensenii	SC1-HHS-DISEASED-PATIENT-HEALTH	Host_Health_State_SD	diseased/patient	true
GCA_001244605.1	SAMEA859918	Yersinia kristensenii	SC1-HHS-DISEASED-PATIENT-HEALTH	Host_Health_State_SD_Detail	diseased/patient	false
GCA_001244605.1	SAMEA859918	Yersinia kristensenii	SC1-HHS-DISEASED-PATIENT-HEALTH	Host_Health_State_SD_Method	dictionary	false
GCA_001319525.1	SAMEA859853	Yersinia frederiksenii	SC1-HHS-DISEASED-PATIENT-HEALTH	Host_Health_State_SD	diseased/patient	true
GCA_001319525.1	SAMEA859853	Yersinia frederiksenii	SC1-HHS-DISEASED-PATIENT-HEALTH	Host_Health_State_SD_Detail	diseased/patient	false
GCA_001319525.1	SAMEA859853	Yersinia frederiksenii	SC1-HHS-DISEASED-PATIENT-HEALTH	Host_Health_State_SD_Method	dictionary	false
GCA_001319745.1	SAMEA859915	Yersinia similis	SC1-HHS-DISEASED-PATIENT-HEALTH	Host_Health_State_SD	diseased/patient	true
GCA_001319745.1	SAMEA859915	Yersinia similis	SC1-HHS-DISEASED-PATIENT-HEALTH	Host_Health_State_SD_Detail	diseased/patient	false
GCA_001319745.1	SAMEA859915	Yersinia similis	SC1-HHS-DISEASED-PATIENT-HEALTH	Host_Health_State_SD_Method	dictionary	false
GCA_001319885.1	SAMEA859934	Yersinia pseudotuberculosis	SC1-HHS-DISEASED-PATIENT-HEALTH	Host_Health_State_SD	diseased/patient	true
GCA_001319885.1	SAMEA859934	Yersinia pseudotuberculosis	SC1-HHS-DISEASED-PATIENT-HEALTH	Host_Health_State_SD_Detail	diseased/patient	false
GCA_001319885.1	SAMEA859934	Yersinia pseudotuberculosis	SC1-HHS-DISEASED-PATIENT-HEALTH	Host_Health_State_SD_Method	dictionary	false
GCA_001643135.1	SAMN04489739	Sphingobium yanoikuyae	SC1-HHS-HEALTHY-CONTROL-HEALTH	Host_Health_State_SD	healthy/control	true
GCA_001643135.1	SAMN04489739	Sphingobium yanoikuyae	SC1-HHS-HEALTHY-CONTROL-HEALTH	Host_Health_State_SD_Detail	healthy/control	false
GCA_001643135.1	SAMN04489739	Sphingobium yanoikuyae	SC1-HHS-HEALTHY-CONTROL-HEALTH	Host_Health_State_SD_Method	context_dictionary	false
GCA_001877015.1	SAMN05948859	Glaesserella parasuis	SC1-HHS-DISEASED-PATIENT-HEALTH	Host_Health_State_SD	diseased/patient	true
GCA_001877015.1	SAMN05948859	Glaesserella parasuis	SC1-HHS-DISEASED-PATIENT-HEALTH	Host_Health_State_SD_Detail	diseased/patient	false
GCA_001877015.1	SAMN05948859	Glaesserella parasuis	SC1-HHS-DISEASED-PATIENT-HEALTH	Host_Health_State_SD_Method	context_dictionary	false
GCA_002075615.1	SAMN06124517	Cronobacter sakazakii	SC1-HHS-HEALTHY-CONTROL-HEALTH	Host_Health_State_SD	healthy/control	true
GCA_002075615.1	SAMN06124517	Cronobacter sakazakii	SC1-HHS-HEALTHY-CONTROL-HEALTH	Host_Health_State_SD_Detail	healthy/control	false
GCA_002075615.1	SAMN06124517	Cronobacter sakazakii	SC1-HHS-HEALTHY-CONTROL-HEALTH	Host_Health_State_SD_Method	context_dictionary	false
GCA_002075655.1	SAMN06124516	Cronobacter sakazakii	SC1-HHS-HEALTHY-CONTROL-HEALTH	Host_Health_State_SD	healthy/control	true
GCA_002075655.1	SAMN06124516	Cronobacter sakazakii	SC1-HHS-HEALTHY-CONTROL-HEALTH	Host_Health_State_SD_Detail	healthy/control	false
GCA_002075655.1	SAMN06124516	Cronobacter sakazakii	SC1-HHS-HEALTHY-CONTROL-HEALTH	Host_Health_State_SD_Method	context_dictionary	false
GCA_002075695.1	SAMN06124499	Cronobacter sakazakii	SC1-HHS-HEALTHY-CONTROL-HEALTH	Host_Health_State_SD	healthy/control	true
GCA_002075695.1	SAMN06124499	Cronobacter sakazakii	SC1-HHS-HEALTHY-CONTROL-HEALTH	Host_Health_State_SD_Detail	healthy/control	false
GCA_002075695.1	SAMN06124499	Cronobacter sakazakii	SC1-HHS-HEALTHY-CONTROL-HEALTH	Host_Health_State_SD_Method	context_dictionary	false
GCA_002208725.2	SAMN06173319	Prevotella melaninogenica	SC1-HHS-HEALTHY-CONTROL-HEALTH	Host_Health_State_SD	healthy/control	true
GCA_002208725.2	SAMN06173319	Prevotella melaninogenica	SC1-HHS-HEALTHY-CONTROL-HEALTH	Host_Health_State_SD_Detail	healthy/control	false
GCA_002208725.2	SAMN06173319	Prevotella melaninogenica	SC1-HHS-HEALTHY-CONTROL-HEALTH	Host_Health_State_SD_Method	context_dictionary	false
GCA_002285635.2	SAMN07488153	Chryseobacterium piperi	SC1-HHS-HEALTHY-CONTROL-HEALTH	Host_Health_State_SD	healthy/control	true
GCA_002285635.2	SAMN07488153	Chryseobacterium piperi	SC1-HHS-HEALTHY-CONTROL-HEALTH	Host_Health_State_SD_Detail	healthy/control	false
GCA_002285635.2	SAMN07488153	Chryseobacterium piperi	SC1-HHS-HEALTHY-CONTROL-HEALTH	Host_Health_State_SD_Method	context_dictionary	false
GCA_003058585.1	SAMN08381300	Helicobacter pylori	SC1-HHS-HEALTHY-CONTROL-HEALTH	Host_Health_State_SD	healthy/control	true
GCA_003058585.1	SAMN08381300	Helicobacter pylori	SC1-HHS-HEALTHY-CONTROL-HEALTH	Host_Health_State_SD_Detail	healthy/control	false
GCA_003058585.1	SAMN08381300	Helicobacter pylori	SC1-HHS-HEALTHY-CONTROL-HEALTH	Host_Health_State_SD_Method	dictionary	false
GCA_003058595.1	SAMN08381307	Helicobacter pylori	SC1-HHS-HEALTHY-CONTROL-HEALTH	Host_Health_State_SD	healthy/control	true
GCA_003058595.1	SAMN08381307	Helicobacter pylori	SC1-HHS-HEALTHY-CONTROL-HEALTH	Host_Health_State_SD_Detail	healthy/control	false
GCA_003058595.1	SAMN08381307	Helicobacter pylori	SC1-HHS-HEALTHY-CONTROL-HEALTH	Host_Health_State_SD_Method	dictionary	false
GCA_003058625.1	SAMN08381299	Helicobacter pylori	SC1-HHS-HEALTHY-CONTROL-HEALTH	Host_Health_State_SD	healthy/control	true
GCA_003058625.1	SAMN08381299	Helicobacter pylori	SC1-HHS-HEALTHY-CONTROL-HEALTH	Host_Health_State_SD_Detail	healthy/control	false
GCA_003058625.1	SAMN08381299	Helicobacter pylori	SC1-HHS-HEALTHY-CONTROL-HEALTH	Host_Health_State_SD_Method	dictionary	false
GCA_003058635.1	SAMN08381301	Helicobacter pylori	SC1-HHS-HEALTHY-CONTROL-HEALTH	Host_Health_State_SD	healthy/control	true
GCA_003058635.1	SAMN08381301	Helicobacter pylori	SC1-HHS-HEALTHY-CONTROL-HEALTH	Host_Health_State_SD_Detail	healthy/control	false
GCA_003058635.1	SAMN08381301	Helicobacter pylori	SC1-HHS-HEALTHY-CONTROL-HEALTH	Host_Health_State_SD_Method	dictionary	false
GCA_003058655.1	SAMN08381297	Helicobacter pylori	SC1-HHS-HEALTHY-CONTROL-HEALTH	Host_Health_State_SD	healthy/control	true
GCA_003058655.1	SAMN08381297	Helicobacter pylori	SC1-HHS-HEALTHY-CONTROL-HEALTH	Host_Health_State_SD_Detail	healthy/control	false
GCA_003058655.1	SAMN08381297	Helicobacter pylori	SC1-HHS-HEALTHY-CONTROL-HEALTH	Host_Health_State_SD_Method	dictionary	false
GCA_003058685.1	SAMN08381295	Helicobacter pylori	SC1-HHS-HEALTHY-CONTROL-HEALTH	Host_Health_State_SD	healthy/control	true
GCA_003058685.1	SAMN08381295	Helicobacter pylori	SC1-HHS-HEALTHY-CONTROL-HEALTH	Host_Health_State_SD_Detail	healthy/control	false
GCA_003058685.1	SAMN08381295	Helicobacter pylori	SC1-HHS-HEALTHY-CONTROL-HEALTH	Host_Health_State_SD_Method	dictionary	false
GCA_003058715.1	SAMN08381294	Helicobacter pylori	SC1-HHS-HEALTHY-CONTROL-HEALTH	Host_Health_State_SD	healthy/control	true
GCA_003058715.1	SAMN08381294	Helicobacter pylori	SC1-HHS-HEALTHY-CONTROL-HEALTH	Host_Health_State_SD_Detail	healthy/control	false
GCA_003058715.1	SAMN08381294	Helicobacter pylori	SC1-HHS-HEALTHY-CONTROL-HEALTH	Host_Health_State_SD_Method	dictionary	false
GCA_003058865.1	SAMN08381244	Helicobacter pylori	SC1-HHS-HEALTHY-CONTROL-HEALTH	Host_Health_State_SD	healthy/control	true
GCA_003058865.1	SAMN08381244	Helicobacter pylori	SC1-HHS-HEALTHY-CONTROL-HEALTH	Host_Health_State_SD_Detail	healthy/control	false
GCA_003058865.1	SAMN08381244	Helicobacter pylori	SC1-HHS-HEALTHY-CONTROL-HEALTH	Host_Health_State_SD_Method	dictionary	false
GCA_003058885.1	SAMN08381242	Helicobacter pylori	SC1-HHS-HEALTHY-CONTROL-HEALTH	Host_Health_State_SD	healthy/control	true
GCA_003058885.1	SAMN08381242	Helicobacter pylori	SC1-HHS-HEALTHY-CONTROL-HEALTH	Host_Health_State_SD_Detail	healthy/control	false
GCA_003058885.1	SAMN08381242	Helicobacter pylori	SC1-HHS-HEALTHY-CONTROL-HEALTH	Host_Health_State_SD_Method	dictionary	false
GCA_003058965.1	SAMN08381302	Helicobacter pylori	SC1-HHS-HEALTHY-CONTROL-HEALTH	Host_Health_State_SD	healthy/control	true
GCA_003058965.1	SAMN08381302	Helicobacter pylori	SC1-HHS-HEALTHY-CONTROL-HEALTH	Host_Health_State_SD_Detail	healthy/control	false
GCA_003058965.1	SAMN08381302	Helicobacter pylori	SC1-HHS-HEALTHY-CONTROL-HEALTH	Host_Health_State_SD_Method	dictionary	false
GCA_003058985.1	SAMN08381303	Helicobacter pylori	SC1-HHS-HEALTHY-CONTROL-HEALTH	Host_Health_State_SD	healthy/control	true
GCA_003058985.1	SAMN08381303	Helicobacter pylori	SC1-HHS-HEALTHY-CONTROL-HEALTH	Host_Health_State_SD_Detail	healthy/control	false
GCA_003058985.1	SAMN08381303	Helicobacter pylori	SC1-HHS-HEALTHY-CONTROL-HEALTH	Host_Health_State_SD_Method	dictionary	false
GCA_003058995.1	SAMN08381288	Helicobacter pylori	SC1-HHS-HEALTHY-CONTROL-HEALTH	Host_Health_State_SD	healthy/control	true
GCA_003058995.1	SAMN08381288	Helicobacter pylori	SC1-HHS-HEALTHY-CONTROL-HEALTH	Host_Health_State_SD_Detail	healthy/control	false
GCA_003058995.1	SAMN08381288	Helicobacter pylori	SC1-HHS-HEALTHY-CONTROL-HEALTH	Host_Health_State_SD_Method	dictionary	false
GCA_003059025.1	SAMN08381287	Helicobacter pylori	SC1-HHS-HEALTHY-CONTROL-HEALTH	Host_Health_State_SD	healthy/control	true
GCA_003059025.1	SAMN08381287	Helicobacter pylori	SC1-HHS-HEALTHY-CONTROL-HEALTH	Host_Health_State_SD_Detail	healthy/control	false
GCA_003059025.1	SAMN08381287	Helicobacter pylori	SC1-HHS-HEALTHY-CONTROL-HEALTH	Host_Health_State_SD_Method	dictionary	false
GCA_003059045.1	SAMN08381277	Helicobacter pylori	SC1-HHS-HEALTHY-CONTROL-HEALTH	Host_Health_State_SD	healthy/control	true
GCA_003059045.1	SAMN08381277	Helicobacter pylori	SC1-HHS-HEALTHY-CONTROL-HEALTH	Host_Health_State_SD_Detail	healthy/control	false
GCA_003059045.1	SAMN08381277	Helicobacter pylori	SC1-HHS-HEALTHY-CONTROL-HEALTH	Host_Health_State_SD_Method	dictionary	false
GCA_003059065.1	SAMN08381284	Helicobacter pylori	SC1-HHS-HEALTHY-CONTROL-HEALTH	Host_Health_State_SD	healthy/control	true
GCA_003059065.1	SAMN08381284	Helicobacter pylori	SC1-HHS-HEALTHY-CONTROL-HEALTH	Host_Health_State_SD_Detail	healthy/control	false
GCA_003059065.1	SAMN08381284	Helicobacter pylori	SC1-HHS-HEALTHY-CONTROL-HEALTH	Host_Health_State_SD_Method	dictionary	false
GCA_003059195.1	SAMN08381245	Helicobacter pylori	SC1-HHS-HEALTHY-CONTROL-HEALTH	Host_Health_State_SD	healthy/control	true
GCA_003059195.1	SAMN08381245	Helicobacter pylori	SC1-HHS-HEALTHY-CONTROL-HEALTH	Host_Health_State_SD_Detail	healthy/control	false
GCA_003059195.1	SAMN08381245	Helicobacter pylori	SC1-HHS-HEALTHY-CONTROL-HEALTH	Host_Health_State_SD_Method	dictionary	false
GCA_003112695.1	SAMD00113005	Azospira sp. I13	SC1-HHS-DISEASED-PATIENT-HEALTH	Host_Health_State_SD	diseased/patient	true
GCA_003112695.1	SAMD00113005	Azospira sp. I13	SC1-HHS-DISEASED-PATIENT-HEALTH	Host_Health_State_SD_Detail	diseased/patient	false
GCA_003112695.1	SAMD00113005	Azospira sp. I13	SC1-HHS-DISEASED-PATIENT-HEALTH	Host_Health_State_SD_Method	dictionary	false
GCA_003186615.1	SAMN09269477	Enterobacter hormaechei	SC1-HHS-HEALTHY-CONTROL-HEALTH	Host_Health_State_SD	healthy/control	true
GCA_003186615.1	SAMN09269477	Enterobacter hormaechei	SC1-HHS-HEALTHY-CONTROL-HEALTH	Host_Health_State_SD_Detail	healthy/control	false
GCA_003186615.1	SAMN09269477	Enterobacter hormaechei	SC1-HHS-HEALTHY-CONTROL-HEALTH	Host_Health_State_SD_Method	dictionary	false
GCA_004368535.1	SAMN03217754	Haemophilus haemolyticus	SC1-HHS-HEALTHY-CONTROL-HEALTH	Host_Health_State_SD	healthy/control	true
GCA_004368535.1	SAMN03217754	Haemophilus haemolyticus	SC1-HHS-HEALTHY-CONTROL-HEALTH	Host_Health_State_SD_Detail	healthy/control	false
GCA_004368535.1	SAMN03217754	Haemophilus haemolyticus	SC1-HHS-HEALTHY-CONTROL-HEALTH	Host_Health_State_SD_Method	context_dictionary	false
GCA_004713525.1	SAMN03354312	Listeria monocytogenes	SC1-HHS-HEALTHY-CONTROL-HEALTH	Host_Health_State_SD	healthy/control	true
GCA_004713525.1	SAMN03354312	Listeria monocytogenes	SC1-HHS-HEALTHY-CONTROL-HEALTH	Host_Health_State_SD_Detail	healthy/control	false
GCA_004713525.1	SAMN03354312	Listeria monocytogenes	SC1-HHS-HEALTHY-CONTROL-HEALTH	Host_Health_State_SD_Method	context_dictionary	false
GCA_004713545.1	SAMN03354311	Listeria monocytogenes	SC1-HHS-HEALTHY-CONTROL-HEALTH	Host_Health_State_SD	healthy/control	true
GCA_004713545.1	SAMN03354311	Listeria monocytogenes	SC1-HHS-HEALTHY-CONTROL-HEALTH	Host_Health_State_SD_Detail	healthy/control	false
GCA_004713545.1	SAMN03354311	Listeria monocytogenes	SC1-HHS-HEALTHY-CONTROL-HEALTH	Host_Health_State_SD_Method	context_dictionary	false
GCA_007570945.1	SAMN10273089	Gammaproteobacteria bacterium	SC1-HHS-HEALTHY-CONTROL-HEALTH	Host_Health_State_SD	healthy/control	true
GCA_007570945.1	SAMN10273089	Gammaproteobacteria bacterium	SC1-HHS-HEALTHY-CONTROL-HEALTH	Host_Health_State_SD_Detail	healthy/control	false
GCA_007570945.1	SAMN10273089	Gammaproteobacteria bacterium	SC1-HHS-HEALTHY-CONTROL-HEALTH	Host_Health_State_SD_Method	context_dictionary	false
GCA_007570995.1	SAMN10273088	Nitrospirales bacterium	SC1-HHS-HEALTHY-CONTROL-HEALTH	Host_Health_State_SD	healthy/control	true
GCA_007570995.1	SAMN10273088	Nitrospirales bacterium	SC1-HHS-HEALTHY-CONTROL-HEALTH	Host_Health_State_SD_Detail	healthy/control	false
GCA_007570995.1	SAMN10273088	Nitrospirales bacterium	SC1-HHS-HEALTHY-CONTROL-HEALTH	Host_Health_State_SD_Method	context_dictionary	false
GCA_007571105.1	SAMN10273081	Gammaproteobacteria bacterium	SC1-HHS-HEALTHY-CONTROL-HEALTH	Host_Health_State_SD	healthy/control	true
GCA_007571105.1	SAMN10273081	Gammaproteobacteria bacterium	SC1-HHS-HEALTHY-CONTROL-HEALTH	Host_Health_State_SD_Detail	healthy/control	false
GCA_007571105.1	SAMN10273081	Gammaproteobacteria bacterium	SC1-HHS-HEALTHY-CONTROL-HEALTH	Host_Health_State_SD_Method	context_dictionary	false
GCA_007571185.1	SAMN10273079	Oceanicaulis sp.	SC1-HHS-HEALTHY-CONTROL-HEALTH	Host_Health_State_SD	healthy/control	true
GCA_007571185.1	SAMN10273079	Oceanicaulis sp.	SC1-HHS-HEALTHY-CONTROL-HEALTH	Host_Health_State_SD_Detail	healthy/control	false
GCA_007571185.1	SAMN10273079	Oceanicaulis sp.	SC1-HHS-HEALTHY-CONTROL-HEALTH	Host_Health_State_SD_Method	context_dictionary	false
GCA_007571195.1	SAMN10273077	Albidovulum sp.	SC1-HHS-HEALTHY-CONTROL-HEALTH	Host_Health_State_SD	healthy/control	true
GCA_007571195.1	SAMN10273077	Albidovulum sp.	SC1-HHS-HEALTHY-CONTROL-HEALTH	Host_Health_State_SD_Detail	healthy/control	false
GCA_007571195.1	SAMN10273077	Albidovulum sp.	SC1-HHS-HEALTHY-CONTROL-HEALTH	Host_Health_State_SD_Method	context_dictionary	false
GCA_007571215.1	SAMN10273078	Synechococcus sp. PNGco_C_binVS15	SC1-HHS-HEALTHY-CONTROL-HEALTH	Host_Health_State_SD	healthy/control	true
GCA_007571215.1	SAMN10273078	Synechococcus sp. PNGco_C_binVS15	SC1-HHS-HEALTHY-CONTROL-HEALTH	Host_Health_State_SD_Detail	healthy/control	false
GCA_007571215.1	SAMN10273078	Synechococcus sp. PNGco_C_binVS15	SC1-HHS-HEALTHY-CONTROL-HEALTH	Host_Health_State_SD_Method	context_dictionary	false
GCA_007571235.1	SAMN10273075	Gammaproteobacteria bacterium	SC1-HHS-HEALTHY-CONTROL-HEALTH	Host_Health_State_SD	healthy/control	true
GCA_007571235.1	SAMN10273075	Gammaproteobacteria bacterium	SC1-HHS-HEALTHY-CONTROL-HEALTH	Host_Health_State_SD_Detail	healthy/control	false
GCA_007571235.1	SAMN10273075	Gammaproteobacteria bacterium	SC1-HHS-HEALTHY-CONTROL-HEALTH	Host_Health_State_SD_Method	context_dictionary	false
GCA_007571275.1	SAMN10273074	Dehalococcoidia bacterium	SC1-HHS-HEALTHY-CONTROL-HEALTH	Host_Health_State_SD	healthy/control	true
GCA_007571275.1	SAMN10273074	Dehalococcoidia bacterium	SC1-HHS-HEALTHY-CONTROL-HEALTH	Host_Health_State_SD_Detail	healthy/control	false
GCA_007571275.1	SAMN10273074	Dehalococcoidia bacterium	SC1-HHS-HEALTHY-CONTROL-HEALTH	Host_Health_State_SD_Method	context_dictionary	false
GCA_007571305.1	SAMN10273073	Candidatus Poribacteria bacterium	SC1-HHS-HEALTHY-CONTROL-HEALTH	Host_Health_State_SD	healthy/control	true
GCA_007571305.1	SAMN10273073	Candidatus Poribacteria bacterium	SC1-HHS-HEALTHY-CONTROL-HEALTH	Host_Health_State_SD_Detail	healthy/control	false
GCA_007571305.1	SAMN10273073	Candidatus Poribacteria bacterium	SC1-HHS-HEALTHY-CONTROL-HEALTH	Host_Health_State_SD_Method	context_dictionary	false
GCA_007571315.1	SAMN10273071	Gammaproteobacteria bacterium	SC1-HHS-HEALTHY-CONTROL-HEALTH	Host_Health_State_SD	healthy/control	true
GCA_007571315.1	SAMN10273071	Gammaproteobacteria bacterium	SC1-HHS-HEALTHY-CONTROL-HEALTH	Host_Health_State_SD_Detail	healthy/control	false
GCA_007571315.1	SAMN10273071	Gammaproteobacteria bacterium	SC1-HHS-HEALTHY-CONTROL-HEALTH	Host_Health_State_SD_Method	context_dictionary	false
GCA_007571325.1	SAMN10273072	Candidatus Dadabacteria bacterium	SC1-HHS-HEALTHY-CONTROL-HEALTH	Host_Health_State_SD	healthy/control	true
GCA_007571325.1	SAMN10273072	Candidatus Dadabacteria bacterium	SC1-HHS-HEALTHY-CONTROL-HEALTH	Host_Health_State_SD_Detail	healthy/control	false
GCA_007571325.1	SAMN10273072	Candidatus Dadabacteria bacterium	SC1-HHS-HEALTHY-CONTROL-HEALTH	Host_Health_State_SD_Method	context_dictionary	false
GCA_007571355.1	SAMN10273070	Candidatus Poribacteria bacterium	SC1-HHS-HEALTHY-CONTROL-HEALTH	Host_Health_State_SD	healthy/control	true
GCA_007571355.1	SAMN10273070	Candidatus Poribacteria bacterium	SC1-HHS-HEALTHY-CONTROL-HEALTH	Host_Health_State_SD_Detail	healthy/control	false
GCA_007571355.1	SAMN10273070	Candidatus Poribacteria bacterium	SC1-HHS-HEALTHY-CONTROL-HEALTH	Host_Health_State_SD_Method	context_dictionary	false
GCA_007571365.1	SAMN10273069	Candidatus Latescibacterota bacterium	SC1-HHS-HEALTHY-CONTROL-HEALTH	Host_Health_State_SD	healthy/control	true
GCA_007571365.1	SAMN10273069	Candidatus Latescibacterota bacterium	SC1-HHS-HEALTHY-CONTROL-HEALTH	Host_Health_State_SD_Detail	healthy/control	false
GCA_007571365.1	SAMN10273069	Candidatus Latescibacterota bacterium	SC1-HHS-HEALTHY-CONTROL-HEALTH	Host_Health_State_SD_Method	context_dictionary	false
GCA_008245625.1	SAMN08437795	Listeria monocytogenes	SC1-HHS-HEALTHY-CONTROL-HEALTH	Host_Health_State_SD	healthy/control	true
GCA_008245625.1	SAMN08437795	Listeria monocytogenes	SC1-HHS-HEALTHY-CONTROL-HEALTH	Host_Health_State_SD_Detail	healthy/control	false
GCA_008245625.1	SAMN08437795	Listeria monocytogenes	SC1-HHS-HEALTHY-CONTROL-HEALTH	Host_Health_State_SD_Method	context_dictionary	false
GCA_008993435.1	SAMN05203397	Salmonella enterica subsp. enterica serovar Enteritidis	SC1-HHS-HEALTHY-CONTROL-HEALTH	Host_Health_State_SD	healthy/control	true
GCA_008993435.1	SAMN05203397	Salmonella enterica subsp. enterica serovar Enteritidis	SC1-HHS-HEALTHY-CONTROL-HEALTH	Host_Health_State_SD_Detail	healthy/control	false
GCA_008993435.1	SAMN05203397	Salmonella enterica subsp. enterica serovar Enteritidis	SC1-HHS-HEALTHY-CONTROL-HEALTH	Host_Health_State_SD_Method	context_dictionary	false
GCA_009123145.1	SAMN06307821	Salmonella enterica subsp. enterica serovar Typhimurium	SC1-HHS-HEALTHY-CONTROL-HEALTH	Host_Health_State_SD	healthy/control	true
GCA_009123145.1	SAMN06307821	Salmonella enterica subsp. enterica serovar Typhimurium	SC1-HHS-HEALTHY-CONTROL-HEALTH	Host_Health_State_SD_Detail	healthy/control	false
GCA_009123145.1	SAMN06307821	Salmonella enterica subsp. enterica serovar Typhimurium	SC1-HHS-HEALTHY-CONTROL-HEALTH	Host_Health_State_SD_Method	context_dictionary	false
GCA_009123245.1	SAMN06307823	Salmonella enterica subsp. enterica serovar Typhimurium	SC1-HHS-HEALTHY-CONTROL-HEALTH	Host_Health_State_SD	healthy/control	true
GCA_009123245.1	SAMN06307823	Salmonella enterica subsp. enterica serovar Typhimurium	SC1-HHS-HEALTHY-CONTROL-HEALTH	Host_Health_State_SD_Detail	healthy/control	false
GCA_009123245.1	SAMN06307823	Salmonella enterica subsp. enterica serovar Typhimurium	SC1-HHS-HEALTHY-CONTROL-HEALTH	Host_Health_State_SD_Method	context_dictionary	false
GCA_009124045.1	SAMN06307822	Salmonella enterica subsp. enterica serovar Typhimurium	SC1-HHS-HEALTHY-CONTROL-HEALTH	Host_Health_State_SD	healthy/control	true
GCA_009124045.1	SAMN06307822	Salmonella enterica subsp. enterica serovar Typhimurium	SC1-HHS-HEALTHY-CONTROL-HEALTH	Host_Health_State_SD_Detail	healthy/control	false
GCA_009124045.1	SAMN06307822	Salmonella enterica subsp. enterica serovar Typhimurium	SC1-HHS-HEALTHY-CONTROL-HEALTH	Host_Health_State_SD_Method	context_dictionary	false
GCA_009161065.1	SAMN06307819	Salmonella enterica subsp. enterica serovar Typhimurium	SC1-HHS-HEALTHY-CONTROL-HEALTH	Host_Health_State_SD	healthy/control	true
GCA_009161065.1	SAMN06307819	Salmonella enterica subsp. enterica serovar Typhimurium	SC1-HHS-HEALTHY-CONTROL-HEALTH	Host_Health_State_SD_Detail	healthy/control	false
GCA_009161065.1	SAMN06307819	Salmonella enterica subsp. enterica serovar Typhimurium	SC1-HHS-HEALTHY-CONTROL-HEALTH	Host_Health_State_SD_Method	context_dictionary	false
GCA_009900765.1	SAMN13782171	Rhodovarius lipocyclicus	SC1-HHS-HEALTHY-CONTROL-HEALTH	Host_Health_State_SD	healthy/control	true
GCA_009900765.1	SAMN13782171	Rhodovarius lipocyclicus	SC1-HHS-HEALTHY-CONTROL-HEALTH	Host_Health_State_SD_Detail	healthy/control	false
GCA_009900765.1	SAMN13782171	Rhodovarius lipocyclicus	SC1-HHS-HEALTHY-CONTROL-HEALTH	Host_Health_State_SD_Method	context_dictionary	false
GCA_011503905.1	SAMN13446882	Salmonella enterica	SC1-HHS-HEALTHY-CONTROL-HEALTH	Host_Health_State_SD	healthy/control	true
GCA_011503905.1	SAMN13446882	Salmonella enterica	SC1-HHS-HEALTHY-CONTROL-HEALTH	Host_Health_State_SD_Detail	healthy/control	false
GCA_011503905.1	SAMN13446882	Salmonella enterica	SC1-HHS-HEALTHY-CONTROL-HEALTH	Host_Health_State_SD_Method	dictionary	false
GCA_013361545.1	SAMN14571744	Cupriavidus sp.	SC1-HHS-HEALTHY-CONTROL-HEALTH	Host_Health_State_SD	healthy/control	true
GCA_013361545.1	SAMN14571744	Cupriavidus sp.	SC1-HHS-HEALTHY-CONTROL-HEALTH	Host_Health_State_SD_Detail	healthy/control	false
GCA_013361545.1	SAMN14571744	Cupriavidus sp.	SC1-HHS-HEALTHY-CONTROL-HEALTH	Host_Health_State_SD_Method	context_dictionary	false
GCA_013361555.1	SAMN14571743	Dermatophilaceae bacterium	SC1-HHS-HEALTHY-CONTROL-HEALTH	Host_Health_State_SD	healthy/control	true
GCA_013361555.1	SAMN14571743	Dermatophilaceae bacterium	SC1-HHS-HEALTHY-CONTROL-HEALTH	Host_Health_State_SD_Detail	healthy/control	false
GCA_013361555.1	SAMN14571743	Dermatophilaceae bacterium	SC1-HHS-HEALTHY-CONTROL-HEALTH	Host_Health_State_SD_Method	context_dictionary	false
GCA_013361585.1	SAMN14571742	Streptomyces sp.	SC1-HHS-HEALTHY-CONTROL-HEALTH	Host_Health_State_SD	healthy/control	true
GCA_013361585.1	SAMN14571742	Streptomyces sp.	SC1-HHS-HEALTHY-CONTROL-HEALTH	Host_Health_State_SD_Detail	healthy/control	false
GCA_013361585.1	SAMN14571742	Streptomyces sp.	SC1-HHS-HEALTHY-CONTROL-HEALTH	Host_Health_State_SD_Method	context_dictionary	false
GCA_013361595.1	SAMN14571741	Nocardia sp.	SC1-HHS-HEALTHY-CONTROL-HEALTH	Host_Health_State_SD	healthy/control	true
GCA_013361595.1	SAMN14571741	Nocardia sp.	SC1-HHS-HEALTHY-CONTROL-HEALTH	Host_Health_State_SD_Detail	healthy/control	false
GCA_013361595.1	SAMN14571741	Nocardia sp.	SC1-HHS-HEALTHY-CONTROL-HEALTH	Host_Health_State_SD_Method	context_dictionary	false
GCA_013361605.1	SAMN14571740	Gemmatimonadaceae bacterium	SC1-HHS-HEALTHY-CONTROL-HEALTH	Host_Health_State_SD	healthy/control	true
GCA_013361605.1	SAMN14571740	Gemmatimonadaceae bacterium	SC1-HHS-HEALTHY-CONTROL-HEALTH	Host_Health_State_SD_Detail	healthy/control	false
GCA_013361605.1	SAMN14571740	Gemmatimonadaceae bacterium	SC1-HHS-HEALTHY-CONTROL-HEALTH	Host_Health_State_SD_Method	context_dictionary	false
GCA_013361645.1	SAMN14571738	Streptomycetaceae bacterium	SC1-HHS-HEALTHY-CONTROL-HEALTH	Host_Health_State_SD	healthy/control	true
GCA_013361645.1	SAMN14571738	Streptomycetaceae bacterium	SC1-HHS-HEALTHY-CONTROL-HEALTH	Host_Health_State_SD_Detail	healthy/control	false
GCA_013361645.1	SAMN14571738	Streptomycetaceae bacterium	SC1-HHS-HEALTHY-CONTROL-HEALTH	Host_Health_State_SD_Method	context_dictionary	false
GCA_013361665.1	SAMN14571739	Nonomuraea sp.	SC1-HHS-HEALTHY-CONTROL-HEALTH	Host_Health_State_SD	healthy/control	true
GCA_013361665.1	SAMN14571739	Nonomuraea sp.	SC1-HHS-HEALTHY-CONTROL-HEALTH	Host_Health_State_SD_Detail	healthy/control	false
GCA_013361665.1	SAMN14571739	Nonomuraea sp.	SC1-HHS-HEALTHY-CONTROL-HEALTH	Host_Health_State_SD_Method	context_dictionary	false
GCA_013361685.1	SAMN14571737	Catenulispora sp.	SC1-HHS-HEALTHY-CONTROL-HEALTH	Host_Health_State_SD	healthy/control	true
GCA_013361685.1	SAMN14571737	Catenulispora sp.	SC1-HHS-HEALTHY-CONTROL-HEALTH	Host_Health_State_SD_Detail	healthy/control	false
GCA_013361685.1	SAMN14571737	Catenulispora sp.	SC1-HHS-HEALTHY-CONTROL-HEALTH	Host_Health_State_SD_Method	context_dictionary	false
GCA_013361705.1	SAMN14571735	Acidobacteriaceae bacterium	SC1-HHS-HEALTHY-CONTROL-HEALTH	Host_Health_State_SD	healthy/control	true
GCA_013361705.1	SAMN14571735	Acidobacteriaceae bacterium	SC1-HHS-HEALTHY-CONTROL-HEALTH	Host_Health_State_SD_Detail	healthy/control	false
GCA_013361705.1	SAMN14571735	Acidobacteriaceae bacterium	SC1-HHS-HEALTHY-CONTROL-HEALTH	Host_Health_State_SD_Method	context_dictionary	false
GCA_013361715.1	SAMN14571736	Gemmatimonadaceae bacterium	SC1-HHS-HEALTHY-CONTROL-HEALTH	Host_Health_State_SD	healthy/control	true
GCA_013361715.1	SAMN14571736	Gemmatimonadaceae bacterium	SC1-HHS-HEALTHY-CONTROL-HEALTH	Host_Health_State_SD_Detail	healthy/control	false
GCA_013361715.1	SAMN14571736	Gemmatimonadaceae bacterium	SC1-HHS-HEALTHY-CONTROL-HEALTH	Host_Health_State_SD_Method	context_dictionary	false
GCA_013361745.1	SAMN14571734	Gemmatimonadaceae bacterium	SC1-HHS-HEALTHY-CONTROL-HEALTH	Host_Health_State_SD	healthy/control	true
GCA_013361745.1	SAMN14571734	Gemmatimonadaceae bacterium	SC1-HHS-HEALTHY-CONTROL-HEALTH	Host_Health_State_SD_Detail	healthy/control	false
GCA_013361745.1	SAMN14571734	Gemmatimonadaceae bacterium	SC1-HHS-HEALTHY-CONTROL-HEALTH	Host_Health_State_SD_Method	context_dictionary	false
GCA_013361755.1	SAMN14571733	Sinomonas sp.	SC1-HHS-HEALTHY-CONTROL-HEALTH	Host_Health_State_SD	healthy/control	true
GCA_013361755.1	SAMN14571733	Sinomonas sp.	SC1-HHS-HEALTHY-CONTROL-HEALTH	Host_Health_State_SD_Detail	healthy/control	false
GCA_013361755.1	SAMN14571733	Sinomonas sp.	SC1-HHS-HEALTHY-CONTROL-HEALTH	Host_Health_State_SD_Method	context_dictionary	false
GCA_013361785.1	SAMN14571732	Sphingomonas sp.	SC1-HHS-HEALTHY-CONTROL-HEALTH	Host_Health_State_SD	healthy/control	true
GCA_013361785.1	SAMN14571732	Sphingomonas sp.	SC1-HHS-HEALTHY-CONTROL-HEALTH	Host_Health_State_SD_Detail	healthy/control	false
GCA_013361785.1	SAMN14571732	Sphingomonas sp.	SC1-HHS-HEALTHY-CONTROL-HEALTH	Host_Health_State_SD_Method	context_dictionary	false
GCA_013361795.1	SAMN14571731	Dermatophilaceae bacterium	SC1-HHS-HEALTHY-CONTROL-HEALTH	Host_Health_State_SD	healthy/control	true
GCA_013361795.1	SAMN14571731	Dermatophilaceae bacterium	SC1-HHS-HEALTHY-CONTROL-HEALTH	Host_Health_State_SD_Detail	healthy/control	false
GCA_013361795.1	SAMN14571731	Dermatophilaceae bacterium	SC1-HHS-HEALTHY-CONTROL-HEALTH	Host_Health_State_SD_Method	context_dictionary	false
GCA_013361825.1	SAMN14571730	Streptomyces sp.	SC1-HHS-HEALTHY-CONTROL-HEALTH	Host_Health_State_SD	healthy/control	true
GCA_013361825.1	SAMN14571730	Streptomyces sp.	SC1-HHS-HEALTHY-CONTROL-HEALTH	Host_Health_State_SD_Detail	healthy/control	false
GCA_013361825.1	SAMN14571730	Streptomyces sp.	SC1-HHS-HEALTHY-CONTROL-HEALTH	Host_Health_State_SD_Method	context_dictionary	false
GCA_013361845.1	SAMN14571729	Gemmatimonadaceae bacterium	SC1-HHS-HEALTHY-CONTROL-HEALTH	Host_Health_State_SD	healthy/control	true
GCA_013361845.1	SAMN14571729	Gemmatimonadaceae bacterium	SC1-HHS-HEALTHY-CONTROL-HEALTH	Host_Health_State_SD_Detail	healthy/control	false
GCA_013361845.1	SAMN14571729	Gemmatimonadaceae bacterium	SC1-HHS-HEALTHY-CONTROL-HEALTH	Host_Health_State_SD_Method	context_dictionary	false
GCA_013361855.1	SAMN14571727	Nonomuraea sp.	SC1-HHS-HEALTHY-CONTROL-HEALTH	Host_Health_State_SD	healthy/control	true
GCA_013361855.1	SAMN14571727	Nonomuraea sp.	SC1-HHS-HEALTHY-CONTROL-HEALTH	Host_Health_State_SD_Detail	healthy/control	false
GCA_013361855.1	SAMN14571727	Nonomuraea sp.	SC1-HHS-HEALTHY-CONTROL-HEALTH	Host_Health_State_SD_Method	context_dictionary	false
GCA_013361885.1	SAMN14571728	Pseudarthrobacter sp.	SC1-HHS-HEALTHY-CONTROL-HEALTH	Host_Health_State_SD	healthy/control	true
GCA_013361885.1	SAMN14571728	Pseudarthrobacter sp.	SC1-HHS-HEALTHY-CONTROL-HEALTH	Host_Health_State_SD_Detail	healthy/control	false
GCA_013361885.1	SAMN14571728	Pseudarthrobacter sp.	SC1-HHS-HEALTHY-CONTROL-HEALTH	Host_Health_State_SD_Method	context_dictionary	false
GCA_013361895.1	SAMN14571726	Glycomyces artemisiae	SC1-HHS-HEALTHY-CONTROL-HEALTH	Host_Health_State_SD	healthy/control	true
GCA_013361895.1	SAMN14571726	Glycomyces artemisiae	SC1-HHS-HEALTHY-CONTROL-HEALTH	Host_Health_State_SD_Detail	healthy/control	false
GCA_013361895.1	SAMN14571726	Glycomyces artemisiae	SC1-HHS-HEALTHY-CONTROL-HEALTH	Host_Health_State_SD_Method	context_dictionary	false
GCA_013361925.1	SAMN14571725	Streptomyces sp.	SC1-HHS-HEALTHY-CONTROL-HEALTH	Host_Health_State_SD	healthy/control	true
GCA_013361925.1	SAMN14571725	Streptomyces sp.	SC1-HHS-HEALTHY-CONTROL-HEALTH	Host_Health_State_SD_Detail	healthy/control	false
GCA_013361925.1	SAMN14571725	Streptomyces sp.	SC1-HHS-HEALTHY-CONTROL-HEALTH	Host_Health_State_SD_Method	context_dictionary	false
GCA_013361935.1	SAMN14571724	Gemmatimonadaceae bacterium	SC1-HHS-HEALTHY-CONTROL-HEALTH	Host_Health_State_SD	healthy/control	true
GCA_013361935.1	SAMN14571724	Gemmatimonadaceae bacterium	SC1-HHS-HEALTHY-CONTROL-HEALTH	Host_Health_State_SD_Detail	healthy/control	false
GCA_013361935.1	SAMN14571724	Gemmatimonadaceae bacterium	SC1-HHS-HEALTHY-CONTROL-HEALTH	Host_Health_State_SD_Method	context_dictionary	false
GCA_013361955.1	SAMN14571722	Nocardioidaceae bacterium	SC1-HHS-HEALTHY-CONTROL-HEALTH	Host_Health_State_SD	healthy/control	true
GCA_013361955.1	SAMN14571722	Nocardioidaceae bacterium	SC1-HHS-HEALTHY-CONTROL-HEALTH	Host_Health_State_SD_Detail	healthy/control	false
GCA_013361955.1	SAMN14571722	Nocardioidaceae bacterium	SC1-HHS-HEALTHY-CONTROL-HEALTH	Host_Health_State_SD_Method	context_dictionary	false
GCA_013361975.1	SAMN14571723	Dermatophilaceae bacterium	SC1-HHS-HEALTHY-CONTROL-HEALTH	Host_Health_State_SD	healthy/control	true
GCA_013361975.1	SAMN14571723	Dermatophilaceae bacterium	SC1-HHS-HEALTHY-CONTROL-HEALTH	Host_Health_State_SD_Detail	healthy/control	false
GCA_013361975.1	SAMN14571723	Dermatophilaceae bacterium	SC1-HHS-HEALTHY-CONTROL-HEALTH	Host_Health_State_SD_Method	context_dictionary	false
GCA_013362735.1	SAMN14571684	Sphingomonas sp.	SC1-HHS-HEALTHY-CONTROL-HEALTH	Host_Health_State_SD	healthy/control	true
GCA_013362735.1	SAMN14571684	Sphingomonas sp.	SC1-HHS-HEALTHY-CONTROL-HEALTH	Host_Health_State_SD_Detail	healthy/control	false
GCA_013362735.1	SAMN14571684	Sphingomonas sp.	SC1-HHS-HEALTHY-CONTROL-HEALTH	Host_Health_State_SD_Method	context_dictionary	false
GCA_013362745.1	SAMN14571683	Saccharothrix sp.	SC1-HHS-HEALTHY-CONTROL-HEALTH	Host_Health_State_SD	healthy/control	true
GCA_013362745.1	SAMN14571683	Saccharothrix sp.	SC1-HHS-HEALTHY-CONTROL-HEALTH	Host_Health_State_SD_Detail	healthy/control	false
GCA_013362745.1	SAMN14571683	Saccharothrix sp.	SC1-HHS-HEALTHY-CONTROL-HEALTH	Host_Health_State_SD_Method	context_dictionary	false
GCA_013362785.1	SAMN14571682	Streptomyces sp.	SC1-HHS-HEALTHY-CONTROL-HEALTH	Host_Health_State_SD	healthy/control	true
GCA_013362785.1	SAMN14571682	Streptomyces sp.	SC1-HHS-HEALTHY-CONTROL-HEALTH	Host_Health_State_SD_Detail	healthy/control	false
GCA_013362785.1	SAMN14571682	Streptomyces sp.	SC1-HHS-HEALTHY-CONTROL-HEALTH	Host_Health_State_SD_Method	context_dictionary	false
GCA_013362805.1	SAMN14571681	Mycobacteriales bacterium	SC1-HHS-HEALTHY-CONTROL-HEALTH	Host_Health_State_SD	healthy/control	true
GCA_013362805.1	SAMN14571681	Mycobacteriales bacterium	SC1-HHS-HEALTHY-CONTROL-HEALTH	Host_Health_State_SD_Detail	healthy/control	false
GCA_013362805.1	SAMN14571681	Mycobacteriales bacterium	SC1-HHS-HEALTHY-CONTROL-HEALTH	Host_Health_State_SD_Method	context_dictionary	false
GCA_013362815.1	SAMN14571680	Hamadaea sp.	SC1-HHS-HEALTHY-CONTROL-HEALTH	Host_Health_State_SD	healthy/control	true
GCA_013362815.1	SAMN14571680	Hamadaea sp.	SC1-HHS-HEALTHY-CONTROL-HEALTH	Host_Health_State_SD_Detail	healthy/control	false
GCA_013362815.1	SAMN14571680	Hamadaea sp.	SC1-HHS-HEALTHY-CONTROL-HEALTH	Host_Health_State_SD_Method	context_dictionary	false
GCA_013362835.1	SAMN14571679	Nonomuraea sp.	SC1-HHS-HEALTHY-CONTROL-HEALTH	Host_Health_State_SD	healthy/control	true
GCA_013362835.1	SAMN14571679	Nonomuraea sp.	SC1-HHS-HEALTHY-CONTROL-HEALTH	Host_Health_State_SD_Detail	healthy/control	false
GCA_013362835.1	SAMN14571679	Nonomuraea sp.	SC1-HHS-HEALTHY-CONTROL-HEALTH	Host_Health_State_SD_Method	context_dictionary	false
GCA_013362845.1	SAMN14571678	Thermoactinospora sp.	SC1-HHS-HEALTHY-CONTROL-HEALTH	Host_Health_State_SD	healthy/control	true
GCA_013362845.1	SAMN14571678	Thermoactinospora sp.	SC1-HHS-HEALTHY-CONTROL-HEALTH	Host_Health_State_SD_Detail	healthy/control	false
GCA_013362845.1	SAMN14571678	Thermoactinospora sp.	SC1-HHS-HEALTHY-CONTROL-HEALTH	Host_Health_State_SD_Method	context_dictionary	false
GCA_013362885.1	SAMN14571677	Hamadaea sp.	SC1-HHS-HEALTHY-CONTROL-HEALTH	Host_Health_State_SD	healthy/control	true
GCA_013362885.1	SAMN14571677	Hamadaea sp.	SC1-HHS-HEALTHY-CONTROL-HEALTH	Host_Health_State_SD_Detail	healthy/control	false
GCA_013362885.1	SAMN14571677	Hamadaea sp.	SC1-HHS-HEALTHY-CONTROL-HEALTH	Host_Health_State_SD_Method	context_dictionary	false
GCA_013362905.1	SAMN14571674	Agromyces sp.	SC1-HHS-HEALTHY-CONTROL-HEALTH	Host_Health_State_SD	healthy/control	true
GCA_013362905.1	SAMN14571674	Agromyces sp.	SC1-HHS-HEALTHY-CONTROL-HEALTH	Host_Health_State_SD_Detail	healthy/control	false
GCA_013362905.1	SAMN14571674	Agromyces sp.	SC1-HHS-HEALTHY-CONTROL-HEALTH	Host_Health_State_SD_Method	context_dictionary	false
GCA_013362915.1	SAMN14571673	Streptomycetaceae bacterium	SC1-HHS-HEALTHY-CONTROL-HEALTH	Host_Health_State_SD	healthy/control	true
GCA_013362915.1	SAMN14571673	Streptomycetaceae bacterium	SC1-HHS-HEALTHY-CONTROL-HEALTH	Host_Health_State_SD_Detail	healthy/control	false
GCA_013362915.1	SAMN14571673	Streptomycetaceae bacterium	SC1-HHS-HEALTHY-CONTROL-HEALTH	Host_Health_State_SD_Method	context_dictionary	false
GCA_013362935.1	SAMN14571675	Thermoleophilia bacterium	SC1-HHS-HEALTHY-CONTROL-HEALTH	Host_Health_State_SD	healthy/control	true
GCA_013362935.1	SAMN14571675	Thermoleophilia bacterium	SC1-HHS-HEALTHY-CONTROL-HEALTH	Host_Health_State_SD_Detail	healthy/control	false
GCA_013362935.1	SAMN14571675	Thermoleophilia bacterium	SC1-HHS-HEALTHY-CONTROL-HEALTH	Host_Health_State_SD_Method	context_dictionary	false
GCA_013362945.1	SAMN14571676	Saccharothrix sp.	SC1-HHS-HEALTHY-CONTROL-HEALTH	Host_Health_State_SD	healthy/control	true
GCA_013362945.1	SAMN14571676	Saccharothrix sp.	SC1-HHS-HEALTHY-CONTROL-HEALTH	Host_Health_State_SD_Detail	healthy/control	false
GCA_013362945.1	SAMN14571676	Saccharothrix sp.	SC1-HHS-HEALTHY-CONTROL-HEALTH	Host_Health_State_SD_Method	context_dictionary	false
GCA_013463805.1	SAMN10131064	Stenotrophomonas maltophilia	SC1-HHS-HEALTHY-CONTROL-HEALTH	Host_Health_State_SD	healthy/control	true
GCA_013463805.1	SAMN10131064	Stenotrophomonas maltophilia	SC1-HHS-HEALTHY-CONTROL-HEALTH	Host_Health_State_SD_Detail	healthy/control	false
GCA_013463805.1	SAMN10131064	Stenotrophomonas maltophilia	SC1-HHS-HEALTHY-CONTROL-HEALTH	Host_Health_State_SD_Method	context_dictionary	false
GCA_014891715.1	SAMN16422287	Escherichia coli	SC1-HHS-HEALTHY-CONTROL-HEALTH	Host_Health_State_SD	healthy/control	true
GCA_014891715.1	SAMN16422287	Escherichia coli	SC1-HHS-HEALTHY-CONTROL-HEALTH	Host_Health_State_SD_Detail	healthy/control	false
GCA_014891715.1	SAMN16422287	Escherichia coli	SC1-HHS-HEALTHY-CONTROL-HEALTH	Host_Health_State_SD_Method	context_dictionary	false
GCA_014913985.1	SAMN16422288	Escherichia coli	SC1-HHS-HEALTHY-CONTROL-HEALTH	Host_Health_State_SD	healthy/control	true
GCA_014913985.1	SAMN16422288	Escherichia coli	SC1-HHS-HEALTHY-CONTROL-HEALTH	Host_Health_State_SD_Detail	healthy/control	false
GCA_014913985.1	SAMN16422288	Escherichia coli	SC1-HHS-HEALTHY-CONTROL-HEALTH	Host_Health_State_SD_Method	context_dictionary	false
GCA_015238635.1	SAMN13293454	Clostridioides difficile	SC1-HHS-HEALTHY-CONTROL-HEALTH	Host_Health_State_SD	healthy/control	true
GCA_015238635.1	SAMN13293454	Clostridioides difficile	SC1-HHS-HEALTHY-CONTROL-HEALTH	Host_Health_State_SD_Detail	healthy/control	false
GCA_015238635.1	SAMN13293454	Clostridioides difficile	SC1-HHS-HEALTHY-CONTROL-HEALTH	Host_Health_State_SD_Method	context_dictionary	false
GCA_015831085.1	SAMN14209826	Corynebacterium diphtheriae bv. gravis	SC1-HHS-HEALTHY-CONTROL-HEALTH	Host_Health_State_SD	healthy/control	true
GCA_015831085.1	SAMN14209826	Corynebacterium diphtheriae bv. gravis	SC1-HHS-HEALTHY-CONTROL-HEALTH	Host_Health_State_SD_Detail	healthy/control	false
GCA_015831085.1	SAMN14209826	Corynebacterium diphtheriae bv. gravis	SC1-HHS-HEALTHY-CONTROL-HEALTH	Host_Health_State_SD_Method	context_dictionary	false
GCA_015964395.1	SAMN13293557	Clostridioides difficile	SC1-HHS-HEALTHY-CONTROL-HEALTH	Host_Health_State_SD	healthy/control	true
GCA_015964395.1	SAMN13293557	Clostridioides difficile	SC1-HHS-HEALTHY-CONTROL-HEALTH	Host_Health_State_SD_Detail	healthy/control	false
GCA_015964395.1	SAMN13293557	Clostridioides difficile	SC1-HHS-HEALTHY-CONTROL-HEALTH	Host_Health_State_SD_Method	context_dictionary	false
GCA_016370765.1	SAMN06307820	Salmonella enterica subsp. enterica serovar Typhimurium	SC1-HHS-HEALTHY-CONTROL-HEALTH	Host_Health_State_SD	healthy/control	true
GCA_016370765.1	SAMN06307820	Salmonella enterica subsp. enterica serovar Typhimurium	SC1-HHS-HEALTHY-CONTROL-HEALTH	Host_Health_State_SD_Detail	healthy/control	false
GCA_016370765.1	SAMN06307820	Salmonella enterica subsp. enterica serovar Typhimurium	SC1-HHS-HEALTHY-CONTROL-HEALTH	Host_Health_State_SD_Method	context_dictionary	false
GCA_016629525.1	SAMD00262792	Kaistia sp. 32K	SC1-HHS-HEALTHY-CONTROL-HEALTH	Host_Health_State_SD	healthy/control	true
GCA_016629525.1	SAMD00262792	Kaistia sp. 32K	SC1-HHS-HEALTHY-CONTROL-HEALTH	Host_Health_State_SD_Detail	healthy/control	false
GCA_016629525.1	SAMD00262792	Kaistia sp. 32K	SC1-HHS-HEALTHY-CONTROL-HEALTH	Host_Health_State_SD_Method	context_dictionary	false
GCA_016680365.1	SAMN17166583	Klebsiella pneumoniae	SC1-SITE-CATHETER-CLEAR	Isolation_Site_SD	catheter	true
GCA_016680365.1	SAMN17166583	Klebsiella pneumoniae	SC1-SITE-CATHETER-CLEAR	Isolation_Site_SD_Broad	medical device	false
GCA_016680365.1	SAMN17166583	Klebsiella pneumoniae	SC1-SITE-CATHETER-CLEAR	Isolation_Site_SD_Detail	catheter	false
GCA_016680365.1	SAMN17166583	Klebsiella pneumoniae	SC1-SITE-CATHETER-CLEAR	Isolation_Site_SD_Method	context_dictionary	false
GCA_016680545.1	SAMN17166581	Klebsiella pneumoniae	SC1-SITE-CATHETER-CLEAR	Isolation_Site_SD	catheter	true
GCA_016680545.1	SAMN17166581	Klebsiella pneumoniae	SC1-SITE-CATHETER-CLEAR	Isolation_Site_SD_Broad	medical device	false
GCA_016680545.1	SAMN17166581	Klebsiella pneumoniae	SC1-SITE-CATHETER-CLEAR	Isolation_Site_SD_Detail	catheter	false
GCA_016680545.1	SAMN17166581	Klebsiella pneumoniae	SC1-SITE-CATHETER-CLEAR	Isolation_Site_SD_Method	context_dictionary	false
GCA_016756335.1	SAMD00262791	Alteromonas sp. KC14	SC1-HHS-HEALTHY-CONTROL-HEALTH	Host_Health_State_SD	healthy/control	true
GCA_016756335.1	SAMD00262791	Alteromonas sp. KC14	SC1-HHS-HEALTHY-CONTROL-HEALTH	Host_Health_State_SD_Detail	healthy/control	false
GCA_016756335.1	SAMD00262791	Alteromonas sp. KC14	SC1-HHS-HEALTHY-CONTROL-HEALTH	Host_Health_State_SD_Method	context_dictionary	false
GCA_020309925.1	SAMN21849799	Bifidobacterium pseudolongum	SC1-HHS-HEALTHY-CONTROL-HEALTH	Host_Health_State_SD	healthy/control	true
GCA_020309925.1	SAMN21849799	Bifidobacterium pseudolongum	SC1-HHS-HEALTHY-CONTROL-HEALTH	Host_Health_State_SD_Detail	healthy/control	false
GCA_020309925.1	SAMN21849799	Bifidobacterium pseudolongum	SC1-HHS-HEALTHY-CONTROL-HEALTH	Host_Health_State_SD_Method	context_dictionary	false
GCA_020309965.1	SAMN21849798	Bifidobacterium pseudolongum	SC1-HHS-HEALTHY-CONTROL-HEALTH	Host_Health_State_SD	healthy/control	true
GCA_020309965.1	SAMN21849798	Bifidobacterium pseudolongum	SC1-HHS-HEALTHY-CONTROL-HEALTH	Host_Health_State_SD_Detail	healthy/control	false
GCA_020309965.1	SAMN21849798	Bifidobacterium pseudolongum	SC1-HHS-HEALTHY-CONTROL-HEALTH	Host_Health_State_SD_Method	context_dictionary	false
GCA_020388715.1	SAMN19550045	Staphylococcus aureus	SC1-HHS-HEALTHY-CONTROL-HEALTH	Host_Health_State_SD	healthy/control	true
GCA_020388715.1	SAMN19550045	Staphylococcus aureus	SC1-HHS-HEALTHY-CONTROL-HEALTH	Host_Health_State_SD_Detail	healthy/control	false
GCA_020388715.1	SAMN19550045	Staphylococcus aureus	SC1-HHS-HEALTHY-CONTROL-HEALTH	Host_Health_State_SD_Method	context_dictionary	false
GCA_020388735.1	SAMN19550044	Staphylococcus aureus	SC1-HHS-HEALTHY-CONTROL-HEALTH	Host_Health_State_SD	healthy/control	true
GCA_020388735.1	SAMN19550044	Staphylococcus aureus	SC1-HHS-HEALTHY-CONTROL-HEALTH	Host_Health_State_SD_Detail	healthy/control	false
GCA_020388735.1	SAMN19550044	Staphylococcus aureus	SC1-HHS-HEALTHY-CONTROL-HEALTH	Host_Health_State_SD_Method	context_dictionary	false
GCA_020388765.1	SAMN19550043	Staphylococcus aureus	SC1-HHS-HEALTHY-CONTROL-HEALTH	Host_Health_State_SD	healthy/control	true
GCA_020388765.1	SAMN19550043	Staphylococcus aureus	SC1-HHS-HEALTHY-CONTROL-HEALTH	Host_Health_State_SD_Detail	healthy/control	false
GCA_020388765.1	SAMN19550043	Staphylococcus aureus	SC1-HHS-HEALTHY-CONTROL-HEALTH	Host_Health_State_SD_Method	context_dictionary	false
GCA_020388785.1	SAMN19550042	Staphylococcus aureus	SC1-HHS-HEALTHY-CONTROL-HEALTH	Host_Health_State_SD	healthy/control	true
GCA_020388785.1	SAMN19550042	Staphylococcus aureus	SC1-HHS-HEALTHY-CONTROL-HEALTH	Host_Health_State_SD_Detail	healthy/control	false
GCA_020388785.1	SAMN19550042	Staphylococcus aureus	SC1-HHS-HEALTHY-CONTROL-HEALTH	Host_Health_State_SD_Method	context_dictionary	false
GCA_020388805.1	SAMN19550041	Staphylococcus aureus	SC1-HHS-HEALTHY-CONTROL-HEALTH	Host_Health_State_SD	healthy/control	true
GCA_020388805.1	SAMN19550041	Staphylococcus aureus	SC1-HHS-HEALTHY-CONTROL-HEALTH	Host_Health_State_SD_Detail	healthy/control	false
GCA_020388805.1	SAMN19550041	Staphylococcus aureus	SC1-HHS-HEALTHY-CONTROL-HEALTH	Host_Health_State_SD_Method	context_dictionary	false
GCA_020388825.1	SAMN19550040	Staphylococcus aureus	SC1-HHS-HEALTHY-CONTROL-HEALTH	Host_Health_State_SD	healthy/control	true
GCA_020388825.1	SAMN19550040	Staphylococcus aureus	SC1-HHS-HEALTHY-CONTROL-HEALTH	Host_Health_State_SD_Detail	healthy/control	false
GCA_020388825.1	SAMN19550040	Staphylococcus aureus	SC1-HHS-HEALTHY-CONTROL-HEALTH	Host_Health_State_SD_Method	context_dictionary	false
GCA_020388845.1	SAMN19550039	Staphylococcus aureus	SC1-HHS-HEALTHY-CONTROL-HEALTH	Host_Health_State_SD	healthy/control	true
GCA_020388845.1	SAMN19550039	Staphylococcus aureus	SC1-HHS-HEALTHY-CONTROL-HEALTH	Host_Health_State_SD_Detail	healthy/control	false
GCA_020388845.1	SAMN19550039	Staphylococcus aureus	SC1-HHS-HEALTHY-CONTROL-HEALTH	Host_Health_State_SD_Method	context_dictionary	false
GCA_020388865.1	SAMN19550038	Staphylococcus aureus	SC1-HHS-HEALTHY-CONTROL-HEALTH	Host_Health_State_SD	healthy/control	true
GCA_020388865.1	SAMN19550038	Staphylococcus aureus	SC1-HHS-HEALTHY-CONTROL-HEALTH	Host_Health_State_SD_Detail	healthy/control	false
GCA_020388865.1	SAMN19550038	Staphylococcus aureus	SC1-HHS-HEALTHY-CONTROL-HEALTH	Host_Health_State_SD_Method	context_dictionary	false
GCA_020388885.1	SAMN19550037	Staphylococcus aureus	SC1-HHS-HEALTHY-CONTROL-HEALTH	Host_Health_State_SD	healthy/control	true
GCA_020388885.1	SAMN19550037	Staphylococcus aureus	SC1-HHS-HEALTHY-CONTROL-HEALTH	Host_Health_State_SD_Detail	healthy/control	false
GCA_020388885.1	SAMN19550037	Staphylococcus aureus	SC1-HHS-HEALTHY-CONTROL-HEALTH	Host_Health_State_SD_Method	context_dictionary	false
GCA_020388905.1	SAMN19550036	Staphylococcus aureus	SC1-HHS-HEALTHY-CONTROL-HEALTH	Host_Health_State_SD	healthy/control	true
GCA_020388905.1	SAMN19550036	Staphylococcus aureus	SC1-HHS-HEALTHY-CONTROL-HEALTH	Host_Health_State_SD_Detail	healthy/control	false
GCA_020388905.1	SAMN19550036	Staphylococcus aureus	SC1-HHS-HEALTHY-CONTROL-HEALTH	Host_Health_State_SD_Method	context_dictionary	false
GCA_020388925.1	SAMN19550035	Staphylococcus aureus	SC1-HHS-HEALTHY-CONTROL-HEALTH	Host_Health_State_SD	healthy/control	true
GCA_020388925.1	SAMN19550035	Staphylococcus aureus	SC1-HHS-HEALTHY-CONTROL-HEALTH	Host_Health_State_SD_Detail	healthy/control	false
GCA_020388925.1	SAMN19550035	Staphylococcus aureus	SC1-HHS-HEALTHY-CONTROL-HEALTH	Host_Health_State_SD_Method	context_dictionary	false
GCA_020388945.1	SAMN19550034	Staphylococcus aureus	SC1-HHS-HEALTHY-CONTROL-HEALTH	Host_Health_State_SD	healthy/control	true
GCA_020388945.1	SAMN19550034	Staphylococcus aureus	SC1-HHS-HEALTHY-CONTROL-HEALTH	Host_Health_State_SD_Detail	healthy/control	false
GCA_020388945.1	SAMN19550034	Staphylococcus aureus	SC1-HHS-HEALTHY-CONTROL-HEALTH	Host_Health_State_SD_Method	context_dictionary	false
GCA_020389325.1	SAMN19550027	Staphylococcus aureus	SC1-HHS-HEALTHY-CONTROL-HEALTH	Host_Health_State_SD	healthy/control	true
GCA_020389325.1	SAMN19550027	Staphylococcus aureus	SC1-HHS-HEALTHY-CONTROL-HEALTH	Host_Health_State_SD_Detail	healthy/control	false
GCA_020389325.1	SAMN19550027	Staphylococcus aureus	SC1-HHS-HEALTHY-CONTROL-HEALTH	Host_Health_State_SD_Method	context_dictionary	false
GCA_020389425.1	SAMN19550026	Staphylococcus aureus	SC1-HHS-HEALTHY-CONTROL-HEALTH	Host_Health_State_SD	healthy/control	true
GCA_020389425.1	SAMN19550026	Staphylococcus aureus	SC1-HHS-HEALTHY-CONTROL-HEALTH	Host_Health_State_SD_Detail	healthy/control	false
GCA_020389425.1	SAMN19550026	Staphylococcus aureus	SC1-HHS-HEALTHY-CONTROL-HEALTH	Host_Health_State_SD_Method	context_dictionary	false
GCA_020389445.1	SAMN19550025	Staphylococcus aureus	SC1-HHS-HEALTHY-CONTROL-HEALTH	Host_Health_State_SD	healthy/control	true
GCA_020389445.1	SAMN19550025	Staphylococcus aureus	SC1-HHS-HEALTHY-CONTROL-HEALTH	Host_Health_State_SD_Detail	healthy/control	false
GCA_020389445.1	SAMN19550025	Staphylococcus aureus	SC1-HHS-HEALTHY-CONTROL-HEALTH	Host_Health_State_SD_Method	context_dictionary	false
GCA_020614355.1	SAMN22377381	Bifidobacterium pseudolongum	SC1-HHS-HEALTHY-CONTROL-HEALTH	Host_Health_State_SD	healthy/control	true
GCA_020614355.1	SAMN22377381	Bifidobacterium pseudolongum	SC1-HHS-HEALTHY-CONTROL-HEALTH	Host_Health_State_SD_Detail	healthy/control	false
GCA_020614355.1	SAMN22377381	Bifidobacterium pseudolongum	SC1-HHS-HEALTHY-CONTROL-HEALTH	Host_Health_State_SD_Method	context_dictionary	false
GCA_021581135.1	SAMN16491675	Vibrio cholerae	SC1-HHS-HEALTHY-CONTROL-HEALTH	Host_Health_State_SD	healthy/control	true
GCA_021581135.1	SAMN16491675	Vibrio cholerae	SC1-HHS-HEALTHY-CONTROL-HEALTH	Host_Health_State_SD_Detail	healthy/control	false
GCA_021581135.1	SAMN16491675	Vibrio cholerae	SC1-HHS-HEALTHY-CONTROL-HEALTH	Host_Health_State_SD_Method	context_dictionary	false
GCA_022711935.1	SAMN26087332	Klebsiella oxytoca	SC1-HHS-HEALTHY-CONTROL-HEALTH	Host_Health_State_SD	healthy/control	true
GCA_022711935.1	SAMN26087332	Klebsiella oxytoca	SC1-HHS-HEALTHY-CONTROL-HEALTH	Host_Health_State_SD_Detail	healthy/control	false
GCA_022711935.1	SAMN26087332	Klebsiella oxytoca	SC1-HHS-HEALTHY-CONTROL-HEALTH	Host_Health_State_SD_Method	context_dictionary	false
GCA_022711955.1	SAMN26087329	Candidatus Enterococcus leclercqii	SC1-HHS-HEALTHY-CONTROL-HEALTH	Host_Health_State_SD	healthy/control	true
GCA_022711955.1	SAMN26087329	Candidatus Enterococcus leclercqii	SC1-HHS-HEALTHY-CONTROL-HEALTH	Host_Health_State_SD_Detail	healthy/control	false
GCA_022711955.1	SAMN26087329	Candidatus Enterococcus leclercqii	SC1-HHS-HEALTHY-CONTROL-HEALTH	Host_Health_State_SD_Method	context_dictionary	false
GCA_022711975.1	SAMN26087338	Enterobacteriaceae bacterium	SC1-HHS-HEALTHY-CONTROL-HEALTH	Host_Health_State_SD	healthy/control	true
GCA_022711975.1	SAMN26087338	Enterobacteriaceae bacterium	SC1-HHS-HEALTHY-CONTROL-HEALTH	Host_Health_State_SD_Detail	healthy/control	false
GCA_022711975.1	SAMN26087338	Enterobacteriaceae bacterium	SC1-HHS-HEALTHY-CONTROL-HEALTH	Host_Health_State_SD_Method	context_dictionary	false
GCA_022711995.1	SAMN26087359	Enterococcus sp.	SC1-HHS-HEALTHY-CONTROL-HEALTH	Host_Health_State_SD	healthy/control	true
GCA_022711995.1	SAMN26087359	Enterococcus sp.	SC1-HHS-HEALTHY-CONTROL-HEALTH	Host_Health_State_SD_Detail	healthy/control	false
GCA_022711995.1	SAMN26087359	Enterococcus sp.	SC1-HHS-HEALTHY-CONTROL-HEALTH	Host_Health_State_SD_Method	context_dictionary	false
GCA_023102075.1	SAMN27350398	Cronobacter sakazakii	SC1-HHS-HEALTHY-CONTROL-HEALTH	Host_Health_State_SD	healthy/control	true
GCA_023102075.1	SAMN27350398	Cronobacter sakazakii	SC1-HHS-HEALTHY-CONTROL-HEALTH	Host_Health_State_SD_Detail	healthy/control	false
GCA_023102075.1	SAMN27350398	Cronobacter sakazakii	SC1-HHS-HEALTHY-CONTROL-HEALTH	Host_Health_State_SD_Method	context_dictionary	false
GCA_027493075.1	SAMN32105617	Candidatus Anaerovoracibacter azotivorans	SC1-HHS-HEALTHY-CONTROL-HEALTH	Host_Health_State_SD	healthy/control	true
GCA_027493075.1	SAMN32105617	Candidatus Anaerovoracibacter azotivorans	SC1-HHS-HEALTHY-CONTROL-HEALTH	Host_Health_State_SD_Detail	healthy/control	false
GCA_027493075.1	SAMN32105617	Candidatus Anaerovoracibacter azotivorans	SC1-HHS-HEALTHY-CONTROL-HEALTH	Host_Health_State_SD_Method	context_dictionary	false
GCA_027493095.1	SAMN32105618	Candidatus Multivorans azotirespirans	SC1-HHS-HEALTHY-CONTROL-HEALTH	Host_Health_State_SD	healthy/control	true
GCA_027493095.1	SAMN32105618	Candidatus Multivorans azotirespirans	SC1-HHS-HEALTHY-CONTROL-HEALTH	Host_Health_State_SD_Detail	healthy/control	false
GCA_027493095.1	SAMN32105618	Candidatus Multivorans azotirespirans	SC1-HHS-HEALTHY-CONTROL-HEALTH	Host_Health_State_SD_Method	context_dictionary	false
GCA_027493335.1	SAMN32105606	Candidatus Multivorans thiocomprendens	SC1-HHS-HEALTHY-CONTROL-HEALTH	Host_Health_State_SD	healthy/control	true
GCA_027493335.1	SAMN32105606	Candidatus Multivorans thiocomprendens	SC1-HHS-HEALTHY-CONTROL-HEALTH	Host_Health_State_SD_Detail	healthy/control	false
GCA_027493335.1	SAMN32105606	Candidatus Multivorans thiocomprendens	SC1-HHS-HEALTHY-CONTROL-HEALTH	Host_Health_State_SD_Method	context_dictionary	false
GCA_028278905.1	SAMN31047470	Candidatus Hopanoidivorans cymbastelae	SC1-HHS-HEALTHY-CONTROL-HEALTH	Host_Health_State_SD	healthy/control	true
GCA_028278905.1	SAMN31047470	Candidatus Hopanoidivorans cymbastelae	SC1-HHS-HEALTHY-CONTROL-HEALTH	Host_Health_State_SD_Detail	healthy/control	false
GCA_028278905.1	SAMN31047470	Candidatus Hopanoidivorans cymbastelae	SC1-HHS-HEALTHY-CONTROL-HEALTH	Host_Health_State_SD_Method	context_dictionary	false
GCA_028279005.1	SAMN31047461	Candidatus Spongiisocius variivorans	SC1-HHS-HEALTHY-CONTROL-HEALTH	Host_Health_State_SD	healthy/control	true
GCA_028279005.1	SAMN31047461	Candidatus Spongiisocius variivorans	SC1-HHS-HEALTHY-CONTROL-HEALTH	Host_Health_State_SD_Detail	healthy/control	false
GCA_028279005.1	SAMN31047461	Candidatus Spongiisocius variivorans	SC1-HHS-HEALTHY-CONTROL-HEALTH	Host_Health_State_SD_Method	context_dictionary	false
GCA_028279015.1	SAMN31047465	Candidatus Aldehydirespirator catecholifindens	SC1-HHS-HEALTHY-CONTROL-HEALTH	Host_Health_State_SD	healthy/control	true
GCA_028279015.1	SAMN31047465	Candidatus Aldehydirespirator catecholifindens	SC1-HHS-HEALTHY-CONTROL-HEALTH	Host_Health_State_SD_Detail	healthy/control	false
GCA_028279015.1	SAMN31047465	Candidatus Aldehydirespirator catecholifindens	SC1-HHS-HEALTHY-CONTROL-HEALTH	Host_Health_State_SD_Method	context_dictionary	false
GCA_028283155.1	SAMN31047479	Candidatus Poriferisodalis multihospitum	SC1-HHS-HEALTHY-CONTROL-HEALTH	Host_Health_State_SD	healthy/control	true
GCA_028283155.1	SAMN31047479	Candidatus Poriferisodalis multihospitum	SC1-HHS-HEALTHY-CONTROL-HEALTH	Host_Health_State_SD_Detail	healthy/control	false
GCA_028283155.1	SAMN31047479	Candidatus Poriferisodalis multihospitum	SC1-HHS-HEALTHY-CONTROL-HEALTH	Host_Health_State_SD_Method	context_dictionary	false
GCA_028285795.1	SAMN30287279	Candidatus Poriferihabitans thioversatilis	SC1-HHS-HEALTHY-CONTROL-HEALTH	Host_Health_State_SD	healthy/control	true
GCA_028285795.1	SAMN30287279	Candidatus Poriferihabitans thioversatilis	SC1-HHS-HEALTHY-CONTROL-HEALTH	Host_Health_State_SD_Detail	healthy/control	false
GCA_028285795.1	SAMN30287279	Candidatus Poriferihabitans thioversatilis	SC1-HHS-HEALTHY-CONTROL-HEALTH	Host_Health_State_SD_Method	context_dictionary	false
GCA_028285905.1	SAMN30287275	Gammaproteobacteria bacterium	SC1-HHS-HEALTHY-CONTROL-HEALTH	Host_Health_State_SD	healthy/control	true
GCA_028285905.1	SAMN30287275	Gammaproteobacteria bacterium	SC1-HHS-HEALTHY-CONTROL-HEALTH	Host_Health_State_SD_Detail	healthy/control	false
GCA_028285905.1	SAMN30287275	Gammaproteobacteria bacterium	SC1-HHS-HEALTHY-CONTROL-HEALTH	Host_Health_State_SD_Method	context_dictionary	false
GCA_028286035.1	SAMN30287267	Gammaproteobacteria bacterium	SC1-HHS-HEALTHY-CONTROL-HEALTH	Host_Health_State_SD	healthy/control	true
GCA_028286035.1	SAMN30287267	Gammaproteobacteria bacterium	SC1-HHS-HEALTHY-CONTROL-HEALTH	Host_Health_State_SD_Detail	healthy/control	false
GCA_028286035.1	SAMN30287267	Gammaproteobacteria bacterium	SC1-HHS-HEALTHY-CONTROL-HEALTH	Host_Health_State_SD_Method	context_dictionary	false
GCA_028286055.1	SAMN30287264	Gammaproteobacteria bacterium	SC1-HHS-HEALTHY-CONTROL-HEALTH	Host_Health_State_SD	healthy/control	true
GCA_028286055.1	SAMN30287264	Gammaproteobacteria bacterium	SC1-HHS-HEALTHY-CONTROL-HEALTH	Host_Health_State_SD_Detail	healthy/control	false
GCA_028286055.1	SAMN30287264	Gammaproteobacteria bacterium	SC1-HHS-HEALTHY-CONTROL-HEALTH	Host_Health_State_SD_Method	context_dictionary	false
GCA_028286165.1	SAMN30287262	Candidatus Spongiicolonus versatilis	SC1-HHS-HEALTHY-CONTROL-HEALTH	Host_Health_State_SD	healthy/control	true
GCA_028286165.1	SAMN30287262	Candidatus Spongiicolonus versatilis	SC1-HHS-HEALTHY-CONTROL-HEALTH	Host_Health_State_SD_Detail	healthy/control	false
GCA_028286165.1	SAMN30287262	Candidatus Spongiicolonus versatilis	SC1-HHS-HEALTHY-CONTROL-HEALTH	Host_Health_State_SD_Method	context_dictionary	false
GCA_028289785.1	SAMN30287270	Pseudomonadales bacterium	SC1-HHS-HEALTHY-CONTROL-HEALTH	Host_Health_State_SD	healthy/control	true
GCA_028289785.1	SAMN30287270	Pseudomonadales bacterium	SC1-HHS-HEALTHY-CONTROL-HEALTH	Host_Health_State_SD_Detail	healthy/control	false
GCA_028289785.1	SAMN30287270	Pseudomonadales bacterium	SC1-HHS-HEALTHY-CONTROL-HEALTH	Host_Health_State_SD_Method	context_dictionary	false
GCA_029696065.1	SAMN23375391	Bacillus thuringiensis	SC1-HHS-HEALTHY-CONTROL-HEALTH	Host_Health_State_SD	healthy/control	true
GCA_029696065.1	SAMN23375391	Bacillus thuringiensis	SC1-HHS-HEALTHY-CONTROL-HEALTH	Host_Health_State_SD_Detail	healthy/control	false
GCA_029696065.1	SAMN23375391	Bacillus thuringiensis	SC1-HHS-HEALTHY-CONTROL-HEALTH	Host_Health_State_SD_Method	context_dictionary	false
GCA_029696085.1	SAMN23375392	Bacillus thuringiensis	SC1-HHS-HEALTHY-CONTROL-HEALTH	Host_Health_State_SD	healthy/control	true
GCA_029696085.1	SAMN23375392	Bacillus thuringiensis	SC1-HHS-HEALTHY-CONTROL-HEALTH	Host_Health_State_SD_Detail	healthy/control	false
GCA_029696085.1	SAMN23375392	Bacillus thuringiensis	SC1-HHS-HEALTHY-CONTROL-HEALTH	Host_Health_State_SD_Method	context_dictionary	false
GCA_029865705.1	SAMN34111923	Candidatus Fonsibacter sp.	SC1-HHS-HEALTHY-CONTROL-HEALTH	Host_Health_State_SD	healthy/control	true
GCA_029865705.1	SAMN34111923	Candidatus Fonsibacter sp.	SC1-HHS-HEALTHY-CONTROL-HEALTH	Host_Health_State_SD_Detail	healthy/control	false
GCA_029865705.1	SAMN34111923	Candidatus Fonsibacter sp.	SC1-HHS-HEALTHY-CONTROL-HEALTH	Host_Health_State_SD_Method	context_dictionary	false
GCA_029865745.1	SAMN34111918	Candidatus Methylopumilus sp.	SC1-HHS-HEALTHY-CONTROL-HEALTH	Host_Health_State_SD	healthy/control	true
GCA_029865745.1	SAMN34111918	Candidatus Methylopumilus sp.	SC1-HHS-HEALTHY-CONTROL-HEALTH	Host_Health_State_SD_Detail	healthy/control	false
GCA_029865745.1	SAMN34111918	Candidatus Methylopumilus sp.	SC1-HHS-HEALTHY-CONTROL-HEALTH	Host_Health_State_SD_Method	context_dictionary	false
GCA_030129975.1	SAMN31927176	Acinetobacter baumannii	SC1-HHS-HEALTHY-CONTROL-HEALTH	Host_Health_State_SD	healthy/control	true
GCA_030129975.1	SAMN31927176	Acinetobacter baumannii	SC1-HHS-HEALTHY-CONTROL-HEALTH	Host_Health_State_SD_Detail	healthy/control	false
GCA_030129975.1	SAMN31927176	Acinetobacter baumannii	SC1-HHS-HEALTHY-CONTROL-HEALTH	Host_Health_State_SD_Method	context_dictionary	false
GCA_030130005.1	SAMN31927178	Acinetobacter baumannii	SC1-HHS-HEALTHY-CONTROL-HEALTH	Host_Health_State_SD	healthy/control	true
GCA_030130005.1	SAMN31927178	Acinetobacter baumannii	SC1-HHS-HEALTHY-CONTROL-HEALTH	Host_Health_State_SD_Detail	healthy/control	false
GCA_030130005.1	SAMN31927178	Acinetobacter baumannii	SC1-HHS-HEALTHY-CONTROL-HEALTH	Host_Health_State_SD_Method	context_dictionary	false
GCA_030130585.1	SAMN31927170	Acinetobacter baumannii	SC1-HHS-HEALTHY-CONTROL-HEALTH	Host_Health_State_SD	healthy/control	true
GCA_030130585.1	SAMN31927170	Acinetobacter baumannii	SC1-HHS-HEALTHY-CONTROL-HEALTH	Host_Health_State_SD_Detail	healthy/control	false
GCA_030130585.1	SAMN31927170	Acinetobacter baumannii	SC1-HHS-HEALTHY-CONTROL-HEALTH	Host_Health_State_SD_Method	context_dictionary	false
GCA_030130605.1	SAMN31927169	Acinetobacter baumannii	SC1-HHS-HEALTHY-CONTROL-HEALTH	Host_Health_State_SD	healthy/control	true
GCA_030130605.1	SAMN31927169	Acinetobacter baumannii	SC1-HHS-HEALTHY-CONTROL-HEALTH	Host_Health_State_SD_Detail	healthy/control	false
GCA_030130605.1	SAMN31927169	Acinetobacter baumannii	SC1-HHS-HEALTHY-CONTROL-HEALTH	Host_Health_State_SD_Method	context_dictionary	false
GCA_030130645.1	SAMN31927167	Acinetobacter baumannii	SC1-HHS-HEALTHY-CONTROL-HEALTH	Host_Health_State_SD	healthy/control	true
GCA_030130645.1	SAMN31927167	Acinetobacter baumannii	SC1-HHS-HEALTHY-CONTROL-HEALTH	Host_Health_State_SD_Detail	healthy/control	false
GCA_030130645.1	SAMN31927167	Acinetobacter baumannii	SC1-HHS-HEALTHY-CONTROL-HEALTH	Host_Health_State_SD_Method	context_dictionary	false
GCA_030130695.1	SAMN31927166	Acinetobacter baumannii	SC1-HHS-HEALTHY-CONTROL-HEALTH	Host_Health_State_SD	healthy/control	true
GCA_030130695.1	SAMN31927166	Acinetobacter baumannii	SC1-HHS-HEALTHY-CONTROL-HEALTH	Host_Health_State_SD_Detail	healthy/control	false
GCA_030130695.1	SAMN31927166	Acinetobacter baumannii	SC1-HHS-HEALTHY-CONTROL-HEALTH	Host_Health_State_SD_Method	context_dictionary	false
GCA_030130795.1	SAMN31927159	Acinetobacter baumannii	SC1-HHS-HEALTHY-CONTROL-HEALTH	Host_Health_State_SD	healthy/control	true
GCA_030130795.1	SAMN31927159	Acinetobacter baumannii	SC1-HHS-HEALTHY-CONTROL-HEALTH	Host_Health_State_SD_Detail	healthy/control	false
GCA_030130795.1	SAMN31927159	Acinetobacter baumannii	SC1-HHS-HEALTHY-CONTROL-HEALTH	Host_Health_State_SD_Method	context_dictionary	false
GCA_030130845.1	SAMN31927164	Acinetobacter baumannii	SC1-HHS-HEALTHY-CONTROL-HEALTH	Host_Health_State_SD	healthy/control	true
GCA_030130845.1	SAMN31927164	Acinetobacter baumannii	SC1-HHS-HEALTHY-CONTROL-HEALTH	Host_Health_State_SD_Detail	healthy/control	false
GCA_030130845.1	SAMN31927164	Acinetobacter baumannii	SC1-HHS-HEALTHY-CONTROL-HEALTH	Host_Health_State_SD_Method	context_dictionary	false
GCA_030130865.1	SAMN31927157	Acinetobacter baumannii	SC1-HHS-HEALTHY-CONTROL-HEALTH	Host_Health_State_SD	healthy/control	true
GCA_030130865.1	SAMN31927157	Acinetobacter baumannii	SC1-HHS-HEALTHY-CONTROL-HEALTH	Host_Health_State_SD_Detail	healthy/control	false
GCA_030130865.1	SAMN31927157	Acinetobacter baumannii	SC1-HHS-HEALTHY-CONTROL-HEALTH	Host_Health_State_SD_Method	context_dictionary	false
GCA_030131085.1	SAMN31927145	Acinetobacter baumannii	SC1-HHS-HEALTHY-CONTROL-HEALTH	Host_Health_State_SD	healthy/control	true
GCA_030131085.1	SAMN31927145	Acinetobacter baumannii	SC1-HHS-HEALTHY-CONTROL-HEALTH	Host_Health_State_SD_Detail	healthy/control	false
GCA_030131085.1	SAMN31927145	Acinetobacter baumannii	SC1-HHS-HEALTHY-CONTROL-HEALTH	Host_Health_State_SD_Method	context_dictionary	false
GCA_030131185.1	SAMN31927144	Acinetobacter baumannii	SC1-HHS-HEALTHY-CONTROL-HEALTH	Host_Health_State_SD	healthy/control	true
GCA_030131185.1	SAMN31927144	Acinetobacter baumannii	SC1-HHS-HEALTHY-CONTROL-HEALTH	Host_Health_State_SD_Detail	healthy/control	false
GCA_030131185.1	SAMN31927144	Acinetobacter baumannii	SC1-HHS-HEALTHY-CONTROL-HEALTH	Host_Health_State_SD_Method	context_dictionary	false
GCA_030131225.1	SAMN31927139	Acinetobacter baumannii	SC1-HHS-HEALTHY-CONTROL-HEALTH	Host_Health_State_SD	healthy/control	true
GCA_030131225.1	SAMN31927139	Acinetobacter baumannii	SC1-HHS-HEALTHY-CONTROL-HEALTH	Host_Health_State_SD_Detail	healthy/control	false
GCA_030131225.1	SAMN31927139	Acinetobacter baumannii	SC1-HHS-HEALTHY-CONTROL-HEALTH	Host_Health_State_SD_Method	context_dictionary	false
GCA_030131445.1	SAMN31927128	Acinetobacter baumannii	SC1-HHS-HEALTHY-CONTROL-HEALTH	Host_Health_State_SD	healthy/control	true
GCA_030131445.1	SAMN31927128	Acinetobacter baumannii	SC1-HHS-HEALTHY-CONTROL-HEALTH	Host_Health_State_SD_Detail	healthy/control	false
GCA_030131445.1	SAMN31927128	Acinetobacter baumannii	SC1-HHS-HEALTHY-CONTROL-HEALTH	Host_Health_State_SD_Method	context_dictionary	false
GCA_030131545.1	SAMN31927122	Acinetobacter baumannii	SC1-HHS-HEALTHY-CONTROL-HEALTH	Host_Health_State_SD	healthy/control	true
GCA_030131545.1	SAMN31927122	Acinetobacter baumannii	SC1-HHS-HEALTHY-CONTROL-HEALTH	Host_Health_State_SD_Detail	healthy/control	false
GCA_030131545.1	SAMN31927122	Acinetobacter baumannii	SC1-HHS-HEALTHY-CONTROL-HEALTH	Host_Health_State_SD_Method	context_dictionary	false
GCA_030131625.1	SAMN31927124	Acinetobacter baumannii	SC1-HHS-HEALTHY-CONTROL-HEALTH	Host_Health_State_SD	healthy/control	true
GCA_030131625.1	SAMN31927124	Acinetobacter baumannii	SC1-HHS-HEALTHY-CONTROL-HEALTH	Host_Health_State_SD_Detail	healthy/control	false
GCA_030131625.1	SAMN31927124	Acinetobacter baumannii	SC1-HHS-HEALTHY-CONTROL-HEALTH	Host_Health_State_SD_Method	context_dictionary	false
GCA_032575415.1	SAMN11391550	Escherichia coli	SC1-HHS-HEALTHY-CONTROL-HEALTH	Host_Health_State_SD	healthy/control	true
GCA_032575415.1	SAMN11391550	Escherichia coli	SC1-HHS-HEALTHY-CONTROL-HEALTH	Host_Health_State_SD_Detail	healthy/control	false
GCA_032575415.1	SAMN11391550	Escherichia coli	SC1-HHS-HEALTHY-CONTROL-HEALTH	Host_Health_State_SD_Method	context_dictionary	false
GCA_032575435.1	SAMN11391549	Corynebacterium kroppenstedtii	SC1-HHS-HEALTHY-CONTROL-HEALTH	Host_Health_State_SD	healthy/control	true
GCA_032575435.1	SAMN11391549	Corynebacterium kroppenstedtii	SC1-HHS-HEALTHY-CONTROL-HEALTH	Host_Health_State_SD_Detail	healthy/control	false
GCA_032575435.1	SAMN11391549	Corynebacterium kroppenstedtii	SC1-HHS-HEALTHY-CONTROL-HEALTH	Host_Health_State_SD_Method	context_dictionary	false
GCA_032575495.1	SAMN11391547	Klebsiella pneumoniae	SC1-HHS-HEALTHY-CONTROL-HEALTH	Host_Health_State_SD	healthy/control	true
GCA_032575495.1	SAMN11391547	Klebsiella pneumoniae	SC1-HHS-HEALTHY-CONTROL-HEALTH	Host_Health_State_SD_Detail	healthy/control	false
GCA_032575495.1	SAMN11391547	Klebsiella pneumoniae	SC1-HHS-HEALTHY-CONTROL-HEALTH	Host_Health_State_SD_Method	context_dictionary	false
GCA_032575555.1	SAMN11391546	Escherichia coli	SC1-HHS-HEALTHY-CONTROL-HEALTH	Host_Health_State_SD	healthy/control	true
GCA_032575555.1	SAMN11391546	Escherichia coli	SC1-HHS-HEALTHY-CONTROL-HEALTH	Host_Health_State_SD_Detail	healthy/control	false
GCA_032575555.1	SAMN11391546	Escherichia coli	SC1-HHS-HEALTHY-CONTROL-HEALTH	Host_Health_State_SD_Method	context_dictionary	false
GCA_032604735.1	SAMN37796828	Staphylococcus aureus	SC1-HHS-HEALTHY-CONTROL-HEALTH	Host_Health_State_SD	healthy/control	true
GCA_032604735.1	SAMN37796828	Staphylococcus aureus	SC1-HHS-HEALTHY-CONTROL-HEALTH	Host_Health_State_SD_Detail	healthy/control	false
GCA_032604735.1	SAMN37796828	Staphylococcus aureus	SC1-HHS-HEALTHY-CONTROL-HEALTH	Host_Health_State_SD_Method	context_dictionary	false
GCA_032604915.1	SAMN37796757	Listeria monocytogenes	SC1-HHS-HEALTHY-CONTROL-HEALTH	Host_Health_State_SD	healthy/control	true
GCA_032604915.1	SAMN37796757	Listeria monocytogenes	SC1-HHS-HEALTHY-CONTROL-HEALTH	Host_Health_State_SD_Detail	healthy/control	false
GCA_032604915.1	SAMN37796757	Listeria monocytogenes	SC1-HHS-HEALTHY-CONTROL-HEALTH	Host_Health_State_SD_Method	context_dictionary	false
GCA_032852745.1	SAMN37873826	Escherichia coli	SC1-HHS-HEALTHY-CONTROL-HEALTH	Host_Health_State_SD	healthy/control	true
GCA_032852745.1	SAMN37873826	Escherichia coli	SC1-HHS-HEALTHY-CONTROL-HEALTH	Host_Health_State_SD_Detail	healthy/control	false
GCA_032852745.1	SAMN37873826	Escherichia coli	SC1-HHS-HEALTHY-CONTROL-HEALTH	Host_Health_State_SD_Method	context_dictionary	false
GCA_032852765.1	SAMN37873827	Escherichia coli	SC1-HHS-HEALTHY-CONTROL-HEALTH	Host_Health_State_SD	healthy/control	true
GCA_032852765.1	SAMN37873827	Escherichia coli	SC1-HHS-HEALTHY-CONTROL-HEALTH	Host_Health_State_SD_Detail	healthy/control	false
GCA_032852765.1	SAMN37873827	Escherichia coli	SC1-HHS-HEALTHY-CONTROL-HEALTH	Host_Health_State_SD_Method	context_dictionary	false
GCA_032852805.1	SAMN37873829	Escherichia coli	SC1-HHS-HEALTHY-CONTROL-HEALTH	Host_Health_State_SD	healthy/control	true
GCA_032852805.1	SAMN37873829	Escherichia coli	SC1-HHS-HEALTHY-CONTROL-HEALTH	Host_Health_State_SD_Detail	healthy/control	false
GCA_032852805.1	SAMN37873829	Escherichia coli	SC1-HHS-HEALTHY-CONTROL-HEALTH	Host_Health_State_SD_Method	context_dictionary	false
GCA_032852825.1	SAMN37873828	Escherichia coli	SC1-HHS-HEALTHY-CONTROL-HEALTH	Host_Health_State_SD	healthy/control	true
GCA_032852825.1	SAMN37873828	Escherichia coli	SC1-HHS-HEALTHY-CONTROL-HEALTH	Host_Health_State_SD_Detail	healthy/control	false
GCA_032852825.1	SAMN37873828	Escherichia coli	SC1-HHS-HEALTHY-CONTROL-HEALTH	Host_Health_State_SD_Method	context_dictionary	false
GCA_032852845.1	SAMN37873830	Escherichia coli	SC1-HHS-HEALTHY-CONTROL-HEALTH	Host_Health_State_SD	healthy/control	true
GCA_032852845.1	SAMN37873830	Escherichia coli	SC1-HHS-HEALTHY-CONTROL-HEALTH	Host_Health_State_SD_Detail	healthy/control	false
GCA_032852845.1	SAMN37873830	Escherichia coli	SC1-HHS-HEALTHY-CONTROL-HEALTH	Host_Health_State_SD_Method	context_dictionary	false
GCA_034421635.1	SAMN13291823	Clostridium perfringens	SC1-HHS-HEALTHY-CONTROL-HEALTH	Host_Health_State_SD	healthy/control	true
GCA_034421635.1	SAMN13291823	Clostridium perfringens	SC1-HHS-HEALTHY-CONTROL-HEALTH	Host_Health_State_SD_Detail	healthy/control	false
GCA_034421635.1	SAMN13291823	Clostridium perfringens	SC1-HHS-HEALTHY-CONTROL-HEALTH	Host_Health_State_SD_Method	context_dictionary	false
GCA_034421715.1	SAMN13291822	Clostridium perfringens	SC1-HHS-HEALTHY-CONTROL-HEALTH	Host_Health_State_SD	healthy/control	true
GCA_034421715.1	SAMN13291822	Clostridium perfringens	SC1-HHS-HEALTHY-CONTROL-HEALTH	Host_Health_State_SD_Detail	healthy/control	false
GCA_034421715.1	SAMN13291822	Clostridium perfringens	SC1-HHS-HEALTHY-CONTROL-HEALTH	Host_Health_State_SD_Method	context_dictionary	false
GCA_034421775.1	SAMN13291821	Clostridium perfringens	SC1-HHS-HEALTHY-CONTROL-HEALTH	Host_Health_State_SD	healthy/control	true
GCA_034421775.1	SAMN13291821	Clostridium perfringens	SC1-HHS-HEALTHY-CONTROL-HEALTH	Host_Health_State_SD_Detail	healthy/control	false
GCA_034421775.1	SAMN13291821	Clostridium perfringens	SC1-HHS-HEALTHY-CONTROL-HEALTH	Host_Health_State_SD_Method	context_dictionary	false
GCA_034421875.1	SAMN13291820	Clostridium perfringens	SC1-HHS-HEALTHY-CONTROL-HEALTH	Host_Health_State_SD	healthy/control	true
GCA_034421875.1	SAMN13291820	Clostridium perfringens	SC1-HHS-HEALTHY-CONTROL-HEALTH	Host_Health_State_SD_Detail	healthy/control	false
GCA_034421875.1	SAMN13291820	Clostridium perfringens	SC1-HHS-HEALTHY-CONTROL-HEALTH	Host_Health_State_SD_Method	context_dictionary	false
GCA_034421935.1	SAMN13291819	Clostridium perfringens	SC1-HHS-HEALTHY-CONTROL-HEALTH	Host_Health_State_SD	healthy/control	true
GCA_034421935.1	SAMN13291819	Clostridium perfringens	SC1-HHS-HEALTHY-CONTROL-HEALTH	Host_Health_State_SD_Detail	healthy/control	false
GCA_034421935.1	SAMN13291819	Clostridium perfringens	SC1-HHS-HEALTHY-CONTROL-HEALTH	Host_Health_State_SD_Method	context_dictionary	false
GCA_034422015.1	SAMN13291818	Clostridium perfringens	SC1-HHS-HEALTHY-CONTROL-HEALTH	Host_Health_State_SD	healthy/control	true
GCA_034422015.1	SAMN13291818	Clostridium perfringens	SC1-HHS-HEALTHY-CONTROL-HEALTH	Host_Health_State_SD_Detail	healthy/control	false
GCA_034422015.1	SAMN13291818	Clostridium perfringens	SC1-HHS-HEALTHY-CONTROL-HEALTH	Host_Health_State_SD_Method	context_dictionary	false
GCA_034422055.1	SAMN13291816	Clostridium perfringens	SC1-HHS-HEALTHY-CONTROL-HEALTH	Host_Health_State_SD	healthy/control	true
GCA_034422055.1	SAMN13291816	Clostridium perfringens	SC1-HHS-HEALTHY-CONTROL-HEALTH	Host_Health_State_SD_Detail	healthy/control	false
GCA_034422055.1	SAMN13291816	Clostridium perfringens	SC1-HHS-HEALTHY-CONTROL-HEALTH	Host_Health_State_SD_Method	context_dictionary	false
GCA_036323255.1	SAMD00632032	Fusobacterium nucleatum	SC1-HHS-HEALTHY-CONTROL-HEALTH	Host_Health_State_SD	healthy/control	true
GCA_036323255.1	SAMD00632032	Fusobacterium nucleatum	SC1-HHS-HEALTHY-CONTROL-HEALTH	Host_Health_State_SD_Detail	healthy/control	false
GCA_036323255.1	SAMD00632032	Fusobacterium nucleatum	SC1-HHS-HEALTHY-CONTROL-HEALTH	Host_Health_State_SD_Method	context_dictionary	false
GCA_036323275.1	SAMD00632033	Fusobacterium nucleatum	SC1-HHS-HEALTHY-CONTROL-HEALTH	Host_Health_State_SD	healthy/control	true
GCA_036323275.1	SAMD00632033	Fusobacterium nucleatum	SC1-HHS-HEALTHY-CONTROL-HEALTH	Host_Health_State_SD_Detail	healthy/control	false
GCA_036323275.1	SAMD00632033	Fusobacterium nucleatum	SC1-HHS-HEALTHY-CONTROL-HEALTH	Host_Health_State_SD_Method	context_dictionary	false
GCA_036323295.1	SAMD00632034	Fusobacterium nucleatum	SC1-HHS-HEALTHY-CONTROL-HEALTH	Host_Health_State_SD	healthy/control	true
GCA_036323295.1	SAMD00632034	Fusobacterium nucleatum	SC1-HHS-HEALTHY-CONTROL-HEALTH	Host_Health_State_SD_Detail	healthy/control	false
GCA_036323295.1	SAMD00632034	Fusobacterium nucleatum	SC1-HHS-HEALTHY-CONTROL-HEALTH	Host_Health_State_SD_Method	context_dictionary	false
GCA_040576175.1	SAMN42385581	Escherichia coli	SC1-HHS-HEALTHY-CONTROL-HEALTH	Host_Health_State_SD	healthy/control	true
GCA_040576175.1	SAMN42385581	Escherichia coli	SC1-HHS-HEALTHY-CONTROL-HEALTH	Host_Health_State_SD_Detail	healthy/control	false
GCA_040576175.1	SAMN42385581	Escherichia coli	SC1-HHS-HEALTHY-CONTROL-HEALTH	Host_Health_State_SD_Method	context_dictionary	false
GCA_040576805.1	SAMN42385580	Escherichia coli	SC1-HHS-HEALTHY-CONTROL-HEALTH	Host_Health_State_SD	healthy/control	true
GCA_040576805.1	SAMN42385580	Escherichia coli	SC1-HHS-HEALTHY-CONTROL-HEALTH	Host_Health_State_SD_Detail	healthy/control	false
GCA_040576805.1	SAMN42385580	Escherichia coli	SC1-HHS-HEALTHY-CONTROL-HEALTH	Host_Health_State_SD_Method	context_dictionary	false
GCA_040831525.1	SAMN42764705	Escherichia coli	SC1-HHS-HEALTHY-CONTROL-HEALTH	Host_Health_State_SD	healthy/control	true
GCA_040831525.1	SAMN42764705	Escherichia coli	SC1-HHS-HEALTHY-CONTROL-HEALTH	Host_Health_State_SD_Detail	healthy/control	false
GCA_040831525.1	SAMN42764705	Escherichia coli	SC1-HHS-HEALTHY-CONTROL-HEALTH	Host_Health_State_SD_Method	context_dictionary	false
GCA_040831545.1	SAMN42764709	Escherichia coli	SC1-HHS-HEALTHY-CONTROL-HEALTH	Host_Health_State_SD	healthy/control	true
GCA_040831545.1	SAMN42764709	Escherichia coli	SC1-HHS-HEALTHY-CONTROL-HEALTH	Host_Health_State_SD_Detail	healthy/control	false
GCA_040831545.1	SAMN42764709	Escherichia coli	SC1-HHS-HEALTHY-CONTROL-HEALTH	Host_Health_State_SD_Method	context_dictionary	false
GCA_040831585.1	SAMN42764706	Escherichia coli	SC1-HHS-HEALTHY-CONTROL-HEALTH	Host_Health_State_SD	healthy/control	true
GCA_040831585.1	SAMN42764706	Escherichia coli	SC1-HHS-HEALTHY-CONTROL-HEALTH	Host_Health_State_SD_Detail	healthy/control	false
GCA_040831585.1	SAMN42764706	Escherichia coli	SC1-HHS-HEALTHY-CONTROL-HEALTH	Host_Health_State_SD_Method	context_dictionary	false
GCA_040833275.1	SAMN42764707	Escherichia coli	SC1-HHS-HEALTHY-CONTROL-HEALTH	Host_Health_State_SD	healthy/control	true
GCA_040833275.1	SAMN42764707	Escherichia coli	SC1-HHS-HEALTHY-CONTROL-HEALTH	Host_Health_State_SD_Detail	healthy/control	false
GCA_040833275.1	SAMN42764707	Escherichia coli	SC1-HHS-HEALTHY-CONTROL-HEALTH	Host_Health_State_SD_Method	context_dictionary	false
GCA_040833355.1	SAMN42764704	Escherichia coli	SC1-HHS-HEALTHY-CONTROL-HEALTH	Host_Health_State_SD	healthy/control	true
GCA_040833355.1	SAMN42764704	Escherichia coli	SC1-HHS-HEALTHY-CONTROL-HEALTH	Host_Health_State_SD_Detail	healthy/control	false
GCA_040833355.1	SAMN42764704	Escherichia coli	SC1-HHS-HEALTHY-CONTROL-HEALTH	Host_Health_State_SD_Method	context_dictionary	false
GCA_041506445.1	SAMN43367700	Escherichia coli	SC1-HHS-HEALTHY-CONTROL-HEALTH	Host_Health_State_SD	healthy/control	true
GCA_041506445.1	SAMN43367700	Escherichia coli	SC1-HHS-HEALTHY-CONTROL-HEALTH	Host_Health_State_SD_Detail	healthy/control	false
GCA_041506445.1	SAMN43367700	Escherichia coli	SC1-HHS-HEALTHY-CONTROL-HEALTH	Host_Health_State_SD_Method	context_dictionary	false
GCA_041511905.1	SAMN43367699	Escherichia coli	SC1-HHS-HEALTHY-CONTROL-HEALTH	Host_Health_State_SD	healthy/control	true
GCA_041511905.1	SAMN43367699	Escherichia coli	SC1-HHS-HEALTHY-CONTROL-HEALTH	Host_Health_State_SD_Detail	healthy/control	false
GCA_041511905.1	SAMN43367699	Escherichia coli	SC1-HHS-HEALTHY-CONTROL-HEALTH	Host_Health_State_SD_Method	context_dictionary	false
GCA_042307515.1	SAMN43367635	Salmonella enterica	SC1-HHS-HEALTHY-CONTROL-HEALTH	Host_Health_State_SD	healthy/control	true
GCA_042307515.1	SAMN43367635	Salmonella enterica	SC1-HHS-HEALTHY-CONTROL-HEALTH	Host_Health_State_SD_Detail	healthy/control	false
GCA_042307515.1	SAMN43367635	Salmonella enterica	SC1-HHS-HEALTHY-CONTROL-HEALTH	Host_Health_State_SD_Method	context_dictionary	false
GCA_042346675.1	SAMN43906769	Escherichia coli	SC1-HHS-HEALTHY-CONTROL-HEALTH	Host_Health_State_SD	healthy/control	true
GCA_042346675.1	SAMN43906769	Escherichia coli	SC1-HHS-HEALTHY-CONTROL-HEALTH	Host_Health_State_SD_Detail	healthy/control	false
GCA_042346675.1	SAMN43906769	Escherichia coli	SC1-HHS-HEALTHY-CONTROL-HEALTH	Host_Health_State_SD_Method	context_dictionary	false
GCA_042346775.1	SAMN43906775	Escherichia coli	SC1-HHS-HEALTHY-CONTROL-HEALTH	Host_Health_State_SD	healthy/control	true
GCA_042346775.1	SAMN43906775	Escherichia coli	SC1-HHS-HEALTHY-CONTROL-HEALTH	Host_Health_State_SD_Detail	healthy/control	false
GCA_042346775.1	SAMN43906775	Escherichia coli	SC1-HHS-HEALTHY-CONTROL-HEALTH	Host_Health_State_SD_Method	context_dictionary	false
GCA_042357155.1	SAMN43906777	Escherichia coli	SC1-HHS-HEALTHY-CONTROL-HEALTH	Host_Health_State_SD	healthy/control	true
GCA_042357155.1	SAMN43906777	Escherichia coli	SC1-HHS-HEALTHY-CONTROL-HEALTH	Host_Health_State_SD_Detail	healthy/control	false
GCA_042357155.1	SAMN43906777	Escherichia coli	SC1-HHS-HEALTHY-CONTROL-HEALTH	Host_Health_State_SD_Method	context_dictionary	false
GCA_043194315.1	SAMN39752188	Xanthobacter autotrophicus	SC1-HHS-HEALTHY-CONTROL-HEALTH	Host_Health_State_SD	healthy/control	true
GCA_043194315.1	SAMN39752188	Xanthobacter autotrophicus	SC1-HHS-HEALTHY-CONTROL-HEALTH	Host_Health_State_SD_Detail	healthy/control	false
GCA_043194315.1	SAMN39752188	Xanthobacter autotrophicus	SC1-HHS-HEALTHY-CONTROL-HEALTH	Host_Health_State_SD_Method	context_dictionary	false
GCA_043412435.1	SAMN44334029	Escherichia coli O157:H7	SC1-HHS-HEALTHY-CONTROL-HEALTH	Host_Health_State_SD	healthy/control	true
GCA_043412435.1	SAMN44334029	Escherichia coli O157:H7	SC1-HHS-HEALTHY-CONTROL-HEALTH	Host_Health_State_SD_Detail	healthy/control	false
GCA_043412435.1	SAMN44334029	Escherichia coli O157:H7	SC1-HHS-HEALTHY-CONTROL-HEALTH	Host_Health_State_SD_Method	context_dictionary	false
GCA_043412475.1	SAMN44334030	Escherichia coli O157:H7	SC1-HHS-HEALTHY-CONTROL-HEALTH	Host_Health_State_SD	healthy/control	true
GCA_043412475.1	SAMN44334030	Escherichia coli O157:H7	SC1-HHS-HEALTHY-CONTROL-HEALTH	Host_Health_State_SD_Detail	healthy/control	false
GCA_043412475.1	SAMN44334030	Escherichia coli O157:H7	SC1-HHS-HEALTHY-CONTROL-HEALTH	Host_Health_State_SD_Method	context_dictionary	false
GCA_043630205.1	SAMN44379760	Listeria monocytogenes	SC1-HHS-HEALTHY-CONTROL-HEALTH	Host_Health_State_SD	healthy/control	true
GCA_043630205.1	SAMN44379760	Listeria monocytogenes	SC1-HHS-HEALTHY-CONTROL-HEALTH	Host_Health_State_SD_Detail	healthy/control	false
GCA_043630205.1	SAMN44379760	Listeria monocytogenes	SC1-HHS-HEALTHY-CONTROL-HEALTH	Host_Health_State_SD_Method	context_dictionary	false
GCA_043855125.1	SAMN43906819	Staphylococcus aureus	SC1-HHS-HEALTHY-CONTROL-HEALTH	Host_Health_State_SD	healthy/control	true
GCA_043855125.1	SAMN43906819	Staphylococcus aureus	SC1-HHS-HEALTHY-CONTROL-HEALTH	Host_Health_State_SD_Detail	healthy/control	false
GCA_043855125.1	SAMN43906819	Staphylococcus aureus	SC1-HHS-HEALTHY-CONTROL-HEALTH	Host_Health_State_SD_Method	context_dictionary	false
GCA_046272065.1	SAMN41168789	Escherichia coli O157:H7	SC1-HHS-HEALTHY-CONTROL-HEALTH	Host_Health_State_SD	healthy/control	true
GCA_046272065.1	SAMN41168789	Escherichia coli O157:H7	SC1-HHS-HEALTHY-CONTROL-HEALTH	Host_Health_State_SD_Detail	healthy/control	false
GCA_046272065.1	SAMN41168789	Escherichia coli O157:H7	SC1-HHS-HEALTHY-CONTROL-HEALTH	Host_Health_State_SD_Method	context_dictionary	false
GCA_048803805.1	SAMN45060973	Staphylococcus aureus	SC1-HHS-HEALTHY-CONTROL-HEALTH	Host_Health_State_SD	healthy/control	true
GCA_048803805.1	SAMN45060973	Staphylococcus aureus	SC1-HHS-HEALTHY-CONTROL-HEALTH	Host_Health_State_SD_Detail	healthy/control	false
GCA_048803805.1	SAMN45060973	Staphylococcus aureus	SC1-HHS-HEALTHY-CONTROL-HEALTH	Host_Health_State_SD_Method	context_dictionary	false
GCA_049041605.1	SAMN46017480	Enterococcus faecium	SC1-HHS-HEALTHY-CONTROL-HEALTH	Host_Health_State_SD	healthy/control	true
GCA_049041605.1	SAMN46017480	Enterococcus faecium	SC1-HHS-HEALTHY-CONTROL-HEALTH	Host_Health_State_SD_Detail	healthy/control	false
GCA_049041605.1	SAMN46017480	Enterococcus faecium	SC1-HHS-HEALTHY-CONTROL-HEALTH	Host_Health_State_SD_Method	context_dictionary	false
GCA_049042285.1	SAMN46017593	Enterococcus faecium	SC1-HHS-HEALTHY-CONTROL-HEALTH	Host_Health_State_SD	healthy/control	true
GCA_049042285.1	SAMN46017593	Enterococcus faecium	SC1-HHS-HEALTHY-CONTROL-HEALTH	Host_Health_State_SD_Detail	healthy/control	false
GCA_049042285.1	SAMN46017593	Enterococcus faecium	SC1-HHS-HEALTHY-CONTROL-HEALTH	Host_Health_State_SD_Method	context_dictionary	false
GCA_049042325.1	SAMN46017597	Enterococcus faecium	SC1-HHS-HEALTHY-CONTROL-HEALTH	Host_Health_State_SD	healthy/control	true
GCA_049042325.1	SAMN46017597	Enterococcus faecium	SC1-HHS-HEALTHY-CONTROL-HEALTH	Host_Health_State_SD_Detail	healthy/control	false
GCA_049042325.1	SAMN46017597	Enterococcus faecium	SC1-HHS-HEALTHY-CONTROL-HEALTH	Host_Health_State_SD_Method	context_dictionary	false
GCA_049042625.1	SAMN46017601	Staphylococcus aureus	SC1-HHS-HEALTHY-CONTROL-HEALTH	Host_Health_State_SD	healthy/control	true
GCA_049042625.1	SAMN46017601	Staphylococcus aureus	SC1-HHS-HEALTHY-CONTROL-HEALTH	Host_Health_State_SD_Detail	healthy/control	false
GCA_049042625.1	SAMN46017601	Staphylococcus aureus	SC1-HHS-HEALTHY-CONTROL-HEALTH	Host_Health_State_SD_Method	context_dictionary	false
GCA_049042925.1	SAMN46017499	Enterococcus faecium	SC1-HHS-HEALTHY-CONTROL-HEALTH	Host_Health_State_SD	healthy/control	true
GCA_049042925.1	SAMN46017499	Enterococcus faecium	SC1-HHS-HEALTHY-CONTROL-HEALTH	Host_Health_State_SD_Detail	healthy/control	false
GCA_049042925.1	SAMN46017499	Enterococcus faecium	SC1-HHS-HEALTHY-CONTROL-HEALTH	Host_Health_State_SD_Method	context_dictionary	false
GCA_049043185.1	SAMN46017672	Enterococcus faecium	SC1-HHS-HEALTHY-CONTROL-HEALTH	Host_Health_State_SD	healthy/control	true
GCA_049043185.1	SAMN46017672	Enterococcus faecium	SC1-HHS-HEALTHY-CONTROL-HEALTH	Host_Health_State_SD_Detail	healthy/control	false
GCA_049043185.1	SAMN46017672	Enterococcus faecium	SC1-HHS-HEALTHY-CONTROL-HEALTH	Host_Health_State_SD_Method	context_dictionary	false
GCA_049043385.1	SAMN46017677	Enterococcus faecium	SC1-HHS-HEALTHY-CONTROL-HEALTH	Host_Health_State_SD	healthy/control	true
GCA_049043385.1	SAMN46017677	Enterococcus faecium	SC1-HHS-HEALTHY-CONTROL-HEALTH	Host_Health_State_SD_Detail	healthy/control	false
GCA_049043385.1	SAMN46017677	Enterococcus faecium	SC1-HHS-HEALTHY-CONTROL-HEALTH	Host_Health_State_SD_Method	context_dictionary	false
GCA_049043785.1	SAMN46017685	Enterococcus faecium	SC1-HHS-HEALTHY-CONTROL-HEALTH	Host_Health_State_SD	healthy/control	true
GCA_049043785.1	SAMN46017685	Enterococcus faecium	SC1-HHS-HEALTHY-CONTROL-HEALTH	Host_Health_State_SD_Detail	healthy/control	false
GCA_049043785.1	SAMN46017685	Enterococcus faecium	SC1-HHS-HEALTHY-CONTROL-HEALTH	Host_Health_State_SD_Method	context_dictionary	false
GCA_049044485.1	SAMN46017796	Enterococcus faecalis	SC1-HHS-HEALTHY-CONTROL-HEALTH	Host_Health_State_SD	healthy/control	true
GCA_049044485.1	SAMN46017796	Enterococcus faecalis	SC1-HHS-HEALTHY-CONTROL-HEALTH	Host_Health_State_SD_Detail	healthy/control	false
GCA_049044485.1	SAMN46017796	Enterococcus faecalis	SC1-HHS-HEALTHY-CONTROL-HEALTH	Host_Health_State_SD_Method	context_dictionary	false
GCA_049044925.1	SAMN46017805	Enterococcus faecium	SC1-HHS-HEALTHY-CONTROL-HEALTH	Host_Health_State_SD	healthy/control	true
GCA_049044925.1	SAMN46017805	Enterococcus faecium	SC1-HHS-HEALTHY-CONTROL-HEALTH	Host_Health_State_SD_Detail	healthy/control	false
GCA_049044925.1	SAMN46017805	Enterococcus faecium	SC1-HHS-HEALTHY-CONTROL-HEALTH	Host_Health_State_SD_Method	context_dictionary	false
GCA_049045405.1	SAMN46017845	Staphylococcus aureus	SC1-HHS-HEALTHY-CONTROL-HEALTH	Host_Health_State_SD	healthy/control	true
GCA_049045405.1	SAMN46017845	Staphylococcus aureus	SC1-HHS-HEALTHY-CONTROL-HEALTH	Host_Health_State_SD_Detail	healthy/control	false
GCA_049045405.1	SAMN46017845	Staphylococcus aureus	SC1-HHS-HEALTHY-CONTROL-HEALTH	Host_Health_State_SD_Method	context_dictionary	false
GCA_049046705.1	SAMN46017562	Enterococcus faecium	SC1-HHS-HEALTHY-CONTROL-HEALTH	Host_Health_State_SD	healthy/control	true
GCA_049046705.1	SAMN46017562	Enterococcus faecium	SC1-HHS-HEALTHY-CONTROL-HEALTH	Host_Health_State_SD_Detail	healthy/control	false
GCA_049046705.1	SAMN46017562	Enterococcus faecium	SC1-HHS-HEALTHY-CONTROL-HEALTH	Host_Health_State_SD_Method	context_dictionary	false
GCA_049047565.1	SAMN46017493	Enterococcus faecium	SC1-HHS-HEALTHY-CONTROL-HEALTH	Host_Health_State_SD	healthy/control	true
GCA_049047565.1	SAMN46017493	Enterococcus faecium	SC1-HHS-HEALTHY-CONTROL-HEALTH	Host_Health_State_SD_Detail	healthy/control	false
GCA_049047565.1	SAMN46017493	Enterococcus faecium	SC1-HHS-HEALTHY-CONTROL-HEALTH	Host_Health_State_SD_Method	context_dictionary	false
GCA_049048005.1	SAMN46017620	Staphylococcus aureus	SC1-HHS-HEALTHY-CONTROL-HEALTH	Host_Health_State_SD	healthy/control	true
GCA_049048005.1	SAMN46017620	Staphylococcus aureus	SC1-HHS-HEALTHY-CONTROL-HEALTH	Host_Health_State_SD_Detail	healthy/control	false
GCA_049048005.1	SAMN46017620	Staphylococcus aureus	SC1-HHS-HEALTHY-CONTROL-HEALTH	Host_Health_State_SD_Method	context_dictionary	false
GCA_049048475.1	SAMN46017628	Staphylococcus aureus	SC1-HHS-HEALTHY-CONTROL-HEALTH	Host_Health_State_SD	healthy/control	true
GCA_049048475.1	SAMN46017628	Staphylococcus aureus	SC1-HHS-HEALTHY-CONTROL-HEALTH	Host_Health_State_SD_Detail	healthy/control	false
GCA_049048475.1	SAMN46017628	Staphylococcus aureus	SC1-HHS-HEALTHY-CONTROL-HEALTH	Host_Health_State_SD_Method	context_dictionary	false
GCA_049048825.1	SAMN46017693	Enterococcus faecium	SC1-HHS-HEALTHY-CONTROL-HEALTH	Host_Health_State_SD	healthy/control	true
GCA_049048825.1	SAMN46017693	Enterococcus faecium	SC1-HHS-HEALTHY-CONTROL-HEALTH	Host_Health_State_SD_Detail	healthy/control	false
GCA_049048825.1	SAMN46017693	Enterococcus faecium	SC1-HHS-HEALTHY-CONTROL-HEALTH	Host_Health_State_SD_Method	context_dictionary	false
GCA_049050305.1	SAMN46017872	Staphylococcus aureus	SC1-HHS-HEALTHY-CONTROL-HEALTH	Host_Health_State_SD	healthy/control	true
GCA_049050305.1	SAMN46017872	Staphylococcus aureus	SC1-HHS-HEALTHY-CONTROL-HEALTH	Host_Health_State_SD_Detail	healthy/control	false
GCA_049050305.1	SAMN46017872	Staphylococcus aureus	SC1-HHS-HEALTHY-CONTROL-HEALTH	Host_Health_State_SD_Method	context_dictionary	false
GCA_049050845.1	SAMN46017882	Staphylococcus aureus	SC1-HHS-HEALTHY-CONTROL-HEALTH	Host_Health_State_SD	healthy/control	true
GCA_049050845.1	SAMN46017882	Staphylococcus aureus	SC1-HHS-HEALTHY-CONTROL-HEALTH	Host_Health_State_SD_Detail	healthy/control	false
GCA_049050845.1	SAMN46017882	Staphylococcus aureus	SC1-HHS-HEALTHY-CONTROL-HEALTH	Host_Health_State_SD_Method	context_dictionary	false
GCA_049051225.1	SAMN46017523	Enterococcus faecium	SC1-HHS-HEALTHY-CONTROL-HEALTH	Host_Health_State_SD	healthy/control	true
GCA_049051225.1	SAMN46017523	Enterococcus faecium	SC1-HHS-HEALTHY-CONTROL-HEALTH	Host_Health_State_SD_Detail	healthy/control	false
GCA_049051225.1	SAMN46017523	Enterococcus faecium	SC1-HHS-HEALTHY-CONTROL-HEALTH	Host_Health_State_SD_Method	context_dictionary	false
GCA_049051265.1	SAMN46017524	Enterococcus faecium	SC1-HHS-HEALTHY-CONTROL-HEALTH	Host_Health_State_SD	healthy/control	true
GCA_049051265.1	SAMN46017524	Enterococcus faecium	SC1-HHS-HEALTHY-CONTROL-HEALTH	Host_Health_State_SD_Detail	healthy/control	false
GCA_049051265.1	SAMN46017524	Enterococcus faecium	SC1-HHS-HEALTHY-CONTROL-HEALTH	Host_Health_State_SD_Method	context_dictionary	false
GCA_049051385.1	SAMN46017526	Enterococcus faecium	SC1-HHS-HEALTHY-CONTROL-HEALTH	Host_Health_State_SD	healthy/control	true
GCA_049051385.1	SAMN46017526	Enterococcus faecium	SC1-HHS-HEALTHY-CONTROL-HEALTH	Host_Health_State_SD_Detail	healthy/control	false
GCA_049051385.1	SAMN46017526	Enterococcus faecium	SC1-HHS-HEALTHY-CONTROL-HEALTH	Host_Health_State_SD_Method	context_dictionary	false
GCA_049052045.1	SAMN46017642	Staphylococcus aureus	SC1-HHS-HEALTHY-CONTROL-HEALTH	Host_Health_State_SD	healthy/control	true
GCA_049052045.1	SAMN46017642	Staphylococcus aureus	SC1-HHS-HEALTHY-CONTROL-HEALTH	Host_Health_State_SD_Detail	healthy/control	false
GCA_049052045.1	SAMN46017642	Staphylococcus aureus	SC1-HHS-HEALTHY-CONTROL-HEALTH	Host_Health_State_SD_Method	context_dictionary	false
GCA_049052145.1	SAMN46017648	Staphylococcus aureus	SC1-HHS-HEALTHY-CONTROL-HEALTH	Host_Health_State_SD	healthy/control	true
GCA_049052145.1	SAMN46017648	Staphylococcus aureus	SC1-HHS-HEALTHY-CONTROL-HEALTH	Host_Health_State_SD_Detail	healthy/control	false
GCA_049052145.1	SAMN46017648	Staphylococcus aureus	SC1-HHS-HEALTHY-CONTROL-HEALTH	Host_Health_State_SD_Method	context_dictionary	false
GCA_049052325.1	SAMN46017655	Staphylococcus aureus	SC1-HHS-HEALTHY-CONTROL-HEALTH	Host_Health_State_SD	healthy/control	true
GCA_049052325.1	SAMN46017655	Staphylococcus aureus	SC1-HHS-HEALTHY-CONTROL-HEALTH	Host_Health_State_SD_Detail	healthy/control	false
GCA_049052325.1	SAMN46017655	Staphylococcus aureus	SC1-HHS-HEALTHY-CONTROL-HEALTH	Host_Health_State_SD_Method	context_dictionary	false
GCA_049053065.1	SAMN46017729	Staphylococcus aureus	SC1-HHS-HEALTHY-CONTROL-HEALTH	Host_Health_State_SD	healthy/control	true
GCA_049053065.1	SAMN46017729	Staphylococcus aureus	SC1-HHS-HEALTHY-CONTROL-HEALTH	Host_Health_State_SD_Detail	healthy/control	false
GCA_049053065.1	SAMN46017729	Staphylococcus aureus	SC1-HHS-HEALTHY-CONTROL-HEALTH	Host_Health_State_SD_Method	context_dictionary	false
GCA_049053285.1	SAMN46017734	Enterococcus faecium	SC1-HHS-HEALTHY-CONTROL-HEALTH	Host_Health_State_SD	healthy/control	true
GCA_049053285.1	SAMN46017734	Enterococcus faecium	SC1-HHS-HEALTHY-CONTROL-HEALTH	Host_Health_State_SD_Detail	healthy/control	false
GCA_049053285.1	SAMN46017734	Enterococcus faecium	SC1-HHS-HEALTHY-CONTROL-HEALTH	Host_Health_State_SD_Method	context_dictionary	false
GCA_049053325.1	SAMN46017735	Staphylococcus aureus	SC1-HHS-HEALTHY-CONTROL-HEALTH	Host_Health_State_SD	healthy/control	true
GCA_049053325.1	SAMN46017735	Staphylococcus aureus	SC1-HHS-HEALTHY-CONTROL-HEALTH	Host_Health_State_SD_Detail	healthy/control	false
GCA_049053325.1	SAMN46017735	Staphylococcus aureus	SC1-HHS-HEALTHY-CONTROL-HEALTH	Host_Health_State_SD_Method	context_dictionary	false
GCA_049054525.1	SAMN46017818	Enterococcus faecalis	SC1-HHS-HEALTHY-CONTROL-HEALTH	Host_Health_State_SD	healthy/control	true
GCA_049054525.1	SAMN46017818	Enterococcus faecalis	SC1-HHS-HEALTHY-CONTROL-HEALTH	Host_Health_State_SD_Detail	healthy/control	false
GCA_049054525.1	SAMN46017818	Enterococcus faecalis	SC1-HHS-HEALTHY-CONTROL-HEALTH	Host_Health_State_SD_Method	context_dictionary	false
GCA_049055245.1	SAMN46017835	Staphylococcus aureus	SC1-HHS-HEALTHY-CONTROL-HEALTH	Host_Health_State_SD	healthy/control	true
GCA_049055245.1	SAMN46017835	Staphylococcus aureus	SC1-HHS-HEALTHY-CONTROL-HEALTH	Host_Health_State_SD_Detail	healthy/control	false
GCA_049055245.1	SAMN46017835	Staphylococcus aureus	SC1-HHS-HEALTHY-CONTROL-HEALTH	Host_Health_State_SD_Method	context_dictionary	false
GCA_049056785.1	SAMN46017753	Staphylococcus aureus	SC1-HHS-HEALTHY-CONTROL-HEALTH	Host_Health_State_SD	healthy/control	true
GCA_049056785.1	SAMN46017753	Staphylococcus aureus	SC1-HHS-HEALTHY-CONTROL-HEALTH	Host_Health_State_SD_Detail	healthy/control	false
GCA_049056785.1	SAMN46017753	Staphylococcus aureus	SC1-HHS-HEALTHY-CONTROL-HEALTH	Host_Health_State_SD_Method	context_dictionary	false
GCA_049057385.1	SAMN46017762	Staphylococcus aureus	SC1-HHS-HEALTHY-CONTROL-HEALTH	Host_Health_State_SD	healthy/control	true
GCA_049057385.1	SAMN46017762	Staphylococcus aureus	SC1-HHS-HEALTHY-CONTROL-HEALTH	Host_Health_State_SD_Detail	healthy/control	false
GCA_049057385.1	SAMN46017762	Staphylococcus aureus	SC1-HHS-HEALTHY-CONTROL-HEALTH	Host_Health_State_SD_Method	context_dictionary	false
GCA_049450975.1	SAMEA5379535	Haemophilus influenzae	SC1-HHS-HEALTHY-CONTROL-HEALTH	Host_Health_State_SD	healthy/control	true
GCA_049450975.1	SAMEA5379535	Haemophilus influenzae	SC1-HHS-HEALTHY-CONTROL-HEALTH	Host_Health_State_SD_Detail	healthy/control	false
GCA_049450975.1	SAMEA5379535	Haemophilus influenzae	SC1-HHS-HEALTHY-CONTROL-HEALTH	Host_Health_State_SD_Method	context_dictionary	false
GCA_049669535.1	SAMN47572768	Spiroplasma endosymbiont of Glossina fuscipes fuscipes	SC1-HHS-HEALTHY-CONTROL-HEALTH	Host_Health_State_SD	healthy/control	true
GCA_049669535.1	SAMN47572768	Spiroplasma endosymbiont of Glossina fuscipes fuscipes	SC1-HHS-HEALTHY-CONTROL-HEALTH	Host_Health_State_SD_Detail	healthy/control	false
GCA_049669535.1	SAMN47572768	Spiroplasma endosymbiont of Glossina fuscipes fuscipes	SC1-HHS-HEALTHY-CONTROL-HEALTH	Host_Health_State_SD_Method	context_dictionary	false
GCA_049839775.1	SAMN40121544	Escherichia coli	SC1-HHS-HEALTHY-CONTROL-HEALTH	Host_Health_State_SD	healthy/control	true
GCA_049839775.1	SAMN40121544	Escherichia coli	SC1-HHS-HEALTHY-CONTROL-HEALTH	Host_Health_State_SD_Detail	healthy/control	false
GCA_049839775.1	SAMN40121544	Escherichia coli	SC1-HHS-HEALTHY-CONTROL-HEALTH	Host_Health_State_SD_Method	context_dictionary	false
GCA_049839795.1	SAMN40121543	Escherichia coli	SC1-HHS-HEALTHY-CONTROL-HEALTH	Host_Health_State_SD	healthy/control	true
GCA_049839795.1	SAMN40121543	Escherichia coli	SC1-HHS-HEALTHY-CONTROL-HEALTH	Host_Health_State_SD_Detail	healthy/control	false
GCA_049839795.1	SAMN40121543	Escherichia coli	SC1-HHS-HEALTHY-CONTROL-HEALTH	Host_Health_State_SD_Method	context_dictionary	false
GCA_049839815.1	SAMN40121542	Escherichia coli	SC1-HHS-HEALTHY-CONTROL-HEALTH	Host_Health_State_SD	healthy/control	true
GCA_049839815.1	SAMN40121542	Escherichia coli	SC1-HHS-HEALTHY-CONTROL-HEALTH	Host_Health_State_SD_Detail	healthy/control	false
GCA_049839815.1	SAMN40121542	Escherichia coli	SC1-HHS-HEALTHY-CONTROL-HEALTH	Host_Health_State_SD_Method	context_dictionary	false
GCA_049839895.1	SAMN40121541	Escherichia coli	SC1-HHS-HEALTHY-CONTROL-HEALTH	Host_Health_State_SD	healthy/control	true
GCA_049839895.1	SAMN40121541	Escherichia coli	SC1-HHS-HEALTHY-CONTROL-HEALTH	Host_Health_State_SD_Detail	healthy/control	false
GCA_049839895.1	SAMN40121541	Escherichia coli	SC1-HHS-HEALTHY-CONTROL-HEALTH	Host_Health_State_SD_Method	context_dictionary	false
GCA_049839915.1	SAMN40121540	Escherichia coli	SC1-HHS-HEALTHY-CONTROL-HEALTH	Host_Health_State_SD	healthy/control	true
GCA_049839915.1	SAMN40121540	Escherichia coli	SC1-HHS-HEALTHY-CONTROL-HEALTH	Host_Health_State_SD_Detail	healthy/control	false
GCA_049839915.1	SAMN40121540	Escherichia coli	SC1-HHS-HEALTHY-CONTROL-HEALTH	Host_Health_State_SD_Method	context_dictionary	false
GCA_049839995.1	SAMN40121539	Escherichia coli	SC1-HHS-HEALTHY-CONTROL-HEALTH	Host_Health_State_SD	healthy/control	true
GCA_049839995.1	SAMN40121539	Escherichia coli	SC1-HHS-HEALTHY-CONTROL-HEALTH	Host_Health_State_SD_Detail	healthy/control	false
GCA_049839995.1	SAMN40121539	Escherichia coli	SC1-HHS-HEALTHY-CONTROL-HEALTH	Host_Health_State_SD_Method	context_dictionary	false
GCA_049840015.1	SAMN40121538	Escherichia coli	SC1-HHS-HEALTHY-CONTROL-HEALTH	Host_Health_State_SD	healthy/control	true
GCA_049840015.1	SAMN40121538	Escherichia coli	SC1-HHS-HEALTHY-CONTROL-HEALTH	Host_Health_State_SD_Detail	healthy/control	false
GCA_049840015.1	SAMN40121538	Escherichia coli	SC1-HHS-HEALTHY-CONTROL-HEALTH	Host_Health_State_SD_Method	context_dictionary	false
GCA_049840175.1	SAMN40121532	Escherichia coli	SC1-HHS-HEALTHY-CONTROL-HEALTH	Host_Health_State_SD	healthy/control	true
GCA_049840175.1	SAMN40121532	Escherichia coli	SC1-HHS-HEALTHY-CONTROL-HEALTH	Host_Health_State_SD_Detail	healthy/control	false
GCA_049840175.1	SAMN40121532	Escherichia coli	SC1-HHS-HEALTHY-CONTROL-HEALTH	Host_Health_State_SD_Method	context_dictionary	false
GCA_049843735.1	SAMN40121521	Escherichia coli	SC1-HHS-HEALTHY-CONTROL-HEALTH	Host_Health_State_SD	healthy/control	true
GCA_049843735.1	SAMN40121521	Escherichia coli	SC1-HHS-HEALTHY-CONTROL-HEALTH	Host_Health_State_SD_Detail	healthy/control	false
GCA_049843735.1	SAMN40121521	Escherichia coli	SC1-HHS-HEALTHY-CONTROL-HEALTH	Host_Health_State_SD_Method	context_dictionary	false
GCA_049843775.1	SAMN40121519	Escherichia coli	SC1-HHS-HEALTHY-CONTROL-HEALTH	Host_Health_State_SD	healthy/control	true
GCA_049843775.1	SAMN40121519	Escherichia coli	SC1-HHS-HEALTHY-CONTROL-HEALTH	Host_Health_State_SD_Detail	healthy/control	false
GCA_049843775.1	SAMN40121519	Escherichia coli	SC1-HHS-HEALTHY-CONTROL-HEALTH	Host_Health_State_SD_Method	context_dictionary	false
GCA_049843795.1	SAMN40121518	Escherichia coli	SC1-HHS-HEALTHY-CONTROL-HEALTH	Host_Health_State_SD	healthy/control	true
GCA_049843795.1	SAMN40121518	Escherichia coli	SC1-HHS-HEALTHY-CONTROL-HEALTH	Host_Health_State_SD_Detail	healthy/control	false
GCA_049843795.1	SAMN40121518	Escherichia coli	SC1-HHS-HEALTHY-CONTROL-HEALTH	Host_Health_State_SD_Method	context_dictionary	false
GCA_049843815.1	SAMN40121517	Escherichia coli	SC1-HHS-HEALTHY-CONTROL-HEALTH	Host_Health_State_SD	healthy/control	true
GCA_049843815.1	SAMN40121517	Escherichia coli	SC1-HHS-HEALTHY-CONTROL-HEALTH	Host_Health_State_SD_Detail	healthy/control	false
GCA_049843815.1	SAMN40121517	Escherichia coli	SC1-HHS-HEALTHY-CONTROL-HEALTH	Host_Health_State_SD_Method	context_dictionary	false
GCA_049843835.1	SAMN40121516	Escherichia coli	SC1-HHS-HEALTHY-CONTROL-HEALTH	Host_Health_State_SD	healthy/control	true
GCA_049843835.1	SAMN40121516	Escherichia coli	SC1-HHS-HEALTHY-CONTROL-HEALTH	Host_Health_State_SD_Detail	healthy/control	false
GCA_049843835.1	SAMN40121516	Escherichia coli	SC1-HHS-HEALTHY-CONTROL-HEALTH	Host_Health_State_SD_Method	context_dictionary	false
GCA_049843855.1	SAMN40121515	Escherichia coli	SC1-HHS-HEALTHY-CONTROL-HEALTH	Host_Health_State_SD	healthy/control	true
GCA_049843855.1	SAMN40121515	Escherichia coli	SC1-HHS-HEALTHY-CONTROL-HEALTH	Host_Health_State_SD_Detail	healthy/control	false
GCA_049843855.1	SAMN40121515	Escherichia coli	SC1-HHS-HEALTHY-CONTROL-HEALTH	Host_Health_State_SD_Method	context_dictionary	false
GCA_049843875.1	SAMN40121514	Escherichia coli	SC1-HHS-HEALTHY-CONTROL-HEALTH	Host_Health_State_SD	healthy/control	true
GCA_049843875.1	SAMN40121514	Escherichia coli	SC1-HHS-HEALTHY-CONTROL-HEALTH	Host_Health_State_SD_Detail	healthy/control	false
GCA_049843875.1	SAMN40121514	Escherichia coli	SC1-HHS-HEALTHY-CONTROL-HEALTH	Host_Health_State_SD_Method	context_dictionary	false
GCA_049843895.1	SAMN40121513	Escherichia coli	SC1-HHS-HEALTHY-CONTROL-HEALTH	Host_Health_State_SD	healthy/control	true
GCA_049843895.1	SAMN40121513	Escherichia coli	SC1-HHS-HEALTHY-CONTROL-HEALTH	Host_Health_State_SD_Detail	healthy/control	false
GCA_049843895.1	SAMN40121513	Escherichia coli	SC1-HHS-HEALTHY-CONTROL-HEALTH	Host_Health_State_SD_Method	context_dictionary	false
GCA_049843915.1	SAMN40121512	Escherichia coli	SC1-HHS-HEALTHY-CONTROL-HEALTH	Host_Health_State_SD	healthy/control	true
GCA_049843915.1	SAMN40121512	Escherichia coli	SC1-HHS-HEALTHY-CONTROL-HEALTH	Host_Health_State_SD_Detail	healthy/control	false
GCA_049843915.1	SAMN40121512	Escherichia coli	SC1-HHS-HEALTHY-CONTROL-HEALTH	Host_Health_State_SD_Method	context_dictionary	false
GCA_049843935.1	SAMN40121511	Escherichia coli	SC1-HHS-HEALTHY-CONTROL-HEALTH	Host_Health_State_SD	healthy/control	true
GCA_049843935.1	SAMN40121511	Escherichia coli	SC1-HHS-HEALTHY-CONTROL-HEALTH	Host_Health_State_SD_Detail	healthy/control	false
GCA_049843935.1	SAMN40121511	Escherichia coli	SC1-HHS-HEALTHY-CONTROL-HEALTH	Host_Health_State_SD_Method	context_dictionary	false
GCA_049843955.1	SAMN40121510	Escherichia coli	SC1-HHS-HEALTHY-CONTROL-HEALTH	Host_Health_State_SD	healthy/control	true
GCA_049843955.1	SAMN40121510	Escherichia coli	SC1-HHS-HEALTHY-CONTROL-HEALTH	Host_Health_State_SD_Detail	healthy/control	false
GCA_049843955.1	SAMN40121510	Escherichia coli	SC1-HHS-HEALTHY-CONTROL-HEALTH	Host_Health_State_SD_Method	context_dictionary	false
GCA_049843975.1	SAMN40121509	Escherichia coli	SC1-HHS-HEALTHY-CONTROL-HEALTH	Host_Health_State_SD	healthy/control	true
GCA_049843975.1	SAMN40121509	Escherichia coli	SC1-HHS-HEALTHY-CONTROL-HEALTH	Host_Health_State_SD_Detail	healthy/control	false
GCA_049843975.1	SAMN40121509	Escherichia coli	SC1-HHS-HEALTHY-CONTROL-HEALTH	Host_Health_State_SD_Method	context_dictionary	false
GCA_049843995.1	SAMN40121508	Escherichia coli	SC1-HHS-HEALTHY-CONTROL-HEALTH	Host_Health_State_SD	healthy/control	true
GCA_049843995.1	SAMN40121508	Escherichia coli	SC1-HHS-HEALTHY-CONTROL-HEALTH	Host_Health_State_SD_Detail	healthy/control	false
GCA_049843995.1	SAMN40121508	Escherichia coli	SC1-HHS-HEALTHY-CONTROL-HEALTH	Host_Health_State_SD_Method	context_dictionary	false
GCA_049844015.1	SAMN40121507	Escherichia coli	SC1-HHS-HEALTHY-CONTROL-HEALTH	Host_Health_State_SD	healthy/control	true
GCA_049844015.1	SAMN40121507	Escherichia coli	SC1-HHS-HEALTHY-CONTROL-HEALTH	Host_Health_State_SD_Detail	healthy/control	false
GCA_049844015.1	SAMN40121507	Escherichia coli	SC1-HHS-HEALTHY-CONTROL-HEALTH	Host_Health_State_SD_Method	context_dictionary	false
GCA_049844035.1	SAMN40121506	Escherichia coli	SC1-HHS-HEALTHY-CONTROL-HEALTH	Host_Health_State_SD	healthy/control	true
GCA_049844035.1	SAMN40121506	Escherichia coli	SC1-HHS-HEALTHY-CONTROL-HEALTH	Host_Health_State_SD_Detail	healthy/control	false
GCA_049844035.1	SAMN40121506	Escherichia coli	SC1-HHS-HEALTHY-CONTROL-HEALTH	Host_Health_State_SD_Method	context_dictionary	false
GCA_049844055.1	SAMN40121505	Escherichia coli	SC1-HHS-HEALTHY-CONTROL-HEALTH	Host_Health_State_SD	healthy/control	true
GCA_049844055.1	SAMN40121505	Escherichia coli	SC1-HHS-HEALTHY-CONTROL-HEALTH	Host_Health_State_SD_Detail	healthy/control	false
GCA_049844055.1	SAMN40121505	Escherichia coli	SC1-HHS-HEALTHY-CONTROL-HEALTH	Host_Health_State_SD_Method	context_dictionary	false
GCA_049844075.1	SAMN40121504	Escherichia coli	SC1-HHS-HEALTHY-CONTROL-HEALTH	Host_Health_State_SD	healthy/control	true
GCA_049844075.1	SAMN40121504	Escherichia coli	SC1-HHS-HEALTHY-CONTROL-HEALTH	Host_Health_State_SD_Detail	healthy/control	false
GCA_049844075.1	SAMN40121504	Escherichia coli	SC1-HHS-HEALTHY-CONTROL-HEALTH	Host_Health_State_SD_Method	context_dictionary	false
GCA_049844095.1	SAMN40121503	Escherichia coli	SC1-HHS-HEALTHY-CONTROL-HEALTH	Host_Health_State_SD	healthy/control	true
GCA_049844095.1	SAMN40121503	Escherichia coli	SC1-HHS-HEALTHY-CONTROL-HEALTH	Host_Health_State_SD_Detail	healthy/control	false
GCA_049844095.1	SAMN40121503	Escherichia coli	SC1-HHS-HEALTHY-CONTROL-HEALTH	Host_Health_State_SD_Method	context_dictionary	false
GCA_049844115.1	SAMN40121502	Escherichia coli	SC1-HHS-HEALTHY-CONTROL-HEALTH	Host_Health_State_SD	healthy/control	true
GCA_049844115.1	SAMN40121502	Escherichia coli	SC1-HHS-HEALTHY-CONTROL-HEALTH	Host_Health_State_SD_Detail	healthy/control	false
GCA_049844115.1	SAMN40121502	Escherichia coli	SC1-HHS-HEALTHY-CONTROL-HEALTH	Host_Health_State_SD_Method	context_dictionary	false
GCA_049844135.1	SAMN40121501	Escherichia coli	SC1-HHS-HEALTHY-CONTROL-HEALTH	Host_Health_State_SD	healthy/control	true
GCA_049844135.1	SAMN40121501	Escherichia coli	SC1-HHS-HEALTHY-CONTROL-HEALTH	Host_Health_State_SD_Detail	healthy/control	false
GCA_049844135.1	SAMN40121501	Escherichia coli	SC1-HHS-HEALTHY-CONTROL-HEALTH	Host_Health_State_SD_Method	context_dictionary	false
GCA_049844155.1	SAMN40121500	Escherichia coli	SC1-HHS-HEALTHY-CONTROL-HEALTH	Host_Health_State_SD	healthy/control	true
GCA_049844155.1	SAMN40121500	Escherichia coli	SC1-HHS-HEALTHY-CONTROL-HEALTH	Host_Health_State_SD_Detail	healthy/control	false
GCA_049844155.1	SAMN40121500	Escherichia coli	SC1-HHS-HEALTHY-CONTROL-HEALTH	Host_Health_State_SD_Method	context_dictionary	false
GCA_049844175.1	SAMN40121499	Escherichia coli	SC1-HHS-HEALTHY-CONTROL-HEALTH	Host_Health_State_SD	healthy/control	true
GCA_049844175.1	SAMN40121499	Escherichia coli	SC1-HHS-HEALTHY-CONTROL-HEALTH	Host_Health_State_SD_Detail	healthy/control	false
GCA_049844175.1	SAMN40121499	Escherichia coli	SC1-HHS-HEALTHY-CONTROL-HEALTH	Host_Health_State_SD_Method	context_dictionary	false
GCA_053539565.1	SAMN13291824	Clostridium perfringens	SC1-HHS-HEALTHY-CONTROL-HEALTH	Host_Health_State_SD	healthy/control	true
GCA_053539565.1	SAMN13291824	Clostridium perfringens	SC1-HHS-HEALTHY-CONTROL-HEALTH	Host_Health_State_SD_Detail	healthy/control	false
GCA_053539565.1	SAMN13291824	Clostridium perfringens	SC1-HHS-HEALTHY-CONTROL-HEALTH	Host_Health_State_SD_Method	context_dictionary	false
GCA_053539585.1	SAMN13291817	Clostridium perfringens	SC1-HHS-HEALTHY-CONTROL-HEALTH	Host_Health_State_SD	healthy/control	true
GCA_053539585.1	SAMN13291817	Clostridium perfringens	SC1-HHS-HEALTHY-CONTROL-HEALTH	Host_Health_State_SD_Detail	healthy/control	false
GCA_053539585.1	SAMN13291817	Clostridium perfringens	SC1-HHS-HEALTHY-CONTROL-HEALTH	Host_Health_State_SD_Method	context_dictionary	false
GCA_054208815.1	SAMN53911939	Listeria innocua	SC1-HHS-HEALTHY-CONTROL-HEALTH	Host_Health_State_SD	healthy/control	true
GCA_054208815.1	SAMN53911939	Listeria innocua	SC1-HHS-HEALTHY-CONTROL-HEALTH	Host_Health_State_SD_Detail	healthy/control	false
GCA_054208815.1	SAMN53911939	Listeria innocua	SC1-HHS-HEALTHY-CONTROL-HEALTH	Host_Health_State_SD_Method	context_dictionary	false
GCA_054740565.1	SAMD00752616	Helicobacter pylori	SC1-HHS-HEALTHY-CONTROL-HEALTH	Host_Health_State_SD	healthy/control	true
GCA_054740565.1	SAMD00752616	Helicobacter pylori	SC1-HHS-HEALTHY-CONTROL-HEALTH	Host_Health_State_SD_Detail	healthy/control	false
GCA_054740565.1	SAMD00752616	Helicobacter pylori	SC1-HHS-HEALTHY-CONTROL-HEALTH	Host_Health_State_SD_Method	context_dictionary	false
GCA_054740585.1	SAMD00752615	Helicobacter pylori	SC1-HHS-HEALTHY-CONTROL-HEALTH	Host_Health_State_SD	healthy/control	true
GCA_054740585.1	SAMD00752615	Helicobacter pylori	SC1-HHS-HEALTHY-CONTROL-HEALTH	Host_Health_State_SD_Detail	healthy/control	false
GCA_054740585.1	SAMD00752615	Helicobacter pylori	SC1-HHS-HEALTHY-CONTROL-HEALTH	Host_Health_State_SD_Method	context_dictionary	false
GCA_054740645.1	SAMD00752614	Helicobacter pylori	SC1-HHS-HEALTHY-CONTROL-HEALTH	Host_Health_State_SD	healthy/control	true
GCA_054740645.1	SAMD00752614	Helicobacter pylori	SC1-HHS-HEALTHY-CONTROL-HEALTH	Host_Health_State_SD_Detail	healthy/control	false
GCA_054740645.1	SAMD00752614	Helicobacter pylori	SC1-HHS-HEALTHY-CONTROL-HEALTH	Host_Health_State_SD_Method	context_dictionary	false
GCA_054740685.1	SAMD00752613	Helicobacter pylori	SC1-HHS-HEALTHY-CONTROL-HEALTH	Host_Health_State_SD	healthy/control	true
GCA_054740685.1	SAMD00752613	Helicobacter pylori	SC1-HHS-HEALTHY-CONTROL-HEALTH	Host_Health_State_SD_Detail	healthy/control	false
GCA_054740685.1	SAMD00752613	Helicobacter pylori	SC1-HHS-HEALTHY-CONTROL-HEALTH	Host_Health_State_SD_Method	context_dictionary	false
GCA_054745685.1	SAMD00752476	Helicobacter pylori	SC1-HHS-HEALTHY-CONTROL-HEALTH	Host_Health_State_SD	healthy/control	true
GCA_054745685.1	SAMD00752476	Helicobacter pylori	SC1-HHS-HEALTHY-CONTROL-HEALTH	Host_Health_State_SD_Detail	healthy/control	false
GCA_054745685.1	SAMD00752476	Helicobacter pylori	SC1-HHS-HEALTHY-CONTROL-HEALTH	Host_Health_State_SD_Method	context_dictionary	false
GCA_054745725.1	SAMD00752475	Helicobacter pylori	SC1-HHS-HEALTHY-CONTROL-HEALTH	Host_Health_State_SD	healthy/control	true
GCA_054745725.1	SAMD00752475	Helicobacter pylori	SC1-HHS-HEALTHY-CONTROL-HEALTH	Host_Health_State_SD_Detail	healthy/control	false
GCA_054745725.1	SAMD00752475	Helicobacter pylori	SC1-HHS-HEALTHY-CONTROL-HEALTH	Host_Health_State_SD_Method	context_dictionary	false
GCA_054745765.1	SAMD00752474	Helicobacter pylori	SC1-HHS-HEALTHY-CONTROL-HEALTH	Host_Health_State_SD	healthy/control	true
GCA_054745765.1	SAMD00752474	Helicobacter pylori	SC1-HHS-HEALTHY-CONTROL-HEALTH	Host_Health_State_SD_Detail	healthy/control	false
GCA_054745765.1	SAMD00752474	Helicobacter pylori	SC1-HHS-HEALTHY-CONTROL-HEALTH	Host_Health_State_SD_Method	context_dictionary	false
GCA_054745885.1	SAMD00752469	Helicobacter pylori	SC1-HHS-HEALTHY-CONTROL-HEALTH	Host_Health_State_SD	healthy/control	true
GCA_054745885.1	SAMD00752469	Helicobacter pylori	SC1-HHS-HEALTHY-CONTROL-HEALTH	Host_Health_State_SD_Detail	healthy/control	false
GCA_054745885.1	SAMD00752469	Helicobacter pylori	SC1-HHS-HEALTHY-CONTROL-HEALTH	Host_Health_State_SD_Method	context_dictionary	false
GCA_054745905.1	SAMD00752468	Helicobacter pylori	SC1-HHS-HEALTHY-CONTROL-HEALTH	Host_Health_State_SD	healthy/control	true
GCA_054745905.1	SAMD00752468	Helicobacter pylori	SC1-HHS-HEALTHY-CONTROL-HEALTH	Host_Health_State_SD_Detail	healthy/control	false
GCA_054745905.1	SAMD00752468	Helicobacter pylori	SC1-HHS-HEALTHY-CONTROL-HEALTH	Host_Health_State_SD_Method	context_dictionary	false
GCA_054745945.1	SAMD00752466	Helicobacter pylori	SC1-HHS-HEALTHY-CONTROL-HEALTH	Host_Health_State_SD	healthy/control	true
GCA_054745945.1	SAMD00752466	Helicobacter pylori	SC1-HHS-HEALTHY-CONTROL-HEALTH	Host_Health_State_SD_Detail	healthy/control	false
GCA_054745945.1	SAMD00752466	Helicobacter pylori	SC1-HHS-HEALTHY-CONTROL-HEALTH	Host_Health_State_SD_Method	context_dictionary	false
GCA_054748345.1	SAMD00752387	Helicobacter pylori	SC1-HHS-DISEASED-PATIENT-HEALTH	Host_Health_State_SD	diseased/patient	true
GCA_054748345.1	SAMD00752387	Helicobacter pylori	SC1-HHS-DISEASED-PATIENT-HEALTH	Host_Health_State_SD_Detail	diseased/patient	false
GCA_054748345.1	SAMD00752387	Helicobacter pylori	SC1-HHS-DISEASED-PATIENT-HEALTH	Host_Health_State_SD_Method	dictionary	false
GCA_054748385.1	SAMD00752385	Helicobacter pylori	SC1-HHS-DISEASED-PATIENT-HEALTH	Host_Health_State_SD	diseased/patient	true
GCA_054748385.1	SAMD00752385	Helicobacter pylori	SC1-HHS-DISEASED-PATIENT-HEALTH	Host_Health_State_SD_Detail	diseased/patient	false
GCA_054748385.1	SAMD00752385	Helicobacter pylori	SC1-HHS-DISEASED-PATIENT-HEALTH	Host_Health_State_SD_Method	dictionary	false
GCA_054748545.1	SAMD00752377	Helicobacter pylori	SC1-HHS-DISEASED-PATIENT-HEALTH	Host_Health_State_SD	diseased/patient	true
GCA_054748545.1	SAMD00752377	Helicobacter pylori	SC1-HHS-DISEASED-PATIENT-HEALTH	Host_Health_State_SD_Detail	diseased/patient	false
GCA_054748545.1	SAMD00752377	Helicobacter pylori	SC1-HHS-DISEASED-PATIENT-HEALTH	Host_Health_State_SD_Method	dictionary	false
GCA_054748845.1	SAMD00752362	Helicobacter pylori	SC1-HHS-DISEASED-PATIENT-HEALTH	Host_Health_State_SD	diseased/patient	true
GCA_054748845.1	SAMD00752362	Helicobacter pylori	SC1-HHS-DISEASED-PATIENT-HEALTH	Host_Health_State_SD_Detail	diseased/patient	false
GCA_054748845.1	SAMD00752362	Helicobacter pylori	SC1-HHS-DISEASED-PATIENT-HEALTH	Host_Health_State_SD_Method	dictionary	false
GCA_054749225.1	SAMD00752343	Helicobacter pylori	SC1-HHS-DISEASED-PATIENT-HEALTH	Host_Health_State_SD	diseased/patient	true
GCA_054749225.1	SAMD00752343	Helicobacter pylori	SC1-HHS-DISEASED-PATIENT-HEALTH	Host_Health_State_SD_Detail	diseased/patient	false
GCA_054749225.1	SAMD00752343	Helicobacter pylori	SC1-HHS-DISEASED-PATIENT-HEALTH	Host_Health_State_SD_Method	dictionary	false
GCA_054749345.1	SAMD00752337	Helicobacter pylori	SC1-HHS-DISEASED-PATIENT-HEALTH	Host_Health_State_SD	diseased/patient	true
GCA_054749345.1	SAMD00752337	Helicobacter pylori	SC1-HHS-DISEASED-PATIENT-HEALTH	Host_Health_State_SD_Detail	diseased/patient	false
GCA_054749345.1	SAMD00752337	Helicobacter pylori	SC1-HHS-DISEASED-PATIENT-HEALTH	Host_Health_State_SD_Method	dictionary	false
GCA_054756935.1	SAMD00752045	Helicobacter pylori	SC1-HHS-DISEASED-PATIENT-HEALTH	Host_Health_State_SD	diseased/patient	true
GCA_054756935.1	SAMD00752045	Helicobacter pylori	SC1-HHS-DISEASED-PATIENT-HEALTH	Host_Health_State_SD_Detail	diseased/patient	false
GCA_054756935.1	SAMD00752045	Helicobacter pylori	SC1-HHS-DISEASED-PATIENT-HEALTH	Host_Health_State_SD_Method	dictionary	false
GCA_054757355.1	SAMD00752034	Helicobacter pylori	SC1-HHS-DISEASED-PATIENT-HEALTH	Host_Health_State_SD	diseased/patient	true
GCA_054757355.1	SAMD00752034	Helicobacter pylori	SC1-HHS-DISEASED-PATIENT-HEALTH	Host_Health_State_SD_Detail	diseased/patient	false
GCA_054757355.1	SAMD00752034	Helicobacter pylori	SC1-HHS-DISEASED-PATIENT-HEALTH	Host_Health_State_SD_Method	dictionary	false
GCA_054757795.1	SAMD00752022	Helicobacter pylori	SC1-HHS-DISEASED-PATIENT-HEALTH	Host_Health_State_SD	diseased/patient	true
GCA_054757795.1	SAMD00752022	Helicobacter pylori	SC1-HHS-DISEASED-PATIENT-HEALTH	Host_Health_State_SD_Detail	diseased/patient	false
GCA_054757795.1	SAMD00752022	Helicobacter pylori	SC1-HHS-DISEASED-PATIENT-HEALTH	Host_Health_State_SD_Method	dictionary	false
GCA_054757955.1	SAMD00752017	Helicobacter pylori	SC1-HHS-DISEASED-PATIENT-HEALTH	Host_Health_State_SD	diseased/patient	true
GCA_054757955.1	SAMD00752017	Helicobacter pylori	SC1-HHS-DISEASED-PATIENT-HEALTH	Host_Health_State_SD_Detail	diseased/patient	false
GCA_054757955.1	SAMD00752017	Helicobacter pylori	SC1-HHS-DISEASED-PATIENT-HEALTH	Host_Health_State_SD_Method	dictionary	false
GCA_054758255.1	SAMD00752009	Helicobacter pylori	SC1-HHS-DISEASED-PATIENT-HEALTH	Host_Health_State_SD	diseased/patient	true
GCA_054758255.1	SAMD00752009	Helicobacter pylori	SC1-HHS-DISEASED-PATIENT-HEALTH	Host_Health_State_SD_Detail	diseased/patient	false
GCA_054758255.1	SAMD00752009	Helicobacter pylori	SC1-HHS-DISEASED-PATIENT-HEALTH	Host_Health_State_SD_Method	dictionary	false
GCA_054758595.1	SAMD00752000	Helicobacter pylori	SC1-HHS-DISEASED-PATIENT-HEALTH	Host_Health_State_SD	diseased/patient	true
GCA_054758595.1	SAMD00752000	Helicobacter pylori	SC1-HHS-DISEASED-PATIENT-HEALTH	Host_Health_State_SD_Detail	diseased/patient	false
GCA_054758595.1	SAMD00752000	Helicobacter pylori	SC1-HHS-DISEASED-PATIENT-HEALTH	Host_Health_State_SD_Method	dictionary	false
GCA_054758975.1	SAMD00751989	Helicobacter pylori	SC1-HHS-DISEASED-PATIENT-HEALTH	Host_Health_State_SD	diseased/patient	true
GCA_054758975.1	SAMD00751989	Helicobacter pylori	SC1-HHS-DISEASED-PATIENT-HEALTH	Host_Health_State_SD_Detail	diseased/patient	false
GCA_054758975.1	SAMD00751989	Helicobacter pylori	SC1-HHS-DISEASED-PATIENT-HEALTH	Host_Health_State_SD_Method	dictionary	false
GCA_054759535.1	SAMD00751974	Helicobacter pylori	SC1-HHS-DISEASED-PATIENT-HEALTH	Host_Health_State_SD	diseased/patient	true
GCA_054759535.1	SAMD00751974	Helicobacter pylori	SC1-HHS-DISEASED-PATIENT-HEALTH	Host_Health_State_SD_Detail	diseased/patient	false
GCA_054759535.1	SAMD00751974	Helicobacter pylori	SC1-HHS-DISEASED-PATIENT-HEALTH	Host_Health_State_SD_Method	dictionary	false
GCA_054759815.1	SAMD00751967	Helicobacter pylori	SC1-HHS-DISEASED-PATIENT-HEALTH	Host_Health_State_SD	diseased/patient	true
GCA_054759815.1	SAMD00751967	Helicobacter pylori	SC1-HHS-DISEASED-PATIENT-HEALTH	Host_Health_State_SD_Detail	diseased/patient	false
GCA_054759815.1	SAMD00751967	Helicobacter pylori	SC1-HHS-DISEASED-PATIENT-HEALTH	Host_Health_State_SD_Method	dictionary	false
GCA_054761335.1	SAMD00751927	Helicobacter pylori	SC1-HHS-DISEASED-PATIENT-HEALTH	Host_Health_State_SD	diseased/patient	true
GCA_054761335.1	SAMD00751927	Helicobacter pylori	SC1-HHS-DISEASED-PATIENT-HEALTH	Host_Health_State_SD_Detail	diseased/patient	false
GCA_054761335.1	SAMD00751927	Helicobacter pylori	SC1-HHS-DISEASED-PATIENT-HEALTH	Host_Health_State_SD_Method	dictionary	false
GCA_054761615.1	SAMD00751919	Helicobacter pylori	SC1-HHS-DISEASED-PATIENT-HEALTH	Host_Health_State_SD	diseased/patient	true
GCA_054761615.1	SAMD00751919	Helicobacter pylori	SC1-HHS-DISEASED-PATIENT-HEALTH	Host_Health_State_SD_Detail	diseased/patient	false
GCA_054761615.1	SAMD00751919	Helicobacter pylori	SC1-HHS-DISEASED-PATIENT-HEALTH	Host_Health_State_SD_Method	dictionary	false
GCA_054761895.1	SAMD00751911	Helicobacter pylori	SC1-HHS-DISEASED-PATIENT-HEALTH	Host_Health_State_SD	diseased/patient	true
GCA_054761895.1	SAMD00751911	Helicobacter pylori	SC1-HHS-DISEASED-PATIENT-HEALTH	Host_Health_State_SD_Detail	diseased/patient	false
GCA_054761895.1	SAMD00751911	Helicobacter pylori	SC1-HHS-DISEASED-PATIENT-HEALTH	Host_Health_State_SD_Method	dictionary	false
GCA_054761955.1	SAMD00751910	Helicobacter pylori	SC1-HHS-DISEASED-PATIENT-HEALTH	Host_Health_State_SD	diseased/patient	true
GCA_054761955.1	SAMD00751910	Helicobacter pylori	SC1-HHS-DISEASED-PATIENT-HEALTH	Host_Health_State_SD_Detail	diseased/patient	false
GCA_054761955.1	SAMD00751910	Helicobacter pylori	SC1-HHS-DISEASED-PATIENT-HEALTH	Host_Health_State_SD_Method	dictionary	false
GCA_054762135.1	SAMD00751905	Helicobacter pylori	SC1-HHS-DISEASED-PATIENT-HEALTH	Host_Health_State_SD	diseased/patient	true
GCA_054762135.1	SAMD00751905	Helicobacter pylori	SC1-HHS-DISEASED-PATIENT-HEALTH	Host_Health_State_SD_Detail	diseased/patient	false
GCA_054762135.1	SAMD00751905	Helicobacter pylori	SC1-HHS-DISEASED-PATIENT-HEALTH	Host_Health_State_SD_Method	dictionary	false
GCA_054762295.1	SAMD00751900	Helicobacter pylori	SC1-HHS-DISEASED-PATIENT-HEALTH	Host_Health_State_SD	diseased/patient	true
GCA_054762295.1	SAMD00751900	Helicobacter pylori	SC1-HHS-DISEASED-PATIENT-HEALTH	Host_Health_State_SD_Detail	diseased/patient	false
GCA_054762295.1	SAMD00751900	Helicobacter pylori	SC1-HHS-DISEASED-PATIENT-HEALTH	Host_Health_State_SD_Method	dictionary	false
GCA_054762515.1	SAMD00751896	Helicobacter pylori	SC1-HHS-DISEASED-PATIENT-HEALTH	Host_Health_State_SD	diseased/patient	true
GCA_054762515.1	SAMD00751896	Helicobacter pylori	SC1-HHS-DISEASED-PATIENT-HEALTH	Host_Health_State_SD_Detail	diseased/patient	false
GCA_054762515.1	SAMD00751896	Helicobacter pylori	SC1-HHS-DISEASED-PATIENT-HEALTH	Host_Health_State_SD_Method	dictionary	false
GCA_054762615.1	SAMD00751891	Helicobacter pylori	SC1-HHS-DISEASED-PATIENT-HEALTH	Host_Health_State_SD	diseased/patient	true
GCA_054762615.1	SAMD00751891	Helicobacter pylori	SC1-HHS-DISEASED-PATIENT-HEALTH	Host_Health_State_SD_Detail	diseased/patient	false
GCA_054762615.1	SAMD00751891	Helicobacter pylori	SC1-HHS-DISEASED-PATIENT-HEALTH	Host_Health_State_SD_Method	dictionary	false
GCA_054763375.1	SAMD00751865	Helicobacter pylori	SC1-HHS-DISEASED-PATIENT-HEALTH	Host_Health_State_SD	diseased/patient	true
GCA_054763375.1	SAMD00751865	Helicobacter pylori	SC1-HHS-DISEASED-PATIENT-HEALTH	Host_Health_State_SD_Detail	diseased/patient	false
GCA_054763375.1	SAMD00751865	Helicobacter pylori	SC1-HHS-DISEASED-PATIENT-HEALTH	Host_Health_State_SD_Method	dictionary	false
GCA_054763555.1	SAMD00751861	Helicobacter pylori	SC1-HHS-DISEASED-PATIENT-HEALTH	Host_Health_State_SD	diseased/patient	true
GCA_054763555.1	SAMD00751861	Helicobacter pylori	SC1-HHS-DISEASED-PATIENT-HEALTH	Host_Health_State_SD_Detail	diseased/patient	false
GCA_054763555.1	SAMD00751861	Helicobacter pylori	SC1-HHS-DISEASED-PATIENT-HEALTH	Host_Health_State_SD_Method	dictionary	false
GCA_054763735.1	SAMD00751856	Helicobacter pylori	SC1-HHS-DISEASED-PATIENT-HEALTH	Host_Health_State_SD	diseased/patient	true
GCA_054763735.1	SAMD00751856	Helicobacter pylori	SC1-HHS-DISEASED-PATIENT-HEALTH	Host_Health_State_SD_Detail	diseased/patient	false
GCA_054763735.1	SAMD00751856	Helicobacter pylori	SC1-HHS-DISEASED-PATIENT-HEALTH	Host_Health_State_SD_Method	dictionary	false
GCA_054763855.1	SAMD00751853	Helicobacter pylori	SC1-HHS-DISEASED-PATIENT-HEALTH	Host_Health_State_SD	diseased/patient	true
GCA_054763855.1	SAMD00751853	Helicobacter pylori	SC1-HHS-DISEASED-PATIENT-HEALTH	Host_Health_State_SD_Detail	diseased/patient	false
GCA_054763855.1	SAMD00751853	Helicobacter pylori	SC1-HHS-DISEASED-PATIENT-HEALTH	Host_Health_State_SD_Method	dictionary	false
GCA_054763895.1	SAMD00751851	Helicobacter pylori	SC1-HHS-DISEASED-PATIENT-HEALTH	Host_Health_State_SD	diseased/patient	true
GCA_054763895.1	SAMD00751851	Helicobacter pylori	SC1-HHS-DISEASED-PATIENT-HEALTH	Host_Health_State_SD_Detail	diseased/patient	false
GCA_054763895.1	SAMD00751851	Helicobacter pylori	SC1-HHS-DISEASED-PATIENT-HEALTH	Host_Health_State_SD_Method	dictionary	false
GCA_054764055.1	SAMD00751848	Helicobacter pylori	SC1-HHS-DISEASED-PATIENT-HEALTH	Host_Health_State_SD	diseased/patient	true
GCA_054764055.1	SAMD00751848	Helicobacter pylori	SC1-HHS-DISEASED-PATIENT-HEALTH	Host_Health_State_SD_Detail	diseased/patient	false
GCA_054764055.1	SAMD00751848	Helicobacter pylori	SC1-HHS-DISEASED-PATIENT-HEALTH	Host_Health_State_SD_Method	dictionary	false
GCA_054764235.1	SAMD00751843	Helicobacter pylori	SC1-HHS-DISEASED-PATIENT-HEALTH	Host_Health_State_SD	diseased/patient	true
GCA_054764235.1	SAMD00751843	Helicobacter pylori	SC1-HHS-DISEASED-PATIENT-HEALTH	Host_Health_State_SD_Detail	diseased/patient	false
GCA_054764235.1	SAMD00751843	Helicobacter pylori	SC1-HHS-DISEASED-PATIENT-HEALTH	Host_Health_State_SD_Method	dictionary	false
GCA_054764455.1	SAMD00751836	Helicobacter pylori	SC1-HHS-DISEASED-PATIENT-HEALTH	Host_Health_State_SD	diseased/patient	true
GCA_054764455.1	SAMD00751836	Helicobacter pylori	SC1-HHS-DISEASED-PATIENT-HEALTH	Host_Health_State_SD_Detail	diseased/patient	false
GCA_054764455.1	SAMD00751836	Helicobacter pylori	SC1-HHS-DISEASED-PATIENT-HEALTH	Host_Health_State_SD_Method	dictionary	false
GCA_054783475.1	SAMD00809347	Corynebacterium atrinae	SC1-HHS-HEALTHY-CONTROL-HEALTH	Host_Health_State_SD	healthy/control	true
GCA_054783475.1	SAMD00809347	Corynebacterium atrinae	SC1-HHS-HEALTHY-CONTROL-HEALTH	Host_Health_State_SD_Detail	healthy/control	false
GCA_054783475.1	SAMD00809347	Corynebacterium atrinae	SC1-HHS-HEALTHY-CONTROL-HEALTH	Host_Health_State_SD_Method	context_dictionary	false
GCA_054783495.1	SAMD00809346	Luteococcus sediminum	SC1-HHS-HEALTHY-CONTROL-HEALTH	Host_Health_State_SD	healthy/control	true
GCA_054783495.1	SAMD00809346	Luteococcus sediminum	SC1-HHS-HEALTHY-CONTROL-HEALTH	Host_Health_State_SD_Detail	healthy/control	false
GCA_054783495.1	SAMD00809346	Luteococcus sediminum	SC1-HHS-HEALTHY-CONTROL-HEALTH	Host_Health_State_SD_Method	context_dictionary	false
GCA_054783515.1	SAMD00809345	Conyzicola lurida	SC1-HHS-HEALTHY-CONTROL-HEALTH	Host_Health_State_SD	healthy/control	true
GCA_054783515.1	SAMD00809345	Conyzicola lurida	SC1-HHS-HEALTHY-CONTROL-HEALTH	Host_Health_State_SD_Detail	healthy/control	false
GCA_054783515.1	SAMD00809345	Conyzicola lurida	SC1-HHS-HEALTHY-CONTROL-HEALTH	Host_Health_State_SD_Method	context_dictionary	false
GCA_054783535.1	SAMD00809344	Streptomyces sundarbansensis	SC1-HHS-HEALTHY-CONTROL-HEALTH	Host_Health_State_SD	healthy/control	true
GCA_054783535.1	SAMD00809344	Streptomyces sundarbansensis	SC1-HHS-HEALTHY-CONTROL-HEALTH	Host_Health_State_SD_Detail	healthy/control	false
GCA_054783535.1	SAMD00809344	Streptomyces sundarbansensis	SC1-HHS-HEALTHY-CONTROL-HEALTH	Host_Health_State_SD_Method	context_dictionary	false
GCA_056136025.1	SAMN56405657	Staphylococcus hominis	SC1-HHS-HEALTHY-CONTROL-HEALTH	Host_Health_State_SD	healthy/control	true
GCA_056136025.1	SAMN56405657	Staphylococcus hominis	SC1-HHS-HEALTHY-CONTROL-HEALTH	Host_Health_State_SD_Detail	healthy/control	false
GCA_056136025.1	SAMN56405657	Staphylococcus hominis	SC1-HHS-HEALTHY-CONTROL-HEALTH	Host_Health_State_SD_Method	context_dictionary	false
GCA_056136065.1	SAMN56405656	Staphylococcus hominis	SC1-HHS-HEALTHY-CONTROL-HEALTH	Host_Health_State_SD	healthy/control	true
GCA_056136065.1	SAMN56405656	Staphylococcus hominis	SC1-HHS-HEALTHY-CONTROL-HEALTH	Host_Health_State_SD_Detail	healthy/control	false
GCA_056136065.1	SAMN56405656	Staphylococcus hominis	SC1-HHS-HEALTHY-CONTROL-HEALTH	Host_Health_State_SD_Method	context_dictionary	false
GCA_056136245.1	SAMN56405643	Bacillus cereus	SC1-HHS-HEALTHY-CONTROL-HEALTH	Host_Health_State_SD	healthy/control	true
GCA_056136245.1	SAMN56405643	Bacillus cereus	SC1-HHS-HEALTHY-CONTROL-HEALTH	Host_Health_State_SD_Detail	healthy/control	false
GCA_056136245.1	SAMN56405643	Bacillus cereus	SC1-HHS-HEALTHY-CONTROL-HEALTH	Host_Health_State_SD_Method	context_dictionary	false
GCA_056136255.1	SAMN56405644	Acinetobacter baumannii	SC1-HHS-HEALTHY-CONTROL-HEALTH	Host_Health_State_SD	healthy/control	true
GCA_056136255.1	SAMN56405644	Acinetobacter baumannii	SC1-HHS-HEALTHY-CONTROL-HEALTH	Host_Health_State_SD_Detail	healthy/control	false
GCA_056136255.1	SAMN56405644	Acinetobacter baumannii	SC1-HHS-HEALTHY-CONTROL-HEALTH	Host_Health_State_SD_Method	context_dictionary	false
GCA_056136285.1	SAMN56405641	Acinetobacter baumannii	SC1-HHS-HEALTHY-CONTROL-HEALTH	Host_Health_State_SD	healthy/control	true
GCA_056136285.1	SAMN56405641	Acinetobacter baumannii	SC1-HHS-HEALTHY-CONTROL-HEALTH	Host_Health_State_SD_Detail	healthy/control	false
GCA_056136285.1	SAMN56405641	Acinetobacter baumannii	SC1-HHS-HEALTHY-CONTROL-HEALTH	Host_Health_State_SD_Method	context_dictionary	false
GCA_056385705.1	SAMN56405645	Acinetobacter baumannii	SC1-HHS-HEALTHY-CONTROL-HEALTH	Host_Health_State_SD	healthy/control	true
GCA_056385705.1	SAMN56405645	Acinetobacter baumannii	SC1-HHS-HEALTHY-CONTROL-HEALTH	Host_Health_State_SD_Detail	healthy/control	false
GCA_056385705.1	SAMN56405645	Acinetobacter baumannii	SC1-HHS-HEALTHY-CONTROL-HEALTH	Host_Health_State_SD_Method	context_dictionary	false
GCA_056812535.1	SAMN50509279	Escherichia coli	SC1-HHS-HEALTHY-CONTROL-HEALTH	Host_Health_State_SD	healthy/control	true
GCA_056812535.1	SAMN50509279	Escherichia coli	SC1-HHS-HEALTHY-CONTROL-HEALTH	Host_Health_State_SD_Detail	healthy/control	false
GCA_056812535.1	SAMN50509279	Escherichia coli	SC1-HHS-HEALTHY-CONTROL-HEALTH	Host_Health_State_SD_Method	context_dictionary	false
GCA_056812595.1	SAMN50509277	Enterocloster bolteae	SC1-HHS-HEALTHY-CONTROL-HEALTH	Host_Health_State_SD	healthy/control	true
GCA_056812595.1	SAMN50509277	Enterocloster bolteae	SC1-HHS-HEALTHY-CONTROL-HEALTH	Host_Health_State_SD_Detail	healthy/control	false
GCA_056812595.1	SAMN50509277	Enterocloster bolteae	SC1-HHS-HEALTHY-CONTROL-HEALTH	Host_Health_State_SD_Method	context_dictionary	false
GCA_056812615.1	SAMN50509278	Dialister hominis	SC1-HHS-HEALTHY-CONTROL-HEALTH	Host_Health_State_SD	healthy/control	true
GCA_056812615.1	SAMN50509278	Dialister hominis	SC1-HHS-HEALTHY-CONTROL-HEALTH	Host_Health_State_SD_Detail	healthy/control	false
GCA_056812615.1	SAMN50509278	Dialister hominis	SC1-HHS-HEALTHY-CONTROL-HEALTH	Host_Health_State_SD_Method	context_dictionary	false
GCA_056812655.1	SAMN50509276	Bacteroides ovatus	SC1-HHS-HEALTHY-CONTROL-HEALTH	Host_Health_State_SD	healthy/control	true
GCA_056812655.1	SAMN50509276	Bacteroides ovatus	SC1-HHS-HEALTHY-CONTROL-HEALTH	Host_Health_State_SD_Detail	healthy/control	false
GCA_056812655.1	SAMN50509276	Bacteroides ovatus	SC1-HHS-HEALTHY-CONTROL-HEALTH	Host_Health_State_SD_Method	context_dictionary	false
GCA_056812715.1	SAMN50509274	Megasphaera cerevisiae	SC1-HHS-HEALTHY-CONTROL-HEALTH	Host_Health_State_SD	healthy/control	true
GCA_056812715.1	SAMN50509274	Megasphaera cerevisiae	SC1-HHS-HEALTHY-CONTROL-HEALTH	Host_Health_State_SD_Detail	healthy/control	false
GCA_056812715.1	SAMN50509274	Megasphaera cerevisiae	SC1-HHS-HEALTHY-CONTROL-HEALTH	Host_Health_State_SD_Method	context_dictionary	false
GCA_056812755.1	SAMN50509275	Pectinatus cerevisiiphilus	SC1-HHS-HEALTHY-CONTROL-HEALTH	Host_Health_State_SD	healthy/control	true
GCA_056812755.1	SAMN50509275	Pectinatus cerevisiiphilus	SC1-HHS-HEALTHY-CONTROL-HEALTH	Host_Health_State_SD_Detail	healthy/control	false
GCA_056812755.1	SAMN50509275	Pectinatus cerevisiiphilus	SC1-HHS-HEALTHY-CONTROL-HEALTH	Host_Health_State_SD_Method	context_dictionary	false
GCA_056812795.1	SAMN50509273	Veillonella atypica	SC1-HHS-HEALTHY-CONTROL-HEALTH	Host_Health_State_SD	healthy/control	true
GCA_056812795.1	SAMN50509273	Veillonella atypica	SC1-HHS-HEALTHY-CONTROL-HEALTH	Host_Health_State_SD_Detail	healthy/control	false
GCA_056812795.1	SAMN50509273	Veillonella atypica	SC1-HHS-HEALTHY-CONTROL-HEALTH	Host_Health_State_SD_Method	context_dictionary	false
GCA_056812835.1	SAMN50509272	Parabacteroides goldsteinii	SC1-HHS-HEALTHY-CONTROL-HEALTH	Host_Health_State_SD	healthy/control	true
GCA_056812835.1	SAMN50509272	Parabacteroides goldsteinii	SC1-HHS-HEALTHY-CONTROL-HEALTH	Host_Health_State_SD_Detail	healthy/control	false
GCA_056812835.1	SAMN50509272	Parabacteroides goldsteinii	SC1-HHS-HEALTHY-CONTROL-HEALTH	Host_Health_State_SD_Method	context_dictionary	false
GCA_056812875.1	SAMN50509271	Enterocloster sp.	SC1-HHS-HEALTHY-CONTROL-HEALTH	Host_Health_State_SD	healthy/control	true
GCA_056812875.1	SAMN50509271	Enterocloster sp.	SC1-HHS-HEALTHY-CONTROL-HEALTH	Host_Health_State_SD_Detail	healthy/control	false
GCA_056812875.1	SAMN50509271	Enterocloster sp.	SC1-HHS-HEALTHY-CONTROL-HEALTH	Host_Health_State_SD_Method	context_dictionary	false
GCA_056812915.1	SAMN50509270	Bacteroides thetaiotaomicron	SC1-HHS-HEALTHY-CONTROL-HEALTH	Host_Health_State_SD	healthy/control	true
GCA_056812915.1	SAMN50509270	Bacteroides thetaiotaomicron	SC1-HHS-HEALTHY-CONTROL-HEALTH	Host_Health_State_SD_Detail	healthy/control	false
GCA_056812915.1	SAMN50509270	Bacteroides thetaiotaomicron	SC1-HHS-HEALTHY-CONTROL-HEALTH	Host_Health_State_SD_Method	context_dictionary	false
GCA_056812935.1	SAMN50509269	Megasphaera geminata	SC1-HHS-HEALTHY-CONTROL-HEALTH	Host_Health_State_SD	healthy/control	true
GCA_056812935.1	SAMN50509269	Megasphaera geminata	SC1-HHS-HEALTHY-CONTROL-HEALTH	Host_Health_State_SD_Detail	healthy/control	false
GCA_056812935.1	SAMN50509269	Megasphaera geminata	SC1-HHS-HEALTHY-CONTROL-HEALTH	Host_Health_State_SD_Method	context_dictionary	false
GCA_056812955.1	SAMN50509268	Dialister invisus	SC1-HHS-HEALTHY-CONTROL-HEALTH	Host_Health_State_SD	healthy/control	true
GCA_056812955.1	SAMN50509268	Dialister invisus	SC1-HHS-HEALTHY-CONTROL-HEALTH	Host_Health_State_SD_Detail	healthy/control	false
GCA_056812955.1	SAMN50509268	Dialister invisus	SC1-HHS-HEALTHY-CONTROL-HEALTH	Host_Health_State_SD_Method	context_dictionary	false
GCA_056812975.1	SAMN50509265	Escherichia coli	SC1-HHS-HEALTHY-CONTROL-HEALTH	Host_Health_State_SD	healthy/control	true
GCA_056812975.1	SAMN50509265	Escherichia coli	SC1-HHS-HEALTHY-CONTROL-HEALTH	Host_Health_State_SD_Detail	healthy/control	false
GCA_056812975.1	SAMN50509265	Escherichia coli	SC1-HHS-HEALTHY-CONTROL-HEALTH	Host_Health_State_SD_Method	context_dictionary	false
GCA_056812995.1	SAMN50509266	Bilophila wadsworthia	SC1-HHS-HEALTHY-CONTROL-HEALTH	Host_Health_State_SD	healthy/control	true
GCA_056812995.1	SAMN50509266	Bilophila wadsworthia	SC1-HHS-HEALTHY-CONTROL-HEALTH	Host_Health_State_SD_Detail	healthy/control	false
GCA_056812995.1	SAMN50509266	Bilophila wadsworthia	SC1-HHS-HEALTHY-CONTROL-HEALTH	Host_Health_State_SD_Method	context_dictionary	false
GCA_056813015.1	SAMN50509267	Hominimerdicola aceti	SC1-HHS-HEALTHY-CONTROL-HEALTH	Host_Health_State_SD	healthy/control	true
GCA_056813015.1	SAMN50509267	Hominimerdicola aceti	SC1-HHS-HEALTHY-CONTROL-HEALTH	Host_Health_State_SD_Detail	healthy/control	false
GCA_056813015.1	SAMN50509267	Hominimerdicola aceti	SC1-HHS-HEALTHY-CONTROL-HEALTH	Host_Health_State_SD_Method	context_dictionary	false
GCA_056813035.1	SAMN50509264	Flavonifractor plautii	SC1-HHS-HEALTHY-CONTROL-HEALTH	Host_Health_State_SD	healthy/control	true
GCA_056813035.1	SAMN50509264	Flavonifractor plautii	SC1-HHS-HEALTHY-CONTROL-HEALTH	Host_Health_State_SD_Detail	healthy/control	false
GCA_056813035.1	SAMN50509264	Flavonifractor plautii	SC1-HHS-HEALTHY-CONTROL-HEALTH	Host_Health_State_SD_Method	context_dictionary	false
GCA_056813055.1	SAMN50509263	Pauljensenia sp.	SC1-HHS-HEALTHY-CONTROL-HEALTH	Host_Health_State_SD	healthy/control	true
GCA_056813055.1	SAMN50509263	Pauljensenia sp.	SC1-HHS-HEALTHY-CONTROL-HEALTH	Host_Health_State_SD_Detail	healthy/control	false
GCA_056813055.1	SAMN50509263	Pauljensenia sp.	SC1-HHS-HEALTHY-CONTROL-HEALTH	Host_Health_State_SD_Method	context_dictionary	false
GCA_056813075.1	SAMN50509262	Roseburia intestinalis	SC1-HHS-HEALTHY-CONTROL-HEALTH	Host_Health_State_SD	healthy/control	true
GCA_056813075.1	SAMN50509262	Roseburia intestinalis	SC1-HHS-HEALTHY-CONTROL-HEALTH	Host_Health_State_SD_Detail	healthy/control	false
GCA_056813075.1	SAMN50509262	Roseburia intestinalis	SC1-HHS-HEALTHY-CONTROL-HEALTH	Host_Health_State_SD_Method	context_dictionary	false
GCA_056813095.1	SAMN50509261	Enterocloster clostridioformis	SC1-HHS-HEALTHY-CONTROL-HEALTH	Host_Health_State_SD	healthy/control	true
GCA_056813095.1	SAMN50509261	Enterocloster clostridioformis	SC1-HHS-HEALTHY-CONTROL-HEALTH	Host_Health_State_SD_Detail	healthy/control	false
GCA_056813095.1	SAMN50509261	Enterocloster clostridioformis	SC1-HHS-HEALTHY-CONTROL-HEALTH	Host_Health_State_SD_Method	context_dictionary	false
GCA_056813115.1	SAMN50509259	Eubacterium sp.	SC1-HHS-HEALTHY-CONTROL-HEALTH	Host_Health_State_SD	healthy/control	true
GCA_056813115.1	SAMN50509259	Eubacterium sp.	SC1-HHS-HEALTHY-CONTROL-HEALTH	Host_Health_State_SD_Detail	healthy/control	false
GCA_056813115.1	SAMN50509259	Eubacterium sp.	SC1-HHS-HEALTHY-CONTROL-HEALTH	Host_Health_State_SD_Method	context_dictionary	false
GCA_056813135.1	SAMN50509260	Veillonella parvula	SC1-HHS-HEALTHY-CONTROL-HEALTH	Host_Health_State_SD	healthy/control	true
GCA_056813135.1	SAMN50509260	Veillonella parvula	SC1-HHS-HEALTHY-CONTROL-HEALTH	Host_Health_State_SD_Detail	healthy/control	false
GCA_056813135.1	SAMN50509260	Veillonella parvula	SC1-HHS-HEALTHY-CONTROL-HEALTH	Host_Health_State_SD_Method	context_dictionary	false
GCA_056813155.1	SAMN50509258	Agathobacter rectalis	SC1-HHS-HEALTHY-CONTROL-HEALTH	Host_Health_State_SD	healthy/control	true
GCA_056813155.1	SAMN50509258	Agathobacter rectalis	SC1-HHS-HEALTHY-CONTROL-HEALTH	Host_Health_State_SD_Detail	healthy/control	false
GCA_056813155.1	SAMN50509258	Agathobacter rectalis	SC1-HHS-HEALTHY-CONTROL-HEALTH	Host_Health_State_SD_Method	context_dictionary	false
GCA_056813175.1	SAMN50509256	Sutterella wadsworthensis	SC1-HHS-HEALTHY-CONTROL-HEALTH	Host_Health_State_SD	healthy/control	true
GCA_056813175.1	SAMN50509256	Sutterella wadsworthensis	SC1-HHS-HEALTHY-CONTROL-HEALTH	Host_Health_State_SD_Detail	healthy/control	false
GCA_056813175.1	SAMN50509256	Sutterella wadsworthensis	SC1-HHS-HEALTHY-CONTROL-HEALTH	Host_Health_State_SD_Method	context_dictionary	false
GCA_056813195.1	SAMN50509257	Ruthenibacterium lactatiformans	SC1-HHS-HEALTHY-CONTROL-HEALTH	Host_Health_State_SD	healthy/control	true
GCA_056813195.1	SAMN50509257	Ruthenibacterium lactatiformans	SC1-HHS-HEALTHY-CONTROL-HEALTH	Host_Health_State_SD_Detail	healthy/control	false
GCA_056813195.1	SAMN50509257	Ruthenibacterium lactatiformans	SC1-HHS-HEALTHY-CONTROL-HEALTH	Host_Health_State_SD_Method	context_dictionary	false
GCA_056813215.1	SAMN50509255	Prevotella sp.	SC1-HHS-HEALTHY-CONTROL-HEALTH	Host_Health_State_SD	healthy/control	true
GCA_056813215.1	SAMN50509255	Prevotella sp.	SC1-HHS-HEALTHY-CONTROL-HEALTH	Host_Health_State_SD_Detail	healthy/control	false
GCA_056813215.1	SAMN50509255	Prevotella sp.	SC1-HHS-HEALTHY-CONTROL-HEALTH	Host_Health_State_SD_Method	context_dictionary	false
GCA_056813235.1	SAMN50509253	Acutalibacteraceae bacterium	SC1-HHS-HEALTHY-CONTROL-HEALTH	Host_Health_State_SD	healthy/control	true
GCA_056813235.1	SAMN50509253	Acutalibacteraceae bacterium	SC1-HHS-HEALTHY-CONTROL-HEALTH	Host_Health_State_SD_Detail	healthy/control	false
GCA_056813235.1	SAMN50509253	Acutalibacteraceae bacterium	SC1-HHS-HEALTHY-CONTROL-HEALTH	Host_Health_State_SD_Method	context_dictionary	false
GCA_056813255.1	SAMN50509254	Alistipes onderdonkii	SC1-HHS-HEALTHY-CONTROL-HEALTH	Host_Health_State_SD	healthy/control	true
GCA_056813255.1	SAMN50509254	Alistipes onderdonkii	SC1-HHS-HEALTHY-CONTROL-HEALTH	Host_Health_State_SD_Detail	healthy/control	false
GCA_056813255.1	SAMN50509254	Alistipes onderdonkii	SC1-HHS-HEALTHY-CONTROL-HEALTH	Host_Health_State_SD_Method	context_dictionary	false
GCA_056813275.1	SAMN50509252	Streptococcus salivarius	SC1-HHS-HEALTHY-CONTROL-HEALTH	Host_Health_State_SD	healthy/control	true
GCA_056813275.1	SAMN50509252	Streptococcus salivarius	SC1-HHS-HEALTHY-CONTROL-HEALTH	Host_Health_State_SD_Detail	healthy/control	false
GCA_056813275.1	SAMN50509252	Streptococcus salivarius	SC1-HHS-HEALTHY-CONTROL-HEALTH	Host_Health_State_SD_Method	context_dictionary	false
GCA_056813295.1	SAMN50509251	Alloprevotella sp.	SC1-HHS-HEALTHY-CONTROL-HEALTH	Host_Health_State_SD	healthy/control	true
GCA_056813295.1	SAMN50509251	Alloprevotella sp.	SC1-HHS-HEALTHY-CONTROL-HEALTH	Host_Health_State_SD_Detail	healthy/control	false
GCA_056813295.1	SAMN50509251	Alloprevotella sp.	SC1-HHS-HEALTHY-CONTROL-HEALTH	Host_Health_State_SD_Method	context_dictionary	false
GCA_056813315.1	SAMN50509250	Vescimonas coprocola	SC1-HHS-HEALTHY-CONTROL-HEALTH	Host_Health_State_SD	healthy/control	true
GCA_056813315.1	SAMN50509250	Vescimonas coprocola	SC1-HHS-HEALTHY-CONTROL-HEALTH	Host_Health_State_SD_Detail	healthy/control	false
GCA_056813315.1	SAMN50509250	Vescimonas coprocola	SC1-HHS-HEALTHY-CONTROL-HEALTH	Host_Health_State_SD_Method	context_dictionary	false
GCA_056813335.1	SAMN50509249	Xylanibacter sp.	SC1-HHS-HEALTHY-CONTROL-HEALTH	Host_Health_State_SD	healthy/control	true
GCA_056813335.1	SAMN50509249	Xylanibacter sp.	SC1-HHS-HEALTHY-CONTROL-HEALTH	Host_Health_State_SD_Detail	healthy/control	false
GCA_056813335.1	SAMN50509249	Xylanibacter sp.	SC1-HHS-HEALTHY-CONTROL-HEALTH	Host_Health_State_SD_Method	context_dictionary	false
GCA_056813355.1	SAMN50509248	Segatella copri	SC1-HHS-HEALTHY-CONTROL-HEALTH	Host_Health_State_SD	healthy/control	true
GCA_056813355.1	SAMN50509248	Segatella copri	SC1-HHS-HEALTHY-CONTROL-HEALTH	Host_Health_State_SD_Detail	healthy/control	false
GCA_056813355.1	SAMN50509248	Segatella copri	SC1-HHS-HEALTHY-CONTROL-HEALTH	Host_Health_State_SD_Method	context_dictionary	false
GCA_056813375.1	SAMN50509247	Candidatus Limisoma sp.	SC1-HHS-HEALTHY-CONTROL-HEALTH	Host_Health_State_SD	healthy/control	true
GCA_056813375.1	SAMN50509247	Candidatus Limisoma sp.	SC1-HHS-HEALTHY-CONTROL-HEALTH	Host_Health_State_SD_Detail	healthy/control	false
GCA_056813375.1	SAMN50509247	Candidatus Limisoma sp.	SC1-HHS-HEALTHY-CONTROL-HEALTH	Host_Health_State_SD_Method	context_dictionary	false
GCA_056813395.1	SAMN50509246	Phocaeicola coprocola	SC1-HHS-HEALTHY-CONTROL-HEALTH	Host_Health_State_SD	healthy/control	true
GCA_056813395.1	SAMN50509246	Phocaeicola coprocola	SC1-HHS-HEALTHY-CONTROL-HEALTH	Host_Health_State_SD_Detail	healthy/control	false
GCA_056813395.1	SAMN50509246	Phocaeicola coprocola	SC1-HHS-HEALTHY-CONTROL-HEALTH	Host_Health_State_SD_Method	context_dictionary	false
GCA_056813415.1	SAMN50509245	Hominicoprocola fusiformis	SC1-HHS-HEALTHY-CONTROL-HEALTH	Host_Health_State_SD	healthy/control	true
GCA_056813415.1	SAMN50509245	Hominicoprocola fusiformis	SC1-HHS-HEALTHY-CONTROL-HEALTH	Host_Health_State_SD_Detail	healthy/control	false
GCA_056813415.1	SAMN50509245	Hominicoprocola fusiformis	SC1-HHS-HEALTHY-CONTROL-HEALTH	Host_Health_State_SD_Method	context_dictionary	false
GCA_056813435.1	SAMN50509244	Phocaeicola plebeius	SC1-HHS-HEALTHY-CONTROL-HEALTH	Host_Health_State_SD	healthy/control	true
GCA_056813435.1	SAMN50509244	Phocaeicola plebeius	SC1-HHS-HEALTHY-CONTROL-HEALTH	Host_Health_State_SD_Detail	healthy/control	false
GCA_056813435.1	SAMN50509244	Phocaeicola plebeius	SC1-HHS-HEALTHY-CONTROL-HEALTH	Host_Health_State_SD_Method	context_dictionary	false
GCA_056813455.1	SAMN50509243	Alistipes putredinis	SC1-HHS-HEALTHY-CONTROL-HEALTH	Host_Health_State_SD	healthy/control	true
GCA_056813455.1	SAMN50509243	Alistipes putredinis	SC1-HHS-HEALTHY-CONTROL-HEALTH	Host_Health_State_SD_Detail	healthy/control	false
GCA_056813455.1	SAMN50509243	Alistipes putredinis	SC1-HHS-HEALTHY-CONTROL-HEALTH	Host_Health_State_SD_Method	context_dictionary	false
GCA_056813475.1	SAMN50509241	Alistipes hominis	SC1-HHS-HEALTHY-CONTROL-HEALTH	Host_Health_State_SD	healthy/control	true
GCA_056813475.1	SAMN50509241	Alistipes hominis	SC1-HHS-HEALTHY-CONTROL-HEALTH	Host_Health_State_SD_Detail	healthy/control	false
GCA_056813475.1	SAMN50509241	Alistipes hominis	SC1-HHS-HEALTHY-CONTROL-HEALTH	Host_Health_State_SD_Method	context_dictionary	false
GCA_056813495.1	SAMN50509242	Phocaeicola sp.	SC1-HHS-HEALTHY-CONTROL-HEALTH	Host_Health_State_SD	healthy/control	true
GCA_056813495.1	SAMN50509242	Phocaeicola sp.	SC1-HHS-HEALTHY-CONTROL-HEALTH	Host_Health_State_SD_Detail	healthy/control	false
GCA_056813495.1	SAMN50509242	Phocaeicola sp.	SC1-HHS-HEALTHY-CONTROL-HEALTH	Host_Health_State_SD_Method	context_dictionary	false
GCA_056813515.1	SAMN50509240	Bacteroides clarus	SC1-HHS-HEALTHY-CONTROL-HEALTH	Host_Health_State_SD	healthy/control	true
GCA_056813515.1	SAMN50509240	Bacteroides clarus	SC1-HHS-HEALTHY-CONTROL-HEALTH	Host_Health_State_SD_Detail	healthy/control	false
GCA_056813515.1	SAMN50509240	Bacteroides clarus	SC1-HHS-HEALTHY-CONTROL-HEALTH	Host_Health_State_SD_Method	context_dictionary	false
GCA_056813535.1	SAMN50509239	Phascolarctobacterium succinatutens	SC1-HHS-HEALTHY-CONTROL-HEALTH	Host_Health_State_SD	healthy/control	true
GCA_056813535.1	SAMN50509239	Phascolarctobacterium succinatutens	SC1-HHS-HEALTHY-CONTROL-HEALTH	Host_Health_State_SD_Detail	healthy/control	false
GCA_056813535.1	SAMN50509239	Phascolarctobacterium succinatutens	SC1-HHS-HEALTHY-CONTROL-HEALTH	Host_Health_State_SD_Method	context_dictionary	false
GCA_056813575.1	SAMN50509238	Candidatus Cryptobacteroides sp.	SC1-HHS-HEALTHY-CONTROL-HEALTH	Host_Health_State_SD	healthy/control	true
GCA_056813575.1	SAMN50509238	Candidatus Cryptobacteroides sp.	SC1-HHS-HEALTHY-CONTROL-HEALTH	Host_Health_State_SD_Detail	healthy/control	false
GCA_056813575.1	SAMN50509238	Candidatus Cryptobacteroides sp.	SC1-HHS-HEALTHY-CONTROL-HEALTH	Host_Health_State_SD_Method	context_dictionary	false
GCA_056962615.1	SAMN50492099	Alistipes putredinis	SC1-HHS-HEALTHY-CONTROL-HEALTH	Host_Health_State_SD	healthy/control	true
GCA_056962615.1	SAMN50492099	Alistipes putredinis	SC1-HHS-HEALTHY-CONTROL-HEALTH	Host_Health_State_SD_Detail	healthy/control	false
GCA_056962615.1	SAMN50492099	Alistipes putredinis	SC1-HHS-HEALTHY-CONTROL-HEALTH	Host_Health_State_SD_Method	context_dictionary	false
GCA_056962635.1	SAMN50492098	Candidatus Merdimorpha sp.	SC1-HHS-HEALTHY-CONTROL-HEALTH	Host_Health_State_SD	healthy/control	true
GCA_056962635.1	SAMN50492098	Candidatus Merdimorpha sp.	SC1-HHS-HEALTHY-CONTROL-HEALTH	Host_Health_State_SD_Detail	healthy/control	false
GCA_056962635.1	SAMN50492098	Candidatus Merdimorpha sp.	SC1-HHS-HEALTHY-CONTROL-HEALTH	Host_Health_State_SD_Method	context_dictionary	false
GCA_056962655.1	SAMN50492097	Xylanibacter rarus	SC1-HHS-HEALTHY-CONTROL-HEALTH	Host_Health_State_SD	healthy/control	true
GCA_056962655.1	SAMN50492097	Xylanibacter rarus	SC1-HHS-HEALTHY-CONTROL-HEALTH	Host_Health_State_SD_Detail	healthy/control	false
GCA_056962655.1	SAMN50492097	Xylanibacter rarus	SC1-HHS-HEALTHY-CONTROL-HEALTH	Host_Health_State_SD_Method	context_dictionary	false
GCA_056962675.1	SAMN50492096	Alistipes finegoldii	SC1-HHS-HEALTHY-CONTROL-HEALTH	Host_Health_State_SD	healthy/control	true
GCA_056962675.1	SAMN50492096	Alistipes finegoldii	SC1-HHS-HEALTHY-CONTROL-HEALTH	Host_Health_State_SD_Detail	healthy/control	false
GCA_056962675.1	SAMN50492096	Alistipes finegoldii	SC1-HHS-HEALTHY-CONTROL-HEALTH	Host_Health_State_SD_Method	context_dictionary	false
GCA_056962695.1	SAMN50492095	Brotocaccenecus cirricatena	SC1-HHS-HEALTHY-CONTROL-HEALTH	Host_Health_State_SD	healthy/control	true
GCA_056962695.1	SAMN50492095	Brotocaccenecus cirricatena	SC1-HHS-HEALTHY-CONTROL-HEALTH	Host_Health_State_SD_Detail	healthy/control	false
GCA_056962695.1	SAMN50492095	Brotocaccenecus cirricatena	SC1-HHS-HEALTHY-CONTROL-HEALTH	Host_Health_State_SD_Method	context_dictionary	false
GCA_056962715.1	SAMN50492094	Bifidobacterium longum	SC1-HHS-HEALTHY-CONTROL-HEALTH	Host_Health_State_SD	healthy/control	true
GCA_056962715.1	SAMN50492094	Bifidobacterium longum	SC1-HHS-HEALTHY-CONTROL-HEALTH	Host_Health_State_SD_Detail	healthy/control	false
GCA_056962715.1	SAMN50492094	Bifidobacterium longum	SC1-HHS-HEALTHY-CONTROL-HEALTH	Host_Health_State_SD_Method	context_dictionary	false
GCA_056962735.1	SAMN50492093	Candidatus Limivicinus sp.	SC1-HHS-HEALTHY-CONTROL-HEALTH	Host_Health_State_SD	healthy/control	true
GCA_056962735.1	SAMN50492093	Candidatus Limivicinus sp.	SC1-HHS-HEALTHY-CONTROL-HEALTH	Host_Health_State_SD_Detail	healthy/control	false
GCA_056962735.1	SAMN50492093	Candidatus Limivicinus sp.	SC1-HHS-HEALTHY-CONTROL-HEALTH	Host_Health_State_SD_Method	context_dictionary	false
GCA_056962755.1	SAMN50492091	Faecalibacterium sp.	SC1-HHS-HEALTHY-CONTROL-HEALTH	Host_Health_State_SD	healthy/control	true
GCA_056962755.1	SAMN50492091	Faecalibacterium sp.	SC1-HHS-HEALTHY-CONTROL-HEALTH	Host_Health_State_SD_Detail	healthy/control	false
GCA_056962755.1	SAMN50492091	Faecalibacterium sp.	SC1-HHS-HEALTHY-CONTROL-HEALTH	Host_Health_State_SD_Method	context_dictionary	false
GCA_056962775.1	SAMN50492092	Agathobacter rectalis	SC1-HHS-HEALTHY-CONTROL-HEALTH	Host_Health_State_SD	healthy/control	true
GCA_056962775.1	SAMN50492092	Agathobacter rectalis	SC1-HHS-HEALTHY-CONTROL-HEALTH	Host_Health_State_SD_Detail	healthy/control	false
GCA_056962775.1	SAMN50492092	Agathobacter rectalis	SC1-HHS-HEALTHY-CONTROL-HEALTH	Host_Health_State_SD_Method	context_dictionary	false
GCA_056962795.1	SAMN50492090	Odoribacter splanchnicus	SC1-HHS-HEALTHY-CONTROL-HEALTH	Host_Health_State_SD	healthy/control	true
GCA_056962795.1	SAMN50492090	Odoribacter splanchnicus	SC1-HHS-HEALTHY-CONTROL-HEALTH	Host_Health_State_SD_Detail	healthy/control	false
GCA_056962795.1	SAMN50492090	Odoribacter splanchnicus	SC1-HHS-HEALTHY-CONTROL-HEALTH	Host_Health_State_SD_Method	context_dictionary	false
GCA_056962815.1	SAMN50492089	Alistipes onderdonkii	SC1-HHS-HEALTHY-CONTROL-HEALTH	Host_Health_State_SD	healthy/control	true
GCA_056962815.1	SAMN50492089	Alistipes onderdonkii	SC1-HHS-HEALTHY-CONTROL-HEALTH	Host_Health_State_SD_Detail	healthy/control	false
GCA_056962815.1	SAMN50492089	Alistipes onderdonkii	SC1-HHS-HEALTHY-CONTROL-HEALTH	Host_Health_State_SD_Method	context_dictionary	false
GCA_056962835.1	SAMN50492088	Akkermansia muciniphila	SC1-HHS-HEALTHY-CONTROL-HEALTH	Host_Health_State_SD	healthy/control	true
GCA_056962835.1	SAMN50492088	Akkermansia muciniphila	SC1-HHS-HEALTHY-CONTROL-HEALTH	Host_Health_State_SD_Detail	healthy/control	false
GCA_056962835.1	SAMN50492088	Akkermansia muciniphila	SC1-HHS-HEALTHY-CONTROL-HEALTH	Host_Health_State_SD_Method	context_dictionary	false
GCA_056962855.1	SAMN50492086	Butyrivibrio sp.	SC1-HHS-HEALTHY-CONTROL-HEALTH	Host_Health_State_SD	healthy/control	true
GCA_056962855.1	SAMN50492086	Butyrivibrio sp.	SC1-HHS-HEALTHY-CONTROL-HEALTH	Host_Health_State_SD_Detail	healthy/control	false
GCA_056962855.1	SAMN50492086	Butyrivibrio sp.	SC1-HHS-HEALTHY-CONTROL-HEALTH	Host_Health_State_SD_Method	context_dictionary	false
GCA_056962875.1	SAMN50492087	Dialister invisus	SC1-HHS-HEALTHY-CONTROL-HEALTH	Host_Health_State_SD	healthy/control	true
GCA_056962875.1	SAMN50492087	Dialister invisus	SC1-HHS-HEALTHY-CONTROL-HEALTH	Host_Health_State_SD_Detail	healthy/control	false
GCA_056962875.1	SAMN50492087	Dialister invisus	SC1-HHS-HEALTHY-CONTROL-HEALTH	Host_Health_State_SD_Method	context_dictionary	false
GCA_056962895.1	SAMN50492084	Ruminococcoides intestinale	SC1-HHS-HEALTHY-CONTROL-HEALTH	Host_Health_State_SD	healthy/control	true
GCA_056962895.1	SAMN50492084	Ruminococcoides intestinale	SC1-HHS-HEALTHY-CONTROL-HEALTH	Host_Health_State_SD_Detail	healthy/control	false
GCA_056962895.1	SAMN50492084	Ruminococcoides intestinale	SC1-HHS-HEALTHY-CONTROL-HEALTH	Host_Health_State_SD_Method	context_dictionary	false
GCA_056962915.1	SAMN50492085	Huintestinicola butyrica	SC1-HHS-HEALTHY-CONTROL-HEALTH	Host_Health_State_SD	healthy/control	true
GCA_056962915.1	SAMN50492085	Huintestinicola butyrica	SC1-HHS-HEALTHY-CONTROL-HEALTH	Host_Health_State_SD_Detail	healthy/control	false
GCA_056962915.1	SAMN50492085	Huintestinicola butyrica	SC1-HHS-HEALTHY-CONTROL-HEALTH	Host_Health_State_SD_Method	context_dictionary	false
GCA_056962935.1	SAMN50492083	Butyribacter sp.	SC1-HHS-HEALTHY-CONTROL-HEALTH	Host_Health_State_SD	healthy/control	true
GCA_056962935.1	SAMN50492083	Butyribacter sp.	SC1-HHS-HEALTHY-CONTROL-HEALTH	Host_Health_State_SD_Detail	healthy/control	false
GCA_056962935.1	SAMN50492083	Butyribacter sp.	SC1-HHS-HEALTHY-CONTROL-HEALTH	Host_Health_State_SD_Method	context_dictionary	false
GCA_056962955.1	SAMN50492082	Bacteroides uniformis	SC1-HHS-HEALTHY-CONTROL-HEALTH	Host_Health_State_SD	healthy/control	true
GCA_056962955.1	SAMN50492082	Bacteroides uniformis	SC1-HHS-HEALTHY-CONTROL-HEALTH	Host_Health_State_SD_Detail	healthy/control	false
GCA_056962955.1	SAMN50492082	Bacteroides uniformis	SC1-HHS-HEALTHY-CONTROL-HEALTH	Host_Health_State_SD_Method	context_dictionary	false
GCA_056962975.1	SAMN50492081	Phocaeicola coprophilus	SC1-HHS-HEALTHY-CONTROL-HEALTH	Host_Health_State_SD	healthy/control	true
GCA_056962975.1	SAMN50492081	Phocaeicola coprophilus	SC1-HHS-HEALTHY-CONTROL-HEALTH	Host_Health_State_SD_Detail	healthy/control	false
GCA_056962975.1	SAMN50492081	Phocaeicola coprophilus	SC1-HHS-HEALTHY-CONTROL-HEALTH	Host_Health_State_SD_Method	context_dictionary	false
GCA_056962995.1	SAMN50492079	Ruminococcus sp.	SC1-HHS-HEALTHY-CONTROL-HEALTH	Host_Health_State_SD	healthy/control	true
GCA_056962995.1	SAMN50492079	Ruminococcus sp.	SC1-HHS-HEALTHY-CONTROL-HEALTH	Host_Health_State_SD_Detail	healthy/control	false
GCA_056962995.1	SAMN50492079	Ruminococcus sp.	SC1-HHS-HEALTHY-CONTROL-HEALTH	Host_Health_State_SD_Method	context_dictionary	false
GCA_056963015.1	SAMN50492080	Alistipes sp.	SC1-HHS-HEALTHY-CONTROL-HEALTH	Host_Health_State_SD	healthy/control	true
GCA_056963015.1	SAMN50492080	Alistipes sp.	SC1-HHS-HEALTHY-CONTROL-HEALTH	Host_Health_State_SD_Detail	healthy/control	false
GCA_056963015.1	SAMN50492080	Alistipes sp.	SC1-HHS-HEALTHY-CONTROL-HEALTH	Host_Health_State_SD_Method	context_dictionary	false
GCA_056963035.1	SAMN50492078	Parabacteroides distasonis	SC1-HHS-HEALTHY-CONTROL-HEALTH	Host_Health_State_SD	healthy/control	true
GCA_056963035.1	SAMN50492078	Parabacteroides distasonis	SC1-HHS-HEALTHY-CONTROL-HEALTH	Host_Health_State_SD_Detail	healthy/control	false
GCA_056963035.1	SAMN50492078	Parabacteroides distasonis	SC1-HHS-HEALTHY-CONTROL-HEALTH	Host_Health_State_SD_Method	context_dictionary	false
GCA_056963055.1	SAMN50492076	Coprococcus aceti	SC1-HHS-HEALTHY-CONTROL-HEALTH	Host_Health_State_SD	healthy/control	true
GCA_056963055.1	SAMN50492076	Coprococcus aceti	SC1-HHS-HEALTHY-CONTROL-HEALTH	Host_Health_State_SD_Detail	healthy/control	false
GCA_056963055.1	SAMN50492076	Coprococcus aceti	SC1-HHS-HEALTHY-CONTROL-HEALTH	Host_Health_State_SD_Method	context_dictionary	false
GCA_056963075.1	SAMN50492077	Parasutterella excrementihominis	SC1-HHS-HEALTHY-CONTROL-HEALTH	Host_Health_State_SD	healthy/control	true
GCA_056963075.1	SAMN50492077	Parasutterella excrementihominis	SC1-HHS-HEALTHY-CONTROL-HEALTH	Host_Health_State_SD_Detail	healthy/control	false
GCA_056963075.1	SAMN50492077	Parasutterella excrementihominis	SC1-HHS-HEALTHY-CONTROL-HEALTH	Host_Health_State_SD_Method	context_dictionary	false
GCA_056963095.1	SAMN50492075	Anthropogastromicrobium aceti	SC1-HHS-HEALTHY-CONTROL-HEALTH	Host_Health_State_SD	healthy/control	true
GCA_056963095.1	SAMN50492075	Anthropogastromicrobium aceti	SC1-HHS-HEALTHY-CONTROL-HEALTH	Host_Health_State_SD_Detail	healthy/control	false
GCA_056963095.1	SAMN50492075	Anthropogastromicrobium aceti	SC1-HHS-HEALTHY-CONTROL-HEALTH	Host_Health_State_SD_Method	context_dictionary	false
GCA_056963115.1	SAMN50492074	Oscillospiraceae bacterium	SC1-HHS-HEALTHY-CONTROL-HEALTH	Host_Health_State_SD	healthy/control	true
GCA_056963115.1	SAMN50492074	Oscillospiraceae bacterium	SC1-HHS-HEALTHY-CONTROL-HEALTH	Host_Health_State_SD_Detail	healthy/control	false
GCA_056963115.1	SAMN50492074	Oscillospiraceae bacterium	SC1-HHS-HEALTHY-CONTROL-HEALTH	Host_Health_State_SD_Method	context_dictionary	false
GCA_056963135.1	SAMN50492073	Acutalibacteraceae bacterium	SC1-HHS-HEALTHY-CONTROL-HEALTH	Host_Health_State_SD	healthy/control	true
GCA_056963135.1	SAMN50492073	Acutalibacteraceae bacterium	SC1-HHS-HEALTHY-CONTROL-HEALTH	Host_Health_State_SD_Detail	healthy/control	false
GCA_056963135.1	SAMN50492073	Acutalibacteraceae bacterium	SC1-HHS-HEALTHY-CONTROL-HEALTH	Host_Health_State_SD_Method	context_dictionary	false
GCA_056963155.1	SAMN50492072	Roseburia faecis	SC1-HHS-HEALTHY-CONTROL-HEALTH	Host_Health_State_SD	healthy/control	true
GCA_056963155.1	SAMN50492072	Roseburia faecis	SC1-HHS-HEALTHY-CONTROL-HEALTH	Host_Health_State_SD_Detail	healthy/control	false
GCA_056963155.1	SAMN50492072	Roseburia faecis	SC1-HHS-HEALTHY-CONTROL-HEALTH	Host_Health_State_SD_Method	context_dictionary	false
GCA_056963175.1	SAMN50492071	Waltera sp.	SC1-HHS-HEALTHY-CONTROL-HEALTH	Host_Health_State_SD	healthy/control	true
GCA_056963175.1	SAMN50492071	Waltera sp.	SC1-HHS-HEALTHY-CONTROL-HEALTH	Host_Health_State_SD_Detail	healthy/control	false
GCA_056963175.1	SAMN50492071	Waltera sp.	SC1-HHS-HEALTHY-CONTROL-HEALTH	Host_Health_State_SD_Method	context_dictionary	false
GCA_056963195.1	SAMN50492070	Oscillospiraceae bacterium	SC1-HHS-HEALTHY-CONTROL-HEALTH	Host_Health_State_SD	healthy/control	true
GCA_056963195.1	SAMN50492070	Oscillospiraceae bacterium	SC1-HHS-HEALTHY-CONTROL-HEALTH	Host_Health_State_SD_Detail	healthy/control	false
GCA_056963195.1	SAMN50492070	Oscillospiraceae bacterium	SC1-HHS-HEALTHY-CONTROL-HEALTH	Host_Health_State_SD_Method	context_dictionary	false
GCA_056963215.1	SAMN50492069	Faecalibacterium hattorii	SC1-HHS-HEALTHY-CONTROL-HEALTH	Host_Health_State_SD	healthy/control	true
GCA_056963215.1	SAMN50492069	Faecalibacterium hattorii	SC1-HHS-HEALTHY-CONTROL-HEALTH	Host_Health_State_SD_Detail	healthy/control	false
GCA_056963215.1	SAMN50492069	Faecalibacterium hattorii	SC1-HHS-HEALTHY-CONTROL-HEALTH	Host_Health_State_SD_Method	context_dictionary	false
GCA_056963235.1	SAMN50492068	Bilophila wadsworthia	SC1-HHS-HEALTHY-CONTROL-HEALTH	Host_Health_State_SD	healthy/control	true
GCA_056963235.1	SAMN50492068	Bilophila wadsworthia	SC1-HHS-HEALTHY-CONTROL-HEALTH	Host_Health_State_SD_Detail	healthy/control	false
GCA_056963235.1	SAMN50492068	Bilophila wadsworthia	SC1-HHS-HEALTHY-CONTROL-HEALTH	Host_Health_State_SD_Method	context_dictionary	false
GCA_056963255.1	SAMN50492067	Gemmiger qucibialis	SC1-HHS-HEALTHY-CONTROL-HEALTH	Host_Health_State_SD	healthy/control	true
GCA_056963255.1	SAMN50492067	Gemmiger qucibialis	SC1-HHS-HEALTHY-CONTROL-HEALTH	Host_Health_State_SD_Detail	healthy/control	false
GCA_056963255.1	SAMN50492067	Gemmiger qucibialis	SC1-HHS-HEALTHY-CONTROL-HEALTH	Host_Health_State_SD_Method	context_dictionary	false
GCA_056963275.1	SAMN50492066	Roseburia hominis	SC1-HHS-HEALTHY-CONTROL-HEALTH	Host_Health_State_SD	healthy/control	true
GCA_056963275.1	SAMN50492066	Roseburia hominis	SC1-HHS-HEALTHY-CONTROL-HEALTH	Host_Health_State_SD_Detail	healthy/control	false
GCA_056963275.1	SAMN50492066	Roseburia hominis	SC1-HHS-HEALTHY-CONTROL-HEALTH	Host_Health_State_SD_Method	context_dictionary	false
GCA_056965295.1	SAMN50491965	Jutongia huaianensis	SC1-HHS-HEALTHY-CONTROL-HEALTH	Host_Health_State_SD	healthy/control	true
GCA_056965295.1	SAMN50491965	Jutongia huaianensis	SC1-HHS-HEALTHY-CONTROL-HEALTH	Host_Health_State_SD_Detail	healthy/control	false
GCA_056965295.1	SAMN50491965	Jutongia huaianensis	SC1-HHS-HEALTHY-CONTROL-HEALTH	Host_Health_State_SD_Method	context_dictionary	false
GCA_056965315.1	SAMN50491964	Porcipelethomonas ammoniilytica	SC1-HHS-HEALTHY-CONTROL-HEALTH	Host_Health_State_SD	healthy/control	true
GCA_056965315.1	SAMN50491964	Porcipelethomonas ammoniilytica	SC1-HHS-HEALTHY-CONTROL-HEALTH	Host_Health_State_SD_Detail	healthy/control	false
GCA_056965315.1	SAMN50491964	Porcipelethomonas ammoniilytica	SC1-HHS-HEALTHY-CONTROL-HEALTH	Host_Health_State_SD_Method	context_dictionary	false
GCA_056965335.1	SAMN50491962	Victivallaceae bacterium	SC1-HHS-HEALTHY-CONTROL-HEALTH	Host_Health_State_SD	healthy/control	true
GCA_056965335.1	SAMN50491962	Victivallaceae bacterium	SC1-HHS-HEALTHY-CONTROL-HEALTH	Host_Health_State_SD_Detail	healthy/control	false
GCA_056965335.1	SAMN50491962	Victivallaceae bacterium	SC1-HHS-HEALTHY-CONTROL-HEALTH	Host_Health_State_SD_Method	context_dictionary	false
GCA_056965355.1	SAMN50491963	Fusicatenibacter saccharivorans	SC1-HHS-HEALTHY-CONTROL-HEALTH	Host_Health_State_SD	healthy/control	true
GCA_056965355.1	SAMN50491963	Fusicatenibacter saccharivorans	SC1-HHS-HEALTHY-CONTROL-HEALTH	Host_Health_State_SD_Detail	healthy/control	false
GCA_056965355.1	SAMN50491963	Fusicatenibacter saccharivorans	SC1-HHS-HEALTHY-CONTROL-HEALTH	Host_Health_State_SD_Method	context_dictionary	false
GCA_056965375.1	SAMN50491960	Hominilimicola fabiformis	SC1-HHS-HEALTHY-CONTROL-HEALTH	Host_Health_State_SD	healthy/control	true
GCA_056965375.1	SAMN50491960	Hominilimicola fabiformis	SC1-HHS-HEALTHY-CONTROL-HEALTH	Host_Health_State_SD_Detail	healthy/control	false
GCA_056965375.1	SAMN50491960	Hominilimicola fabiformis	SC1-HHS-HEALTHY-CONTROL-HEALTH	Host_Health_State_SD_Method	context_dictionary	false
GCA_056965395.1	SAMN50491961	Gemmiger qucibialis	SC1-HHS-HEALTHY-CONTROL-HEALTH	Host_Health_State_SD	healthy/control	true
GCA_056965395.1	SAMN50491961	Gemmiger qucibialis	SC1-HHS-HEALTHY-CONTROL-HEALTH	Host_Health_State_SD_Detail	healthy/control	false
GCA_056965395.1	SAMN50491961	Gemmiger qucibialis	SC1-HHS-HEALTHY-CONTROL-HEALTH	Host_Health_State_SD_Method	context_dictionary	false
GCA_056965415.1	SAMN50491959	Mediterraneibacter torques	SC1-HHS-HEALTHY-CONTROL-HEALTH	Host_Health_State_SD	healthy/control	true
GCA_056965415.1	SAMN50491959	Mediterraneibacter torques	SC1-HHS-HEALTHY-CONTROL-HEALTH	Host_Health_State_SD_Detail	healthy/control	false
GCA_056965415.1	SAMN50491959	Mediterraneibacter torques	SC1-HHS-HEALTHY-CONTROL-HEALTH	Host_Health_State_SD_Method	context_dictionary	false
GCA_056965435.1	SAMN50491958	Escherichia coli	SC1-HHS-HEALTHY-CONTROL-HEALTH	Host_Health_State_SD	healthy/control	true
GCA_056965435.1	SAMN50491958	Escherichia coli	SC1-HHS-HEALTHY-CONTROL-HEALTH	Host_Health_State_SD_Detail	healthy/control	false
GCA_056965435.1	SAMN50491958	Escherichia coli	SC1-HHS-HEALTHY-CONTROL-HEALTH	Host_Health_State_SD_Method	context_dictionary	false
GCA_056965455.1	SAMN50491957	Gemmiger formicilis	SC1-HHS-HEALTHY-CONTROL-HEALTH	Host_Health_State_SD	healthy/control	true
GCA_056965455.1	SAMN50491957	Gemmiger formicilis	SC1-HHS-HEALTHY-CONTROL-HEALTH	Host_Health_State_SD_Detail	healthy/control	false
GCA_056965455.1	SAMN50491957	Gemmiger formicilis	SC1-HHS-HEALTHY-CONTROL-HEALTH	Host_Health_State_SD_Method	context_dictionary	false
GCA_056965475.1	SAMN50491956	Roseburia faecis	SC1-HHS-HEALTHY-CONTROL-HEALTH	Host_Health_State_SD	healthy/control	true
GCA_056965475.1	SAMN50491956	Roseburia faecis	SC1-HHS-HEALTHY-CONTROL-HEALTH	Host_Health_State_SD_Detail	healthy/control	false
GCA_056965475.1	SAMN50491956	Roseburia faecis	SC1-HHS-HEALTHY-CONTROL-HEALTH	Host_Health_State_SD_Method	context_dictionary	false
GCA_056965495.1	SAMN50491954	Culturomica massiliensis	SC1-HHS-HEALTHY-CONTROL-HEALTH	Host_Health_State_SD	healthy/control	true
GCA_056965495.1	SAMN50491954	Culturomica massiliensis	SC1-HHS-HEALTHY-CONTROL-HEALTH	Host_Health_State_SD_Detail	healthy/control	false
GCA_056965495.1	SAMN50491954	Culturomica massiliensis	SC1-HHS-HEALTHY-CONTROL-HEALTH	Host_Health_State_SD_Method	context_dictionary	false
GCA_056965505.1	SAMN50491955	Candidatus Scatocola faecigallinarum	SC1-HHS-HEALTHY-CONTROL-HEALTH	Host_Health_State_SD	healthy/control	true
GCA_056965505.1	SAMN50491955	Candidatus Scatocola faecigallinarum	SC1-HHS-HEALTHY-CONTROL-HEALTH	Host_Health_State_SD_Detail	healthy/control	false
GCA_056965505.1	SAMN50491955	Candidatus Scatocola faecigallinarum	SC1-HHS-HEALTHY-CONTROL-HEALTH	Host_Health_State_SD_Method	context_dictionary	false
GCA_056965535.1	SAMN50491952	Hominisplanchenecus faecis	SC1-HHS-HEALTHY-CONTROL-HEALTH	Host_Health_State_SD	healthy/control	true
GCA_056965535.1	SAMN50491952	Hominisplanchenecus faecis	SC1-HHS-HEALTHY-CONTROL-HEALTH	Host_Health_State_SD_Detail	healthy/control	false
GCA_056965535.1	SAMN50491952	Hominisplanchenecus faecis	SC1-HHS-HEALTHY-CONTROL-HEALTH	Host_Health_State_SD_Method	context_dictionary	false
GCA_056965555.1	SAMN50491953	Eubacterium sp.	SC1-HHS-HEALTHY-CONTROL-HEALTH	Host_Health_State_SD	healthy/control	true
GCA_056965555.1	SAMN50491953	Eubacterium sp.	SC1-HHS-HEALTHY-CONTROL-HEALTH	Host_Health_State_SD_Detail	healthy/control	false
GCA_056965555.1	SAMN50491953	Eubacterium sp.	SC1-HHS-HEALTHY-CONTROL-HEALTH	Host_Health_State_SD_Method	context_dictionary	false
GCA_056965575.1	SAMN50491951	Xylanibacter rarus	SC1-HHS-HEALTHY-CONTROL-HEALTH	Host_Health_State_SD	healthy/control	true
GCA_056965575.1	SAMN50491951	Xylanibacter rarus	SC1-HHS-HEALTHY-CONTROL-HEALTH	Host_Health_State_SD_Detail	healthy/control	false
GCA_056965575.1	SAMN50491951	Xylanibacter rarus	SC1-HHS-HEALTHY-CONTROL-HEALTH	Host_Health_State_SD_Method	context_dictionary	false
GCA_056965595.1	SAMN50491950	Candidatus Merdimorpha sp.	SC1-HHS-HEALTHY-CONTROL-HEALTH	Host_Health_State_SD	healthy/control	true
GCA_056965595.1	SAMN50491950	Candidatus Merdimorpha sp.	SC1-HHS-HEALTHY-CONTROL-HEALTH	Host_Health_State_SD_Detail	healthy/control	false
GCA_056965595.1	SAMN50491950	Candidatus Merdimorpha sp.	SC1-HHS-HEALTHY-CONTROL-HEALTH	Host_Health_State_SD_Method	context_dictionary	false
GCA_056965635.1	SAMN50491947	Christensenellales bacterium	SC1-HHS-HEALTHY-CONTROL-HEALTH	Host_Health_State_SD	healthy/control	true
GCA_056965635.1	SAMN50491947	Christensenellales bacterium	SC1-HHS-HEALTHY-CONTROL-HEALTH	Host_Health_State_SD_Detail	healthy/control	false
GCA_056965635.1	SAMN50491947	Christensenellales bacterium	SC1-HHS-HEALTHY-CONTROL-HEALTH	Host_Health_State_SD_Method	context_dictionary	false
GCA_056965655.1	SAMN50491949	Dialister succinatiphilus	SC1-HHS-HEALTHY-CONTROL-HEALTH	Host_Health_State_SD	healthy/control	true
GCA_056965655.1	SAMN50491949	Dialister succinatiphilus	SC1-HHS-HEALTHY-CONTROL-HEALTH	Host_Health_State_SD_Detail	healthy/control	false
GCA_056965655.1	SAMN50491949	Dialister succinatiphilus	SC1-HHS-HEALTHY-CONTROL-HEALTH	Host_Health_State_SD_Method	context_dictionary	false
GCA_056965675.1	SAMN50491946	Alphaproteobacteria bacterium	SC1-HHS-HEALTHY-CONTROL-HEALTH	Host_Health_State_SD	healthy/control	true
GCA_056965675.1	SAMN50491946	Alphaproteobacteria bacterium	SC1-HHS-HEALTHY-CONTROL-HEALTH	Host_Health_State_SD_Detail	healthy/control	false
GCA_056965675.1	SAMN50491946	Alphaproteobacteria bacterium	SC1-HHS-HEALTHY-CONTROL-HEALTH	Host_Health_State_SD_Method	context_dictionary	false
GCA_056965695.1	SAMN50491944	Muribaculaceae bacterium	SC1-HHS-HEALTHY-CONTROL-HEALTH	Host_Health_State_SD	healthy/control	true
GCA_056965695.1	SAMN50491944	Muribaculaceae bacterium	SC1-HHS-HEALTHY-CONTROL-HEALTH	Host_Health_State_SD_Detail	healthy/control	false
GCA_056965695.1	SAMN50491944	Muribaculaceae bacterium	SC1-HHS-HEALTHY-CONTROL-HEALTH	Host_Health_State_SD_Method	context_dictionary	false
GCA_056965715.1	SAMN50491945	Hominicoprocola sp.	SC1-HHS-HEALTHY-CONTROL-HEALTH	Host_Health_State_SD	healthy/control	true
GCA_056965715.1	SAMN50491945	Hominicoprocola sp.	SC1-HHS-HEALTHY-CONTROL-HEALTH	Host_Health_State_SD_Detail	healthy/control	false
GCA_056965715.1	SAMN50491945	Hominicoprocola sp.	SC1-HHS-HEALTHY-CONTROL-HEALTH	Host_Health_State_SD_Method	context_dictionary	false
GCA_056965735.1	SAMN50491942	Ruminococcus intestinalis	SC1-HHS-HEALTHY-CONTROL-HEALTH	Host_Health_State_SD	healthy/control	true
GCA_056965735.1	SAMN50491942	Ruminococcus intestinalis	SC1-HHS-HEALTHY-CONTROL-HEALTH	Host_Health_State_SD_Detail	healthy/control	false
GCA_056965735.1	SAMN50491942	Ruminococcus intestinalis	SC1-HHS-HEALTHY-CONTROL-HEALTH	Host_Health_State_SD_Method	context_dictionary	false
GCA_056965755.1	SAMN50491943	Anthropogastromicrobium aceti	SC1-HHS-HEALTHY-CONTROL-HEALTH	Host_Health_State_SD	healthy/control	true
GCA_056965755.1	SAMN50491943	Anthropogastromicrobium aceti	SC1-HHS-HEALTHY-CONTROL-HEALTH	Host_Health_State_SD_Detail	healthy/control	false
GCA_056965755.1	SAMN50491943	Anthropogastromicrobium aceti	SC1-HHS-HEALTHY-CONTROL-HEALTH	Host_Health_State_SD_Method	context_dictionary	false
GCA_056965775.1	SAMN50491941	Collinsella sp.	SC1-HHS-HEALTHY-CONTROL-HEALTH	Host_Health_State_SD	healthy/control	true
GCA_056965775.1	SAMN50491941	Collinsella sp.	SC1-HHS-HEALTHY-CONTROL-HEALTH	Host_Health_State_SD_Detail	healthy/control	false
GCA_056965775.1	SAMN50491941	Collinsella sp.	SC1-HHS-HEALTHY-CONTROL-HEALTH	Host_Health_State_SD_Method	context_dictionary	false
GCA_056965795.1	SAMN50491940	Eubacteriales bacterium	SC1-HHS-HEALTHY-CONTROL-HEALTH	Host_Health_State_SD	healthy/control	true
GCA_056965795.1	SAMN50491940	Eubacteriales bacterium	SC1-HHS-HEALTHY-CONTROL-HEALTH	Host_Health_State_SD_Detail	healthy/control	false
GCA_056965795.1	SAMN50491940	Eubacteriales bacterium	SC1-HHS-HEALTHY-CONTROL-HEALTH	Host_Health_State_SD_Method	context_dictionary	false
GCA_056965815.1	SAMN50491939	Candidatus Merdousia gallistercoris	SC1-HHS-HEALTHY-CONTROL-HEALTH	Host_Health_State_SD	healthy/control	true
GCA_056965815.1	SAMN50491939	Candidatus Merdousia gallistercoris	SC1-HHS-HEALTHY-CONTROL-HEALTH	Host_Health_State_SD_Detail	healthy/control	false
GCA_056965815.1	SAMN50491939	Candidatus Merdousia gallistercoris	SC1-HHS-HEALTHY-CONTROL-HEALTH	Host_Health_State_SD_Method	context_dictionary	false
GCA_056965835.1	SAMN50491938	Oscillospiraceae bacterium	SC1-HHS-HEALTHY-CONTROL-HEALTH	Host_Health_State_SD	healthy/control	true
GCA_056965835.1	SAMN50491938	Oscillospiraceae bacterium	SC1-HHS-HEALTHY-CONTROL-HEALTH	Host_Health_State_SD_Detail	healthy/control	false
GCA_056965835.1	SAMN50491938	Oscillospiraceae bacterium	SC1-HHS-HEALTHY-CONTROL-HEALTH	Host_Health_State_SD_Method	context_dictionary	false
GCA_056965855.1	SAMN50491936	Candidatus Fimenecus sp.	SC1-HHS-HEALTHY-CONTROL-HEALTH	Host_Health_State_SD	healthy/control	true
GCA_056965855.1	SAMN50491936	Candidatus Fimenecus sp.	SC1-HHS-HEALTHY-CONTROL-HEALTH	Host_Health_State_SD_Detail	healthy/control	false
GCA_056965855.1	SAMN50491936	Candidatus Fimenecus sp.	SC1-HHS-HEALTHY-CONTROL-HEALTH	Host_Health_State_SD_Method	context_dictionary	false
GCA_056965875.1	SAMN50491937	[Eubacterium] siraeum	SC1-HHS-HEALTHY-CONTROL-HEALTH	Host_Health_State_SD	healthy/control	true
GCA_056965875.1	SAMN50491937	[Eubacterium] siraeum	SC1-HHS-HEALTHY-CONTROL-HEALTH	Host_Health_State_SD_Detail	healthy/control	false
GCA_056965875.1	SAMN50491937	[Eubacterium] siraeum	SC1-HHS-HEALTHY-CONTROL-HEALTH	Host_Health_State_SD_Method	context_dictionary	false
GCA_056965895.1	SAMN50491935	Barnesiella intestinihominis	SC1-HHS-HEALTHY-CONTROL-HEALTH	Host_Health_State_SD	healthy/control	true
GCA_056965895.1	SAMN50491935	Barnesiella intestinihominis	SC1-HHS-HEALTHY-CONTROL-HEALTH	Host_Health_State_SD_Detail	healthy/control	false
GCA_056965895.1	SAMN50491935	Barnesiella intestinihominis	SC1-HHS-HEALTHY-CONTROL-HEALTH	Host_Health_State_SD_Method	context_dictionary	false
GCA_056965915.1	SAMN50491934	Candidatus Mailhella merdigallinarum	SC1-HHS-HEALTHY-CONTROL-HEALTH	Host_Health_State_SD	healthy/control	true
GCA_056965915.1	SAMN50491934	Candidatus Mailhella merdigallinarum	SC1-HHS-HEALTHY-CONTROL-HEALTH	Host_Health_State_SD_Detail	healthy/control	false
GCA_056965915.1	SAMN50491934	Candidatus Mailhella merdigallinarum	SC1-HHS-HEALTHY-CONTROL-HEALTH	Host_Health_State_SD_Method	context_dictionary	false
GCA_056965935.1	SAMN50491933	Acutalibacteraceae bacterium	SC1-HHS-HEALTHY-CONTROL-HEALTH	Host_Health_State_SD	healthy/control	true
GCA_056965935.1	SAMN50491933	Acutalibacteraceae bacterium	SC1-HHS-HEALTHY-CONTROL-HEALTH	Host_Health_State_SD_Detail	healthy/control	false
GCA_056965935.1	SAMN50491933	Acutalibacteraceae bacterium	SC1-HHS-HEALTHY-CONTROL-HEALTH	Host_Health_State_SD_Method	context_dictionary	false
GCA_056965955.1	SAMN50491932	Bacteroides cellulosilyticus	SC1-HHS-HEALTHY-CONTROL-HEALTH	Host_Health_State_SD	healthy/control	true
GCA_056965955.1	SAMN50491932	Bacteroides cellulosilyticus	SC1-HHS-HEALTHY-CONTROL-HEALTH	Host_Health_State_SD_Detail	healthy/control	false
GCA_056965955.1	SAMN50491932	Bacteroides cellulosilyticus	SC1-HHS-HEALTHY-CONTROL-HEALTH	Host_Health_State_SD_Method	context_dictionary	false
GCA_056965975.1	SAMN50491931	Paludihabitans sp.	SC1-HHS-HEALTHY-CONTROL-HEALTH	Host_Health_State_SD	healthy/control	true
GCA_056965975.1	SAMN50491931	Paludihabitans sp.	SC1-HHS-HEALTHY-CONTROL-HEALTH	Host_Health_State_SD_Detail	healthy/control	false
GCA_056965975.1	SAMN50491931	Paludihabitans sp.	SC1-HHS-HEALTHY-CONTROL-HEALTH	Host_Health_State_SD_Method	context_dictionary	false
GCA_056965995.1	SAMN50491928	Butyrivibrio sp.	SC1-HHS-HEALTHY-CONTROL-HEALTH	Host_Health_State_SD	healthy/control	true
GCA_056965995.1	SAMN50491928	Butyrivibrio sp.	SC1-HHS-HEALTHY-CONTROL-HEALTH	Host_Health_State_SD_Detail	healthy/control	false
GCA_056965995.1	SAMN50491928	Butyrivibrio sp.	SC1-HHS-HEALTHY-CONTROL-HEALTH	Host_Health_State_SD_Method	context_dictionary	false
GCA_056966015.1	SAMN50491930	Bacteroides uniformis	SC1-HHS-HEALTHY-CONTROL-HEALTH	Host_Health_State_SD	healthy/control	true
GCA_056966015.1	SAMN50491930	Bacteroides uniformis	SC1-HHS-HEALTHY-CONTROL-HEALTH	Host_Health_State_SD_Detail	healthy/control	false
GCA_056966015.1	SAMN50491930	Bacteroides uniformis	SC1-HHS-HEALTHY-CONTROL-HEALTH	Host_Health_State_SD_Method	context_dictionary	false
GCA_056966035.1	SAMN50491927	Alistipes sp.	SC1-HHS-HEALTHY-CONTROL-HEALTH	Host_Health_State_SD	healthy/control	true
GCA_056966035.1	SAMN50491927	Alistipes sp.	SC1-HHS-HEALTHY-CONTROL-HEALTH	Host_Health_State_SD_Detail	healthy/control	false
GCA_056966035.1	SAMN50491927	Alistipes sp.	SC1-HHS-HEALTHY-CONTROL-HEALTH	Host_Health_State_SD_Method	context_dictionary	false
GCA_056966055.1	SAMN50491929	Megasphaera elsdenii	SC1-HHS-HEALTHY-CONTROL-HEALTH	Host_Health_State_SD	healthy/control	true
GCA_056966055.1	SAMN50491929	Megasphaera elsdenii	SC1-HHS-HEALTHY-CONTROL-HEALTH	Host_Health_State_SD_Detail	healthy/control	false
GCA_056966055.1	SAMN50491929	Megasphaera elsdenii	SC1-HHS-HEALTHY-CONTROL-HEALTH	Host_Health_State_SD_Method	context_dictionary	false
GCA_056966075.1	SAMN50491924	Coprococcus sp.	SC1-HHS-HEALTHY-CONTROL-HEALTH	Host_Health_State_SD	healthy/control	true
GCA_056966075.1	SAMN50491924	Coprococcus sp.	SC1-HHS-HEALTHY-CONTROL-HEALTH	Host_Health_State_SD_Detail	healthy/control	false
GCA_056966075.1	SAMN50491924	Coprococcus sp.	SC1-HHS-HEALTHY-CONTROL-HEALTH	Host_Health_State_SD_Method	context_dictionary	false
GCA_056966095.1	SAMN50491923	Alistipes indistinctus	SC1-HHS-HEALTHY-CONTROL-HEALTH	Host_Health_State_SD	healthy/control	true
GCA_056966095.1	SAMN50491923	Alistipes indistinctus	SC1-HHS-HEALTHY-CONTROL-HEALTH	Host_Health_State_SD_Detail	healthy/control	false
GCA_056966095.1	SAMN50491923	Alistipes indistinctus	SC1-HHS-HEALTHY-CONTROL-HEALTH	Host_Health_State_SD_Method	context_dictionary	false
GCA_056966115.1	SAMN50491926	[Lactobacillus] rogosae	SC1-HHS-HEALTHY-CONTROL-HEALTH	Host_Health_State_SD	healthy/control	true
GCA_056966115.1	SAMN50491926	[Lactobacillus] rogosae	SC1-HHS-HEALTHY-CONTROL-HEALTH	Host_Health_State_SD_Detail	healthy/control	false
GCA_056966115.1	SAMN50491926	[Lactobacillus] rogosae	SC1-HHS-HEALTHY-CONTROL-HEALTH	Host_Health_State_SD_Method	context_dictionary	false
GCA_056966135.1	SAMN50491920	Lachnospira eligens	SC1-HHS-HEALTHY-CONTROL-HEALTH	Host_Health_State_SD	healthy/control	true
GCA_056966135.1	SAMN50491920	Lachnospira eligens	SC1-HHS-HEALTHY-CONTROL-HEALTH	Host_Health_State_SD_Detail	healthy/control	false
GCA_056966135.1	SAMN50491920	Lachnospira eligens	SC1-HHS-HEALTHY-CONTROL-HEALTH	Host_Health_State_SD_Method	context_dictionary	false
GCA_056966155.1	SAMN50491925	Alistipes onderdonkii	SC1-HHS-HEALTHY-CONTROL-HEALTH	Host_Health_State_SD	healthy/control	true
GCA_056966155.1	SAMN50491925	Alistipes onderdonkii	SC1-HHS-HEALTHY-CONTROL-HEALTH	Host_Health_State_SD_Detail	healthy/control	false
GCA_056966155.1	SAMN50491925	Alistipes onderdonkii	SC1-HHS-HEALTHY-CONTROL-HEALTH	Host_Health_State_SD_Method	context_dictionary	false
GCA_056966175.1	SAMN50491919	Aristaeellaceae bacterium	SC1-HHS-HEALTHY-CONTROL-HEALTH	Host_Health_State_SD	healthy/control	true
GCA_056966175.1	SAMN50491919	Aristaeellaceae bacterium	SC1-HHS-HEALTHY-CONTROL-HEALTH	Host_Health_State_SD_Detail	healthy/control	false
GCA_056966175.1	SAMN50491919	Aristaeellaceae bacterium	SC1-HHS-HEALTHY-CONTROL-HEALTH	Host_Health_State_SD_Method	context_dictionary	false
GCA_056966195.1	SAMN50491918	Oscillospiraceae bacterium	SC1-HHS-HEALTHY-CONTROL-HEALTH	Host_Health_State_SD	healthy/control	true
GCA_056966195.1	SAMN50491918	Oscillospiraceae bacterium	SC1-HHS-HEALTHY-CONTROL-HEALTH	Host_Health_State_SD_Detail	healthy/control	false
GCA_056966195.1	SAMN50491918	Oscillospiraceae bacterium	SC1-HHS-HEALTHY-CONTROL-HEALTH	Host_Health_State_SD_Method	context_dictionary	false
GCA_056966215.1	SAMN50491922	Victivallis sp.	SC1-HHS-HEALTHY-CONTROL-HEALTH	Host_Health_State_SD	healthy/control	true
GCA_056966215.1	SAMN50491922	Victivallis sp.	SC1-HHS-HEALTHY-CONTROL-HEALTH	Host_Health_State_SD_Detail	healthy/control	false
GCA_056966215.1	SAMN50491922	Victivallis sp.	SC1-HHS-HEALTHY-CONTROL-HEALTH	Host_Health_State_SD_Method	context_dictionary	false
GCA_056966235.1	SAMN50491921	Christensenellales bacterium	SC1-HHS-HEALTHY-CONTROL-HEALTH	Host_Health_State_SD	healthy/control	true
GCA_056966235.1	SAMN50491921	Christensenellales bacterium	SC1-HHS-HEALTHY-CONTROL-HEALTH	Host_Health_State_SD_Detail	healthy/control	false
GCA_056966235.1	SAMN50491921	Christensenellales bacterium	SC1-HHS-HEALTHY-CONTROL-HEALTH	Host_Health_State_SD_Method	context_dictionary	false
GCA_056966255.1	SAMN50491916	Acutalibacteraceae bacterium	SC1-HHS-HEALTHY-CONTROL-HEALTH	Host_Health_State_SD	healthy/control	true
GCA_056966255.1	SAMN50491916	Acutalibacteraceae bacterium	SC1-HHS-HEALTHY-CONTROL-HEALTH	Host_Health_State_SD_Detail	healthy/control	false
GCA_056966255.1	SAMN50491916	Acutalibacteraceae bacterium	SC1-HHS-HEALTHY-CONTROL-HEALTH	Host_Health_State_SD_Method	context_dictionary	false
GCA_056966275.1	SAMN50491915	Oscillospiraceae bacterium	SC1-HHS-HEALTHY-CONTROL-HEALTH	Host_Health_State_SD	healthy/control	true
GCA_056966275.1	SAMN50491915	Oscillospiraceae bacterium	SC1-HHS-HEALTHY-CONTROL-HEALTH	Host_Health_State_SD_Detail	healthy/control	false
GCA_056966275.1	SAMN50491915	Oscillospiraceae bacterium	SC1-HHS-HEALTHY-CONTROL-HEALTH	Host_Health_State_SD_Method	context_dictionary	false
GCA_056966295.1	SAMN50491913	Bacteroides stercoris	SC1-HHS-HEALTHY-CONTROL-HEALTH	Host_Health_State_SD	healthy/control	true
GCA_056966295.1	SAMN50491913	Bacteroides stercoris	SC1-HHS-HEALTHY-CONTROL-HEALTH	Host_Health_State_SD_Detail	healthy/control	false
GCA_056966295.1	SAMN50491913	Bacteroides stercoris	SC1-HHS-HEALTHY-CONTROL-HEALTH	Host_Health_State_SD_Method	context_dictionary	false
GCA_056966315.1	SAMN50491917	Phocaeicola massiliensis	SC1-HHS-HEALTHY-CONTROL-HEALTH	Host_Health_State_SD	healthy/control	true
GCA_056966315.1	SAMN50491917	Phocaeicola massiliensis	SC1-HHS-HEALTHY-CONTROL-HEALTH	Host_Health_State_SD_Detail	healthy/control	false
GCA_056966315.1	SAMN50491917	Phocaeicola massiliensis	SC1-HHS-HEALTHY-CONTROL-HEALTH	Host_Health_State_SD_Method	context_dictionary	false
GCA_056966335.1	SAMN50491914	Odoribacter splanchnicus	SC1-HHS-HEALTHY-CONTROL-HEALTH	Host_Health_State_SD	healthy/control	true
GCA_056966335.1	SAMN50491914	Odoribacter splanchnicus	SC1-HHS-HEALTHY-CONTROL-HEALTH	Host_Health_State_SD_Detail	healthy/control	false
GCA_056966335.1	SAMN50491914	Odoribacter splanchnicus	SC1-HHS-HEALTHY-CONTROL-HEALTH	Host_Health_State_SD_Method	context_dictionary	false
GCA_056966355.1	SAMN50491912	Agathobaculum hominis	SC1-HHS-HEALTHY-CONTROL-HEALTH	Host_Health_State_SD	healthy/control	true
GCA_056966355.1	SAMN50491912	Agathobaculum hominis	SC1-HHS-HEALTHY-CONTROL-HEALTH	Host_Health_State_SD_Detail	healthy/control	false
GCA_056966355.1	SAMN50491912	Agathobaculum hominis	SC1-HHS-HEALTHY-CONTROL-HEALTH	Host_Health_State_SD_Method	context_dictionary	false
GCA_056966375.1	SAMN50491911	Christensenellales bacterium	SC1-HHS-HEALTHY-CONTROL-HEALTH	Host_Health_State_SD	healthy/control	true
GCA_056966375.1	SAMN50491911	Christensenellales bacterium	SC1-HHS-HEALTHY-CONTROL-HEALTH	Host_Health_State_SD_Detail	healthy/control	false
GCA_056966375.1	SAMN50491911	Christensenellales bacterium	SC1-HHS-HEALTHY-CONTROL-HEALTH	Host_Health_State_SD_Method	context_dictionary	false
GCA_056966395.1	SAMN50491910	Phocaeicola vulgatus	SC1-HHS-HEALTHY-CONTROL-HEALTH	Host_Health_State_SD	healthy/control	true
GCA_056966395.1	SAMN50491910	Phocaeicola vulgatus	SC1-HHS-HEALTHY-CONTROL-HEALTH	Host_Health_State_SD_Detail	healthy/control	false
GCA_056966395.1	SAMN50491910	Phocaeicola vulgatus	SC1-HHS-HEALTHY-CONTROL-HEALTH	Host_Health_State_SD_Method	context_dictionary	false
GCA_056966415.1	SAMN50491909	Faecousia sp.	SC1-HHS-HEALTHY-CONTROL-HEALTH	Host_Health_State_SD	healthy/control	true
GCA_056966415.1	SAMN50491909	Faecousia sp.	SC1-HHS-HEALTHY-CONTROL-HEALTH	Host_Health_State_SD_Detail	healthy/control	false
GCA_056966415.1	SAMN50491909	Faecousia sp.	SC1-HHS-HEALTHY-CONTROL-HEALTH	Host_Health_State_SD_Method	context_dictionary	false
GCA_056966435.1	SAMN50491908	Akkermansia muciniphila	SC1-HHS-HEALTHY-CONTROL-HEALTH	Host_Health_State_SD	healthy/control	true
GCA_056966435.1	SAMN50491908	Akkermansia muciniphila	SC1-HHS-HEALTHY-CONTROL-HEALTH	Host_Health_State_SD_Detail	healthy/control	false
GCA_056966435.1	SAMN50491908	Akkermansia muciniphila	SC1-HHS-HEALTHY-CONTROL-HEALTH	Host_Health_State_SD_Method	context_dictionary	false
GCA_056966455.1	SAMN50491907	Candidatus Duodenibacillus intestinavium	SC1-HHS-HEALTHY-CONTROL-HEALTH	Host_Health_State_SD	healthy/control	true
GCA_056966455.1	SAMN50491907	Candidatus Duodenibacillus intestinavium	SC1-HHS-HEALTHY-CONTROL-HEALTH	Host_Health_State_SD_Detail	healthy/control	false
GCA_056966455.1	SAMN50491907	Candidatus Duodenibacillus intestinavium	SC1-HHS-HEALTHY-CONTROL-HEALTH	Host_Health_State_SD_Method	context_dictionary	false
GCA_056966475.1	SAMN50491906	Parabacteroides goldsteinii	SC1-HHS-HEALTHY-CONTROL-HEALTH	Host_Health_State_SD	healthy/control	true
GCA_056966475.1	SAMN50491906	Parabacteroides goldsteinii	SC1-HHS-HEALTHY-CONTROL-HEALTH	Host_Health_State_SD_Detail	healthy/control	false
GCA_056966475.1	SAMN50491906	Parabacteroides goldsteinii	SC1-HHS-HEALTHY-CONTROL-HEALTH	Host_Health_State_SD_Method	context_dictionary	false
GCA_056966495.1	SAMN50491905	Parabacteroides distasonis	SC1-HHS-HEALTHY-CONTROL-HEALTH	Host_Health_State_SD	healthy/control	true
GCA_056966495.1	SAMN50491905	Parabacteroides distasonis	SC1-HHS-HEALTHY-CONTROL-HEALTH	Host_Health_State_SD_Detail	healthy/control	false
GCA_056966495.1	SAMN50491905	Parabacteroides distasonis	SC1-HHS-HEALTHY-CONTROL-HEALTH	Host_Health_State_SD_Method	context_dictionary	false
GCA_056966515.1	SAMN50491904	Candidatus Apopatocola sp.	SC1-HHS-HEALTHY-CONTROL-HEALTH	Host_Health_State_SD	healthy/control	true
GCA_056966515.1	SAMN50491904	Candidatus Apopatocola sp.	SC1-HHS-HEALTHY-CONTROL-HEALTH	Host_Health_State_SD_Detail	healthy/control	false
GCA_056966515.1	SAMN50491904	Candidatus Apopatocola sp.	SC1-HHS-HEALTHY-CONTROL-HEALTH	Host_Health_State_SD_Method	context_dictionary	false
GCA_056966535.1	SAMN50491903	Alphaproteobacteria bacterium	SC1-HHS-HEALTHY-CONTROL-HEALTH	Host_Health_State_SD	healthy/control	true
GCA_056966535.1	SAMN50491903	Alphaproteobacteria bacterium	SC1-HHS-HEALTHY-CONTROL-HEALTH	Host_Health_State_SD_Detail	healthy/control	false
GCA_056966535.1	SAMN50491903	Alphaproteobacteria bacterium	SC1-HHS-HEALTHY-CONTROL-HEALTH	Host_Health_State_SD_Method	context_dictionary	false
GCA_056966555.1	SAMN50491902	Alistipes communis	SC1-HHS-HEALTHY-CONTROL-HEALTH	Host_Health_State_SD	healthy/control	true
GCA_056966555.1	SAMN50491902	Alistipes communis	SC1-HHS-HEALTHY-CONTROL-HEALTH	Host_Health_State_SD_Detail	healthy/control	false
GCA_056966555.1	SAMN50491902	Alistipes communis	SC1-HHS-HEALTHY-CONTROL-HEALTH	Host_Health_State_SD_Method	context_dictionary	false
GCA_056966575.1	SAMN50491901	Angelakisella sp.	SC1-HHS-HEALTHY-CONTROL-HEALTH	Host_Health_State_SD	healthy/control	true
GCA_056966575.1	SAMN50491901	Angelakisella sp.	SC1-HHS-HEALTHY-CONTROL-HEALTH	Host_Health_State_SD_Detail	healthy/control	false
GCA_056966575.1	SAMN50491901	Angelakisella sp.	SC1-HHS-HEALTHY-CONTROL-HEALTH	Host_Health_State_SD_Method	context_dictionary	false
GCA_056966595.1	SAMN50491900	Bacilli bacterium	SC1-HHS-HEALTHY-CONTROL-HEALTH	Host_Health_State_SD	healthy/control	true
GCA_056966595.1	SAMN50491900	Bacilli bacterium	SC1-HHS-HEALTHY-CONTROL-HEALTH	Host_Health_State_SD_Detail	healthy/control	false
GCA_056966595.1	SAMN50491900	Bacilli bacterium	SC1-HHS-HEALTHY-CONTROL-HEALTH	Host_Health_State_SD_Method	context_dictionary	false
GCA_056966615.1	SAMN50491899	Roseburia inulinivorans	SC1-HHS-HEALTHY-CONTROL-HEALTH	Host_Health_State_SD	healthy/control	true
GCA_056966615.1	SAMN50491899	Roseburia inulinivorans	SC1-HHS-HEALTHY-CONTROL-HEALTH	Host_Health_State_SD_Detail	healthy/control	false
GCA_056966615.1	SAMN50491899	Roseburia inulinivorans	SC1-HHS-HEALTHY-CONTROL-HEALTH	Host_Health_State_SD_Method	context_dictionary	false
GCA_056966635.1	SAMN50491898	Parabacteroides goldsteinii	SC1-HHS-HEALTHY-CONTROL-HEALTH	Host_Health_State_SD	healthy/control	true
GCA_056966635.1	SAMN50491898	Parabacteroides goldsteinii	SC1-HHS-HEALTHY-CONTROL-HEALTH	Host_Health_State_SD_Detail	healthy/control	false
GCA_056966635.1	SAMN50491898	Parabacteroides goldsteinii	SC1-HHS-HEALTHY-CONTROL-HEALTH	Host_Health_State_SD_Method	context_dictionary	false
GCA_056966655.1	SAMN50491897	Oscillospiraceae bacterium	SC1-HHS-HEALTHY-CONTROL-HEALTH	Host_Health_State_SD	healthy/control	true
GCA_056966655.1	SAMN50491897	Oscillospiraceae bacterium	SC1-HHS-HEALTHY-CONTROL-HEALTH	Host_Health_State_SD_Detail	healthy/control	false
GCA_056966655.1	SAMN50491897	Oscillospiraceae bacterium	SC1-HHS-HEALTHY-CONTROL-HEALTH	Host_Health_State_SD_Method	context_dictionary	false
GCA_056966675.1	SAMN50491896	Bilophila wadsworthia	SC1-HHS-HEALTHY-CONTROL-HEALTH	Host_Health_State_SD	healthy/control	true
GCA_056966675.1	SAMN50491896	Bilophila wadsworthia	SC1-HHS-HEALTHY-CONTROL-HEALTH	Host_Health_State_SD_Detail	healthy/control	false
GCA_056966675.1	SAMN50491896	Bilophila wadsworthia	SC1-HHS-HEALTHY-CONTROL-HEALTH	Host_Health_State_SD_Method	context_dictionary	false
GCA_056966695.1	SAMN50491895	Alistipes putredinis	SC1-HHS-HEALTHY-CONTROL-HEALTH	Host_Health_State_SD	healthy/control	true
GCA_056966695.1	SAMN50491895	Alistipes putredinis	SC1-HHS-HEALTHY-CONTROL-HEALTH	Host_Health_State_SD_Detail	healthy/control	false
GCA_056966695.1	SAMN50491895	Alistipes putredinis	SC1-HHS-HEALTHY-CONTROL-HEALTH	Host_Health_State_SD_Method	context_dictionary	false
GCA_056966715.1	SAMN50491894	Bacteroides ndongoniae	SC1-HHS-HEALTHY-CONTROL-HEALTH	Host_Health_State_SD	healthy/control	true
GCA_056966715.1	SAMN50491894	Bacteroides ndongoniae	SC1-HHS-HEALTHY-CONTROL-HEALTH	Host_Health_State_SD_Detail	healthy/control	false
GCA_056966715.1	SAMN50491894	Bacteroides ndongoniae	SC1-HHS-HEALTHY-CONTROL-HEALTH	Host_Health_State_SD_Method	context_dictionary	false
GCA_056966735.1	SAMN50491893	Alistipes hominis	SC1-HHS-HEALTHY-CONTROL-HEALTH	Host_Health_State_SD	healthy/control	true
GCA_056966735.1	SAMN50491893	Alistipes hominis	SC1-HHS-HEALTHY-CONTROL-HEALTH	Host_Health_State_SD_Detail	healthy/control	false
GCA_056966735.1	SAMN50491893	Alistipes hominis	SC1-HHS-HEALTHY-CONTROL-HEALTH	Host_Health_State_SD_Method	context_dictionary	false
GCA_056966755.1	SAMN50491892	Desulfovibrio fairfieldensis	SC1-HHS-HEALTHY-CONTROL-HEALTH	Host_Health_State_SD	healthy/control	true
GCA_056966755.1	SAMN50491892	Desulfovibrio fairfieldensis	SC1-HHS-HEALTHY-CONTROL-HEALTH	Host_Health_State_SD_Detail	healthy/control	false
GCA_056966755.1	SAMN50491892	Desulfovibrio fairfieldensis	SC1-HHS-HEALTHY-CONTROL-HEALTH	Host_Health_State_SD_Method	context_dictionary	false
GCA_056966775.1	SAMN50491891	Vescimonas sp.	SC1-HHS-HEALTHY-CONTROL-HEALTH	Host_Health_State_SD	healthy/control	true
GCA_056966775.1	SAMN50491891	Vescimonas sp.	SC1-HHS-HEALTHY-CONTROL-HEALTH	Host_Health_State_SD_Detail	healthy/control	false
GCA_056966775.1	SAMN50491891	Vescimonas sp.	SC1-HHS-HEALTHY-CONTROL-HEALTH	Host_Health_State_SD_Method	context_dictionary	false
GCA_056966795.1	SAMN50491889	Parabacteroides merdae	SC1-HHS-HEALTHY-CONTROL-HEALTH	Host_Health_State_SD	healthy/control	true
GCA_056966795.1	SAMN50491889	Parabacteroides merdae	SC1-HHS-HEALTHY-CONTROL-HEALTH	Host_Health_State_SD_Detail	healthy/control	false
GCA_056966795.1	SAMN50491889	Parabacteroides merdae	SC1-HHS-HEALTHY-CONTROL-HEALTH	Host_Health_State_SD_Method	context_dictionary	false
GCA_056966815.1	SAMN50491888	Phocaeicola fibrisolvens	SC1-HHS-HEALTHY-CONTROL-HEALTH	Host_Health_State_SD	healthy/control	true
GCA_056966815.1	SAMN50491888	Phocaeicola fibrisolvens	SC1-HHS-HEALTHY-CONTROL-HEALTH	Host_Health_State_SD_Detail	healthy/control	false
GCA_056966815.1	SAMN50491888	Phocaeicola fibrisolvens	SC1-HHS-HEALTHY-CONTROL-HEALTH	Host_Health_State_SD_Method	context_dictionary	false
GCA_056966835.1	SAMN50491890	Victivallales bacterium	SC1-HHS-HEALTHY-CONTROL-HEALTH	Host_Health_State_SD	healthy/control	true
GCA_056966835.1	SAMN50491890	Victivallales bacterium	SC1-HHS-HEALTHY-CONTROL-HEALTH	Host_Health_State_SD_Detail	healthy/control	false
GCA_056966835.1	SAMN50491890	Victivallales bacterium	SC1-HHS-HEALTHY-CONTROL-HEALTH	Host_Health_State_SD_Method	context_dictionary	false
GCA_056966855.1	SAMN50491887	Cloacibacillus porcorum	SC1-HHS-HEALTHY-CONTROL-HEALTH	Host_Health_State_SD	healthy/control	true
GCA_056966855.1	SAMN50491887	Cloacibacillus porcorum	SC1-HHS-HEALTHY-CONTROL-HEALTH	Host_Health_State_SD_Detail	healthy/control	false
GCA_056966855.1	SAMN50491887	Cloacibacillus porcorum	SC1-HHS-HEALTHY-CONTROL-HEALTH	Host_Health_State_SD_Method	context_dictionary	false
GCA_057033515.1	SAMN50509699	Mailhella sp.	SC1-HHS-HEALTHY-CONTROL-HEALTH	Host_Health_State_SD	healthy/control	true
GCA_057033515.1	SAMN50509699	Mailhella sp.	SC1-HHS-HEALTHY-CONTROL-HEALTH	Host_Health_State_SD_Detail	healthy/control	false
GCA_057033515.1	SAMN50509699	Mailhella sp.	SC1-HHS-HEALTHY-CONTROL-HEALTH	Host_Health_State_SD_Method	context_dictionary	false
GCA_057033535.1	SAMN50509698	Alphaproteobacteria bacterium	SC1-HHS-HEALTHY-CONTROL-HEALTH	Host_Health_State_SD	healthy/control	true
GCA_057033535.1	SAMN50509698	Alphaproteobacteria bacterium	SC1-HHS-HEALTHY-CONTROL-HEALTH	Host_Health_State_SD_Detail	healthy/control	false
GCA_057033535.1	SAMN50509698	Alphaproteobacteria bacterium	SC1-HHS-HEALTHY-CONTROL-HEALTH	Host_Health_State_SD_Method	context_dictionary	false
GCA_057033595.1	SAMN50509696	Candidatus Scatocola faecipullorum	SC1-HHS-HEALTHY-CONTROL-HEALTH	Host_Health_State_SD	healthy/control	true
GCA_057033595.1	SAMN50509696	Candidatus Scatocola faecipullorum	SC1-HHS-HEALTHY-CONTROL-HEALTH	Host_Health_State_SD_Detail	healthy/control	false
GCA_057033595.1	SAMN50509696	Candidatus Scatocola faecipullorum	SC1-HHS-HEALTHY-CONTROL-HEALTH	Host_Health_State_SD_Method	context_dictionary	false
GCA_057033615.1	SAMN50509697	Odoribacter splanchnicus	SC1-HHS-HEALTHY-CONTROL-HEALTH	Host_Health_State_SD	healthy/control	true
GCA_057033615.1	SAMN50509697	Odoribacter splanchnicus	SC1-HHS-HEALTHY-CONTROL-HEALTH	Host_Health_State_SD_Detail	healthy/control	false
GCA_057033615.1	SAMN50509697	Odoribacter splanchnicus	SC1-HHS-HEALTHY-CONTROL-HEALTH	Host_Health_State_SD_Method	context_dictionary	false
GCA_057033655.1	SAMN50509695	Bilophila wadsworthia	SC1-HHS-HEALTHY-CONTROL-HEALTH	Host_Health_State_SD	healthy/control	true
GCA_057033655.1	SAMN50509695	Bilophila wadsworthia	SC1-HHS-HEALTHY-CONTROL-HEALTH	Host_Health_State_SD_Detail	healthy/control	false
GCA_057033655.1	SAMN50509695	Bilophila wadsworthia	SC1-HHS-HEALTHY-CONTROL-HEALTH	Host_Health_State_SD_Method	context_dictionary	false
GCA_057033715.1	SAMN50509693	Alistipes communis	SC1-HHS-HEALTHY-CONTROL-HEALTH	Host_Health_State_SD	healthy/control	true
GCA_057033715.1	SAMN50509693	Alistipes communis	SC1-HHS-HEALTHY-CONTROL-HEALTH	Host_Health_State_SD_Detail	healthy/control	false
GCA_057033715.1	SAMN50509693	Alistipes communis	SC1-HHS-HEALTHY-CONTROL-HEALTH	Host_Health_State_SD_Method	context_dictionary	false
GCA_057033735.1	SAMN50509692	Oscillospiraceae bacterium	SC1-HHS-HEALTHY-CONTROL-HEALTH	Host_Health_State_SD	healthy/control	true
GCA_057033735.1	SAMN50509692	Oscillospiraceae bacterium	SC1-HHS-HEALTHY-CONTROL-HEALTH	Host_Health_State_SD_Detail	healthy/control	false
GCA_057033735.1	SAMN50509692	Oscillospiraceae bacterium	SC1-HHS-HEALTHY-CONTROL-HEALTH	Host_Health_State_SD_Method	context_dictionary	false
GCA_057033755.1	SAMN50509694	Gemmiger qucibialis	SC1-HHS-HEALTHY-CONTROL-HEALTH	Host_Health_State_SD	healthy/control	true
GCA_057033755.1	SAMN50509694	Gemmiger qucibialis	SC1-HHS-HEALTHY-CONTROL-HEALTH	Host_Health_State_SD_Detail	healthy/control	false
GCA_057033755.1	SAMN50509694	Gemmiger qucibialis	SC1-HHS-HEALTHY-CONTROL-HEALTH	Host_Health_State_SD_Method	context_dictionary	false
GCA_057033835.1	SAMN50509691	Bacteroides clarus	SC1-HHS-HEALTHY-CONTROL-HEALTH	Host_Health_State_SD	healthy/control	true
GCA_057033835.1	SAMN50509691	Bacteroides clarus	SC1-HHS-HEALTHY-CONTROL-HEALTH	Host_Health_State_SD_Detail	healthy/control	false
GCA_057033835.1	SAMN50509691	Bacteroides clarus	SC1-HHS-HEALTHY-CONTROL-HEALTH	Host_Health_State_SD_Method	context_dictionary	false
GCA_057033855.1	SAMN50509689	Hominicoprocola fusiformis	SC1-HHS-HEALTHY-CONTROL-HEALTH	Host_Health_State_SD	healthy/control	true
GCA_057033855.1	SAMN50509689	Hominicoprocola fusiformis	SC1-HHS-HEALTHY-CONTROL-HEALTH	Host_Health_State_SD_Detail	healthy/control	false
GCA_057033855.1	SAMN50509689	Hominicoprocola fusiformis	SC1-HHS-HEALTHY-CONTROL-HEALTH	Host_Health_State_SD_Method	context_dictionary	false
GCA_057033935.1	SAMN50509690	Bifidobacterium catenulatum	SC1-HHS-HEALTHY-CONTROL-HEALTH	Host_Health_State_SD	healthy/control	true
GCA_057033935.1	SAMN50509690	Bifidobacterium catenulatum	SC1-HHS-HEALTHY-CONTROL-HEALTH	Host_Health_State_SD_Detail	healthy/control	false
GCA_057033935.1	SAMN50509690	Bifidobacterium catenulatum	SC1-HHS-HEALTHY-CONTROL-HEALTH	Host_Health_State_SD_Method	context_dictionary	false
GCA_057033955.1	SAMN50509688	Alistipes onderdonkii	SC1-HHS-HEALTHY-CONTROL-HEALTH	Host_Health_State_SD	healthy/control	true
GCA_057033955.1	SAMN50509688	Alistipes onderdonkii	SC1-HHS-HEALTHY-CONTROL-HEALTH	Host_Health_State_SD_Detail	healthy/control	false
GCA_057033955.1	SAMN50509688	Alistipes onderdonkii	SC1-HHS-HEALTHY-CONTROL-HEALTH	Host_Health_State_SD_Method	context_dictionary	false
GCA_057033975.1	SAMN50509687	Phocaeicola sp.	SC1-HHS-HEALTHY-CONTROL-HEALTH	Host_Health_State_SD	healthy/control	true
GCA_057033975.1	SAMN50509687	Phocaeicola sp.	SC1-HHS-HEALTHY-CONTROL-HEALTH	Host_Health_State_SD_Detail	healthy/control	false
GCA_057033975.1	SAMN50509687	Phocaeicola sp.	SC1-HHS-HEALTHY-CONTROL-HEALTH	Host_Health_State_SD_Method	context_dictionary	false
GCA_057033995.1	SAMN50509686	Phocaeicola vulgatus	SC1-HHS-HEALTHY-CONTROL-HEALTH	Host_Health_State_SD	healthy/control	true
GCA_057033995.1	SAMN50509686	Phocaeicola vulgatus	SC1-HHS-HEALTHY-CONTROL-HEALTH	Host_Health_State_SD_Detail	healthy/control	false
GCA_057033995.1	SAMN50509686	Phocaeicola vulgatus	SC1-HHS-HEALTHY-CONTROL-HEALTH	Host_Health_State_SD_Method	context_dictionary	false
GCA_057034075.1	SAMN50509685	Faecalibacterium prausnitzii	SC1-HHS-HEALTHY-CONTROL-HEALTH	Host_Health_State_SD	healthy/control	true
GCA_057034075.1	SAMN50509685	Faecalibacterium prausnitzii	SC1-HHS-HEALTHY-CONTROL-HEALTH	Host_Health_State_SD_Detail	healthy/control	false
GCA_057034075.1	SAMN50509685	Faecalibacterium prausnitzii	SC1-HHS-HEALTHY-CONTROL-HEALTH	Host_Health_State_SD_Method	context_dictionary	false
GCA_057034095.1	SAMN50509684	Vescimonas coprocola	SC1-HHS-HEALTHY-CONTROL-HEALTH	Host_Health_State_SD	healthy/control	true
GCA_057034095.1	SAMN50509684	Vescimonas coprocola	SC1-HHS-HEALTHY-CONTROL-HEALTH	Host_Health_State_SD_Detail	healthy/control	false
GCA_057034095.1	SAMN50509684	Vescimonas coprocola	SC1-HHS-HEALTHY-CONTROL-HEALTH	Host_Health_State_SD_Method	context_dictionary	false
GCA_057034135.1	SAMN50509683	Alistipes putredinis	SC1-HHS-HEALTHY-CONTROL-HEALTH	Host_Health_State_SD	healthy/control	true
GCA_057034135.1	SAMN50509683	Alistipes putredinis	SC1-HHS-HEALTHY-CONTROL-HEALTH	Host_Health_State_SD_Detail	healthy/control	false
GCA_057034135.1	SAMN50509683	Alistipes putredinis	SC1-HHS-HEALTHY-CONTROL-HEALTH	Host_Health_State_SD_Method	context_dictionary	false
GCA_057034195.1	SAMN50509682	Lachnospiraceae bacterium	SC1-HHS-HEALTHY-CONTROL-HEALTH	Host_Health_State_SD	healthy/control	true
GCA_057034195.1	SAMN50509682	Lachnospiraceae bacterium	SC1-HHS-HEALTHY-CONTROL-HEALTH	Host_Health_State_SD_Detail	healthy/control	false
GCA_057034195.1	SAMN50509682	Lachnospiraceae bacterium	SC1-HHS-HEALTHY-CONTROL-HEALTH	Host_Health_State_SD_Method	context_dictionary	false
GCA_057034215.1	SAMN50509681	Bacteroides stercoris	SC1-HHS-HEALTHY-CONTROL-HEALTH	Host_Health_State_SD	healthy/control	true
GCA_057034215.1	SAMN50509681	Bacteroides stercoris	SC1-HHS-HEALTHY-CONTROL-HEALTH	Host_Health_State_SD_Detail	healthy/control	false
GCA_057034215.1	SAMN50509681	Bacteroides stercoris	SC1-HHS-HEALTHY-CONTROL-HEALTH	Host_Health_State_SD_Method	context_dictionary	false
GCA_057034255.1	SAMN50509680	Lactococcus lactis	SC1-HHS-HEALTHY-CONTROL-HEALTH	Host_Health_State_SD	healthy/control	true
GCA_057034255.1	SAMN50509680	Lactococcus lactis	SC1-HHS-HEALTHY-CONTROL-HEALTH	Host_Health_State_SD_Detail	healthy/control	false
GCA_057034255.1	SAMN50509680	Lactococcus lactis	SC1-HHS-HEALTHY-CONTROL-HEALTH	Host_Health_State_SD_Method	context_dictionary	false
GCA_057034275.1	SAMN50509678	Sutterella wadsworthensis	SC1-HHS-HEALTHY-CONTROL-HEALTH	Host_Health_State_SD	healthy/control	true
GCA_057034275.1	SAMN50509678	Sutterella wadsworthensis	SC1-HHS-HEALTHY-CONTROL-HEALTH	Host_Health_State_SD_Detail	healthy/control	false
GCA_057034275.1	SAMN50509678	Sutterella wadsworthensis	SC1-HHS-HEALTHY-CONTROL-HEALTH	Host_Health_State_SD_Method	context_dictionary	false
GCA_057034285.1	SAMN50509679	Bifidobacterium longum	SC1-HHS-HEALTHY-CONTROL-HEALTH	Host_Health_State_SD	healthy/control	true
GCA_057034285.1	SAMN50509679	Bifidobacterium longum	SC1-HHS-HEALTHY-CONTROL-HEALTH	Host_Health_State_SD_Detail	healthy/control	false
GCA_057034285.1	SAMN50509679	Bifidobacterium longum	SC1-HHS-HEALTHY-CONTROL-HEALTH	Host_Health_State_SD_Method	context_dictionary	false
GCA_057034385.1	SAMN50509677	Faecalibacterium duncaniae	SC1-HHS-HEALTHY-CONTROL-HEALTH	Host_Health_State_SD	healthy/control	true
GCA_057034385.1	SAMN50509677	Faecalibacterium duncaniae	SC1-HHS-HEALTHY-CONTROL-HEALTH	Host_Health_State_SD_Detail	healthy/control	false
GCA_057034385.1	SAMN50509677	Faecalibacterium duncaniae	SC1-HHS-HEALTHY-CONTROL-HEALTH	Host_Health_State_SD_Method	context_dictionary	false
GCA_057034425.1	SAMN50509676	Acutalibacteraceae bacterium	SC1-HHS-HEALTHY-CONTROL-HEALTH	Host_Health_State_SD	healthy/control	true
GCA_057034425.1	SAMN50509676	Acutalibacteraceae bacterium	SC1-HHS-HEALTHY-CONTROL-HEALTH	Host_Health_State_SD_Detail	healthy/control	false
GCA_057034425.1	SAMN50509676	Acutalibacteraceae bacterium	SC1-HHS-HEALTHY-CONTROL-HEALTH	Host_Health_State_SD_Method	context_dictionary	false
GCA_057034445.1	SAMN50509675	Oscillibacter sp.	SC1-HHS-HEALTHY-CONTROL-HEALTH	Host_Health_State_SD	healthy/control	true
GCA_057034445.1	SAMN50509675	Oscillibacter sp.	SC1-HHS-HEALTHY-CONTROL-HEALTH	Host_Health_State_SD_Detail	healthy/control	false
GCA_057034445.1	SAMN50509675	Oscillibacter sp.	SC1-HHS-HEALTHY-CONTROL-HEALTH	Host_Health_State_SD_Method	context_dictionary	false
GCA_057034505.1	SAMN50509674	Candidatus Caccoplasma intestinavium	SC1-HHS-HEALTHY-CONTROL-HEALTH	Host_Health_State_SD	healthy/control	true
GCA_057034505.1	SAMN50509674	Candidatus Caccoplasma intestinavium	SC1-HHS-HEALTHY-CONTROL-HEALTH	Host_Health_State_SD_Detail	healthy/control	false
GCA_057034505.1	SAMN50509674	Candidatus Caccoplasma intestinavium	SC1-HHS-HEALTHY-CONTROL-HEALTH	Host_Health_State_SD_Method	context_dictionary	false
GCA_057034525.1	SAMN50509672	Bacteroides cellulosilyticus	SC1-HHS-HEALTHY-CONTROL-HEALTH	Host_Health_State_SD	healthy/control	true
GCA_057034525.1	SAMN50509672	Bacteroides cellulosilyticus	SC1-HHS-HEALTHY-CONTROL-HEALTH	Host_Health_State_SD_Detail	healthy/control	false
GCA_057034525.1	SAMN50509672	Bacteroides cellulosilyticus	SC1-HHS-HEALTHY-CONTROL-HEALTH	Host_Health_State_SD_Method	context_dictionary	false
GCA_057034545.1	SAMN50509673	Alistipes hominis	SC1-HHS-HEALTHY-CONTROL-HEALTH	Host_Health_State_SD	healthy/control	true
GCA_057034545.1	SAMN50509673	Alistipes hominis	SC1-HHS-HEALTHY-CONTROL-HEALTH	Host_Health_State_SD_Detail	healthy/control	false
GCA_057034545.1	SAMN50509673	Alistipes hominis	SC1-HHS-HEALTHY-CONTROL-HEALTH	Host_Health_State_SD_Method	context_dictionary	false
GCA_057034625.1	SAMN50509671	Parabacteroides distasonis	SC1-HHS-HEALTHY-CONTROL-HEALTH	Host_Health_State_SD	healthy/control	true
GCA_057034625.1	SAMN50509671	Parabacteroides distasonis	SC1-HHS-HEALTHY-CONTROL-HEALTH	Host_Health_State_SD_Detail	healthy/control	false
GCA_057034625.1	SAMN50509671	Parabacteroides distasonis	SC1-HHS-HEALTHY-CONTROL-HEALTH	Host_Health_State_SD_Method	context_dictionary	false
GCA_057036125.1	SAMN50509632	Odoribacter splanchnicus	SC1-HHS-HEALTHY-CONTROL-HEALTH	Host_Health_State_SD	healthy/control	true
GCA_057036125.1	SAMN50509632	Odoribacter splanchnicus	SC1-HHS-HEALTHY-CONTROL-HEALTH	Host_Health_State_SD_Detail	healthy/control	false
GCA_057036125.1	SAMN50509632	Odoribacter splanchnicus	SC1-HHS-HEALTHY-CONTROL-HEALTH	Host_Health_State_SD_Method	context_dictionary	false
GCA_057036185.1	SAMN50509631	Barnesiella intestinihominis	SC1-HHS-HEALTHY-CONTROL-HEALTH	Host_Health_State_SD	healthy/control	true
GCA_057036185.1	SAMN50509631	Barnesiella intestinihominis	SC1-HHS-HEALTHY-CONTROL-HEALTH	Host_Health_State_SD_Detail	healthy/control	false
GCA_057036185.1	SAMN50509631	Barnesiella intestinihominis	SC1-HHS-HEALTHY-CONTROL-HEALTH	Host_Health_State_SD_Method	context_dictionary	false
GCA_057036205.1	SAMN50509630	Sutterella wadsworthensis	SC1-HHS-HEALTHY-CONTROL-HEALTH	Host_Health_State_SD	healthy/control	true
GCA_057036205.1	SAMN50509630	Sutterella wadsworthensis	SC1-HHS-HEALTHY-CONTROL-HEALTH	Host_Health_State_SD_Detail	healthy/control	false
GCA_057036205.1	SAMN50509630	Sutterella wadsworthensis	SC1-HHS-HEALTHY-CONTROL-HEALTH	Host_Health_State_SD_Method	context_dictionary	false
GCA_057036285.1	SAMN50509629	Oscillospiraceae bacterium	SC1-HHS-HEALTHY-CONTROL-HEALTH	Host_Health_State_SD	healthy/control	true
GCA_057036285.1	SAMN50509629	Oscillospiraceae bacterium	SC1-HHS-HEALTHY-CONTROL-HEALTH	Host_Health_State_SD_Detail	healthy/control	false
GCA_057036285.1	SAMN50509629	Oscillospiraceae bacterium	SC1-HHS-HEALTHY-CONTROL-HEALTH	Host_Health_State_SD_Method	context_dictionary	false
GCA_057036305.1	SAMN50509628	Bifidobacterium adolescentis	SC1-HHS-HEALTHY-CONTROL-HEALTH	Host_Health_State_SD	healthy/control	true
GCA_057036305.1	SAMN50509628	Bifidobacterium adolescentis	SC1-HHS-HEALTHY-CONTROL-HEALTH	Host_Health_State_SD_Detail	healthy/control	false
GCA_057036305.1	SAMN50509628	Bifidobacterium adolescentis	SC1-HHS-HEALTHY-CONTROL-HEALTH	Host_Health_State_SD_Method	context_dictionary	false
GCA_057036325.1	SAMN50509627	Acutalibacteraceae bacterium	SC1-HHS-HEALTHY-CONTROL-HEALTH	Host_Health_State_SD	healthy/control	true
GCA_057036325.1	SAMN50509627	Acutalibacteraceae bacterium	SC1-HHS-HEALTHY-CONTROL-HEALTH	Host_Health_State_SD_Detail	healthy/control	false
GCA_057036325.1	SAMN50509627	Acutalibacteraceae bacterium	SC1-HHS-HEALTHY-CONTROL-HEALTH	Host_Health_State_SD_Method	context_dictionary	false
GCA_057036365.1	SAMN50509625	Megasphaera massiliensis	SC1-HHS-HEALTHY-CONTROL-HEALTH	Host_Health_State_SD	healthy/control	true
GCA_057036365.1	SAMN50509625	Megasphaera massiliensis	SC1-HHS-HEALTHY-CONTROL-HEALTH	Host_Health_State_SD_Detail	healthy/control	false
GCA_057036365.1	SAMN50509625	Megasphaera massiliensis	SC1-HHS-HEALTHY-CONTROL-HEALTH	Host_Health_State_SD_Method	context_dictionary	false
GCA_057036385.1	SAMN50509626	Lachnospira sp.	SC1-HHS-HEALTHY-CONTROL-HEALTH	Host_Health_State_SD	healthy/control	true
GCA_057036385.1	SAMN50509626	Lachnospira sp.	SC1-HHS-HEALTHY-CONTROL-HEALTH	Host_Health_State_SD_Detail	healthy/control	false
GCA_057036385.1	SAMN50509626	Lachnospira sp.	SC1-HHS-HEALTHY-CONTROL-HEALTH	Host_Health_State_SD_Method	context_dictionary	false
GCA_057036445.1	SAMN50509623	Bacteroides faecis	SC1-HHS-HEALTHY-CONTROL-HEALTH	Host_Health_State_SD	healthy/control	true
GCA_057036445.1	SAMN50509623	Bacteroides faecis	SC1-HHS-HEALTHY-CONTROL-HEALTH	Host_Health_State_SD_Detail	healthy/control	false
GCA_057036445.1	SAMN50509623	Bacteroides faecis	SC1-HHS-HEALTHY-CONTROL-HEALTH	Host_Health_State_SD_Method	context_dictionary	false
GCA_057036465.1	SAMN50509624	Acidaminococcus intestini	SC1-HHS-HEALTHY-CONTROL-HEALTH	Host_Health_State_SD	healthy/control	true
GCA_057036465.1	SAMN50509624	Acidaminococcus intestini	SC1-HHS-HEALTHY-CONTROL-HEALTH	Host_Health_State_SD_Detail	healthy/control	false
GCA_057036465.1	SAMN50509624	Acidaminococcus intestini	SC1-HHS-HEALTHY-CONTROL-HEALTH	Host_Health_State_SD_Method	context_dictionary	false
GCA_057036475.1	SAMN50509622	Alistipes finegoldii	SC1-HHS-HEALTHY-CONTROL-HEALTH	Host_Health_State_SD	healthy/control	true
GCA_057036475.1	SAMN50509622	Alistipes finegoldii	SC1-HHS-HEALTHY-CONTROL-HEALTH	Host_Health_State_SD_Detail	healthy/control	false
GCA_057036475.1	SAMN50509622	Alistipes finegoldii	SC1-HHS-HEALTHY-CONTROL-HEALTH	Host_Health_State_SD_Method	context_dictionary	false
GCA_057036545.1	SAMN50509621	Segatella hominis	SC1-HHS-HEALTHY-CONTROL-HEALTH	Host_Health_State_SD	healthy/control	true
GCA_057036545.1	SAMN50509621	Segatella hominis	SC1-HHS-HEALTHY-CONTROL-HEALTH	Host_Health_State_SD_Detail	healthy/control	false
GCA_057036545.1	SAMN50509621	Segatella hominis	SC1-HHS-HEALTHY-CONTROL-HEALTH	Host_Health_State_SD_Method	context_dictionary	false
GCA_057036605.1	SAMN50509620	Parabacteroides merdae	SC1-HHS-HEALTHY-CONTROL-HEALTH	Host_Health_State_SD	healthy/control	true
GCA_057036605.1	SAMN50509620	Parabacteroides merdae	SC1-HHS-HEALTHY-CONTROL-HEALTH	Host_Health_State_SD_Detail	healthy/control	false
GCA_057036605.1	SAMN50509620	Parabacteroides merdae	SC1-HHS-HEALTHY-CONTROL-HEALTH	Host_Health_State_SD_Method	context_dictionary	false
GCA_057036625.1	SAMN50509619	Gemmiger formicilis	SC1-HHS-HEALTHY-CONTROL-HEALTH	Host_Health_State_SD	healthy/control	true
GCA_057036625.1	SAMN50509619	Gemmiger formicilis	SC1-HHS-HEALTHY-CONTROL-HEALTH	Host_Health_State_SD_Detail	healthy/control	false
GCA_057036625.1	SAMN50509619	Gemmiger formicilis	SC1-HHS-HEALTHY-CONTROL-HEALTH	Host_Health_State_SD_Method	context_dictionary	false
GCA_057036685.1	SAMN50509618	Agathobacter rectalis	SC1-HHS-HEALTHY-CONTROL-HEALTH	Host_Health_State_SD	healthy/control	true
GCA_057036685.1	SAMN50509618	Agathobacter rectalis	SC1-HHS-HEALTHY-CONTROL-HEALTH	Host_Health_State_SD_Detail	healthy/control	false
GCA_057036685.1	SAMN50509618	Agathobacter rectalis	SC1-HHS-HEALTHY-CONTROL-HEALTH	Host_Health_State_SD_Method	context_dictionary	false
GCA_057036705.1	SAMN50509617	Bacteroides uniformis	SC1-HHS-HEALTHY-CONTROL-HEALTH	Host_Health_State_SD	healthy/control	true
GCA_057036705.1	SAMN50509617	Bacteroides uniformis	SC1-HHS-HEALTHY-CONTROL-HEALTH	Host_Health_State_SD_Detail	healthy/control	false
GCA_057036705.1	SAMN50509617	Bacteroides uniformis	SC1-HHS-HEALTHY-CONTROL-HEALTH	Host_Health_State_SD_Method	context_dictionary	false
GCA_057036745.1	SAMN50509616	Candidatus Scatosoma sp.	SC1-HHS-HEALTHY-CONTROL-HEALTH	Host_Health_State_SD	healthy/control	true
GCA_057036745.1	SAMN50509616	Candidatus Scatosoma sp.	SC1-HHS-HEALTHY-CONTROL-HEALTH	Host_Health_State_SD_Detail	healthy/control	false
GCA_057036745.1	SAMN50509616	Candidatus Scatosoma sp.	SC1-HHS-HEALTHY-CONTROL-HEALTH	Host_Health_State_SD_Method	context_dictionary	false
GCA_057036805.1	SAMN50509615	Prevotella sp.	SC1-HHS-HEALTHY-CONTROL-HEALTH	Host_Health_State_SD	healthy/control	true
GCA_057036805.1	SAMN50509615	Prevotella sp.	SC1-HHS-HEALTHY-CONTROL-HEALTH	Host_Health_State_SD_Detail	healthy/control	false
GCA_057036805.1	SAMN50509615	Prevotella sp.	SC1-HHS-HEALTHY-CONTROL-HEALTH	Host_Health_State_SD_Method	context_dictionary	false
GCA_057036825.1	SAMN50509614	Faecalibacterium longum	SC1-HHS-HEALTHY-CONTROL-HEALTH	Host_Health_State_SD	healthy/control	true
GCA_057036825.1	SAMN50509614	Faecalibacterium longum	SC1-HHS-HEALTHY-CONTROL-HEALTH	Host_Health_State_SD_Detail	healthy/control	false
GCA_057036825.1	SAMN50509614	Faecalibacterium longum	SC1-HHS-HEALTHY-CONTROL-HEALTH	Host_Health_State_SD_Method	context_dictionary	false
GCA_057036845.1	SAMN50509613	Acutalibacteraceae bacterium	SC1-HHS-HEALTHY-CONTROL-HEALTH	Host_Health_State_SD	healthy/control	true
GCA_057036845.1	SAMN50509613	Acutalibacteraceae bacterium	SC1-HHS-HEALTHY-CONTROL-HEALTH	Host_Health_State_SD_Detail	healthy/control	false
GCA_057036845.1	SAMN50509613	Acutalibacteraceae bacterium	SC1-HHS-HEALTHY-CONTROL-HEALTH	Host_Health_State_SD_Method	context_dictionary	false
GCA_057036905.1	SAMN50509611	Phocaeicola vulgatus	SC1-HHS-HEALTHY-CONTROL-HEALTH	Host_Health_State_SD	healthy/control	true
GCA_057036905.1	SAMN50509611	Phocaeicola vulgatus	SC1-HHS-HEALTHY-CONTROL-HEALTH	Host_Health_State_SD_Detail	healthy/control	false
GCA_057036905.1	SAMN50509611	Phocaeicola vulgatus	SC1-HHS-HEALTHY-CONTROL-HEALTH	Host_Health_State_SD_Method	context_dictionary	false
GCA_057036925.1	SAMN50509610	Faecalibacterium prausnitzii	SC1-HHS-HEALTHY-CONTROL-HEALTH	Host_Health_State_SD	healthy/control	true
GCA_057036925.1	SAMN50509610	Faecalibacterium prausnitzii	SC1-HHS-HEALTHY-CONTROL-HEALTH	Host_Health_State_SD_Detail	healthy/control	false
GCA_057036925.1	SAMN50509610	Faecalibacterium prausnitzii	SC1-HHS-HEALTHY-CONTROL-HEALTH	Host_Health_State_SD_Method	context_dictionary	false
GCA_057036965.1	SAMN50509612	Alistipes communis	SC1-HHS-HEALTHY-CONTROL-HEALTH	Host_Health_State_SD	healthy/control	true
GCA_057036965.1	SAMN50509612	Alistipes communis	SC1-HHS-HEALTHY-CONTROL-HEALTH	Host_Health_State_SD_Detail	healthy/control	false
GCA_057036965.1	SAMN50509612	Alistipes communis	SC1-HHS-HEALTHY-CONTROL-HEALTH	Host_Health_State_SD_Method	context_dictionary	false
GCA_057037025.1	SAMN50509608	Oscillospiraceae bacterium	SC1-HHS-HEALTHY-CONTROL-HEALTH	Host_Health_State_SD	healthy/control	true
GCA_057037025.1	SAMN50509608	Oscillospiraceae bacterium	SC1-HHS-HEALTHY-CONTROL-HEALTH	Host_Health_State_SD_Detail	healthy/control	false
GCA_057037025.1	SAMN50509608	Oscillospiraceae bacterium	SC1-HHS-HEALTHY-CONTROL-HEALTH	Host_Health_State_SD_Method	context_dictionary	false
GCA_057037045.1	SAMN50509609	Bilophila wadsworthia	SC1-HHS-HEALTHY-CONTROL-HEALTH	Host_Health_State_SD	healthy/control	true
GCA_057037045.1	SAMN50509609	Bilophila wadsworthia	SC1-HHS-HEALTHY-CONTROL-HEALTH	Host_Health_State_SD_Detail	healthy/control	false
GCA_057037045.1	SAMN50509609	Bilophila wadsworthia	SC1-HHS-HEALTHY-CONTROL-HEALTH	Host_Health_State_SD_Method	context_dictionary	false
GCA_057037105.1	SAMN50509607	Vescimonas sp.	SC1-HHS-HEALTHY-CONTROL-HEALTH	Host_Health_State_SD	healthy/control	true
GCA_057037105.1	SAMN50509607	Vescimonas sp.	SC1-HHS-HEALTHY-CONTROL-HEALTH	Host_Health_State_SD_Detail	healthy/control	false
GCA_057037105.1	SAMN50509607	Vescimonas sp.	SC1-HHS-HEALTHY-CONTROL-HEALTH	Host_Health_State_SD_Method	context_dictionary	false
GCA_057037145.1	SAMN50509606	Coprococcus aceti	SC1-HHS-HEALTHY-CONTROL-HEALTH	Host_Health_State_SD	healthy/control	true
GCA_057037145.1	SAMN50509606	Coprococcus aceti	SC1-HHS-HEALTHY-CONTROL-HEALTH	Host_Health_State_SD_Detail	healthy/control	false
GCA_057037145.1	SAMN50509606	Coprococcus aceti	SC1-HHS-HEALTHY-CONTROL-HEALTH	Host_Health_State_SD_Method	context_dictionary	false
GCA_057037165.1	SAMN50509605	Hominimerdicola aceti	SC1-HHS-HEALTHY-CONTROL-HEALTH	Host_Health_State_SD	healthy/control	true
GCA_057037165.1	SAMN50509605	Hominimerdicola aceti	SC1-HHS-HEALTHY-CONTROL-HEALTH	Host_Health_State_SD_Detail	healthy/control	false
GCA_057037165.1	SAMN50509605	Hominimerdicola aceti	SC1-HHS-HEALTHY-CONTROL-HEALTH	Host_Health_State_SD_Method	context_dictionary	false
GCA_057037225.1	SAMN50509604	Christensenellales bacterium	SC1-HHS-HEALTHY-CONTROL-HEALTH	Host_Health_State_SD	healthy/control	true
GCA_057037225.1	SAMN50509604	Christensenellales bacterium	SC1-HHS-HEALTHY-CONTROL-HEALTH	Host_Health_State_SD_Detail	healthy/control	false
GCA_057037225.1	SAMN50509604	Christensenellales bacterium	SC1-HHS-HEALTHY-CONTROL-HEALTH	Host_Health_State_SD_Method	context_dictionary	false
GCA_057037245.1	SAMN50509603	Segatella copri	SC1-HHS-HEALTHY-CONTROL-HEALTH	Host_Health_State_SD	healthy/control	true
GCA_057037245.1	SAMN50509603	Segatella copri	SC1-HHS-HEALTHY-CONTROL-HEALTH	Host_Health_State_SD_Detail	healthy/control	false
GCA_057037245.1	SAMN50509603	Segatella copri	SC1-HHS-HEALTHY-CONTROL-HEALTH	Host_Health_State_SD_Method	context_dictionary	false
GCA_057037305.1	SAMN50509602	Angelakisella sp.	SC1-HHS-HEALTHY-CONTROL-HEALTH	Host_Health_State_SD	healthy/control	true
GCA_057037305.1	SAMN50509602	Angelakisella sp.	SC1-HHS-HEALTHY-CONTROL-HEALTH	Host_Health_State_SD_Detail	healthy/control	false
GCA_057037305.1	SAMN50509602	Angelakisella sp.	SC1-HHS-HEALTHY-CONTROL-HEALTH	Host_Health_State_SD_Method	context_dictionary	false
GCA_057037325.1	SAMN50509601	Hominicoprocola fusiformis	SC1-HHS-HEALTHY-CONTROL-HEALTH	Host_Health_State_SD	healthy/control	true
GCA_057037325.1	SAMN50509601	Hominicoprocola fusiformis	SC1-HHS-HEALTHY-CONTROL-HEALTH	Host_Health_State_SD_Detail	healthy/control	false
GCA_057037325.1	SAMN50509601	Hominicoprocola fusiformis	SC1-HHS-HEALTHY-CONTROL-HEALTH	Host_Health_State_SD_Method	context_dictionary	false
GCA_057037345.1	SAMN50509600	Parabacteroides distasonis	SC1-HHS-HEALTHY-CONTROL-HEALTH	Host_Health_State_SD	healthy/control	true
GCA_057037345.1	SAMN50509600	Parabacteroides distasonis	SC1-HHS-HEALTHY-CONTROL-HEALTH	Host_Health_State_SD_Detail	healthy/control	false
GCA_057037345.1	SAMN50509600	Parabacteroides distasonis	SC1-HHS-HEALTHY-CONTROL-HEALTH	Host_Health_State_SD_Method	context_dictionary	false
GCA_057037425.1	SAMN50509599	Christensenellales bacterium	SC1-HHS-HEALTHY-CONTROL-HEALTH	Host_Health_State_SD	healthy/control	true
GCA_057037425.1	SAMN50509599	Christensenellales bacterium	SC1-HHS-HEALTHY-CONTROL-HEALTH	Host_Health_State_SD_Detail	healthy/control	false
GCA_057037425.1	SAMN50509599	Christensenellales bacterium	SC1-HHS-HEALTHY-CONTROL-HEALTH	Host_Health_State_SD_Method	context_dictionary	false
GCA_057037445.1	SAMN50509597	Duodenibacillus massiliensis	SC1-HHS-HEALTHY-CONTROL-HEALTH	Host_Health_State_SD	healthy/control	true
GCA_057037445.1	SAMN50509597	Duodenibacillus massiliensis	SC1-HHS-HEALTHY-CONTROL-HEALTH	Host_Health_State_SD_Detail	healthy/control	false
GCA_057037445.1	SAMN50509597	Duodenibacillus massiliensis	SC1-HHS-HEALTHY-CONTROL-HEALTH	Host_Health_State_SD_Method	context_dictionary	false
GCA_057037465.1	SAMN50509598	Roseburia faecis	SC1-HHS-HEALTHY-CONTROL-HEALTH	Host_Health_State_SD	healthy/control	true
GCA_057037465.1	SAMN50509598	Roseburia faecis	SC1-HHS-HEALTHY-CONTROL-HEALTH	Host_Health_State_SD_Detail	healthy/control	false
GCA_057037465.1	SAMN50509598	Roseburia faecis	SC1-HHS-HEALTHY-CONTROL-HEALTH	Host_Health_State_SD_Method	context_dictionary	false
GCA_057037525.1	SAMN50509595	Bacteroides cellulosilyticus	SC1-HHS-HEALTHY-CONTROL-HEALTH	Host_Health_State_SD	healthy/control	true
GCA_057037525.1	SAMN50509595	Bacteroides cellulosilyticus	SC1-HHS-HEALTHY-CONTROL-HEALTH	Host_Health_State_SD_Detail	healthy/control	false
GCA_057037525.1	SAMN50509595	Bacteroides cellulosilyticus	SC1-HHS-HEALTHY-CONTROL-HEALTH	Host_Health_State_SD_Method	context_dictionary	false
GCA_057037545.1	SAMN50509596	Bilophila wadsworthia	SC1-HHS-HEALTHY-CONTROL-HEALTH	Host_Health_State_SD	healthy/control	true
GCA_057037545.1	SAMN50509596	Bilophila wadsworthia	SC1-HHS-HEALTHY-CONTROL-HEALTH	Host_Health_State_SD_Detail	healthy/control	false
GCA_057037545.1	SAMN50509596	Bilophila wadsworthia	SC1-HHS-HEALTHY-CONTROL-HEALTH	Host_Health_State_SD_Method	context_dictionary	false
GCA_057037585.1	SAMN50509594	Vescimonas coprocola	SC1-HHS-HEALTHY-CONTROL-HEALTH	Host_Health_State_SD	healthy/control	true
GCA_057037585.1	SAMN50509594	Vescimonas coprocola	SC1-HHS-HEALTHY-CONTROL-HEALTH	Host_Health_State_SD_Detail	healthy/control	false
GCA_057037585.1	SAMN50509594	Vescimonas coprocola	SC1-HHS-HEALTHY-CONTROL-HEALTH	Host_Health_State_SD_Method	context_dictionary	false
GCA_057037625.1	SAMN50509593	Lachnospira sp.	SC1-HHS-HEALTHY-CONTROL-HEALTH	Host_Health_State_SD	healthy/control	true
GCA_057037625.1	SAMN50509593	Lachnospira sp.	SC1-HHS-HEALTHY-CONTROL-HEALTH	Host_Health_State_SD_Detail	healthy/control	false
GCA_057037625.1	SAMN50509593	Lachnospira sp.	SC1-HHS-HEALTHY-CONTROL-HEALTH	Host_Health_State_SD_Method	context_dictionary	false
GCA_057037645.1	SAMN50509592	Alistipes onderdonkii	SC1-HHS-HEALTHY-CONTROL-HEALTH	Host_Health_State_SD	healthy/control	true
GCA_057037645.1	SAMN50509592	Alistipes onderdonkii	SC1-HHS-HEALTHY-CONTROL-HEALTH	Host_Health_State_SD_Detail	healthy/control	false
GCA_057037645.1	SAMN50509592	Alistipes onderdonkii	SC1-HHS-HEALTHY-CONTROL-HEALTH	Host_Health_State_SD_Method	context_dictionary	false
GCA_057037705.1	SAMN50509590	Streptococcus salivarius	SC1-HHS-HEALTHY-CONTROL-HEALTH	Host_Health_State_SD	healthy/control	true
GCA_057037705.1	SAMN50509590	Streptococcus salivarius	SC1-HHS-HEALTHY-CONTROL-HEALTH	Host_Health_State_SD_Detail	healthy/control	false
GCA_057037705.1	SAMN50509590	Streptococcus salivarius	SC1-HHS-HEALTHY-CONTROL-HEALTH	Host_Health_State_SD_Method	context_dictionary	false
GCA_057037725.1	SAMN50509591	Haemophilus sp.	SC1-HHS-HEALTHY-CONTROL-HEALTH	Host_Health_State_SD	healthy/control	true
GCA_057037725.1	SAMN50509591	Haemophilus sp.	SC1-HHS-HEALTHY-CONTROL-HEALTH	Host_Health_State_SD_Detail	healthy/control	false
GCA_057037725.1	SAMN50509591	Haemophilus sp.	SC1-HHS-HEALTHY-CONTROL-HEALTH	Host_Health_State_SD_Method	context_dictionary	false
GCA_057037745.1	SAMN50509589	Candidatus Fusicatenibacter intestinipullorum	SC1-HHS-HEALTHY-CONTROL-HEALTH	Host_Health_State_SD	healthy/control	true
GCA_057037745.1	SAMN50509589	Candidatus Fusicatenibacter intestinipullorum	SC1-HHS-HEALTHY-CONTROL-HEALTH	Host_Health_State_SD_Detail	healthy/control	false
GCA_057037745.1	SAMN50509589	Candidatus Fusicatenibacter intestinipullorum	SC1-HHS-HEALTHY-CONTROL-HEALTH	Host_Health_State_SD_Method	context_dictionary	false
GCA_057037805.1	SAMN50509588	Candidatus Amulumruptor caecigallinarius	SC1-HHS-HEALTHY-CONTROL-HEALTH	Host_Health_State_SD	healthy/control	true
GCA_057037805.1	SAMN50509588	Candidatus Amulumruptor caecigallinarius	SC1-HHS-HEALTHY-CONTROL-HEALTH	Host_Health_State_SD_Detail	healthy/control	false
GCA_057037805.1	SAMN50509588	Candidatus Amulumruptor caecigallinarius	SC1-HHS-HEALTHY-CONTROL-HEALTH	Host_Health_State_SD_Method	context_dictionary	false
GCA_057037825.1	SAMN50509587	Lachnospiraceae bacterium	SC1-HHS-HEALTHY-CONTROL-HEALTH	Host_Health_State_SD	healthy/control	true
GCA_057037825.1	SAMN50509587	Lachnospiraceae bacterium	SC1-HHS-HEALTHY-CONTROL-HEALTH	Host_Health_State_SD_Detail	healthy/control	false
GCA_057037825.1	SAMN50509587	Lachnospiraceae bacterium	SC1-HHS-HEALTHY-CONTROL-HEALTH	Host_Health_State_SD_Method	context_dictionary	false
GCA_057037865.1	SAMN50509586	Ruminococcoides sp.	SC1-HHS-HEALTHY-CONTROL-HEALTH	Host_Health_State_SD	healthy/control	true
GCA_057037865.1	SAMN50509586	Ruminococcoides sp.	SC1-HHS-HEALTHY-CONTROL-HEALTH	Host_Health_State_SD_Detail	healthy/control	false
GCA_057037865.1	SAMN50509586	Ruminococcoides sp.	SC1-HHS-HEALTHY-CONTROL-HEALTH	Host_Health_State_SD_Method	context_dictionary	false
GCA_057037925.1	SAMN50509585	Acutalibacteraceae bacterium	SC1-HHS-HEALTHY-CONTROL-HEALTH	Host_Health_State_SD	healthy/control	true
GCA_057037925.1	SAMN50509585	Acutalibacteraceae bacterium	SC1-HHS-HEALTHY-CONTROL-HEALTH	Host_Health_State_SD_Detail	healthy/control	false
GCA_057037925.1	SAMN50509585	Acutalibacteraceae bacterium	SC1-HHS-HEALTHY-CONTROL-HEALTH	Host_Health_State_SD_Method	context_dictionary	false
GCA_057037965.1	SAMN50509584	Candidatus Scatosoma sp.	SC1-HHS-HEALTHY-CONTROL-HEALTH	Host_Health_State_SD	healthy/control	true
GCA_057037965.1	SAMN50509584	Candidatus Scatosoma sp.	SC1-HHS-HEALTHY-CONTROL-HEALTH	Host_Health_State_SD_Detail	healthy/control	false
GCA_057037965.1	SAMN50509584	Candidatus Scatosoma sp.	SC1-HHS-HEALTHY-CONTROL-HEALTH	Host_Health_State_SD_Method	context_dictionary	false
GCA_057037985.1	SAMN50509583	Alistipes ihumii	SC1-HHS-HEALTHY-CONTROL-HEALTH	Host_Health_State_SD	healthy/control	true
GCA_057037985.1	SAMN50509583	Alistipes ihumii	SC1-HHS-HEALTHY-CONTROL-HEALTH	Host_Health_State_SD_Detail	healthy/control	false
GCA_057037985.1	SAMN50509583	Alistipes ihumii	SC1-HHS-HEALTHY-CONTROL-HEALTH	Host_Health_State_SD_Method	context_dictionary	false
GCA_057038045.1	SAMN50509582	Agathobacter rectalis	SC1-HHS-HEALTHY-CONTROL-HEALTH	Host_Health_State_SD	healthy/control	true
GCA_057038045.1	SAMN50509582	Agathobacter rectalis	SC1-HHS-HEALTHY-CONTROL-HEALTH	Host_Health_State_SD_Detail	healthy/control	false
GCA_057038045.1	SAMN50509582	Agathobacter rectalis	SC1-HHS-HEALTHY-CONTROL-HEALTH	Host_Health_State_SD_Method	context_dictionary	false
GCA_057038065.1	SAMN50509581	Oscillospiraceae bacterium	SC1-HHS-HEALTHY-CONTROL-HEALTH	Host_Health_State_SD	healthy/control	true
GCA_057038065.1	SAMN50509581	Oscillospiraceae bacterium	SC1-HHS-HEALTHY-CONTROL-HEALTH	Host_Health_State_SD_Detail	healthy/control	false
GCA_057038065.1	SAMN50509581	Oscillospiraceae bacterium	SC1-HHS-HEALTHY-CONTROL-HEALTH	Host_Health_State_SD_Method	context_dictionary	false
GCA_057038085.1	SAMN50509580	Bacteroides stercoris	SC1-HHS-HEALTHY-CONTROL-HEALTH	Host_Health_State_SD	healthy/control	true
GCA_057038085.1	SAMN50509580	Bacteroides stercoris	SC1-HHS-HEALTHY-CONTROL-HEALTH	Host_Health_State_SD_Detail	healthy/control	false
GCA_057038085.1	SAMN50509580	Bacteroides stercoris	SC1-HHS-HEALTHY-CONTROL-HEALTH	Host_Health_State_SD_Method	context_dictionary	false
GCA_057038165.1	SAMN50509579	Klebsiella pneumoniae	SC1-HHS-HEALTHY-CONTROL-HEALTH	Host_Health_State_SD	healthy/control	true
GCA_057038165.1	SAMN50509579	Klebsiella pneumoniae	SC1-HHS-HEALTHY-CONTROL-HEALTH	Host_Health_State_SD_Detail	healthy/control	false
GCA_057038165.1	SAMN50509579	Klebsiella pneumoniae	SC1-HHS-HEALTHY-CONTROL-HEALTH	Host_Health_State_SD_Method	context_dictionary	false
GCA_057038185.1	SAMN50509578	Alistipes inops	SC1-HHS-HEALTHY-CONTROL-HEALTH	Host_Health_State_SD	healthy/control	true
GCA_057038185.1	SAMN50509578	Alistipes inops	SC1-HHS-HEALTHY-CONTROL-HEALTH	Host_Health_State_SD_Detail	healthy/control	false
GCA_057038185.1	SAMN50509578	Alistipes inops	SC1-HHS-HEALTHY-CONTROL-HEALTH	Host_Health_State_SD_Method	context_dictionary	false
GCA_057038195.1	SAMN50509577	Alistipes communis	SC1-HHS-HEALTHY-CONTROL-HEALTH	Host_Health_State_SD	healthy/control	true
GCA_057038195.1	SAMN50509577	Alistipes communis	SC1-HHS-HEALTHY-CONTROL-HEALTH	Host_Health_State_SD_Detail	healthy/control	false
GCA_057038195.1	SAMN50509577	Alistipes communis	SC1-HHS-HEALTHY-CONTROL-HEALTH	Host_Health_State_SD_Method	context_dictionary	false
GCA_057038285.1	SAMN50509576	Barnesiella intestinihominis	SC1-HHS-HEALTHY-CONTROL-HEALTH	Host_Health_State_SD	healthy/control	true
GCA_057038285.1	SAMN50509576	Barnesiella intestinihominis	SC1-HHS-HEALTHY-CONTROL-HEALTH	Host_Health_State_SD_Detail	healthy/control	false
GCA_057038285.1	SAMN50509576	Barnesiella intestinihominis	SC1-HHS-HEALTHY-CONTROL-HEALTH	Host_Health_State_SD_Method	context_dictionary	false
GCA_057038305.1	SAMN50509575	Roseburia faecis	SC1-HHS-HEALTHY-CONTROL-HEALTH	Host_Health_State_SD	healthy/control	true
GCA_057038305.1	SAMN50509575	Roseburia faecis	SC1-HHS-HEALTHY-CONTROL-HEALTH	Host_Health_State_SD_Detail	healthy/control	false
GCA_057038305.1	SAMN50509575	Roseburia faecis	SC1-HHS-HEALTHY-CONTROL-HEALTH	Host_Health_State_SD_Method	context_dictionary	false
GCA_057038325.1	SAMN50509574	Coprobacter fastidiosus	SC1-HHS-HEALTHY-CONTROL-HEALTH	Host_Health_State_SD	healthy/control	true
GCA_057038325.1	SAMN50509574	Coprobacter fastidiosus	SC1-HHS-HEALTHY-CONTROL-HEALTH	Host_Health_State_SD_Detail	healthy/control	false
GCA_057038325.1	SAMN50509574	Coprobacter fastidiosus	SC1-HHS-HEALTHY-CONTROL-HEALTH	Host_Health_State_SD_Method	context_dictionary	false
GCA_057038385.1	SAMN50509573	Christensenellales bacterium	SC1-HHS-HEALTHY-CONTROL-HEALTH	Host_Health_State_SD	healthy/control	true
GCA_057038385.1	SAMN50509573	Christensenellales bacterium	SC1-HHS-HEALTHY-CONTROL-HEALTH	Host_Health_State_SD_Detail	healthy/control	false
GCA_057038385.1	SAMN50509573	Christensenellales bacterium	SC1-HHS-HEALTHY-CONTROL-HEALTH	Host_Health_State_SD_Method	context_dictionary	false
GCA_057038425.1	SAMN50509572	Negativibacillus massiliensis	SC1-HHS-HEALTHY-CONTROL-HEALTH	Host_Health_State_SD	healthy/control	true
GCA_057038425.1	SAMN50509572	Negativibacillus massiliensis	SC1-HHS-HEALTHY-CONTROL-HEALTH	Host_Health_State_SD_Detail	healthy/control	false
GCA_057038425.1	SAMN50509572	Negativibacillus massiliensis	SC1-HHS-HEALTHY-CONTROL-HEALTH	Host_Health_State_SD_Method	context_dictionary	false
GCA_057038445.1	SAMN50509571	Odoribacter splanchnicus	SC1-HHS-HEALTHY-CONTROL-HEALTH	Host_Health_State_SD	healthy/control	true
GCA_057038445.1	SAMN50509571	Odoribacter splanchnicus	SC1-HHS-HEALTHY-CONTROL-HEALTH	Host_Health_State_SD_Detail	healthy/control	false
GCA_057038445.1	SAMN50509571	Odoribacter splanchnicus	SC1-HHS-HEALTHY-CONTROL-HEALTH	Host_Health_State_SD_Method	context_dictionary	false
GCA_057038495.1	SAMN50509570	Bifidobacterium adolescentis	SC1-HHS-HEALTHY-CONTROL-HEALTH	Host_Health_State_SD	healthy/control	true
GCA_057038495.1	SAMN50509570	Bifidobacterium adolescentis	SC1-HHS-HEALTHY-CONTROL-HEALTH	Host_Health_State_SD_Detail	healthy/control	false
GCA_057038495.1	SAMN50509570	Bifidobacterium adolescentis	SC1-HHS-HEALTHY-CONTROL-HEALTH	Host_Health_State_SD_Method	context_dictionary	false
GCA_057038545.1	SAMN50509569	Parabacteroides distasonis	SC1-HHS-HEALTHY-CONTROL-HEALTH	Host_Health_State_SD	healthy/control	true
GCA_057038545.1	SAMN50509569	Parabacteroides distasonis	SC1-HHS-HEALTHY-CONTROL-HEALTH	Host_Health_State_SD_Detail	healthy/control	false
GCA_057038545.1	SAMN50509569	Parabacteroides distasonis	SC1-HHS-HEALTHY-CONTROL-HEALTH	Host_Health_State_SD_Method	context_dictionary	false
GCA_057038565.1	SAMN50509568	Hominicoprocola sp.	SC1-HHS-HEALTHY-CONTROL-HEALTH	Host_Health_State_SD	healthy/control	true
GCA_057038565.1	SAMN50509568	Hominicoprocola sp.	SC1-HHS-HEALTHY-CONTROL-HEALTH	Host_Health_State_SD_Detail	healthy/control	false
GCA_057038565.1	SAMN50509568	Hominicoprocola sp.	SC1-HHS-HEALTHY-CONTROL-HEALTH	Host_Health_State_SD_Method	context_dictionary	false
GCA_057038605.1	SAMN50509567	Oscillospiraceae bacterium	SC1-HHS-HEALTHY-CONTROL-HEALTH	Host_Health_State_SD	healthy/control	true
GCA_057038605.1	SAMN50509567	Oscillospiraceae bacterium	SC1-HHS-HEALTHY-CONTROL-HEALTH	Host_Health_State_SD_Detail	healthy/control	false
GCA_057038605.1	SAMN50509567	Oscillospiraceae bacterium	SC1-HHS-HEALTHY-CONTROL-HEALTH	Host_Health_State_SD_Method	context_dictionary	false
GCA_057038665.1	SAMN50509566	Oscillospiraceae bacterium	SC1-HHS-HEALTHY-CONTROL-HEALTH	Host_Health_State_SD	healthy/control	true
GCA_057038665.1	SAMN50509566	Oscillospiraceae bacterium	SC1-HHS-HEALTHY-CONTROL-HEALTH	Host_Health_State_SD_Detail	healthy/control	false
GCA_057038665.1	SAMN50509566	Oscillospiraceae bacterium	SC1-HHS-HEALTHY-CONTROL-HEALTH	Host_Health_State_SD_Method	context_dictionary	false
GCA_057038685.1	SAMN50509564	Waltera acetigignens	SC1-HHS-HEALTHY-CONTROL-HEALTH	Host_Health_State_SD	healthy/control	true
GCA_057038685.1	SAMN50509564	Waltera acetigignens	SC1-HHS-HEALTHY-CONTROL-HEALTH	Host_Health_State_SD_Detail	healthy/control	false
GCA_057038685.1	SAMN50509564	Waltera acetigignens	SC1-HHS-HEALTHY-CONTROL-HEALTH	Host_Health_State_SD_Method	context_dictionary	false
GCA_057038705.1	SAMN50509565	Candidatus Duodenibacillus intestinavium	SC1-HHS-HEALTHY-CONTROL-HEALTH	Host_Health_State_SD	healthy/control	true
GCA_057038705.1	SAMN50509565	Candidatus Duodenibacillus intestinavium	SC1-HHS-HEALTHY-CONTROL-HEALTH	Host_Health_State_SD_Detail	healthy/control	false
GCA_057038705.1	SAMN50509565	Candidatus Duodenibacillus intestinavium	SC1-HHS-HEALTHY-CONTROL-HEALTH	Host_Health_State_SD_Method	context_dictionary	false
GCA_057038785.1	SAMN50509563	Butyricimonas sp.	SC1-HHS-HEALTHY-CONTROL-HEALTH	Host_Health_State_SD	healthy/control	true
GCA_057038785.1	SAMN50509563	Butyricimonas sp.	SC1-HHS-HEALTHY-CONTROL-HEALTH	Host_Health_State_SD_Detail	healthy/control	false
GCA_057038785.1	SAMN50509563	Butyricimonas sp.	SC1-HHS-HEALTHY-CONTROL-HEALTH	Host_Health_State_SD_Method	context_dictionary	false
GCA_057038805.1	SAMN50509561	Parabacteroides merdae	SC1-HHS-HEALTHY-CONTROL-HEALTH	Host_Health_State_SD	healthy/control	true
GCA_057038805.1	SAMN50509561	Parabacteroides merdae	SC1-HHS-HEALTHY-CONTROL-HEALTH	Host_Health_State_SD_Detail	healthy/control	false
GCA_057038805.1	SAMN50509561	Parabacteroides merdae	SC1-HHS-HEALTHY-CONTROL-HEALTH	Host_Health_State_SD_Method	context_dictionary	false
GCA_057038825.1	SAMN50509562	Phocaeicola coprophilus	SC1-HHS-HEALTHY-CONTROL-HEALTH	Host_Health_State_SD	healthy/control	true
GCA_057038825.1	SAMN50509562	Phocaeicola coprophilus	SC1-HHS-HEALTHY-CONTROL-HEALTH	Host_Health_State_SD_Detail	healthy/control	false
GCA_057038825.1	SAMN50509562	Phocaeicola coprophilus	SC1-HHS-HEALTHY-CONTROL-HEALTH	Host_Health_State_SD_Method	context_dictionary	false
GCA_057038865.1	SAMN50509560	Anaerotignum faecicola	SC1-HHS-HEALTHY-CONTROL-HEALTH	Host_Health_State_SD	healthy/control	true
GCA_057038865.1	SAMN50509560	Anaerotignum faecicola	SC1-HHS-HEALTHY-CONTROL-HEALTH	Host_Health_State_SD_Detail	healthy/control	false
GCA_057038865.1	SAMN50509560	Anaerotignum faecicola	SC1-HHS-HEALTHY-CONTROL-HEALTH	Host_Health_State_SD_Method	context_dictionary	false
GCA_057038925.1	SAMN50509559	Bacteroides uniformis	SC1-HHS-HEALTHY-CONTROL-HEALTH	Host_Health_State_SD	healthy/control	true
GCA_057038925.1	SAMN50509559	Bacteroides uniformis	SC1-HHS-HEALTHY-CONTROL-HEALTH	Host_Health_State_SD_Detail	healthy/control	false
GCA_057038925.1	SAMN50509559	Bacteroides uniformis	SC1-HHS-HEALTHY-CONTROL-HEALTH	Host_Health_State_SD_Method	context_dictionary	false
GCA_057038945.1	SAMN50509558	Faecalibacterium longum	SC1-HHS-HEALTHY-CONTROL-HEALTH	Host_Health_State_SD	healthy/control	true
GCA_057038945.1	SAMN50509558	Faecalibacterium longum	SC1-HHS-HEALTHY-CONTROL-HEALTH	Host_Health_State_SD_Detail	healthy/control	false
GCA_057038945.1	SAMN50509558	Faecalibacterium longum	SC1-HHS-HEALTHY-CONTROL-HEALTH	Host_Health_State_SD_Method	context_dictionary	false
GCA_057038965.1	SAMN50509557	Candidatus Parasutterella gallistercoris	SC1-HHS-HEALTHY-CONTROL-HEALTH	Host_Health_State_SD	healthy/control	true
GCA_057038965.1	SAMN50509557	Candidatus Parasutterella gallistercoris	SC1-HHS-HEALTHY-CONTROL-HEALTH	Host_Health_State_SD_Detail	healthy/control	false
GCA_057038965.1	SAMN50509557	Candidatus Parasutterella gallistercoris	SC1-HHS-HEALTHY-CONTROL-HEALTH	Host_Health_State_SD_Method	context_dictionary	false
GCA_057039045.1	SAMN50509556	Oscillospiraceae bacterium	SC1-HHS-HEALTHY-CONTROL-HEALTH	Host_Health_State_SD	healthy/control	true
GCA_057039045.1	SAMN50509556	Oscillospiraceae bacterium	SC1-HHS-HEALTHY-CONTROL-HEALTH	Host_Health_State_SD_Detail	healthy/control	false
GCA_057039045.1	SAMN50509556	Oscillospiraceae bacterium	SC1-HHS-HEALTHY-CONTROL-HEALTH	Host_Health_State_SD_Method	context_dictionary	false
GCA_057039065.1	SAMN50509555	Phocaeicola dorei	SC1-HHS-HEALTHY-CONTROL-HEALTH	Host_Health_State_SD	healthy/control	true
GCA_057039065.1	SAMN50509555	Phocaeicola dorei	SC1-HHS-HEALTHY-CONTROL-HEALTH	Host_Health_State_SD_Detail	healthy/control	false
GCA_057039065.1	SAMN50509555	Phocaeicola dorei	SC1-HHS-HEALTHY-CONTROL-HEALTH	Host_Health_State_SD_Method	context_dictionary	false
GCA_057039085.1	SAMN50509554	Roseburia intestinalis	SC1-HHS-HEALTHY-CONTROL-HEALTH	Host_Health_State_SD	healthy/control	true
GCA_057039085.1	SAMN50509554	Roseburia intestinalis	SC1-HHS-HEALTHY-CONTROL-HEALTH	Host_Health_State_SD_Detail	healthy/control	false
GCA_057039085.1	SAMN50509554	Roseburia intestinalis	SC1-HHS-HEALTHY-CONTROL-HEALTH	Host_Health_State_SD_Method	context_dictionary	false
GCA_057039125.1	SAMN50509553	Alistipes finegoldii	SC1-HHS-HEALTHY-CONTROL-HEALTH	Host_Health_State_SD	healthy/control	true
GCA_057039125.1	SAMN50509553	Alistipes finegoldii	SC1-HHS-HEALTHY-CONTROL-HEALTH	Host_Health_State_SD_Detail	healthy/control	false
GCA_057039125.1	SAMN50509553	Alistipes finegoldii	SC1-HHS-HEALTHY-CONTROL-HEALTH	Host_Health_State_SD_Method	context_dictionary	false
GCA_057039145.1	SAMN50509552	Acutalibacteraceae bacterium	SC1-HHS-HEALTHY-CONTROL-HEALTH	Host_Health_State_SD	healthy/control	true
GCA_057039145.1	SAMN50509552	Acutalibacteraceae bacterium	SC1-HHS-HEALTHY-CONTROL-HEALTH	Host_Health_State_SD_Detail	healthy/control	false
GCA_057039145.1	SAMN50509552	Acutalibacteraceae bacterium	SC1-HHS-HEALTHY-CONTROL-HEALTH	Host_Health_State_SD_Method	context_dictionary	false
GCA_057039205.1	SAMN50509551	Coprococcus ammoniilyticus	SC1-HHS-HEALTHY-CONTROL-HEALTH	Host_Health_State_SD	healthy/control	true
GCA_057039205.1	SAMN50509551	Coprococcus ammoniilyticus	SC1-HHS-HEALTHY-CONTROL-HEALTH	Host_Health_State_SD_Detail	healthy/control	false
GCA_057039205.1	SAMN50509551	Coprococcus ammoniilyticus	SC1-HHS-HEALTHY-CONTROL-HEALTH	Host_Health_State_SD_Method	context_dictionary	false
GCA_057039245.1	SAMN50509550	Prevotella sp.	SC1-HHS-HEALTHY-CONTROL-HEALTH	Host_Health_State_SD	healthy/control	true
GCA_057039245.1	SAMN50509550	Prevotella sp.	SC1-HHS-HEALTHY-CONTROL-HEALTH	Host_Health_State_SD_Detail	healthy/control	false
GCA_057039245.1	SAMN50509550	Prevotella sp.	SC1-HHS-HEALTHY-CONTROL-HEALTH	Host_Health_State_SD_Method	context_dictionary	false
GCA_057039265.1	SAMN50509549	Candidatus Limisoma sp.	SC1-HHS-HEALTHY-CONTROL-HEALTH	Host_Health_State_SD	healthy/control	true
GCA_057039265.1	SAMN50509549	Candidatus Limisoma sp.	SC1-HHS-HEALTHY-CONTROL-HEALTH	Host_Health_State_SD_Detail	healthy/control	false
GCA_057039265.1	SAMN50509549	Candidatus Limisoma sp.	SC1-HHS-HEALTHY-CONTROL-HEALTH	Host_Health_State_SD_Method	context_dictionary	false
GCA_057039285.1	SAMN50509548	Acutalibacteraceae bacterium	SC1-HHS-HEALTHY-CONTROL-HEALTH	Host_Health_State_SD	healthy/control	true
GCA_057039285.1	SAMN50509548	Acutalibacteraceae bacterium	SC1-HHS-HEALTHY-CONTROL-HEALTH	Host_Health_State_SD_Detail	healthy/control	false
GCA_057039285.1	SAMN50509548	Acutalibacteraceae bacterium	SC1-HHS-HEALTHY-CONTROL-HEALTH	Host_Health_State_SD_Method	context_dictionary	false
GCA_057039345.1	SAMN50509546	Candidatus Cryptobacteroides sp.	SC1-HHS-HEALTHY-CONTROL-HEALTH	Host_Health_State_SD	healthy/control	true
GCA_057039345.1	SAMN50509546	Candidatus Cryptobacteroides sp.	SC1-HHS-HEALTHY-CONTROL-HEALTH	Host_Health_State_SD_Detail	healthy/control	false
GCA_057039345.1	SAMN50509546	Candidatus Cryptobacteroides sp.	SC1-HHS-HEALTHY-CONTROL-HEALTH	Host_Health_State_SD_Method	context_dictionary	false
GCA_057039365.1	SAMN50509547	Anaerovibrio sp.	SC1-HHS-HEALTHY-CONTROL-HEALTH	Host_Health_State_SD	healthy/control	true
GCA_057039365.1	SAMN50509547	Anaerovibrio sp.	SC1-HHS-HEALTHY-CONTROL-HEALTH	Host_Health_State_SD_Detail	healthy/control	false
GCA_057039365.1	SAMN50509547	Anaerovibrio sp.	SC1-HHS-HEALTHY-CONTROL-HEALTH	Host_Health_State_SD_Method	context_dictionary	false
GCA_057039405.1	SAMN50509545	Prevotella sp.	SC1-HHS-HEALTHY-CONTROL-HEALTH	Host_Health_State_SD	healthy/control	true
GCA_057039405.1	SAMN50509545	Prevotella sp.	SC1-HHS-HEALTHY-CONTROL-HEALTH	Host_Health_State_SD_Detail	healthy/control	false
GCA_057039405.1	SAMN50509545	Prevotella sp.	SC1-HHS-HEALTHY-CONTROL-HEALTH	Host_Health_State_SD_Method	context_dictionary	false
GCA_057039425.1	SAMN50509543	Desulfovibrio sp.	SC1-HHS-HEALTHY-CONTROL-HEALTH	Host_Health_State_SD	healthy/control	true
GCA_057039425.1	SAMN50509543	Desulfovibrio sp.	SC1-HHS-HEALTHY-CONTROL-HEALTH	Host_Health_State_SD_Detail	healthy/control	false
GCA_057039425.1	SAMN50509543	Desulfovibrio sp.	SC1-HHS-HEALTHY-CONTROL-HEALTH	Host_Health_State_SD_Method	context_dictionary	false
GCA_057039445.1	SAMN50509544	Victivallis sp.	SC1-HHS-HEALTHY-CONTROL-HEALTH	Host_Health_State_SD	healthy/control	true
GCA_057039445.1	SAMN50509544	Victivallis sp.	SC1-HHS-HEALTHY-CONTROL-HEALTH	Host_Health_State_SD_Detail	healthy/control	false
GCA_057039445.1	SAMN50509544	Victivallis sp.	SC1-HHS-HEALTHY-CONTROL-HEALTH	Host_Health_State_SD_Method	context_dictionary	false
GCA_057039525.1	SAMN50509541	Candidatus Apopatocola sp.	SC1-HHS-HEALTHY-CONTROL-HEALTH	Host_Health_State_SD	healthy/control	true
GCA_057039525.1	SAMN50509541	Candidatus Apopatocola sp.	SC1-HHS-HEALTHY-CONTROL-HEALTH	Host_Health_State_SD_Detail	healthy/control	false
GCA_057039525.1	SAMN50509541	Candidatus Apopatocola sp.	SC1-HHS-HEALTHY-CONTROL-HEALTH	Host_Health_State_SD_Method	context_dictionary	false
GCA_057039545.1	SAMN50509542	Victivallales bacterium	SC1-HHS-HEALTHY-CONTROL-HEALTH	Host_Health_State_SD	healthy/control	true
GCA_057039545.1	SAMN50509542	Victivallales bacterium	SC1-HHS-HEALTHY-CONTROL-HEALTH	Host_Health_State_SD_Detail	healthy/control	false
GCA_057039545.1	SAMN50509542	Victivallales bacterium	SC1-HHS-HEALTHY-CONTROL-HEALTH	Host_Health_State_SD_Method	context_dictionary	false
GCA_057039565.1	SAMN50509540	Dorea longicatena	SC1-HHS-HEALTHY-CONTROL-HEALTH	Host_Health_State_SD	healthy/control	true
GCA_057039565.1	SAMN50509540	Dorea longicatena	SC1-HHS-HEALTHY-CONTROL-HEALTH	Host_Health_State_SD_Detail	healthy/control	false
GCA_057039565.1	SAMN50509540	Dorea longicatena	SC1-HHS-HEALTHY-CONTROL-HEALTH	Host_Health_State_SD_Method	context_dictionary	false
GCA_057039575.1	SAMN50509539	Christensenellaceae bacterium	SC1-HHS-HEALTHY-CONTROL-HEALTH	Host_Health_State_SD	healthy/control	true
GCA_057039575.1	SAMN50509539	Christensenellaceae bacterium	SC1-HHS-HEALTHY-CONTROL-HEALTH	Host_Health_State_SD_Detail	healthy/control	false
GCA_057039575.1	SAMN50509539	Christensenellaceae bacterium	SC1-HHS-HEALTHY-CONTROL-HEALTH	Host_Health_State_SD_Method	context_dictionary	false
GCA_057039665.1	SAMN50509538	Candidatus Fimimonas sp.	SC1-HHS-HEALTHY-CONTROL-HEALTH	Host_Health_State_SD	healthy/control	true
GCA_057039665.1	SAMN50509538	Candidatus Fimimonas sp.	SC1-HHS-HEALTHY-CONTROL-HEALTH	Host_Health_State_SD_Detail	healthy/control	false
GCA_057039665.1	SAMN50509538	Candidatus Fimimonas sp.	SC1-HHS-HEALTHY-CONTROL-HEALTH	Host_Health_State_SD_Method	context_dictionary	false
GCA_057039685.1	SAMN50509537	Brotocaccenecus cirricatena	SC1-HHS-HEALTHY-CONTROL-HEALTH	Host_Health_State_SD	healthy/control	true
GCA_057039685.1	SAMN50509537	Brotocaccenecus cirricatena	SC1-HHS-HEALTHY-CONTROL-HEALTH	Host_Health_State_SD_Detail	healthy/control	false
GCA_057039685.1	SAMN50509537	Brotocaccenecus cirricatena	SC1-HHS-HEALTHY-CONTROL-HEALTH	Host_Health_State_SD_Method	context_dictionary	false
GCA_057039755.1	SAMN50509535	Acutalibacteraceae bacterium	SC1-HHS-HEALTHY-CONTROL-HEALTH	Host_Health_State_SD	healthy/control	true
GCA_057039755.1	SAMN50509535	Acutalibacteraceae bacterium	SC1-HHS-HEALTHY-CONTROL-HEALTH	Host_Health_State_SD_Detail	healthy/control	false
GCA_057039755.1	SAMN50509535	Acutalibacteraceae bacterium	SC1-HHS-HEALTHY-CONTROL-HEALTH	Host_Health_State_SD_Method	context_dictionary	false
GCA_057039785.1	SAMN50509536	Hominicoprocola sp.	SC1-HHS-HEALTHY-CONTROL-HEALTH	Host_Health_State_SD	healthy/control	true
GCA_057039785.1	SAMN50509536	Hominicoprocola sp.	SC1-HHS-HEALTHY-CONTROL-HEALTH	Host_Health_State_SD_Detail	healthy/control	false
GCA_057039785.1	SAMN50509536	Hominicoprocola sp.	SC1-HHS-HEALTHY-CONTROL-HEALTH	Host_Health_State_SD_Method	context_dictionary	false
GCA_057039805.1	SAMN50509534	[Bacteroides] pectinophilus	SC1-HHS-HEALTHY-CONTROL-HEALTH	Host_Health_State_SD	healthy/control	true
GCA_057039805.1	SAMN50509534	[Bacteroides] pectinophilus	SC1-HHS-HEALTHY-CONTROL-HEALTH	Host_Health_State_SD_Detail	healthy/control	false
GCA_057039805.1	SAMN50509534	[Bacteroides] pectinophilus	SC1-HHS-HEALTHY-CONTROL-HEALTH	Host_Health_State_SD_Method	context_dictionary	false
GCA_057039825.1	SAMN50509533	Dialister sp.	SC1-HHS-HEALTHY-CONTROL-HEALTH	Host_Health_State_SD	healthy/control	true
GCA_057039825.1	SAMN50509533	Dialister sp.	SC1-HHS-HEALTHY-CONTROL-HEALTH	Host_Health_State_SD_Detail	healthy/control	false
GCA_057039825.1	SAMN50509533	Dialister sp.	SC1-HHS-HEALTHY-CONTROL-HEALTH	Host_Health_State_SD_Method	context_dictionary	false
GCA_057039865.1	SAMN50509532	Eubacteriales bacterium	SC1-HHS-HEALTHY-CONTROL-HEALTH	Host_Health_State_SD	healthy/control	true
GCA_057039865.1	SAMN50509532	Eubacteriales bacterium	SC1-HHS-HEALTHY-CONTROL-HEALTH	Host_Health_State_SD_Detail	healthy/control	false
GCA_057039865.1	SAMN50509532	Eubacteriales bacterium	SC1-HHS-HEALTHY-CONTROL-HEALTH	Host_Health_State_SD_Method	context_dictionary	false
GCA_057039885.1	SAMN50509531	Prevotella sp.	SC1-HHS-HEALTHY-CONTROL-HEALTH	Host_Health_State_SD	healthy/control	true
GCA_057039885.1	SAMN50509531	Prevotella sp.	SC1-HHS-HEALTHY-CONTROL-HEALTH	Host_Health_State_SD_Detail	healthy/control	false
GCA_057039885.1	SAMN50509531	Prevotella sp.	SC1-HHS-HEALTHY-CONTROL-HEALTH	Host_Health_State_SD_Method	context_dictionary	false
GCA_057039945.1	SAMN50509530	Prevotella sp.	SC1-HHS-HEALTHY-CONTROL-HEALTH	Host_Health_State_SD	healthy/control	true
GCA_057039945.1	SAMN50509530	Prevotella sp.	SC1-HHS-HEALTHY-CONTROL-HEALTH	Host_Health_State_SD_Detail	healthy/control	false
GCA_057039945.1	SAMN50509530	Prevotella sp.	SC1-HHS-HEALTHY-CONTROL-HEALTH	Host_Health_State_SD_Method	context_dictionary	false
GCA_057039965.1	SAMN50509529	Christensenellaceae bacterium	SC1-HHS-HEALTHY-CONTROL-HEALTH	Host_Health_State_SD	healthy/control	true
GCA_057039965.1	SAMN50509529	Christensenellaceae bacterium	SC1-HHS-HEALTHY-CONTROL-HEALTH	Host_Health_State_SD_Detail	healthy/control	false
GCA_057039965.1	SAMN50509529	Christensenellaceae bacterium	SC1-HHS-HEALTHY-CONTROL-HEALTH	Host_Health_State_SD_Method	context_dictionary	false
GCA_057040005.1	SAMN50509528	Phascolarctobacterium succinatutens	SC1-HHS-HEALTHY-CONTROL-HEALTH	Host_Health_State_SD	healthy/control	true
GCA_057040005.1	SAMN50509528	Phascolarctobacterium succinatutens	SC1-HHS-HEALTHY-CONTROL-HEALTH	Host_Health_State_SD_Detail	healthy/control	false
GCA_057040005.1	SAMN50509528	Phascolarctobacterium succinatutens	SC1-HHS-HEALTHY-CONTROL-HEALTH	Host_Health_State_SD_Method	context_dictionary	false
GCA_057040025.1	SAMN50509527	Candidatus Cryptobacteroides sp.	SC1-HHS-HEALTHY-CONTROL-HEALTH	Host_Health_State_SD	healthy/control	true
GCA_057040025.1	SAMN50509527	Candidatus Cryptobacteroides sp.	SC1-HHS-HEALTHY-CONTROL-HEALTH	Host_Health_State_SD_Detail	healthy/control	false
GCA_057040025.1	SAMN50509527	Candidatus Cryptobacteroides sp.	SC1-HHS-HEALTHY-CONTROL-HEALTH	Host_Health_State_SD_Method	context_dictionary	false
GCA_057040085.1	SAMN50509525	Candidatus Merdousia sp.	SC1-HHS-HEALTHY-CONTROL-HEALTH	Host_Health_State_SD	healthy/control	true
GCA_057040085.1	SAMN50509525	Candidatus Merdousia sp.	SC1-HHS-HEALTHY-CONTROL-HEALTH	Host_Health_State_SD_Detail	healthy/control	false
GCA_057040085.1	SAMN50509525	Candidatus Merdousia sp.	SC1-HHS-HEALTHY-CONTROL-HEALTH	Host_Health_State_SD_Method	context_dictionary	false
GCA_057040105.1	SAMN50509524	Vescimonas sp.	SC1-HHS-HEALTHY-CONTROL-HEALTH	Host_Health_State_SD	healthy/control	true
GCA_057040105.1	SAMN50509524	Vescimonas sp.	SC1-HHS-HEALTHY-CONTROL-HEALTH	Host_Health_State_SD_Detail	healthy/control	false
GCA_057040105.1	SAMN50509524	Vescimonas sp.	SC1-HHS-HEALTHY-CONTROL-HEALTH	Host_Health_State_SD_Method	context_dictionary	false
GCA_057040125.1	SAMN50509526	Suilimivivens aceti	SC1-HHS-HEALTHY-CONTROL-HEALTH	Host_Health_State_SD	healthy/control	true
GCA_057040125.1	SAMN50509526	Suilimivivens aceti	SC1-HHS-HEALTHY-CONTROL-HEALTH	Host_Health_State_SD_Detail	healthy/control	false
GCA_057040125.1	SAMN50509526	Suilimivivens aceti	SC1-HHS-HEALTHY-CONTROL-HEALTH	Host_Health_State_SD_Method	context_dictionary	false
GCA_057040205.1	SAMN50509523	Candidatus Cryptobacteroides sp.	SC1-HHS-HEALTHY-CONTROL-HEALTH	Host_Health_State_SD	healthy/control	true
GCA_057040205.1	SAMN50509523	Candidatus Cryptobacteroides sp.	SC1-HHS-HEALTHY-CONTROL-HEALTH	Host_Health_State_SD_Detail	healthy/control	false
GCA_057040205.1	SAMN50509523	Candidatus Cryptobacteroides sp.	SC1-HHS-HEALTHY-CONTROL-HEALTH	Host_Health_State_SD_Method	context_dictionary	false
GCA_057040225.1	SAMN50509521	Candidatus Physcousia sp.	SC1-HHS-HEALTHY-CONTROL-HEALTH	Host_Health_State_SD	healthy/control	true
GCA_057040225.1	SAMN50509521	Candidatus Physcousia sp.	SC1-HHS-HEALTHY-CONTROL-HEALTH	Host_Health_State_SD_Detail	healthy/control	false
GCA_057040225.1	SAMN50509521	Candidatus Physcousia sp.	SC1-HHS-HEALTHY-CONTROL-HEALTH	Host_Health_State_SD_Method	context_dictionary	false
GCA_057040245.1	SAMN50509522	Prevotella sp.	SC1-HHS-HEALTHY-CONTROL-HEALTH	Host_Health_State_SD	healthy/control	true
GCA_057040245.1	SAMN50509522	Prevotella sp.	SC1-HHS-HEALTHY-CONTROL-HEALTH	Host_Health_State_SD_Detail	healthy/control	false
GCA_057040245.1	SAMN50509522	Prevotella sp.	SC1-HHS-HEALTHY-CONTROL-HEALTH	Host_Health_State_SD_Method	context_dictionary	false
GCA_057040265.1	SAMN50509518	Sodaliphilus sp.	SC1-HHS-HEALTHY-CONTROL-HEALTH	Host_Health_State_SD	healthy/control	true
GCA_057040265.1	SAMN50509518	Sodaliphilus sp.	SC1-HHS-HEALTHY-CONTROL-HEALTH	Host_Health_State_SD_Detail	healthy/control	false
GCA_057040265.1	SAMN50509518	Sodaliphilus sp.	SC1-HHS-HEALTHY-CONTROL-HEALTH	Host_Health_State_SD_Method	context_dictionary	false
GCA_057040345.1	SAMN50509520	Lachnospiraceae bacterium	SC1-HHS-HEALTHY-CONTROL-HEALTH	Host_Health_State_SD	healthy/control	true
GCA_057040345.1	SAMN50509520	Lachnospiraceae bacterium	SC1-HHS-HEALTHY-CONTROL-HEALTH	Host_Health_State_SD_Detail	healthy/control	false
GCA_057040345.1	SAMN50509520	Lachnospiraceae bacterium	SC1-HHS-HEALTHY-CONTROL-HEALTH	Host_Health_State_SD_Method	context_dictionary	false
GCA_057040365.1	SAMN50509519	Alistipes communis	SC1-HHS-HEALTHY-CONTROL-HEALTH	Host_Health_State_SD	healthy/control	true
GCA_057040365.1	SAMN50509519	Alistipes communis	SC1-HHS-HEALTHY-CONTROL-HEALTH	Host_Health_State_SD_Detail	healthy/control	false
GCA_057040365.1	SAMN50509519	Alistipes communis	SC1-HHS-HEALTHY-CONTROL-HEALTH	Host_Health_State_SD_Method	context_dictionary	false
GCA_057040385.1	SAMN50509517	Eubacterium sp.	SC1-HHS-HEALTHY-CONTROL-HEALTH	Host_Health_State_SD	healthy/control	true
GCA_057040385.1	SAMN50509517	Eubacterium sp.	SC1-HHS-HEALTHY-CONTROL-HEALTH	Host_Health_State_SD_Detail	healthy/control	false
GCA_057040385.1	SAMN50509517	Eubacterium sp.	SC1-HHS-HEALTHY-CONTROL-HEALTH	Host_Health_State_SD_Method	context_dictionary	false
GCA_057040465.1	SAMN50509516	Prevotella sp.	SC1-HHS-HEALTHY-CONTROL-HEALTH	Host_Health_State_SD	healthy/control	true
GCA_057040465.1	SAMN50509516	Prevotella sp.	SC1-HHS-HEALTHY-CONTROL-HEALTH	Host_Health_State_SD_Detail	healthy/control	false
GCA_057040465.1	SAMN50509516	Prevotella sp.	SC1-HHS-HEALTHY-CONTROL-HEALTH	Host_Health_State_SD_Method	context_dictionary	false
GCA_057040485.1	SAMN50509515	Christensenellales bacterium	SC1-HHS-HEALTHY-CONTROL-HEALTH	Host_Health_State_SD	healthy/control	true
GCA_057040485.1	SAMN50509515	Christensenellales bacterium	SC1-HHS-HEALTHY-CONTROL-HEALTH	Host_Health_State_SD_Detail	healthy/control	false
GCA_057040485.1	SAMN50509515	Christensenellales bacterium	SC1-HHS-HEALTHY-CONTROL-HEALTH	Host_Health_State_SD_Method	context_dictionary	false
GCA_057040505.1	SAMN50509514	Eubacteriales bacterium	SC1-HHS-HEALTHY-CONTROL-HEALTH	Host_Health_State_SD	healthy/control	true
GCA_057040505.1	SAMN50509514	Eubacteriales bacterium	SC1-HHS-HEALTHY-CONTROL-HEALTH	Host_Health_State_SD_Detail	healthy/control	false
GCA_057040505.1	SAMN50509514	Eubacteriales bacterium	SC1-HHS-HEALTHY-CONTROL-HEALTH	Host_Health_State_SD_Method	context_dictionary	false
GCA_057040525.1	SAMN50509513	Parabacteroides sp.	SC1-HHS-HEALTHY-CONTROL-HEALTH	Host_Health_State_SD	healthy/control	true
GCA_057040525.1	SAMN50509513	Parabacteroides sp.	SC1-HHS-HEALTHY-CONTROL-HEALTH	Host_Health_State_SD_Detail	healthy/control	false
GCA_057040525.1	SAMN50509513	Parabacteroides sp.	SC1-HHS-HEALTHY-CONTROL-HEALTH	Host_Health_State_SD_Method	context_dictionary	false
GCA_057040545.1	SAMN50509512	Candidatus Neoclostridium sp.	SC1-HHS-HEALTHY-CONTROL-HEALTH	Host_Health_State_SD	healthy/control	true
GCA_057040545.1	SAMN50509512	Candidatus Neoclostridium sp.	SC1-HHS-HEALTHY-CONTROL-HEALTH	Host_Health_State_SD_Detail	healthy/control	false
GCA_057040545.1	SAMN50509512	Candidatus Neoclostridium sp.	SC1-HHS-HEALTHY-CONTROL-HEALTH	Host_Health_State_SD_Method	context_dictionary	false
GCA_057040625.1	SAMN50509511	Oscillospiraceae bacterium	SC1-HHS-HEALTHY-CONTROL-HEALTH	Host_Health_State_SD	healthy/control	true
GCA_057040625.1	SAMN50509511	Oscillospiraceae bacterium	SC1-HHS-HEALTHY-CONTROL-HEALTH	Host_Health_State_SD_Detail	healthy/control	false
GCA_057040625.1	SAMN50509511	Oscillospiraceae bacterium	SC1-HHS-HEALTHY-CONTROL-HEALTH	Host_Health_State_SD_Method	context_dictionary	false
GCA_057040645.1	SAMN50509510	Christensenellaceae bacterium	SC1-HHS-HEALTHY-CONTROL-HEALTH	Host_Health_State_SD	healthy/control	true
GCA_057040645.1	SAMN50509510	Christensenellaceae bacterium	SC1-HHS-HEALTHY-CONTROL-HEALTH	Host_Health_State_SD_Detail	healthy/control	false
GCA_057040645.1	SAMN50509510	Christensenellaceae bacterium	SC1-HHS-HEALTHY-CONTROL-HEALTH	Host_Health_State_SD_Method	context_dictionary	false
GCA_057040685.1	SAMN50509509	Prevotella sp.	SC1-HHS-HEALTHY-CONTROL-HEALTH	Host_Health_State_SD	healthy/control	true
GCA_057040685.1	SAMN50509509	Prevotella sp.	SC1-HHS-HEALTHY-CONTROL-HEALTH	Host_Health_State_SD_Detail	healthy/control	false
GCA_057040685.1	SAMN50509509	Prevotella sp.	SC1-HHS-HEALTHY-CONTROL-HEALTH	Host_Health_State_SD_Method	context_dictionary	false
GCA_057040725.1	SAMN50509508	Clostridia bacterium	SC1-HHS-HEALTHY-CONTROL-HEALTH	Host_Health_State_SD	healthy/control	true
GCA_057040725.1	SAMN50509508	Clostridia bacterium	SC1-HHS-HEALTHY-CONTROL-HEALTH	Host_Health_State_SD_Detail	healthy/control	false
GCA_057040725.1	SAMN50509508	Clostridia bacterium	SC1-HHS-HEALTHY-CONTROL-HEALTH	Host_Health_State_SD_Method	context_dictionary	false
GCA_057040745.1	SAMN50509507	Eubacteriales bacterium	SC1-HHS-HEALTHY-CONTROL-HEALTH	Host_Health_State_SD	healthy/control	true
GCA_057040745.1	SAMN50509507	Eubacteriales bacterium	SC1-HHS-HEALTHY-CONTROL-HEALTH	Host_Health_State_SD_Detail	healthy/control	false
GCA_057040745.1	SAMN50509507	Eubacteriales bacterium	SC1-HHS-HEALTHY-CONTROL-HEALTH	Host_Health_State_SD_Method	context_dictionary	false
GCA_057040805.1	SAMN50509506	Prevotella sp.	SC1-HHS-HEALTHY-CONTROL-HEALTH	Host_Health_State_SD	healthy/control	true
GCA_057040805.1	SAMN50509506	Prevotella sp.	SC1-HHS-HEALTHY-CONTROL-HEALTH	Host_Health_State_SD_Detail	healthy/control	false
GCA_057040805.1	SAMN50509506	Prevotella sp.	SC1-HHS-HEALTHY-CONTROL-HEALTH	Host_Health_State_SD_Method	context_dictionary	false
GCA_057040845.1	SAMN50509505	Prevotella merdae	SC1-HHS-HEALTHY-CONTROL-HEALTH	Host_Health_State_SD	healthy/control	true
GCA_057040845.1	SAMN50509505	Prevotella merdae	SC1-HHS-HEALTHY-CONTROL-HEALTH	Host_Health_State_SD_Detail	healthy/control	false
GCA_057040845.1	SAMN50509505	Prevotella merdae	SC1-HHS-HEALTHY-CONTROL-HEALTH	Host_Health_State_SD_Method	context_dictionary	false
GCA_057040925.1	SAMN50509503	Candidatus Fimimonas sp.	SC1-HHS-HEALTHY-CONTROL-HEALTH	Host_Health_State_SD	healthy/control	true
GCA_057040925.1	SAMN50509503	Candidatus Fimimonas sp.	SC1-HHS-HEALTHY-CONTROL-HEALTH	Host_Health_State_SD_Detail	healthy/control	false
GCA_057040925.1	SAMN50509503	Candidatus Fimimonas sp.	SC1-HHS-HEALTHY-CONTROL-HEALTH	Host_Health_State_SD_Method	context_dictionary	false
GCA_057040965.1	SAMN50509504	Prevotella sp.	SC1-HHS-HEALTHY-CONTROL-HEALTH	Host_Health_State_SD	healthy/control	true
GCA_057040965.1	SAMN50509504	Prevotella sp.	SC1-HHS-HEALTHY-CONTROL-HEALTH	Host_Health_State_SD_Detail	healthy/control	false
GCA_057040965.1	SAMN50509504	Prevotella sp.	SC1-HHS-HEALTHY-CONTROL-HEALTH	Host_Health_State_SD_Method	context_dictionary	false
GCA_057041005.1	SAMN50509502	Duodenibacillus sp.	SC1-HHS-HEALTHY-CONTROL-HEALTH	Host_Health_State_SD	healthy/control	true
GCA_057041005.1	SAMN50509502	Duodenibacillus sp.	SC1-HHS-HEALTHY-CONTROL-HEALTH	Host_Health_State_SD_Detail	healthy/control	false
GCA_057041005.1	SAMN50509502	Duodenibacillus sp.	SC1-HHS-HEALTHY-CONTROL-HEALTH	Host_Health_State_SD_Method	context_dictionary	false
GCA_057041045.1	SAMN50509501	Alloprevotella sp.	SC1-HHS-HEALTHY-CONTROL-HEALTH	Host_Health_State_SD	healthy/control	true
GCA_057041045.1	SAMN50509501	Alloprevotella sp.	SC1-HHS-HEALTHY-CONTROL-HEALTH	Host_Health_State_SD_Detail	healthy/control	false
GCA_057041045.1	SAMN50509501	Alloprevotella sp.	SC1-HHS-HEALTHY-CONTROL-HEALTH	Host_Health_State_SD_Method	context_dictionary	false
GCA_057041085.1	SAMN50509500	Hominicoprocola fusiformis	SC1-HHS-HEALTHY-CONTROL-HEALTH	Host_Health_State_SD	healthy/control	true
GCA_057041085.1	SAMN50509500	Hominicoprocola fusiformis	SC1-HHS-HEALTHY-CONTROL-HEALTH	Host_Health_State_SD_Detail	healthy/control	false
GCA_057041085.1	SAMN50509500	Hominicoprocola fusiformis	SC1-HHS-HEALTHY-CONTROL-HEALTH	Host_Health_State_SD_Method	context_dictionary	false
GCA_057041125.1	SAMN50509499	Prevotella sp.	SC1-HHS-HEALTHY-CONTROL-HEALTH	Host_Health_State_SD	healthy/control	true
GCA_057041125.1	SAMN50509499	Prevotella sp.	SC1-HHS-HEALTHY-CONTROL-HEALTH	Host_Health_State_SD_Detail	healthy/control	false
GCA_057041125.1	SAMN50509499	Prevotella sp.	SC1-HHS-HEALTHY-CONTROL-HEALTH	Host_Health_State_SD_Method	context_dictionary	false
GCA_057041145.1	SAMN50509498	Alistipes sp.	SC1-HHS-HEALTHY-CONTROL-HEALTH	Host_Health_State_SD	healthy/control	true
GCA_057041145.1	SAMN50509498	Alistipes sp.	SC1-HHS-HEALTHY-CONTROL-HEALTH	Host_Health_State_SD_Detail	healthy/control	false
GCA_057041145.1	SAMN50509498	Alistipes sp.	SC1-HHS-HEALTHY-CONTROL-HEALTH	Host_Health_State_SD_Method	context_dictionary	false
GCA_057041205.1	SAMN50509497	Mitsuokella jalaludinii	SC1-HHS-HEALTHY-CONTROL-HEALTH	Host_Health_State_SD	healthy/control	true
GCA_057041205.1	SAMN50509497	Mitsuokella jalaludinii	SC1-HHS-HEALTHY-CONTROL-HEALTH	Host_Health_State_SD_Detail	healthy/control	false
GCA_057041205.1	SAMN50509497	Mitsuokella jalaludinii	SC1-HHS-HEALTHY-CONTROL-HEALTH	Host_Health_State_SD_Method	context_dictionary	false
GCA_057041225.1	SAMN50509496	Vescimonas sp.	SC1-HHS-HEALTHY-CONTROL-HEALTH	Host_Health_State_SD	healthy/control	true
GCA_057041225.1	SAMN50509496	Vescimonas sp.	SC1-HHS-HEALTHY-CONTROL-HEALTH	Host_Health_State_SD_Detail	healthy/control	false
GCA_057041225.1	SAMN50509496	Vescimonas sp.	SC1-HHS-HEALTHY-CONTROL-HEALTH	Host_Health_State_SD_Method	context_dictionary	false
GCA_057041265.1	SAMN50509495	Agathobacter rectalis	SC1-HHS-HEALTHY-CONTROL-HEALTH	Host_Health_State_SD	healthy/control	true
GCA_057041265.1	SAMN50509495	Agathobacter rectalis	SC1-HHS-HEALTHY-CONTROL-HEALTH	Host_Health_State_SD_Detail	healthy/control	false
GCA_057041265.1	SAMN50509495	Agathobacter rectalis	SC1-HHS-HEALTHY-CONTROL-HEALTH	Host_Health_State_SD_Method	context_dictionary	false
GCA_057041325.1	SAMN50509494	Catenibacterium mitsuokai	SC1-HHS-HEALTHY-CONTROL-HEALTH	Host_Health_State_SD	healthy/control	true
GCA_057041325.1	SAMN50509494	Catenibacterium mitsuokai	SC1-HHS-HEALTHY-CONTROL-HEALTH	Host_Health_State_SD_Detail	healthy/control	false
GCA_057041325.1	SAMN50509494	Catenibacterium mitsuokai	SC1-HHS-HEALTHY-CONTROL-HEALTH	Host_Health_State_SD_Method	context_dictionary	false
GCA_057041345.1	SAMN50509493	Alistipes shahii	SC1-HHS-HEALTHY-CONTROL-HEALTH	Host_Health_State_SD	healthy/control	true
GCA_057041345.1	SAMN50509493	Alistipes shahii	SC1-HHS-HEALTHY-CONTROL-HEALTH	Host_Health_State_SD_Detail	healthy/control	false
GCA_057041345.1	SAMN50509493	Alistipes shahii	SC1-HHS-HEALTHY-CONTROL-HEALTH	Host_Health_State_SD_Method	context_dictionary	false
GCA_057041365.1	SAMN50509492	Anaerotignum faecicola	SC1-HHS-HEALTHY-CONTROL-HEALTH	Host_Health_State_SD	healthy/control	true
GCA_057041365.1	SAMN50509492	Anaerotignum faecicola	SC1-HHS-HEALTHY-CONTROL-HEALTH	Host_Health_State_SD_Detail	healthy/control	false
GCA_057041365.1	SAMN50509492	Anaerotignum faecicola	SC1-HHS-HEALTHY-CONTROL-HEALTH	Host_Health_State_SD_Method	context_dictionary	false
GCA_057041445.1	SAMN50509491	Eubacterium sp.	SC1-HHS-HEALTHY-CONTROL-HEALTH	Host_Health_State_SD	healthy/control	true
GCA_057041445.1	SAMN50509491	Eubacterium sp.	SC1-HHS-HEALTHY-CONTROL-HEALTH	Host_Health_State_SD_Detail	healthy/control	false
GCA_057041445.1	SAMN50509491	Eubacterium sp.	SC1-HHS-HEALTHY-CONTROL-HEALTH	Host_Health_State_SD_Method	context_dictionary	false
GCA_057041465.1	SAMN50509489	Negativibacillus sp.	SC1-HHS-HEALTHY-CONTROL-HEALTH	Host_Health_State_SD	healthy/control	true
GCA_057041465.1	SAMN50509489	Negativibacillus sp.	SC1-HHS-HEALTHY-CONTROL-HEALTH	Host_Health_State_SD_Detail	healthy/control	false
GCA_057041465.1	SAMN50509489	Negativibacillus sp.	SC1-HHS-HEALTHY-CONTROL-HEALTH	Host_Health_State_SD_Method	context_dictionary	false
GCA_057041485.1	SAMN50509490	Barnesiella intestinihominis	SC1-HHS-HEALTHY-CONTROL-HEALTH	Host_Health_State_SD	healthy/control	true
GCA_057041485.1	SAMN50509490	Barnesiella intestinihominis	SC1-HHS-HEALTHY-CONTROL-HEALTH	Host_Health_State_SD_Detail	healthy/control	false
GCA_057041485.1	SAMN50509490	Barnesiella intestinihominis	SC1-HHS-HEALTHY-CONTROL-HEALTH	Host_Health_State_SD_Method	context_dictionary	false
GCA_057041565.1	SAMN50509488	Phocaeicola vulgatus	SC1-HHS-HEALTHY-CONTROL-HEALTH	Host_Health_State_SD	healthy/control	true
GCA_057041565.1	SAMN50509488	Phocaeicola vulgatus	SC1-HHS-HEALTHY-CONTROL-HEALTH	Host_Health_State_SD_Detail	healthy/control	false
GCA_057041565.1	SAMN50509488	Phocaeicola vulgatus	SC1-HHS-HEALTHY-CONTROL-HEALTH	Host_Health_State_SD_Method	context_dictionary	false
GCA_057041585.1	SAMN50509487	Sodaliphilus pleomorphus	SC1-HHS-HEALTHY-CONTROL-HEALTH	Host_Health_State_SD	healthy/control	true
GCA_057041585.1	SAMN50509487	Sodaliphilus pleomorphus	SC1-HHS-HEALTHY-CONTROL-HEALTH	Host_Health_State_SD_Detail	healthy/control	false
GCA_057041585.1	SAMN50509487	Sodaliphilus pleomorphus	SC1-HHS-HEALTHY-CONTROL-HEALTH	Host_Health_State_SD_Method	context_dictionary	false
GCA_057041605.1	SAMN50509486	Clostridium fessum	SC1-HHS-HEALTHY-CONTROL-HEALTH	Host_Health_State_SD	healthy/control	true
GCA_057041605.1	SAMN50509486	Clostridium fessum	SC1-HHS-HEALTHY-CONTROL-HEALTH	Host_Health_State_SD_Detail	healthy/control	false
GCA_057041605.1	SAMN50509486	Clostridium fessum	SC1-HHS-HEALTHY-CONTROL-HEALTH	Host_Health_State_SD_Method	context_dictionary	false
GCA_057041645.1	SAMN50509485	Roseburia faecis	SC1-HHS-HEALTHY-CONTROL-HEALTH	Host_Health_State_SD	healthy/control	true
GCA_057041645.1	SAMN50509485	Roseburia faecis	SC1-HHS-HEALTHY-CONTROL-HEALTH	Host_Health_State_SD_Detail	healthy/control	false
GCA_057041645.1	SAMN50509485	Roseburia faecis	SC1-HHS-HEALTHY-CONTROL-HEALTH	Host_Health_State_SD_Method	context_dictionary	false
GCA_057041705.1	SAMN50509484	Oscillospiraceae bacterium	SC1-HHS-HEALTHY-CONTROL-HEALTH	Host_Health_State_SD	healthy/control	true
GCA_057041705.1	SAMN50509484	Oscillospiraceae bacterium	SC1-HHS-HEALTHY-CONTROL-HEALTH	Host_Health_State_SD_Detail	healthy/control	false
GCA_057041705.1	SAMN50509484	Oscillospiraceae bacterium	SC1-HHS-HEALTHY-CONTROL-HEALTH	Host_Health_State_SD_Method	context_dictionary	false
GCA_057041725.1	SAMN50509483	Parabacteroides distasonis	SC1-HHS-HEALTHY-CONTROL-HEALTH	Host_Health_State_SD	healthy/control	true
GCA_057041725.1	SAMN50509483	Parabacteroides distasonis	SC1-HHS-HEALTHY-CONTROL-HEALTH	Host_Health_State_SD_Detail	healthy/control	false
GCA_057041725.1	SAMN50509483	Parabacteroides distasonis	SC1-HHS-HEALTHY-CONTROL-HEALTH	Host_Health_State_SD_Method	context_dictionary	false
GCA_057041765.1	SAMN50509482	Hominenteromicrobium mulieris	SC1-HHS-HEALTHY-CONTROL-HEALTH	Host_Health_State_SD	healthy/control	true
GCA_057041765.1	SAMN50509482	Hominenteromicrobium mulieris	SC1-HHS-HEALTHY-CONTROL-HEALTH	Host_Health_State_SD_Detail	healthy/control	false
GCA_057041765.1	SAMN50509482	Hominenteromicrobium mulieris	SC1-HHS-HEALTHY-CONTROL-HEALTH	Host_Health_State_SD_Method	context_dictionary	false
GCA_057041785.1	SAMN50509480	Acutalibacteraceae bacterium	SC1-HHS-HEALTHY-CONTROL-HEALTH	Host_Health_State_SD	healthy/control	true
GCA_057041785.1	SAMN50509480	Acutalibacteraceae bacterium	SC1-HHS-HEALTHY-CONTROL-HEALTH	Host_Health_State_SD_Detail	healthy/control	false
GCA_057041785.1	SAMN50509480	Acutalibacteraceae bacterium	SC1-HHS-HEALTHY-CONTROL-HEALTH	Host_Health_State_SD_Method	context_dictionary	false
GCA_057041795.1	SAMN50509481	Coprococcus aceti	SC1-HHS-HEALTHY-CONTROL-HEALTH	Host_Health_State_SD	healthy/control	true
GCA_057041795.1	SAMN50509481	Coprococcus aceti	SC1-HHS-HEALTHY-CONTROL-HEALTH	Host_Health_State_SD_Detail	healthy/control	false
GCA_057041795.1	SAMN50509481	Coprococcus aceti	SC1-HHS-HEALTHY-CONTROL-HEALTH	Host_Health_State_SD_Method	context_dictionary	false
GCA_057041865.1	SAMN50509479	Bacteroides uniformis	SC1-HHS-HEALTHY-CONTROL-HEALTH	Host_Health_State_SD	healthy/control	true
GCA_057041865.1	SAMN50509479	Bacteroides uniformis	SC1-HHS-HEALTHY-CONTROL-HEALTH	Host_Health_State_SD_Detail	healthy/control	false
GCA_057041865.1	SAMN50509479	Bacteroides uniformis	SC1-HHS-HEALTHY-CONTROL-HEALTH	Host_Health_State_SD_Method	context_dictionary	false
GCA_057041925.1	SAMN50509478	Coprococcus sp.	SC1-HHS-HEALTHY-CONTROL-HEALTH	Host_Health_State_SD	healthy/control	true
GCA_057041925.1	SAMN50509478	Coprococcus sp.	SC1-HHS-HEALTHY-CONTROL-HEALTH	Host_Health_State_SD_Detail	healthy/control	false
GCA_057041925.1	SAMN50509478	Coprococcus sp.	SC1-HHS-HEALTHY-CONTROL-HEALTH	Host_Health_State_SD_Method	context_dictionary	false
GCA_057041965.1	SAMN50509476	Acidaminococcus fermentans	SC1-HHS-HEALTHY-CONTROL-HEALTH	Host_Health_State_SD	healthy/control	true
GCA_057041965.1	SAMN50509476	Acidaminococcus fermentans	SC1-HHS-HEALTHY-CONTROL-HEALTH	Host_Health_State_SD_Detail	healthy/control	false
GCA_057041965.1	SAMN50509476	Acidaminococcus fermentans	SC1-HHS-HEALTHY-CONTROL-HEALTH	Host_Health_State_SD_Method	context_dictionary	false
GCA_057041985.1	SAMN50509477	Alloprevotella sp.	SC1-HHS-HEALTHY-CONTROL-HEALTH	Host_Health_State_SD	healthy/control	true
GCA_057041985.1	SAMN50509477	Alloprevotella sp.	SC1-HHS-HEALTHY-CONTROL-HEALTH	Host_Health_State_SD_Detail	healthy/control	false
GCA_057041985.1	SAMN50509477	Alloprevotella sp.	SC1-HHS-HEALTHY-CONTROL-HEALTH	Host_Health_State_SD_Method	context_dictionary	false
GCA_057042025.1	SAMN50509475	Hominicoprocola fusiformis	SC1-HHS-HEALTHY-CONTROL-HEALTH	Host_Health_State_SD	healthy/control	true
GCA_057042025.1	SAMN50509475	Hominicoprocola fusiformis	SC1-HHS-HEALTHY-CONTROL-HEALTH	Host_Health_State_SD_Detail	healthy/control	false
GCA_057042025.1	SAMN50509475	Hominicoprocola fusiformis	SC1-HHS-HEALTHY-CONTROL-HEALTH	Host_Health_State_SD_Method	context_dictionary	false
GCA_057042085.1	SAMN50509474	Angelakisella sp.	SC1-HHS-HEALTHY-CONTROL-HEALTH	Host_Health_State_SD	healthy/control	true
GCA_057042085.1	SAMN50509474	Angelakisella sp.	SC1-HHS-HEALTHY-CONTROL-HEALTH	Host_Health_State_SD_Detail	healthy/control	false
GCA_057042085.1	SAMN50509474	Angelakisella sp.	SC1-HHS-HEALTHY-CONTROL-HEALTH	Host_Health_State_SD_Method	context_dictionary	false
GCA_057042105.1	SAMN50509473	Oscillospiraceae bacterium	SC1-HHS-HEALTHY-CONTROL-HEALTH	Host_Health_State_SD	healthy/control	true
GCA_057042105.1	SAMN50509473	Oscillospiraceae bacterium	SC1-HHS-HEALTHY-CONTROL-HEALTH	Host_Health_State_SD_Detail	healthy/control	false
GCA_057042105.1	SAMN50509473	Oscillospiraceae bacterium	SC1-HHS-HEALTHY-CONTROL-HEALTH	Host_Health_State_SD_Method	context_dictionary	false
GCA_057042145.1	SAMN50509472	Alistipes putredinis	SC1-HHS-HEALTHY-CONTROL-HEALTH	Host_Health_State_SD	healthy/control	true
GCA_057042145.1	SAMN50509472	Alistipes putredinis	SC1-HHS-HEALTHY-CONTROL-HEALTH	Host_Health_State_SD_Detail	healthy/control	false
GCA_057042145.1	SAMN50509472	Alistipes putredinis	SC1-HHS-HEALTHY-CONTROL-HEALTH	Host_Health_State_SD_Method	context_dictionary	false
GCA_057042205.1	SAMN50509470	Oscillospiraceae bacterium	SC1-HHS-HEALTHY-CONTROL-HEALTH	Host_Health_State_SD	healthy/control	true
GCA_057042205.1	SAMN50509470	Oscillospiraceae bacterium	SC1-HHS-HEALTHY-CONTROL-HEALTH	Host_Health_State_SD_Detail	healthy/control	false
GCA_057042205.1	SAMN50509470	Oscillospiraceae bacterium	SC1-HHS-HEALTHY-CONTROL-HEALTH	Host_Health_State_SD_Method	context_dictionary	false
GCA_057042225.1	SAMN50509471	Segatella copri	SC1-HHS-HEALTHY-CONTROL-HEALTH	Host_Health_State_SD	healthy/control	true
GCA_057042225.1	SAMN50509471	Segatella copri	SC1-HHS-HEALTHY-CONTROL-HEALTH	Host_Health_State_SD_Detail	healthy/control	false
GCA_057042225.1	SAMN50509471	Segatella copri	SC1-HHS-HEALTHY-CONTROL-HEALTH	Host_Health_State_SD_Method	context_dictionary	false
GCA_057042245.1	SAMN50509469	Prevotella sp.	SC1-HHS-HEALTHY-CONTROL-HEALTH	Host_Health_State_SD	healthy/control	true
GCA_057042245.1	SAMN50509469	Prevotella sp.	SC1-HHS-HEALTHY-CONTROL-HEALTH	Host_Health_State_SD_Detail	healthy/control	false
GCA_057042245.1	SAMN50509469	Prevotella sp.	SC1-HHS-HEALTHY-CONTROL-HEALTH	Host_Health_State_SD_Method	context_dictionary	false
GCA_057042325.1	SAMN50509468	Segatella copri	SC1-HHS-HEALTHY-CONTROL-HEALTH	Host_Health_State_SD	healthy/control	true
GCA_057042325.1	SAMN50509468	Segatella copri	SC1-HHS-HEALTHY-CONTROL-HEALTH	Host_Health_State_SD_Detail	healthy/control	false
GCA_057042325.1	SAMN50509468	Segatella copri	SC1-HHS-HEALTHY-CONTROL-HEALTH	Host_Health_State_SD_Method	context_dictionary	false
GCA_057042345.1	SAMN50509467	Butyribacter sp.	SC1-HHS-HEALTHY-CONTROL-HEALTH	Host_Health_State_SD	healthy/control	true
GCA_057042345.1	SAMN50509467	Butyribacter sp.	SC1-HHS-HEALTHY-CONTROL-HEALTH	Host_Health_State_SD_Detail	healthy/control	false
GCA_057042345.1	SAMN50509467	Butyribacter sp.	SC1-HHS-HEALTHY-CONTROL-HEALTH	Host_Health_State_SD_Method	context_dictionary	false
GCA_057042365.1	SAMN50509466	Megasphaera stantonii	SC1-HHS-HEALTHY-CONTROL-HEALTH	Host_Health_State_SD	healthy/control	true
GCA_057042365.1	SAMN50509466	Megasphaera stantonii	SC1-HHS-HEALTHY-CONTROL-HEALTH	Host_Health_State_SD_Detail	healthy/control	false
GCA_057042365.1	SAMN50509466	Megasphaera stantonii	SC1-HHS-HEALTHY-CONTROL-HEALTH	Host_Health_State_SD_Method	context_dictionary	false
GCA_057042425.1	SAMN50509464	Megasphaera massiliensis	SC1-HHS-HEALTHY-CONTROL-HEALTH	Host_Health_State_SD	healthy/control	true
GCA_057042425.1	SAMN50509464	Megasphaera massiliensis	SC1-HHS-HEALTHY-CONTROL-HEALTH	Host_Health_State_SD_Detail	healthy/control	false
GCA_057042425.1	SAMN50509464	Megasphaera massiliensis	SC1-HHS-HEALTHY-CONTROL-HEALTH	Host_Health_State_SD_Method	context_dictionary	false
GCA_057042445.1	SAMN50509465	Xylanibacter rarus	SC1-HHS-HEALTHY-CONTROL-HEALTH	Host_Health_State_SD	healthy/control	true
GCA_057042445.1	SAMN50509465	Xylanibacter rarus	SC1-HHS-HEALTHY-CONTROL-HEALTH	Host_Health_State_SD_Detail	healthy/control	false
GCA_057042445.1	SAMN50509465	Xylanibacter rarus	SC1-HHS-HEALTHY-CONTROL-HEALTH	Host_Health_State_SD_Method	context_dictionary	false
GCA_057042465.1	SAMN50509463	Dialister succinatiphilus	SC1-HHS-HEALTHY-CONTROL-HEALTH	Host_Health_State_SD	healthy/control	true
GCA_057042465.1	SAMN50509463	Dialister succinatiphilus	SC1-HHS-HEALTHY-CONTROL-HEALTH	Host_Health_State_SD_Detail	healthy/control	false
GCA_057042465.1	SAMN50509463	Dialister succinatiphilus	SC1-HHS-HEALTHY-CONTROL-HEALTH	Host_Health_State_SD_Method	context_dictionary	false
GCA_057042525.1	SAMN50509462	Bilophila wadsworthia	SC1-HHS-HEALTHY-CONTROL-HEALTH	Host_Health_State_SD	healthy/control	true
GCA_057042525.1	SAMN50509462	Bilophila wadsworthia	SC1-HHS-HEALTHY-CONTROL-HEALTH	Host_Health_State_SD_Detail	healthy/control	false
GCA_057042525.1	SAMN50509462	Bilophila wadsworthia	SC1-HHS-HEALTHY-CONTROL-HEALTH	Host_Health_State_SD_Method	context_dictionary	false
GCA_057042545.1	SAMN50509461	Roseburia hominis	SC1-HHS-HEALTHY-CONTROL-HEALTH	Host_Health_State_SD	healthy/control	true
GCA_057042545.1	SAMN50509461	Roseburia hominis	SC1-HHS-HEALTHY-CONTROL-HEALTH	Host_Health_State_SD_Detail	healthy/control	false
GCA_057042545.1	SAMN50509461	Roseburia hominis	SC1-HHS-HEALTHY-CONTROL-HEALTH	Host_Health_State_SD_Method	context_dictionary	false
GCA_057042555.1	SAMN50509460	Faecalibacterium longum	SC1-HHS-HEALTHY-CONTROL-HEALTH	Host_Health_State_SD	healthy/control	true
GCA_057042555.1	SAMN50509460	Faecalibacterium longum	SC1-HHS-HEALTHY-CONTROL-HEALTH	Host_Health_State_SD_Detail	healthy/control	false
GCA_057042555.1	SAMN50509460	Faecalibacterium longum	SC1-HHS-HEALTHY-CONTROL-HEALTH	Host_Health_State_SD_Method	context_dictionary	false
GCA_057042625.1	SAMN50509459	Waltera sp.	SC1-HHS-HEALTHY-CONTROL-HEALTH	Host_Health_State_SD	healthy/control	true
GCA_057042625.1	SAMN50509459	Waltera sp.	SC1-HHS-HEALTHY-CONTROL-HEALTH	Host_Health_State_SD_Detail	healthy/control	false
GCA_057042625.1	SAMN50509459	Waltera sp.	SC1-HHS-HEALTHY-CONTROL-HEALTH	Host_Health_State_SD_Method	context_dictionary	false
GCA_057042665.1	SAMN50509458	Clostridia bacterium	SC1-HHS-HEALTHY-CONTROL-HEALTH	Host_Health_State_SD	healthy/control	true
GCA_057042665.1	SAMN50509458	Clostridia bacterium	SC1-HHS-HEALTHY-CONTROL-HEALTH	Host_Health_State_SD_Detail	healthy/control	false
GCA_057042665.1	SAMN50509458	Clostridia bacterium	SC1-HHS-HEALTHY-CONTROL-HEALTH	Host_Health_State_SD_Method	context_dictionary	false
GCA_057042725.1	SAMN50509457	Coprobacter fastidiosus	SC1-HHS-HEALTHY-CONTROL-HEALTH	Host_Health_State_SD	healthy/control	true
GCA_057042725.1	SAMN50509457	Coprobacter fastidiosus	SC1-HHS-HEALTHY-CONTROL-HEALTH	Host_Health_State_SD_Detail	healthy/control	false
GCA_057042725.1	SAMN50509457	Coprobacter fastidiosus	SC1-HHS-HEALTHY-CONTROL-HEALTH	Host_Health_State_SD_Method	context_dictionary	false
GCA_057042745.1	SAMN50509456	Candidatus Faeciplasma sp.	SC1-HHS-HEALTHY-CONTROL-HEALTH	Host_Health_State_SD	healthy/control	true
GCA_057042745.1	SAMN50509456	Candidatus Faeciplasma sp.	SC1-HHS-HEALTHY-CONTROL-HEALTH	Host_Health_State_SD_Detail	healthy/control	false
GCA_057042745.1	SAMN50509456	Candidatus Faeciplasma sp.	SC1-HHS-HEALTHY-CONTROL-HEALTH	Host_Health_State_SD_Method	context_dictionary	false
GCA_057042785.1	SAMN50509454	Hominimerdicola sp.	SC1-HHS-HEALTHY-CONTROL-HEALTH	Host_Health_State_SD	healthy/control	true
GCA_057042785.1	SAMN50509454	Hominimerdicola sp.	SC1-HHS-HEALTHY-CONTROL-HEALTH	Host_Health_State_SD_Detail	healthy/control	false
GCA_057042785.1	SAMN50509454	Hominimerdicola sp.	SC1-HHS-HEALTHY-CONTROL-HEALTH	Host_Health_State_SD_Method	context_dictionary	false
GCA_057042825.1	SAMN50509455	Ruminococcus callidus	SC1-HHS-HEALTHY-CONTROL-HEALTH	Host_Health_State_SD	healthy/control	true
GCA_057042825.1	SAMN50509455	Ruminococcus callidus	SC1-HHS-HEALTHY-CONTROL-HEALTH	Host_Health_State_SD_Detail	healthy/control	false
GCA_057042825.1	SAMN50509455	Ruminococcus callidus	SC1-HHS-HEALTHY-CONTROL-HEALTH	Host_Health_State_SD_Method	context_dictionary	false
GCA_057042885.1	SAMN50509453	Phocaeicola sp.	SC1-HHS-HEALTHY-CONTROL-HEALTH	Host_Health_State_SD	healthy/control	true
GCA_057042885.1	SAMN50509453	Phocaeicola sp.	SC1-HHS-HEALTHY-CONTROL-HEALTH	Host_Health_State_SD_Detail	healthy/control	false
GCA_057042885.1	SAMN50509453	Phocaeicola sp.	SC1-HHS-HEALTHY-CONTROL-HEALTH	Host_Health_State_SD_Method	context_dictionary	false
GCA_057042905.1	SAMN50509452	Bacteroides ovatus	SC1-HHS-HEALTHY-CONTROL-HEALTH	Host_Health_State_SD	healthy/control	true
GCA_057042905.1	SAMN50509452	Bacteroides ovatus	SC1-HHS-HEALTHY-CONTROL-HEALTH	Host_Health_State_SD_Detail	healthy/control	false
GCA_057042905.1	SAMN50509452	Bacteroides ovatus	SC1-HHS-HEALTHY-CONTROL-HEALTH	Host_Health_State_SD_Method	context_dictionary	false
GCA_057042965.1	SAMN50509451	Alistipes onderdonkii	SC1-HHS-HEALTHY-CONTROL-HEALTH	Host_Health_State_SD	healthy/control	true
GCA_057042965.1	SAMN50509451	Alistipes onderdonkii	SC1-HHS-HEALTHY-CONTROL-HEALTH	Host_Health_State_SD_Detail	healthy/control	false
GCA_057042965.1	SAMN50509451	Alistipes onderdonkii	SC1-HHS-HEALTHY-CONTROL-HEALTH	Host_Health_State_SD_Method	context_dictionary	false
GCA_057043005.1	SAMN50509450	Aristaeellaceae bacterium	SC1-HHS-HEALTHY-CONTROL-HEALTH	Host_Health_State_SD	healthy/control	true
GCA_057043005.1	SAMN50509450	Aristaeellaceae bacterium	SC1-HHS-HEALTHY-CONTROL-HEALTH	Host_Health_State_SD_Detail	healthy/control	false
GCA_057043005.1	SAMN50509450	Aristaeellaceae bacterium	SC1-HHS-HEALTHY-CONTROL-HEALTH	Host_Health_State_SD_Method	context_dictionary	false
GCA_057043025.1	SAMN50509449	Butyricimonas virosa	SC1-HHS-HEALTHY-CONTROL-HEALTH	Host_Health_State_SD	healthy/control	true
GCA_057043025.1	SAMN50509449	Butyricimonas virosa	SC1-HHS-HEALTHY-CONTROL-HEALTH	Host_Health_State_SD_Detail	healthy/control	false
GCA_057043025.1	SAMN50509449	Butyricimonas virosa	SC1-HHS-HEALTHY-CONTROL-HEALTH	Host_Health_State_SD_Method	context_dictionary	false
GCA_057043045.1	SAMN50509448	Candidatus Fimenecus sp.	SC1-HHS-HEALTHY-CONTROL-HEALTH	Host_Health_State_SD	healthy/control	true
GCA_057043045.1	SAMN50509448	Candidatus Fimenecus sp.	SC1-HHS-HEALTHY-CONTROL-HEALTH	Host_Health_State_SD_Detail	healthy/control	false
GCA_057043045.1	SAMN50509448	Candidatus Fimenecus sp.	SC1-HHS-HEALTHY-CONTROL-HEALTH	Host_Health_State_SD_Method	context_dictionary	false
GCA_057043105.1	SAMN50509447	Lachnospira eligens	SC1-HHS-HEALTHY-CONTROL-HEALTH	Host_Health_State_SD	healthy/control	true
GCA_057043105.1	SAMN50509447	Lachnospira eligens	SC1-HHS-HEALTHY-CONTROL-HEALTH	Host_Health_State_SD_Detail	healthy/control	false
GCA_057043105.1	SAMN50509447	Lachnospira eligens	SC1-HHS-HEALTHY-CONTROL-HEALTH	Host_Health_State_SD_Method	context_dictionary	false
GCA_057043145.1	SAMN50509446	Gemmiger qucibialis	SC1-HHS-HEALTHY-CONTROL-HEALTH	Host_Health_State_SD	healthy/control	true
GCA_057043145.1	SAMN50509446	Gemmiger qucibialis	SC1-HHS-HEALTHY-CONTROL-HEALTH	Host_Health_State_SD_Detail	healthy/control	false
GCA_057043145.1	SAMN50509446	Gemmiger qucibialis	SC1-HHS-HEALTHY-CONTROL-HEALTH	Host_Health_State_SD_Method	context_dictionary	false
GCA_057043185.1	SAMN50509445	Agathobacter rectalis	SC1-HHS-HEALTHY-CONTROL-HEALTH	Host_Health_State_SD	healthy/control	true
GCA_057043185.1	SAMN50509445	Agathobacter rectalis	SC1-HHS-HEALTHY-CONTROL-HEALTH	Host_Health_State_SD_Detail	healthy/control	false
GCA_057043185.1	SAMN50509445	Agathobacter rectalis	SC1-HHS-HEALTHY-CONTROL-HEALTH	Host_Health_State_SD_Method	context_dictionary	false
GCA_057043245.1	SAMN50509444	Parabacteroides distasonis	SC1-HHS-HEALTHY-CONTROL-HEALTH	Host_Health_State_SD	healthy/control	true
GCA_057043245.1	SAMN50509444	Parabacteroides distasonis	SC1-HHS-HEALTHY-CONTROL-HEALTH	Host_Health_State_SD_Detail	healthy/control	false
GCA_057043245.1	SAMN50509444	Parabacteroides distasonis	SC1-HHS-HEALTHY-CONTROL-HEALTH	Host_Health_State_SD_Method	context_dictionary	false
GCA_057043265.1	SAMN50509443	Anaerotignum faecicola	SC1-HHS-HEALTHY-CONTROL-HEALTH	Host_Health_State_SD	healthy/control	true
GCA_057043265.1	SAMN50509443	Anaerotignum faecicola	SC1-HHS-HEALTHY-CONTROL-HEALTH	Host_Health_State_SD_Detail	healthy/control	false
GCA_057043265.1	SAMN50509443	Anaerotignum faecicola	SC1-HHS-HEALTHY-CONTROL-HEALTH	Host_Health_State_SD_Method	context_dictionary	false
GCA_057043305.1	SAMN50509442	Candidatus Scatenecus faecavium	SC1-HHS-HEALTHY-CONTROL-HEALTH	Host_Health_State_SD	healthy/control	true
GCA_057043305.1	SAMN50509442	Candidatus Scatenecus faecavium	SC1-HHS-HEALTHY-CONTROL-HEALTH	Host_Health_State_SD_Detail	healthy/control	false
GCA_057043305.1	SAMN50509442	Candidatus Scatenecus faecavium	SC1-HHS-HEALTHY-CONTROL-HEALTH	Host_Health_State_SD_Method	context_dictionary	false
GCA_057043325.1	SAMN50509441	Lachnospira sp.	SC1-HHS-HEALTHY-CONTROL-HEALTH	Host_Health_State_SD	healthy/control	true
GCA_057043325.1	SAMN50509441	Lachnospira sp.	SC1-HHS-HEALTHY-CONTROL-HEALTH	Host_Health_State_SD_Detail	healthy/control	false
GCA_057043325.1	SAMN50509441	Lachnospira sp.	SC1-HHS-HEALTHY-CONTROL-HEALTH	Host_Health_State_SD_Method	context_dictionary	false
GCA_057043365.1	SAMN50509440	Barnesiella intestinihominis	SC1-HHS-HEALTHY-CONTROL-HEALTH	Host_Health_State_SD	healthy/control	true
GCA_057043365.1	SAMN50509440	Barnesiella intestinihominis	SC1-HHS-HEALTHY-CONTROL-HEALTH	Host_Health_State_SD_Detail	healthy/control	false
GCA_057043365.1	SAMN50509440	Barnesiella intestinihominis	SC1-HHS-HEALTHY-CONTROL-HEALTH	Host_Health_State_SD_Method	context_dictionary	false
GCA_057043405.1	SAMN50509439	Oscillospiraceae bacterium	SC1-HHS-HEALTHY-CONTROL-HEALTH	Host_Health_State_SD	healthy/control	true
GCA_057043405.1	SAMN50509439	Oscillospiraceae bacterium	SC1-HHS-HEALTHY-CONTROL-HEALTH	Host_Health_State_SD_Detail	healthy/control	false
GCA_057043405.1	SAMN50509439	Oscillospiraceae bacterium	SC1-HHS-HEALTHY-CONTROL-HEALTH	Host_Health_State_SD_Method	context_dictionary	false
GCA_057043445.1	SAMN50509437	Paramuribaculum sp.	SC1-HHS-HEALTHY-CONTROL-HEALTH	Host_Health_State_SD	healthy/control	true
GCA_057043445.1	SAMN50509437	Paramuribaculum sp.	SC1-HHS-HEALTHY-CONTROL-HEALTH	Host_Health_State_SD_Detail	healthy/control	false
GCA_057043445.1	SAMN50509437	Paramuribaculum sp.	SC1-HHS-HEALTHY-CONTROL-HEALTH	Host_Health_State_SD_Method	context_dictionary	false
GCA_057043455.1	SAMN50509438	Ruminococcus intestinalis	SC1-HHS-HEALTHY-CONTROL-HEALTH	Host_Health_State_SD	healthy/control	true
GCA_057043455.1	SAMN50509438	Ruminococcus intestinalis	SC1-HHS-HEALTHY-CONTROL-HEALTH	Host_Health_State_SD_Detail	healthy/control	false
GCA_057043455.1	SAMN50509438	Ruminococcus intestinalis	SC1-HHS-HEALTHY-CONTROL-HEALTH	Host_Health_State_SD_Method	context_dictionary	false
GCA_057043525.1	SAMN50509434	Brotaphodocola sp.	SC1-HHS-HEALTHY-CONTROL-HEALTH	Host_Health_State_SD	healthy/control	true
GCA_057043525.1	SAMN50509434	Brotaphodocola sp.	SC1-HHS-HEALTHY-CONTROL-HEALTH	Host_Health_State_SD_Detail	healthy/control	false
GCA_057043525.1	SAMN50509434	Brotaphodocola sp.	SC1-HHS-HEALTHY-CONTROL-HEALTH	Host_Health_State_SD_Method	context_dictionary	false
GCA_057043585.1	SAMN50509436	Lachnospiraceae bacterium	SC1-HHS-HEALTHY-CONTROL-HEALTH	Host_Health_State_SD	healthy/control	true
GCA_057043585.1	SAMN50509436	Lachnospiraceae bacterium	SC1-HHS-HEALTHY-CONTROL-HEALTH	Host_Health_State_SD_Detail	healthy/control	false
GCA_057043585.1	SAMN50509436	Lachnospiraceae bacterium	SC1-HHS-HEALTHY-CONTROL-HEALTH	Host_Health_State_SD_Method	context_dictionary	false
GCA_057043605.1	SAMN50509435	Gemmiger formicilis	SC1-HHS-HEALTHY-CONTROL-HEALTH	Host_Health_State_SD	healthy/control	true
GCA_057043605.1	SAMN50509435	Gemmiger formicilis	SC1-HHS-HEALTHY-CONTROL-HEALTH	Host_Health_State_SD_Detail	healthy/control	false
GCA_057043605.1	SAMN50509435	Gemmiger formicilis	SC1-HHS-HEALTHY-CONTROL-HEALTH	Host_Health_State_SD_Method	context_dictionary	false
GCA_057043655.1	SAMN50509433	Candidatus Scatocola faecipullorum	SC1-HHS-HEALTHY-CONTROL-HEALTH	Host_Health_State_SD	healthy/control	true
GCA_057043655.1	SAMN50509433	Candidatus Scatocola faecipullorum	SC1-HHS-HEALTHY-CONTROL-HEALTH	Host_Health_State_SD_Detail	healthy/control	false
GCA_057043655.1	SAMN50509433	Candidatus Scatocola faecipullorum	SC1-HHS-HEALTHY-CONTROL-HEALTH	Host_Health_State_SD_Method	context_dictionary	false
GCA_057043685.1	SAMN50509432	Paraprevotella clara	SC1-HHS-HEALTHY-CONTROL-HEALTH	Host_Health_State_SD	healthy/control	true
GCA_057043685.1	SAMN50509432	Paraprevotella clara	SC1-HHS-HEALTHY-CONTROL-HEALTH	Host_Health_State_SD_Detail	healthy/control	false
GCA_057043685.1	SAMN50509432	Paraprevotella clara	SC1-HHS-HEALTHY-CONTROL-HEALTH	Host_Health_State_SD_Method	context_dictionary	false
GCA_057043705.1	SAMN50509431	Oscillospiraceae bacterium	SC1-HHS-HEALTHY-CONTROL-HEALTH	Host_Health_State_SD	healthy/control	true
GCA_057043705.1	SAMN50509431	Oscillospiraceae bacterium	SC1-HHS-HEALTHY-CONTROL-HEALTH	Host_Health_State_SD_Detail	healthy/control	false
GCA_057043705.1	SAMN50509431	Oscillospiraceae bacterium	SC1-HHS-HEALTHY-CONTROL-HEALTH	Host_Health_State_SD_Method	context_dictionary	false
GCA_057043765.1	SAMN50509428	Alphaproteobacteria bacterium	SC1-HHS-HEALTHY-CONTROL-HEALTH	Host_Health_State_SD	healthy/control	true
GCA_057043765.1	SAMN50509428	Alphaproteobacteria bacterium	SC1-HHS-HEALTHY-CONTROL-HEALTH	Host_Health_State_SD_Detail	healthy/control	false
GCA_057043765.1	SAMN50509428	Alphaproteobacteria bacterium	SC1-HHS-HEALTHY-CONTROL-HEALTH	Host_Health_State_SD_Method	context_dictionary	false
GCA_057043805.1	SAMN50509430	Coprococcus sp.	SC1-HHS-HEALTHY-CONTROL-HEALTH	Host_Health_State_SD	healthy/control	true
GCA_057043805.1	SAMN50509430	Coprococcus sp.	SC1-HHS-HEALTHY-CONTROL-HEALTH	Host_Health_State_SD_Detail	healthy/control	false
GCA_057043805.1	SAMN50509430	Coprococcus sp.	SC1-HHS-HEALTHY-CONTROL-HEALTH	Host_Health_State_SD_Method	context_dictionary	false
GCA_057043825.1	SAMN50509427	Alistipes putredinis	SC1-HHS-HEALTHY-CONTROL-HEALTH	Host_Health_State_SD	healthy/control	true
GCA_057043825.1	SAMN50509427	Alistipes putredinis	SC1-HHS-HEALTHY-CONTROL-HEALTH	Host_Health_State_SD_Detail	healthy/control	false
GCA_057043825.1	SAMN50509427	Alistipes putredinis	SC1-HHS-HEALTHY-CONTROL-HEALTH	Host_Health_State_SD_Method	context_dictionary	false
GCA_057043885.1	SAMN50509429	Dialister sp.	SC1-HHS-HEALTHY-CONTROL-HEALTH	Host_Health_State_SD	healthy/control	true
GCA_057043885.1	SAMN50509429	Dialister sp.	SC1-HHS-HEALTHY-CONTROL-HEALTH	Host_Health_State_SD_Detail	healthy/control	false
GCA_057043885.1	SAMN50509429	Dialister sp.	SC1-HHS-HEALTHY-CONTROL-HEALTH	Host_Health_State_SD_Method	context_dictionary	false
GCA_057043925.1	SAMN50509426	Hominicoprocola fusiformis	SC1-HHS-HEALTHY-CONTROL-HEALTH	Host_Health_State_SD	healthy/control	true
GCA_057043925.1	SAMN50509426	Hominicoprocola fusiformis	SC1-HHS-HEALTHY-CONTROL-HEALTH	Host_Health_State_SD_Detail	healthy/control	false
GCA_057043925.1	SAMN50509426	Hominicoprocola fusiformis	SC1-HHS-HEALTHY-CONTROL-HEALTH	Host_Health_State_SD_Method	context_dictionary	false
GCA_057043965.1	SAMN50509424	Phocaeicola vulgatus	SC1-HHS-HEALTHY-CONTROL-HEALTH	Host_Health_State_SD	healthy/control	true
GCA_057043965.1	SAMN50509424	Phocaeicola vulgatus	SC1-HHS-HEALTHY-CONTROL-HEALTH	Host_Health_State_SD_Detail	healthy/control	false
GCA_057043965.1	SAMN50509424	Phocaeicola vulgatus	SC1-HHS-HEALTHY-CONTROL-HEALTH	Host_Health_State_SD_Method	context_dictionary	false
GCA_057044005.1	SAMN50509425	Alphaproteobacteria bacterium	SC1-HHS-HEALTHY-CONTROL-HEALTH	Host_Health_State_SD	healthy/control	true
GCA_057044005.1	SAMN50509425	Alphaproteobacteria bacterium	SC1-HHS-HEALTHY-CONTROL-HEALTH	Host_Health_State_SD_Detail	healthy/control	false
GCA_057044005.1	SAMN50509425	Alphaproteobacteria bacterium	SC1-HHS-HEALTHY-CONTROL-HEALTH	Host_Health_State_SD_Method	context_dictionary	false
GCA_057044045.1	SAMN50509423	Waltera acetigignens	SC1-HHS-HEALTHY-CONTROL-HEALTH	Host_Health_State_SD	healthy/control	true
GCA_057044045.1	SAMN50509423	Waltera acetigignens	SC1-HHS-HEALTHY-CONTROL-HEALTH	Host_Health_State_SD_Detail	healthy/control	false
GCA_057044045.1	SAMN50509423	Waltera acetigignens	SC1-HHS-HEALTHY-CONTROL-HEALTH	Host_Health_State_SD_Method	context_dictionary	false
GCA_057044065.1	SAMN50509422	Ruminiclostridium sp.	SC1-HHS-HEALTHY-CONTROL-HEALTH	Host_Health_State_SD	healthy/control	true
GCA_057044065.1	SAMN50509422	Ruminiclostridium sp.	SC1-HHS-HEALTHY-CONTROL-HEALTH	Host_Health_State_SD_Detail	healthy/control	false
GCA_057044065.1	SAMN50509422	Ruminiclostridium sp.	SC1-HHS-HEALTHY-CONTROL-HEALTH	Host_Health_State_SD_Method	context_dictionary	false
GCA_057044105.1	SAMN50509421	Odoribacter splanchnicus	SC1-HHS-HEALTHY-CONTROL-HEALTH	Host_Health_State_SD	healthy/control	true
GCA_057044105.1	SAMN50509421	Odoribacter splanchnicus	SC1-HHS-HEALTHY-CONTROL-HEALTH	Host_Health_State_SD_Detail	healthy/control	false
GCA_057044105.1	SAMN50509421	Odoribacter splanchnicus	SC1-HHS-HEALTHY-CONTROL-HEALTH	Host_Health_State_SD_Method	context_dictionary	false
GCA_057044145.1	SAMN50509420	Faecalibacterium wellingii	SC1-HHS-HEALTHY-CONTROL-HEALTH	Host_Health_State_SD	healthy/control	true
GCA_057044145.1	SAMN50509420	Faecalibacterium wellingii	SC1-HHS-HEALTHY-CONTROL-HEALTH	Host_Health_State_SD_Detail	healthy/control	false
GCA_057044145.1	SAMN50509420	Faecalibacterium wellingii	SC1-HHS-HEALTHY-CONTROL-HEALTH	Host_Health_State_SD_Method	context_dictionary	false
GCA_057044185.1	SAMN50509419	Hominilimicola fabiformis	SC1-HHS-HEALTHY-CONTROL-HEALTH	Host_Health_State_SD	healthy/control	true
GCA_057044185.1	SAMN50509419	Hominilimicola fabiformis	SC1-HHS-HEALTHY-CONTROL-HEALTH	Host_Health_State_SD_Detail	healthy/control	false
GCA_057044185.1	SAMN50509419	Hominilimicola fabiformis	SC1-HHS-HEALTHY-CONTROL-HEALTH	Host_Health_State_SD_Method	context_dictionary	false
GCA_057044225.1	SAMN50509418	Barnesiella sp.	SC1-HHS-HEALTHY-CONTROL-HEALTH	Host_Health_State_SD	healthy/control	true
GCA_057044225.1	SAMN50509418	Barnesiella sp.	SC1-HHS-HEALTHY-CONTROL-HEALTH	Host_Health_State_SD_Detail	healthy/control	false
GCA_057044225.1	SAMN50509418	Barnesiella sp.	SC1-HHS-HEALTHY-CONTROL-HEALTH	Host_Health_State_SD_Method	context_dictionary	false
GCA_057044265.1	SAMN50509417	Bilophila wadsworthia	SC1-HHS-HEALTHY-CONTROL-HEALTH	Host_Health_State_SD	healthy/control	true
GCA_057044265.1	SAMN50509417	Bilophila wadsworthia	SC1-HHS-HEALTHY-CONTROL-HEALTH	Host_Health_State_SD_Detail	healthy/control	false
GCA_057044265.1	SAMN50509417	Bilophila wadsworthia	SC1-HHS-HEALTHY-CONTROL-HEALTH	Host_Health_State_SD_Method	context_dictionary	false
GCA_057044305.1	SAMN50509416	Alistipes onderdonkii	SC1-HHS-HEALTHY-CONTROL-HEALTH	Host_Health_State_SD	healthy/control	true
GCA_057044305.1	SAMN50509416	Alistipes onderdonkii	SC1-HHS-HEALTHY-CONTROL-HEALTH	Host_Health_State_SD_Detail	healthy/control	false
GCA_057044305.1	SAMN50509416	Alistipes onderdonkii	SC1-HHS-HEALTHY-CONTROL-HEALTH	Host_Health_State_SD_Method	context_dictionary	false
GCA_057044325.1	SAMN50509414	Parabacteroides distasonis	SC1-HHS-HEALTHY-CONTROL-HEALTH	Host_Health_State_SD	healthy/control	true
GCA_057044325.1	SAMN50509414	Parabacteroides distasonis	SC1-HHS-HEALTHY-CONTROL-HEALTH	Host_Health_State_SD_Detail	healthy/control	false
GCA_057044325.1	SAMN50509414	Parabacteroides distasonis	SC1-HHS-HEALTHY-CONTROL-HEALTH	Host_Health_State_SD_Method	context_dictionary	false
GCA_057044335.1	SAMN50509415	Paraprevotella clara	SC1-HHS-HEALTHY-CONTROL-HEALTH	Host_Health_State_SD	healthy/control	true
GCA_057044335.1	SAMN50509415	Paraprevotella clara	SC1-HHS-HEALTHY-CONTROL-HEALTH	Host_Health_State_SD_Detail	healthy/control	false
GCA_057044335.1	SAMN50509415	Paraprevotella clara	SC1-HHS-HEALTHY-CONTROL-HEALTH	Host_Health_State_SD_Method	context_dictionary	false
GCA_057044425.1	SAMN50509413	Phocaeicola vulgatus	SC1-HHS-HEALTHY-CONTROL-HEALTH	Host_Health_State_SD	healthy/control	true
GCA_057044425.1	SAMN50509413	Phocaeicola vulgatus	SC1-HHS-HEALTHY-CONTROL-HEALTH	Host_Health_State_SD_Detail	healthy/control	false
GCA_057044425.1	SAMN50509413	Phocaeicola vulgatus	SC1-HHS-HEALTHY-CONTROL-HEALTH	Host_Health_State_SD_Method	context_dictionary	false
GCA_057044445.1	SAMN50509411	Parasutterella excrementihominis	SC1-HHS-HEALTHY-CONTROL-HEALTH	Host_Health_State_SD	healthy/control	true
GCA_057044445.1	SAMN50509411	Parasutterella excrementihominis	SC1-HHS-HEALTHY-CONTROL-HEALTH	Host_Health_State_SD_Detail	healthy/control	false
GCA_057044445.1	SAMN50509411	Parasutterella excrementihominis	SC1-HHS-HEALTHY-CONTROL-HEALTH	Host_Health_State_SD_Method	context_dictionary	false
GCA_057044465.1	SAMN50509412	Alistipes indistinctus	SC1-HHS-HEALTHY-CONTROL-HEALTH	Host_Health_State_SD	healthy/control	true
GCA_057044465.1	SAMN50509412	Alistipes indistinctus	SC1-HHS-HEALTHY-CONTROL-HEALTH	Host_Health_State_SD_Detail	healthy/control	false
GCA_057044465.1	SAMN50509412	Alistipes indistinctus	SC1-HHS-HEALTHY-CONTROL-HEALTH	Host_Health_State_SD_Method	context_dictionary	false
GCA_057044545.1	SAMN50509410	Veillonella seminalis	SC1-HHS-HEALTHY-CONTROL-HEALTH	Host_Health_State_SD	healthy/control	true
GCA_057044545.1	SAMN50509410	Veillonella seminalis	SC1-HHS-HEALTHY-CONTROL-HEALTH	Host_Health_State_SD_Detail	healthy/control	false
GCA_057044545.1	SAMN50509410	Veillonella seminalis	SC1-HHS-HEALTHY-CONTROL-HEALTH	Host_Health_State_SD_Method	context_dictionary	false
GCA_057044565.1	SAMN50509409	Bacteroides uniformis	SC1-HHS-HEALTHY-CONTROL-HEALTH	Host_Health_State_SD	healthy/control	true
GCA_057044565.1	SAMN50509409	Bacteroides uniformis	SC1-HHS-HEALTHY-CONTROL-HEALTH	Host_Health_State_SD_Detail	healthy/control	false
GCA_057044565.1	SAMN50509409	Bacteroides uniformis	SC1-HHS-HEALTHY-CONTROL-HEALTH	Host_Health_State_SD_Method	context_dictionary	false
GCA_057044585.1	SAMN50509408	Acidaminococcus massiliensis	SC1-HHS-HEALTHY-CONTROL-HEALTH	Host_Health_State_SD	healthy/control	true
GCA_057044585.1	SAMN50509408	Acidaminococcus massiliensis	SC1-HHS-HEALTHY-CONTROL-HEALTH	Host_Health_State_SD_Detail	healthy/control	false
GCA_057044585.1	SAMN50509408	Acidaminococcus massiliensis	SC1-HHS-HEALTHY-CONTROL-HEALTH	Host_Health_State_SD_Method	context_dictionary	false
GCA_057044665.1	SAMN50509407	Caecibacter sp.	SC1-HHS-HEALTHY-CONTROL-HEALTH	Host_Health_State_SD	healthy/control	true
GCA_057044665.1	SAMN50509407	Caecibacter sp.	SC1-HHS-HEALTHY-CONTROL-HEALTH	Host_Health_State_SD_Detail	healthy/control	false
GCA_057044665.1	SAMN50509407	Caecibacter sp.	SC1-HHS-HEALTHY-CONTROL-HEALTH	Host_Health_State_SD_Method	context_dictionary	false
GCA_057044685.1	SAMN50509405	Alistipes ihumii	SC1-HHS-HEALTHY-CONTROL-HEALTH	Host_Health_State_SD	healthy/control	true
GCA_057044685.1	SAMN50509405	Alistipes ihumii	SC1-HHS-HEALTHY-CONTROL-HEALTH	Host_Health_State_SD_Detail	healthy/control	false
GCA_057044685.1	SAMN50509405	Alistipes ihumii	SC1-HHS-HEALTHY-CONTROL-HEALTH	Host_Health_State_SD_Method	context_dictionary	false
GCA_057044705.1	SAMN50509406	Dialister invisus	SC1-HHS-HEALTHY-CONTROL-HEALTH	Host_Health_State_SD	healthy/control	true
GCA_057044705.1	SAMN50509406	Dialister invisus	SC1-HHS-HEALTHY-CONTROL-HEALTH	Host_Health_State_SD_Detail	healthy/control	false
GCA_057044705.1	SAMN50509406	Dialister invisus	SC1-HHS-HEALTHY-CONTROL-HEALTH	Host_Health_State_SD_Method	context_dictionary	false
GCA_057044785.1	SAMN50509403	Alistipes putredinis	SC1-HHS-HEALTHY-CONTROL-HEALTH	Host_Health_State_SD	healthy/control	true
GCA_057044785.1	SAMN50509403	Alistipes putredinis	SC1-HHS-HEALTHY-CONTROL-HEALTH	Host_Health_State_SD_Detail	healthy/control	false
GCA_057044785.1	SAMN50509403	Alistipes putredinis	SC1-HHS-HEALTHY-CONTROL-HEALTH	Host_Health_State_SD_Method	context_dictionary	false
GCA_057044805.1	SAMN50509404	Barnesiella intestinihominis	SC1-HHS-HEALTHY-CONTROL-HEALTH	Host_Health_State_SD	healthy/control	true
GCA_057044805.1	SAMN50509404	Barnesiella intestinihominis	SC1-HHS-HEALTHY-CONTROL-HEALTH	Host_Health_State_SD_Detail	healthy/control	false
GCA_057044805.1	SAMN50509404	Barnesiella intestinihominis	SC1-HHS-HEALTHY-CONTROL-HEALTH	Host_Health_State_SD_Method	context_dictionary	false
GCA_057044825.1	SAMN50509402	Bacteroides fragilis	SC1-HHS-HEALTHY-CONTROL-HEALTH	Host_Health_State_SD	healthy/control	true
GCA_057044825.1	SAMN50509402	Bacteroides fragilis	SC1-HHS-HEALTHY-CONTROL-HEALTH	Host_Health_State_SD_Detail	healthy/control	false
GCA_057044825.1	SAMN50509402	Bacteroides fragilis	SC1-HHS-HEALTHY-CONTROL-HEALTH	Host_Health_State_SD_Method	context_dictionary	false
GCA_057044905.1	SAMN50509401	Alistipes onderdonkii	SC1-HHS-HEALTHY-CONTROL-HEALTH	Host_Health_State_SD	healthy/control	true
GCA_057044905.1	SAMN50509401	Alistipes onderdonkii	SC1-HHS-HEALTHY-CONTROL-HEALTH	Host_Health_State_SD_Detail	healthy/control	false
GCA_057044905.1	SAMN50509401	Alistipes onderdonkii	SC1-HHS-HEALTHY-CONTROL-HEALTH	Host_Health_State_SD_Method	context_dictionary	false
GCA_057044925.1	SAMN50509400	Acidaminococcus intestini	SC1-HHS-HEALTHY-CONTROL-HEALTH	Host_Health_State_SD	healthy/control	true
GCA_057044925.1	SAMN50509400	Acidaminococcus intestini	SC1-HHS-HEALTHY-CONTROL-HEALTH	Host_Health_State_SD_Detail	healthy/control	false
GCA_057044925.1	SAMN50509400	Acidaminococcus intestini	SC1-HHS-HEALTHY-CONTROL-HEALTH	Host_Health_State_SD_Method	context_dictionary	false
GCA_057044945.1	SAMN50509399	Ruminococcoides intestinale	SC1-HHS-HEALTHY-CONTROL-HEALTH	Host_Health_State_SD	healthy/control	true
GCA_057044945.1	SAMN50509399	Ruminococcoides intestinale	SC1-HHS-HEALTHY-CONTROL-HEALTH	Host_Health_State_SD_Detail	healthy/control	false
GCA_057044945.1	SAMN50509399	Ruminococcoides intestinale	SC1-HHS-HEALTHY-CONTROL-HEALTH	Host_Health_State_SD_Method	context_dictionary	false
GCA_057045025.1	SAMN50509397	Parabacteroides distasonis	SC1-HHS-HEALTHY-CONTROL-HEALTH	Host_Health_State_SD	healthy/control	true
GCA_057045025.1	SAMN50509397	Parabacteroides distasonis	SC1-HHS-HEALTHY-CONTROL-HEALTH	Host_Health_State_SD_Detail	healthy/control	false
GCA_057045025.1	SAMN50509397	Parabacteroides distasonis	SC1-HHS-HEALTHY-CONTROL-HEALTH	Host_Health_State_SD_Method	context_dictionary	false
GCA_057045045.1	SAMN50509396	Roseburia faecis	SC1-HHS-HEALTHY-CONTROL-HEALTH	Host_Health_State_SD	healthy/control	true
GCA_057045045.1	SAMN50509396	Roseburia faecis	SC1-HHS-HEALTHY-CONTROL-HEALTH	Host_Health_State_SD_Detail	healthy/control	false
GCA_057045045.1	SAMN50509396	Roseburia faecis	SC1-HHS-HEALTHY-CONTROL-HEALTH	Host_Health_State_SD_Method	context_dictionary	false
GCA_057045055.1	SAMN50509398	Eubacterium sp.	SC1-HHS-HEALTHY-CONTROL-HEALTH	Host_Health_State_SD	healthy/control	true
GCA_057045055.1	SAMN50509398	Eubacterium sp.	SC1-HHS-HEALTHY-CONTROL-HEALTH	Host_Health_State_SD_Detail	healthy/control	false
GCA_057045055.1	SAMN50509398	Eubacterium sp.	SC1-HHS-HEALTHY-CONTROL-HEALTH	Host_Health_State_SD_Method	context_dictionary	false
GCA_057045145.1	SAMN50509393	Alistipes shahii	SC1-HHS-HEALTHY-CONTROL-HEALTH	Host_Health_State_SD	healthy/control	true
GCA_057045145.1	SAMN50509393	Alistipes shahii	SC1-HHS-HEALTHY-CONTROL-HEALTH	Host_Health_State_SD_Detail	healthy/control	false
GCA_057045145.1	SAMN50509393	Alistipes shahii	SC1-HHS-HEALTHY-CONTROL-HEALTH	Host_Health_State_SD_Method	context_dictionary	false
GCA_057045155.1	SAMN50509395	Bacteroides xylanisolvens	SC1-HHS-HEALTHY-CONTROL-HEALTH	Host_Health_State_SD	healthy/control	true
GCA_057045155.1	SAMN50509395	Bacteroides xylanisolvens	SC1-HHS-HEALTHY-CONTROL-HEALTH	Host_Health_State_SD_Detail	healthy/control	false
GCA_057045155.1	SAMN50509395	Bacteroides xylanisolvens	SC1-HHS-HEALTHY-CONTROL-HEALTH	Host_Health_State_SD_Method	context_dictionary	false
GCA_057045185.1	SAMN50509394	Bilophila sp.	SC1-HHS-HEALTHY-CONTROL-HEALTH	Host_Health_State_SD	healthy/control	true
GCA_057045185.1	SAMN50509394	Bilophila sp.	SC1-HHS-HEALTHY-CONTROL-HEALTH	Host_Health_State_SD_Detail	healthy/control	false
GCA_057045185.1	SAMN50509394	Bilophila sp.	SC1-HHS-HEALTHY-CONTROL-HEALTH	Host_Health_State_SD_Method	context_dictionary	false
GCA_057045265.1	SAMN50509390	Butyricimonas sp.	SC1-HHS-HEALTHY-CONTROL-HEALTH	Host_Health_State_SD	healthy/control	true
GCA_057045265.1	SAMN50509390	Butyricimonas sp.	SC1-HHS-HEALTHY-CONTROL-HEALTH	Host_Health_State_SD_Detail	healthy/control	false
GCA_057045265.1	SAMN50509390	Butyricimonas sp.	SC1-HHS-HEALTHY-CONTROL-HEALTH	Host_Health_State_SD_Method	context_dictionary	false
GCA_057045285.1	SAMN50509391	Anaerotignum faecicola	SC1-HHS-HEALTHY-CONTROL-HEALTH	Host_Health_State_SD	healthy/control	true
GCA_057045285.1	SAMN50509391	Anaerotignum faecicola	SC1-HHS-HEALTHY-CONTROL-HEALTH	Host_Health_State_SD_Detail	healthy/control	false
GCA_057045285.1	SAMN50509391	Anaerotignum faecicola	SC1-HHS-HEALTHY-CONTROL-HEALTH	Host_Health_State_SD_Method	context_dictionary	false
GCA_057045305.1	SAMN50509392	Alistipes finegoldii	SC1-HHS-HEALTHY-CONTROL-HEALTH	Host_Health_State_SD	healthy/control	true
GCA_057045305.1	SAMN50509392	Alistipes finegoldii	SC1-HHS-HEALTHY-CONTROL-HEALTH	Host_Health_State_SD_Detail	healthy/control	false
GCA_057045305.1	SAMN50509392	Alistipes finegoldii	SC1-HHS-HEALTHY-CONTROL-HEALTH	Host_Health_State_SD_Method	context_dictionary	false
GCA_057045385.1	SAMN50509387	Sutterella wadsworthensis	SC1-HHS-HEALTHY-CONTROL-HEALTH	Host_Health_State_SD	healthy/control	true
GCA_057045385.1	SAMN50509387	Sutterella wadsworthensis	SC1-HHS-HEALTHY-CONTROL-HEALTH	Host_Health_State_SD_Detail	healthy/control	false
GCA_057045385.1	SAMN50509387	Sutterella wadsworthensis	SC1-HHS-HEALTHY-CONTROL-HEALTH	Host_Health_State_SD_Method	context_dictionary	false
GCA_057045405.1	SAMN50509389	Desulfovibrio sp.	SC1-HHS-HEALTHY-CONTROL-HEALTH	Host_Health_State_SD	healthy/control	true
GCA_057045405.1	SAMN50509389	Desulfovibrio sp.	SC1-HHS-HEALTHY-CONTROL-HEALTH	Host_Health_State_SD_Detail	healthy/control	false
GCA_057045405.1	SAMN50509389	Desulfovibrio sp.	SC1-HHS-HEALTHY-CONTROL-HEALTH	Host_Health_State_SD_Method	context_dictionary	false
GCA_057045425.1	SAMN50509388	Odoribacter splanchnicus	SC1-HHS-HEALTHY-CONTROL-HEALTH	Host_Health_State_SD	healthy/control	true
GCA_057045425.1	SAMN50509388	Odoribacter splanchnicus	SC1-HHS-HEALTHY-CONTROL-HEALTH	Host_Health_State_SD_Detail	healthy/control	false
GCA_057045425.1	SAMN50509388	Odoribacter splanchnicus	SC1-HHS-HEALTHY-CONTROL-HEALTH	Host_Health_State_SD_Method	context_dictionary	false
GCA_057045505.1	SAMN50509386	Alistipes communis	SC1-HHS-HEALTHY-CONTROL-HEALTH	Host_Health_State_SD	healthy/control	true
GCA_057045505.1	SAMN50509386	Alistipes communis	SC1-HHS-HEALTHY-CONTROL-HEALTH	Host_Health_State_SD_Detail	healthy/control	false
GCA_057045505.1	SAMN50509386	Alistipes communis	SC1-HHS-HEALTHY-CONTROL-HEALTH	Host_Health_State_SD_Method	context_dictionary	false
GCA_057045525.1	SAMN50509384	Candidatus Cryptobacteroides sp.	SC1-HHS-HEALTHY-CONTROL-HEALTH	Host_Health_State_SD	healthy/control	true
GCA_057045525.1	SAMN50509384	Candidatus Cryptobacteroides sp.	SC1-HHS-HEALTHY-CONTROL-HEALTH	Host_Health_State_SD_Detail	healthy/control	false
GCA_057045525.1	SAMN50509384	Candidatus Cryptobacteroides sp.	SC1-HHS-HEALTHY-CONTROL-HEALTH	Host_Health_State_SD_Method	context_dictionary	false
GCA_057045545.1	SAMN50509385	Veillonella parvula	SC1-HHS-HEALTHY-CONTROL-HEALTH	Host_Health_State_SD	healthy/control	true
GCA_057045545.1	SAMN50509385	Veillonella parvula	SC1-HHS-HEALTHY-CONTROL-HEALTH	Host_Health_State_SD_Detail	healthy/control	false
GCA_057045545.1	SAMN50509385	Veillonella parvula	SC1-HHS-HEALTHY-CONTROL-HEALTH	Host_Health_State_SD_Method	context_dictionary	false
GCA_057045645.1	SAMN50509381	Faecalibacterium duncaniae	SC1-HHS-HEALTHY-CONTROL-HEALTH	Host_Health_State_SD	healthy/control	true
GCA_057045645.1	SAMN50509381	Faecalibacterium duncaniae	SC1-HHS-HEALTHY-CONTROL-HEALTH	Host_Health_State_SD_Detail	healthy/control	false
GCA_057045645.1	SAMN50509381	Faecalibacterium duncaniae	SC1-HHS-HEALTHY-CONTROL-HEALTH	Host_Health_State_SD_Method	context_dictionary	false
GCA_057045665.1	SAMN50509383	Oscillospiraceae bacterium	SC1-HHS-HEALTHY-CONTROL-HEALTH	Host_Health_State_SD	healthy/control	true
GCA_057045665.1	SAMN50509383	Oscillospiraceae bacterium	SC1-HHS-HEALTHY-CONTROL-HEALTH	Host_Health_State_SD_Detail	healthy/control	false
GCA_057045665.1	SAMN50509383	Oscillospiraceae bacterium	SC1-HHS-HEALTHY-CONTROL-HEALTH	Host_Health_State_SD_Method	context_dictionary	false
GCA_057045745.1	SAMN50509378	Prevotella sp.	SC1-HHS-HEALTHY-CONTROL-HEALTH	Host_Health_State_SD	healthy/control	true
GCA_057045745.1	SAMN50509378	Prevotella sp.	SC1-HHS-HEALTHY-CONTROL-HEALTH	Host_Health_State_SD_Detail	healthy/control	false
GCA_057045745.1	SAMN50509378	Prevotella sp.	SC1-HHS-HEALTHY-CONTROL-HEALTH	Host_Health_State_SD_Method	context_dictionary	false
GCA_057045765.1	SAMN50509379	Klebsiella variicola	SC1-HHS-HEALTHY-CONTROL-HEALTH	Host_Health_State_SD	healthy/control	true
GCA_057045765.1	SAMN50509379	Klebsiella variicola	SC1-HHS-HEALTHY-CONTROL-HEALTH	Host_Health_State_SD_Detail	healthy/control	false
GCA_057045765.1	SAMN50509379	Klebsiella variicola	SC1-HHS-HEALTHY-CONTROL-HEALTH	Host_Health_State_SD_Method	context_dictionary	false
GCA_057045785.1	SAMN50509380	Sutterella wadsworthensis	SC1-HHS-HEALTHY-CONTROL-HEALTH	Host_Health_State_SD	healthy/control	true
GCA_057045785.1	SAMN50509380	Sutterella wadsworthensis	SC1-HHS-HEALTHY-CONTROL-HEALTH	Host_Health_State_SD_Detail	healthy/control	false
GCA_057045785.1	SAMN50509380	Sutterella wadsworthensis	SC1-HHS-HEALTHY-CONTROL-HEALTH	Host_Health_State_SD_Method	context_dictionary	false
GCA_057045825.1	SAMN50509376	Phocaeicola vulgatus	SC1-HHS-HEALTHY-CONTROL-HEALTH	Host_Health_State_SD	healthy/control	true
GCA_057045825.1	SAMN50509376	Phocaeicola vulgatus	SC1-HHS-HEALTHY-CONTROL-HEALTH	Host_Health_State_SD_Detail	healthy/control	false
GCA_057045825.1	SAMN50509376	Phocaeicola vulgatus	SC1-HHS-HEALTHY-CONTROL-HEALTH	Host_Health_State_SD_Method	context_dictionary	false
GCA_057045845.1	SAMN50509377	Victivallis sp.	SC1-HHS-HEALTHY-CONTROL-HEALTH	Host_Health_State_SD	healthy/control	true
GCA_057045845.1	SAMN50509377	Victivallis sp.	SC1-HHS-HEALTHY-CONTROL-HEALTH	Host_Health_State_SD_Detail	healthy/control	false
GCA_057045845.1	SAMN50509377	Victivallis sp.	SC1-HHS-HEALTHY-CONTROL-HEALTH	Host_Health_State_SD_Method	context_dictionary	false
GCA_057045885.1	SAMN50509375	Leyella lascolaii	SC1-HHS-HEALTHY-CONTROL-HEALTH	Host_Health_State_SD	healthy/control	true
GCA_057045885.1	SAMN50509375	Leyella lascolaii	SC1-HHS-HEALTHY-CONTROL-HEALTH	Host_Health_State_SD_Detail	healthy/control	false
GCA_057045885.1	SAMN50509375	Leyella lascolaii	SC1-HHS-HEALTHY-CONTROL-HEALTH	Host_Health_State_SD_Method	context_dictionary	false
GCA_057045945.1	SAMN50509373	Oscillospiraceae bacterium	SC1-HHS-HEALTHY-CONTROL-HEALTH	Host_Health_State_SD	healthy/control	true
GCA_057045945.1	SAMN50509373	Oscillospiraceae bacterium	SC1-HHS-HEALTHY-CONTROL-HEALTH	Host_Health_State_SD_Detail	healthy/control	false
GCA_057045945.1	SAMN50509373	Oscillospiraceae bacterium	SC1-HHS-HEALTHY-CONTROL-HEALTH	Host_Health_State_SD_Method	context_dictionary	false
GCA_057045965.1	SAMN50509374	Oscillospiraceae bacterium	SC1-HHS-HEALTHY-CONTROL-HEALTH	Host_Health_State_SD	healthy/control	true
GCA_057045965.1	SAMN50509374	Oscillospiraceae bacterium	SC1-HHS-HEALTHY-CONTROL-HEALTH	Host_Health_State_SD_Detail	healthy/control	false
GCA_057045965.1	SAMN50509374	Oscillospiraceae bacterium	SC1-HHS-HEALTHY-CONTROL-HEALTH	Host_Health_State_SD_Method	context_dictionary	false
GCA_057046025.1	SAMN50509372	Akkermansia muciniphila	SC1-HHS-HEALTHY-CONTROL-HEALTH	Host_Health_State_SD	healthy/control	true
GCA_057046025.1	SAMN50509372	Akkermansia muciniphila	SC1-HHS-HEALTHY-CONTROL-HEALTH	Host_Health_State_SD_Detail	healthy/control	false
GCA_057046025.1	SAMN50509372	Akkermansia muciniphila	SC1-HHS-HEALTHY-CONTROL-HEALTH	Host_Health_State_SD_Method	context_dictionary	false
GCA_057046045.1	SAMN50509371	Eshraghiella crossota	SC1-HHS-HEALTHY-CONTROL-HEALTH	Host_Health_State_SD	healthy/control	true
GCA_057046045.1	SAMN50509371	Eshraghiella crossota	SC1-HHS-HEALTHY-CONTROL-HEALTH	Host_Health_State_SD_Detail	healthy/control	false
GCA_057046045.1	SAMN50509371	Eshraghiella crossota	SC1-HHS-HEALTHY-CONTROL-HEALTH	Host_Health_State_SD_Method	context_dictionary	false
GCA_057046085.1	SAMN50509370	Odoribacter splanchnicus	SC1-HHS-HEALTHY-CONTROL-HEALTH	Host_Health_State_SD	healthy/control	true
GCA_057046085.1	SAMN50509370	Odoribacter splanchnicus	SC1-HHS-HEALTHY-CONTROL-HEALTH	Host_Health_State_SD_Detail	healthy/control	false
GCA_057046085.1	SAMN50509370	Odoribacter splanchnicus	SC1-HHS-HEALTHY-CONTROL-HEALTH	Host_Health_State_SD_Method	context_dictionary	false
GCA_057046125.1	SAMN50509369	Bacteroides fragilis	SC1-HHS-HEALTHY-CONTROL-HEALTH	Host_Health_State_SD	healthy/control	true
GCA_057046125.1	SAMN50509369	Bacteroides fragilis	SC1-HHS-HEALTHY-CONTROL-HEALTH	Host_Health_State_SD_Detail	healthy/control	false
GCA_057046125.1	SAMN50509369	Bacteroides fragilis	SC1-HHS-HEALTHY-CONTROL-HEALTH	Host_Health_State_SD_Method	context_dictionary	false
GCA_057046165.1	SAMN50509368	Oscillospiraceae bacterium	SC1-HHS-HEALTHY-CONTROL-HEALTH	Host_Health_State_SD	healthy/control	true
GCA_057046165.1	SAMN50509368	Oscillospiraceae bacterium	SC1-HHS-HEALTHY-CONTROL-HEALTH	Host_Health_State_SD_Detail	healthy/control	false
GCA_057046165.1	SAMN50509368	Oscillospiraceae bacterium	SC1-HHS-HEALTHY-CONTROL-HEALTH	Host_Health_State_SD_Method	context_dictionary	false
GCA_057046185.1	SAMN50509366	Oscillospiraceae bacterium	SC1-HHS-HEALTHY-CONTROL-HEALTH	Host_Health_State_SD	healthy/control	true
GCA_057046185.1	SAMN50509366	Oscillospiraceae bacterium	SC1-HHS-HEALTHY-CONTROL-HEALTH	Host_Health_State_SD_Detail	healthy/control	false
GCA_057046185.1	SAMN50509366	Oscillospiraceae bacterium	SC1-HHS-HEALTHY-CONTROL-HEALTH	Host_Health_State_SD_Method	context_dictionary	false
GCA_057046215.1	SAMN50509367	Vescimonas sp.	SC1-HHS-HEALTHY-CONTROL-HEALTH	Host_Health_State_SD	healthy/control	true
GCA_057046215.1	SAMN50509367	Vescimonas sp.	SC1-HHS-HEALTHY-CONTROL-HEALTH	Host_Health_State_SD_Detail	healthy/control	false
GCA_057046215.1	SAMN50509367	Vescimonas sp.	SC1-HHS-HEALTHY-CONTROL-HEALTH	Host_Health_State_SD_Method	context_dictionary	false
GCA_057046285.1	SAMN50509365	Desulfovibrio sp.	SC1-HHS-HEALTHY-CONTROL-HEALTH	Host_Health_State_SD	healthy/control	true
GCA_057046285.1	SAMN50509365	Desulfovibrio sp.	SC1-HHS-HEALTHY-CONTROL-HEALTH	Host_Health_State_SD_Detail	healthy/control	false
GCA_057046285.1	SAMN50509365	Desulfovibrio sp.	SC1-HHS-HEALTHY-CONTROL-HEALTH	Host_Health_State_SD_Method	context_dictionary	false
GCA_057046305.1	SAMN50509364	Bacteroidaceae bacterium	SC1-HHS-HEALTHY-CONTROL-HEALTH	Host_Health_State_SD	healthy/control	true
GCA_057046305.1	SAMN50509364	Bacteroidaceae bacterium	SC1-HHS-HEALTHY-CONTROL-HEALTH	Host_Health_State_SD_Detail	healthy/control	false
GCA_057046305.1	SAMN50509364	Bacteroidaceae bacterium	SC1-HHS-HEALTHY-CONTROL-HEALTH	Host_Health_State_SD_Method	context_dictionary	false
GCA_057046325.1	SAMN50509363	Hominenteromicrobium mulieris	SC1-HHS-HEALTHY-CONTROL-HEALTH	Host_Health_State_SD	healthy/control	true
GCA_057046325.1	SAMN50509363	Hominenteromicrobium mulieris	SC1-HHS-HEALTHY-CONTROL-HEALTH	Host_Health_State_SD_Detail	healthy/control	false
GCA_057046325.1	SAMN50509363	Hominenteromicrobium mulieris	SC1-HHS-HEALTHY-CONTROL-HEALTH	Host_Health_State_SD_Method	context_dictionary	false
GCA_057046405.1	SAMN50509362	Candidatus Merdousia sp.	SC1-HHS-HEALTHY-CONTROL-HEALTH	Host_Health_State_SD	healthy/control	true
GCA_057046405.1	SAMN50509362	Candidatus Merdousia sp.	SC1-HHS-HEALTHY-CONTROL-HEALTH	Host_Health_State_SD_Detail	healthy/control	false
GCA_057046405.1	SAMN50509362	Candidatus Merdousia sp.	SC1-HHS-HEALTHY-CONTROL-HEALTH	Host_Health_State_SD_Method	context_dictionary	false
GCA_057046425.1	SAMN50509361	Alistipes shahii	SC1-HHS-HEALTHY-CONTROL-HEALTH	Host_Health_State_SD	healthy/control	true
GCA_057046425.1	SAMN50509361	Alistipes shahii	SC1-HHS-HEALTHY-CONTROL-HEALTH	Host_Health_State_SD_Detail	healthy/control	false
GCA_057046425.1	SAMN50509361	Alistipes shahii	SC1-HHS-HEALTHY-CONTROL-HEALTH	Host_Health_State_SD_Method	context_dictionary	false
GCA_057046445.1	SAMN50509360	Candidatus Aphodocola sp.	SC1-HHS-HEALTHY-CONTROL-HEALTH	Host_Health_State_SD	healthy/control	true
GCA_057046445.1	SAMN50509360	Candidatus Aphodocola sp.	SC1-HHS-HEALTHY-CONTROL-HEALTH	Host_Health_State_SD_Detail	healthy/control	false
GCA_057046445.1	SAMN50509360	Candidatus Aphodocola sp.	SC1-HHS-HEALTHY-CONTROL-HEALTH	Host_Health_State_SD_Method	context_dictionary	false
GCA_057046505.1	SAMN50509357	Slackia isoflavoniconvertens	SC1-HHS-HEALTHY-CONTROL-HEALTH	Host_Health_State_SD	healthy/control	true
GCA_057046505.1	SAMN50509357	Slackia isoflavoniconvertens	SC1-HHS-HEALTHY-CONTROL-HEALTH	Host_Health_State_SD_Detail	healthy/control	false
GCA_057046505.1	SAMN50509357	Slackia isoflavoniconvertens	SC1-HHS-HEALTHY-CONTROL-HEALTH	Host_Health_State_SD_Method	context_dictionary	false
GCA_057046525.1	SAMN50509358	Muribaculaceae bacterium	SC1-HHS-HEALTHY-CONTROL-HEALTH	Host_Health_State_SD	healthy/control	true
GCA_057046525.1	SAMN50509358	Muribaculaceae bacterium	SC1-HHS-HEALTHY-CONTROL-HEALTH	Host_Health_State_SD_Detail	healthy/control	false
GCA_057046525.1	SAMN50509358	Muribaculaceae bacterium	SC1-HHS-HEALTHY-CONTROL-HEALTH	Host_Health_State_SD_Method	context_dictionary	false
GCA_057046545.1	SAMN50509359	Bacteroides eggerthii	SC1-HHS-HEALTHY-CONTROL-HEALTH	Host_Health_State_SD	healthy/control	true
GCA_057046545.1	SAMN50509359	Bacteroides eggerthii	SC1-HHS-HEALTHY-CONTROL-HEALTH	Host_Health_State_SD_Detail	healthy/control	false
GCA_057046545.1	SAMN50509359	Bacteroides eggerthii	SC1-HHS-HEALTHY-CONTROL-HEALTH	Host_Health_State_SD_Method	context_dictionary	false
GCA_057046565.1	SAMN50509356	Vescimonas sp.	SC1-HHS-HEALTHY-CONTROL-HEALTH	Host_Health_State_SD	healthy/control	true
GCA_057046565.1	SAMN50509356	Vescimonas sp.	SC1-HHS-HEALTHY-CONTROL-HEALTH	Host_Health_State_SD_Detail	healthy/control	false
GCA_057046565.1	SAMN50509356	Vescimonas sp.	SC1-HHS-HEALTHY-CONTROL-HEALTH	Host_Health_State_SD_Method	context_dictionary	false
GCA_057046585.1	SAMN50509355	Bacteroides uniformis	SC1-HHS-HEALTHY-CONTROL-HEALTH	Host_Health_State_SD	healthy/control	true
GCA_057046585.1	SAMN50509355	Bacteroides uniformis	SC1-HHS-HEALTHY-CONTROL-HEALTH	Host_Health_State_SD_Detail	healthy/control	false
GCA_057046585.1	SAMN50509355	Bacteroides uniformis	SC1-HHS-HEALTHY-CONTROL-HEALTH	Host_Health_State_SD_Method	context_dictionary	false
GCA_057046605.1	SAMN50509354	Candidatus Merdivicinus sp.	SC1-HHS-HEALTHY-CONTROL-HEALTH	Host_Health_State_SD	healthy/control	true
GCA_057046605.1	SAMN50509354	Candidatus Merdivicinus sp.	SC1-HHS-HEALTHY-CONTROL-HEALTH	Host_Health_State_SD_Detail	healthy/control	false
GCA_057046605.1	SAMN50509354	Candidatus Merdivicinus sp.	SC1-HHS-HEALTHY-CONTROL-HEALTH	Host_Health_State_SD_Method	context_dictionary	false
GCA_057046625.1	SAMN50509352	Christensenellales bacterium	SC1-HHS-HEALTHY-CONTROL-HEALTH	Host_Health_State_SD	healthy/control	true
GCA_057046625.1	SAMN50509352	Christensenellales bacterium	SC1-HHS-HEALTHY-CONTROL-HEALTH	Host_Health_State_SD_Detail	healthy/control	false
GCA_057046625.1	SAMN50509352	Christensenellales bacterium	SC1-HHS-HEALTHY-CONTROL-HEALTH	Host_Health_State_SD_Method	context_dictionary	false
GCA_057046645.1	SAMN50509353	Phascolarctobacterium faecium	SC1-HHS-HEALTHY-CONTROL-HEALTH	Host_Health_State_SD	healthy/control	true
GCA_057046645.1	SAMN50509353	Phascolarctobacterium faecium	SC1-HHS-HEALTHY-CONTROL-HEALTH	Host_Health_State_SD_Detail	healthy/control	false
GCA_057046645.1	SAMN50509353	Phascolarctobacterium faecium	SC1-HHS-HEALTHY-CONTROL-HEALTH	Host_Health_State_SD_Method	context_dictionary	false
GCA_057046665.1	SAMN50509351	Christensenellales bacterium	SC1-HHS-HEALTHY-CONTROL-HEALTH	Host_Health_State_SD	healthy/control	true
GCA_057046665.1	SAMN50509351	Christensenellales bacterium	SC1-HHS-HEALTHY-CONTROL-HEALTH	Host_Health_State_SD_Detail	healthy/control	false
GCA_057046665.1	SAMN50509351	Christensenellales bacterium	SC1-HHS-HEALTHY-CONTROL-HEALTH	Host_Health_State_SD_Method	context_dictionary	false
GCA_057046685.1	SAMN50509350	Hominicoprocola sp.	SC1-HHS-HEALTHY-CONTROL-HEALTH	Host_Health_State_SD	healthy/control	true
GCA_057046685.1	SAMN50509350	Hominicoprocola sp.	SC1-HHS-HEALTHY-CONTROL-HEALTH	Host_Health_State_SD_Detail	healthy/control	false
GCA_057046685.1	SAMN50509350	Hominicoprocola sp.	SC1-HHS-HEALTHY-CONTROL-HEALTH	Host_Health_State_SD_Method	context_dictionary	false
GCA_057046705.1	SAMN50509348	Lachnospiraceae bacterium	SC1-HHS-HEALTHY-CONTROL-HEALTH	Host_Health_State_SD	healthy/control	true
GCA_057046705.1	SAMN50509348	Lachnospiraceae bacterium	SC1-HHS-HEALTHY-CONTROL-HEALTH	Host_Health_State_SD_Detail	healthy/control	false
GCA_057046705.1	SAMN50509348	Lachnospiraceae bacterium	SC1-HHS-HEALTHY-CONTROL-HEALTH	Host_Health_State_SD_Method	context_dictionary	false
GCA_057046725.1	SAMN50509349	Vescimonas sp.	SC1-HHS-HEALTHY-CONTROL-HEALTH	Host_Health_State_SD	healthy/control	true
GCA_057046725.1	SAMN50509349	Vescimonas sp.	SC1-HHS-HEALTHY-CONTROL-HEALTH	Host_Health_State_SD_Detail	healthy/control	false
GCA_057046725.1	SAMN50509349	Vescimonas sp.	SC1-HHS-HEALTHY-CONTROL-HEALTH	Host_Health_State_SD_Method	context_dictionary	false
GCA_057046745.1	SAMN50509347	Candidatus Cryptobacteroides sp.	SC1-HHS-HEALTHY-CONTROL-HEALTH	Host_Health_State_SD	healthy/control	true
GCA_057046745.1	SAMN50509347	Candidatus Cryptobacteroides sp.	SC1-HHS-HEALTHY-CONTROL-HEALTH	Host_Health_State_SD_Detail	healthy/control	false
GCA_057046745.1	SAMN50509347	Candidatus Cryptobacteroides sp.	SC1-HHS-HEALTHY-CONTROL-HEALTH	Host_Health_State_SD_Method	context_dictionary	false
GCA_057046765.1	SAMN50509346	Coprococcus sp.	SC1-HHS-HEALTHY-CONTROL-HEALTH	Host_Health_State_SD	healthy/control	true
GCA_057046765.1	SAMN50509346	Coprococcus sp.	SC1-HHS-HEALTHY-CONTROL-HEALTH	Host_Health_State_SD_Detail	healthy/control	false
GCA_057046765.1	SAMN50509346	Coprococcus sp.	SC1-HHS-HEALTHY-CONTROL-HEALTH	Host_Health_State_SD_Method	context_dictionary	false
GCA_057046775.1	SAMN50509345	Alistipes finegoldii	SC1-HHS-HEALTHY-CONTROL-HEALTH	Host_Health_State_SD	healthy/control	true
GCA_057046775.1	SAMN50509345	Alistipes finegoldii	SC1-HHS-HEALTHY-CONTROL-HEALTH	Host_Health_State_SD_Detail	healthy/control	false
GCA_057046775.1	SAMN50509345	Alistipes finegoldii	SC1-HHS-HEALTHY-CONTROL-HEALTH	Host_Health_State_SD_Method	context_dictionary	false
GCA_057046805.1	SAMN50509344	Eubacteriales bacterium	SC1-HHS-HEALTHY-CONTROL-HEALTH	Host_Health_State_SD	healthy/control	true
GCA_057046805.1	SAMN50509344	Eubacteriales bacterium	SC1-HHS-HEALTHY-CONTROL-HEALTH	Host_Health_State_SD_Detail	healthy/control	false
GCA_057046805.1	SAMN50509344	Eubacteriales bacterium	SC1-HHS-HEALTHY-CONTROL-HEALTH	Host_Health_State_SD_Method	context_dictionary	false
GCA_057046825.1	SAMN50509343	Parabacteroides distasonis	SC1-HHS-HEALTHY-CONTROL-HEALTH	Host_Health_State_SD	healthy/control	true
GCA_057046825.1	SAMN50509343	Parabacteroides distasonis	SC1-HHS-HEALTHY-CONTROL-HEALTH	Host_Health_State_SD_Detail	healthy/control	false
GCA_057046825.1	SAMN50509343	Parabacteroides distasonis	SC1-HHS-HEALTHY-CONTROL-HEALTH	Host_Health_State_SD_Method	context_dictionary	false
GCA_057046845.1	SAMN50509342	Aristaeellaceae bacterium	SC1-HHS-HEALTHY-CONTROL-HEALTH	Host_Health_State_SD	healthy/control	true
GCA_057046845.1	SAMN50509342	Aristaeellaceae bacterium	SC1-HHS-HEALTHY-CONTROL-HEALTH	Host_Health_State_SD_Detail	healthy/control	false
GCA_057046845.1	SAMN50509342	Aristaeellaceae bacterium	SC1-HHS-HEALTHY-CONTROL-HEALTH	Host_Health_State_SD_Method	context_dictionary	false
GCA_057046865.1	SAMN50509341	Flavonifractor plautii	SC1-HHS-HEALTHY-CONTROL-HEALTH	Host_Health_State_SD	healthy/control	true
GCA_057046865.1	SAMN50509341	Flavonifractor plautii	SC1-HHS-HEALTHY-CONTROL-HEALTH	Host_Health_State_SD_Detail	healthy/control	false
GCA_057046865.1	SAMN50509341	Flavonifractor plautii	SC1-HHS-HEALTHY-CONTROL-HEALTH	Host_Health_State_SD_Method	context_dictionary	false
GCA_057046885.1	SAMN50509339	Vescimonas sp.	SC1-HHS-HEALTHY-CONTROL-HEALTH	Host_Health_State_SD	healthy/control	true
GCA_057046885.1	SAMN50509339	Vescimonas sp.	SC1-HHS-HEALTHY-CONTROL-HEALTH	Host_Health_State_SD_Detail	healthy/control	false
GCA_057046885.1	SAMN50509339	Vescimonas sp.	SC1-HHS-HEALTHY-CONTROL-HEALTH	Host_Health_State_SD_Method	context_dictionary	false
GCA_057046905.1	SAMN50509340	Succiniclasticum sp.	SC1-HHS-HEALTHY-CONTROL-HEALTH	Host_Health_State_SD	healthy/control	true
GCA_057046905.1	SAMN50509340	Succiniclasticum sp.	SC1-HHS-HEALTHY-CONTROL-HEALTH	Host_Health_State_SD_Detail	healthy/control	false
GCA_057046905.1	SAMN50509340	Succiniclasticum sp.	SC1-HHS-HEALTHY-CONTROL-HEALTH	Host_Health_State_SD_Method	context_dictionary	false
GCA_057046925.1	SAMN50509338	Suilimivivens aceti	SC1-HHS-HEALTHY-CONTROL-HEALTH	Host_Health_State_SD	healthy/control	true
GCA_057046925.1	SAMN50509338	Suilimivivens aceti	SC1-HHS-HEALTHY-CONTROL-HEALTH	Host_Health_State_SD_Detail	healthy/control	false
GCA_057046925.1	SAMN50509338	Suilimivivens aceti	SC1-HHS-HEALTHY-CONTROL-HEALTH	Host_Health_State_SD_Method	context_dictionary	false
GCA_057046945.1	SAMN50509337	Xylanibacter sp.	SC1-HHS-HEALTHY-CONTROL-HEALTH	Host_Health_State_SD	healthy/control	true
GCA_057046945.1	SAMN50509337	Xylanibacter sp.	SC1-HHS-HEALTHY-CONTROL-HEALTH	Host_Health_State_SD_Detail	healthy/control	false
GCA_057046945.1	SAMN50509337	Xylanibacter sp.	SC1-HHS-HEALTHY-CONTROL-HEALTH	Host_Health_State_SD_Method	context_dictionary	false
GCA_057046965.1	SAMN50509336	Phocaeicola sp.	SC1-HHS-HEALTHY-CONTROL-HEALTH	Host_Health_State_SD	healthy/control	true
GCA_057046965.1	SAMN50509336	Phocaeicola sp.	SC1-HHS-HEALTHY-CONTROL-HEALTH	Host_Health_State_SD_Detail	healthy/control	false
GCA_057046965.1	SAMN50509336	Phocaeicola sp.	SC1-HHS-HEALTHY-CONTROL-HEALTH	Host_Health_State_SD_Method	context_dictionary	false
GCA_057046985.1	SAMN50509335	Butyrivibrio sp.	SC1-HHS-HEALTHY-CONTROL-HEALTH	Host_Health_State_SD	healthy/control	true
GCA_057046985.1	SAMN50509335	Butyrivibrio sp.	SC1-HHS-HEALTHY-CONTROL-HEALTH	Host_Health_State_SD_Detail	healthy/control	false
GCA_057046985.1	SAMN50509335	Butyrivibrio sp.	SC1-HHS-HEALTHY-CONTROL-HEALTH	Host_Health_State_SD_Method	context_dictionary	false
GCA_057047005.1	SAMN50509334	Pumilibacteraceae bacterium	SC1-HHS-HEALTHY-CONTROL-HEALTH	Host_Health_State_SD	healthy/control	true
GCA_057047005.1	SAMN50509334	Pumilibacteraceae bacterium	SC1-HHS-HEALTHY-CONTROL-HEALTH	Host_Health_State_SD_Detail	healthy/control	false
GCA_057047005.1	SAMN50509334	Pumilibacteraceae bacterium	SC1-HHS-HEALTHY-CONTROL-HEALTH	Host_Health_State_SD_Method	context_dictionary	false
GCA_057047025.1	SAMN50509333	Ruminococcoides intestinale	SC1-HHS-HEALTHY-CONTROL-HEALTH	Host_Health_State_SD	healthy/control	true
GCA_057047025.1	SAMN50509333	Ruminococcoides intestinale	SC1-HHS-HEALTHY-CONTROL-HEALTH	Host_Health_State_SD_Detail	healthy/control	false
GCA_057047025.1	SAMN50509333	Ruminococcoides intestinale	SC1-HHS-HEALTHY-CONTROL-HEALTH	Host_Health_State_SD_Method	context_dictionary	false
GCA_057047045.1	SAMN50509332	Candidatus Limivicinus sp.	SC1-HHS-HEALTHY-CONTROL-HEALTH	Host_Health_State_SD	healthy/control	true
GCA_057047045.1	SAMN50509332	Candidatus Limivicinus sp.	SC1-HHS-HEALTHY-CONTROL-HEALTH	Host_Health_State_SD_Detail	healthy/control	false
GCA_057047045.1	SAMN50509332	Candidatus Limivicinus sp.	SC1-HHS-HEALTHY-CONTROL-HEALTH	Host_Health_State_SD_Method	context_dictionary	false
GCA_057047065.1	SAMN50509331	Acutalibacteraceae bacterium	SC1-HHS-HEALTHY-CONTROL-HEALTH	Host_Health_State_SD	healthy/control	true
GCA_057047065.1	SAMN50509331	Acutalibacteraceae bacterium	SC1-HHS-HEALTHY-CONTROL-HEALTH	Host_Health_State_SD_Detail	healthy/control	false
GCA_057047065.1	SAMN50509331	Acutalibacteraceae bacterium	SC1-HHS-HEALTHY-CONTROL-HEALTH	Host_Health_State_SD_Method	context_dictionary	false
GCA_057047085.1	SAMN50509330	Gemmiger qucibialis	SC1-HHS-HEALTHY-CONTROL-HEALTH	Host_Health_State_SD	healthy/control	true
GCA_057047085.1	SAMN50509330	Gemmiger qucibialis	SC1-HHS-HEALTHY-CONTROL-HEALTH	Host_Health_State_SD_Detail	healthy/control	false
GCA_057047085.1	SAMN50509330	Gemmiger qucibialis	SC1-HHS-HEALTHY-CONTROL-HEALTH	Host_Health_State_SD_Method	context_dictionary	false
GCA_057047105.1	SAMN50509329	Acutalibacteraceae bacterium	SC1-HHS-HEALTHY-CONTROL-HEALTH	Host_Health_State_SD	healthy/control	true
GCA_057047105.1	SAMN50509329	Acutalibacteraceae bacterium	SC1-HHS-HEALTHY-CONTROL-HEALTH	Host_Health_State_SD_Detail	healthy/control	false
GCA_057047105.1	SAMN50509329	Acutalibacteraceae bacterium	SC1-HHS-HEALTHY-CONTROL-HEALTH	Host_Health_State_SD_Method	context_dictionary	false
GCA_057047125.1	SAMN50509328	Eubacteriales bacterium	SC1-HHS-HEALTHY-CONTROL-HEALTH	Host_Health_State_SD	healthy/control	true
GCA_057047125.1	SAMN50509328	Eubacteriales bacterium	SC1-HHS-HEALTHY-CONTROL-HEALTH	Host_Health_State_SD_Detail	healthy/control	false
GCA_057047125.1	SAMN50509328	Eubacteriales bacterium	SC1-HHS-HEALTHY-CONTROL-HEALTH	Host_Health_State_SD_Method	context_dictionary	false
GCA_057047145.1	SAMN50509327	Christensenellales bacterium	SC1-HHS-HEALTHY-CONTROL-HEALTH	Host_Health_State_SD	healthy/control	true
GCA_057047145.1	SAMN50509327	Christensenellales bacterium	SC1-HHS-HEALTHY-CONTROL-HEALTH	Host_Health_State_SD_Detail	healthy/control	false
GCA_057047145.1	SAMN50509327	Christensenellales bacterium	SC1-HHS-HEALTHY-CONTROL-HEALTH	Host_Health_State_SD_Method	context_dictionary	false
GCA_057047165.1	SAMN50509326	Victivallaceae bacterium	SC1-HHS-HEALTHY-CONTROL-HEALTH	Host_Health_State_SD	healthy/control	true
GCA_057047165.1	SAMN50509326	Victivallaceae bacterium	SC1-HHS-HEALTHY-CONTROL-HEALTH	Host_Health_State_SD_Detail	healthy/control	false
GCA_057047165.1	SAMN50509326	Victivallaceae bacterium	SC1-HHS-HEALTHY-CONTROL-HEALTH	Host_Health_State_SD_Method	context_dictionary	false
GCA_057047185.1	SAMN50509325	Alistipes putredinis	SC1-HHS-HEALTHY-CONTROL-HEALTH	Host_Health_State_SD	healthy/control	true
GCA_057047185.1	SAMN50509325	Alistipes putredinis	SC1-HHS-HEALTHY-CONTROL-HEALTH	Host_Health_State_SD_Detail	healthy/control	false
GCA_057047185.1	SAMN50509325	Alistipes putredinis	SC1-HHS-HEALTHY-CONTROL-HEALTH	Host_Health_State_SD_Method	context_dictionary	false
GCA_057047205.1	SAMN50509324	Candidatus Ventricola sp.	SC1-HHS-HEALTHY-CONTROL-HEALTH	Host_Health_State_SD	healthy/control	true
GCA_057047205.1	SAMN50509324	Candidatus Ventricola sp.	SC1-HHS-HEALTHY-CONTROL-HEALTH	Host_Health_State_SD_Detail	healthy/control	false
GCA_057047205.1	SAMN50509324	Candidatus Ventricola sp.	SC1-HHS-HEALTHY-CONTROL-HEALTH	Host_Health_State_SD_Method	context_dictionary	false
GCA_057047225.1	SAMN50509323	[Bacteroides] pectinophilus	SC1-HHS-HEALTHY-CONTROL-HEALTH	Host_Health_State_SD	healthy/control	true
GCA_057047225.1	SAMN50509323	[Bacteroides] pectinophilus	SC1-HHS-HEALTHY-CONTROL-HEALTH	Host_Health_State_SD_Detail	healthy/control	false
GCA_057047225.1	SAMN50509323	[Bacteroides] pectinophilus	SC1-HHS-HEALTHY-CONTROL-HEALTH	Host_Health_State_SD_Method	context_dictionary	false
GCA_057047245.1	SAMN50509322	Victivallales bacterium	SC1-HHS-HEALTHY-CONTROL-HEALTH	Host_Health_State_SD	healthy/control	true
GCA_057047245.1	SAMN50509322	Victivallales bacterium	SC1-HHS-HEALTHY-CONTROL-HEALTH	Host_Health_State_SD_Detail	healthy/control	false
GCA_057047245.1	SAMN50509322	Victivallales bacterium	SC1-HHS-HEALTHY-CONTROL-HEALTH	Host_Health_State_SD_Method	context_dictionary	false
GCA_057047265.1	SAMN50509321	Candidatus Alistipes excrementigallinarum	SC1-HHS-HEALTHY-CONTROL-HEALTH	Host_Health_State_SD	healthy/control	true
GCA_057047265.1	SAMN50509321	Candidatus Alistipes excrementigallinarum	SC1-HHS-HEALTHY-CONTROL-HEALTH	Host_Health_State_SD_Detail	healthy/control	false
GCA_057047265.1	SAMN50509321	Candidatus Alistipes excrementigallinarum	SC1-HHS-HEALTHY-CONTROL-HEALTH	Host_Health_State_SD_Method	context_dictionary	false
GCA_057047285.1	SAMN50509320	Christensenellales bacterium	SC1-HHS-HEALTHY-CONTROL-HEALTH	Host_Health_State_SD	healthy/control	true
GCA_057047285.1	SAMN50509320	Christensenellales bacterium	SC1-HHS-HEALTHY-CONTROL-HEALTH	Host_Health_State_SD_Detail	healthy/control	false
GCA_057047285.1	SAMN50509320	Christensenellales bacterium	SC1-HHS-HEALTHY-CONTROL-HEALTH	Host_Health_State_SD_Method	context_dictionary	false
GCA_057047305.1	SAMN50509319	Christensenellales bacterium	SC1-HHS-HEALTHY-CONTROL-HEALTH	Host_Health_State_SD	healthy/control	true
GCA_057047305.1	SAMN50509319	Christensenellales bacterium	SC1-HHS-HEALTHY-CONTROL-HEALTH	Host_Health_State_SD_Detail	healthy/control	false
GCA_057047305.1	SAMN50509319	Christensenellales bacterium	SC1-HHS-HEALTHY-CONTROL-HEALTH	Host_Health_State_SD_Method	context_dictionary	false
GCA_057047325.1	SAMN50509318	Christensenellales bacterium	SC1-HHS-HEALTHY-CONTROL-HEALTH	Host_Health_State_SD	healthy/control	true
GCA_057047325.1	SAMN50509318	Christensenellales bacterium	SC1-HHS-HEALTHY-CONTROL-HEALTH	Host_Health_State_SD_Detail	healthy/control	false
GCA_057047325.1	SAMN50509318	Christensenellales bacterium	SC1-HHS-HEALTHY-CONTROL-HEALTH	Host_Health_State_SD_Method	context_dictionary	false
GCA_057047345.1	SAMN50509317	Oscillospiraceae bacterium	SC1-HHS-HEALTHY-CONTROL-HEALTH	Host_Health_State_SD	healthy/control	true
GCA_057047345.1	SAMN50509317	Oscillospiraceae bacterium	SC1-HHS-HEALTHY-CONTROL-HEALTH	Host_Health_State_SD_Detail	healthy/control	false
GCA_057047345.1	SAMN50509317	Oscillospiraceae bacterium	SC1-HHS-HEALTHY-CONTROL-HEALTH	Host_Health_State_SD_Method	context_dictionary	false
GCA_057047365.1	SAMN50509316	Vescimonas sp.	SC1-HHS-HEALTHY-CONTROL-HEALTH	Host_Health_State_SD	healthy/control	true
GCA_057047365.1	SAMN50509316	Vescimonas sp.	SC1-HHS-HEALTHY-CONTROL-HEALTH	Host_Health_State_SD_Detail	healthy/control	false
GCA_057047365.1	SAMN50509316	Vescimonas sp.	SC1-HHS-HEALTHY-CONTROL-HEALTH	Host_Health_State_SD_Method	context_dictionary	false
GCA_057421155.1	SAMN50510498	Alistipes putredinis	SC1-HHS-HEALTHY-CONTROL-HEALTH	Host_Health_State_SD	healthy/control	true
GCA_057421155.1	SAMN50510498	Alistipes putredinis	SC1-HHS-HEALTHY-CONTROL-HEALTH	Host_Health_State_SD_Detail	healthy/control	false
GCA_057421155.1	SAMN50510498	Alistipes putredinis	SC1-HHS-HEALTHY-CONTROL-HEALTH	Host_Health_State_SD_Method	context_dictionary	false
GCA_057421175.1	SAMN50510499	Alistipes shahii	SC1-HHS-HEALTHY-CONTROL-HEALTH	Host_Health_State_SD	healthy/control	true
GCA_057421175.1	SAMN50510499	Alistipes shahii	SC1-HHS-HEALTHY-CONTROL-HEALTH	Host_Health_State_SD_Detail	healthy/control	false
GCA_057421175.1	SAMN50510499	Alistipes shahii	SC1-HHS-HEALTHY-CONTROL-HEALTH	Host_Health_State_SD_Method	context_dictionary	false
GCA_057421195.1	SAMN50510496	Oscillospiraceae bacterium	SC1-HHS-HEALTHY-CONTROL-HEALTH	Host_Health_State_SD	healthy/control	true
GCA_057421195.1	SAMN50510496	Oscillospiraceae bacterium	SC1-HHS-HEALTHY-CONTROL-HEALTH	Host_Health_State_SD_Detail	healthy/control	false
GCA_057421195.1	SAMN50510496	Oscillospiraceae bacterium	SC1-HHS-HEALTHY-CONTROL-HEALTH	Host_Health_State_SD_Method	context_dictionary	false
GCA_057421215.1	SAMN50510497	Candidatus Fusicatenibacter intestinipullorum	SC1-HHS-HEALTHY-CONTROL-HEALTH	Host_Health_State_SD	healthy/control	true
GCA_057421215.1	SAMN50510497	Candidatus Fusicatenibacter intestinipullorum	SC1-HHS-HEALTHY-CONTROL-HEALTH	Host_Health_State_SD_Detail	healthy/control	false
GCA_057421215.1	SAMN50510497	Candidatus Fusicatenibacter intestinipullorum	SC1-HHS-HEALTHY-CONTROL-HEALTH	Host_Health_State_SD_Method	context_dictionary	false
GCA_057421235.1	SAMN50510494	Candidatus Limisoma sp.	SC1-HHS-HEALTHY-CONTROL-HEALTH	Host_Health_State_SD	healthy/control	true
GCA_057421235.1	SAMN50510494	Candidatus Limisoma sp.	SC1-HHS-HEALTHY-CONTROL-HEALTH	Host_Health_State_SD_Detail	healthy/control	false
GCA_057421235.1	SAMN50510494	Candidatus Limisoma sp.	SC1-HHS-HEALTHY-CONTROL-HEALTH	Host_Health_State_SD_Method	context_dictionary	false
GCA_057421245.1	SAMN50510495	Bacteroides caccae	SC1-HHS-HEALTHY-CONTROL-HEALTH	Host_Health_State_SD	healthy/control	true
GCA_057421245.1	SAMN50510495	Bacteroides caccae	SC1-HHS-HEALTHY-CONTROL-HEALTH	Host_Health_State_SD_Detail	healthy/control	false
GCA_057421245.1	SAMN50510495	Bacteroides caccae	SC1-HHS-HEALTHY-CONTROL-HEALTH	Host_Health_State_SD_Method	context_dictionary	false
GCA_057421275.1	SAMN50510493	Parabacteroides merdae	SC1-HHS-HEALTHY-CONTROL-HEALTH	Host_Health_State_SD	healthy/control	true
GCA_057421275.1	SAMN50510493	Parabacteroides merdae	SC1-HHS-HEALTHY-CONTROL-HEALTH	Host_Health_State_SD_Detail	healthy/control	false
GCA_057421275.1	SAMN50510493	Parabacteroides merdae	SC1-HHS-HEALTHY-CONTROL-HEALTH	Host_Health_State_SD_Method	context_dictionary	false
GCA_057421295.1	SAMN50510492	Ruthenibacterium lactatiformans	SC1-HHS-HEALTHY-CONTROL-HEALTH	Host_Health_State_SD	healthy/control	true
GCA_057421295.1	SAMN50510492	Ruthenibacterium lactatiformans	SC1-HHS-HEALTHY-CONTROL-HEALTH	Host_Health_State_SD_Detail	healthy/control	false
GCA_057421295.1	SAMN50510492	Ruthenibacterium lactatiformans	SC1-HHS-HEALTHY-CONTROL-HEALTH	Host_Health_State_SD_Method	context_dictionary	false
GCA_057421315.1	SAMN50510491	Xylanibacter rarus	SC1-HHS-HEALTHY-CONTROL-HEALTH	Host_Health_State_SD	healthy/control	true
GCA_057421315.1	SAMN50510491	Xylanibacter rarus	SC1-HHS-HEALTHY-CONTROL-HEALTH	Host_Health_State_SD_Detail	healthy/control	false
GCA_057421315.1	SAMN50510491	Xylanibacter rarus	SC1-HHS-HEALTHY-CONTROL-HEALTH	Host_Health_State_SD_Method	context_dictionary	false
GCA_057421335.1	SAMN50510490	Ruminococcoides intestinale	SC1-HHS-HEALTHY-CONTROL-HEALTH	Host_Health_State_SD	healthy/control	true
GCA_057421335.1	SAMN50510490	Ruminococcoides intestinale	SC1-HHS-HEALTHY-CONTROL-HEALTH	Host_Health_State_SD_Detail	healthy/control	false
GCA_057421335.1	SAMN50510490	Ruminococcoides intestinale	SC1-HHS-HEALTHY-CONTROL-HEALTH	Host_Health_State_SD_Method	context_dictionary	false
GCA_057421355.1	SAMN50510489	Alistipes ihumii	SC1-HHS-HEALTHY-CONTROL-HEALTH	Host_Health_State_SD	healthy/control	true
GCA_057421355.1	SAMN50510489	Alistipes ihumii	SC1-HHS-HEALTHY-CONTROL-HEALTH	Host_Health_State_SD_Detail	healthy/control	false
GCA_057421355.1	SAMN50510489	Alistipes ihumii	SC1-HHS-HEALTHY-CONTROL-HEALTH	Host_Health_State_SD_Method	context_dictionary	false
GCA_057421375.1	SAMN50510488	Blautia wexlerae	SC1-HHS-HEALTHY-CONTROL-HEALTH	Host_Health_State_SD	healthy/control	true
GCA_057421375.1	SAMN50510488	Blautia wexlerae	SC1-HHS-HEALTHY-CONTROL-HEALTH	Host_Health_State_SD_Detail	healthy/control	false
GCA_057421375.1	SAMN50510488	Blautia wexlerae	SC1-HHS-HEALTHY-CONTROL-HEALTH	Host_Health_State_SD_Method	context_dictionary	false
GCA_057421395.1	SAMN50510487	Akkermansia muciniphila	SC1-HHS-HEALTHY-CONTROL-HEALTH	Host_Health_State_SD	healthy/control	true
GCA_057421395.1	SAMN50510487	Akkermansia muciniphila	SC1-HHS-HEALTHY-CONTROL-HEALTH	Host_Health_State_SD_Detail	healthy/control	false
GCA_057421395.1	SAMN50510487	Akkermansia muciniphila	SC1-HHS-HEALTHY-CONTROL-HEALTH	Host_Health_State_SD_Method	context_dictionary	false
GCA_057421415.1	SAMN50510486	Segatella copri	SC1-HHS-HEALTHY-CONTROL-HEALTH	Host_Health_State_SD	healthy/control	true
GCA_057421415.1	SAMN50510486	Segatella copri	SC1-HHS-HEALTHY-CONTROL-HEALTH	Host_Health_State_SD_Detail	healthy/control	false
GCA_057421415.1	SAMN50510486	Segatella copri	SC1-HHS-HEALTHY-CONTROL-HEALTH	Host_Health_State_SD_Method	context_dictionary	false
GCA_057421435.1	SAMN50510485	Candidatus Duodenibacillus intestinavium	SC1-HHS-HEALTHY-CONTROL-HEALTH	Host_Health_State_SD	healthy/control	true
GCA_057421435.1	SAMN50510485	Candidatus Duodenibacillus intestinavium	SC1-HHS-HEALTHY-CONTROL-HEALTH	Host_Health_State_SD_Detail	healthy/control	false
GCA_057421435.1	SAMN50510485	Candidatus Duodenibacillus intestinavium	SC1-HHS-HEALTHY-CONTROL-HEALTH	Host_Health_State_SD_Method	context_dictionary	false
GCA_057421455.1	SAMN50510484	Oscillospiraceae bacterium	SC1-HHS-HEALTHY-CONTROL-HEALTH	Host_Health_State_SD	healthy/control	true
GCA_057421455.1	SAMN50510484	Oscillospiraceae bacterium	SC1-HHS-HEALTHY-CONTROL-HEALTH	Host_Health_State_SD_Detail	healthy/control	false
GCA_057421455.1	SAMN50510484	Oscillospiraceae bacterium	SC1-HHS-HEALTHY-CONTROL-HEALTH	Host_Health_State_SD_Method	context_dictionary	false
GCA_057608125.1	SAMN50509856	Escherichia coli	SC1-HHS-HEALTHY-CONTROL-HEALTH	Host_Health_State_SD	healthy/control	true
GCA_057608125.1	SAMN50509856	Escherichia coli	SC1-HHS-HEALTHY-CONTROL-HEALTH	Host_Health_State_SD_Detail	healthy/control	false
GCA_057608125.1	SAMN50509856	Escherichia coli	SC1-HHS-HEALTHY-CONTROL-HEALTH	Host_Health_State_SD_Method	context_dictionary	false
GCA_057608145.1	SAMN50509855	Parabacteroides merdae	SC1-HHS-HEALTHY-CONTROL-HEALTH	Host_Health_State_SD	healthy/control	true
GCA_057608145.1	SAMN50509855	Parabacteroides merdae	SC1-HHS-HEALTHY-CONTROL-HEALTH	Host_Health_State_SD_Detail	healthy/control	false
GCA_057608145.1	SAMN50509855	Parabacteroides merdae	SC1-HHS-HEALTHY-CONTROL-HEALTH	Host_Health_State_SD_Method	context_dictionary	false
GCA_057608165.1	SAMN50509854	Alphaproteobacteria bacterium	SC1-HHS-HEALTHY-CONTROL-HEALTH	Host_Health_State_SD	healthy/control	true
GCA_057608165.1	SAMN50509854	Alphaproteobacteria bacterium	SC1-HHS-HEALTHY-CONTROL-HEALTH	Host_Health_State_SD_Detail	healthy/control	false
GCA_057608165.1	SAMN50509854	Alphaproteobacteria bacterium	SC1-HHS-HEALTHY-CONTROL-HEALTH	Host_Health_State_SD_Method	context_dictionary	false
GCA_057608185.1	SAMN50509853	Bilophila wadsworthia	SC1-HHS-HEALTHY-CONTROL-HEALTH	Host_Health_State_SD	healthy/control	true
GCA_057608185.1	SAMN50509853	Bilophila wadsworthia	SC1-HHS-HEALTHY-CONTROL-HEALTH	Host_Health_State_SD_Detail	healthy/control	false
GCA_057608185.1	SAMN50509853	Bilophila wadsworthia	SC1-HHS-HEALTHY-CONTROL-HEALTH	Host_Health_State_SD_Method	context_dictionary	false
GCA_057608205.1	SAMN50509852	Acutalibacteraceae bacterium	SC1-HHS-HEALTHY-CONTROL-HEALTH	Host_Health_State_SD	healthy/control	true
GCA_057608205.1	SAMN50509852	Acutalibacteraceae bacterium	SC1-HHS-HEALTHY-CONTROL-HEALTH	Host_Health_State_SD_Detail	healthy/control	false
GCA_057608205.1	SAMN50509852	Acutalibacteraceae bacterium	SC1-HHS-HEALTHY-CONTROL-HEALTH	Host_Health_State_SD_Method	context_dictionary	false
GCA_057608225.1	SAMN50509851	[Eubacterium] siraeum	SC1-HHS-HEALTHY-CONTROL-HEALTH	Host_Health_State_SD	healthy/control	true
GCA_057608225.1	SAMN50509851	[Eubacterium] siraeum	SC1-HHS-HEALTHY-CONTROL-HEALTH	Host_Health_State_SD_Detail	healthy/control	false
GCA_057608225.1	SAMN50509851	[Eubacterium] siraeum	SC1-HHS-HEALTHY-CONTROL-HEALTH	Host_Health_State_SD_Method	context_dictionary	false
GCA_057608245.1	SAMN50509850	Akkermansia massiliensis	SC1-HHS-HEALTHY-CONTROL-HEALTH	Host_Health_State_SD	healthy/control	true
GCA_057608245.1	SAMN50509850	Akkermansia massiliensis	SC1-HHS-HEALTHY-CONTROL-HEALTH	Host_Health_State_SD_Detail	healthy/control	false
GCA_057608245.1	SAMN50509850	Akkermansia massiliensis	SC1-HHS-HEALTHY-CONTROL-HEALTH	Host_Health_State_SD_Method	context_dictionary	false
GCA_057608265.1	SAMN50509849	Xylanibacter rarus	SC1-HHS-HEALTHY-CONTROL-HEALTH	Host_Health_State_SD	healthy/control	true
GCA_057608265.1	SAMN50509849	Xylanibacter rarus	SC1-HHS-HEALTHY-CONTROL-HEALTH	Host_Health_State_SD_Detail	healthy/control	false
GCA_057608265.1	SAMN50509849	Xylanibacter rarus	SC1-HHS-HEALTHY-CONTROL-HEALTH	Host_Health_State_SD_Method	context_dictionary	false
GCA_057608285.1	SAMN50509848	Acidaminococcus intestini	SC1-HHS-HEALTHY-CONTROL-HEALTH	Host_Health_State_SD	healthy/control	true
GCA_057608285.1	SAMN50509848	Acidaminococcus intestini	SC1-HHS-HEALTHY-CONTROL-HEALTH	Host_Health_State_SD_Detail	healthy/control	false
GCA_057608285.1	SAMN50509848	Acidaminococcus intestini	SC1-HHS-HEALTHY-CONTROL-HEALTH	Host_Health_State_SD_Method	context_dictionary	false
GCA_057608325.1	SAMN50509846	Candidatus Stercorousia faecigallinarum	SC1-HHS-HEALTHY-CONTROL-HEALTH	Host_Health_State_SD	healthy/control	true
GCA_057608325.1	SAMN50509846	Candidatus Stercorousia faecigallinarum	SC1-HHS-HEALTHY-CONTROL-HEALTH	Host_Health_State_SD_Detail	healthy/control	false
GCA_057608325.1	SAMN50509846	Candidatus Stercorousia faecigallinarum	SC1-HHS-HEALTHY-CONTROL-HEALTH	Host_Health_State_SD_Method	context_dictionary	false
GCA_057608345.1	SAMN50509845	Ruminococcus intestinalis	SC1-HHS-HEALTHY-CONTROL-HEALTH	Host_Health_State_SD	healthy/control	true
GCA_057608345.1	SAMN50509845	Ruminococcus intestinalis	SC1-HHS-HEALTHY-CONTROL-HEALTH	Host_Health_State_SD_Detail	healthy/control	false
GCA_057608345.1	SAMN50509845	Ruminococcus intestinalis	SC1-HHS-HEALTHY-CONTROL-HEALTH	Host_Health_State_SD_Method	context_dictionary	false
GCA_057608365.1	SAMN50509844	Barnesiella intestinihominis	SC1-HHS-HEALTHY-CONTROL-HEALTH	Host_Health_State_SD	healthy/control	true
GCA_057608365.1	SAMN50509844	Barnesiella intestinihominis	SC1-HHS-HEALTHY-CONTROL-HEALTH	Host_Health_State_SD_Detail	healthy/control	false
GCA_057608365.1	SAMN50509844	Barnesiella intestinihominis	SC1-HHS-HEALTHY-CONTROL-HEALTH	Host_Health_State_SD_Method	context_dictionary	false
GCA_057608385.1	SAMN50509843	Candidatus Scatenecus faecavium	SC1-HHS-HEALTHY-CONTROL-HEALTH	Host_Health_State_SD	healthy/control	true
GCA_057608385.1	SAMN50509843	Candidatus Scatenecus faecavium	SC1-HHS-HEALTHY-CONTROL-HEALTH	Host_Health_State_SD_Detail	healthy/control	false
GCA_057608385.1	SAMN50509843	Candidatus Scatenecus faecavium	SC1-HHS-HEALTHY-CONTROL-HEALTH	Host_Health_State_SD_Method	context_dictionary	false
GCA_057608405.1	SAMN50509841	Candidatus Merdicola sp.	SC1-HHS-HEALTHY-CONTROL-HEALTH	Host_Health_State_SD	healthy/control	true
GCA_057608405.1	SAMN50509841	Candidatus Merdicola sp.	SC1-HHS-HEALTHY-CONTROL-HEALTH	Host_Health_State_SD_Detail	healthy/control	false
GCA_057608405.1	SAMN50509841	Candidatus Merdicola sp.	SC1-HHS-HEALTHY-CONTROL-HEALTH	Host_Health_State_SD_Method	context_dictionary	false
GCA_057608425.1	SAMN50509842	Bacteroides uniformis	SC1-HHS-HEALTHY-CONTROL-HEALTH	Host_Health_State_SD	healthy/control	true
GCA_057608425.1	SAMN50509842	Bacteroides uniformis	SC1-HHS-HEALTHY-CONTROL-HEALTH	Host_Health_State_SD_Detail	healthy/control	false
GCA_057608425.1	SAMN50509842	Bacteroides uniformis	SC1-HHS-HEALTHY-CONTROL-HEALTH	Host_Health_State_SD_Method	context_dictionary	false
GCA_057608445.1	SAMN50509840	Dakarella massiliensis	SC1-HHS-HEALTHY-CONTROL-HEALTH	Host_Health_State_SD	healthy/control	true
GCA_057608445.1	SAMN50509840	Dakarella massiliensis	SC1-HHS-HEALTHY-CONTROL-HEALTH	Host_Health_State_SD_Detail	healthy/control	false
GCA_057608445.1	SAMN50509840	Dakarella massiliensis	SC1-HHS-HEALTHY-CONTROL-HEALTH	Host_Health_State_SD_Method	context_dictionary	false
GCA_057608465.1	SAMN50509839	Alistipes putredinis	SC1-HHS-HEALTHY-CONTROL-HEALTH	Host_Health_State_SD	healthy/control	true
GCA_057608465.1	SAMN50509839	Alistipes putredinis	SC1-HHS-HEALTHY-CONTROL-HEALTH	Host_Health_State_SD_Detail	healthy/control	false
GCA_057608465.1	SAMN50509839	Alistipes putredinis	SC1-HHS-HEALTHY-CONTROL-HEALTH	Host_Health_State_SD_Method	context_dictionary	false
GCA_057608485.1	SAMN50509838	Phascolarctobacterium faecium	SC1-HHS-HEALTHY-CONTROL-HEALTH	Host_Health_State_SD	healthy/control	true
GCA_057608485.1	SAMN50509838	Phascolarctobacterium faecium	SC1-HHS-HEALTHY-CONTROL-HEALTH	Host_Health_State_SD_Detail	healthy/control	false
GCA_057608485.1	SAMN50509838	Phascolarctobacterium faecium	SC1-HHS-HEALTHY-CONTROL-HEALTH	Host_Health_State_SD_Method	context_dictionary	false
GCA_057608505.1	SAMN50509837	Bacteroides caccae	SC1-HHS-HEALTHY-CONTROL-HEALTH	Host_Health_State_SD	healthy/control	true
GCA_057608505.1	SAMN50509837	Bacteroides caccae	SC1-HHS-HEALTHY-CONTROL-HEALTH	Host_Health_State_SD_Detail	healthy/control	false
GCA_057608505.1	SAMN50509837	Bacteroides caccae	SC1-HHS-HEALTHY-CONTROL-HEALTH	Host_Health_State_SD_Method	context_dictionary	false
GCA_057608525.1	SAMN50509836	Candidatus Alistipes excrementigallinarum	SC1-HHS-HEALTHY-CONTROL-HEALTH	Host_Health_State_SD	healthy/control	true
GCA_057608525.1	SAMN50509836	Candidatus Alistipes excrementigallinarum	SC1-HHS-HEALTHY-CONTROL-HEALTH	Host_Health_State_SD_Detail	healthy/control	false
GCA_057608525.1	SAMN50509836	Candidatus Alistipes excrementigallinarum	SC1-HHS-HEALTHY-CONTROL-HEALTH	Host_Health_State_SD_Method	context_dictionary	false
GCA_057608545.1	SAMN50509835	Mailhella sp.	SC1-HHS-HEALTHY-CONTROL-HEALTH	Host_Health_State_SD	healthy/control	true
GCA_057608545.1	SAMN50509835	Mailhella sp.	SC1-HHS-HEALTHY-CONTROL-HEALTH	Host_Health_State_SD_Detail	healthy/control	false
GCA_057608545.1	SAMN50509835	Mailhella sp.	SC1-HHS-HEALTHY-CONTROL-HEALTH	Host_Health_State_SD_Method	context_dictionary	false
GCA_057608565.1	SAMN50509834	Alphaproteobacteria bacterium	SC1-HHS-HEALTHY-CONTROL-HEALTH	Host_Health_State_SD	healthy/control	true
GCA_057608565.1	SAMN50509834	Alphaproteobacteria bacterium	SC1-HHS-HEALTHY-CONTROL-HEALTH	Host_Health_State_SD_Detail	healthy/control	false
GCA_057608565.1	SAMN50509834	Alphaproteobacteria bacterium	SC1-HHS-HEALTHY-CONTROL-HEALTH	Host_Health_State_SD_Method	context_dictionary	false
GCA_057608585.1	SAMN50509833	Parabacteroides distasonis	SC1-HHS-HEALTHY-CONTROL-HEALTH	Host_Health_State_SD	healthy/control	true
GCA_057608585.1	SAMN50509833	Parabacteroides distasonis	SC1-HHS-HEALTHY-CONTROL-HEALTH	Host_Health_State_SD_Detail	healthy/control	false
GCA_057608585.1	SAMN50509833	Parabacteroides distasonis	SC1-HHS-HEALTHY-CONTROL-HEALTH	Host_Health_State_SD_Method	context_dictionary	false
GCA_057608605.1	SAMN50509832	Muribaculaceae bacterium	SC1-HHS-HEALTHY-CONTROL-HEALTH	Host_Health_State_SD	healthy/control	true
GCA_057608605.1	SAMN50509832	Muribaculaceae bacterium	SC1-HHS-HEALTHY-CONTROL-HEALTH	Host_Health_State_SD_Detail	healthy/control	false
GCA_057608605.1	SAMN50509832	Muribaculaceae bacterium	SC1-HHS-HEALTHY-CONTROL-HEALTH	Host_Health_State_SD_Method	context_dictionary	false
GCA_057608625.1	SAMN50509830	Candidatus Fusicatenibacter intestinipullorum	SC1-HHS-HEALTHY-CONTROL-HEALTH	Host_Health_State_SD	healthy/control	true
GCA_057608625.1	SAMN50509830	Candidatus Fusicatenibacter intestinipullorum	SC1-HHS-HEALTHY-CONTROL-HEALTH	Host_Health_State_SD_Detail	healthy/control	false
GCA_057608625.1	SAMN50509830	Candidatus Fusicatenibacter intestinipullorum	SC1-HHS-HEALTHY-CONTROL-HEALTH	Host_Health_State_SD_Method	context_dictionary	false
GCA_057608645.1	SAMN50509831	Akkermansia muciniphila	SC1-HHS-HEALTHY-CONTROL-HEALTH	Host_Health_State_SD	healthy/control	true
GCA_057608645.1	SAMN50509831	Akkermansia muciniphila	SC1-HHS-HEALTHY-CONTROL-HEALTH	Host_Health_State_SD_Detail	healthy/control	false
GCA_057608645.1	SAMN50509831	Akkermansia muciniphila	SC1-HHS-HEALTHY-CONTROL-HEALTH	Host_Health_State_SD_Method	context_dictionary	false
GCA_057608665.1	SAMN50509829	Dakarella massiliensis	SC1-HHS-HEALTHY-CONTROL-HEALTH	Host_Health_State_SD	healthy/control	true
GCA_057608665.1	SAMN50509829	Dakarella massiliensis	SC1-HHS-HEALTHY-CONTROL-HEALTH	Host_Health_State_SD_Detail	healthy/control	false
GCA_057608665.1	SAMN50509829	Dakarella massiliensis	SC1-HHS-HEALTHY-CONTROL-HEALTH	Host_Health_State_SD_Method	context_dictionary	false
GCA_057608685.1	SAMN50509828	Alistipes putredinis	SC1-HHS-HEALTHY-CONTROL-HEALTH	Host_Health_State_SD	healthy/control	true
GCA_057608685.1	SAMN50509828	Alistipes putredinis	SC1-HHS-HEALTHY-CONTROL-HEALTH	Host_Health_State_SD_Detail	healthy/control	false
GCA_057608685.1	SAMN50509828	Alistipes putredinis	SC1-HHS-HEALTHY-CONTROL-HEALTH	Host_Health_State_SD_Method	context_dictionary	false
GCA_057608705.1	SAMN50509827	Ruminococcus callidus	SC1-HHS-HEALTHY-CONTROL-HEALTH	Host_Health_State_SD	healthy/control	true
GCA_057608705.1	SAMN50509827	Ruminococcus callidus	SC1-HHS-HEALTHY-CONTROL-HEALTH	Host_Health_State_SD_Detail	healthy/control	false
GCA_057608705.1	SAMN50509827	Ruminococcus callidus	SC1-HHS-HEALTHY-CONTROL-HEALTH	Host_Health_State_SD_Method	context_dictionary	false
GCA_057608725.1	SAMN50509826	Roseburia faecis	SC1-HHS-HEALTHY-CONTROL-HEALTH	Host_Health_State_SD	healthy/control	true
GCA_057608725.1	SAMN50509826	Roseburia faecis	SC1-HHS-HEALTHY-CONTROL-HEALTH	Host_Health_State_SD_Detail	healthy/control	false
GCA_057608725.1	SAMN50509826	Roseburia faecis	SC1-HHS-HEALTHY-CONTROL-HEALTH	Host_Health_State_SD_Method	context_dictionary	false
GCA_057608745.1	SAMN50509825	Candidatus Flemingiibacterium sp.	SC1-HHS-HEALTHY-CONTROL-HEALTH	Host_Health_State_SD	healthy/control	true
GCA_057608745.1	SAMN50509825	Candidatus Flemingiibacterium sp.	SC1-HHS-HEALTHY-CONTROL-HEALTH	Host_Health_State_SD_Detail	healthy/control	false
GCA_057608745.1	SAMN50509825	Candidatus Flemingiibacterium sp.	SC1-HHS-HEALTHY-CONTROL-HEALTH	Host_Health_State_SD_Method	context_dictionary	false
GCA_057608765.1	SAMN50509824	Oxalobacter paeniformigenes	SC1-HHS-HEALTHY-CONTROL-HEALTH	Host_Health_State_SD	healthy/control	true
GCA_057608765.1	SAMN50509824	Oxalobacter paeniformigenes	SC1-HHS-HEALTHY-CONTROL-HEALTH	Host_Health_State_SD_Detail	healthy/control	false
GCA_057608765.1	SAMN50509824	Oxalobacter paeniformigenes	SC1-HHS-HEALTHY-CONTROL-HEALTH	Host_Health_State_SD_Method	context_dictionary	false
GCA_057608785.1	SAMN50509823	Ruminococcoides intestinale	SC1-HHS-HEALTHY-CONTROL-HEALTH	Host_Health_State_SD	healthy/control	true
GCA_057608785.1	SAMN50509823	Ruminococcoides intestinale	SC1-HHS-HEALTHY-CONTROL-HEALTH	Host_Health_State_SD_Detail	healthy/control	false
GCA_057608785.1	SAMN50509823	Ruminococcoides intestinale	SC1-HHS-HEALTHY-CONTROL-HEALTH	Host_Health_State_SD_Method	context_dictionary	false
GCA_057608805.1	SAMN50509822	Butyricimonas faecihominis	SC1-HHS-HEALTHY-CONTROL-HEALTH	Host_Health_State_SD	healthy/control	true
GCA_057608805.1	SAMN50509822	Butyricimonas faecihominis	SC1-HHS-HEALTHY-CONTROL-HEALTH	Host_Health_State_SD_Detail	healthy/control	false
GCA_057608805.1	SAMN50509822	Butyricimonas faecihominis	SC1-HHS-HEALTHY-CONTROL-HEALTH	Host_Health_State_SD_Method	context_dictionary	false
GCA_057608825.1	SAMN50509821	Christensenellales bacterium	SC1-HHS-HEALTHY-CONTROL-HEALTH	Host_Health_State_SD	healthy/control	true
GCA_057608825.1	SAMN50509821	Christensenellales bacterium	SC1-HHS-HEALTHY-CONTROL-HEALTH	Host_Health_State_SD_Detail	healthy/control	false
GCA_057608825.1	SAMN50509821	Christensenellales bacterium	SC1-HHS-HEALTHY-CONTROL-HEALTH	Host_Health_State_SD_Method	context_dictionary	false
GCA_057608845.1	SAMN50509820	Coprococcus aceti	SC1-HHS-HEALTHY-CONTROL-HEALTH	Host_Health_State_SD	healthy/control	true
GCA_057608845.1	SAMN50509820	Coprococcus aceti	SC1-HHS-HEALTHY-CONTROL-HEALTH	Host_Health_State_SD_Detail	healthy/control	false
GCA_057608845.1	SAMN50509820	Coprococcus aceti	SC1-HHS-HEALTHY-CONTROL-HEALTH	Host_Health_State_SD_Method	context_dictionary	false
GCA_057608865.1	SAMN50509818	Barnesiella intestinihominis	SC1-HHS-HEALTHY-CONTROL-HEALTH	Host_Health_State_SD	healthy/control	true
GCA_057608865.1	SAMN50509818	Barnesiella intestinihominis	SC1-HHS-HEALTHY-CONTROL-HEALTH	Host_Health_State_SD_Detail	healthy/control	false
GCA_057608865.1	SAMN50509818	Barnesiella intestinihominis	SC1-HHS-HEALTHY-CONTROL-HEALTH	Host_Health_State_SD_Method	context_dictionary	false
GCA_057608885.1	SAMN50509817	Vescimonas sp.	SC1-HHS-HEALTHY-CONTROL-HEALTH	Host_Health_State_SD	healthy/control	true
GCA_057608885.1	SAMN50509817	Vescimonas sp.	SC1-HHS-HEALTHY-CONTROL-HEALTH	Host_Health_State_SD_Detail	healthy/control	false
GCA_057608885.1	SAMN50509817	Vescimonas sp.	SC1-HHS-HEALTHY-CONTROL-HEALTH	Host_Health_State_SD_Method	context_dictionary	false
GCA_057608905.1	SAMN50509819	Candidatus Scatosoma sp.	SC1-HHS-HEALTHY-CONTROL-HEALTH	Host_Health_State_SD	healthy/control	true
GCA_057608905.1	SAMN50509819	Candidatus Scatosoma sp.	SC1-HHS-HEALTHY-CONTROL-HEALTH	Host_Health_State_SD_Detail	healthy/control	false
GCA_057608905.1	SAMN50509819	Candidatus Scatosoma sp.	SC1-HHS-HEALTHY-CONTROL-HEALTH	Host_Health_State_SD_Method	context_dictionary	false
GCA_057608925.1	SAMN50509816	Faecalibacterium duncaniae	SC1-HHS-HEALTHY-CONTROL-HEALTH	Host_Health_State_SD	healthy/control	true
GCA_057608925.1	SAMN50509816	Faecalibacterium duncaniae	SC1-HHS-HEALTHY-CONTROL-HEALTH	Host_Health_State_SD_Detail	healthy/control	false
GCA_057608925.1	SAMN50509816	Faecalibacterium duncaniae	SC1-HHS-HEALTHY-CONTROL-HEALTH	Host_Health_State_SD_Method	context_dictionary	false
GCA_057608945.1	SAMN50509815	Butyribacter sp.	SC1-HHS-HEALTHY-CONTROL-HEALTH	Host_Health_State_SD	healthy/control	true
GCA_057608945.1	SAMN50509815	Butyribacter sp.	SC1-HHS-HEALTHY-CONTROL-HEALTH	Host_Health_State_SD_Detail	healthy/control	false
GCA_057608945.1	SAMN50509815	Butyribacter sp.	SC1-HHS-HEALTHY-CONTROL-HEALTH	Host_Health_State_SD_Method	context_dictionary	false
GCA_057608965.1	SAMN50509814	Aristaeellaceae bacterium	SC1-HHS-HEALTHY-CONTROL-HEALTH	Host_Health_State_SD	healthy/control	true
GCA_057608965.1	SAMN50509814	Aristaeellaceae bacterium	SC1-HHS-HEALTHY-CONTROL-HEALTH	Host_Health_State_SD_Detail	healthy/control	false
GCA_057608965.1	SAMN50509814	Aristaeellaceae bacterium	SC1-HHS-HEALTHY-CONTROL-HEALTH	Host_Health_State_SD_Method	context_dictionary	false
GCA_057608985.1	SAMN50509813	Duodenibacillus sp.	SC1-HHS-HEALTHY-CONTROL-HEALTH	Host_Health_State_SD	healthy/control	true
GCA_057608985.1	SAMN50509813	Duodenibacillus sp.	SC1-HHS-HEALTHY-CONTROL-HEALTH	Host_Health_State_SD_Detail	healthy/control	false
GCA_057608985.1	SAMN50509813	Duodenibacillus sp.	SC1-HHS-HEALTHY-CONTROL-HEALTH	Host_Health_State_SD_Method	context_dictionary	false
GCA_057609005.1	SAMN50509812	Odoribacter splanchnicus	SC1-HHS-HEALTHY-CONTROL-HEALTH	Host_Health_State_SD	healthy/control	true
GCA_057609005.1	SAMN50509812	Odoribacter splanchnicus	SC1-HHS-HEALTHY-CONTROL-HEALTH	Host_Health_State_SD_Detail	healthy/control	false
GCA_057609005.1	SAMN50509812	Odoribacter splanchnicus	SC1-HHS-HEALTHY-CONTROL-HEALTH	Host_Health_State_SD_Method	context_dictionary	false
GCA_057609025.1	SAMN50509811	Parabacteroides merdae	SC1-HHS-HEALTHY-CONTROL-HEALTH	Host_Health_State_SD	healthy/control	true
GCA_057609025.1	SAMN50509811	Parabacteroides merdae	SC1-HHS-HEALTHY-CONTROL-HEALTH	Host_Health_State_SD_Detail	healthy/control	false
GCA_057609025.1	SAMN50509811	Parabacteroides merdae	SC1-HHS-HEALTHY-CONTROL-HEALTH	Host_Health_State_SD_Method	context_dictionary	false
GCA_057609045.1	SAMN50509809	Paraprevotella clara	SC1-HHS-HEALTHY-CONTROL-HEALTH	Host_Health_State_SD	healthy/control	true
GCA_057609045.1	SAMN50509809	Paraprevotella clara	SC1-HHS-HEALTHY-CONTROL-HEALTH	Host_Health_State_SD_Detail	healthy/control	false
GCA_057609045.1	SAMN50509809	Paraprevotella clara	SC1-HHS-HEALTHY-CONTROL-HEALTH	Host_Health_State_SD_Method	context_dictionary	false
GCA_057609065.1	SAMN50509810	Fusicatenibacter saccharivorans	SC1-HHS-HEALTHY-CONTROL-HEALTH	Host_Health_State_SD	healthy/control	true
GCA_057609065.1	SAMN50509810	Fusicatenibacter saccharivorans	SC1-HHS-HEALTHY-CONTROL-HEALTH	Host_Health_State_SD_Detail	healthy/control	false
GCA_057609065.1	SAMN50509810	Fusicatenibacter saccharivorans	SC1-HHS-HEALTHY-CONTROL-HEALTH	Host_Health_State_SD_Method	context_dictionary	false
GCA_057609085.1	SAMN50509808	Agathobacter rectalis	SC1-HHS-HEALTHY-CONTROL-HEALTH	Host_Health_State_SD	healthy/control	true
GCA_057609085.1	SAMN50509808	Agathobacter rectalis	SC1-HHS-HEALTHY-CONTROL-HEALTH	Host_Health_State_SD_Detail	healthy/control	false
GCA_057609085.1	SAMN50509808	Agathobacter rectalis	SC1-HHS-HEALTHY-CONTROL-HEALTH	Host_Health_State_SD_Method	context_dictionary	false
GCA_057609105.1	SAMN50509806	Lachnospira eligens	SC1-HHS-HEALTHY-CONTROL-HEALTH	Host_Health_State_SD	healthy/control	true
GCA_057609105.1	SAMN50509806	Lachnospira eligens	SC1-HHS-HEALTHY-CONTROL-HEALTH	Host_Health_State_SD_Detail	healthy/control	false
GCA_057609105.1	SAMN50509806	Lachnospira eligens	SC1-HHS-HEALTHY-CONTROL-HEALTH	Host_Health_State_SD_Method	context_dictionary	false
GCA_057609125.1	SAMN50509807	Prevotella sp.	SC1-HHS-HEALTHY-CONTROL-HEALTH	Host_Health_State_SD	healthy/control	true
GCA_057609125.1	SAMN50509807	Prevotella sp.	SC1-HHS-HEALTHY-CONTROL-HEALTH	Host_Health_State_SD_Detail	healthy/control	false
GCA_057609125.1	SAMN50509807	Prevotella sp.	SC1-HHS-HEALTHY-CONTROL-HEALTH	Host_Health_State_SD_Method	context_dictionary	false
GCA_057609145.1	SAMN50509805	Faecalibacterium longum	SC1-HHS-HEALTHY-CONTROL-HEALTH	Host_Health_State_SD	healthy/control	true
GCA_057609145.1	SAMN50509805	Faecalibacterium longum	SC1-HHS-HEALTHY-CONTROL-HEALTH	Host_Health_State_SD_Detail	healthy/control	false
GCA_057609145.1	SAMN50509805	Faecalibacterium longum	SC1-HHS-HEALTHY-CONTROL-HEALTH	Host_Health_State_SD_Method	context_dictionary	false
GCA_057609165.1	SAMN50509804	Phocaeicola vulgatus	SC1-HHS-HEALTHY-CONTROL-HEALTH	Host_Health_State_SD	healthy/control	true
GCA_057609165.1	SAMN50509804	Phocaeicola vulgatus	SC1-HHS-HEALTHY-CONTROL-HEALTH	Host_Health_State_SD_Detail	healthy/control	false
GCA_057609165.1	SAMN50509804	Phocaeicola vulgatus	SC1-HHS-HEALTHY-CONTROL-HEALTH	Host_Health_State_SD_Method	context_dictionary	false
GCA_057609185.1	SAMN50509803	Hominicoprocola sp.	SC1-HHS-HEALTHY-CONTROL-HEALTH	Host_Health_State_SD	healthy/control	true
GCA_057609185.1	SAMN50509803	Hominicoprocola sp.	SC1-HHS-HEALTHY-CONTROL-HEALTH	Host_Health_State_SD_Detail	healthy/control	false
GCA_057609185.1	SAMN50509803	Hominicoprocola sp.	SC1-HHS-HEALTHY-CONTROL-HEALTH	Host_Health_State_SD_Method	context_dictionary	false
GCA_057609205.1	SAMN50509802	Waltera acetigignens	SC1-HHS-HEALTHY-CONTROL-HEALTH	Host_Health_State_SD	healthy/control	true
GCA_057609205.1	SAMN50509802	Waltera acetigignens	SC1-HHS-HEALTHY-CONTROL-HEALTH	Host_Health_State_SD_Detail	healthy/control	false
GCA_057609205.1	SAMN50509802	Waltera acetigignens	SC1-HHS-HEALTHY-CONTROL-HEALTH	Host_Health_State_SD_Method	context_dictionary	false
GCA_057609225.1	SAMN50509801	Oscillospiraceae bacterium	SC1-HHS-HEALTHY-CONTROL-HEALTH	Host_Health_State_SD	healthy/control	true
GCA_057609225.1	SAMN50509801	Oscillospiraceae bacterium	SC1-HHS-HEALTHY-CONTROL-HEALTH	Host_Health_State_SD_Detail	healthy/control	false
GCA_057609225.1	SAMN50509801	Oscillospiraceae bacterium	SC1-HHS-HEALTHY-CONTROL-HEALTH	Host_Health_State_SD_Method	context_dictionary	false
GCA_057609245.1	SAMN50509800	Candidatus Alistipes merdipullorum	SC1-HHS-HEALTHY-CONTROL-HEALTH	Host_Health_State_SD	healthy/control	true
GCA_057609245.1	SAMN50509800	Candidatus Alistipes merdipullorum	SC1-HHS-HEALTHY-CONTROL-HEALTH	Host_Health_State_SD_Detail	healthy/control	false
GCA_057609245.1	SAMN50509800	Candidatus Alistipes merdipullorum	SC1-HHS-HEALTHY-CONTROL-HEALTH	Host_Health_State_SD_Method	context_dictionary	false
GCA_057609265.1	SAMN50509799	Gallintestinimicrobium propionicum	SC1-HHS-HEALTHY-CONTROL-HEALTH	Host_Health_State_SD	healthy/control	true
GCA_057609265.1	SAMN50509799	Gallintestinimicrobium propionicum	SC1-HHS-HEALTHY-CONTROL-HEALTH	Host_Health_State_SD_Detail	healthy/control	false
GCA_057609265.1	SAMN50509799	Gallintestinimicrobium propionicum	SC1-HHS-HEALTHY-CONTROL-HEALTH	Host_Health_State_SD_Method	context_dictionary	false
GCA_057609285.1	SAMN50509797	Collinsella sp.	SC1-HHS-HEALTHY-CONTROL-HEALTH	Host_Health_State_SD	healthy/control	true
GCA_057609285.1	SAMN50509797	Collinsella sp.	SC1-HHS-HEALTHY-CONTROL-HEALTH	Host_Health_State_SD_Detail	healthy/control	false
GCA_057609285.1	SAMN50509797	Collinsella sp.	SC1-HHS-HEALTHY-CONTROL-HEALTH	Host_Health_State_SD_Method	context_dictionary	false
GCA_057609305.1	SAMN50509798	Bilophila wadsworthia	SC1-HHS-HEALTHY-CONTROL-HEALTH	Host_Health_State_SD	healthy/control	true
GCA_057609305.1	SAMN50509798	Bilophila wadsworthia	SC1-HHS-HEALTHY-CONTROL-HEALTH	Host_Health_State_SD_Detail	healthy/control	false
GCA_057609305.1	SAMN50509798	Bilophila wadsworthia	SC1-HHS-HEALTHY-CONTROL-HEALTH	Host_Health_State_SD_Method	context_dictionary	false
GCA_057609325.1	SAMN50509796	Candidatus Merdimorpha sp.	SC1-HHS-HEALTHY-CONTROL-HEALTH	Host_Health_State_SD	healthy/control	true
GCA_057609325.1	SAMN50509796	Candidatus Merdimorpha sp.	SC1-HHS-HEALTHY-CONTROL-HEALTH	Host_Health_State_SD_Detail	healthy/control	false
GCA_057609325.1	SAMN50509796	Candidatus Merdimorpha sp.	SC1-HHS-HEALTHY-CONTROL-HEALTH	Host_Health_State_SD_Method	context_dictionary	false
GCA_057609345.1	SAMN50509795	Clostridia bacterium	SC1-HHS-HEALTHY-CONTROL-HEALTH	Host_Health_State_SD	healthy/control	true
GCA_057609345.1	SAMN50509795	Clostridia bacterium	SC1-HHS-HEALTHY-CONTROL-HEALTH	Host_Health_State_SD_Detail	healthy/control	false
GCA_057609345.1	SAMN50509795	Clostridia bacterium	SC1-HHS-HEALTHY-CONTROL-HEALTH	Host_Health_State_SD_Method	context_dictionary	false
GCA_057609365.1	SAMN50509793	[Lactobacillus] rogosae	SC1-HHS-HEALTHY-CONTROL-HEALTH	Host_Health_State_SD	healthy/control	true
GCA_057609365.1	SAMN50509793	[Lactobacillus] rogosae	SC1-HHS-HEALTHY-CONTROL-HEALTH	Host_Health_State_SD_Detail	healthy/control	false
GCA_057609365.1	SAMN50509793	[Lactobacillus] rogosae	SC1-HHS-HEALTHY-CONTROL-HEALTH	Host_Health_State_SD_Method	context_dictionary	false
GCA_057609385.1	SAMN50509794	Parabacteroides distasonis	SC1-HHS-HEALTHY-CONTROL-HEALTH	Host_Health_State_SD	healthy/control	true
GCA_057609385.1	SAMN50509794	Parabacteroides distasonis	SC1-HHS-HEALTHY-CONTROL-HEALTH	Host_Health_State_SD_Detail	healthy/control	false
GCA_057609385.1	SAMN50509794	Parabacteroides distasonis	SC1-HHS-HEALTHY-CONTROL-HEALTH	Host_Health_State_SD_Method	context_dictionary	false
GCA_057609405.1	SAMN50509792	Bifidobacterium catenulatum	SC1-HHS-HEALTHY-CONTROL-HEALTH	Host_Health_State_SD	healthy/control	true
GCA_057609405.1	SAMN50509792	Bifidobacterium catenulatum	SC1-HHS-HEALTHY-CONTROL-HEALTH	Host_Health_State_SD_Detail	healthy/control	false
GCA_057609405.1	SAMN50509792	Bifidobacterium catenulatum	SC1-HHS-HEALTHY-CONTROL-HEALTH	Host_Health_State_SD_Method	context_dictionary	false
GCA_057609425.1	SAMN50509791	Eubacterium sp.	SC1-HHS-HEALTHY-CONTROL-HEALTH	Host_Health_State_SD	healthy/control	true
GCA_057609425.1	SAMN50509791	Eubacterium sp.	SC1-HHS-HEALTHY-CONTROL-HEALTH	Host_Health_State_SD_Detail	healthy/control	false
GCA_057609425.1	SAMN50509791	Eubacterium sp.	SC1-HHS-HEALTHY-CONTROL-HEALTH	Host_Health_State_SD_Method	context_dictionary	false
GCA_057609445.1	SAMN50509790	Hominimerdicola sp.	SC1-HHS-HEALTHY-CONTROL-HEALTH	Host_Health_State_SD	healthy/control	true
GCA_057609445.1	SAMN50509790	Hominimerdicola sp.	SC1-HHS-HEALTHY-CONTROL-HEALTH	Host_Health_State_SD_Detail	healthy/control	false
GCA_057609445.1	SAMN50509790	Hominimerdicola sp.	SC1-HHS-HEALTHY-CONTROL-HEALTH	Host_Health_State_SD_Method	context_dictionary	false
GCA_057609465.1	SAMN50509789	Bacteroides uniformis	SC1-HHS-HEALTHY-CONTROL-HEALTH	Host_Health_State_SD	healthy/control	true
GCA_057609465.1	SAMN50509789	Bacteroides uniformis	SC1-HHS-HEALTHY-CONTROL-HEALTH	Host_Health_State_SD_Detail	healthy/control	false
GCA_057609465.1	SAMN50509789	Bacteroides uniformis	SC1-HHS-HEALTHY-CONTROL-HEALTH	Host_Health_State_SD_Method	context_dictionary	false
GCA_057609485.1	SAMN50509788	Oscillospiraceae bacterium	SC1-HHS-HEALTHY-CONTROL-HEALTH	Host_Health_State_SD	healthy/control	true
GCA_057609485.1	SAMN50509788	Oscillospiraceae bacterium	SC1-HHS-HEALTHY-CONTROL-HEALTH	Host_Health_State_SD_Detail	healthy/control	false
GCA_057609485.1	SAMN50509788	Oscillospiraceae bacterium	SC1-HHS-HEALTHY-CONTROL-HEALTH	Host_Health_State_SD_Method	context_dictionary	false
GCA_057609505.1	SAMN50509787	Eubacterium sp.	SC1-HHS-HEALTHY-CONTROL-HEALTH	Host_Health_State_SD	healthy/control	true
GCA_057609505.1	SAMN50509787	Eubacterium sp.	SC1-HHS-HEALTHY-CONTROL-HEALTH	Host_Health_State_SD_Detail	healthy/control	false
GCA_057609505.1	SAMN50509787	Eubacterium sp.	SC1-HHS-HEALTHY-CONTROL-HEALTH	Host_Health_State_SD_Method	context_dictionary	false
GCA_057609525.1	SAMN50509784	Alphaproteobacteria bacterium	SC1-HHS-HEALTHY-CONTROL-HEALTH	Host_Health_State_SD	healthy/control	true
GCA_057609525.1	SAMN50509784	Alphaproteobacteria bacterium	SC1-HHS-HEALTHY-CONTROL-HEALTH	Host_Health_State_SD_Detail	healthy/control	false
GCA_057609525.1	SAMN50509784	Alphaproteobacteria bacterium	SC1-HHS-HEALTHY-CONTROL-HEALTH	Host_Health_State_SD_Method	context_dictionary	false
GCA_057609545.1	SAMN50509785	Candidatus Duodenibacillus intestinigallinarum	SC1-HHS-HEALTHY-CONTROL-HEALTH	Host_Health_State_SD	healthy/control	true
GCA_057609545.1	SAMN50509785	Candidatus Duodenibacillus intestinigallinarum	SC1-HHS-HEALTHY-CONTROL-HEALTH	Host_Health_State_SD_Detail	healthy/control	false
GCA_057609545.1	SAMN50509785	Candidatus Duodenibacillus intestinigallinarum	SC1-HHS-HEALTHY-CONTROL-HEALTH	Host_Health_State_SD_Method	context_dictionary	false
GCA_057609565.1	SAMN50509786	Gemmiger qucibialis	SC1-HHS-HEALTHY-CONTROL-HEALTH	Host_Health_State_SD	healthy/control	true
GCA_057609565.1	SAMN50509786	Gemmiger qucibialis	SC1-HHS-HEALTHY-CONTROL-HEALTH	Host_Health_State_SD_Detail	healthy/control	false
GCA_057609565.1	SAMN50509786	Gemmiger qucibialis	SC1-HHS-HEALTHY-CONTROL-HEALTH	Host_Health_State_SD_Method	context_dictionary	false
GCA_057609595.1	SAMN50509783	Alistipes inops	SC1-HHS-HEALTHY-CONTROL-HEALTH	Host_Health_State_SD	healthy/control	true
GCA_057609595.1	SAMN50509783	Alistipes inops	SC1-HHS-HEALTHY-CONTROL-HEALTH	Host_Health_State_SD_Detail	healthy/control	false
GCA_057609595.1	SAMN50509783	Alistipes inops	SC1-HHS-HEALTHY-CONTROL-HEALTH	Host_Health_State_SD_Method	context_dictionary	false
GCA_057609615.1	SAMN50509781	Bacteroidaceae bacterium	SC1-HHS-HEALTHY-CONTROL-HEALTH	Host_Health_State_SD	healthy/control	true
GCA_057609615.1	SAMN50509781	Bacteroidaceae bacterium	SC1-HHS-HEALTHY-CONTROL-HEALTH	Host_Health_State_SD_Detail	healthy/control	false
GCA_057609615.1	SAMN50509781	Bacteroidaceae bacterium	SC1-HHS-HEALTHY-CONTROL-HEALTH	Host_Health_State_SD_Method	context_dictionary	false
GCA_057609635.1	SAMN50509782	Christensenellales bacterium	SC1-HHS-HEALTHY-CONTROL-HEALTH	Host_Health_State_SD	healthy/control	true
GCA_057609635.1	SAMN50509782	Christensenellales bacterium	SC1-HHS-HEALTHY-CONTROL-HEALTH	Host_Health_State_SD_Detail	healthy/control	false
GCA_057609635.1	SAMN50509782	Christensenellales bacterium	SC1-HHS-HEALTHY-CONTROL-HEALTH	Host_Health_State_SD_Method	context_dictionary	false
GCA_057609655.1	SAMN50509780	Bacteroides sp.	SC1-HHS-HEALTHY-CONTROL-HEALTH	Host_Health_State_SD	healthy/control	true
GCA_057609655.1	SAMN50509780	Bacteroides sp.	SC1-HHS-HEALTHY-CONTROL-HEALTH	Host_Health_State_SD_Detail	healthy/control	false
GCA_057609655.1	SAMN50509780	Bacteroides sp.	SC1-HHS-HEALTHY-CONTROL-HEALTH	Host_Health_State_SD_Method	context_dictionary	false
GCA_057609675.1	SAMN50509778	Candidatus Merdousia gallistercoris	SC1-HHS-HEALTHY-CONTROL-HEALTH	Host_Health_State_SD	healthy/control	true
GCA_057609675.1	SAMN50509778	Candidatus Merdousia gallistercoris	SC1-HHS-HEALTHY-CONTROL-HEALTH	Host_Health_State_SD_Detail	healthy/control	false
GCA_057609675.1	SAMN50509778	Candidatus Merdousia gallistercoris	SC1-HHS-HEALTHY-CONTROL-HEALTH	Host_Health_State_SD_Method	context_dictionary	false
GCA_057609695.1	SAMN50509779	Desulfovibrio sp.	SC1-HHS-HEALTHY-CONTROL-HEALTH	Host_Health_State_SD	healthy/control	true
GCA_057609695.1	SAMN50509779	Desulfovibrio sp.	SC1-HHS-HEALTHY-CONTROL-HEALTH	Host_Health_State_SD_Detail	healthy/control	false
GCA_057609695.1	SAMN50509779	Desulfovibrio sp.	SC1-HHS-HEALTHY-CONTROL-HEALTH	Host_Health_State_SD_Method	context_dictionary	false
GCA_057609715.1	SAMN50509777	Eubacteriales bacterium	SC1-HHS-HEALTHY-CONTROL-HEALTH	Host_Health_State_SD	healthy/control	true
GCA_057609715.1	SAMN50509777	Eubacteriales bacterium	SC1-HHS-HEALTHY-CONTROL-HEALTH	Host_Health_State_SD_Detail	healthy/control	false
GCA_057609715.1	SAMN50509777	Eubacteriales bacterium	SC1-HHS-HEALTHY-CONTROL-HEALTH	Host_Health_State_SD_Method	context_dictionary	false
GCA_057609735.1	SAMN50509776	Oscillospiraceae bacterium	SC1-HHS-HEALTHY-CONTROL-HEALTH	Host_Health_State_SD	healthy/control	true
GCA_057609735.1	SAMN50509776	Oscillospiraceae bacterium	SC1-HHS-HEALTHY-CONTROL-HEALTH	Host_Health_State_SD_Detail	healthy/control	false
GCA_057609735.1	SAMN50509776	Oscillospiraceae bacterium	SC1-HHS-HEALTHY-CONTROL-HEALTH	Host_Health_State_SD_Method	context_dictionary	false
GCA_057609755.1	SAMN50509775	Oscillospiraceae bacterium	SC1-HHS-HEALTHY-CONTROL-HEALTH	Host_Health_State_SD	healthy/control	true
GCA_057609755.1	SAMN50509775	Oscillospiraceae bacterium	SC1-HHS-HEALTHY-CONTROL-HEALTH	Host_Health_State_SD_Detail	healthy/control	false
GCA_057609755.1	SAMN50509775	Oscillospiraceae bacterium	SC1-HHS-HEALTHY-CONTROL-HEALTH	Host_Health_State_SD_Method	context_dictionary	false
GCA_057609775.1	SAMN50509773	Parabacteroides merdae	SC1-HHS-HEALTHY-CONTROL-HEALTH	Host_Health_State_SD	healthy/control	true
GCA_057609775.1	SAMN50509773	Parabacteroides merdae	SC1-HHS-HEALTHY-CONTROL-HEALTH	Host_Health_State_SD_Detail	healthy/control	false
GCA_057609775.1	SAMN50509773	Parabacteroides merdae	SC1-HHS-HEALTHY-CONTROL-HEALTH	Host_Health_State_SD_Method	context_dictionary	false
GCA_057609795.1	SAMN50509772	Phocaeicola barnesiae	SC1-HHS-HEALTHY-CONTROL-HEALTH	Host_Health_State_SD	healthy/control	true
GCA_057609795.1	SAMN50509772	Phocaeicola barnesiae	SC1-HHS-HEALTHY-CONTROL-HEALTH	Host_Health_State_SD_Detail	healthy/control	false
GCA_057609795.1	SAMN50509772	Phocaeicola barnesiae	SC1-HHS-HEALTHY-CONTROL-HEALTH	Host_Health_State_SD_Method	context_dictionary	false
GCA_057609815.1	SAMN50509774	Phocaeicola plebeius	SC1-HHS-HEALTHY-CONTROL-HEALTH	Host_Health_State_SD	healthy/control	true
GCA_057609815.1	SAMN50509774	Phocaeicola plebeius	SC1-HHS-HEALTHY-CONTROL-HEALTH	Host_Health_State_SD_Detail	healthy/control	false
GCA_057609815.1	SAMN50509774	Phocaeicola plebeius	SC1-HHS-HEALTHY-CONTROL-HEALTH	Host_Health_State_SD_Method	context_dictionary	false
GCA_057609835.1	SAMN50509770	Candidatus Gastranaerophilaceae bacterium	SC1-HHS-HEALTHY-CONTROL-HEALTH	Host_Health_State_SD	healthy/control	true
GCA_057609835.1	SAMN50509770	Candidatus Gastranaerophilaceae bacterium	SC1-HHS-HEALTHY-CONTROL-HEALTH	Host_Health_State_SD_Detail	healthy/control	false
GCA_057609835.1	SAMN50509770	Candidatus Gastranaerophilaceae bacterium	SC1-HHS-HEALTHY-CONTROL-HEALTH	Host_Health_State_SD_Method	context_dictionary	false
GCA_057609855.1	SAMN50509769	Victivallales bacterium	SC1-HHS-HEALTHY-CONTROL-HEALTH	Host_Health_State_SD	healthy/control	true
GCA_057609855.1	SAMN50509769	Victivallales bacterium	SC1-HHS-HEALTHY-CONTROL-HEALTH	Host_Health_State_SD_Detail	healthy/control	false
GCA_057609855.1	SAMN50509769	Victivallales bacterium	SC1-HHS-HEALTHY-CONTROL-HEALTH	Host_Health_State_SD_Method	context_dictionary	false
GCA_057609875.1	SAMN50509771	Alistipes onderdonkii	SC1-HHS-HEALTHY-CONTROL-HEALTH	Host_Health_State_SD	healthy/control	true
GCA_057609875.1	SAMN50509771	Alistipes onderdonkii	SC1-HHS-HEALTHY-CONTROL-HEALTH	Host_Health_State_SD_Detail	healthy/control	false
GCA_057609875.1	SAMN50509771	Alistipes onderdonkii	SC1-HHS-HEALTHY-CONTROL-HEALTH	Host_Health_State_SD_Method	context_dictionary	false
GCA_057609895.1	SAMN50509768	Candidatus Duodenibacillus intestinigallinarum	SC1-HHS-HEALTHY-CONTROL-HEALTH	Host_Health_State_SD	healthy/control	true
GCA_057609895.1	SAMN50509768	Candidatus Duodenibacillus intestinigallinarum	SC1-HHS-HEALTHY-CONTROL-HEALTH	Host_Health_State_SD_Detail	healthy/control	false
GCA_057609895.1	SAMN50509768	Candidatus Duodenibacillus intestinigallinarum	SC1-HHS-HEALTHY-CONTROL-HEALTH	Host_Health_State_SD_Method	context_dictionary	false
GCA_057609915.1	SAMN50509767	Alistipes communis	SC1-HHS-HEALTHY-CONTROL-HEALTH	Host_Health_State_SD	healthy/control	true
GCA_057609915.1	SAMN50509767	Alistipes communis	SC1-HHS-HEALTHY-CONTROL-HEALTH	Host_Health_State_SD_Detail	healthy/control	false
GCA_057609915.1	SAMN50509767	Alistipes communis	SC1-HHS-HEALTHY-CONTROL-HEALTH	Host_Health_State_SD_Method	context_dictionary	false
GCA_057609935.1	SAMN50509766	Alistipes inops	SC1-HHS-HEALTHY-CONTROL-HEALTH	Host_Health_State_SD	healthy/control	true
GCA_057609935.1	SAMN50509766	Alistipes inops	SC1-HHS-HEALTHY-CONTROL-HEALTH	Host_Health_State_SD_Detail	healthy/control	false
GCA_057609935.1	SAMN50509766	Alistipes inops	SC1-HHS-HEALTHY-CONTROL-HEALTH	Host_Health_State_SD_Method	context_dictionary	false
GCA_057609955.1	SAMN50509765	Vescimonas coprocola	SC1-HHS-HEALTHY-CONTROL-HEALTH	Host_Health_State_SD	healthy/control	true
GCA_057609955.1	SAMN50509765	Vescimonas coprocola	SC1-HHS-HEALTHY-CONTROL-HEALTH	Host_Health_State_SD_Detail	healthy/control	false
GCA_057609955.1	SAMN50509765	Vescimonas coprocola	SC1-HHS-HEALTHY-CONTROL-HEALTH	Host_Health_State_SD_Method	context_dictionary	false
GCA_057609975.1	SAMN50509764	Pumilibacteraceae bacterium	SC1-HHS-HEALTHY-CONTROL-HEALTH	Host_Health_State_SD	healthy/control	true
GCA_057609975.1	SAMN50509764	Pumilibacteraceae bacterium	SC1-HHS-HEALTHY-CONTROL-HEALTH	Host_Health_State_SD_Detail	healthy/control	false
GCA_057609975.1	SAMN50509764	Pumilibacteraceae bacterium	SC1-HHS-HEALTHY-CONTROL-HEALTH	Host_Health_State_SD_Method	context_dictionary	false
GCA_057609995.1	SAMN50509763	Alphaproteobacteria bacterium	SC1-HHS-HEALTHY-CONTROL-HEALTH	Host_Health_State_SD	healthy/control	true
GCA_057609995.1	SAMN50509763	Alphaproteobacteria bacterium	SC1-HHS-HEALTHY-CONTROL-HEALTH	Host_Health_State_SD_Detail	healthy/control	false
GCA_057609995.1	SAMN50509763	Alphaproteobacteria bacterium	SC1-HHS-HEALTHY-CONTROL-HEALTH	Host_Health_State_SD_Method	context_dictionary	false
GCA_057610015.1	SAMN50509762	Candidatus Scatocola faecigallinarum	SC1-HHS-HEALTHY-CONTROL-HEALTH	Host_Health_State_SD	healthy/control	true
GCA_057610015.1	SAMN50509762	Candidatus Scatocola faecigallinarum	SC1-HHS-HEALTHY-CONTROL-HEALTH	Host_Health_State_SD_Detail	healthy/control	false
GCA_057610015.1	SAMN50509762	Candidatus Scatocola faecigallinarum	SC1-HHS-HEALTHY-CONTROL-HEALTH	Host_Health_State_SD_Method	context_dictionary	false
GCA_057610035.1	SAMN50509761	Bacteroides fragilis	SC1-HHS-HEALTHY-CONTROL-HEALTH	Host_Health_State_SD	healthy/control	true
GCA_057610035.1	SAMN50509761	Bacteroides fragilis	SC1-HHS-HEALTHY-CONTROL-HEALTH	Host_Health_State_SD_Detail	healthy/control	false
GCA_057610035.1	SAMN50509761	Bacteroides fragilis	SC1-HHS-HEALTHY-CONTROL-HEALTH	Host_Health_State_SD_Method	context_dictionary	false
GCA_057610055.1	SAMN50509760	Acutalibacteraceae bacterium	SC1-HHS-HEALTHY-CONTROL-HEALTH	Host_Health_State_SD	healthy/control	true
GCA_057610055.1	SAMN50509760	Acutalibacteraceae bacterium	SC1-HHS-HEALTHY-CONTROL-HEALTH	Host_Health_State_SD_Detail	healthy/control	false
GCA_057610055.1	SAMN50509760	Acutalibacteraceae bacterium	SC1-HHS-HEALTHY-CONTROL-HEALTH	Host_Health_State_SD_Method	context_dictionary	false
GCA_057610075.1	SAMN50509759	Barnesiella intestinihominis	SC1-HHS-HEALTHY-CONTROL-HEALTH	Host_Health_State_SD	healthy/control	true
GCA_057610075.1	SAMN50509759	Barnesiella intestinihominis	SC1-HHS-HEALTHY-CONTROL-HEALTH	Host_Health_State_SD_Detail	healthy/control	false
GCA_057610075.1	SAMN50509759	Barnesiella intestinihominis	SC1-HHS-HEALTHY-CONTROL-HEALTH	Host_Health_State_SD_Method	context_dictionary	false
GCA_057610095.1	SAMN50509757	Alistipes finegoldii	SC1-HHS-HEALTHY-CONTROL-HEALTH	Host_Health_State_SD	healthy/control	true
GCA_057610095.1	SAMN50509757	Alistipes finegoldii	SC1-HHS-HEALTHY-CONTROL-HEALTH	Host_Health_State_SD_Detail	healthy/control	false
GCA_057610095.1	SAMN50509757	Alistipes finegoldii	SC1-HHS-HEALTHY-CONTROL-HEALTH	Host_Health_State_SD_Method	context_dictionary	false
GCA_057610115.1	SAMN50509758	Hominicoprocola sp.	SC1-HHS-HEALTHY-CONTROL-HEALTH	Host_Health_State_SD	healthy/control	true
GCA_057610115.1	SAMN50509758	Hominicoprocola sp.	SC1-HHS-HEALTHY-CONTROL-HEALTH	Host_Health_State_SD_Detail	healthy/control	false
GCA_057610115.1	SAMN50509758	Hominicoprocola sp.	SC1-HHS-HEALTHY-CONTROL-HEALTH	Host_Health_State_SD_Method	context_dictionary	false
GCA_057610135.1	SAMN50509756	Waltera sp.	SC1-HHS-HEALTHY-CONTROL-HEALTH	Host_Health_State_SD	healthy/control	true
GCA_057610135.1	SAMN50509756	Waltera sp.	SC1-HHS-HEALTHY-CONTROL-HEALTH	Host_Health_State_SD_Detail	healthy/control	false
GCA_057610135.1	SAMN50509756	Waltera sp.	SC1-HHS-HEALTHY-CONTROL-HEALTH	Host_Health_State_SD_Method	context_dictionary	false
GCA_057610155.1	SAMN50509755	Agathobacter rectalis	SC1-HHS-HEALTHY-CONTROL-HEALTH	Host_Health_State_SD	healthy/control	true
GCA_057610155.1	SAMN50509755	Agathobacter rectalis	SC1-HHS-HEALTHY-CONTROL-HEALTH	Host_Health_State_SD_Detail	healthy/control	false
GCA_057610155.1	SAMN50509755	Agathobacter rectalis	SC1-HHS-HEALTHY-CONTROL-HEALTH	Host_Health_State_SD_Method	context_dictionary	false
GCA_057610175.1	SAMN50509754	Candidatus Faeciplasma sp.	SC1-HHS-HEALTHY-CONTROL-HEALTH	Host_Health_State_SD	healthy/control	true
GCA_057610175.1	SAMN50509754	Candidatus Faeciplasma sp.	SC1-HHS-HEALTHY-CONTROL-HEALTH	Host_Health_State_SD_Detail	healthy/control	false
GCA_057610175.1	SAMN50509754	Candidatus Faeciplasma sp.	SC1-HHS-HEALTHY-CONTROL-HEALTH	Host_Health_State_SD_Method	context_dictionary	false
GCA_057610195.1	SAMN50509753	Ruminococcus intestinalis	SC1-HHS-HEALTHY-CONTROL-HEALTH	Host_Health_State_SD	healthy/control	true
GCA_057610195.1	SAMN50509753	Ruminococcus intestinalis	SC1-HHS-HEALTHY-CONTROL-HEALTH	Host_Health_State_SD_Detail	healthy/control	false
GCA_057610195.1	SAMN50509753	Ruminococcus intestinalis	SC1-HHS-HEALTHY-CONTROL-HEALTH	Host_Health_State_SD_Method	context_dictionary	false
GCA_057610215.1	SAMN50509751	Pumilibacteraceae bacterium	SC1-HHS-HEALTHY-CONTROL-HEALTH	Host_Health_State_SD	healthy/control	true
GCA_057610215.1	SAMN50509751	Pumilibacteraceae bacterium	SC1-HHS-HEALTHY-CONTROL-HEALTH	Host_Health_State_SD_Detail	healthy/control	false
GCA_057610215.1	SAMN50509751	Pumilibacteraceae bacterium	SC1-HHS-HEALTHY-CONTROL-HEALTH	Host_Health_State_SD_Method	context_dictionary	false
GCA_057610235.1	SAMN50509752	Faecalibacterium prausnitzii	SC1-HHS-HEALTHY-CONTROL-HEALTH	Host_Health_State_SD	healthy/control	true
GCA_057610235.1	SAMN50509752	Faecalibacterium prausnitzii	SC1-HHS-HEALTHY-CONTROL-HEALTH	Host_Health_State_SD_Detail	healthy/control	false
GCA_057610235.1	SAMN50509752	Faecalibacterium prausnitzii	SC1-HHS-HEALTHY-CONTROL-HEALTH	Host_Health_State_SD_Method	context_dictionary	false
GCA_057610255.1	SAMN50509750	Phascolarctobacterium succinatutens	SC1-HHS-HEALTHY-CONTROL-HEALTH	Host_Health_State_SD	healthy/control	true
GCA_057610255.1	SAMN50509750	Phascolarctobacterium succinatutens	SC1-HHS-HEALTHY-CONTROL-HEALTH	Host_Health_State_SD_Detail	healthy/control	false
GCA_057610255.1	SAMN50509750	Phascolarctobacterium succinatutens	SC1-HHS-HEALTHY-CONTROL-HEALTH	Host_Health_State_SD_Method	context_dictionary	false
GCA_057610275.1	SAMN50509749	Roseburia faecis	SC1-HHS-HEALTHY-CONTROL-HEALTH	Host_Health_State_SD	healthy/control	true
GCA_057610275.1	SAMN50509749	Roseburia faecis	SC1-HHS-HEALTHY-CONTROL-HEALTH	Host_Health_State_SD_Detail	healthy/control	false
GCA_057610275.1	SAMN50509749	Roseburia faecis	SC1-HHS-HEALTHY-CONTROL-HEALTH	Host_Health_State_SD_Method	context_dictionary	false
GCA_057610295.1	SAMN50509748	Pumilibacteraceae bacterium	SC1-HHS-HEALTHY-CONTROL-HEALTH	Host_Health_State_SD	healthy/control	true
GCA_057610295.1	SAMN50509748	Pumilibacteraceae bacterium	SC1-HHS-HEALTHY-CONTROL-HEALTH	Host_Health_State_SD_Detail	healthy/control	false
GCA_057610295.1	SAMN50509748	Pumilibacteraceae bacterium	SC1-HHS-HEALTHY-CONTROL-HEALTH	Host_Health_State_SD_Method	context_dictionary	false
GCA_057610315.1	SAMN50509747	Christensenellales bacterium	SC1-HHS-HEALTHY-CONTROL-HEALTH	Host_Health_State_SD	healthy/control	true
GCA_057610315.1	SAMN50509747	Christensenellales bacterium	SC1-HHS-HEALTHY-CONTROL-HEALTH	Host_Health_State_SD_Detail	healthy/control	false
GCA_057610315.1	SAMN50509747	Christensenellales bacterium	SC1-HHS-HEALTHY-CONTROL-HEALTH	Host_Health_State_SD_Method	context_dictionary	false
GCA_057610335.1	SAMN50509746	Bilophila sp.	SC1-HHS-HEALTHY-CONTROL-HEALTH	Host_Health_State_SD	healthy/control	true
GCA_057610335.1	SAMN50509746	Bilophila sp.	SC1-HHS-HEALTHY-CONTROL-HEALTH	Host_Health_State_SD_Detail	healthy/control	false
GCA_057610335.1	SAMN50509746	Bilophila sp.	SC1-HHS-HEALTHY-CONTROL-HEALTH	Host_Health_State_SD_Method	context_dictionary	false
GCA_057610355.1	SAMN50509745	Vescimonas sp.	SC1-HHS-HEALTHY-CONTROL-HEALTH	Host_Health_State_SD	healthy/control	true
GCA_057610355.1	SAMN50509745	Vescimonas sp.	SC1-HHS-HEALTHY-CONTROL-HEALTH	Host_Health_State_SD_Detail	healthy/control	false
GCA_057610355.1	SAMN50509745	Vescimonas sp.	SC1-HHS-HEALTHY-CONTROL-HEALTH	Host_Health_State_SD_Method	context_dictionary	false
GCA_057610375.1	SAMN50509744	Candidatus Alistipes pullicola	SC1-HHS-HEALTHY-CONTROL-HEALTH	Host_Health_State_SD	healthy/control	true
GCA_057610375.1	SAMN50509744	Candidatus Alistipes pullicola	SC1-HHS-HEALTHY-CONTROL-HEALTH	Host_Health_State_SD_Detail	healthy/control	false
GCA_057610375.1	SAMN50509744	Candidatus Alistipes pullicola	SC1-HHS-HEALTHY-CONTROL-HEALTH	Host_Health_State_SD_Method	context_dictionary	false
GCA_057610415.1	SAMN50509742	Bifidobacterium adolescentis	SC1-HHS-HEALTHY-CONTROL-HEALTH	Host_Health_State_SD	healthy/control	true
GCA_057610415.1	SAMN50509742	Bifidobacterium adolescentis	SC1-HHS-HEALTHY-CONTROL-HEALTH	Host_Health_State_SD_Detail	healthy/control	false
GCA_057610415.1	SAMN50509742	Bifidobacterium adolescentis	SC1-HHS-HEALTHY-CONTROL-HEALTH	Host_Health_State_SD_Method	context_dictionary	false
GCA_057610435.1	SAMN50509741	Oscillospiraceae bacterium	SC1-HHS-HEALTHY-CONTROL-HEALTH	Host_Health_State_SD	healthy/control	true
GCA_057610435.1	SAMN50509741	Oscillospiraceae bacterium	SC1-HHS-HEALTHY-CONTROL-HEALTH	Host_Health_State_SD_Detail	healthy/control	false
GCA_057610435.1	SAMN50509741	Oscillospiraceae bacterium	SC1-HHS-HEALTHY-CONTROL-HEALTH	Host_Health_State_SD_Method	context_dictionary	false
GCA_057610455.1	SAMN50509740	Candidatus Woodwardiibium sp.	SC1-HHS-HEALTHY-CONTROL-HEALTH	Host_Health_State_SD	healthy/control	true
GCA_057610455.1	SAMN50509740	Candidatus Woodwardiibium sp.	SC1-HHS-HEALTHY-CONTROL-HEALTH	Host_Health_State_SD_Detail	healthy/control	false
GCA_057610455.1	SAMN50509740	Candidatus Woodwardiibium sp.	SC1-HHS-HEALTHY-CONTROL-HEALTH	Host_Health_State_SD_Method	context_dictionary	false
GCA_057610475.1	SAMN50509739	Gemmiger formicilis	SC1-HHS-HEALTHY-CONTROL-HEALTH	Host_Health_State_SD	healthy/control	true
GCA_057610475.1	SAMN50509739	Gemmiger formicilis	SC1-HHS-HEALTHY-CONTROL-HEALTH	Host_Health_State_SD_Detail	healthy/control	false
GCA_057610475.1	SAMN50509739	Gemmiger formicilis	SC1-HHS-HEALTHY-CONTROL-HEALTH	Host_Health_State_SD_Method	context_dictionary	false
GCA_057610495.1	SAMN50509738	Odoribacter splanchnicus	SC1-HHS-HEALTHY-CONTROL-HEALTH	Host_Health_State_SD	healthy/control	true
GCA_057610495.1	SAMN50509738	Odoribacter splanchnicus	SC1-HHS-HEALTHY-CONTROL-HEALTH	Host_Health_State_SD_Detail	healthy/control	false
GCA_057610495.1	SAMN50509738	Odoribacter splanchnicus	SC1-HHS-HEALTHY-CONTROL-HEALTH	Host_Health_State_SD_Method	context_dictionary	false
GCA_057610515.1	SAMN50509737	Candidatus Merdousia sp.	SC1-HHS-HEALTHY-CONTROL-HEALTH	Host_Health_State_SD	healthy/control	true
GCA_057610515.1	SAMN50509737	Candidatus Merdousia sp.	SC1-HHS-HEALTHY-CONTROL-HEALTH	Host_Health_State_SD_Detail	healthy/control	false
GCA_057610515.1	SAMN50509737	Candidatus Merdousia sp.	SC1-HHS-HEALTHY-CONTROL-HEALTH	Host_Health_State_SD_Method	context_dictionary	false
GCA_057610535.1	SAMN50509736	Alistipes putredinis	SC1-HHS-HEALTHY-CONTROL-HEALTH	Host_Health_State_SD	healthy/control	true
GCA_057610535.1	SAMN50509736	Alistipes putredinis	SC1-HHS-HEALTHY-CONTROL-HEALTH	Host_Health_State_SD_Detail	healthy/control	false
GCA_057610535.1	SAMN50509736	Alistipes putredinis	SC1-HHS-HEALTHY-CONTROL-HEALTH	Host_Health_State_SD_Method	context_dictionary	false
GCA_057610555.1	SAMN50509734	Bacteroides clarus	SC1-HHS-HEALTHY-CONTROL-HEALTH	Host_Health_State_SD	healthy/control	true
GCA_057610555.1	SAMN50509734	Bacteroides clarus	SC1-HHS-HEALTHY-CONTROL-HEALTH	Host_Health_State_SD_Detail	healthy/control	false
GCA_057610555.1	SAMN50509734	Bacteroides clarus	SC1-HHS-HEALTHY-CONTROL-HEALTH	Host_Health_State_SD_Method	context_dictionary	false
GCA_057610575.1	SAMN50509735	Angelakisella sp.	SC1-HHS-HEALTHY-CONTROL-HEALTH	Host_Health_State_SD	healthy/control	true
GCA_057610575.1	SAMN50509735	Angelakisella sp.	SC1-HHS-HEALTHY-CONTROL-HEALTH	Host_Health_State_SD_Detail	healthy/control	false
GCA_057610575.1	SAMN50509735	Angelakisella sp.	SC1-HHS-HEALTHY-CONTROL-HEALTH	Host_Health_State_SD_Method	context_dictionary	false
GCA_057610595.1	SAMN50509733	Bacteroides finegoldii	SC1-HHS-HEALTHY-CONTROL-HEALTH	Host_Health_State_SD	healthy/control	true
GCA_057610595.1	SAMN50509733	Bacteroides finegoldii	SC1-HHS-HEALTHY-CONTROL-HEALTH	Host_Health_State_SD_Detail	healthy/control	false
GCA_057610595.1	SAMN50509733	Bacteroides finegoldii	SC1-HHS-HEALTHY-CONTROL-HEALTH	Host_Health_State_SD_Method	context_dictionary	false
GCA_057610615.1	SAMN50509732	Alistipes shahii	SC1-HHS-HEALTHY-CONTROL-HEALTH	Host_Health_State_SD	healthy/control	true
GCA_057610615.1	SAMN50509732	Alistipes shahii	SC1-HHS-HEALTHY-CONTROL-HEALTH	Host_Health_State_SD_Detail	healthy/control	false
GCA_057610615.1	SAMN50509732	Alistipes shahii	SC1-HHS-HEALTHY-CONTROL-HEALTH	Host_Health_State_SD_Method	context_dictionary	false
GCA_057610635.1	SAMN50509731	Oscillospiraceae bacterium	SC1-HHS-HEALTHY-CONTROL-HEALTH	Host_Health_State_SD	healthy/control	true
GCA_057610635.1	SAMN50509731	Oscillospiraceae bacterium	SC1-HHS-HEALTHY-CONTROL-HEALTH	Host_Health_State_SD_Detail	healthy/control	false
GCA_057610635.1	SAMN50509731	Oscillospiraceae bacterium	SC1-HHS-HEALTHY-CONTROL-HEALTH	Host_Health_State_SD_Method	context_dictionary	false
GCA_057611115.1	SAMN50509730	Victivallis sp.	SC1-HHS-HEALTHY-CONTROL-HEALTH	Host_Health_State_SD	healthy/control	true
GCA_057611115.1	SAMN50509730	Victivallis sp.	SC1-HHS-HEALTHY-CONTROL-HEALTH	Host_Health_State_SD_Detail	healthy/control	false
GCA_057611115.1	SAMN50509730	Victivallis sp.	SC1-HHS-HEALTHY-CONTROL-HEALTH	Host_Health_State_SD_Method	context_dictionary	false
GCA_057611135.1	SAMN50509729	Anaerotignum faecicola	SC1-HHS-HEALTHY-CONTROL-HEALTH	Host_Health_State_SD	healthy/control	true
GCA_057611135.1	SAMN50509729	Anaerotignum faecicola	SC1-HHS-HEALTHY-CONTROL-HEALTH	Host_Health_State_SD_Detail	healthy/control	false
GCA_057611135.1	SAMN50509729	Anaerotignum faecicola	SC1-HHS-HEALTHY-CONTROL-HEALTH	Host_Health_State_SD_Method	context_dictionary	false
GCA_057611155.1	SAMN50509728	Bacteroides uniformis	SC1-HHS-HEALTHY-CONTROL-HEALTH	Host_Health_State_SD	healthy/control	true
GCA_057611155.1	SAMN50509728	Bacteroides uniformis	SC1-HHS-HEALTHY-CONTROL-HEALTH	Host_Health_State_SD_Detail	healthy/control	false
GCA_057611155.1	SAMN50509728	Bacteroides uniformis	SC1-HHS-HEALTHY-CONTROL-HEALTH	Host_Health_State_SD_Method	context_dictionary	false
GCA_057611175.1	SAMN50509727	Aristaeellaceae bacterium	SC1-HHS-HEALTHY-CONTROL-HEALTH	Host_Health_State_SD	healthy/control	true
GCA_057611175.1	SAMN50509727	Aristaeellaceae bacterium	SC1-HHS-HEALTHY-CONTROL-HEALTH	Host_Health_State_SD_Detail	healthy/control	false
GCA_057611175.1	SAMN50509727	Aristaeellaceae bacterium	SC1-HHS-HEALTHY-CONTROL-HEALTH	Host_Health_State_SD_Method	context_dictionary	false
GCA_057611195.1	SAMN50509726	Vescimonas sp.	SC1-HHS-HEALTHY-CONTROL-HEALTH	Host_Health_State_SD	healthy/control	true
GCA_057611195.1	SAMN50509726	Vescimonas sp.	SC1-HHS-HEALTHY-CONTROL-HEALTH	Host_Health_State_SD_Detail	healthy/control	false
GCA_057611195.1	SAMN50509726	Vescimonas sp.	SC1-HHS-HEALTHY-CONTROL-HEALTH	Host_Health_State_SD_Method	context_dictionary	false
GCA_057611215.1	SAMN50509725	Huintestinicola butyrica	SC1-HHS-HEALTHY-CONTROL-HEALTH	Host_Health_State_SD	healthy/control	true
GCA_057611215.1	SAMN50509725	Huintestinicola butyrica	SC1-HHS-HEALTHY-CONTROL-HEALTH	Host_Health_State_SD_Detail	healthy/control	false
GCA_057611215.1	SAMN50509725	Huintestinicola butyrica	SC1-HHS-HEALTHY-CONTROL-HEALTH	Host_Health_State_SD_Method	context_dictionary	false
GCA_057611235.1	SAMN50509724	Candidatus Aphodousia sp.	SC1-HHS-HEALTHY-CONTROL-HEALTH	Host_Health_State_SD	healthy/control	true
GCA_057611235.1	SAMN50509724	Candidatus Aphodousia sp.	SC1-HHS-HEALTHY-CONTROL-HEALTH	Host_Health_State_SD_Detail	healthy/control	false
GCA_057611235.1	SAMN50509724	Candidatus Aphodousia sp.	SC1-HHS-HEALTHY-CONTROL-HEALTH	Host_Health_State_SD_Method	context_dictionary	false
GCA_057611255.1	SAMN50509723	Eubacteriales bacterium	SC1-HHS-HEALTHY-CONTROL-HEALTH	Host_Health_State_SD	healthy/control	true
GCA_057611255.1	SAMN50509723	Eubacteriales bacterium	SC1-HHS-HEALTHY-CONTROL-HEALTH	Host_Health_State_SD_Detail	healthy/control	false
GCA_057611255.1	SAMN50509723	Eubacteriales bacterium	SC1-HHS-HEALTHY-CONTROL-HEALTH	Host_Health_State_SD_Method	context_dictionary	false
GCA_057611275.1	SAMN50509722	Bacteroides stercoris	SC1-HHS-HEALTHY-CONTROL-HEALTH	Host_Health_State_SD	healthy/control	true
GCA_057611275.1	SAMN50509722	Bacteroides stercoris	SC1-HHS-HEALTHY-CONTROL-HEALTH	Host_Health_State_SD_Detail	healthy/control	false
GCA_057611275.1	SAMN50509722	Bacteroides stercoris	SC1-HHS-HEALTHY-CONTROL-HEALTH	Host_Health_State_SD_Method	context_dictionary	false
GCA_057611295.1	SAMN50509721	Candidatus Merdimorpha sp.	SC1-HHS-HEALTHY-CONTROL-HEALTH	Host_Health_State_SD	healthy/control	true
GCA_057611295.1	SAMN50509721	Candidatus Merdimorpha sp.	SC1-HHS-HEALTHY-CONTROL-HEALTH	Host_Health_State_SD_Detail	healthy/control	false
GCA_057611295.1	SAMN50509721	Candidatus Merdimorpha sp.	SC1-HHS-HEALTHY-CONTROL-HEALTH	Host_Health_State_SD_Method	context_dictionary	false
GCA_057611315.1	SAMN50509719	[Ruminococcus] lactaris	SC1-HHS-HEALTHY-CONTROL-HEALTH	Host_Health_State_SD	healthy/control	true
GCA_057611315.1	SAMN50509719	[Ruminococcus] lactaris	SC1-HHS-HEALTHY-CONTROL-HEALTH	Host_Health_State_SD_Detail	healthy/control	false
GCA_057611315.1	SAMN50509719	[Ruminococcus] lactaris	SC1-HHS-HEALTHY-CONTROL-HEALTH	Host_Health_State_SD_Method	context_dictionary	false
GCA_057611335.1	SAMN50509720	Hominicoprocola fusiformis	SC1-HHS-HEALTHY-CONTROL-HEALTH	Host_Health_State_SD	healthy/control	true
GCA_057611335.1	SAMN50509720	Hominicoprocola fusiformis	SC1-HHS-HEALTHY-CONTROL-HEALTH	Host_Health_State_SD_Detail	healthy/control	false
GCA_057611335.1	SAMN50509720	Hominicoprocola fusiformis	SC1-HHS-HEALTHY-CONTROL-HEALTH	Host_Health_State_SD_Method	context_dictionary	false
GCA_057611355.1	SAMN50509718	Desulfovibrio sp.	SC1-HHS-HEALTHY-CONTROL-HEALTH	Host_Health_State_SD	healthy/control	true
GCA_057611355.1	SAMN50509718	Desulfovibrio sp.	SC1-HHS-HEALTHY-CONTROL-HEALTH	Host_Health_State_SD_Detail	healthy/control	false
GCA_057611355.1	SAMN50509718	Desulfovibrio sp.	SC1-HHS-HEALTHY-CONTROL-HEALTH	Host_Health_State_SD_Method	context_dictionary	false
GCA_057611375.1	SAMN50509717	Leyella lascolaii	SC1-HHS-HEALTHY-CONTROL-HEALTH	Host_Health_State_SD	healthy/control	true
GCA_057611375.1	SAMN50509717	Leyella lascolaii	SC1-HHS-HEALTHY-CONTROL-HEALTH	Host_Health_State_SD_Detail	healthy/control	false
GCA_057611375.1	SAMN50509717	Leyella lascolaii	SC1-HHS-HEALTHY-CONTROL-HEALTH	Host_Health_State_SD_Method	context_dictionary	false
GCA_057611395.1	SAMN50509716	Parabacteroides distasonis	SC1-HHS-HEALTHY-CONTROL-HEALTH	Host_Health_State_SD	healthy/control	true
GCA_057611395.1	SAMN50509716	Parabacteroides distasonis	SC1-HHS-HEALTHY-CONTROL-HEALTH	Host_Health_State_SD_Detail	healthy/control	false
GCA_057611395.1	SAMN50509716	Parabacteroides distasonis	SC1-HHS-HEALTHY-CONTROL-HEALTH	Host_Health_State_SD_Method	context_dictionary	false
GCA_057611415.1	SAMN50509715	Barnesiella intestinihominis	SC1-HHS-HEALTHY-CONTROL-HEALTH	Host_Health_State_SD	healthy/control	true
GCA_057611415.1	SAMN50509715	Barnesiella intestinihominis	SC1-HHS-HEALTHY-CONTROL-HEALTH	Host_Health_State_SD_Detail	healthy/control	false
GCA_057611415.1	SAMN50509715	Barnesiella intestinihominis	SC1-HHS-HEALTHY-CONTROL-HEALTH	Host_Health_State_SD_Method	context_dictionary	false
GCA_057611435.1	SAMN50509714	Collinsella aerofaciens	SC1-HHS-HEALTHY-CONTROL-HEALTH	Host_Health_State_SD	healthy/control	true
GCA_057611435.1	SAMN50509714	Collinsella aerofaciens	SC1-HHS-HEALTHY-CONTROL-HEALTH	Host_Health_State_SD_Detail	healthy/control	false
GCA_057611435.1	SAMN50509714	Collinsella aerofaciens	SC1-HHS-HEALTHY-CONTROL-HEALTH	Host_Health_State_SD_Method	context_dictionary	false
GCA_057611455.1	SAMN50509713	[Eubacterium] siraeum	SC1-HHS-HEALTHY-CONTROL-HEALTH	Host_Health_State_SD	healthy/control	true
GCA_057611455.1	SAMN50509713	[Eubacterium] siraeum	SC1-HHS-HEALTHY-CONTROL-HEALTH	Host_Health_State_SD_Detail	healthy/control	false
GCA_057611455.1	SAMN50509713	[Eubacterium] siraeum	SC1-HHS-HEALTHY-CONTROL-HEALTH	Host_Health_State_SD_Method	context_dictionary	false
GCA_057611475.1	SAMN50509712	Butyricimonas sp.	SC1-HHS-HEALTHY-CONTROL-HEALTH	Host_Health_State_SD	healthy/control	true
GCA_057611475.1	SAMN50509712	Butyricimonas sp.	SC1-HHS-HEALTHY-CONTROL-HEALTH	Host_Health_State_SD_Detail	healthy/control	false
GCA_057611475.1	SAMN50509712	Butyricimonas sp.	SC1-HHS-HEALTHY-CONTROL-HEALTH	Host_Health_State_SD_Method	context_dictionary	false
GCA_057611495.1	SAMN50509711	Phascolarctobacterium faecium	SC1-HHS-HEALTHY-CONTROL-HEALTH	Host_Health_State_SD	healthy/control	true
GCA_057611495.1	SAMN50509711	Phascolarctobacterium faecium	SC1-HHS-HEALTHY-CONTROL-HEALTH	Host_Health_State_SD_Detail	healthy/control	false
GCA_057611495.1	SAMN50509711	Phascolarctobacterium faecium	SC1-HHS-HEALTHY-CONTROL-HEALTH	Host_Health_State_SD_Method	context_dictionary	false
GCA_057611515.1	SAMN50509710	Alphaproteobacteria bacterium	SC1-HHS-HEALTHY-CONTROL-HEALTH	Host_Health_State_SD	healthy/control	true
GCA_057611515.1	SAMN50509710	Alphaproteobacteria bacterium	SC1-HHS-HEALTHY-CONTROL-HEALTH	Host_Health_State_SD_Detail	healthy/control	false
GCA_057611515.1	SAMN50509710	Alphaproteobacteria bacterium	SC1-HHS-HEALTHY-CONTROL-HEALTH	Host_Health_State_SD_Method	context_dictionary	false
GCA_057611535.1	SAMN50509709	Candidatus Avimicrobium caecorum	SC1-HHS-HEALTHY-CONTROL-HEALTH	Host_Health_State_SD	healthy/control	true
GCA_057611535.1	SAMN50509709	Candidatus Avimicrobium caecorum	SC1-HHS-HEALTHY-CONTROL-HEALTH	Host_Health_State_SD_Detail	healthy/control	false
GCA_057611535.1	SAMN50509709	Candidatus Avimicrobium caecorum	SC1-HHS-HEALTHY-CONTROL-HEALTH	Host_Health_State_SD_Method	context_dictionary	false
GCA_057611555.1	SAMN50509708	Bacteroides uniformis	SC1-HHS-HEALTHY-CONTROL-HEALTH	Host_Health_State_SD	healthy/control	true
GCA_057611555.1	SAMN50509708	Bacteroides uniformis	SC1-HHS-HEALTHY-CONTROL-HEALTH	Host_Health_State_SD_Detail	healthy/control	false
GCA_057611555.1	SAMN50509708	Bacteroides uniformis	SC1-HHS-HEALTHY-CONTROL-HEALTH	Host_Health_State_SD_Method	context_dictionary	false
GCA_057611575.1	SAMN50509707	Alistipes ihumii	SC1-HHS-HEALTHY-CONTROL-HEALTH	Host_Health_State_SD	healthy/control	true
GCA_057611575.1	SAMN50509707	Alistipes ihumii	SC1-HHS-HEALTHY-CONTROL-HEALTH	Host_Health_State_SD_Detail	healthy/control	false
GCA_057611575.1	SAMN50509707	Alistipes ihumii	SC1-HHS-HEALTHY-CONTROL-HEALTH	Host_Health_State_SD_Method	context_dictionary	false
GCA_057611595.1	SAMN50509705	Mediterraneibacter torques	SC1-HHS-HEALTHY-CONTROL-HEALTH	Host_Health_State_SD	healthy/control	true
GCA_057611595.1	SAMN50509705	Mediterraneibacter torques	SC1-HHS-HEALTHY-CONTROL-HEALTH	Host_Health_State_SD_Detail	healthy/control	false
GCA_057611595.1	SAMN50509705	Mediterraneibacter torques	SC1-HHS-HEALTHY-CONTROL-HEALTH	Host_Health_State_SD_Method	context_dictionary	false
GCA_057611615.1	SAMN50509706	Candidatus Fusicatenibacter intestinipullorum	SC1-HHS-HEALTHY-CONTROL-HEALTH	Host_Health_State_SD	healthy/control	true
GCA_057611615.1	SAMN50509706	Candidatus Fusicatenibacter intestinipullorum	SC1-HHS-HEALTHY-CONTROL-HEALTH	Host_Health_State_SD_Detail	healthy/control	false
GCA_057611615.1	SAMN50509706	Candidatus Fusicatenibacter intestinipullorum	SC1-HHS-HEALTHY-CONTROL-HEALTH	Host_Health_State_SD_Method	context_dictionary	false
GCA_057611635.1	SAMN50509704	Allocoprococcus comes	SC1-HHS-HEALTHY-CONTROL-HEALTH	Host_Health_State_SD	healthy/control	true
GCA_057611635.1	SAMN50509704	Allocoprococcus comes	SC1-HHS-HEALTHY-CONTROL-HEALTH	Host_Health_State_SD_Detail	healthy/control	false
GCA_057611635.1	SAMN50509704	Allocoprococcus comes	SC1-HHS-HEALTHY-CONTROL-HEALTH	Host_Health_State_SD_Method	context_dictionary	false
GCA_057611655.1	SAMN50509703	Alistipes finegoldii	SC1-HHS-HEALTHY-CONTROL-HEALTH	Host_Health_State_SD	healthy/control	true
GCA_057611655.1	SAMN50509703	Alistipes finegoldii	SC1-HHS-HEALTHY-CONTROL-HEALTH	Host_Health_State_SD_Detail	healthy/control	false
GCA_057611655.1	SAMN50509703	Alistipes finegoldii	SC1-HHS-HEALTHY-CONTROL-HEALTH	Host_Health_State_SD_Method	context_dictionary	false
GCA_057611675.1	SAMN50509701	Bifidobacterium adolescentis	SC1-HHS-HEALTHY-CONTROL-HEALTH	Host_Health_State_SD	healthy/control	true
GCA_057611675.1	SAMN50509701	Bifidobacterium adolescentis	SC1-HHS-HEALTHY-CONTROL-HEALTH	Host_Health_State_SD_Detail	healthy/control	false
GCA_057611675.1	SAMN50509701	Bifidobacterium adolescentis	SC1-HHS-HEALTHY-CONTROL-HEALTH	Host_Health_State_SD_Method	context_dictionary	false
GCA_057611695.1	SAMN50509702	Agathobacter rectalis	SC1-HHS-HEALTHY-CONTROL-HEALTH	Host_Health_State_SD	healthy/control	true
GCA_057611695.1	SAMN50509702	Agathobacter rectalis	SC1-HHS-HEALTHY-CONTROL-HEALTH	Host_Health_State_SD_Detail	healthy/control	false
GCA_057611695.1	SAMN50509702	Agathobacter rectalis	SC1-HHS-HEALTHY-CONTROL-HEALTH	Host_Health_State_SD_Method	context_dictionary	false
GCA_057611715.1	SAMN50509700	Bacteroidaceae bacterium	SC1-HHS-HEALTHY-CONTROL-HEALTH	Host_Health_State_SD	healthy/control	true
GCA_057611715.1	SAMN50509700	Bacteroidaceae bacterium	SC1-HHS-HEALTHY-CONTROL-HEALTH	Host_Health_State_SD_Detail	healthy/control	false
GCA_057611715.1	SAMN50509700	Bacteroidaceae bacterium	SC1-HHS-HEALTHY-CONTROL-HEALTH	Host_Health_State_SD_Method	context_dictionary	false
GCA_900095155.1	SAMEA4378174	Brucella inopinata	SC1-HHS-HEALTHY-CONTROL-HEALTH	Host_Health_State_SD	healthy/control	true
GCA_900095155.1	SAMEA4378174	Brucella inopinata	SC1-HHS-HEALTHY-CONTROL-HEALTH	Host_Health_State_SD_Detail	healthy/control	false
GCA_900095155.1	SAMEA4378174	Brucella inopinata	SC1-HHS-HEALTHY-CONTROL-HEALTH	Host_Health_State_SD_Method	dictionary	false
GCA_902460365.1	SAMEA5894163	Streptococcus sp. Marseille-P7375	SC1-HHS-HEALTHY-CONTROL-HEALTH	Host_Health_State_SD	healthy/control	true
GCA_902460365.1	SAMEA5894163	Streptococcus sp. Marseille-P7375	SC1-HHS-HEALTHY-CONTROL-HEALTH	Host_Health_State_SD_Detail	healthy/control	false
GCA_902460365.1	SAMEA5894163	Streptococcus sp. Marseille-P7375	SC1-HHS-HEALTHY-CONTROL-HEALTH	Host_Health_State_SD_Method	dictionary	false
GCA_902475265.1	SAMEA5851566	uncultured Sutterella sp.	SC1-HHS-HEALTHY-CONTROL-HEALTH	Host_Health_State_SD	healthy/control	true
GCA_902475265.1	SAMEA5851566	uncultured Sutterella sp.	SC1-HHS-HEALTHY-CONTROL-HEALTH	Host_Health_State_SD_Detail	healthy/control	false
GCA_902475265.1	SAMEA5851566	uncultured Sutterella sp.	SC1-HHS-HEALTHY-CONTROL-HEALTH	Host_Health_State_SD_Method	context_dictionary	false
GCA_902475355.1	SAMEA5851567	uncultured Prevotella sp.	SC1-HHS-HEALTHY-CONTROL-HEALTH	Host_Health_State_SD	healthy/control	true
GCA_902475355.1	SAMEA5851567	uncultured Prevotella sp.	SC1-HHS-HEALTHY-CONTROL-HEALTH	Host_Health_State_SD_Detail	healthy/control	false
GCA_902475355.1	SAMEA5851567	uncultured Prevotella sp.	SC1-HHS-HEALTHY-CONTROL-HEALTH	Host_Health_State_SD_Method	context_dictionary	false
GCA_902490045.1	SAMEA5853382	uncultured Anaerotruncus sp.	SC1-HHS-HEALTHY-CONTROL-HEALTH	Host_Health_State_SD	healthy/control	true
GCA_902490045.1	SAMEA5853382	uncultured Anaerotruncus sp.	SC1-HHS-HEALTHY-CONTROL-HEALTH	Host_Health_State_SD_Detail	healthy/control	false
GCA_902490045.1	SAMEA5853382	uncultured Anaerotruncus sp.	SC1-HHS-HEALTHY-CONTROL-HEALTH	Host_Health_State_SD_Method	context_dictionary	false
GCA_902490115.1	SAMEA5853385	uncultured Duodenibacillus sp.	SC1-HHS-HEALTHY-CONTROL-HEALTH	Host_Health_State_SD	healthy/control	true
GCA_902490115.1	SAMEA5853385	uncultured Duodenibacillus sp.	SC1-HHS-HEALTHY-CONTROL-HEALTH	Host_Health_State_SD_Detail	healthy/control	false
GCA_902490115.1	SAMEA5853385	uncultured Duodenibacillus sp.	SC1-HHS-HEALTHY-CONTROL-HEALTH	Host_Health_State_SD_Method	context_dictionary	false
GCA_902599535.1	SAMEA6074279	uncultured Prochlorococcus sp.	SC1-HHS-HEALTHY-CONTROL-HEALTH	Host_Health_State_SD	healthy/control	true
GCA_902599535.1	SAMEA6074279	uncultured Prochlorococcus sp.	SC1-HHS-HEALTHY-CONTROL-HEALTH	Host_Health_State_SD_Detail	healthy/control	false
GCA_902599535.1	SAMEA6074279	uncultured Prochlorococcus sp.	SC1-HHS-HEALTHY-CONTROL-HEALTH	Host_Health_State_SD_Method	context_dictionary	false
GCA_902599585.1	SAMEA6074281	uncultured Synechococcus sp.	SC1-HHS-HEALTHY-CONTROL-HEALTH	Host_Health_State_SD	healthy/control	true
GCA_902599585.1	SAMEA6074281	uncultured Synechococcus sp.	SC1-HHS-HEALTHY-CONTROL-HEALTH	Host_Health_State_SD_Detail	healthy/control	false
GCA_902599585.1	SAMEA6074281	uncultured Synechococcus sp.	SC1-HHS-HEALTHY-CONTROL-HEALTH	Host_Health_State_SD_Method	context_dictionary	false
GCA_905369845.1	SAMEA8391439	Prevotella pallens	SC1-HHS-HEALTHY-CONTROL-HEALTH	Host_Health_State_SD	healthy/control	true
GCA_905369845.1	SAMEA8391439	Prevotella pallens	SC1-HHS-HEALTHY-CONTROL-HEALTH	Host_Health_State_SD_Detail	healthy/control	false
GCA_905369845.1	SAMEA8391439	Prevotella pallens	SC1-HHS-HEALTHY-CONTROL-HEALTH	Host_Health_State_SD_Method	dictionary	false
GCA_905370235.1	SAMEA8391444	Haemophilus parainfluenzae	SC1-HHS-HEALTHY-CONTROL-HEALTH	Host_Health_State_SD	healthy/control	true
GCA_905370235.1	SAMEA8391444	Haemophilus parainfluenzae	SC1-HHS-HEALTHY-CONTROL-HEALTH	Host_Health_State_SD_Detail	healthy/control	false
GCA_905370235.1	SAMEA8391444	Haemophilus parainfluenzae	SC1-HHS-HEALTHY-CONTROL-HEALTH	Host_Health_State_SD_Method	dictionary	false
GCA_905370315.1	SAMEA8391445	Carnobacterium maltaromaticum	SC1-HHS-HEALTHY-CONTROL-HEALTH	Host_Health_State_SD	healthy/control	true
GCA_905370315.1	SAMEA8391445	Carnobacterium maltaromaticum	SC1-HHS-HEALTHY-CONTROL-HEALTH	Host_Health_State_SD_Detail	healthy/control	false
GCA_905370315.1	SAMEA8391445	Carnobacterium maltaromaticum	SC1-HHS-HEALTHY-CONTROL-HEALTH	Host_Health_State_SD_Method	dictionary	false
GCA_913773625.1	SAMEA8943741	uncultured Pseudacidovorax sp.	SC1-HHS-HEALTHY-CONTROL-HEALTH	Host_Health_State_SD	healthy/control	true
GCA_913773625.1	SAMEA8943741	uncultured Pseudacidovorax sp.	SC1-HHS-HEALTHY-CONTROL-HEALTH	Host_Health_State_SD_Detail	healthy/control	false
GCA_913773625.1	SAMEA8943741	uncultured Pseudacidovorax sp.	SC1-HHS-HEALTHY-CONTROL-HEALTH	Host_Health_State_SD_Method	dictionary	false
GCA_913773635.1	SAMEA8943796	uncultured Mucilaginibacter sp.	SC1-HHS-HEALTHY-CONTROL-HEALTH	Host_Health_State_SD	healthy/control	true
GCA_913773635.1	SAMEA8943796	uncultured Mucilaginibacter sp.	SC1-HHS-HEALTHY-CONTROL-HEALTH	Host_Health_State_SD_Detail	healthy/control	false
GCA_913773635.1	SAMEA8943796	uncultured Mucilaginibacter sp.	SC1-HHS-HEALTHY-CONTROL-HEALTH	Host_Health_State_SD_Method	dictionary	false
GCA_913773665.1	SAMEA8943773	uncultured Chryseobacterium sp.	SC1-HHS-HEALTHY-CONTROL-HEALTH	Host_Health_State_SD	healthy/control	true
GCA_913773665.1	SAMEA8943773	uncultured Chryseobacterium sp.	SC1-HHS-HEALTHY-CONTROL-HEALTH	Host_Health_State_SD_Detail	healthy/control	false
GCA_913773665.1	SAMEA8943773	uncultured Chryseobacterium sp.	SC1-HHS-HEALTHY-CONTROL-HEALTH	Host_Health_State_SD_Method	dictionary	false
GCA_913773735.1	SAMEA8943797	uncultured Massilia sp.	SC1-HHS-HEALTHY-CONTROL-HEALTH	Host_Health_State_SD	healthy/control	true
GCA_913773735.1	SAMEA8943797	uncultured Massilia sp.	SC1-HHS-HEALTHY-CONTROL-HEALTH	Host_Health_State_SD_Detail	healthy/control	false
GCA_913773735.1	SAMEA8943797	uncultured Massilia sp.	SC1-HHS-HEALTHY-CONTROL-HEALTH	Host_Health_State_SD_Method	dictionary	false
GCA_913773845.1	SAMEA8943756	uncultured Acidovorax sp.	SC1-HHS-HEALTHY-CONTROL-HEALTH	Host_Health_State_SD	healthy/control	true
GCA_913773845.1	SAMEA8943756	uncultured Acidovorax sp.	SC1-HHS-HEALTHY-CONTROL-HEALTH	Host_Health_State_SD_Detail	healthy/control	false
GCA_913773845.1	SAMEA8943756	uncultured Acidovorax sp.	SC1-HHS-HEALTHY-CONTROL-HEALTH	Host_Health_State_SD_Method	dictionary	false
GCA_913773905.1	SAMEA8943772	uncultured Chryseobacterium sp.	SC1-HHS-HEALTHY-CONTROL-HEALTH	Host_Health_State_SD	healthy/control	true
GCA_913773905.1	SAMEA8943772	uncultured Chryseobacterium sp.	SC1-HHS-HEALTHY-CONTROL-HEALTH	Host_Health_State_SD_Detail	healthy/control	false
GCA_913773905.1	SAMEA8943772	uncultured Chryseobacterium sp.	SC1-HHS-HEALTHY-CONTROL-HEALTH	Host_Health_State_SD_Method	dictionary	false
GCA_913773945.1	SAMEA8943829	uncultured Microbacterium sp.	SC1-HHS-HEALTHY-CONTROL-HEALTH	Host_Health_State_SD	healthy/control	true
GCA_913773945.1	SAMEA8943829	uncultured Microbacterium sp.	SC1-HHS-HEALTHY-CONTROL-HEALTH	Host_Health_State_SD_Detail	healthy/control	false
GCA_913773945.1	SAMEA8943829	uncultured Microbacterium sp.	SC1-HHS-HEALTHY-CONTROL-HEALTH	Host_Health_State_SD_Method	dictionary	false
GCA_913773955.1	SAMEA8943740	uncultured Acidovorax sp.	SC1-HHS-HEALTHY-CONTROL-HEALTH	Host_Health_State_SD	healthy/control	true
GCA_913773955.1	SAMEA8943740	uncultured Acidovorax sp.	SC1-HHS-HEALTHY-CONTROL-HEALTH	Host_Health_State_SD_Detail	healthy/control	false
GCA_913773955.1	SAMEA8943740	uncultured Acidovorax sp.	SC1-HHS-HEALTHY-CONTROL-HEALTH	Host_Health_State_SD_Method	dictionary	false
GCA_913774055.1	SAMEA8943732	uncultured Pantoea sp.	SC1-HHS-HEALTHY-CONTROL-HEALTH	Host_Health_State_SD	healthy/control	true
GCA_913774055.1	SAMEA8943732	uncultured Pantoea sp.	SC1-HHS-HEALTHY-CONTROL-HEALTH	Host_Health_State_SD_Detail	healthy/control	false
GCA_913774055.1	SAMEA8943732	uncultured Pantoea sp.	SC1-HHS-HEALTHY-CONTROL-HEALTH	Host_Health_State_SD_Method	dictionary	false
GCA_913774075.1	SAMEA8943813	uncultured Agrobacterium sp.	SC1-HHS-HEALTHY-CONTROL-HEALTH	Host_Health_State_SD	healthy/control	true
GCA_913774075.1	SAMEA8943813	uncultured Agrobacterium sp.	SC1-HHS-HEALTHY-CONTROL-HEALTH	Host_Health_State_SD_Detail	healthy/control	false
GCA_913774075.1	SAMEA8943813	uncultured Agrobacterium sp.	SC1-HHS-HEALTHY-CONTROL-HEALTH	Host_Health_State_SD_Method	dictionary	false
GCA_913774085.1	SAMEA8943748	uncultured Sphingomonas sp.	SC1-HHS-HEALTHY-CONTROL-HEALTH	Host_Health_State_SD	healthy/control	true
GCA_913774085.1	SAMEA8943748	uncultured Sphingomonas sp.	SC1-HHS-HEALTHY-CONTROL-HEALTH	Host_Health_State_SD_Detail	healthy/control	false
GCA_913774085.1	SAMEA8943748	uncultured Sphingomonas sp.	SC1-HHS-HEALTHY-CONTROL-HEALTH	Host_Health_State_SD_Method	dictionary	false
GCA_913774225.1	SAMEA8943821	uncultured Pantoea sp.	SC1-HHS-HEALTHY-CONTROL-HEALTH	Host_Health_State_SD	healthy/control	true
GCA_913774225.1	SAMEA8943821	uncultured Pantoea sp.	SC1-HHS-HEALTHY-CONTROL-HEALTH	Host_Health_State_SD_Detail	healthy/control	false
GCA_913774225.1	SAMEA8943821	uncultured Pantoea sp.	SC1-HHS-HEALTHY-CONTROL-HEALTH	Host_Health_State_SD_Method	dictionary	false
GCA_913774385.1	SAMEA8943788	uncultured Serratia sp.	SC1-HHS-HEALTHY-CONTROL-HEALTH	Host_Health_State_SD	healthy/control	true
GCA_913774385.1	SAMEA8943788	uncultured Serratia sp.	SC1-HHS-HEALTHY-CONTROL-HEALTH	Host_Health_State_SD_Detail	healthy/control	false
GCA_913774385.1	SAMEA8943788	uncultured Serratia sp.	SC1-HHS-HEALTHY-CONTROL-HEALTH	Host_Health_State_SD_Method	dictionary	false
GCA_913774415.1	SAMEA8943749	uncultured Paenibacillus sp.	SC1-HHS-HEALTHY-CONTROL-HEALTH	Host_Health_State_SD	healthy/control	true
GCA_913774415.1	SAMEA8943749	uncultured Paenibacillus sp.	SC1-HHS-HEALTHY-CONTROL-HEALTH	Host_Health_State_SD_Detail	healthy/control	false
GCA_913774415.1	SAMEA8943749	uncultured Paenibacillus sp.	SC1-HHS-HEALTHY-CONTROL-HEALTH	Host_Health_State_SD_Method	dictionary	false
GCA_913774435.1	SAMEA8943733	uncultured Roseateles sp.	SC1-HHS-HEALTHY-CONTROL-HEALTH	Host_Health_State_SD	healthy/control	true
GCA_913774435.1	SAMEA8943733	uncultured Roseateles sp.	SC1-HHS-HEALTHY-CONTROL-HEALTH	Host_Health_State_SD_Detail	healthy/control	false
GCA_913774435.1	SAMEA8943733	uncultured Roseateles sp.	SC1-HHS-HEALTHY-CONTROL-HEALTH	Host_Health_State_SD_Method	dictionary	false
GCA_913774485.1	SAMEA8943725	uncultured Acidovorax sp.	SC1-HHS-HEALTHY-CONTROL-HEALTH	Host_Health_State_SD	healthy/control	true
GCA_913774485.1	SAMEA8943725	uncultured Acidovorax sp.	SC1-HHS-HEALTHY-CONTROL-HEALTH	Host_Health_State_SD_Detail	healthy/control	false
GCA_913774485.1	SAMEA8943725	uncultured Acidovorax sp.	SC1-HHS-HEALTHY-CONTROL-HEALTH	Host_Health_State_SD_Method	dictionary	false
GCA_913774525.1	SAMEA8943828	uncultured Pantoea sp.	SC1-HHS-HEALTHY-CONTROL-HEALTH	Host_Health_State_SD	healthy/control	true
GCA_913774525.1	SAMEA8943828	uncultured Pantoea sp.	SC1-HHS-HEALTHY-CONTROL-HEALTH	Host_Health_State_SD_Detail	healthy/control	false
GCA_913774525.1	SAMEA8943828	uncultured Pantoea sp.	SC1-HHS-HEALTHY-CONTROL-HEALTH	Host_Health_State_SD_Method	dictionary	false
GCA_913774535.1	SAMEA8943812	uncultured Agrobacterium sp.	SC1-HHS-HEALTHY-CONTROL-HEALTH	Host_Health_State_SD	healthy/control	true
GCA_913774535.1	SAMEA8943812	uncultured Agrobacterium sp.	SC1-HHS-HEALTHY-CONTROL-HEALTH	Host_Health_State_SD_Detail	healthy/control	false
GCA_913774535.1	SAMEA8943812	uncultured Agrobacterium sp.	SC1-HHS-HEALTHY-CONTROL-HEALTH	Host_Health_State_SD_Method	dictionary	false
GCA_913774645.1	SAMEA8943805	uncultured Erwinia sp.	SC1-HHS-HEALTHY-CONTROL-HEALTH	Host_Health_State_SD	healthy/control	true
GCA_913774645.1	SAMEA8943805	uncultured Erwinia sp.	SC1-HHS-HEALTHY-CONTROL-HEALTH	Host_Health_State_SD_Detail	healthy/control	false
GCA_913774645.1	SAMEA8943805	uncultured Erwinia sp.	SC1-HHS-HEALTHY-CONTROL-HEALTH	Host_Health_State_SD_Method	dictionary	false
GCA_913774755.1	SAMEA8943726	uncultured Curtobacterium sp.	SC1-HHS-HEALTHY-CONTROL-HEALTH	Host_Health_State_SD	healthy/control	true
GCA_913774755.1	SAMEA8943726	uncultured Curtobacterium sp.	SC1-HHS-HEALTHY-CONTROL-HEALTH	Host_Health_State_SD_Detail	healthy/control	false
GCA_913774755.1	SAMEA8943726	uncultured Curtobacterium sp.	SC1-HHS-HEALTHY-CONTROL-HEALTH	Host_Health_State_SD_Method	dictionary	false
GCA_913774925.1	SAMEA8943750	uncultured Sphingomonas sp.	SC1-HHS-HEALTHY-CONTROL-HEALTH	Host_Health_State_SD	healthy/control	true
GCA_913774925.1	SAMEA8943750	uncultured Sphingomonas sp.	SC1-HHS-HEALTHY-CONTROL-HEALTH	Host_Health_State_SD_Detail	healthy/control	false
GCA_913774925.1	SAMEA8943750	uncultured Sphingomonas sp.	SC1-HHS-HEALTHY-CONTROL-HEALTH	Host_Health_State_SD_Method	dictionary	false
GCA_913774935.1	SAMEA8943758	uncultured Sphingomonas sp.	SC1-HHS-HEALTHY-CONTROL-HEALTH	Host_Health_State_SD	healthy/control	true
GCA_913774935.1	SAMEA8943758	uncultured Sphingomonas sp.	SC1-HHS-HEALTHY-CONTROL-HEALTH	Host_Health_State_SD_Detail	healthy/control	false
GCA_913774935.1	SAMEA8943758	uncultured Sphingomonas sp.	SC1-HHS-HEALTHY-CONTROL-HEALTH	Host_Health_State_SD_Method	dictionary	false
GCA_913774945.1	SAMEA8943806	uncultured Xanthomonas sp.	SC1-HHS-HEALTHY-CONTROL-HEALTH	Host_Health_State_SD	healthy/control	true
GCA_913774945.1	SAMEA8943806	uncultured Xanthomonas sp.	SC1-HHS-HEALTHY-CONTROL-HEALTH	Host_Health_State_SD_Detail	healthy/control	false
GCA_913774945.1	SAMEA8943806	uncultured Xanthomonas sp.	SC1-HHS-HEALTHY-CONTROL-HEALTH	Host_Health_State_SD_Method	dictionary	false
GCA_913775015.1	SAMEA8943830	uncultured Agrobacterium sp.	SC1-HHS-HEALTHY-CONTROL-HEALTH	Host_Health_State_SD	healthy/control	true
GCA_913775015.1	SAMEA8943830	uncultured Agrobacterium sp.	SC1-HHS-HEALTHY-CONTROL-HEALTH	Host_Health_State_SD_Detail	healthy/control	false
GCA_913775015.1	SAMEA8943830	uncultured Agrobacterium sp.	SC1-HHS-HEALTHY-CONTROL-HEALTH	Host_Health_State_SD_Method	dictionary	false
GCA_913775045.1	SAMEA8943766	uncultured Comamonas sp.	SC1-HHS-HEALTHY-CONTROL-HEALTH	Host_Health_State_SD	healthy/control	true
GCA_913775045.1	SAMEA8943766	uncultured Comamonas sp.	SC1-HHS-HEALTHY-CONTROL-HEALTH	Host_Health_State_SD_Detail	healthy/control	false
GCA_913775045.1	SAMEA8943766	uncultured Comamonas sp.	SC1-HHS-HEALTHY-CONTROL-HEALTH	Host_Health_State_SD_Method	dictionary	false
GCA_913775055.1	SAMEA8943774	uncultured Agrobacterium sp.	SC1-HHS-HEALTHY-CONTROL-HEALTH	Host_Health_State_SD	healthy/control	true
GCA_913775055.1	SAMEA8943774	uncultured Agrobacterium sp.	SC1-HHS-HEALTHY-CONTROL-HEALTH	Host_Health_State_SD_Detail	healthy/control	false
GCA_913775055.1	SAMEA8943774	uncultured Agrobacterium sp.	SC1-HHS-HEALTHY-CONTROL-HEALTH	Host_Health_State_SD_Method	dictionary	false
GCA_913775115.1	SAMEA8943814	uncultured Comamonas sp.	SC1-HHS-HEALTHY-CONTROL-HEALTH	Host_Health_State_SD	healthy/control	true
GCA_913775115.1	SAMEA8943814	uncultured Comamonas sp.	SC1-HHS-HEALTHY-CONTROL-HEALTH	Host_Health_State_SD_Detail	healthy/control	false
GCA_913775115.1	SAMEA8943814	uncultured Comamonas sp.	SC1-HHS-HEALTHY-CONTROL-HEALTH	Host_Health_State_SD_Method	dictionary	false
GCA_913775155.1	SAMEA8943782	uncultured Chryseobacterium sp.	SC1-HHS-HEALTHY-CONTROL-HEALTH	Host_Health_State_SD	healthy/control	true
GCA_913775155.1	SAMEA8943782	uncultured Chryseobacterium sp.	SC1-HHS-HEALTHY-CONTROL-HEALTH	Host_Health_State_SD_Detail	healthy/control	false
GCA_913775155.1	SAMEA8943782	uncultured Chryseobacterium sp.	SC1-HHS-HEALTHY-CONTROL-HEALTH	Host_Health_State_SD_Method	dictionary	false
GCA_913775305.1	SAMEA8943798	uncultured Erwinia sp.	SC1-HHS-HEALTHY-CONTROL-HEALTH	Host_Health_State_SD	healthy/control	true
GCA_913775305.1	SAMEA8943798	uncultured Erwinia sp.	SC1-HHS-HEALTHY-CONTROL-HEALTH	Host_Health_State_SD_Detail	healthy/control	false
GCA_913775305.1	SAMEA8943798	uncultured Erwinia sp.	SC1-HHS-HEALTHY-CONTROL-HEALTH	Host_Health_State_SD_Method	dictionary	false
GCA_913775315.1	SAMEA8943822	uncultured Sphingomonas sp.	SC1-HHS-HEALTHY-CONTROL-HEALTH	Host_Health_State_SD	healthy/control	true
GCA_913775315.1	SAMEA8943822	uncultured Sphingomonas sp.	SC1-HHS-HEALTHY-CONTROL-HEALTH	Host_Health_State_SD_Detail	healthy/control	false
GCA_913775315.1	SAMEA8943822	uncultured Sphingomonas sp.	SC1-HHS-HEALTHY-CONTROL-HEALTH	Host_Health_State_SD_Method	dictionary	false
GCA_913775485.1	SAMEA8943742	uncultured Blastomonas sp.	SC1-HHS-HEALTHY-CONTROL-HEALTH	Host_Health_State_SD	healthy/control	true
GCA_913775485.1	SAMEA8943742	uncultured Blastomonas sp.	SC1-HHS-HEALTHY-CONTROL-HEALTH	Host_Health_State_SD_Detail	healthy/control	false
GCA_913775485.1	SAMEA8943742	uncultured Blastomonas sp.	SC1-HHS-HEALTHY-CONTROL-HEALTH	Host_Health_State_SD_Method	dictionary	false
GCA_913775505.1	SAMEA8943791	uncultured Enterobacter sp.	SC1-HHS-HEALTHY-CONTROL-HEALTH	Host_Health_State_SD	healthy/control	true
GCA_913775505.1	SAMEA8943791	uncultured Enterobacter sp.	SC1-HHS-HEALTHY-CONTROL-HEALTH	Host_Health_State_SD_Detail	healthy/control	false
GCA_913775505.1	SAMEA8943791	uncultured Enterobacter sp.	SC1-HHS-HEALTHY-CONTROL-HEALTH	Host_Health_State_SD_Method	dictionary	false
GCA_913775655.1	SAMEA8943759	uncultured Pantoea sp.	SC1-HHS-HEALTHY-CONTROL-HEALTH	Host_Health_State_SD	healthy/control	true
GCA_913775655.1	SAMEA8943759	uncultured Pantoea sp.	SC1-HHS-HEALTHY-CONTROL-HEALTH	Host_Health_State_SD_Detail	healthy/control	false
GCA_913775655.1	SAMEA8943759	uncultured Pantoea sp.	SC1-HHS-HEALTHY-CONTROL-HEALTH	Host_Health_State_SD_Method	dictionary	false
GCA_913775725.1	SAMEA8943823	uncultured Stenotrophomonas sp.	SC1-HHS-HEALTHY-CONTROL-HEALTH	Host_Health_State_SD	healthy/control	true
GCA_913775725.1	SAMEA8943823	uncultured Stenotrophomonas sp.	SC1-HHS-HEALTHY-CONTROL-HEALTH	Host_Health_State_SD_Detail	healthy/control	false
GCA_913775725.1	SAMEA8943823	uncultured Stenotrophomonas sp.	SC1-HHS-HEALTHY-CONTROL-HEALTH	Host_Health_State_SD_Method	dictionary	false
GCA_913775745.1	SAMEA8943824	uncultured Enterobacter sp.	SC1-HHS-HEALTHY-CONTROL-HEALTH	Host_Health_State_SD	healthy/control	true
GCA_913775745.1	SAMEA8943824	uncultured Enterobacter sp.	SC1-HHS-HEALTHY-CONTROL-HEALTH	Host_Health_State_SD_Detail	healthy/control	false
GCA_913775745.1	SAMEA8943824	uncultured Enterobacter sp.	SC1-HHS-HEALTHY-CONTROL-HEALTH	Host_Health_State_SD_Method	dictionary	false
GCA_913775795.1	SAMEA8943751	uncultured Sphingomonas sp.	SC1-HHS-HEALTHY-CONTROL-HEALTH	Host_Health_State_SD	healthy/control	true
GCA_913775795.1	SAMEA8943751	uncultured Sphingomonas sp.	SC1-HHS-HEALTHY-CONTROL-HEALTH	Host_Health_State_SD_Detail	healthy/control	false
GCA_913775795.1	SAMEA8943751	uncultured Sphingomonas sp.	SC1-HHS-HEALTHY-CONTROL-HEALTH	Host_Health_State_SD_Method	dictionary	false
GCA_913775845.1	SAMEA8943783	uncultured Enterobacter sp.	SC1-HHS-HEALTHY-CONTROL-HEALTH	Host_Health_State_SD	healthy/control	true
GCA_913775845.1	SAMEA8943783	uncultured Enterobacter sp.	SC1-HHS-HEALTHY-CONTROL-HEALTH	Host_Health_State_SD_Detail	healthy/control	false
GCA_913775845.1	SAMEA8943783	uncultured Enterobacter sp.	SC1-HHS-HEALTHY-CONTROL-HEALTH	Host_Health_State_SD_Method	dictionary	false
GCA_913775875.1	SAMEA8943767	uncultured Microbacterium sp.	SC1-HHS-HEALTHY-CONTROL-HEALTH	Host_Health_State_SD	healthy/control	true
GCA_913775875.1	SAMEA8943767	uncultured Microbacterium sp.	SC1-HHS-HEALTHY-CONTROL-HEALTH	Host_Health_State_SD_Detail	healthy/control	false
GCA_913775875.1	SAMEA8943767	uncultured Microbacterium sp.	SC1-HHS-HEALTHY-CONTROL-HEALTH	Host_Health_State_SD_Method	dictionary	false
GCA_913775975.1	SAMEA8943752	uncultured Sphingomonas sp.	SC1-HHS-HEALTHY-CONTROL-HEALTH	Host_Health_State_SD	healthy/control	true
GCA_913775975.1	SAMEA8943752	uncultured Sphingomonas sp.	SC1-HHS-HEALTHY-CONTROL-HEALTH	Host_Health_State_SD_Detail	healthy/control	false
GCA_913775975.1	SAMEA8943752	uncultured Sphingomonas sp.	SC1-HHS-HEALTHY-CONTROL-HEALTH	Host_Health_State_SD_Method	dictionary	false
GCA_913775985.1	SAMEA8943799	uncultured Pluralibacter sp.	SC1-HHS-HEALTHY-CONTROL-HEALTH	Host_Health_State_SD	healthy/control	true
GCA_913775985.1	SAMEA8943799	uncultured Pluralibacter sp.	SC1-HHS-HEALTHY-CONTROL-HEALTH	Host_Health_State_SD_Detail	healthy/control	false
GCA_913775985.1	SAMEA8943799	uncultured Pluralibacter sp.	SC1-HHS-HEALTHY-CONTROL-HEALTH	Host_Health_State_SD_Method	dictionary	false
GCA_913776065.1	SAMEA8943768	uncultured Microbacterium sp.	SC1-HHS-HEALTHY-CONTROL-HEALTH	Host_Health_State_SD	healthy/control	true
GCA_913776065.1	SAMEA8943768	uncultured Microbacterium sp.	SC1-HHS-HEALTHY-CONTROL-HEALTH	Host_Health_State_SD_Detail	healthy/control	false
GCA_913776065.1	SAMEA8943768	uncultured Microbacterium sp.	SC1-HHS-HEALTHY-CONTROL-HEALTH	Host_Health_State_SD_Method	dictionary	false
GCA_913776075.1	SAMEA8943776	uncultured Sphingomonas sp.	SC1-HHS-HEALTHY-CONTROL-HEALTH	Host_Health_State_SD	healthy/control	true
GCA_913776075.1	SAMEA8943776	uncultured Sphingomonas sp.	SC1-HHS-HEALTHY-CONTROL-HEALTH	Host_Health_State_SD_Detail	healthy/control	false
GCA_913776075.1	SAMEA8943776	uncultured Sphingomonas sp.	SC1-HHS-HEALTHY-CONTROL-HEALTH	Host_Health_State_SD_Method	dictionary	false
GCA_913776195.1	SAMEA8943784	uncultured Caulobacter sp.	SC1-HHS-HEALTHY-CONTROL-HEALTH	Host_Health_State_SD	healthy/control	true
GCA_913776195.1	SAMEA8943784	uncultured Caulobacter sp.	SC1-HHS-HEALTHY-CONTROL-HEALTH	Host_Health_State_SD_Detail	healthy/control	false
GCA_913776195.1	SAMEA8943784	uncultured Caulobacter sp.	SC1-HHS-HEALTHY-CONTROL-HEALTH	Host_Health_State_SD_Method	dictionary	false
GCA_913776255.1	SAMEA8943744	uncultured Sphingomonas sp.	SC1-HHS-HEALTHY-CONTROL-HEALTH	Host_Health_State_SD	healthy/control	true
GCA_913776255.1	SAMEA8943744	uncultured Sphingomonas sp.	SC1-HHS-HEALTHY-CONTROL-HEALTH	Host_Health_State_SD_Detail	healthy/control	false
GCA_913776255.1	SAMEA8943744	uncultured Sphingomonas sp.	SC1-HHS-HEALTHY-CONTROL-HEALTH	Host_Health_State_SD_Method	dictionary	false
GCA_913776295.1	SAMEA8943815	uncultured Pedobacter sp.	SC1-HHS-HEALTHY-CONTROL-HEALTH	Host_Health_State_SD	healthy/control	true
GCA_913776295.1	SAMEA8943815	uncultured Pedobacter sp.	SC1-HHS-HEALTHY-CONTROL-HEALTH	Host_Health_State_SD_Detail	healthy/control	false
GCA_913776295.1	SAMEA8943815	uncultured Pedobacter sp.	SC1-HHS-HEALTHY-CONTROL-HEALTH	Host_Health_State_SD_Method	dictionary	false
GCA_913776375.1	SAMEA8943807	uncultured Pantoea sp.	SC1-HHS-HEALTHY-CONTROL-HEALTH	Host_Health_State_SD	healthy/control	true
GCA_913776375.1	SAMEA8943807	uncultured Pantoea sp.	SC1-HHS-HEALTHY-CONTROL-HEALTH	Host_Health_State_SD_Detail	healthy/control	false
GCA_913776375.1	SAMEA8943807	uncultured Pantoea sp.	SC1-HHS-HEALTHY-CONTROL-HEALTH	Host_Health_State_SD_Method	dictionary	false
GCA_913776415.1	SAMEA8943816	uncultured Ochrobactrum sp.	SC1-HHS-HEALTHY-CONTROL-HEALTH	Host_Health_State_SD	healthy/control	true
GCA_913776415.1	SAMEA8943816	uncultured Ochrobactrum sp.	SC1-HHS-HEALTHY-CONTROL-HEALTH	Host_Health_State_SD_Detail	healthy/control	false
GCA_913776415.1	SAMEA8943816	uncultured Ochrobactrum sp.	SC1-HHS-HEALTHY-CONTROL-HEALTH	Host_Health_State_SD_Method	dictionary	false
GCA_913776455.1	SAMEA8943800	uncultured Serratia sp.	SC1-HHS-HEALTHY-CONTROL-HEALTH	Host_Health_State_SD	healthy/control	true
GCA_913776455.1	SAMEA8943800	uncultured Serratia sp.	SC1-HHS-HEALTHY-CONTROL-HEALTH	Host_Health_State_SD_Detail	healthy/control	false
GCA_913776455.1	SAMEA8943800	uncultured Serratia sp.	SC1-HHS-HEALTHY-CONTROL-HEALTH	Host_Health_State_SD_Method	dictionary	false
GCA_913776485.1	SAMEA8943808	uncultured Acidovorax sp.	SC1-HHS-HEALTHY-CONTROL-HEALTH	Host_Health_State_SD	healthy/control	true
GCA_913776485.1	SAMEA8943808	uncultured Acidovorax sp.	SC1-HHS-HEALTHY-CONTROL-HEALTH	Host_Health_State_SD_Detail	healthy/control	false
GCA_913776485.1	SAMEA8943808	uncultured Acidovorax sp.	SC1-HHS-HEALTHY-CONTROL-HEALTH	Host_Health_State_SD_Method	dictionary	false
GCA_913776685.1	SAMEA8943745	uncultured Chryseobacterium sp.	SC1-HHS-HEALTHY-CONTROL-HEALTH	Host_Health_State_SD	healthy/control	true
GCA_913776685.1	SAMEA8943745	uncultured Chryseobacterium sp.	SC1-HHS-HEALTHY-CONTROL-HEALTH	Host_Health_State_SD_Detail	healthy/control	false
GCA_913776685.1	SAMEA8943745	uncultured Chryseobacterium sp.	SC1-HHS-HEALTHY-CONTROL-HEALTH	Host_Health_State_SD_Method	dictionary	false
GCA_913776725.1	SAMEA8943777	uncultured Xanthomonas sp.	SC1-HHS-HEALTHY-CONTROL-HEALTH	Host_Health_State_SD	healthy/control	true
GCA_913776725.1	SAMEA8943777	uncultured Xanthomonas sp.	SC1-HHS-HEALTHY-CONTROL-HEALTH	Host_Health_State_SD_Detail	healthy/control	false
GCA_913776725.1	SAMEA8943777	uncultured Xanthomonas sp.	SC1-HHS-HEALTHY-CONTROL-HEALTH	Host_Health_State_SD_Method	dictionary	false
GCA_913776755.1	SAMEA8943802	uncultured Comamonas sp.	SC1-HHS-HEALTHY-CONTROL-HEALTH	Host_Health_State_SD	healthy/control	true
GCA_913776755.1	SAMEA8943802	uncultured Comamonas sp.	SC1-HHS-HEALTHY-CONTROL-HEALTH	Host_Health_State_SD_Detail	healthy/control	false
GCA_913776755.1	SAMEA8943802	uncultured Comamonas sp.	SC1-HHS-HEALTHY-CONTROL-HEALTH	Host_Health_State_SD_Method	dictionary	false
GCA_913776775.1	SAMEA8943770	uncultured Exiguobacterium sp.	SC1-HHS-HEALTHY-CONTROL-HEALTH	Host_Health_State_SD	healthy/control	true
GCA_913776775.1	SAMEA8943770	uncultured Exiguobacterium sp.	SC1-HHS-HEALTHY-CONTROL-HEALTH	Host_Health_State_SD_Detail	healthy/control	false
GCA_913776775.1	SAMEA8943770	uncultured Exiguobacterium sp.	SC1-HHS-HEALTHY-CONTROL-HEALTH	Host_Health_State_SD_Method	dictionary	false
GCA_913776855.1	SAMEA8943786	uncultured Sphingomonas sp.	SC1-HHS-HEALTHY-CONTROL-HEALTH	Host_Health_State_SD	healthy/control	true
GCA_913776855.1	SAMEA8943786	uncultured Sphingomonas sp.	SC1-HHS-HEALTHY-CONTROL-HEALTH	Host_Health_State_SD_Detail	healthy/control	false
GCA_913776855.1	SAMEA8943786	uncultured Sphingomonas sp.	SC1-HHS-HEALTHY-CONTROL-HEALTH	Host_Health_State_SD_Method	dictionary	false
GCA_913777015.1	SAMEA8943794	uncultured Comamonas sp.	SC1-HHS-HEALTHY-CONTROL-HEALTH	Host_Health_State_SD	healthy/control	true
GCA_913777015.1	SAMEA8943794	uncultured Comamonas sp.	SC1-HHS-HEALTHY-CONTROL-HEALTH	Host_Health_State_SD_Detail	healthy/control	false
GCA_913777015.1	SAMEA8943794	uncultured Comamonas sp.	SC1-HHS-HEALTHY-CONTROL-HEALTH	Host_Health_State_SD_Method	dictionary	false
GCA_913777095.1	SAMEA8943793	uncultured Enterobacter sp.	SC1-HHS-HEALTHY-CONTROL-HEALTH	Host_Health_State_SD	healthy/control	true
GCA_913777095.1	SAMEA8943793	uncultured Enterobacter sp.	SC1-HHS-HEALTHY-CONTROL-HEALTH	Host_Health_State_SD_Detail	healthy/control	false
GCA_913777095.1	SAMEA8943793	uncultured Enterobacter sp.	SC1-HHS-HEALTHY-CONTROL-HEALTH	Host_Health_State_SD_Method	dictionary	false
GCA_913777125.1	SAMEA8943754	uncultured Chryseobacterium sp.	SC1-HHS-HEALTHY-CONTROL-HEALTH	Host_Health_State_SD	healthy/control	true
GCA_913777125.1	SAMEA8943754	uncultured Chryseobacterium sp.	SC1-HHS-HEALTHY-CONTROL-HEALTH	Host_Health_State_SD_Detail	healthy/control	false
GCA_913777125.1	SAMEA8943754	uncultured Chryseobacterium sp.	SC1-HHS-HEALTHY-CONTROL-HEALTH	Host_Health_State_SD_Method	dictionary	false
GCA_913777145.1	SAMEA8943761	uncultured Roseateles sp.	SC1-HHS-HEALTHY-CONTROL-HEALTH	Host_Health_State_SD	healthy/control	true
GCA_913777145.1	SAMEA8943761	uncultured Roseateles sp.	SC1-HHS-HEALTHY-CONTROL-HEALTH	Host_Health_State_SD_Detail	healthy/control	false
GCA_913777145.1	SAMEA8943761	uncultured Roseateles sp.	SC1-HHS-HEALTHY-CONTROL-HEALTH	Host_Health_State_SD_Method	dictionary	false
GCA_913777185.1	SAMEA8943729	uncultured Acidovorax sp.	SC1-HHS-HEALTHY-CONTROL-HEALTH	Host_Health_State_SD	healthy/control	true
GCA_913777185.1	SAMEA8943729	uncultured Acidovorax sp.	SC1-HHS-HEALTHY-CONTROL-HEALTH	Host_Health_State_SD_Detail	healthy/control	false
GCA_913777185.1	SAMEA8943729	uncultured Acidovorax sp.	SC1-HHS-HEALTHY-CONTROL-HEALTH	Host_Health_State_SD_Method	dictionary	false
GCA_913777225.1	SAMEA8943753	uncultured Sphingomonas sp.	SC1-HHS-HEALTHY-CONTROL-HEALTH	Host_Health_State_SD	healthy/control	true
GCA_913777225.1	SAMEA8943753	uncultured Sphingomonas sp.	SC1-HHS-HEALTHY-CONTROL-HEALTH	Host_Health_State_SD_Detail	healthy/control	false
GCA_913777225.1	SAMEA8943753	uncultured Sphingomonas sp.	SC1-HHS-HEALTHY-CONTROL-HEALTH	Host_Health_State_SD_Method	dictionary	false
GCA_913777275.1	SAMEA8943746	uncultured Sphingomonas sp.	SC1-HHS-HEALTHY-CONTROL-HEALTH	Host_Health_State_SD	healthy/control	true
GCA_913777275.1	SAMEA8943746	uncultured Sphingomonas sp.	SC1-HHS-HEALTHY-CONTROL-HEALTH	Host_Health_State_SD_Detail	healthy/control	false
GCA_913777275.1	SAMEA8943746	uncultured Sphingomonas sp.	SC1-HHS-HEALTHY-CONTROL-HEALTH	Host_Health_State_SD_Method	dictionary	false
GCA_913777385.1	SAMEA8943778	uncultured Paenibacillus sp.	SC1-HHS-HEALTHY-CONTROL-HEALTH	Host_Health_State_SD	healthy/control	true
GCA_913777385.1	SAMEA8943778	uncultured Paenibacillus sp.	SC1-HHS-HEALTHY-CONTROL-HEALTH	Host_Health_State_SD_Detail	healthy/control	false
GCA_913777385.1	SAMEA8943778	uncultured Paenibacillus sp.	SC1-HHS-HEALTHY-CONTROL-HEALTH	Host_Health_State_SD_Method	dictionary	false
GCA_913777415.1	SAMEA8943769	uncultured Chryseobacterium sp.	SC1-HHS-HEALTHY-CONTROL-HEALTH	Host_Health_State_SD	healthy/control	true
GCA_913777415.1	SAMEA8943769	uncultured Chryseobacterium sp.	SC1-HHS-HEALTHY-CONTROL-HEALTH	Host_Health_State_SD_Detail	healthy/control	false
GCA_913777415.1	SAMEA8943769	uncultured Chryseobacterium sp.	SC1-HHS-HEALTHY-CONTROL-HEALTH	Host_Health_State_SD_Method	dictionary	false
GCA_913777455.1	SAMEA8943762	uncultured Brevundimonas sp.	SC1-HHS-HEALTHY-CONTROL-HEALTH	Host_Health_State_SD	healthy/control	true
GCA_913777455.1	SAMEA8943762	uncultured Brevundimonas sp.	SC1-HHS-HEALTHY-CONTROL-HEALTH	Host_Health_State_SD_Detail	healthy/control	false
GCA_913777455.1	SAMEA8943762	uncultured Brevundimonas sp.	SC1-HHS-HEALTHY-CONTROL-HEALTH	Host_Health_State_SD_Method	dictionary	false
GCA_913777475.1	SAMEA8943738	uncultured Sphingomonas sp.	SC1-HHS-HEALTHY-CONTROL-HEALTH	Host_Health_State_SD	healthy/control	true
GCA_913777475.1	SAMEA8943738	uncultured Sphingomonas sp.	SC1-HHS-HEALTHY-CONTROL-HEALTH	Host_Health_State_SD_Detail	healthy/control	false
GCA_913777475.1	SAMEA8943738	uncultured Sphingomonas sp.	SC1-HHS-HEALTHY-CONTROL-HEALTH	Host_Health_State_SD_Method	dictionary	false
GCA_913777495.1	SAMEA8943810	uncultured Buchnera sp.	SC1-HHS-HEALTHY-CONTROL-HEALTH	Host_Health_State_SD	healthy/control	true
GCA_913777495.1	SAMEA8943810	uncultured Buchnera sp.	SC1-HHS-HEALTHY-CONTROL-HEALTH	Host_Health_State_SD_Detail	healthy/control	false
GCA_913777495.1	SAMEA8943810	uncultured Buchnera sp.	SC1-HHS-HEALTHY-CONTROL-HEALTH	Host_Health_State_SD_Method	dictionary	false
GCA_913777635.1	SAMEA8943826	uncultured Chryseobacterium sp.	SC1-HHS-HEALTHY-CONTROL-HEALTH	Host_Health_State_SD	healthy/control	true
GCA_913777635.1	SAMEA8943826	uncultured Chryseobacterium sp.	SC1-HHS-HEALTHY-CONTROL-HEALTH	Host_Health_State_SD_Detail	healthy/control	false
GCA_913777635.1	SAMEA8943826	uncultured Chryseobacterium sp.	SC1-HHS-HEALTHY-CONTROL-HEALTH	Host_Health_State_SD_Method	dictionary	false
GCA_913777655.1	SAMEA8943818	uncultured Brevundimonas sp.	SC1-HHS-HEALTHY-CONTROL-HEALTH	Host_Health_State_SD	healthy/control	true
GCA_913777655.1	SAMEA8943818	uncultured Brevundimonas sp.	SC1-HHS-HEALTHY-CONTROL-HEALTH	Host_Health_State_SD_Detail	healthy/control	false
GCA_913777655.1	SAMEA8943818	uncultured Brevundimonas sp.	SC1-HHS-HEALTHY-CONTROL-HEALTH	Host_Health_State_SD_Method	dictionary	false
GCA_913778255.1	SAMEA8943779	uncultured Chryseobacterium sp.	SC1-HHS-HEALTHY-CONTROL-HEALTH	Host_Health_State_SD	healthy/control	true
GCA_913778255.1	SAMEA8943779	uncultured Chryseobacterium sp.	SC1-HHS-HEALTHY-CONTROL-HEALTH	Host_Health_State_SD_Detail	healthy/control	false
GCA_913778255.1	SAMEA8943779	uncultured Chryseobacterium sp.	SC1-HHS-HEALTHY-CONTROL-HEALTH	Host_Health_State_SD_Method	dictionary	false
GCA_913778295.1	SAMEA8943763	uncultured Acidovorax sp.	SC1-HHS-HEALTHY-CONTROL-HEALTH	Host_Health_State_SD	healthy/control	true
GCA_913778295.1	SAMEA8943763	uncultured Acidovorax sp.	SC1-HHS-HEALTHY-CONTROL-HEALTH	Host_Health_State_SD_Detail	healthy/control	false
GCA_913778295.1	SAMEA8943763	uncultured Acidovorax sp.	SC1-HHS-HEALTHY-CONTROL-HEALTH	Host_Health_State_SD_Method	dictionary	false
GCA_913778385.1	SAMEA8943771	uncultured Acidovorax sp.	SC1-HHS-HEALTHY-CONTROL-HEALTH	Host_Health_State_SD	healthy/control	true
GCA_913778385.1	SAMEA8943771	uncultured Acidovorax sp.	SC1-HHS-HEALTHY-CONTROL-HEALTH	Host_Health_State_SD_Detail	healthy/control	false
GCA_913778385.1	SAMEA8943771	uncultured Acidovorax sp.	SC1-HHS-HEALTHY-CONTROL-HEALTH	Host_Health_State_SD_Method	dictionary	false
GCA_913778495.1	SAMEA8943787	uncultured Pantoea sp.	SC1-HHS-HEALTHY-CONTROL-HEALTH	Host_Health_State_SD	healthy/control	true
GCA_913778495.1	SAMEA8943787	uncultured Pantoea sp.	SC1-HHS-HEALTHY-CONTROL-HEALTH	Host_Health_State_SD_Detail	healthy/control	false
GCA_913778495.1	SAMEA8943787	uncultured Pantoea sp.	SC1-HHS-HEALTHY-CONTROL-HEALTH	Host_Health_State_SD_Method	dictionary	false
GCA_913778505.1	SAMEA8943819	uncultured Chryseobacterium sp.	SC1-HHS-HEALTHY-CONTROL-HEALTH	Host_Health_State_SD	healthy/control	true
GCA_913778505.1	SAMEA8943819	uncultured Chryseobacterium sp.	SC1-HHS-HEALTHY-CONTROL-HEALTH	Host_Health_State_SD_Detail	healthy/control	false
GCA_913778505.1	SAMEA8943819	uncultured Chryseobacterium sp.	SC1-HHS-HEALTHY-CONTROL-HEALTH	Host_Health_State_SD_Method	dictionary	false
GCA_913778545.1	SAMEA8943747	uncultured Enterobacter sp.	SC1-HHS-HEALTHY-CONTROL-HEALTH	Host_Health_State_SD	healthy/control	true
GCA_913778545.1	SAMEA8943747	uncultured Enterobacter sp.	SC1-HHS-HEALTHY-CONTROL-HEALTH	Host_Health_State_SD_Detail	healthy/control	false
GCA_913778545.1	SAMEA8943747	uncultured Enterobacter sp.	SC1-HHS-HEALTHY-CONTROL-HEALTH	Host_Health_State_SD_Method	dictionary	false
GCA_913778725.1	SAMEA8943755	uncultured Acidovorax sp.	SC1-HHS-HEALTHY-CONTROL-HEALTH	Host_Health_State_SD	healthy/control	true
GCA_913778725.1	SAMEA8943755	uncultured Acidovorax sp.	SC1-HHS-HEALTHY-CONTROL-HEALTH	Host_Health_State_SD_Detail	healthy/control	false
GCA_913778725.1	SAMEA8943755	uncultured Acidovorax sp.	SC1-HHS-HEALTHY-CONTROL-HEALTH	Host_Health_State_SD_Method	dictionary	false
GCA_930989805.1	SAMEA13008785	uncultured Faecalibacterium sp.	SC1-HHS-HEALTHY-CONTROL-HEALTH	Host_Health_State_SD	healthy/control	true
GCA_930989805.1	SAMEA13008785	uncultured Faecalibacterium sp.	SC1-HHS-HEALTHY-CONTROL-HEALTH	Host_Health_State_SD_Detail	healthy/control	false
GCA_930989805.1	SAMEA13008785	uncultured Faecalibacterium sp.	SC1-HHS-HEALTHY-CONTROL-HEALTH	Host_Health_State_SD_Method	context_dictionary	false
GCA_934202315.1	SAMEA13506471	uncultured Lactococcus sp.	SC1-HHS-HEALTHY-CONTROL-HEALTH	Host_Health_State_SD	healthy/control	true
GCA_934202315.1	SAMEA13506471	uncultured Lactococcus sp.	SC1-HHS-HEALTHY-CONTROL-HEALTH	Host_Health_State_SD_Detail	healthy/control	false
GCA_934202315.1	SAMEA13506471	uncultured Lactococcus sp.	SC1-HHS-HEALTHY-CONTROL-HEALTH	Host_Health_State_SD_Method	dictionary	false
GCA_934215395.1	SAMEA13506494	uncultured Limosilactobacillus sp.	SC1-HHS-HEALTHY-CONTROL-HEALTH	Host_Health_State_SD	healthy/control	true
GCA_934215395.1	SAMEA13506494	uncultured Limosilactobacillus sp.	SC1-HHS-HEALTHY-CONTROL-HEALTH	Host_Health_State_SD_Detail	healthy/control	false
GCA_934215395.1	SAMEA13506494	uncultured Limosilactobacillus sp.	SC1-HHS-HEALTHY-CONTROL-HEALTH	Host_Health_State_SD_Method	dictionary	false
GCA_934230745.1	SAMEA13506562	uncultured Prevotella sp.	SC1-HHS-HEALTHY-CONTROL-HEALTH	Host_Health_State_SD	healthy/control	true
GCA_934230745.1	SAMEA13506562	uncultured Prevotella sp.	SC1-HHS-HEALTHY-CONTROL-HEALTH	Host_Health_State_SD_Detail	healthy/control	false
GCA_934230745.1	SAMEA13506562	uncultured Prevotella sp.	SC1-HHS-HEALTHY-CONTROL-HEALTH	Host_Health_State_SD_Method	dictionary	false
GCA_934234045.1	SAMEA13506572	uncultured Parasutterella sp.	SC1-HHS-HEALTHY-CONTROL-HEALTH	Host_Health_State_SD	healthy/control	true
GCA_934234045.1	SAMEA13506572	uncultured Parasutterella sp.	SC1-HHS-HEALTHY-CONTROL-HEALTH	Host_Health_State_SD_Detail	healthy/control	false
GCA_934234045.1	SAMEA13506572	uncultured Parasutterella sp.	SC1-HHS-HEALTHY-CONTROL-HEALTH	Host_Health_State_SD_Method	dictionary	false
GCA_934271535.1	SAMEA13506713	uncultured Levyella sp.	SC1-HHS-HEALTHY-CONTROL-HEALTH	Host_Health_State_SD	healthy/control	true
GCA_934271535.1	SAMEA13506713	uncultured Levyella sp.	SC1-HHS-HEALTHY-CONTROL-HEALTH	Host_Health_State_SD_Detail	healthy/control	false
GCA_934271535.1	SAMEA13506713	uncultured Levyella sp.	SC1-HHS-HEALTHY-CONTROL-HEALTH	Host_Health_State_SD_Method	dictionary	false
GCA_934281665.1	SAMEA13506590	uncultured Sutterella sp.	SC1-HHS-HEALTHY-CONTROL-HEALTH	Host_Health_State_SD	healthy/control	true
GCA_934281665.1	SAMEA13506590	uncultured Sutterella sp.	SC1-HHS-HEALTHY-CONTROL-HEALTH	Host_Health_State_SD_Detail	healthy/control	false
GCA_934281665.1	SAMEA13506590	uncultured Sutterella sp.	SC1-HHS-HEALTHY-CONTROL-HEALTH	Host_Health_State_SD_Method	dictionary	false
GCA_934402125.1	SAMEA13477111	uncultured Anaerosacchariphilus sp.	SC1-HHS-HEALTHY-CONTROL-HEALTH	Host_Health_State_SD	healthy/control	true
GCA_934402125.1	SAMEA13477111	uncultured Anaerosacchariphilus sp.	SC1-HHS-HEALTHY-CONTROL-HEALTH	Host_Health_State_SD_Detail	healthy/control	false
GCA_934402125.1	SAMEA13477111	uncultured Anaerosacchariphilus sp.	SC1-HHS-HEALTHY-CONTROL-HEALTH	Host_Health_State_SD_Method	context_dictionary	false
GCA_943367445.1	SAMEA14447070	Chitinophaga pinensis	SC1-HHS-HEALTHY-CONTROL-HEALTH	Host_Health_State_SD	healthy/control	true
GCA_943367445.1	SAMEA14447070	Chitinophaga pinensis	SC1-HHS-HEALTHY-CONTROL-HEALTH	Host_Health_State_SD_Detail	healthy/control	false
GCA_943367445.1	SAMEA14447070	Chitinophaga pinensis	SC1-HHS-HEALTHY-CONTROL-HEALTH	Host_Health_State_SD_Method	context_dictionary	false
GCA_943367855.1	SAMEA14447106	Asaia bogorensis	SC1-HHS-HEALTHY-CONTROL-HEALTH	Host_Health_State_SD	healthy/control	true
GCA_943367855.1	SAMEA14447106	Asaia bogorensis	SC1-HHS-HEALTHY-CONTROL-HEALTH	Host_Health_State_SD_Detail	healthy/control	false
GCA_943367855.1	SAMEA14447106	Asaia bogorensis	SC1-HHS-HEALTHY-CONTROL-HEALTH	Host_Health_State_SD_Method	context_dictionary	false
GCA_943367875.1	SAMEA14447105	Chitinophaga pinensis	SC1-HHS-HEALTHY-CONTROL-HEALTH	Host_Health_State_SD	healthy/control	true
GCA_943367875.1	SAMEA14447105	Chitinophaga pinensis	SC1-HHS-HEALTHY-CONTROL-HEALTH	Host_Health_State_SD_Detail	healthy/control	false
GCA_943367875.1	SAMEA14447105	Chitinophaga pinensis	SC1-HHS-HEALTHY-CONTROL-HEALTH	Host_Health_State_SD_Method	context_dictionary	false
GCA_943367965.1	SAMEA14447033	Aquiflexum balticum DSM 16537	SC1-HHS-HEALTHY-CONTROL-HEALTH	Host_Health_State_SD	healthy/control	true
GCA_943367965.1	SAMEA14447033	Aquiflexum balticum DSM 16537	SC1-HHS-HEALTHY-CONTROL-HEALTH	Host_Health_State_SD_Detail	healthy/control	false
GCA_943367965.1	SAMEA14447033	Aquiflexum balticum DSM 16537	SC1-HHS-HEALTHY-CONTROL-HEALTH	Host_Health_State_SD_Method	context_dictionary	false
GCA_943368025.1	SAMEA14447035	Algoriphagus zhangzhouensis	SC1-HHS-HEALTHY-CONTROL-HEALTH	Host_Health_State_SD	healthy/control	true
GCA_943368025.1	SAMEA14447035	Algoriphagus zhangzhouensis	SC1-HHS-HEALTHY-CONTROL-HEALTH	Host_Health_State_SD_Detail	healthy/control	false
GCA_943368025.1	SAMEA14447035	Algoriphagus zhangzhouensis	SC1-HHS-HEALTHY-CONTROL-HEALTH	Host_Health_State_SD_Method	context_dictionary	false
GCA_943368185.1	SAMEA14447077	Syntrophobacter sp. SbD2	SC1-HHS-HEALTHY-CONTROL-HEALTH	Host_Health_State_SD	healthy/control	true
GCA_943368185.1	SAMEA14447077	Syntrophobacter sp. SbD2	SC1-HHS-HEALTHY-CONTROL-HEALTH	Host_Health_State_SD_Detail	healthy/control	false
GCA_943368185.1	SAMEA14447077	Syntrophobacter sp. SbD2	SC1-HHS-HEALTHY-CONTROL-HEALTH	Host_Health_State_SD_Method	context_dictionary	false
GCA_943368195.1	SAMEA14447061	Rhodobacter maris	SC1-HHS-HEALTHY-CONTROL-HEALTH	Host_Health_State_SD	healthy/control	true
GCA_943368195.1	SAMEA14447061	Rhodobacter maris	SC1-HHS-HEALTHY-CONTROL-HEALTH	Host_Health_State_SD_Detail	healthy/control	false
GCA_943368195.1	SAMEA14447061	Rhodobacter maris	SC1-HHS-HEALTHY-CONTROL-HEALTH	Host_Health_State_SD_Method	context_dictionary	false
GCA_943368365.1	SAMEA14447097	Mesorhizobium carmichaelinearum	SC1-HHS-HEALTHY-CONTROL-HEALTH	Host_Health_State_SD	healthy/control	true
GCA_943368365.1	SAMEA14447097	Mesorhizobium carmichaelinearum	SC1-HHS-HEALTHY-CONTROL-HEALTH	Host_Health_State_SD_Detail	healthy/control	false
GCA_943368365.1	SAMEA14447097	Mesorhizobium carmichaelinearum	SC1-HHS-HEALTHY-CONTROL-HEALTH	Host_Health_State_SD_Method	context_dictionary	false
GCA_943368895.1	SAMEA14447087	Ferrovibrio terrae	SC1-HHS-HEALTHY-CONTROL-HEALTH	Host_Health_State_SD	healthy/control	true
GCA_943368895.1	SAMEA14447087	Ferrovibrio terrae	SC1-HHS-HEALTHY-CONTROL-HEALTH	Host_Health_State_SD_Detail	healthy/control	false
GCA_943368895.1	SAMEA14447087	Ferrovibrio terrae	SC1-HHS-HEALTHY-CONTROL-HEALTH	Host_Health_State_SD_Method	context_dictionary	false
GCA_943369575.1	SAMEA14447078	Azorhizobium sp. AG788	SC1-HHS-HEALTHY-CONTROL-HEALTH	Host_Health_State_SD	healthy/control	true
GCA_943369575.1	SAMEA14447078	Azorhizobium sp. AG788	SC1-HHS-HEALTHY-CONTROL-HEALTH	Host_Health_State_SD_Detail	healthy/control	false
GCA_943369575.1	SAMEA14447078	Azorhizobium sp. AG788	SC1-HHS-HEALTHY-CONTROL-HEALTH	Host_Health_State_SD_Method	context_dictionary	false
GCA_943369755.1	SAMEA14447098	Ramlibacter sp. 2FC	SC1-HHS-HEALTHY-CONTROL-HEALTH	Host_Health_State_SD	healthy/control	true
GCA_943369755.1	SAMEA14447098	Ramlibacter sp. 2FC	SC1-HHS-HEALTHY-CONTROL-HEALTH	Host_Health_State_SD_Detail	healthy/control	false
GCA_943369755.1	SAMEA14447098	Ramlibacter sp. 2FC	SC1-HHS-HEALTHY-CONTROL-HEALTH	Host_Health_State_SD_Method	context_dictionary	false
GCA_943369765.1	SAMEA14447096	Phycisphaera mikurensis NBRC 102666	SC1-HHS-HEALTHY-CONTROL-HEALTH	Host_Health_State_SD	healthy/control	true
GCA_943369765.1	SAMEA14447096	Phycisphaera mikurensis NBRC 102666	SC1-HHS-HEALTHY-CONTROL-HEALTH	Host_Health_State_SD_Detail	healthy/control	false
GCA_943369765.1	SAMEA14447096	Phycisphaera mikurensis NBRC 102666	SC1-HHS-HEALTHY-CONTROL-HEALTH	Host_Health_State_SD_Method	context_dictionary	false
GCA_943370125.1	SAMEA14447023	Allobosea thiooxidans	SC1-HHS-HEALTHY-CONTROL-HEALTH	Host_Health_State_SD	healthy/control	true
GCA_943370125.1	SAMEA14447023	Allobosea thiooxidans	SC1-HHS-HEALTHY-CONTROL-HEALTH	Host_Health_State_SD_Detail	healthy/control	false
GCA_943370125.1	SAMEA14447023	Allobosea thiooxidans	SC1-HHS-HEALTHY-CONTROL-HEALTH	Host_Health_State_SD_Method	context_dictionary	false
GCA_943370325.1	SAMEA14447089	Chitinophaga pinensis	SC1-HHS-HEALTHY-CONTROL-HEALTH	Host_Health_State_SD	healthy/control	true
GCA_943370325.1	SAMEA14447089	Chitinophaga pinensis	SC1-HHS-HEALTHY-CONTROL-HEALTH	Host_Health_State_SD_Detail	healthy/control	false
GCA_943370325.1	SAMEA14447089	Chitinophaga pinensis	SC1-HHS-HEALTHY-CONTROL-HEALTH	Host_Health_State_SD_Method	context_dictionary	false
GCA_943370495.1	SAMEA14447107	Rhizobium sp. Q54	SC1-HHS-HEALTHY-CONTROL-HEALTH	Host_Health_State_SD	healthy/control	true
GCA_943370495.1	SAMEA14447107	Rhizobium sp. Q54	SC1-HHS-HEALTHY-CONTROL-HEALTH	Host_Health_State_SD_Detail	healthy/control	false
GCA_943370495.1	SAMEA14447107	Rhizobium sp. Q54	SC1-HHS-HEALTHY-CONTROL-HEALTH	Host_Health_State_SD_Method	context_dictionary	false
GCA_943370505.1	SAMEA14447043	Erythrobacter sanguineus	SC1-HHS-HEALTHY-CONTROL-HEALTH	Host_Health_State_SD	healthy/control	true
GCA_943370505.1	SAMEA14447043	Erythrobacter sanguineus	SC1-HHS-HEALTHY-CONTROL-HEALTH	Host_Health_State_SD_Detail	healthy/control	false
GCA_943370505.1	SAMEA14447043	Erythrobacter sanguineus	SC1-HHS-HEALTHY-CONTROL-HEALTH	Host_Health_State_SD_Method	context_dictionary	false
GCA_943370515.1	SAMEA14447025	Erythrobacter sanguineus	SC1-HHS-HEALTHY-CONTROL-HEALTH	Host_Health_State_SD	healthy/control	true
GCA_943370515.1	SAMEA14447025	Erythrobacter sanguineus	SC1-HHS-HEALTHY-CONTROL-HEALTH	Host_Health_State_SD_Detail	healthy/control	false
GCA_943370515.1	SAMEA14447025	Erythrobacter sanguineus	SC1-HHS-HEALTHY-CONTROL-HEALTH	Host_Health_State_SD_Method	context_dictionary	false
GCA_943370925.1	SAMEA14447044	Tabrizicola sp. YIM 78059	SC1-HHS-HEALTHY-CONTROL-HEALTH	Host_Health_State_SD	healthy/control	true
GCA_943370925.1	SAMEA14447044	Tabrizicola sp. YIM 78059	SC1-HHS-HEALTHY-CONTROL-HEALTH	Host_Health_State_SD_Detail	healthy/control	false
GCA_943370925.1	SAMEA14447044	Tabrizicola sp. YIM 78059	SC1-HHS-HEALTHY-CONTROL-HEALTH	Host_Health_State_SD_Method	context_dictionary	false
GCA_943370965.1	SAMEA14447034	Tabrizicola sp. YIM 78059	SC1-HHS-HEALTHY-CONTROL-HEALTH	Host_Health_State_SD	healthy/control	true
GCA_943370965.1	SAMEA14447034	Tabrizicola sp. YIM 78059	SC1-HHS-HEALTHY-CONTROL-HEALTH	Host_Health_State_SD_Detail	healthy/control	false
GCA_943370965.1	SAMEA14447034	Tabrizicola sp. YIM 78059	SC1-HHS-HEALTHY-CONTROL-HEALTH	Host_Health_State_SD_Method	context_dictionary	false
GCA_943370995.1	SAMEA14447079	Sphingobacterium thalpophilum	SC1-HHS-HEALTHY-CONTROL-HEALTH	Host_Health_State_SD	healthy/control	true
GCA_943370995.1	SAMEA14447079	Sphingobacterium thalpophilum	SC1-HHS-HEALTHY-CONTROL-HEALTH	Host_Health_State_SD_Detail	healthy/control	false
GCA_943370995.1	SAMEA14447079	Sphingobacterium thalpophilum	SC1-HHS-HEALTHY-CONTROL-HEALTH	Host_Health_State_SD_Method	context_dictionary	false
GCA_943371015.1	SAMEA14447069	Synechococcus sp. UW140	SC1-HHS-HEALTHY-CONTROL-HEALTH	Host_Health_State_SD	healthy/control	true
GCA_943371015.1	SAMEA14447069	Synechococcus sp. UW140	SC1-HHS-HEALTHY-CONTROL-HEALTH	Host_Health_State_SD_Detail	healthy/control	false
GCA_943371015.1	SAMEA14447069	Synechococcus sp. UW140	SC1-HHS-HEALTHY-CONTROL-HEALTH	Host_Health_State_SD_Method	context_dictionary	false
GCA_943371025.1	SAMEA14447068	Hydrogenophaga intermedia	SC1-HHS-HEALTHY-CONTROL-HEALTH	Host_Health_State_SD	healthy/control	true
GCA_943371025.1	SAMEA14447068	Hydrogenophaga intermedia	SC1-HHS-HEALTHY-CONTROL-HEALTH	Host_Health_State_SD_Detail	healthy/control	false
GCA_943371025.1	SAMEA14447068	Hydrogenophaga intermedia	SC1-HHS-HEALTHY-CONTROL-HEALTH	Host_Health_State_SD_Method	context_dictionary	false
GCA_943371045.1	SAMEA14447088	Rhizobium sp. Q54	SC1-HHS-HEALTHY-CONTROL-HEALTH	Host_Health_State_SD	healthy/control	true
GCA_943371045.1	SAMEA14447088	Rhizobium sp. Q54	SC1-HHS-HEALTHY-CONTROL-HEALTH	Host_Health_State_SD_Detail	healthy/control	false
GCA_943371045.1	SAMEA14447088	Rhizobium sp. Q54	SC1-HHS-HEALTHY-CONTROL-HEALTH	Host_Health_State_SD_Method	context_dictionary	false
GCA_943371065.1	SAMEA14447053	Sediminibacterium ginsengisoli	SC1-HHS-HEALTHY-CONTROL-HEALTH	Host_Health_State_SD	healthy/control	true
GCA_943371065.1	SAMEA14447053	Sediminibacterium ginsengisoli	SC1-HHS-HEALTHY-CONTROL-HEALTH	Host_Health_State_SD_Detail	healthy/control	false
GCA_943371065.1	SAMEA14447053	Sediminibacterium ginsengisoli	SC1-HHS-HEALTHY-CONTROL-HEALTH	Host_Health_State_SD_Method	context_dictionary	false
GCA_943371105.1	SAMEA14447052	Synechococcus sp. UW140	SC1-HHS-HEALTHY-CONTROL-HEALTH	Host_Health_State_SD	healthy/control	true
GCA_943371105.1	SAMEA14447052	Synechococcus sp. UW140	SC1-HHS-HEALTHY-CONTROL-HEALTH	Host_Health_State_SD_Detail	healthy/control	false
GCA_943371105.1	SAMEA14447052	Synechococcus sp. UW140	SC1-HHS-HEALTHY-CONTROL-HEALTH	Host_Health_State_SD_Method	context_dictionary	false
GCA_943371135.1	SAMEA14447062	Novosphingobium sp. Chol11	SC1-HHS-HEALTHY-CONTROL-HEALTH	Host_Health_State_SD	healthy/control	true
GCA_943371135.1	SAMEA14447062	Novosphingobium sp. Chol11	SC1-HHS-HEALTHY-CONTROL-HEALTH	Host_Health_State_SD_Detail	healthy/control	false
GCA_943371135.1	SAMEA14447062	Novosphingobium sp. Chol11	SC1-HHS-HEALTHY-CONTROL-HEALTH	Host_Health_State_SD_Method	context_dictionary	false
GCA_943371195.1	SAMEA14447024	Synechococcus sp. UW140	SC1-HHS-HEALTHY-CONTROL-HEALTH	Host_Health_State_SD	healthy/control	true
GCA_943371195.1	SAMEA14447024	Synechococcus sp. UW140	SC1-HHS-HEALTHY-CONTROL-HEALTH	Host_Health_State_SD_Detail	healthy/control	false
GCA_943371195.1	SAMEA14447024	Synechococcus sp. UW140	SC1-HHS-HEALTHY-CONTROL-HEALTH	Host_Health_State_SD_Method	context_dictionary	false
GCA_946225855.1	SAMEA4857147	Serratia ficaria	SC1-HHS-HEALTHY-CONTROL-HEALTH	Host_Health_State_SD	healthy/control	true
GCA_946225855.1	SAMEA4857147	Serratia ficaria	SC1-HHS-HEALTHY-CONTROL-HEALTH	Host_Health_State_SD_Detail	healthy/control	false
GCA_946225855.1	SAMEA4857147	Serratia ficaria	SC1-HHS-HEALTHY-CONTROL-HEALTH	Host_Health_State_SD_Method	context_dictionary	false
GCA_947523005.1	SAMEA13521321	uncultured Desulfovibrio sp.	SC1-HHS-HEALTHY-CONTROL-HEALTH	Host_Health_State_SD	healthy/control	true
GCA_947523005.1	SAMEA13521321	uncultured Desulfovibrio sp.	SC1-HHS-HEALTHY-CONTROL-HEALTH	Host_Health_State_SD_Detail	healthy/control	false
GCA_947523005.1	SAMEA13521321	uncultured Desulfovibrio sp.	SC1-HHS-HEALTHY-CONTROL-HEALTH	Host_Health_State_SD_Method	context_dictionary	false
GCA_964277765.1	SAMEA8943760	uncultured Acidovorax sp.	SC1-HHS-HEALTHY-CONTROL-HEALTH	Host_Health_State_SD	healthy/control	true
GCA_964277765.1	SAMEA8943760	uncultured Acidovorax sp.	SC1-HHS-HEALTHY-CONTROL-HEALTH	Host_Health_State_SD_Detail	healthy/control	false
GCA_964277765.1	SAMEA8943760	uncultured Acidovorax sp.	SC1-HHS-HEALTHY-CONTROL-HEALTH	Host_Health_State_SD_Method	dictionary	false
GCA_964277875.1	SAMEA8943809	uncultured Comamonas sp.	SC1-HHS-HEALTHY-CONTROL-HEALTH	Host_Health_State_SD	healthy/control	true
GCA_964277875.1	SAMEA8943809	uncultured Comamonas sp.	SC1-HHS-HEALTHY-CONTROL-HEALTH	Host_Health_State_SD_Detail	healthy/control	false
GCA_964277875.1	SAMEA8943809	uncultured Comamonas sp.	SC1-HHS-HEALTHY-CONTROL-HEALTH	Host_Health_State_SD_Method	dictionary	false
GCA_964277945.1	SAMEA8943825	uncultured Pantoea sp.	SC1-HHS-HEALTHY-CONTROL-HEALTH	Host_Health_State_SD	healthy/control	true
GCA_964277945.1	SAMEA8943825	uncultured Pantoea sp.	SC1-HHS-HEALTHY-CONTROL-HEALTH	Host_Health_State_SD_Detail	healthy/control	false
GCA_964277945.1	SAMEA8943825	uncultured Pantoea sp.	SC1-HHS-HEALTHY-CONTROL-HEALTH	Host_Health_State_SD_Method	dictionary	false
GCA_964277955.1	SAMEA8943817	uncultured Sphingomonas sp.	SC1-HHS-HEALTHY-CONTROL-HEALTH	Host_Health_State_SD	healthy/control	true
GCA_964277955.1	SAMEA8943817	uncultured Sphingomonas sp.	SC1-HHS-HEALTHY-CONTROL-HEALTH	Host_Health_State_SD_Detail	healthy/control	false
GCA_964277955.1	SAMEA8943817	uncultured Sphingomonas sp.	SC1-HHS-HEALTHY-CONTROL-HEALTH	Host_Health_State_SD_Method	dictionary	false
GCA_965263795.1	SAMEA117993720	Escherichia coli	SC1-HHS-HEALTHY-CONTROL-HEALTH	Host_Health_State_SD	healthy/control	true
GCA_965263795.1	SAMEA117993720	Escherichia coli	SC1-HHS-HEALTHY-CONTROL-HEALTH	Host_Health_State_SD_Detail	healthy/control	false
GCA_965263795.1	SAMEA117993720	Escherichia coli	SC1-HHS-HEALTHY-CONTROL-HEALTH	Host_Health_State_SD_Method	context_dictionary	false
GCA_965264405.1	SAMEA117993703	Escherichia coli	SC1-HHS-HEALTHY-CONTROL-HEALTH	Host_Health_State_SD	healthy/control	true
GCA_965264405.1	SAMEA117993703	Escherichia coli	SC1-HHS-HEALTHY-CONTROL-HEALTH	Host_Health_State_SD_Detail	healthy/control	false
GCA_965264405.1	SAMEA117993703	Escherichia coli	SC1-HHS-HEALTHY-CONTROL-HEALTH	Host_Health_State_SD_Method	context_dictionary	false
GCA_965264435.1	SAMEA117993701	Escherichia coli	SC1-HHS-HEALTHY-CONTROL-HEALTH	Host_Health_State_SD	healthy/control	true
GCA_965264435.1	SAMEA117993701	Escherichia coli	SC1-HHS-HEALTHY-CONTROL-HEALTH	Host_Health_State_SD_Detail	healthy/control	false
GCA_965264435.1	SAMEA117993701	Escherichia coli	SC1-HHS-HEALTHY-CONTROL-HEALTH	Host_Health_State_SD_Method	context_dictionary	false
GCA_965264565.1	SAMEA117993705	Escherichia coli	SC1-HHS-HEALTHY-CONTROL-HEALTH	Host_Health_State_SD	healthy/control	true
GCA_965264565.1	SAMEA117993705	Escherichia coli	SC1-HHS-HEALTHY-CONTROL-HEALTH	Host_Health_State_SD_Detail	healthy/control	false
GCA_965264565.1	SAMEA117993705	Escherichia coli	SC1-HHS-HEALTHY-CONTROL-HEALTH	Host_Health_State_SD_Method	context_dictionary	false
GCA_965264665.1	SAMEA117993702	Escherichia coli	SC1-HHS-HEALTHY-CONTROL-HEALTH	Host_Health_State_SD	healthy/control	true
GCA_965264665.1	SAMEA117993702	Escherichia coli	SC1-HHS-HEALTHY-CONTROL-HEALTH	Host_Health_State_SD_Detail	healthy/control	false
GCA_965264665.1	SAMEA117993702	Escherichia coli	SC1-HHS-HEALTHY-CONTROL-HEALTH	Host_Health_State_SD_Method	context_dictionary	false
GCA_965266455.1	SAMEA117993704	Escherichia coli	SC1-HHS-HEALTHY-CONTROL-HEALTH	Host_Health_State_SD	healthy/control	true
GCA_965266455.1	SAMEA117993704	Escherichia coli	SC1-HHS-HEALTHY-CONTROL-HEALTH	Host_Health_State_SD_Detail	healthy/control	false
GCA_965266455.1	SAMEA117993704	Escherichia coli	SC1-HHS-HEALTHY-CONTROL-HEALTH	Host_Health_State_SD_Method	context_dictionary	false
