assembly_accession	biosample	organism	rule_id	field	previous_value	is_primary
GCA_000025705.1	SAMN02598496	Sideroxydans lithotrophicus ES-1	SC1-ENV-LOCAL-GROUNDWATER	Environment_Local_Scale_SD	groundwater	true
GCA_000143085.1	SAMN02598531	Nitrosococcus watsonii C-113	SC1-ENV-MEDIUM-MARINE	Environment_Medium_SD	marine	true
GCA_000147735.3	SAMN00016994	Shewanella baltica BA175	SC1-ENV-MEDIUM-MARINE	Environment_Medium_SD	marine	true
GCA_000148645.1	SAMN00115627	Ferrimonas balearica DSM 9799	SC1-ENV-MEDIUM-MARINE	Environment_Medium_SD	marine	true
GCA_000165505.1	SAMN00116458	Ilyobacter polytropus DSM 2926	SC1-ENV-MEDIUM-MARINE	Environment_Medium_SD	marine	true
GCA_000165715.3	SAMN00103628	Rubinisphaera brasiliensis DSM 5305	SC1-ENV-MEDIUM-MARINE	Environment_Medium_SD	marine	true
GCA_000175595.1	SAMN02441784	Clostridium carboxidivorans P7	SC1-ENV-LOCAL-AGRICULTURAL-ENV	Environment_Local_Scale_SD	agricultural environment	true
GCA_000177275.2	SAMN02472029	Candidatus Poribacteria bacterium WGA-A3	SC1-ENV-MEDIUM-MARINE	Environment_Medium_SD	marine	true
GCA_000178875.2	SAMN00016780	Shewanella baltica OS678	SC1-ENV-MEDIUM-MARINE	Environment_Medium_SD	marine	true
GCA_000179535.2	SAMN02256524	Shewanella baltica OS183	SC1-ENV-MEDIUM-MARINE	Environment_Medium_SD	marine	true
GCA_000183745.1	SAMN00138957	Oceanithermus profundus DSM 14977	SC1-ENV-MEDIUM-MARINE	Environment_Medium_SD	marine	true
GCA_000185925.2	SAMN02469497	Paracoccus sp. TRP	SC1-ENV-BROAD-WASTEWATER	Environment_Local_Scale_SD	activated sludge	true
GCA_000188955.5	SAMN00710608	Salmonella enterica subsp. enterica serovar Montevideo str. 507440-20	SC1-ENV-BROAD-ENV-SAMPLE	Environment_Broad_Scale_SD	environmental sample	true
GCA_000190735.2	SAMN00103626	Pseudopedobacter saltans DSM 12145	SC1-ENV-MEDIUM-MARINE	Environment_Medium_SD	marine	true
GCA_000191045.1	SAMN00713591	Desulfurobacterium thermolithotrophum DSM 11699	SC1-ENV-MEDIUM-MARINE	Environment_Medium_SD	marine	true
GCA_000192865.1	SAMN00713593	Marinomonas mediterranea MMB-1	SC1-ENV-MEDIUM-MARINE	Environment_Medium_SD	marine	true
GCA_000194135.1	SAMN00713597	Hippea maritima DSM 10411	SC1-ENV-MEDIUM-MARINE	Environment_Medium_SD	marine	true
GCA_000195335.1	SAMN00713602	Marinithermus hydrothermalis DSM 14884	SC1-ENV-MEDIUM-MARINE	Environment_Medium_SD	marine	true
GCA_000195835.3	SAMEA20450668	Mycobacterium tuberculosis variant bovis AF2122/97	SC1-ENV-MEDIUM-MARINE	Environment_Medium_SD	marine	true
GCA_000214215.1	SAMN00713622	Marinomonas posidonica IVIA-Po-181	SC1-ENV-MEDIUM-MARINE	Environment_Medium_SD	marine	true
GCA_000214335.2	SAMN02470047	Sphingomonas sp. KC8	SC1-ENV-BROAD-WASTEWATER	Environment_Local_Scale_SD	activated sludge	true
GCA_000215895.1	SAMN00713637	Shewanella baltica OS117	SC1-ENV-MEDIUM-MARINE	Environment_Medium_SD	marine	true
GCA_000217795.1	SAMN02232057	Thermodesulfatator indicus DSM 15286	SC1-ENV-MEDIUM-MARINE	Environment_Medium_SD	marine	true
GCA_000218625.1	SAMN02232022	Flexistipes sinusarabici DSM 4947	SC1-ENV-MEDIUM-MARINE	Environment_Medium_SD	marine	true
GCA_000224065.2	SAMN02256531	Thiorhodococcus drewsii AZ1	SC1-ENV-MEDIUM-MARINE	Environment_Medium_SD	marine	true
GCA_000228725.3	SAMN02261404	Thiorhodovibrio frisius	SC1-ENV-MEDIUM-MARINE	Environment_Medium_SD	marine	true
GCA_000230655.3	SAMN02261406	Thermotoga maritima MSB8	SC1-ENV-MEDIUM-MARINE	Environment_Medium_SD	marine	true
GCA_000230675.2	SAMN02261394	Synechococcus sp. WH 8016	SC1-ENV-MEDIUM-MARINE	Environment_Medium_SD	marine	true
GCA_000231345.2	SAMN02256537	Shewanella baltica OS625	SC1-ENV-MEDIUM-MARINE	Environment_Medium_SD	marine	true
GCA_000231385.3	SAMN02261405	Desulfosporosinus meridiei DSM 13257	SC1-ENV-LOCAL-GROUNDWATER	Environment_Local_Scale_SD	groundwater	true
GCA_000237885.2	SAMN02471579	Stutzerimonas stutzeri ATCC 14405 = CCUG 16156	SC1-ENV-MEDIUM-MARINE	Environment_Medium_SD	marine	true
GCA_000240225.2	SAMN02391504	Patulibacter medicamentivorans	SC1-ENV-BROAD-WASTEWATER	Environment_Local_Scale_SD	activated sludge	true
GCA_000255135.1	SAMN02261422	Marinitoga piezophila KA3	SC1-ENV-MEDIUM-MARINE	Environment_Medium_SD	marine	true
GCA_000258765.1	SAMN02470140	Gillisia marina	SC1-ENV-MEDIUM-MARINE	Environment_Medium_SD	marine	true
GCA_000259075.1	SAMN02469978	Marinilabilia salmonicolor JCM 21150	SC1-ENV-MEDIUM-MARINE	Environment_Medium_SD	marine	true
GCA_000265385.1	SAMN02232006	Aequorivita sublithincola DSM 14238	SC1-ENV-MEDIUM-MARINE	Environment_Medium_SD	marine	true
GCA_000265505.1	SAMN02261370	Bernardetia litoralis DSM 6794	SC1-ENV-MEDIUM-MARINE	Environment_Medium_SD	marine	true
GCA_000271485.2	SAMN01057329	Pelosinus fermentans DSM 17108	SC1-ENV-LOCAL-GROUNDWATER	Environment_Local_Scale_SD	groundwater	true
GCA_000280075.1	SAMN01041114	Salmonella enterica subsp. enterica serovar Enteritidis str. 622731-39	SC1-ENV-BROAD-ENV-SAMPLE	Environment_Broad_Scale_SD	environmental sample	true
GCA_000280155.1	SAMN01041109	Salmonella enterica subsp. enterica serovar Enteritidis str. 607307-6	SC1-ENV-BROAD-ENV-SAMPLE	Environment_Broad_Scale_SD	environmental sample	true
GCA_000280175.1	SAMN01041093	Salmonella enterica subsp. enterica serovar Enteritidis str. 485549-17	SC1-ENV-BROAD-ENV-SAMPLE	Environment_Broad_Scale_SD	environmental sample	true
GCA_000280195.1	SAMN01041105	Salmonella enterica subsp. enterica serovar Enteritidis str. 596866-22	SC1-ENV-BROAD-ENV-SAMPLE	Environment_Broad_Scale_SD	environmental sample	true
GCA_000280215.1	SAMN01041106	Salmonella enterica subsp. enterica serovar Enteritidis str. 596866-70	SC1-ENV-BROAD-ENV-SAMPLE	Environment_Broad_Scale_SD	environmental sample	true
GCA_000280235.1	SAMN01041116	Salmonella enterica subsp. enterica serovar Enteritidis str. 629164-26	SC1-ENV-BROAD-ENV-SAMPLE	Environment_Broad_Scale_SD	environmental sample	true
GCA_000280255.1	SAMN01041117	Salmonella enterica subsp. enterica serovar Enteritidis str. 629164-37	SC1-ENV-BROAD-ENV-SAMPLE	Environment_Broad_Scale_SD	environmental sample	true
GCA_000280275.1	SAMN01041121	Salmonella enterica subsp. enterica serovar Enteritidis str. 639672-46	SC1-ENV-BROAD-ENV-SAMPLE	Environment_Broad_Scale_SD	environmental sample	true
GCA_000280295.1	SAMN01041122	Salmonella enterica subsp. enterica serovar Enteritidis str. 639672-50	SC1-ENV-BROAD-ENV-SAMPLE	Environment_Broad_Scale_SD	environmental sample	true
GCA_000280415.1	SAMN01041137	Salmonella enterica subsp. enterica serovar Enteritidis str. 648905 5-18	SC1-ENV-BROAD-ENV-SAMPLE	Environment_Broad_Scale_SD	environmental sample	true
GCA_000280435.1	SAMN01041133	Salmonella enterica subsp. enterica serovar Enteritidis str. 648901 6-18	SC1-ENV-BROAD-ENV-SAMPLE	Environment_Broad_Scale_SD	environmental sample	true
GCA_000294595.1	SAMN02471747	Arthrobacter sp. TB 23	SC1-ENV-MEDIUM-MARINE	Environment_Medium_SD	marine	true
GCA_000307635.1	SAMN01816400	Clostridium botulinum CFSAN001627	SC1-ENV-BROAD-ENV-SAMPLE	Environment_Broad_Scale_SD	environmental sample	true
GCA_000307655.2	SAMN01816399	Clostridium botulinum CFSAN001628	SC1-ENV-BROAD-ENV-SAMPLE	Environment_Broad_Scale_SD	environmental sample	true
GCA_000309885.1	SAMN02261408	Thermus oshimai JL-2	SC1-ENV-MEDIUM-MARINE	Environment_Medium_SD	marine	true
GCA_000314025.1	SAMN01795759	Campylobacter coli BIGS0003	SC1-ENV-BROAD-ENV-SAMPLE	Environment_Broad_Scale_SD	environmental sample	true
GCA_000314525.1	SAMN01795910	Campylobacter jejuni subsp. jejuni BIGS0030	SC1-ENV-BROAD-ENV-SAMPLE	Environment_Broad_Scale_SD	environmental sample	true
GCA_000316665.1	SAMN02232049	Rivularia sp. PCC 7116	SC1-ENV-MEDIUM-MARINE	Environment_Medium_SD	marine	true
GCA_000319775.1	SAMN02471173	Cupriavidus sp. HMR-1	SC1-ENV-BROAD-WASTEWATER	Environment_Local_Scale_SD	activated sludge	true
GCA_000321325.1	SAMN01795757	Campylobacter coli BIGS0001	SC1-ENV-BROAD-ENV-SAMPLE	Environment_Broad_Scale_SD	environmental sample	true
GCA_000325705.1	SAMN02232018	Echinicola vietnamensis DSM 17526	SC1-ENV-MEDIUM-MARINE	Environment_Medium_SD	marine	true
GCA_000329665.1	SAMN01041118	Salmonella enterica subsp. enterica serovar Enteritidis str. 635290-58	SC1-ENV-BROAD-ENV-SAMPLE	Environment_Broad_Scale_SD	environmental sample	true
GCA_000329685.1	SAMN01041110	Salmonella enterica subsp. enterica serovar Enteritidis str. 607308-16	SC1-ENV-BROAD-ENV-SAMPLE	Environment_Broad_Scale_SD	environmental sample	true
GCA_000329705.1	SAMN01041111	Salmonella enterica subsp. enterica serovar Enteritidis str. 607308-19	SC1-ENV-BROAD-ENV-SAMPLE	Environment_Broad_Scale_SD	environmental sample	true
GCA_000329725.1	SAMN01041108	Salmonella enterica subsp. enterica serovar Enteritidis str. 607307-2	SC1-ENV-BROAD-ENV-SAMPLE	Environment_Broad_Scale_SD	environmental sample	true
GCA_000329745.1	SAMN01041112	Salmonella enterica subsp. enterica serovar Enteritidis str. 607308-9	SC1-ENV-BROAD-ENV-SAMPLE	Environment_Broad_Scale_SD	environmental sample	true
GCA_000329765.1	SAMN01041115	Salmonella enterica subsp. enterica serovar Enteritidis str. 629163	SC1-ENV-BROAD-ENV-SAMPLE	Environment_Broad_Scale_SD	environmental sample	true
GCA_000330045.1	SAMN01041097	Salmonella enterica subsp. enterica serovar Enteritidis str. 543463 22-17	SC1-ENV-BROAD-ENV-SAMPLE	Environment_Broad_Scale_SD	environmental sample	true
GCA_000330065.1	SAMN01041098	Salmonella enterica subsp. enterica serovar Enteritidis str. 543463 40-18	SC1-ENV-BROAD-ENV-SAMPLE	Environment_Broad_Scale_SD	environmental sample	true
GCA_000330085.1	SAMN01041101	Salmonella enterica subsp. enterica serovar Enteritidis str. 561362 1-1	SC1-ENV-BROAD-ENV-SAMPLE	Environment_Broad_Scale_SD	environmental sample	true
GCA_000330105.1	SAMN01041124	Salmonella enterica subsp. enterica serovar Enteritidis str. 642044 4-1	SC1-ENV-BROAD-ENV-SAMPLE	Environment_Broad_Scale_SD	environmental sample	true
GCA_000330125.1	SAMN01041126	Salmonella enterica subsp. enterica serovar Enteritidis str. 642046 4-7	SC1-ENV-BROAD-ENV-SAMPLE	Environment_Broad_Scale_SD	environmental sample	true
GCA_000330145.1	SAMN01041127	Salmonella enterica subsp. enterica serovar Enteritidis str. 648898 4-5	SC1-ENV-BROAD-ENV-SAMPLE	Environment_Broad_Scale_SD	environmental sample	true
GCA_000330165.1	SAMN01041128	Salmonella enterica subsp. enterica serovar Enteritidis str. 648899 3-17	SC1-ENV-BROAD-ENV-SAMPLE	Environment_Broad_Scale_SD	environmental sample	true
GCA_000330185.1	SAMN01041129	Salmonella enterica subsp. enterica serovar Enteritidis str. 648900 1-16	SC1-ENV-BROAD-ENV-SAMPLE	Environment_Broad_Scale_SD	environmental sample	true
GCA_000330205.1	SAMN01041130	Salmonella enterica subsp. enterica serovar Enteritidis str. 648901 1-17	SC1-ENV-BROAD-ENV-SAMPLE	Environment_Broad_Scale_SD	environmental sample	true
GCA_000330225.1	SAMN01041132	Salmonella enterica subsp. enterica serovar Enteritidis str. 648901 39-2	SC1-ENV-BROAD-ENV-SAMPLE	Environment_Broad_Scale_SD	environmental sample	true
GCA_000330245.1	SAMN01041134	Salmonella enterica subsp. enterica serovar Enteritidis str. 648902 6-8	SC1-ENV-BROAD-ENV-SAMPLE	Environment_Broad_Scale_SD	environmental sample	true
GCA_000330265.1	SAMN01041135	Salmonella enterica subsp. enterica serovar Enteritidis str. 648903 1-6	SC1-ENV-BROAD-ENV-SAMPLE	Environment_Broad_Scale_SD	environmental sample	true
GCA_000330285.1	SAMN01041136	Salmonella enterica subsp. enterica serovar Enteritidis str. 648904 3-6	SC1-ENV-BROAD-ENV-SAMPLE	Environment_Broad_Scale_SD	environmental sample	true
GCA_000330305.1	SAMN01041138	Salmonella enterica subsp. enterica serovar Enteritidis str. 653049 13-19	SC1-ENV-BROAD-ENV-SAMPLE	Environment_Broad_Scale_SD	environmental sample	true
GCA_000330325.1	SAMN01041125	Salmonella enterica subsp. enterica serovar Enteritidis str. 642044 8-1	SC1-ENV-BROAD-ENV-SAMPLE	Environment_Broad_Scale_SD	environmental sample	true
GCA_000330345.1	SAMN01041102	Salmonella enterica subsp. enterica serovar Enteritidis str. 561362 9-7	SC1-ENV-BROAD-ENV-SAMPLE	Environment_Broad_Scale_SD	environmental sample	true
GCA_000330365.1	SAMN01041099	Salmonella enterica subsp. enterica serovar Enteritidis str. 543463 42-20	SC1-ENV-BROAD-ENV-SAMPLE	Environment_Broad_Scale_SD	environmental sample	true
GCA_000330385.1	SAMN01041131	Salmonella enterica subsp. enterica serovar Enteritidis str. 648901 16-16	SC1-ENV-BROAD-ENV-SAMPLE	Environment_Broad_Scale_SD	environmental sample	true
GCA_000332055.1	SAMN02261354	Xenococcus sp. PCC 7305	SC1-ENV-MEDIUM-MARINE	Environment_Medium_SD	marine	true
GCA_000332475.2	SAMN02436394	Leptospira yanagawae serovar Saopaulo str. Sao Paulo = ATCC 700523	SC1-ENV-BROAD-ENV-SAMPLE	Environment_Broad_Scale_SD	environmental sample	true
GCA_000334915.1	SAMN02470943	Dyella ginsengisoli LA-4	SC1-ENV-BROAD-WASTEWATER	Environment_Local_Scale_SD	activated sludge	true
GCA_000364585.1	SAMN02256513	Candidatus Poribacteria bacterium WGA-4G	SC1-ENV-MEDIUM-MARINE	Environment_Medium_SD	marine	true
GCA_000368505.1	SAMN01087916	Acinetobacter bereziniae NIPH 3	SC1-ENV-MEDIUM-HEALTHCARE-FACILITY	Environment_Medium_SD	healthcare facility	true
GCA_000372225.1	SAMN02261272	Candidatus Nitromaritima sp. SCGC AAA288-L16	SC1-ENV-MEDIUM-MARINE	Environment_Medium_SD	marine	true
GCA_000372285.1	SAMN02256499	Candidatus Poribacteria bacterium WGA-4E	SC1-ENV-MEDIUM-MARINE	Environment_Medium_SD	marine	true
GCA_000373245.1	SAMN02441711	Echinicola pacifica DSM 19836	SC1-ENV-MEDIUM-MARINE	Environment_Medium_SD	marine	true
GCA_000373945.1	SAMN02440436	Endozoicomonas elysicola DSM 22380	SC1-ENV-MEDIUM-MARINE	Environment_Medium_SD	marine	true
GCA_000374005.1	SAMN02441694	Kiloniella laminariae DSM 19542	SC1-ENV-MEDIUM-MARINE	Environment_Medium_SD	marine	true
GCA_000374485.1	SAMN02441017	Algicola sagamiensis DSM 14643	SC1-ENV-MEDIUM-MARINE	Environment_Medium_SD	marine	true
GCA_000375425.1	SAMN02440412	Gracilimonas tropica DSM 19535	SC1-ENV-MEDIUM-MARINE	Environment_Medium_SD	marine	true
GCA_000377665.1	SAMN02441684	Vreelandella zhanjiangensis DSM 21076	SC1-ENV-MEDIUM-MARINE	Environment_Medium_SD	marine	true
GCA_000378105.1	SAMN02441342	Rubritalea marina DSM 17716	SC1-ENV-MEDIUM-MARINE	Environment_Medium_SD	marine	true
GCA_000379405.1	SAMN02256458	Mariprofundus ferrooxydans M34	SC1-ENV-MEDIUM-MARINE	Environment_Medium_SD	marine	true
GCA_000379445.1	SAMN02256423	Fangia hongkongensis FSC776 = DSM 21703	SC1-ENV-MEDIUM-MARINE	Environment_Medium_SD	marine	true
GCA_000379765.1	SAMN02256418	Flexithrix dorotheae DSM 6795	SC1-ENV-MEDIUM-MARINE	Environment_Medium_SD	marine	true
GCA_000379805.1	SAMN02256444	Lewinella cohaerens DSM 23179	SC1-ENV-MEDIUM-MARINE	Environment_Medium_SD	marine	true
GCA_000380565.1	SAMN02441043	Microbulbifer variabilis ATCC 700307	SC1-ENV-MEDIUM-MARINE	Environment_Medium_SD	marine	true
GCA_000381865.1	SAMN02441661	Moritella marina ATCC 15381	SC1-ENV-MEDIUM-MARINE	Environment_Medium_SD	marine	true
GCA_000382005.1	SAMN02440494	Pseudoalteromonas piscicida ATCC 15057	SC1-ENV-MEDIUM-MARINE	Environment_Medium_SD	marine	true
GCA_000383355.1	SAMN02441636	Flavobacterium sp. SCGC AAA160-P02	SC1-ENV-MEDIUM-MARINE	Environment_Medium_SD	marine	true
GCA_000384835.1	SAMN02440971	Flavobacterium sp. SCGC AAA536-P05	SC1-ENV-MEDIUM-MARINE	Environment_Medium_SD	marine	true
GCA_000402815.1	SAMN02440392	Candidatus Neomarinimicrobium atlanticum	SC1-ENV-MEDIUM-MARINE	Environment_Medium_SD	marine	true
GCA_000406005.1	SAMN02441253	Candidatus Poribacteria bacterium WGA-3G	SC1-ENV-MEDIUM-MARINE	Environment_Medium_SD	marine	true
GCA_000406025.1	SAMN02440924	Candidatus Poribacteria bacterium WGA-4CII	SC1-ENV-MEDIUM-MARINE	Environment_Medium_SD	marine	true
GCA_000409325.1	SAMN02952930	Cronobacter universalis NCTC 9529	SC1-ENV-BROAD-ENV-SAMPLE	Environment_Broad_Scale_SD	environmental sample	true
GCA_000409365.2	SAMN02952932	Cronobacter dublinensis subsp. lausannensis LMG 23824	SC1-ENV-BROAD-ENV-SAMPLE	Environment_Broad_Scale_SD	environmental sample	true
GCA_000412635.1	SAMN02470046	Sphingobium bisphenolivorans	SC1-ENV-BROAD-WASTEWATER	Environment_Local_Scale_SD	activated sludge	true
GCA_000419585.1	SAMN02441591	Salisaeta longa DSM 21114	SC1-ENV-MEDIUM-MARINE	Environment_Medium_SD	marine	true
GCA_000420145.1	SAMN02441598	Paracoccus zeaxanthinifaciens ATCC 21588	SC1-ENV-MEDIUM-MARINE	Environment_Medium_SD	marine	true
GCA_000420265.1	SAMN02440569	Oceanicaulis alexandrii DSM 11625	SC1-ENV-MEDIUM-MARINE	Environment_Medium_SD	marine	true
GCA_000420625.1	SAMN02441250	Fodinicurvata sediminis DSM 21159	SC1-ENV-BROAD-ENV-SAMPLE	Environment_Broad_Scale_SD	environmental sample	true
GCA_000421265.1	SAMN02440903	Thalassospira lucentensis MCCC 1A00383 = DSM 14000	SC1-ENV-MEDIUM-MARINE	Environment_Medium_SD	marine	true
GCA_000421285.1	SAMN02440581	Desulfotignum balticum DSM 7044	SC1-ENV-MEDIUM-MARINE	Environment_Medium_SD	marine	true
GCA_000421645.1	SAMN02441568	Aurantimonas coralicida DSM 14790	SC1-ENV-MEDIUM-MARINE	Environment_Medium_SD	marine	true
GCA_000422325.1	SAMN02440684	Marinospirillum minutulum DSM 6287	SC1-ENV-MEDIUM-MARINE	Environment_Medium_SD	marine	true
GCA_000422665.1	SAMN02440848	Ferrimonas senticii DSM 18821	SC1-ENV-MEDIUM-MARINE	Environment_Medium_SD	marine	true
GCA_000422845.1	SAMN02441519	Oceanobacter kriegii DSM 6294	SC1-ENV-MEDIUM-MARINE	Environment_Medium_SD	marine	true
GCA_000423065.1	SAMN02441504	Christiangramia echinicola DSM 19838	SC1-ENV-MEDIUM-MARINE	Environment_Medium_SD	marine	true
GCA_000423365.1	SAMN02441170	Maritalea myrionectae DSM 19524	SC1-ENV-MEDIUM-MARINE	Environment_Medium_SD	marine	true
GCA_000423465.1	SAMN02440659	Propionicicella superfundia DSM 22317	SC1-ENV-LOCAL-GROUNDWATER	Environment_Local_Scale_SD	groundwater	true
GCA_000423645.1	SAMN02441501	Sediminimonas qiaohouensis DSM 21189	SC1-ENV-BROAD-ENV-SAMPLE	Environment_Broad_Scale_SD	environmental sample	true
GCA_000423805.1	SAMN02441503	Thalassobaculum salexigens DSM 19539	SC1-ENV-MEDIUM-MARINE	Environment_Medium_SD	marine	true
GCA_000425205.1	SAMN02441140	Pontibacillus halophilus JSM 076056 = DSM 19796	SC1-ENV-MEDIUM-MARINE	Environment_Medium_SD	marine	true
GCA_000425345.1	SAMN02441194	Rheinheimera baltica DSM 14885	SC1-ENV-MEDIUM-MARINE	Environment_Medium_SD	marine	true
GCA_000425405.1	SAMN02441539	Ferrimonas kyonanensis DSM 18153	SC1-ENV-MEDIUM-MARINE	Environment_Medium_SD	marine	true
GCA_000425705.1	SAMN02441195	Halobacillus kuroshimensis DSM 18393	SC1-ENV-MEDIUM-MARINE	Environment_Medium_SD	marine	true
GCA_000425725.1	SAMN02440634	Halomonas halocynthiae DSM 14573	SC1-ENV-MEDIUM-MARINE	Environment_Medium_SD	marine	true
GCA_000425825.1	SAMN02441531	Jeotgalicoccus marinus DSM 19772	SC1-ENV-MEDIUM-MARINE	Environment_Medium_SD	marine	true
GCA_000425845.1	SAMN02441182	Jeotgalicoccus psychrophilus DSM 19085	SC1-ENV-MEDIUM-MARINE	Environment_Medium_SD	marine	true
GCA_000426705.1	SAMN02441512	Spirochaeta cellobiosiphila DSM 17781	SC1-ENV-MEDIUM-MARINE	Environment_Medium_SD	marine	true
GCA_000426765.1	SAMN02440646	Vibrio litoralis DSM 17657	SC1-ENV-MEDIUM-MARINE	Environment_Medium_SD	marine	true
GCA_000427665.1	SAMN02441221	Geminicoccus roseus DSM 18922	SC1-ENV-MEDIUM-MARINE	Environment_Medium_SD	marine	true
GCA_000429125.1	SAMN02440880	Aequorivita capsosiphonis DSM 23843	SC1-ENV-MEDIUM-MARINE	Environment_Medium_SD	marine	true
GCA_000429345.1	SAMN02440614	Desulfovirgula thermocuniculi DSM 16036	SC1-ENV-BROAD-ENV-SAMPLE	Environment_Broad_Scale_SD	environmental sample	true
GCA_000429465.1	SAMN02441203	Algoriphagus vanfongensis DSM 17529	SC1-ENV-MEDIUM-MARINE	Environment_Medium_SD	marine	true
GCA_000429485.1	SAMN02440617	Aliagarivorans marinus DSM 23064	SC1-ENV-MEDIUM-MARINE	Environment_Medium_SD	marine	true
GCA_000429505.1	SAMN02440618	Aliagarivorans taiwanensis DSM 22990	SC1-ENV-MEDIUM-MARINE	Environment_Medium_SD	marine	true
GCA_000430545.1	SAMN02441146	Tenacibaculum ovolyticum DSM 18103	SC1-ENV-MEDIUM-MARINE	Environment_Medium_SD	marine	true
GCA_000430645.1	SAMN02440808	Aquimarina latercula DSM 2041	SC1-ENV-MEDIUM-MARINE	Environment_Medium_SD	marine	true
GCA_000439355.1	SAMN02470045	Sphingomonas sp. YL-JM2C	SC1-ENV-BROAD-WASTEWATER	Environment_Local_Scale_SD	activated sludge	true
GCA_000442535.1	SAMN01816162	Paenibacillus alvei A6-6i-x	SC1-ENV-BROAD-ENV-SAMPLE	Environment_Broad_Scale_SD	environmental sample	true
GCA_000445495.1	SAMN02471178	Virgibacillus sp. CM-4	SC1-ENV-BROAD-WASTEWATER	Environment_Local_Scale_SD	activated sludge	true
GCA_000463525.1	SAMN02470819	Marinimicrobium sp. LS-A18	SC1-ENV-MEDIUM-MARINE	Environment_Medium_SD	marine	true
GCA_000465815.1	SAMN02415235	Listeria monocytogenes serotype 4bV str. LS542	SC1-ENV-BROAD-ENV-SAMPLE	Environment_Broad_Scale_SD	environmental sample	true
GCA_000465875.3	SAMN02470622	Alcaligenes sp. EGD-AK7	SC1-ENV-LOCAL-AGRICULTURAL-ENV	Environment_Local_Scale_SD	agricultural environment	true
GCA_000465895.2	SAMN02470623	Arthrobacter sp. AK-YN10	SC1-ENV-LOCAL-AGRICULTURAL-ENV	Environment_Local_Scale_SD	agricultural environment	true
GCA_000465935.2	SAMN02470627	Pseudomonas sp. EGD-AK9	SC1-ENV-LOCAL-AGRICULTURAL-ENV	Environment_Local_Scale_SD	agricultural environment	true
GCA_000472485.1	SAMN02441121	Pontibacter actiniarum DSM 19842	SC1-ENV-MEDIUM-MARINE	Environment_Medium_SD	marine	true
GCA_000472585.1	SAMN02441456	Candidatus Pelagibacter ubique HTCC1013	SC1-ENV-MEDIUM-MARINE	Environment_Medium_SD	marine	true
GCA_000472605.1	SAMN02440710	Candidatus Pelagibacter ubique HTCC8051	SC1-ENV-MEDIUM-MARINE	Environment_Medium_SD	marine	true
GCA_000472805.1	SAMN02441126	Desulfosarcina sp. BuS5	SC1-ENV-MEDIUM-MARINE	Environment_Medium_SD	marine	true
GCA_000478195.2	SAMN02469313	Lyngbya aestuarii BL J	SC1-ENV-MEDIUM-MARINE	Environment_Medium_SD	marine	true
GCA_000480395.1	SAMN02360750	Pseudomonas aeruginosa C52	SC1-ENV-BROAD-ENV-SAMPLE	Environment_Broad_Scale_SD	environmental sample	true
GCA_000480415.1	SAMN02360749	Pseudomonas aeruginosa C51	SC1-ENV-BROAD-ENV-SAMPLE	Environment_Broad_Scale_SD	environmental sample	true
GCA_000480435.1	SAMN02360748	Pseudomonas aeruginosa C48	SC1-ENV-BROAD-ENV-SAMPLE	Environment_Broad_Scale_SD	environmental sample	true
GCA_000480455.1	SAMN02360747	Pseudomonas aeruginosa C41	SC1-ENV-BROAD-ENV-SAMPLE	Environment_Broad_Scale_SD	environmental sample	true
GCA_000480475.1	SAMN02360746	Pseudomonas aeruginosa C40	SC1-ENV-BROAD-ENV-SAMPLE	Environment_Broad_Scale_SD	environmental sample	true
GCA_000480495.1	SAMN02360745	Pseudomonas aeruginosa C23	SC1-ENV-BROAD-ENV-SAMPLE	Environment_Broad_Scale_SD	environmental sample	true
GCA_000480515.1	SAMN02360744	Pseudomonas aeruginosa C20	SC1-ENV-BROAD-ENV-SAMPLE	Environment_Broad_Scale_SD	environmental sample	true
GCA_000480535.1	SAMN02360743	Pseudomonas aeruginosa M9A.1	SC1-ENV-BROAD-ENV-SAMPLE	Environment_Broad_Scale_SD	environmental sample	true
GCA_000480555.1	SAMN02360742	Pseudomonas aeruginosa M8A.4	SC1-ENV-BROAD-ENV-SAMPLE	Environment_Broad_Scale_SD	environmental sample	true
GCA_000480575.1	SAMN02360741	Pseudomonas aeruginosa M8A.3	SC1-ENV-BROAD-ENV-SAMPLE	Environment_Broad_Scale_SD	environmental sample	true
GCA_000480595.1	SAMN02360740	Pseudomonas aeruginosa M8A.2	SC1-ENV-BROAD-ENV-SAMPLE	Environment_Broad_Scale_SD	environmental sample	true
GCA_000480615.1	SAMN02360739	Pseudomonas aeruginosa M8A.1	SC1-ENV-BROAD-ENV-SAMPLE	Environment_Broad_Scale_SD	environmental sample	true
GCA_000481965.1	SAMN02360659	Pseudomonas aeruginosa MSH10	SC1-ENV-BROAD-ENV-SAMPLE	Environment_Broad_Scale_SD	environmental sample	true
GCA_000481985.1	SAMN02360658	Pseudomonas aeruginosa MSH3	SC1-ENV-BROAD-ENV-SAMPLE	Environment_Broad_Scale_SD	environmental sample	true
GCA_000482005.1	SAMN02360657	Pseudomonas aeruginosa E2	SC1-ENV-BROAD-ENV-SAMPLE	Environment_Broad_Scale_SD	environmental sample	true
GCA_000482025.1	SAMN02360656	Pseudomonas aeruginosa 62	SC1-ENV-BROAD-ENV-SAMPLE	Environment_Broad_Scale_SD	environmental sample	true
GCA_000486875.1	SAMN01813411	Salmonella enterica subsp. enterica serovar Senftenberg str. 423984-2	SC1-ENV-BROAD-ENV-SAMPLE	Environment_Broad_Scale_SD	environmental sample	true
GCA_000487755.1	SAMN01816346	Salmonella enterica subsp. enterica serovar London str. CFSAN001081	SC1-ENV-BROAD-ENV-SAMPLE	Environment_Broad_Scale_SD	environmental sample	true
GCA_000497915.1	SAMN02260219	Pseudoalteromonas sp. TB13	SC1-ENV-MEDIUM-MARINE	Environment_Medium_SD	marine	true
GCA_000497935.1	SAMN02260217	Pseudoalteromonas sp. AC163	SC1-ENV-MEDIUM-MARINE	Environment_Medium_SD	marine	true
GCA_000497975.1	SAMN02260220	Pseudoalteromonas sp. TB41	SC1-ENV-MEDIUM-MARINE	Environment_Medium_SD	marine	true
GCA_000497995.1	SAMN02260213	Pseudoalteromonas sp. TB25	SC1-ENV-MEDIUM-MARINE	Environment_Medium_SD	marine	true
GCA_000498055.1	SAMN02260216	Pseudoalteromonas sp. TB51	SC1-ENV-MEDIUM-MARINE	Environment_Medium_SD	marine	true
GCA_000498095.1	SAMN02260218	Pseudoalteromonas sp. TB64	SC1-ENV-MEDIUM-MARINE	Environment_Medium_SD	marine	true
GCA_000500125.1	SAMN02303044	Legionella pneumophila W1046	SC1-ENV-BROAD-ENV-SAMPLE	Environment_Broad_Scale_SD	environmental sample	true
GCA_000503215.1	SAMN02469303	Pseudomonas canadensis	SC1-ENV-LOCAL-AGRICULTURAL-ENV	Environment_Local_Scale_SD	agricultural environment	true
GCA_000504225.1	SAMN02597166	Candidatus Pelagibacter ubique HIMB083	SC1-ENV-MEDIUM-MARINE	Environment_Medium_SD	marine	true
GCA_000508325.2	SAMN02471784	Neobacillus vireti LMG 21834	SC1-ENV-LOCAL-AGRICULTURAL-ENV	Environment_Local_Scale_SD	agricultural environment	true
GCA_000512675.1	SAMN02597470	Candidatus Xenolissoclinum pacificiensis L6	SC1-ENV-MEDIUM-MARINE	Environment_Medium_SD	marine	true
GCA_000517085.1	SAMN02597284	Saccharicrinis fermentans DSM 9555 = JCM 21142	SC1-ENV-MEDIUM-MARINE	Environment_Medium_SD	marine	true
GCA_000518805.1	SAMN02584962	Shewanella waksmanii ATCC BAA-643	SC1-ENV-MEDIUM-MARINE	Environment_Medium_SD	marine	true
GCA_000520175.1	SAMN02360754	Pseudomonas aeruginosa PS50	SC1-ENV-BROAD-ENV-SAMPLE	Environment_Broad_Scale_SD	environmental sample	true
GCA_000520195.1	SAMN02360753	Pseudomonas aeruginosa PS42	SC1-ENV-BROAD-ENV-SAMPLE	Environment_Broad_Scale_SD	environmental sample	true
GCA_000524865.1	SAMN02422701	Salmonella enterica subsp. enterica serovar Bovismorbificans str. Sal615	SC1-ENV-BROAD-ENV-SAMPLE	Environment_Broad_Scale_SD	environmental sample	true
GCA_000524905.1	SAMN02422702	Salmonella enterica subsp. enterica serovar Bovismorbificans str. Sal616	SC1-ENV-BROAD-ENV-SAMPLE	Environment_Broad_Scale_SD	environmental sample	true
GCA_000524925.1	SAMN02422703	Salmonella enterica subsp. enterica serovar Bovismorbificans str. Sal617	SC1-ENV-BROAD-ENV-SAMPLE	Environment_Broad_Scale_SD	environmental sample	true
GCA_000590905.1	SAMN02952973	Pseudomonas aeruginosa MW3a	SC1-ENV-MEDIUM-MARINE	Environment_Medium_SD	marine	true
GCA_000621125.1	SAMN02743978	Maribacter antarcticus DSM 21422	SC1-ENV-MEDIUM-MARINE	Environment_Medium_SD	marine	true
GCA_000623095.2	SAMN02384316	Salmonella enterica subsp. enterica serovar Enteritidis str. EC20121178	SC1-ENV-BROAD-ENV-SAMPLE	Environment_Broad_Scale_SD	environmental sample	true
GCA_000623115.2	SAMN02384317	Salmonella enterica subsp. enterica serovar Enteritidis str. EC20121179	SC1-ENV-BROAD-ENV-SAMPLE	Environment_Broad_Scale_SD	environmental sample	true
GCA_000623135.2	SAMN02384318	Salmonella enterica subsp. enterica serovar Enteritidis str. EC20121180	SC1-ENV-BROAD-ENV-SAMPLE	Environment_Broad_Scale_SD	environmental sample	true
GCA_000626335.1	SAMN02384176	Salmonella enterica subsp. enterica serovar Enteritidis str. EC20111175	SC1-ENV-BROAD-ENV-SAMPLE	Environment_Broad_Scale_SD	environmental sample	true
GCA_000626355.1	SAMN02384177	Salmonella enterica subsp. enterica serovar Enteritidis str. EC20111174	SC1-ENV-BROAD-ENV-SAMPLE	Environment_Broad_Scale_SD	environmental sample	true
GCA_000647595.2	SAMN02732279	Pseudomonas aeruginosa 148	SC1-ENV-MEDIUM-MARINE	Environment_Medium_SD	marine	true
GCA_000688235.1	SAMN02743896	Terasakiella pusilla DSM 6293	SC1-ENV-MEDIUM-MARINE	Environment_Medium_SD	marine	true
GCA_000700785.1	SAMN01041042	Salmonella enterica subsp. enterica serovar Heidelberg str. 640151-11	SC1-ENV-BROAD-ENV-SAMPLE	Environment_Broad_Scale_SD	environmental sample	true
GCA_000712315.1	SAMN02854525	Pseudosulfitobacter pseudonitzschiae	SC1-ENV-MEDIUM-MARINE	Environment_Medium_SD	marine	true
GCA_000714705.1	SAMN02725527	Borreliella garinii	SC1-ENV-BROAD-ENV-SAMPLE	Environment_Broad_Scale_SD	environmental sample	true
GCA_000714795.1	SAMN02737002	Erythrobacter litoralis	SC1-ENV-MEDIUM-MARINE	Environment_Medium_SD	marine	true
GCA_000715175.2	SAMN02768546	Rhizorhabdus wittichii DC-6	SC1-ENV-BROAD-WASTEWATER	Environment_Local_Scale_SD	activated sludge	true
GCA_000730305.1	SAMN02646549	Xanthomonas euvesicatoria pv. allii CFBP 6369	SC1-ENV-LOCAL-AGRICULTURAL-ENV	Environment_Local_Scale_SD	agricultural environment	true
GCA_000731785.2	SAMN02666846	Candidatus Photodesmus anomalopis	SC1-ENV-MEDIUM-MARINE	Environment_Medium_SD	marine	true
GCA_000731795.2	SAMN02666855	Candidatus Photodesmus blepharonis	SC1-ENV-MEDIUM-MARINE	Environment_Medium_SD	marine	true
GCA_000735115.1	SAMN02903909	Bacillus subtilis	SC1-ENV-MEDIUM-MARINE	Environment_Medium_SD	marine	true
GCA_000738085.1	SAMN02947788	Cryobacterium sp. MLB-32	SC1-ENV-MEDIUM-GLACIER	Environment_Medium_SD	glacier	true
GCA_000748945.1	SAMN01942292	Salmonella enterica subsp. enterica serovar Bareilly str. CFSAN000235	SC1-ENV-BROAD-ENV-SAMPLE	Environment_Broad_Scale_SD	environmental sample	true
GCA_000748965.1	SAMN01942248	Salmonella enterica subsp. enterica serovar Bareilly str. CFSAN000236	SC1-ENV-BROAD-ENV-SAMPLE	Environment_Broad_Scale_SD	environmental sample	true
GCA_000753715.1	SAMN02897942	Pseudidiomarina salinarum	SC1-ENV-MEDIUM-MARINE	Environment_Medium_SD	marine	true
GCA_000759995.1	SAMD00019899	Acinetobacter tjernbergiae	SC1-ENV-BROAD-WASTEWATER	Environment_Local_Scale_SD	activated sludge	true
GCA_000760555.1	SAMD00019897	Acinetobacter tandoii	SC1-ENV-BROAD-WASTEWATER	Environment_Local_Scale_SD	activated sludge	true
GCA_000760575.1	SAMD00019901	Acinetobacter towneri	SC1-ENV-BROAD-WASTEWATER	Environment_Local_Scale_SD	activated sludge	true
GCA_000763125.1	SAMN03000723	Exiguobacterium mexicanum	SC1-ENV-BROAD-ENV-SAMPLE	Environment_Broad_Scale_SD	environmental sample	true
GCA_000770455.1	SAMN02951654	Burkholderia pseudomallei B03	SC1-ENV-BROAD-ENV-SAMPLE	Environment_Broad_Scale_SD	environmental sample	true
GCA_000770475.1	SAMN02951657	Burkholderia pseudomallei MSHR3965	SC1-ENV-BROAD-ENV-SAMPLE	Environment_Broad_Scale_SD	environmental sample	true
GCA_000770495.1	SAMN02951644	Burkholderia pseudomallei TSV 48	SC1-ENV-BROAD-ENV-SAMPLE	Environment_Broad_Scale_SD	environmental sample	true
GCA_000770515.1	SAMN02951646	Burkholderia pseudomallei K42	SC1-ENV-BROAD-ENV-SAMPLE	Environment_Broad_Scale_SD	environmental sample	true
GCA_000770535.1	SAMN02951655	Burkholderia pseudomallei A79A	SC1-ENV-BROAD-ENV-SAMPLE	Environment_Broad_Scale_SD	environmental sample	true
GCA_000770565.1	SAMN02951647	Burkholderia pseudomallei	SC1-ENV-BROAD-ENV-SAMPLE	Environment_Broad_Scale_SD	environmental sample	true
GCA_000773065.1	SAMN02953580	Burkholderia sp. ABCPW 111	SC1-ENV-BROAD-ENV-SAMPLE	Environment_Broad_Scale_SD	environmental sample	true
GCA_000773075.1	SAMN02953899	Burkholderia pseudomallei MSHR7504	SC1-ENV-BROAD-ENV-SAMPLE	Environment_Broad_Scale_SD	environmental sample	true
GCA_000773085.1	SAMN02953917	Burkholderia pseudomallei MSHR5608	SC1-ENV-BROAD-ENV-SAMPLE	Environment_Broad_Scale_SD	environmental sample	true
GCA_000773145.1	SAMN02982051	Burkholderia pseudomallei MSHR7343	SC1-ENV-BROAD-ENV-SAMPLE	Environment_Broad_Scale_SD	environmental sample	true
GCA_000773155.1	SAMN02981702	Burkholderia pseudomallei MSHR5609	SC1-ENV-BROAD-ENV-SAMPLE	Environment_Broad_Scale_SD	environmental sample	true
GCA_000773165.1	SAMN02981721	Burkholderia pseudomallei MSHR5613	SC1-ENV-BROAD-ENV-SAMPLE	Environment_Broad_Scale_SD	environmental sample	true
GCA_000773215.1	SAMN02981823	Burkholderia pseudomallei MSHR5569	SC1-ENV-BROAD-ENV-SAMPLE	Environment_Broad_Scale_SD	environmental sample	true
GCA_000773235.1	SAMN02983204	Burkholderia pseudomallei ABCPW 107	SC1-ENV-BROAD-ENV-SAMPLE	Environment_Broad_Scale_SD	environmental sample	true
GCA_000773255.1	SAMN02983238	Burkholderia pseudomallei MSHR5492	SC1-ENV-BROAD-ENV-SAMPLE	Environment_Broad_Scale_SD	environmental sample	true
GCA_000773275.1	SAMN02983244	Burkholderia pseudomallei MSHR4378	SC1-ENV-BROAD-ENV-SAMPLE	Environment_Broad_Scale_SD	environmental sample	true
GCA_000773295.1	SAMN03002109	Burkholderia pseudomallei MSHR4868	SC1-ENV-BROAD-ENV-SAMPLE	Environment_Broad_Scale_SD	environmental sample	true
GCA_000773305.1	SAMN02953888	Burkholderia pseudomallei MSHR7527	SC1-ENV-BROAD-ENV-SAMPLE	Environment_Broad_Scale_SD	environmental sample	true
GCA_000773335.1	SAMN02997363	Burkholderia pseudomallei MSHR5596	SC1-ENV-BROAD-ENV-SAMPLE	Environment_Broad_Scale_SD	environmental sample	true
GCA_000773345.1	SAMN03004375	Burkholderia pseudomallei	SC1-ENV-BROAD-ENV-SAMPLE	Environment_Broad_Scale_SD	environmental sample	true
GCA_000773355.1	SAMN02997401	Burkholderia pseudomallei MSHR7498	SC1-ENV-BROAD-ENV-SAMPLE	Environment_Broad_Scale_SD	environmental sample	true
GCA_000773365.1	SAMN02997388	Burkholderia pseudomallei MSHR7334	SC1-ENV-BROAD-ENV-SAMPLE	Environment_Broad_Scale_SD	environmental sample	true
GCA_000773415.1	SAMN03015202	Burkholderia pseudomallei MSHR7500	SC1-ENV-BROAD-ENV-SAMPLE	Environment_Broad_Scale_SD	environmental sample	true
GCA_000774185.1	SAMN02929137	Burkholderia pseudomallei MSHR4304	SC1-ENV-BROAD-ENV-SAMPLE	Environment_Broad_Scale_SD	environmental sample	true
GCA_000774245.1	SAMN02943397	Burkholderia pseudomallei MSHR4372	SC1-ENV-BROAD-ENV-SAMPLE	Environment_Broad_Scale_SD	environmental sample	true
GCA_000774255.1	SAMN02943428	Burkholderia pseudomallei TSV 43	SC1-ENV-BROAD-ENV-SAMPLE	Environment_Broad_Scale_SD	environmental sample	true
GCA_000774265.1	SAMN02943213	Burkholderia pseudomallei MSHR4377	SC1-ENV-BROAD-ENV-SAMPLE	Environment_Broad_Scale_SD	environmental sample	true
GCA_000774275.1	SAMN02943332	Burkholderia pseudomallei MSHR4300	SC1-ENV-BROAD-ENV-SAMPLE	Environment_Broad_Scale_SD	environmental sample	true
GCA_000774325.1	SAMN02943486	Burkholderia pseudomallei MSHR4503	SC1-ENV-BROAD-ENV-SAMPLE	Environment_Broad_Scale_SD	environmental sample	true
GCA_000774335.1	SAMN02943438	Burkholderia pseudomallei MSHR4032	SC1-ENV-BROAD-ENV-SAMPLE	Environment_Broad_Scale_SD	environmental sample	true
GCA_000774345.1	SAMN02943442	Burkholderia pseudomallei MSHR4462	SC1-ENV-BROAD-ENV-SAMPLE	Environment_Broad_Scale_SD	environmental sample	true
GCA_000774385.1	SAMN02948390	Burkholderia pseudomallei MSHR3951	SC1-ENV-BROAD-ENV-SAMPLE	Environment_Broad_Scale_SD	environmental sample	true
GCA_000774395.1	SAMN02948389	Burkholderia pseudomallei MSHR4003	SC1-ENV-BROAD-ENV-SAMPLE	Environment_Broad_Scale_SD	environmental sample	true
GCA_000774405.1	SAMN02948388	Burkholderia pseudomallei ABCPW 91	SC1-ENV-BROAD-ENV-SAMPLE	Environment_Broad_Scale_SD	environmental sample	true
GCA_000774415.1	SAMN02948391	Burkholderia pseudomallei MSHR4308	SC1-ENV-BROAD-ENV-SAMPLE	Environment_Broad_Scale_SD	environmental sample	true
GCA_000774465.1	SAMN02948392	Burkholderia pseudomallei MSHR4299	SC1-ENV-BROAD-ENV-SAMPLE	Environment_Broad_Scale_SD	environmental sample	true
GCA_000774475.1	SAMN02948393	Burkholderia pseudomallei MSHR3964	SC1-ENV-BROAD-ENV-SAMPLE	Environment_Broad_Scale_SD	environmental sample	true
GCA_000774485.1	SAMN02948394	Burkholderia pseudomallei TSV 31	SC1-ENV-BROAD-ENV-SAMPLE	Environment_Broad_Scale_SD	environmental sample	true
GCA_000774495.1	SAMN02948395	Burkholderia pseudomallei ABCPW 30	SC1-ENV-BROAD-ENV-SAMPLE	Environment_Broad_Scale_SD	environmental sample	true
GCA_000774545.1	SAMN02948396	Burkholderia pseudomallei BDU 2	SC1-ENV-BROAD-ENV-SAMPLE	Environment_Broad_Scale_SD	environmental sample	true
GCA_000774555.1	SAMN02948397	Burkholderia pseudomallei MSHR4012	SC1-ENV-BROAD-ENV-SAMPLE	Environment_Broad_Scale_SD	environmental sample	true
GCA_000774565.1	SAMN02948404	Burkholderia pseudomallei MSHR4375	SC1-ENV-BROAD-ENV-SAMPLE	Environment_Broad_Scale_SD	environmental sample	true
GCA_000774575.1	SAMN02948412	Burkholderia pseudomallei MSHR3960	SC1-ENV-BROAD-ENV-SAMPLE	Environment_Broad_Scale_SD	environmental sample	true
GCA_000774625.1	SAMN02948500	Burkholderia pseudomallei TSV 25	SC1-ENV-BROAD-ENV-SAMPLE	Environment_Broad_Scale_SD	environmental sample	true
GCA_000774635.1	SAMN02948531	Burkholderia pseudomallei MSHR4303	SC1-ENV-BROAD-ENV-SAMPLE	Environment_Broad_Scale_SD	environmental sample	true
GCA_000774645.1	SAMN02948530	Burkholderia pseudomallei MSHR4000	SC1-ENV-BROAD-ENV-SAMPLE	Environment_Broad_Scale_SD	environmental sample	true
GCA_000774945.1	SAMN03004390	Burkholderia pseudomallei	SC1-ENV-BROAD-ENV-SAMPLE	Environment_Broad_Scale_SD	environmental sample	true
GCA_000774955.1	SAMN03004396	Burkholderia pseudomallei	SC1-ENV-BROAD-ENV-SAMPLE	Environment_Broad_Scale_SD	environmental sample	true
GCA_000774965.1	SAMN03004398	Burkholderia pseudomallei ABCPW 1	SC1-ENV-BROAD-ENV-SAMPLE	Environment_Broad_Scale_SD	environmental sample	true
GCA_000775085.1	SAMN02999681	Burkholderia pseudomallei TSV28	SC1-ENV-BROAD-ENV-SAMPLE	Environment_Broad_Scale_SD	environmental sample	true
GCA_000775095.1	SAMN03001958	Burkholderia pseudomallei TSV5	SC1-ENV-BROAD-ENV-SAMPLE	Environment_Broad_Scale_SD	environmental sample	true
GCA_000775105.1	SAMN02999667	Burkholderia pseudomallei TSV32	SC1-ENV-BROAD-ENV-SAMPLE	Environment_Broad_Scale_SD	environmental sample	true
GCA_000775115.1	SAMN03001956	Burkholderia pseudomallei TSV44	SC1-ENV-BROAD-ENV-SAMPLE	Environment_Broad_Scale_SD	environmental sample	true
GCA_000775675.1	SAMN02998014	Burkholderia pseudomallei A79C	SC1-ENV-BROAD-ENV-SAMPLE	Environment_Broad_Scale_SD	environmental sample	true
GCA_000775685.1	SAMN02998017	Burkholderia pseudomallei A79D	SC1-ENV-BROAD-ENV-SAMPLE	Environment_Broad_Scale_SD	environmental sample	true
GCA_000775775.1	SAMD00020951	bacterium endosymbiont of Mortierella elongata FMR23-6	SC1-ENV-BROAD-ENV-SAMPLE	Environment_Broad_Scale_SD	environmental sample	true
GCA_000782905.1	SAMN03165115	Bacillus anthracis	SC1-ENV-BROAD-ENV-SAMPLE	Environment_Broad_Scale_SD	environmental sample	true
GCA_000783035.1	SAMN03165119	Bacillus anthracis	SC1-ENV-BROAD-ENV-SAMPLE	Environment_Broad_Scale_SD	environmental sample	true
GCA_000783195.1	SAMN03165129	Bacillus anthracis	SC1-ENV-BROAD-ENV-SAMPLE	Environment_Broad_Scale_SD	environmental sample	true
GCA_000783235.1	SAMN03165131	Bacillus anthracis	SC1-ENV-BROAD-ENV-SAMPLE	Environment_Broad_Scale_SD	environmental sample	true
GCA_000784835.1	SAMN03143094	Thermotoga sp. Mc24	SC1-ENV-MEDIUM-MARINE	Environment_Medium_SD	marine	true
GCA_000785535.1	SAMN03196588	Arthrobacter sp. PAMC 25486	SC1-ENV-BROAD-ENV-SAMPLE	Environment_Broad_Scale_SD	environmental sample	true
GCA_000785855.1	SAMN03112708	Clostridium acetobutylicum	SC1-ENV-BROAD-ENV-SAMPLE	Environment_Broad_Scale_SD	environmental sample	true
GCA_000786775.1	SAMN03083676	Candidatus Scalindua brodae	SC1-ENV-BROAD-ENV-SAMPLE	Environment_Broad_Scale_SD	environmental sample	true
GCA_000788395.1	SAMN03160553	Pseudoalteromonas piratica	SC1-ENV-BROAD-ENV-SAMPLE	Environment_Broad_Scale_SD	environmental sample	true
GCA_000788495.1	SAMN03104881	Vibrio cholerae	SC1-ENV-BROAD-ENV-SAMPLE	Environment_Broad_Scale_SD	environmental sample	true
GCA_000788515.1	SAMN03104882	Vibrio cholerae	SC1-ENV-BROAD-ENV-SAMPLE	Environment_Broad_Scale_SD	environmental sample	true
GCA_000788655.1	SAMN03104879	Vibrio cholerae	SC1-ENV-BROAD-ENV-SAMPLE	Environment_Broad_Scale_SD	environmental sample	true
GCA_000788675.1	SAMN03104883	Vibrio cholerae	SC1-ENV-BROAD-ENV-SAMPLE	Environment_Broad_Scale_SD	environmental sample	true
GCA_000788695.1	SAMN03104880	Vibrio cholerae	SC1-ENV-BROAD-ENV-SAMPLE	Environment_Broad_Scale_SD	environmental sample	true
GCA_000788715.2	SAMN03104885	Vibrio cholerae	SC1-ENV-BROAD-ENV-SAMPLE	Environment_Broad_Scale_SD	environmental sample	true
GCA_000788735.1	SAMN03104877	Vibrio cholerae	SC1-ENV-BROAD-ENV-SAMPLE	Environment_Broad_Scale_SD	environmental sample	true
GCA_000788755.1	SAMN03104884	Vibrio cholerae	SC1-ENV-BROAD-ENV-SAMPLE	Environment_Broad_Scale_SD	environmental sample	true
GCA_000788855.1	SAMN03104878	Vibrio cholerae	SC1-ENV-BROAD-ENV-SAMPLE	Environment_Broad_Scale_SD	environmental sample	true
GCA_000789335.1	SAMN03013826	Thermotoga sp. 2812B	SC1-ENV-MEDIUM-MARINE	Environment_Medium_SD	marine	true
GCA_000793525.1	SAMN03165111	Bacillus anthracis	SC1-ENV-BROAD-ENV-SAMPLE	Environment_Broad_Scale_SD	environmental sample	true
GCA_000803065.1	SAMN03160620	Sphingomonas sp. ERG5	SC1-ENV-LOCAL-GROUNDWATER	Environment_Local_Scale_SD	groundwater	true
GCA_000803085.1	SAMN03176941	Pseudoalteromonas distincta	SC1-ENV-MEDIUM-MARINE	Environment_Medium_SD	marine	true
GCA_000804305.1	SAMN03254432	Acinetobacter sp. YZS-X1-1	SC1-ENV-BROAD-ENV-SAMPLE	Environment_Broad_Scale_SD	environmental sample	true
GCA_000812545.1	SAMN03262488	Arthrobacter sp. W1	SC1-ENV-BROAD-WASTEWATER	Environment_Local_Scale_SD	activated sludge	true
GCA_000813725.1	SAMN03246059	Leisingera sp. ANG-Vp	SC1-ENV-MEDIUM-MARINE	Environment_Medium_SD	marine	true
GCA_000813745.1	SAMN03246058	Leisingera sp. ANG-M1	SC1-ENV-MEDIUM-MARINE	Environment_Medium_SD	marine	true
GCA_000813785.1	SAMN03246060	Leisingera sp. ANG-DT	SC1-ENV-MEDIUM-MARINE	Environment_Medium_SD	marine	true
GCA_000813885.1	SAMN03246061	Leisingera sp. ANG-S	SC1-ENV-MEDIUM-MARINE	Environment_Medium_SD	marine	true
GCA_000813905.1	SAMN03246063	Leisingera sp. ANG-M6	SC1-ENV-MEDIUM-MARINE	Environment_Medium_SD	marine	true
GCA_000813925.1	SAMN03246064	Leisingera sp. ANG-S5	SC1-ENV-MEDIUM-MARINE	Environment_Medium_SD	marine	true
GCA_000813945.1	SAMN03246062	Leisingera sp. ANG-S3	SC1-ENV-MEDIUM-MARINE	Environment_Medium_SD	marine	true
GCA_000813965.1	SAMN03246065	Leisingera sp. ANG-M7	SC1-ENV-MEDIUM-MARINE	Environment_Medium_SD	marine	true
GCA_000813985.1	SAMN03246066	Ruegeria sp. ANG-R	SC1-ENV-MEDIUM-MARINE	Environment_Medium_SD	marine	true
GCA_000814005.1	SAMN03246067	Ruegeria sp. ANG-S4	SC1-ENV-MEDIUM-MARINE	Environment_Medium_SD	marine	true
GCA_000814025.1	SAMN03246068	Tateyamaria sp. ANG-S1	SC1-ENV-MEDIUM-MARINE	Environment_Medium_SD	marine	true
GCA_000814675.1	SAMN03220273	Pseudoalteromonas distincta	SC1-ENV-MEDIUM-MARINE	Environment_Medium_SD	marine	true
GCA_000816185.1	SAMN03248541	Campylobacter insulaenigrae NCTC 12927	SC1-ENV-MEDIUM-MARINE	Environment_Medium_SD	marine	true
GCA_000818215.1	SAMD00023354	Acinetobacter calcoaceticus	SC1-ENV-BROAD-ENV-SAMPLE	Environment_Broad_Scale_SD	environmental sample	true
GCA_000828075.3	SAMN03274356	Tolypothrix campylonemoides VB511288	SC1-ENV-BROAD-ENV-SAMPLE	Environment_Broad_Scale_SD	environmental sample	true
GCA_000828085.3	SAMN03274355	Scytonema tolypothrichoides VB-61278	SC1-ENV-BROAD-ENV-SAMPLE	Environment_Broad_Scale_SD	environmental sample	true
GCA_000829415.1	SAMD00019511	Pseudomonas sp. StFLB209	SC1-ENV-LOCAL-AGRICULTURAL-ENV	Environment_Local_Scale_SD	agricultural environment	true
GCA_000829735.1	SAMD00022561	Vibrio owensii	SC1-ENV-MEDIUM-MARINE	Environment_Medium_SD	marine	true
GCA_000832025.1	SAMN02904642	Shewanella sp. cp20	SC1-ENV-MEDIUM-MARINE	Environment_Medium_SD	marine	true
GCA_000832985.1	SAMN03174779	Priestia megaterium NBRC 15308 = ATCC 14581	SC1-ENV-BROAD-ENV-SAMPLE	Environment_Broad_Scale_SD	environmental sample	true
GCA_000833595.1	SAMN03019860	Burkholderia sp. MSHR3999	SC1-ENV-BROAD-ENV-SAMPLE	Environment_Broad_Scale_SD	environmental sample	true
GCA_000934525.1	SAMN02743544	Alteromonas australica	SC1-ENV-MEDIUM-MARINE	Environment_Medium_SD	marine	true
GCA_000943375.1	SAMN03255752	Vreelandella aquamarina	SC1-ENV-MEDIUM-MARINE	Environment_Medium_SD	marine	true
GCA_000949425.1	SAMN03342438	Paenibacillus sp. IHBB 10380	SC1-ENV-MEDIUM-GLACIER	Environment_Medium_SD	glacier	true
GCA_000950095.1	SAMN03295480	Photobacterium kishitanii	SC1-ENV-MEDIUM-MARINE	Environment_Medium_SD	marine	true
GCA_000962025.1	SAMN01087974	Salmonella enterica subsp. enterica serovar Heidelberg str. 607309-5	SC1-ENV-BROAD-ENV-SAMPLE	Environment_Broad_Scale_SD	environmental sample	true
GCA_000962075.1	SAMN01087976	Salmonella enterica subsp. enterica serovar Heidelberg str. 607309-34	SC1-ENV-BROAD-ENV-SAMPLE	Environment_Broad_Scale_SD	environmental sample	true
GCA_000962085.1	SAMN01087977	Salmonella enterica subsp. enterica serovar Heidelberg str. 632675-24	SC1-ENV-BROAD-ENV-SAMPLE	Environment_Broad_Scale_SD	environmental sample	true
GCA_000962115.1	SAMN01087980	Salmonella enterica subsp. enterica serovar Heidelberg str. 670102-5	SC1-ENV-BROAD-ENV-SAMPLE	Environment_Broad_Scale_SD	environmental sample	true
GCA_000962145.1	SAMN01087984	Salmonella enterica subsp. enterica serovar Heidelberg str. 622737-11	SC1-ENV-BROAD-ENV-SAMPLE	Environment_Broad_Scale_SD	environmental sample	true
GCA_000962165.1	SAMN01087983	Salmonella enterica subsp. enterica serovar Heidelberg str. 607310-1	SC1-ENV-BROAD-ENV-SAMPLE	Environment_Broad_Scale_SD	environmental sample	true
GCA_000962175.1	SAMN01087985	Salmonella enterica subsp. enterica serovar Heidelberg str. 579082-8	SC1-ENV-BROAD-ENV-SAMPLE	Environment_Broad_Scale_SD	environmental sample	true
GCA_000962205.1	SAMN01087986	Salmonella enterica subsp. enterica serovar Heidelberg str. 579083-19	SC1-ENV-BROAD-ENV-SAMPLE	Environment_Broad_Scale_SD	environmental sample	true
GCA_000962275.1	SAMN01087992	Salmonella enterica subsp. enterica serovar Heidelberg str. 622737-12	SC1-ENV-BROAD-ENV-SAMPLE	Environment_Broad_Scale_SD	environmental sample	true
GCA_000962295.1	SAMN01087998	Salmonella enterica subsp. enterica serovar Heidelberg str. 622737-21	SC1-ENV-BROAD-ENV-SAMPLE	Environment_Broad_Scale_SD	environmental sample	true
GCA_000962305.1	SAMN01087993	Salmonella enterica subsp. enterica serovar Heidelberg str. 622737-14	SC1-ENV-BROAD-ENV-SAMPLE	Environment_Broad_Scale_SD	environmental sample	true
GCA_000962315.1	SAMN01087999	Salmonella enterica subsp. enterica serovar Heidelberg str. 579083-10	SC1-ENV-BROAD-ENV-SAMPLE	Environment_Broad_Scale_SD	environmental sample	true
GCA_000962355.1	SAMN01088001	Salmonella enterica subsp. enterica serovar Heidelberg str. 670102-3	SC1-ENV-BROAD-ENV-SAMPLE	Environment_Broad_Scale_SD	environmental sample	true
GCA_000963215.1	SAMN03265457	Xanthomonas sp. MUS 060	SC1-ENV-LOCAL-AGRICULTURAL-ENV	Environment_Local_Scale_SD	agricultural environment	true
GCA_000970435.1	SAMN03431279	Devosia limi DSM 17137	SC1-ENV-BROAD-WASTEWATER	Environment_Local_Scale_SD	activated sludge	true
GCA_000971055.1	SAMN03452277	Sphingomonas sp. SRS2	SC1-ENV-LOCAL-AGRICULTURAL-ENV	Environment_Local_Scale_SD	agricultural environment	true
GCA_000981405.1	SAMN03453211	Acinetobacter baumannii	SC1-ENV-MEDIUM-HEALTHCARE-FACILITY	Environment_Medium_SD	healthcare facility	true
GCA_000981635.1	SAMN03380218	Polaribacter sp. ASP10-06a	SC1-ENV-MEDIUM-MARINE	Environment_Medium_SD	marine	true
GCA_001007975.1	SAMN03486750	candidate division SR1 bacterium Aalborg_AAW-1	SC1-ENV-BROAD-ENV-SAMPLE	Environment_Broad_Scale_SD	environmental sample	true
GCA_001017865.1	SAMN03107812	Rhodococcus sp. IITR03	SC1-ENV-BROAD-ENV-SAMPLE	Environment_Broad_Scale_SD	environmental sample	true
GCA_001020225.1	SAMN03733238	Rhodococcus erythropolis	SC1-ENV-LOCAL-GROUNDWATER	Environment_Local_Scale_SD	groundwater	true
GCA_001027495.1	SAMN02352648	Vibrio cholerae PhVE-5	SC1-ENV-BROAD-ENV-SAMPLE	Environment_Broad_Scale_SD	environmental sample	true
GCA_001028705.1	SAMN03757733	Croceicoccus naphthovorans	SC1-ENV-MEDIUM-MARINE	Environment_Medium_SD	marine	true
GCA_001038625.1	SAMN03740584	Clostridium carboxidivorans P7	SC1-ENV-LOCAL-AGRICULTURAL-ENV	Environment_Local_Scale_SD	agricultural environment	true
GCA_001053095.1	SAMEA859916	Yersinia similis	SC1-HHS-DISEASED-PATIENT-HEALTH	Host_Health_State_SD	diseased/patient	true
GCA_001053095.1	SAMEA859916	Yersinia similis	SC1-HHS-DISEASED-PATIENT-HEALTH	Host_Health_State_SD_Detail	diseased/patient	false
GCA_001053095.1	SAMEA859916	Yersinia similis	SC1-HHS-DISEASED-PATIENT-HEALTH	Host_Health_State_SD_Method	dictionary	false
GCA_001077885.1	SAMN03766180	Photobacterium swingsii	SC1-ENV-MEDIUM-MARINE	Environment_Medium_SD	marine	true
GCA_001089645.1	SAMEA859870	Yersinia frederiksenii	SC1-HHS-DISEASED-PATIENT-HEALTH	Host_Health_State_SD	diseased/patient	true
GCA_001089645.1	SAMEA859870	Yersinia frederiksenii	SC1-HHS-DISEASED-PATIENT-HEALTH	Host_Health_State_SD_Detail	diseased/patient	false
GCA_001089645.1	SAMEA859870	Yersinia frederiksenii	SC1-HHS-DISEASED-PATIENT-HEALTH	Host_Health_State_SD_Method	dictionary	false
GCA_001104045.1	SAMEA859877	Yersinia pseudotuberculosis	SC1-HHS-DISEASED-PATIENT-HEALTH	Host_Health_State_SD	diseased/patient	true
GCA_001104045.1	SAMEA859877	Yersinia pseudotuberculosis	SC1-HHS-DISEASED-PATIENT-HEALTH	Host_Health_State_SD_Detail	diseased/patient	false
GCA_001104045.1	SAMEA859877	Yersinia pseudotuberculosis	SC1-HHS-DISEASED-PATIENT-HEALTH	Host_Health_State_SD_Method	dictionary	false
GCA_001125265.1	SAMEA859893	Yersinia pseudotuberculosis	SC1-HHS-DISEASED-PATIENT-HEALTH	Host_Health_State_SD	diseased/patient	true
GCA_001125265.1	SAMEA859893	Yersinia pseudotuberculosis	SC1-HHS-DISEASED-PATIENT-HEALTH	Host_Health_State_SD_Detail	diseased/patient	false
GCA_001125265.1	SAMEA859893	Yersinia pseudotuberculosis	SC1-HHS-DISEASED-PATIENT-HEALTH	Host_Health_State_SD_Method	dictionary	false
GCA_001136465.1	SAMEA859914	Yersinia similis	SC1-HHS-DISEASED-PATIENT-HEALTH	Host_Health_State_SD	diseased/patient	true
GCA_001136465.1	SAMEA859914	Yersinia similis	SC1-HHS-DISEASED-PATIENT-HEALTH	Host_Health_State_SD_Detail	diseased/patient	false
GCA_001136465.1	SAMEA859914	Yersinia similis	SC1-HHS-DISEASED-PATIENT-HEALTH	Host_Health_State_SD_Method	dictionary	false
GCA_001142745.1	SAMEA859868	Yersinia frederiksenii	SC1-HHS-DISEASED-PATIENT-HEALTH	Host_Health_State_SD	diseased/patient	true
GCA_001142745.1	SAMEA859868	Yersinia frederiksenii	SC1-HHS-DISEASED-PATIENT-HEALTH	Host_Health_State_SD_Detail	diseased/patient	false
GCA_001142745.1	SAMEA859868	Yersinia frederiksenii	SC1-HHS-DISEASED-PATIENT-HEALTH	Host_Health_State_SD_Method	dictionary	false
GCA_001144805.1	SAMEA859932	Yersinia kristensenii	SC1-HHS-DISEASED-PATIENT-HEALTH	Host_Health_State_SD	diseased/patient	true
GCA_001144805.1	SAMEA859932	Yersinia kristensenii	SC1-HHS-DISEASED-PATIENT-HEALTH	Host_Health_State_SD_Detail	diseased/patient	false
GCA_001144805.1	SAMEA859932	Yersinia kristensenii	SC1-HHS-DISEASED-PATIENT-HEALTH	Host_Health_State_SD_Method	dictionary	false
GCA_001149645.1	SAMEA859879	Yersinia mollaretii	SC1-HHS-DISEASED-PATIENT-HEALTH	Host_Health_State_SD	diseased/patient	true
GCA_001149645.1	SAMEA859879	Yersinia mollaretii	SC1-HHS-DISEASED-PATIENT-HEALTH	Host_Health_State_SD_Detail	diseased/patient	false
GCA_001149645.1	SAMEA859879	Yersinia mollaretii	SC1-HHS-DISEASED-PATIENT-HEALTH	Host_Health_State_SD_Method	dictionary	false
GCA_001150985.1	SAMEA859917	Yersinia pseudotuberculosis	SC1-HHS-DISEASED-PATIENT-HEALTH	Host_Health_State_SD	diseased/patient	true
GCA_001150985.1	SAMEA859917	Yersinia pseudotuberculosis	SC1-HHS-DISEASED-PATIENT-HEALTH	Host_Health_State_SD_Detail	diseased/patient	false
GCA_001150985.1	SAMEA859917	Yersinia pseudotuberculosis	SC1-HHS-DISEASED-PATIENT-HEALTH	Host_Health_State_SD_Method	dictionary	false
GCA_001151185.1	SAMEA859881	Yersinia frederiksenii	SC1-HHS-DISEASED-PATIENT-HEALTH	Host_Health_State_SD	diseased/patient	true
GCA_001151185.1	SAMEA859881	Yersinia frederiksenii	SC1-HHS-DISEASED-PATIENT-HEALTH	Host_Health_State_SD_Detail	diseased/patient	false
GCA_001151185.1	SAMEA859881	Yersinia frederiksenii	SC1-HHS-DISEASED-PATIENT-HEALTH	Host_Health_State_SD_Method	dictionary	false
GCA_001152185.1	SAMEA859904	Yersinia rohdei	SC1-HHS-DISEASED-PATIENT-HEALTH	Host_Health_State_SD	diseased/patient	true
GCA_001152185.1	SAMEA859904	Yersinia rohdei	SC1-HHS-DISEASED-PATIENT-HEALTH	Host_Health_State_SD_Detail	diseased/patient	false
GCA_001152185.1	SAMEA859904	Yersinia rohdei	SC1-HHS-DISEASED-PATIENT-HEALTH	Host_Health_State_SD_Method	dictionary	false
GCA_001166625.1	SAMEA859871	Yersinia intermedia	SC1-HHS-DISEASED-PATIENT-HEALTH	Host_Health_State_SD	diseased/patient	true
GCA_001166625.1	SAMEA859871	Yersinia intermedia	SC1-HHS-DISEASED-PATIENT-HEALTH	Host_Health_State_SD_Detail	diseased/patient	false
GCA_001166625.1	SAMEA859871	Yersinia intermedia	SC1-HHS-DISEASED-PATIENT-HEALTH	Host_Health_State_SD_Method	dictionary	false
GCA_001167085.1	SAMEA859880	Yersinia intermedia	SC1-HHS-DISEASED-PATIENT-HEALTH	Host_Health_State_SD	diseased/patient	true
GCA_001167085.1	SAMEA859880	Yersinia intermedia	SC1-HHS-DISEASED-PATIENT-HEALTH	Host_Health_State_SD_Detail	diseased/patient	false
GCA_001167085.1	SAMEA859880	Yersinia intermedia	SC1-HHS-DISEASED-PATIENT-HEALTH	Host_Health_State_SD_Method	dictionary	false
GCA_001188035.2	SAMN03255433	Vibrio parahaemolyticus	SC1-ENV-BROAD-ENV-SAMPLE	Environment_Broad_Scale_SD	environmental sample	true
GCA_001188055.2	SAMN03255439	Shigella flexneri	SC1-ENV-BROAD-ENV-SAMPLE	Environment_Broad_Scale_SD	environmental sample	true
GCA_001188105.2	SAMN03255436	Escherichia coli	SC1-ENV-BROAD-ENV-SAMPLE	Environment_Broad_Scale_SD	environmental sample	true
GCA_001188125.2	SAMN03255434	Salmonella enterica subsp. enterica serovar Heidelberg	SC1-ENV-BROAD-ENV-SAMPLE	Environment_Broad_Scale_SD	environmental sample	true
GCA_001188135.2	SAMN03255432	Vibrio parahaemolyticus	SC1-ENV-BROAD-ENV-SAMPLE	Environment_Broad_Scale_SD	environmental sample	true
GCA_001188155.2	SAMN03255435	Salmonella enterica subsp. houtenae serovar 50:g,z51:-	SC1-ENV-BROAD-ENV-SAMPLE	Environment_Broad_Scale_SD	environmental sample	true
GCA_001189075.1	SAMN03737326	Parcubacteria bacterium C7867-004	SC1-ENV-LOCAL-GROUNDWATER	Environment_Local_Scale_SD	groundwater	true
GCA_001189085.1	SAMN03737325	Parcubacteria bacterium C7867-003	SC1-ENV-LOCAL-GROUNDWATER	Environment_Local_Scale_SD	groundwater	true
GCA_001189095.1	SAMN03737323	Parcubacteria bacterium C7867-001	SC1-ENV-LOCAL-GROUNDWATER	Environment_Local_Scale_SD	groundwater	true
GCA_001189105.1	SAMN03737324	Parcubacteria bacterium C7867-002	SC1-ENV-LOCAL-GROUNDWATER	Environment_Local_Scale_SD	groundwater	true
GCA_001189155.1	SAMN03737328	Parcubacteria bacterium C7867-006	SC1-ENV-LOCAL-GROUNDWATER	Environment_Local_Scale_SD	groundwater	true
GCA_001189165.1	SAMN03737327	Parcubacteria bacterium C7867-005	SC1-ENV-LOCAL-GROUNDWATER	Environment_Local_Scale_SD	groundwater	true
GCA_001189195.1	SAMN03737329	Parcubacteria bacterium C7867-007	SC1-ENV-LOCAL-GROUNDWATER	Environment_Local_Scale_SD	groundwater	true
GCA_001189215.1	SAMN03737330	Parcubacteria bacterium C7867-008	SC1-ENV-LOCAL-GROUNDWATER	Environment_Local_Scale_SD	groundwater	true
GCA_001189895.1	SAMN02754402	Comamonas testosteroni I2	SC1-ENV-BROAD-WASTEWATER	Environment_Local_Scale_SD	activated sludge	true
GCA_001244605.1	SAMEA859918	Yersinia kristensenii	SC1-HHS-DISEASED-PATIENT-HEALTH	Host_Health_State_SD	diseased/patient	true
GCA_001244605.1	SAMEA859918	Yersinia kristensenii	SC1-HHS-DISEASED-PATIENT-HEALTH	Host_Health_State_SD_Detail	diseased/patient	false
GCA_001244605.1	SAMEA859918	Yersinia kristensenii	SC1-HHS-DISEASED-PATIENT-HEALTH	Host_Health_State_SD_Method	dictionary	false
GCA_001269885.1	SAMN03891674	Pseudomonas kilonensis	SC1-ENV-LOCAL-AGRICULTURAL-ENV	Environment_Local_Scale_SD	agricultural environment	true
GCA_001270265.1	SAMN03838273	Ensifer adhaerens	SC1-ENV-BROAD-ENV-SAMPLE	Environment_Broad_Scale_SD	environmental sample	true
GCA_001278035.1	SAMN03031198	Sphingopyxis sp. 113P3	SC1-ENV-BROAD-WASTEWATER	Environment_Local_Scale_SD	activated sludge	true
GCA_001280445.1	SAMN03992869	Pseudomonas nunensis	SC1-ENV-LOCAL-AGRICULTURAL-ENV	Environment_Local_Scale_SD	agricultural environment	true
GCA_001280845.1	SAMN03839969	Bacillus sp. FJAT-28004	SC1-ENV-LOCAL-AGRICULTURAL-ENV	Environment_Local_Scale_SD	agricultural environment	true
GCA_001292705.1	SAMN03840766	Marinagarivorans algicola	SC1-ENV-MEDIUM-MARINE	Environment_Medium_SD	marine	true
GCA_001298265.1	SAMN03921824	Allobosea vaviloviae	SC1-ENV-BROAD-ENV-SAMPLE	Environment_Broad_Scale_SD	environmental sample	true
GCA_001305675.1	SAMN03776117	Gordonia phthalatica	SC1-ENV-BROAD-WASTEWATER	Environment_Local_Scale_SD	activated sludge	true
GCA_001306995.1	SAMN04122840	Xanthomonas sp. Mitacek01	SC1-ENV-BROAD-ENV-SAMPLE	Environment_Broad_Scale_SD	environmental sample	true
GCA_001307295.1	SAMN04044495	Sphingopyxis macrogoltabida	SC1-ENV-BROAD-WASTEWATER	Environment_Local_Scale_SD	activated sludge	true
GCA_001308855.1	SAMN03992868	Pseudomonas nunensis	SC1-ENV-LOCAL-AGRICULTURAL-ENV	Environment_Local_Scale_SD	agricultural environment	true
GCA_001314225.1	SAMN04046238	Microbacterium sp. No. 7	SC1-ENV-BROAD-WASTEWATER	Environment_Local_Scale_SD	activated sludge	true
GCA_001317525.1	SAMN04028667	Bacillus wiedmannii	SC1-ENV-LOCAL-GROUNDWATER	Environment_Local_Scale_SD	groundwater	true
GCA_001317545.1	SAMN04028675	Pseudomonas fluorescens	SC1-ENV-LOCAL-GROUNDWATER	Environment_Local_Scale_SD	groundwater	true
GCA_001319525.1	SAMEA859853	Yersinia frederiksenii	SC1-HHS-DISEASED-PATIENT-HEALTH	Host_Health_State_SD	diseased/patient	true
GCA_001319525.1	SAMEA859853	Yersinia frederiksenii	SC1-HHS-DISEASED-PATIENT-HEALTH	Host_Health_State_SD_Detail	diseased/patient	false
GCA_001319525.1	SAMEA859853	Yersinia frederiksenii	SC1-HHS-DISEASED-PATIENT-HEALTH	Host_Health_State_SD_Method	dictionary	false
GCA_001319745.1	SAMEA859915	Yersinia similis	SC1-HHS-DISEASED-PATIENT-HEALTH	Host_Health_State_SD	diseased/patient	true
GCA_001319745.1	SAMEA859915	Yersinia similis	SC1-HHS-DISEASED-PATIENT-HEALTH	Host_Health_State_SD_Detail	diseased/patient	false
GCA_001319745.1	SAMEA859915	Yersinia similis	SC1-HHS-DISEASED-PATIENT-HEALTH	Host_Health_State_SD_Method	dictionary	false
GCA_001319885.1	SAMEA859934	Yersinia pseudotuberculosis	SC1-HHS-DISEASED-PATIENT-HEALTH	Host_Health_State_SD	diseased/patient	true
GCA_001319885.1	SAMEA859934	Yersinia pseudotuberculosis	SC1-HHS-DISEASED-PATIENT-HEALTH	Host_Health_State_SD_Detail	diseased/patient	false
GCA_001319885.1	SAMEA859934	Yersinia pseudotuberculosis	SC1-HHS-DISEASED-PATIENT-HEALTH	Host_Health_State_SD_Method	dictionary	false
GCA_001372235.1	SAMEA3354378	Mycobacterium tuberculosis	SC1-ENV-BROAD-ENV-SAMPLE	Environment_Broad_Scale_SD	environmental sample	true
GCA_001375575.1	SAMEA3354377	Mycobacterium tuberculosis	SC1-ENV-BROAD-ENV-SAMPLE	Environment_Broad_Scale_SD	environmental sample	true
GCA_001399705.1	SAMN03274861	Kouleothrix aurantiaca	SC1-ENV-BROAD-WASTEWATER	Environment_Local_Scale_SD	activated sludge	true
GCA_001399975.1	SAMN04026656	Pseudoalteromonas sp. P1-9	SC1-ENV-MEDIUM-MARINE	Environment_Medium_SD	marine	true
GCA_001399985.1	SAMN04026652	Pseudoalteromonas sp. P1-8	SC1-ENV-MEDIUM-MARINE	Environment_Medium_SD	marine	true
GCA_001399995.1	SAMN04026658	Pseudoalteromonas sp. P1-11	SC1-ENV-MEDIUM-MARINE	Environment_Medium_SD	marine	true
GCA_001400005.1	SAMN04027325	Pseudoalteromonas sp. P1-30	SC1-ENV-MEDIUM-MARINE	Environment_Medium_SD	marine	true
GCA_001400055.1	SAMN04100212	Enterococcus faecalis	SC1-ENV-MEDIUM-MARINE	Environment_Medium_SD	marine	true
GCA_001400065.1	SAMN04100217	Enterococcus faecalis	SC1-ENV-MEDIUM-MARINE	Environment_Medium_SD	marine	true
GCA_001401775.1	SAMN04043846	Shewanella sp. P1-14-1	SC1-ENV-MEDIUM-MARINE	Environment_Medium_SD	marine	true
GCA_001401785.1	SAMN04026660	Pseudoalteromonas sp. P1-16-1b	SC1-ENV-MEDIUM-MARINE	Environment_Medium_SD	marine	true
GCA_001401795.1	SAMN04027294	Pseudoalteromonas sp. P1-26	SC1-ENV-MEDIUM-MARINE	Environment_Medium_SD	marine	true
GCA_001401805.1	SAMN04026661	Pseudoalteromonas sp. P1-25	SC1-ENV-MEDIUM-MARINE	Environment_Medium_SD	marine	true
GCA_001401875.1	SAMN04026659	Pseudoalteromonas sp. P1-13-1a	SC1-ENV-MEDIUM-MARINE	Environment_Medium_SD	marine	true
GCA_001406955.1	SAMEA3556567	Campylobacter jejuni	SC1-ENV-BROAD-ENV-SAMPLE	Environment_Broad_Scale_SD	environmental sample	true
GCA_001407315.1	SAMEA3556566	Campylobacter jejuni	SC1-ENV-BROAD-ENV-SAMPLE	Environment_Broad_Scale_SD	environmental sample	true
GCA_001407555.1	SAMEA3556568	Campylobacter jejuni	SC1-ENV-BROAD-ENV-SAMPLE	Environment_Broad_Scale_SD	environmental sample	true
GCA_001407715.1	SAMEA3556565	Campylobacter jejuni	SC1-ENV-BROAD-ENV-SAMPLE	Environment_Broad_Scale_SD	environmental sample	true
GCA_001411535.1	SAMN03921825	Acidovorax sp. SD340	SC1-ENV-BROAD-ENV-SAMPLE	Environment_Broad_Scale_SD	environmental sample	true
GCA_001418015.1	SAMN04002510	Lacinutrix mariniflava	SC1-ENV-MEDIUM-MARINE	Environment_Medium_SD	marine	true
GCA_001418085.1	SAMN04002512	Lacinutrix algicola	SC1-ENV-MEDIUM-MARINE	Environment_Medium_SD	marine	true
GCA_001430825.1	SAMN03272543	Sediminicola sp. YIK13	SC1-ENV-BROAD-ENV-SAMPLE	Environment_Broad_Scale_SD	environmental sample	true
GCA_001431385.2	SAMN04122660	Salmonella enterica subsp. enterica serovar Sarajane	SC1-ENV-BROAD-ENV-SAMPLE	Environment_Broad_Scale_SD	environmental sample	true
GCA_001439635.1	SAMN04202599	Solibacillus cecembensis	SC1-ENV-MEDIUM-GLACIER	Environment_Medium_SD	glacier	true
GCA_001456025.1	SAMN04221293	Mastigocoleus testarum BC008	SC1-ENV-MEDIUM-MARINE	Environment_Medium_SD	marine	true
GCA_001461765.1	SAMN04301586	Sinorhizobium sp. GW3	SC1-ENV-LOCAL-GROUNDWATER	Environment_Local_Scale_SD	groundwater	true
GCA_001466665.1	SAMN03068710	Dehalogenimonas alkenigignens	SC1-ENV-LOCAL-GROUNDWATER	Environment_Local_Scale_SD	groundwater	true
GCA_001468845.1	SAMN03614206	candidate division TM6 bacterium SOIL82	SC1-ENV-LOCAL-AGRICULTURAL-ENV	Environment_Local_Scale_SD	agricultural environment	true
GCA_001468865.1	SAMN03614205	candidate division TM6 bacterium SOIL31	SC1-ENV-LOCAL-AGRICULTURAL-ENV	Environment_Local_Scale_SD	agricultural environment	true
GCA_001469455.2	SAMN04158509	Streptomyces sp. AVP053U2	SC1-ENV-MEDIUM-MARINE	Environment_Medium_SD	marine	true
GCA_001471455.2	SAMN03996319	Vibrio cholerae	SC1-ENV-BROAD-ENV-SAMPLE	Environment_Broad_Scale_SD	environmental sample	true
GCA_001481455.1	SAMN04126913	Cupriavidus necator	SC1-ENV-BROAD-ENV-SAMPLE	Environment_Broad_Scale_SD	environmental sample	true
GCA_001483135.1	SAMN04246309	Solirubrum puertoriconensis	SC1-ENV-BROAD-ENV-SAMPLE	Environment_Broad_Scale_SD	environmental sample	true
GCA_001485005.1	SAMD00019871	Acinetobacter baylyi	SC1-ENV-BROAD-WASTEWATER	Environment_Local_Scale_SD	activated sludge	true
GCA_001485025.1	SAMD00019873	Acinetobacter bouvetii	SC1-ENV-BROAD-WASTEWATER	Environment_Local_Scale_SD	activated sludge	true
GCA_001487305.1	SAMEA3683438	Campylobacter coli	SC1-ENV-BROAD-ENV-SAMPLE	Environment_Broad_Scale_SD	environmental sample	true
GCA_001487365.1	SAMEA3683000	Campylobacter coli	SC1-ENV-BROAD-ENV-SAMPLE	Environment_Broad_Scale_SD	environmental sample	true
GCA_001487515.1	SAMEA3683497	Campylobacter coli	SC1-ENV-BROAD-ENV-SAMPLE	Environment_Broad_Scale_SD	environmental sample	true
GCA_001487595.1	SAMEA3683401	Campylobacter coli	SC1-ENV-BROAD-ENV-SAMPLE	Environment_Broad_Scale_SD	environmental sample	true
GCA_001487955.1	SAMEA3683223	Campylobacter coli	SC1-ENV-BROAD-ENV-SAMPLE	Environment_Broad_Scale_SD	environmental sample	true
GCA_001488075.1	SAMEA3683414	Campylobacter coli	SC1-ENV-BROAD-ENV-SAMPLE	Environment_Broad_Scale_SD	environmental sample	true
GCA_001488295.1	SAMEA3683216	Campylobacter coli	SC1-ENV-BROAD-ENV-SAMPLE	Environment_Broad_Scale_SD	environmental sample	true
GCA_001488335.1	SAMEA3683346	Campylobacter coli	SC1-ENV-BROAD-ENV-SAMPLE	Environment_Broad_Scale_SD	environmental sample	true
GCA_001488375.1	SAMEA3683326	Campylobacter coli	SC1-ENV-BROAD-ENV-SAMPLE	Environment_Broad_Scale_SD	environmental sample	true
GCA_001488495.1	SAMEA3683456	Campylobacter coli	SC1-ENV-BROAD-ENV-SAMPLE	Environment_Broad_Scale_SD	environmental sample	true
GCA_001488695.1	SAMEA3683421	Campylobacter coli	SC1-ENV-BROAD-ENV-SAMPLE	Environment_Broad_Scale_SD	environmental sample	true
GCA_001488875.1	SAMEA3683328	Campylobacter coli	SC1-ENV-BROAD-ENV-SAMPLE	Environment_Broad_Scale_SD	environmental sample	true
GCA_001488895.1	SAMEA3683224	Campylobacter coli	SC1-ENV-BROAD-ENV-SAMPLE	Environment_Broad_Scale_SD	environmental sample	true
GCA_001488915.1	SAMEA3683245	Campylobacter coli	SC1-ENV-BROAD-ENV-SAMPLE	Environment_Broad_Scale_SD	environmental sample	true
GCA_001489015.1	SAMEA3683227	Campylobacter coli	SC1-ENV-BROAD-ENV-SAMPLE	Environment_Broad_Scale_SD	environmental sample	true
GCA_001489055.1	SAMEA3683369	Campylobacter coli	SC1-ENV-BROAD-ENV-SAMPLE	Environment_Broad_Scale_SD	environmental sample	true
GCA_001489555.1	SAMEA3683342	Campylobacter coli	SC1-ENV-BROAD-ENV-SAMPLE	Environment_Broad_Scale_SD	environmental sample	true
GCA_001489575.1	SAMEA3683323	Campylobacter coli	SC1-ENV-BROAD-ENV-SAMPLE	Environment_Broad_Scale_SD	environmental sample	true
GCA_001489835.1	SAMEA3683403	Campylobacter coli	SC1-ENV-BROAD-ENV-SAMPLE	Environment_Broad_Scale_SD	environmental sample	true
GCA_001489995.1	SAMEA3683446	Campylobacter coli	SC1-ENV-BROAD-ENV-SAMPLE	Environment_Broad_Scale_SD	environmental sample	true
GCA_001490435.1	SAMEA3683478	Campylobacter coli	SC1-ENV-BROAD-ENV-SAMPLE	Environment_Broad_Scale_SD	environmental sample	true
GCA_001490535.1	SAMEA3683500	Campylobacter coli	SC1-ENV-BROAD-ENV-SAMPLE	Environment_Broad_Scale_SD	environmental sample	true
GCA_001490715.1	SAMEA3683354	Campylobacter coli	SC1-ENV-BROAD-ENV-SAMPLE	Environment_Broad_Scale_SD	environmental sample	true
GCA_001490995.1	SAMEA3683466	Campylobacter coli	SC1-ENV-BROAD-ENV-SAMPLE	Environment_Broad_Scale_SD	environmental sample	true
GCA_001491035.1	SAMEA3683217	Campylobacter coli	SC1-ENV-BROAD-ENV-SAMPLE	Environment_Broad_Scale_SD	environmental sample	true
GCA_001491235.1	SAMEA3683215	Campylobacter coli	SC1-ENV-BROAD-ENV-SAMPLE	Environment_Broad_Scale_SD	environmental sample	true
GCA_001491375.1	SAMEA3683491	Campylobacter coli	SC1-ENV-BROAD-ENV-SAMPLE	Environment_Broad_Scale_SD	environmental sample	true
GCA_001491515.1	SAMEA3682999	Campylobacter coli	SC1-ENV-BROAD-ENV-SAMPLE	Environment_Broad_Scale_SD	environmental sample	true
GCA_001491555.1	SAMEA3683418	Campylobacter coli	SC1-ENV-BROAD-ENV-SAMPLE	Environment_Broad_Scale_SD	environmental sample	true
GCA_001492075.1	SAMEA3683341	Campylobacter coli	SC1-ENV-BROAD-ENV-SAMPLE	Environment_Broad_Scale_SD	environmental sample	true
GCA_001492135.1	SAMEA3683416	Campylobacter coli	SC1-ENV-BROAD-ENV-SAMPLE	Environment_Broad_Scale_SD	environmental sample	true
GCA_001492275.1	SAMEA3683411	Campylobacter coli	SC1-ENV-BROAD-ENV-SAMPLE	Environment_Broad_Scale_SD	environmental sample	true
GCA_001492295.1	SAMEA3683221	Campylobacter coli	SC1-ENV-BROAD-ENV-SAMPLE	Environment_Broad_Scale_SD	environmental sample	true
GCA_001492355.1	SAMEA3683400	Campylobacter coli	SC1-ENV-BROAD-ENV-SAMPLE	Environment_Broad_Scale_SD	environmental sample	true
GCA_001492375.1	SAMEA3683469	Campylobacter coli	SC1-ENV-BROAD-ENV-SAMPLE	Environment_Broad_Scale_SD	environmental sample	true
GCA_001492895.1	SAMEA3683222	Campylobacter coli	SC1-ENV-BROAD-ENV-SAMPLE	Environment_Broad_Scale_SD	environmental sample	true
GCA_001493275.1	SAMEA3683465	Campylobacter coli	SC1-ENV-BROAD-ENV-SAMPLE	Environment_Broad_Scale_SD	environmental sample	true
GCA_001493475.1	SAMEA3683433	Campylobacter coli	SC1-ENV-BROAD-ENV-SAMPLE	Environment_Broad_Scale_SD	environmental sample	true
GCA_001493735.1	SAMEA3683030	Campylobacter coli	SC1-ENV-BROAD-ENV-SAMPLE	Environment_Broad_Scale_SD	environmental sample	true
GCA_001493835.1	SAMEA3683347	Campylobacter coli	SC1-ENV-BROAD-ENV-SAMPLE	Environment_Broad_Scale_SD	environmental sample	true
GCA_001493855.1	SAMEA3683340	Campylobacter coli	SC1-ENV-BROAD-ENV-SAMPLE	Environment_Broad_Scale_SD	environmental sample	true
GCA_001494035.1	SAMEA3683406	Campylobacter coli	SC1-ENV-BROAD-ENV-SAMPLE	Environment_Broad_Scale_SD	environmental sample	true
GCA_001494055.1	SAMEA3683230	Campylobacter coli	SC1-ENV-BROAD-ENV-SAMPLE	Environment_Broad_Scale_SD	environmental sample	true
GCA_001494095.1	SAMEA3683291	Campylobacter coli	SC1-ENV-BROAD-ENV-SAMPLE	Environment_Broad_Scale_SD	environmental sample	true
GCA_001494695.1	SAMEA3683063	Campylobacter coli	SC1-ENV-BROAD-ENV-SAMPLE	Environment_Broad_Scale_SD	environmental sample	true
GCA_001494755.1	SAMEA3683338	Campylobacter coli	SC1-ENV-BROAD-ENV-SAMPLE	Environment_Broad_Scale_SD	environmental sample	true
GCA_001494795.1	SAMEA3683472	Campylobacter coli	SC1-ENV-BROAD-ENV-SAMPLE	Environment_Broad_Scale_SD	environmental sample	true
GCA_001494855.1	SAMEA3683229	Campylobacter coli	SC1-ENV-BROAD-ENV-SAMPLE	Environment_Broad_Scale_SD	environmental sample	true
GCA_001495035.1	SAMEA3683450	Campylobacter coli	SC1-ENV-BROAD-ENV-SAMPLE	Environment_Broad_Scale_SD	environmental sample	true
GCA_001495115.1	SAMEA3683332	Campylobacter coli	SC1-ENV-BROAD-ENV-SAMPLE	Environment_Broad_Scale_SD	environmental sample	true
GCA_001495175.1	SAMEA3683228	Campylobacter coli	SC1-ENV-BROAD-ENV-SAMPLE	Environment_Broad_Scale_SD	environmental sample	true
GCA_001495275.1	SAMEA3683055	Campylobacter coli	SC1-ENV-BROAD-ENV-SAMPLE	Environment_Broad_Scale_SD	environmental sample	true
GCA_001495535.1	SAMEA3683413	Campylobacter coli	SC1-ENV-BROAD-ENV-SAMPLE	Environment_Broad_Scale_SD	environmental sample	true
GCA_001495955.1	SAMEA3683327	Campylobacter coli	SC1-ENV-BROAD-ENV-SAMPLE	Environment_Broad_Scale_SD	environmental sample	true
GCA_001496555.1	SAMEA3683254	Campylobacter coli	SC1-ENV-BROAD-ENV-SAMPLE	Environment_Broad_Scale_SD	environmental sample	true
GCA_001496855.1	SAMEA3683348	Campylobacter coli	SC1-ENV-BROAD-ENV-SAMPLE	Environment_Broad_Scale_SD	environmental sample	true
GCA_001497095.1	SAMEA3683443	Campylobacter coli	SC1-ENV-BROAD-ENV-SAMPLE	Environment_Broad_Scale_SD	environmental sample	true
GCA_001497115.1	SAMEA3683299	Campylobacter coli	SC1-ENV-BROAD-ENV-SAMPLE	Environment_Broad_Scale_SD	environmental sample	true
GCA_001497155.1	SAMEA3683407	Campylobacter coli	SC1-ENV-BROAD-ENV-SAMPLE	Environment_Broad_Scale_SD	environmental sample	true
GCA_001497195.1	SAMEA3683333	Campylobacter coli	SC1-ENV-BROAD-ENV-SAMPLE	Environment_Broad_Scale_SD	environmental sample	true
GCA_001497295.1	SAMEA3683448	Campylobacter coli	SC1-ENV-BROAD-ENV-SAMPLE	Environment_Broad_Scale_SD	environmental sample	true
GCA_001497335.1	SAMEA3683402	Campylobacter coli	SC1-ENV-BROAD-ENV-SAMPLE	Environment_Broad_Scale_SD	environmental sample	true
GCA_001497695.1	SAMEA3683495	Campylobacter coli	SC1-ENV-BROAD-ENV-SAMPLE	Environment_Broad_Scale_SD	environmental sample	true
GCA_001497895.1	SAMEA3683064	Campylobacter coli	SC1-ENV-BROAD-ENV-SAMPLE	Environment_Broad_Scale_SD	environmental sample	true
GCA_001497935.1	SAMEA3683496	Campylobacter coli	SC1-ENV-BROAD-ENV-SAMPLE	Environment_Broad_Scale_SD	environmental sample	true
GCA_001498375.1	SAMEA3683424	Campylobacter coli	SC1-ENV-BROAD-ENV-SAMPLE	Environment_Broad_Scale_SD	environmental sample	true
GCA_001498475.1	SAMEA3683361	Campylobacter coli	SC1-ENV-BROAD-ENV-SAMPLE	Environment_Broad_Scale_SD	environmental sample	true
GCA_001498515.1	SAMEA3683432	Campylobacter coli	SC1-ENV-BROAD-ENV-SAMPLE	Environment_Broad_Scale_SD	environmental sample	true
GCA_001498655.1	SAMEA3683445	Campylobacter coli	SC1-ENV-BROAD-ENV-SAMPLE	Environment_Broad_Scale_SD	environmental sample	true
GCA_001498675.1	SAMEA3683211	Campylobacter coli	SC1-ENV-BROAD-ENV-SAMPLE	Environment_Broad_Scale_SD	environmental sample	true
GCA_001498955.1	SAMEA3683213	Campylobacter coli	SC1-ENV-BROAD-ENV-SAMPLE	Environment_Broad_Scale_SD	environmental sample	true
GCA_001498975.1	SAMEA3683218	Campylobacter jejuni	SC1-ENV-BROAD-ENV-SAMPLE	Environment_Broad_Scale_SD	environmental sample	true
GCA_001498995.1	SAMEA3683212	Campylobacter coli	SC1-ENV-BROAD-ENV-SAMPLE	Environment_Broad_Scale_SD	environmental sample	true
GCA_001499035.1	SAMEA3683027	Campylobacter coli	SC1-ENV-BROAD-ENV-SAMPLE	Environment_Broad_Scale_SD	environmental sample	true
GCA_001499115.1	SAMEA3683214	Campylobacter coli	SC1-ENV-BROAD-ENV-SAMPLE	Environment_Broad_Scale_SD	environmental sample	true
GCA_001499255.1	SAMEA3683220	Campylobacter coli	SC1-ENV-BROAD-ENV-SAMPLE	Environment_Broad_Scale_SD	environmental sample	true
GCA_001499315.1	SAMEA3683427	Campylobacter coli	SC1-ENV-BROAD-ENV-SAMPLE	Environment_Broad_Scale_SD	environmental sample	true
GCA_001499375.1	SAMEA3683080	Campylobacter coli	SC1-ENV-BROAD-ENV-SAMPLE	Environment_Broad_Scale_SD	environmental sample	true
GCA_001499455.1	SAMEA3683485	Campylobacter coli	SC1-ENV-BROAD-ENV-SAMPLE	Environment_Broad_Scale_SD	environmental sample	true
GCA_001510785.1	SAMN04386425	Mycolicibacterium neoaurum	SC1-ENV-BROAD-ENV-SAMPLE	Environment_Broad_Scale_SD	environmental sample	true
GCA_001514305.1	SAMN04193357	Streptomyces dysideae	SC1-ENV-MEDIUM-MARINE	Environment_Medium_SD	marine	true
GCA_001527445.1	SAMN03449318	Burkholderia vietnamiensis	SC1-ENV-BROAD-ENV-SAMPLE	Environment_Broad_Scale_SD	environmental sample	true
GCA_001529305.1	SAMN04166965	Pseudomonas sp. TAD18	SC1-ENV-MEDIUM-MARINE	Environment_Medium_SD	marine	true
GCA_001535015.1	SAMN02261187	Salmonella enterica subsp. enterica serovar Tennessee	SC1-ENV-BROAD-ENV-SAMPLE	Environment_Broad_Scale_SD	environmental sample	true
GCA_001535305.1	SAMN02261217	Salmonella enterica subsp. enterica serovar Tennessee	SC1-ENV-BROAD-ENV-SAMPLE	Environment_Broad_Scale_SD	environmental sample	true
GCA_001541435.1	SAMN04252995	Achromobacter xylosoxidans	SC1-ENV-LOCAL-AGRICULTURAL-ENV	Environment_Local_Scale_SD	agricultural environment	true
GCA_001541445.1	SAMN04252993	Burkholderia cenocepacia	SC1-ENV-LOCAL-AGRICULTURAL-ENV	Environment_Local_Scale_SD	agricultural environment	true
GCA_001542675.2	SAMN04395032	Escherichia coli	SC1-ENV-BROAD-ENV-SAMPLE	Environment_Broad_Scale_SD	environmental sample	true
GCA_001543055.1	SAMN04445753	Pantoea ananatis	SC1-ENV-BROAD-ENV-SAMPLE	Environment_Broad_Scale_SD	environmental sample	true
GCA_001543325.1	SAMN04299808	Lutibacter profundi	SC1-ENV-MEDIUM-MARINE	Environment_Medium_SD	marine	true
GCA_001547935.1	SAMD00019582	Vibrio tritonius	SC1-ENV-MEDIUM-MARINE	Environment_Medium_SD	marine	true
GCA_001558695.1	SAMN04280999	Paramesorhizobium deserti	SC1-ENV-BROAD-ENV-SAMPLE	Environment_Broad_Scale_SD	environmental sample	true
GCA_001558705.1	SAMN04296795	Bacillus amyloliquefaciens	SC1-ENV-MEDIUM-MARINE	Environment_Medium_SD	marine	true
GCA_001559595.1	SAMN04296881	Enterovibrio coralii	SC1-ENV-MEDIUM-MARINE	Environment_Medium_SD	marine	true
GCA_001561915.1	SAMN04479994	Tepidibacillus decaturensis	SC1-ENV-LOCAL-GROUNDWATER	Environment_Local_Scale_SD	groundwater	true
GCA_001562555.1	SAMN04299201	Agrobacterium bohemicum	SC1-ENV-BROAD-ENV-SAMPLE	Environment_Broad_Scale_SD	environmental sample	true
GCA_001563715.2	SAMN03996336	Escherichia coli	SC1-ENV-BROAD-ENV-SAMPLE	Environment_Broad_Scale_SD	environmental sample	true
GCA_001563765.1	SAMN04262200	Photobacterium sanguinicancri	SC1-ENV-MEDIUM-MARINE	Environment_Medium_SD	marine	true
GCA_001565895.1	SAMN04487161	Paraglaciecola hydrolytica	SC1-ENV-BROAD-ENV-SAMPLE	Environment_Broad_Scale_SD	environmental sample	true
GCA_001575195.1	SAMN04457858	Tsukamurella pseudospumae	SC1-ENV-BROAD-WASTEWATER	Environment_Local_Scale_SD	activated sludge	true
GCA_001575205.1	SAMN04457859	Tsukamurella pseudospumae	SC1-ENV-BROAD-WASTEWATER	Environment_Local_Scale_SD	activated sludge	true
GCA_001578675.1	SAMN02464606	Gordonia sp. QH-12	SC1-ENV-BROAD-WASTEWATER	Environment_Local_Scale_SD	activated sludge	true
GCA_001586395.2	SAMN04375932	Sphingomonas melonis TY	SC1-ENV-BROAD-ENV-SAMPLE	Environment_Broad_Scale_SD	environmental sample	true
GCA_001592965.1	SAMN04423155	Roseivirga spongicola	SC1-ENV-MEDIUM-MARINE	Environment_Medium_SD	marine	true
GCA_001593695.1	SAMN04545891	Leisingera sp. F5	SC1-ENV-MEDIUM-MARINE	Environment_Medium_SD	marine	true
GCA_001600895.1	SAMN04329975	Legionella pneumophila	SC1-ENV-BROAD-ENV-SAMPLE	Environment_Broad_Scale_SD	environmental sample	true
GCA_001600905.1	SAMN04329983	Legionella pneumophila subsp. raphaeli	SC1-ENV-BROAD-ENV-SAMPLE	Environment_Broad_Scale_SD	environmental sample	true
GCA_001600915.1	SAMN04329978	Legionella pneumophila	SC1-ENV-BROAD-ENV-SAMPLE	Environment_Broad_Scale_SD	environmental sample	true
GCA_001600995.1	SAMN04329985	Legionella pneumophila	SC1-ENV-BROAD-ENV-SAMPLE	Environment_Broad_Scale_SD	environmental sample	true
GCA_001601055.1	SAMN04329976	Legionella pneumophila	SC1-ENV-BROAD-ENV-SAMPLE	Environment_Broad_Scale_SD	environmental sample	true
GCA_001601075.1	SAMN04329986	Legionella pneumophila	SC1-ENV-BROAD-ENV-SAMPLE	Environment_Broad_Scale_SD	environmental sample	true
GCA_001601085.1	SAMN04329979	Legionella pneumophila	SC1-ENV-BROAD-ENV-SAMPLE	Environment_Broad_Scale_SD	environmental sample	true
GCA_001601135.1	SAMN04329981	Legionella pneumophila	SC1-ENV-BROAD-ENV-SAMPLE	Environment_Broad_Scale_SD	environmental sample	true
GCA_001601155.1	SAMN04329988	Legionella pneumophila	SC1-ENV-BROAD-ENV-SAMPLE	Environment_Broad_Scale_SD	environmental sample	true
GCA_001601165.1	SAMN04329960	Legionella pneumophila	SC1-ENV-BROAD-ENV-SAMPLE	Environment_Broad_Scale_SD	environmental sample	true
GCA_001601215.1	SAMN04329962	Legionella pneumophila	SC1-ENV-BROAD-ENV-SAMPLE	Environment_Broad_Scale_SD	environmental sample	true
GCA_001601235.1	SAMN04329963	Legionella pneumophila	SC1-ENV-BROAD-ENV-SAMPLE	Environment_Broad_Scale_SD	environmental sample	true
GCA_001601325.1	SAMN04329964	Legionella pneumophila	SC1-ENV-BROAD-ENV-SAMPLE	Environment_Broad_Scale_SD	environmental sample	true
GCA_001601415.1	SAMN04329973	Legionella pneumophila	SC1-ENV-BROAD-ENV-SAMPLE	Environment_Broad_Scale_SD	environmental sample	true
GCA_001601425.1	SAMN04329971	Legionella pneumophila	SC1-ENV-BROAD-ENV-SAMPLE	Environment_Broad_Scale_SD	environmental sample	true
GCA_001601535.1	SAMN04329967	Legionella pneumophila	SC1-ENV-BROAD-ENV-SAMPLE	Environment_Broad_Scale_SD	environmental sample	true
GCA_001610995.1	SAMN04288116	Sphingopyxis macrogoltabida	SC1-ENV-BROAD-WASTEWATER	Environment_Local_Scale_SD	activated sludge	true
GCA_001617625.1	SAMN04556710	Microbulbifer thermotolerans	SC1-ENV-MEDIUM-MARINE	Environment_Medium_SD	marine	true
GCA_001620405.1	SAMN02344790	Salmonella enterica subsp. enterica serovar Tennessee	SC1-ENV-BROAD-ENV-SAMPLE	Environment_Broad_Scale_SD	environmental sample	true
GCA_001622915.1	SAMN04589916	Delftia sp. GW456-R20	SC1-ENV-LOCAL-GROUNDWATER	Environment_Local_Scale_SD	groundwater	true
GCA_001623065.1	SAMN04147121	Pseudovibrio sp. Ad46	SC1-ENV-MEDIUM-MARINE	Environment_Medium_SD	marine	true
GCA_001623075.1	SAMN04147120	Pseudovibrio sp. Ad37	SC1-ENV-MEDIUM-MARINE	Environment_Medium_SD	marine	true
GCA_001623085.1	SAMN04147124	Pseudovibrio sp. W74	SC1-ENV-MEDIUM-MARINE	Environment_Medium_SD	marine	true
GCA_001623095.1	SAMN04147122	Pseudovibrio sp. Ad5	SC1-ENV-MEDIUM-MARINE	Environment_Medium_SD	marine	true
GCA_001623145.1	SAMN04147123	Pseudovibrio sp. W64	SC1-ENV-MEDIUM-MARINE	Environment_Medium_SD	marine	true
GCA_001623165.1	SAMN04147125	Pseudovibrio sp. WM33	SC1-ENV-MEDIUM-MARINE	Environment_Medium_SD	marine	true
GCA_001623225.1	SAMN04147117	Pseudovibrio sp. Ad13	SC1-ENV-MEDIUM-MARINE	Environment_Medium_SD	marine	true
GCA_001623245.1	SAMN04147118	Pseudovibrio sp. Ad14	SC1-ENV-MEDIUM-MARINE	Environment_Medium_SD	marine	true
GCA_001623255.1	SAMN04147116	Pseudovibrio axinellae	SC1-ENV-MEDIUM-MARINE	Environment_Medium_SD	marine	true
GCA_001623285.1	SAMN04147119	Pseudovibrio sp. Ad26	SC1-ENV-MEDIUM-MARINE	Environment_Medium_SD	marine	true
GCA_001625455.1	SAMN04547022	Pseudomonas fluorescens	SC1-ENV-LOCAL-GROUNDWATER	Environment_Local_Scale_SD	groundwater	true
GCA_001626115.1	SAMN04534564	Alteromonas macleodii	SC1-ENV-MEDIUM-MARINE	Environment_Medium_SD	marine	true
GCA_001626145.1	SAMN04534555	Aeromicrobium sp. REDSEA-S32_B7	SC1-ENV-MEDIUM-MARINE	Environment_Medium_SD	marine	true
GCA_001626245.1	SAMN04534556	Aeromicrobium sp. REDSEA-S35_B1	SC1-ENV-MEDIUM-MARINE	Environment_Medium_SD	marine	true
GCA_001626275.1	SAMN04534560	Alteromonas macleodii	SC1-ENV-MEDIUM-MARINE	Environment_Medium_SD	marine	true
GCA_001626295.1	SAMN04534559	Aeromicrobium sp. REDSEA-S44_B1	SC1-ENV-MEDIUM-MARINE	Environment_Medium_SD	marine	true
GCA_001626315.1	SAMN04534563	Alteromonas macleodii	SC1-ENV-MEDIUM-MARINE	Environment_Medium_SD	marine	true
GCA_001626335.1	SAMN04534562	Alteromonas macleodii	SC1-ENV-MEDIUM-MARINE	Environment_Medium_SD	marine	true
GCA_001626355.1	SAMN04534561	Alteromonas macleodii	SC1-ENV-MEDIUM-MARINE	Environment_Medium_SD	marine	true
GCA_001626365.1	SAMN04534569	Erythrobacter sp. REDSEA-S37_B3	SC1-ENV-MEDIUM-MARINE	Environment_Medium_SD	marine	true
GCA_001626395.1	SAMN04534570	Erythrobacter sp. REDSEA-S40_B1	SC1-ENV-MEDIUM-MARINE	Environment_Medium_SD	marine	true
GCA_001626415.1	SAMN04534566	Erythrobacter sp. REDSEA-S28_B2	SC1-ENV-MEDIUM-MARINE	Environment_Medium_SD	marine	true
GCA_001626435.1	SAMN04534567	Erythrobacter sp. REDSEA-S34_B3	SC1-ENV-MEDIUM-MARINE	Environment_Medium_SD	marine	true
GCA_001626455.1	SAMN04534568	Erythrobacter sp. REDSEA-S36_B6	SC1-ENV-MEDIUM-MARINE	Environment_Medium_SD	marine	true
GCA_001626465.1	SAMN04534565	Erythrobacter sp. REDSEA-S22_B4	SC1-ENV-MEDIUM-MARINE	Environment_Medium_SD	marine	true
GCA_001626495.1	SAMN04534571	Erythrobacter sp. REDSEA-S41_B1	SC1-ENV-MEDIUM-MARINE	Environment_Medium_SD	marine	true
GCA_001626515.1	SAMN04534573	Erythrobacter sp. REDSEA-S43_B2	SC1-ENV-MEDIUM-MARINE	Environment_Medium_SD	marine	true
GCA_001626525.1	SAMN04534576	Idiomarina sp. REDSEA-S27_B4	SC1-ENV-MEDIUM-MARINE	Environment_Medium_SD	marine	true
GCA_001626545.1	SAMN04534572	Erythrobacter sp. REDSEA-S42_B5	SC1-ENV-MEDIUM-MARINE	Environment_Medium_SD	marine	true
GCA_001626595.1	SAMN04534574	Erythrobacter sp. REDSEA-S45_B7	SC1-ENV-MEDIUM-MARINE	Environment_Medium_SD	marine	true
GCA_001626605.1	SAMN04534575	Idiomarina sp. REDSEA-S21_B4	SC1-ENV-MEDIUM-MARINE	Environment_Medium_SD	marine	true
GCA_001626765.1	SAMN04534590	Maritimibacter sp. REDSEA-S28_B5	SC1-ENV-MEDIUM-MARINE	Environment_Medium_SD	marine	true
GCA_001626795.1	SAMN04534588	Marinobacter sp. REDSEA-S27_B10	SC1-ENV-MEDIUM-MARINE	Environment_Medium_SD	marine	true
GCA_001626835.1	SAMN04534586	Marinobacter sp. REDSEA-S15_B16	SC1-ENV-MEDIUM-MARINE	Environment_Medium_SD	marine	true
GCA_001626915.1	SAMN04534591	Maritimibacter sp. REDSEA-S40_B3	SC1-ENV-MEDIUM-MARINE	Environment_Medium_SD	marine	true
GCA_001626955.1	SAMN04534587	Marinobacter sp. REDSEA-S21_B2N3	SC1-ENV-MEDIUM-MARINE	Environment_Medium_SD	marine	true
GCA_001627155.1	SAMN04534608	Nocardioides sp. REDSEA-S25_B9	SC1-ENV-MEDIUM-MARINE	Environment_Medium_SD	marine	true
GCA_001627175.1	SAMN04534611	Nocardioides sp. REDSEA-S31_B4	SC1-ENV-MEDIUM-MARINE	Environment_Medium_SD	marine	true
GCA_001627255.1	SAMN04534607	Nocardioides sp. REDSEA-S22_B2	SC1-ENV-MEDIUM-MARINE	Environment_Medium_SD	marine	true
GCA_001627265.1	SAMN04534610	Nocardioides sp. REDSEA-S30_B4	SC1-ENV-MEDIUM-MARINE	Environment_Medium_SD	marine	true
GCA_001627295.1	SAMN04534609	Nocardioides sp. REDSEA-S28_B4	SC1-ENV-MEDIUM-MARINE	Environment_Medium_SD	marine	true
GCA_001627315.1	SAMN04534617	Nocardioides sp. REDSEA-S40_B4	SC1-ENV-MEDIUM-MARINE	Environment_Medium_SD	marine	true
GCA_001627335.1	SAMN04534612	Nocardioides sp. REDSEA-S33_B3	SC1-ENV-MEDIUM-MARINE	Environment_Medium_SD	marine	true
GCA_001627345.1	SAMN04534613	Nocardioides sp. REDSEA-S34_B5	SC1-ENV-MEDIUM-MARINE	Environment_Medium_SD	marine	true
GCA_001627395.1	SAMN04534618	Nocardioides sp. REDSEA-S43_B3	SC1-ENV-MEDIUM-MARINE	Environment_Medium_SD	marine	true
GCA_001627415.1	SAMN04534614	Nocardioides sp. REDSEA-S36_B10	SC1-ENV-MEDIUM-MARINE	Environment_Medium_SD	marine	true
GCA_001627435.1	SAMN04534622	Prochlorococcus sp. REDSEA-S23_B1	SC1-ENV-MEDIUM-MARINE	Environment_Medium_SD	marine	true
GCA_001627445.1	SAMN04534621	Prochlorococcus sp. REDSEA-S22_B1	SC1-ENV-MEDIUM-MARINE	Environment_Medium_SD	marine	true
GCA_001627475.1	SAMN04534623	Prochlorococcus sp. REDSEA-S28_B1	SC1-ENV-MEDIUM-MARINE	Environment_Medium_SD	marine	true
GCA_001627495.1	SAMN04534615	Nocardioides sp. REDSEA-S37_B12	SC1-ENV-MEDIUM-MARINE	Environment_Medium_SD	marine	true
GCA_001627505.1	SAMN04534616	Nocardioides sp. REDSEA-S39_B2	SC1-ENV-MEDIUM-MARINE	Environment_Medium_SD	marine	true
GCA_001627525.1	SAMN04534620	Prochlorococcus sp. REDSEA-S17_B1	SC1-ENV-MEDIUM-MARINE	Environment_Medium_SD	marine	true
GCA_001628055.1	SAMN04534655	Sphingopyxis sp. REDSEA-S22_B5	SC1-ENV-MEDIUM-MARINE	Environment_Medium_SD	marine	true
GCA_001628085.1	SAMN04534662	Sphingopyxis sp. REDSEA-S40_B6	SC1-ENV-MEDIUM-MARINE	Environment_Medium_SD	marine	true
GCA_001628115.1	SAMN04534659	Sphingopyxis sp. REDSEA-S29_B3	SC1-ENV-MEDIUM-MARINE	Environment_Medium_SD	marine	true
GCA_001628175.1	SAMN04534661	Sphingopyxis sp. REDSEA-S38_B16	SC1-ENV-MEDIUM-MARINE	Environment_Medium_SD	marine	true
GCA_001628235.1	SAMN04534656	Sphingopyxis sp. REDSEA-S23_B6	SC1-ENV-MEDIUM-MARINE	Environment_Medium_SD	marine	true
GCA_001628255.1	SAMN04534657	Sphingopyxis sp. REDSEA-S24_B7	SC1-ENV-MEDIUM-MARINE	Environment_Medium_SD	marine	true
GCA_001628265.1	SAMN04534663	Sphingopyxis sp. REDSEA-S42_B3	SC1-ENV-MEDIUM-MARINE	Environment_Medium_SD	marine	true
GCA_001628295.1	SAMN04534664	Synechococcus sp. REDSEA-S01_B1	SC1-ENV-MEDIUM-MARINE	Environment_Medium_SD	marine	true
GCA_001628315.1	SAMN04534660	Sphingopyxis sp. REDSEA-S34_B10	SC1-ENV-MEDIUM-MARINE	Environment_Medium_SD	marine	true
GCA_001628325.1	SAMN04534665	Synechococcus sp. REDSEA-S02_B4	SC1-ENV-MEDIUM-MARINE	Environment_Medium_SD	marine	true
GCA_001628345.1	SAMN04534667	Candidatus Thioglobus sp. REDSEA-S03_B1	SC1-ENV-MEDIUM-MARINE	Environment_Medium_SD	marine	true
GCA_001628365.1	SAMN04534669	Candidatus Thioglobus sp. REDSEA-S14_B12	SC1-ENV-MEDIUM-MARINE	Environment_Medium_SD	marine	true
GCA_001628405.1	SAMN04534668	Candidatus Thioglobus sp. REDSEA-S12_B1	SC1-ENV-MEDIUM-MARINE	Environment_Medium_SD	marine	true
GCA_001628515.1	SAMN04534558	Aeromicrobium sp. REDSEA-S42_B4	SC1-ENV-MEDIUM-MARINE	Environment_Medium_SD	marine	true
GCA_001628525.1	SAMN04534557	Aeromicrobium sp. REDSEA-S38_B2	SC1-ENV-MEDIUM-MARINE	Environment_Medium_SD	marine	true
GCA_001633105.1	SAMN04545320	Acidovorax sp. GW101-3H11	SC1-ENV-LOCAL-GROUNDWATER	Environment_Local_Scale_SD	groundwater	true
GCA_001633165.1	SAMN04903811	Rhodovulum sulfidophilum DSM 1374	SC1-ENV-MEDIUM-MARINE	Environment_Medium_SD	marine	true
GCA_001636925.1	SAMN04623151	Brevundimonas sp. GW460-12-10-14-LB2	SC1-ENV-LOCAL-GROUNDWATER	Environment_Local_Scale_SD	groundwater	true
GCA_001641685.1	SAMN04417201	Vibrio cholerae	SC1-ENV-BROAD-ENV-SAMPLE	Environment_Broad_Scale_SD	environmental sample	true
GCA_001641705.1	SAMN04417214	Vibrio cholerae	SC1-ENV-BROAD-ENV-SAMPLE	Environment_Broad_Scale_SD	environmental sample	true
GCA_001641755.2	SAMN04419353	Microbulbifer flavimaris	SC1-ENV-MEDIUM-MARINE	Environment_Medium_SD	marine	true
GCA_001643135.1	SAMN04489739	Sphingobium yanoikuyae	SC1-HHS-HEALTHY-CONTROL-HEALTH	Host_Health_State_SD	healthy/control	true
GCA_001643135.1	SAMN04489739	Sphingobium yanoikuyae	SC1-HHS-HEALTHY-CONTROL-HEALTH	Host_Health_State_SD_Detail	healthy/control	false
GCA_001643135.1	SAMN04489739	Sphingobium yanoikuyae	SC1-HHS-HEALTHY-CONTROL-HEALTH	Host_Health_State_SD_Method	context_dictionary	false
GCA_001648155.1	SAMN04524003	Chryseobacterium glaciei	SC1-ENV-MEDIUM-GLACIER	Environment_Medium_SD	glacier	true
GCA_001649445.1	SAMN01816153	Salmonella enterica subsp. enterica serovar Agona str. 400095 22	SC1-ENV-BROAD-ENV-SAMPLE	Environment_Broad_Scale_SD	environmental sample	true
GCA_001649455.1	SAMN01816158	Salmonella enterica subsp. enterica serovar Agona str. 400100 30-11	SC1-ENV-BROAD-ENV-SAMPLE	Environment_Broad_Scale_SD	environmental sample	true
GCA_001652665.1	SAMN04634091	Legionella pneumophila	SC1-ENV-BROAD-ENV-SAMPLE	Environment_Broad_Scale_SD	environmental sample	true
GCA_001652725.1	SAMN04622366	Pedobacter psychrophilus	SC1-ENV-BROAD-ENV-SAMPLE	Environment_Broad_Scale_SD	environmental sample	true
GCA_001652875.1	SAMN04870324	Enterococcus thailandicus	SC1-ENV-LOCAL-AGRICULTURAL-ENV	Environment_Local_Scale_SD	agricultural environment	true
GCA_001653995.1	SAMN01816154	Salmonella enterica subsp. enterica serovar Agona str. 400096 16	SC1-ENV-BROAD-ENV-SAMPLE	Environment_Broad_Scale_SD	environmental sample	true
GCA_001654475.1	SAMN05003865	Bacillus anthracis	SC1-ENV-BROAD-ENV-SAMPLE	Environment_Broad_Scale_SD	environmental sample	true
GCA_001655635.1	SAMN04479200	Photobacterium sp. J15	SC1-ENV-MEDIUM-MARINE	Environment_Medium_SD	marine	true
GCA_001658065.1	SAMN04579987	Staphylococcus aureus	SC1-ENV-BROAD-ENV-SAMPLE	Environment_Broad_Scale_SD	environmental sample	true
GCA_001659885.1	SAMN04632066	Rothia kristinae	SC1-ENV-MEDIUM-MARINE	Environment_Medium_SD	marine	true
GCA_001661075.1	SAMN04566726	Pseudomonas silesiensis	SC1-ENV-BROAD-ENV-SAMPLE	Environment_Broad_Scale_SD	environmental sample	true
GCA_001661595.2	SAMN05172943	Crocinitomix algicola	SC1-ENV-MEDIUM-MARINE	Environment_Medium_SD	marine	true
GCA_001669755.1	SAMN05223263	Pseudomonas sp. EGD-AKN5	SC1-ENV-LOCAL-AGRICULTURAL-ENV	Environment_Local_Scale_SD	agricultural environment	true
GCA_001677115.2	SAMN05199028	Legionella pneumophila	SC1-ENV-BROAD-ENV-SAMPLE	Environment_Broad_Scale_SD	environmental sample	true
GCA_001679925.1	SAMN05178899	Leisingera sp. JC1	SC1-ENV-MEDIUM-MARINE	Environment_Medium_SD	marine	true
GCA_001693735.1	SAMN04623222	Orenia metallireducens	SC1-ENV-LOCAL-GROUNDWATER	Environment_Local_Scale_SD	groundwater	true
GCA_001707455.1	SAMN04932652	Dehalobacter sp. TeCB1	SC1-ENV-LOCAL-GROUNDWATER	Environment_Local_Scale_SD	groundwater	true
GCA_001707685.1	SAMN04990134	Paenibacillus polymyxa	SC1-ENV-LOCAL-AGRICULTURAL-ENV	Environment_Local_Scale_SD	agricultural environment	true
GCA_001707825.1	SAMN05007540	Veronia pacifica	SC1-ENV-MEDIUM-MARINE	Environment_Medium_SD	marine	true
GCA_001707995.1	SAMN05195240	Vibrio parahaemolyticus	SC1-ENV-BROAD-ENV-SAMPLE	Environment_Broad_Scale_SD	environmental sample	true
GCA_001709045.1	SAMN04990135	Bacillus velezensis	SC1-ENV-LOCAL-AGRICULTURAL-ENV	Environment_Local_Scale_SD	agricultural environment	true
GCA_001709055.1	SAMN04990136	Bacillus velezensis	SC1-ENV-LOCAL-AGRICULTURAL-ENV	Environment_Local_Scale_SD	agricultural environment	true
GCA_001709075.1	SAMN04990133	Paenibacillus polymyxa	SC1-ENV-LOCAL-AGRICULTURAL-ENV	Environment_Local_Scale_SD	agricultural environment	true
GCA_001709115.1	SAMN04990132	Bacillus velezensis	SC1-ENV-LOCAL-AGRICULTURAL-ENV	Environment_Local_Scale_SD	agricultural environment	true
GCA_001709135.1	SAMN04990131	Paenibacillus polymyxa	SC1-ENV-LOCAL-AGRICULTURAL-ENV	Environment_Local_Scale_SD	agricultural environment	true
GCA_001709225.1	SAMN05161927	Staphylococcus sp. AOAB	SC1-ENV-MEDIUM-MARINE	Environment_Medium_SD	marine	true
GCA_001712115.1	SAMN05410688	Listeria monocytogenes	SC1-ENV-BROAD-ENV-SAMPLE	Environment_Broad_Scale_SD	environmental sample	true
GCA_001712155.1	SAMN05410684	Listeria monocytogenes	SC1-ENV-BROAD-ENV-SAMPLE	Environment_Broad_Scale_SD	environmental sample	true
GCA_001712205.1	SAMN05410685	Listeria monocytogenes	SC1-ENV-BROAD-ENV-SAMPLE	Environment_Broad_Scale_SD	environmental sample	true
GCA_001715285.2	SAMN04880645	Gammaproteobacteria bacterium 2W06	SC1-ENV-MEDIUM-MARINE	Environment_Medium_SD	marine	true
GCA_001717995.1	SAMN05214263	Ruegeria sp. PBVC088	SC1-ENV-MEDIUM-MARINE	Environment_Medium_SD	marine	true
GCA_001718575.1	SAMN03449255	Burkholderia lata	SC1-ENV-BROAD-ENV-SAMPLE	Environment_Broad_Scale_SD	environmental sample	true
GCA_001718635.1	SAMN04196788	Burkholderia thailandensis	SC1-ENV-BROAD-ENV-SAMPLE	Environment_Broad_Scale_SD	environmental sample	true
GCA_001719165.1	SAMN05601187	Erythrobacter litoralis	SC1-ENV-MEDIUM-MARINE	Environment_Medium_SD	marine	true
GCA_001721245.1	SAMN04572948	Sphingobium yanoikuyae	SC1-ENV-BROAD-WASTEWATER	Environment_Local_Scale_SD	activated sludge	true
GCA_001729305.1	SAMN05213932	Burkholderia sp. A2	SC1-ENV-LOCAL-AGRICULTURAL-ENV	Environment_Local_Scale_SD	agricultural environment	true
GCA_001729315.1	SAMN05213933	Rhizobium sp. YK2	SC1-ENV-LOCAL-AGRICULTURAL-ENV	Environment_Local_Scale_SD	agricultural environment	true
GCA_001729365.1	SAMN05213934	Acinetobacter sp. YK3	SC1-ENV-LOCAL-AGRICULTURAL-ENV	Environment_Local_Scale_SD	agricultural environment	true
GCA_001735615.2	SAMN04329637	Cronobacter sakazakii	SC1-ENV-BROAD-ENV-SAMPLE	Environment_Broad_Scale_SD	environmental sample	true
GCA_001742005.1	SAMN04527044	Arthrobacter sp. D4	SC1-ENV-BROAD-WASTEWATER	Environment_Local_Scale_SD	activated sludge	true
GCA_001742015.1	SAMN04527042	Arthrobacter sp. D2	SC1-ENV-BROAD-WASTEWATER	Environment_Local_Scale_SD	activated sludge	true
GCA_001747425.1	SAMN03295676	Actinoalloteichus hymeniacidonis	SC1-ENV-MEDIUM-MARINE	Environment_Medium_SD	marine	true
GCA_001752345.1	SAMN04126843	Variovorax boronicumulans	SC1-ENV-BROAD-ENV-SAMPLE	Environment_Broad_Scale_SD	environmental sample	true
GCA_001752425.1	SAMN05762002	Salegentibacter salarius	SC1-ENV-MEDIUM-MARINE	Environment_Medium_SD	marine	true
GCA_001752705.1	SAMN05180042	Legionella pneumophila	SC1-ENV-BROAD-ENV-SAMPLE	Environment_Broad_Scale_SD	environmental sample	true
GCA_001752725.1	SAMN05180043	Legionella pneumophila	SC1-ENV-BROAD-ENV-SAMPLE	Environment_Broad_Scale_SD	environmental sample	true
GCA_001753145.1	SAMN05180033	Legionella pneumophila	SC1-ENV-BROAD-ENV-SAMPLE	Environment_Broad_Scale_SD	environmental sample	true
GCA_001753265.1	SAMN05180034	Legionella pneumophila	SC1-ENV-BROAD-ENV-SAMPLE	Environment_Broad_Scale_SD	environmental sample	true
GCA_001753285.1	SAMN05180035	Legionella pneumophila	SC1-ENV-BROAD-ENV-SAMPLE	Environment_Broad_Scale_SD	environmental sample	true
GCA_001753305.1	SAMN05180036	Legionella pneumophila	SC1-ENV-BROAD-ENV-SAMPLE	Environment_Broad_Scale_SD	environmental sample	true
GCA_001753325.1	SAMN05180037	Legionella pneumophila	SC1-ENV-BROAD-ENV-SAMPLE	Environment_Broad_Scale_SD	environmental sample	true
GCA_001753345.1	SAMN05180038	Legionella pneumophila	SC1-ENV-BROAD-ENV-SAMPLE	Environment_Broad_Scale_SD	environmental sample	true
GCA_001753365.1	SAMN05180039	Legionella pneumophila	SC1-ENV-BROAD-ENV-SAMPLE	Environment_Broad_Scale_SD	environmental sample	true
GCA_001753385.1	SAMN05180040	Legionella pneumophila	SC1-ENV-BROAD-ENV-SAMPLE	Environment_Broad_Scale_SD	environmental sample	true
GCA_001753405.1	SAMN05180041	Legionella pneumophila	SC1-ENV-BROAD-ENV-SAMPLE	Environment_Broad_Scale_SD	environmental sample	true
GCA_001753645.1	SAMN05804953	Stenotrophomonas sp. BIIR7	SC1-ENV-BROAD-ENV-SAMPLE	Environment_Broad_Scale_SD	environmental sample	true
GCA_001758345.1	SAMN05860603	Acinetobacter towneri	SC1-ENV-MEDIUM-HEALTHCARE-FACILITY	Environment_Medium_SD	healthcare facility	true
GCA_001766415.1	SAMN05863719	Exiguobacterium aurantiacum	SC1-ENV-BROAD-ENV-SAMPLE	Environment_Broad_Scale_SD	environmental sample	true
GCA_001854425.1	SAMN04168691	Vibrio cholerae	SC1-ENV-BROAD-ENV-SAMPLE	Environment_Broad_Scale_SD	environmental sample	true
GCA_001865655.1	SAMN03496287	Maribacter sp. 1_2014MBL_MicDiv	SC1-ENV-MEDIUM-MARINE	Environment_Medium_SD	marine	true
GCA_001865835.1	SAMN05933030	Myroides sp. ZB35	SC1-ENV-BROAD-WASTEWATER	Environment_Local_Scale_SD	activated sludge	true
GCA_001866385.1	SAMN05912869	Listeria monocytogenes	SC1-ENV-BROAD-ENV-SAMPLE	Environment_Broad_Scale_SD	environmental sample	true
GCA_001871015.1	SAMN04328222	Candidatus Desantisbacteria bacterium CG1_02_38_46	SC1-ENV-LOCAL-GROUNDWATER	Environment_Local_Scale_SD	groundwater	true
GCA_001871025.1	SAMN04328244	Gallionellaceae bacterium CG1_02_56_997	SC1-ENV-LOCAL-GROUNDWATER	Environment_Local_Scale_SD	groundwater	true
GCA_001871035.1	SAMN04328204	Deltaproteobacteria bacterium CG1_02_45_11	SC1-ENV-LOCAL-GROUNDWATER	Environment_Local_Scale_SD	groundwater	true
GCA_001871075.1	SAMN04328223	Candidatus Desantisbacteria bacterium CG1_02_49_89	SC1-ENV-LOCAL-GROUNDWATER	Environment_Local_Scale_SD	groundwater	true
GCA_001871085.1	SAMN04328205	Desulfovibrionaceae bacterium CG1_02_65_16	SC1-ENV-LOCAL-GROUNDWATER	Environment_Local_Scale_SD	groundwater	true
GCA_001871115.1	SAMN04328207	Elusimicrobia bacterium CG1_02_56_21	SC1-ENV-LOCAL-GROUNDWATER	Environment_Local_Scale_SD	groundwater	true
GCA_001871125.1	SAMN04328241	Elusimicrobia bacterium CG1_02_37_114	SC1-ENV-LOCAL-GROUNDWATER	Environment_Local_Scale_SD	groundwater	true
GCA_001871155.1	SAMN04328208	Elusimicrobia bacterium CG1_02_63_36	SC1-ENV-LOCAL-GROUNDWATER	Environment_Local_Scale_SD	groundwater	true
GCA_001871165.1	SAMN04328182	Candidatus Falkowbacteria bacterium CG1_02_37_21	SC1-ENV-LOCAL-GROUNDWATER	Environment_Local_Scale_SD	groundwater	true
GCA_001871195.1	SAMN04328214	Zetaproteobacteria bacterium CG1_02_55_237	SC1-ENV-LOCAL-GROUNDWATER	Environment_Local_Scale_SD	groundwater	true
GCA_001871205.1	SAMN04328183	Candidatus Falkowbacteria bacterium CG1_02_37_44	SC1-ENV-LOCAL-GROUNDWATER	Environment_Local_Scale_SD	groundwater	true
GCA_001871235.1	SAMN04328191	Candidatus Falkowbacteria bacterium CG1_02_41_21	SC1-ENV-LOCAL-GROUNDWATER	Environment_Local_Scale_SD	groundwater	true
GCA_001871255.1	SAMN04328236	Gallionellaceae bacterium CG1_02_60_325	SC1-ENV-LOCAL-GROUNDWATER	Environment_Local_Scale_SD	groundwater	true
GCA_001871275.1	SAMN04328209	Flavobacteriaceae bacterium CG1_02_35_72	SC1-ENV-LOCAL-GROUNDWATER	Environment_Local_Scale_SD	groundwater	true
GCA_001871285.1	SAMN04328229	Candidatus Gottesmanbacteria bacterium CG1_02_37_22	SC1-ENV-LOCAL-GROUNDWATER	Environment_Local_Scale_SD	groundwater	true
GCA_001871315.1	SAMN04328237	Helicobacteraceae bacterium CG1_02_36_14	SC1-ENV-LOCAL-GROUNDWATER	Environment_Local_Scale_SD	groundwater	true
GCA_001871325.1	SAMN04328210	Ignavibacteria bacterium CG1_02_37_35	SC1-ENV-LOCAL-GROUNDWATER	Environment_Local_Scale_SD	groundwater	true
GCA_001871355.1	SAMN04328212	Zetaproteobacteria bacterium CG1_02_49_23	SC1-ENV-LOCAL-GROUNDWATER	Environment_Local_Scale_SD	groundwater	true
GCA_001871365.1	SAMN04328185	Candidatus Kuenenbacteria bacterium CG1_02_38_13	SC1-ENV-LOCAL-GROUNDWATER	Environment_Local_Scale_SD	groundwater	true
GCA_001871385.1	SAMN04328309	Betaproteobacteria bacterium CG2_30_59_46	SC1-ENV-LOCAL-GROUNDWATER	Environment_Local_Scale_SD	groundwater	true
GCA_001871435.1	SAMN04328179	Candidatus Magasanikbacteria bacterium CG1_02_32_51	SC1-ENV-LOCAL-GROUNDWATER	Environment_Local_Scale_SD	groundwater	true
GCA_001871445.1	SAMN04328193	Candidatus Magasanikbacteria bacterium CG1_02_41_34	SC1-ENV-LOCAL-GROUNDWATER	Environment_Local_Scale_SD	groundwater	true
GCA_001871515.1	SAMN04328306	Comamonadaceae bacterium CG2_30_57_122	SC1-ENV-LOCAL-GROUNDWATER	Environment_Local_Scale_SD	groundwater	true
GCA_001871525.1	SAMN04328242	Hydrogenophilaceae bacterium CG1_02_62_390	SC1-ENV-LOCAL-GROUNDWATER	Environment_Local_Scale_SD	groundwater	true
GCA_001871575.1	SAMN04328255	Caldisericum sp. CG2_30_36_11	SC1-ENV-LOCAL-GROUNDWATER	Environment_Local_Scale_SD	groundwater	true
GCA_001871625.1	SAMN04328186	Candidatus Wolfebacteria bacterium CG1_02_39_135	SC1-ENV-LOCAL-GROUNDWATER	Environment_Local_Scale_SD	groundwater	true
GCA_001871675.1	SAMN04328252	Armatimonadetes bacterium CG2_30_66_41	SC1-ENV-LOCAL-GROUNDWATER	Environment_Local_Scale_SD	groundwater	true
GCA_001871685.1	SAMN04328216	Nitrospirae bacterium CG1_02_44_142	SC1-ENV-LOCAL-GROUNDWATER	Environment_Local_Scale_SD	groundwater	true
GCA_001871695.1	SAMN04328174	Candidatus Hydrogenedentes bacterium CG1_02_42_14	SC1-ENV-LOCAL-GROUNDWATER	Environment_Local_Scale_SD	groundwater	true
GCA_001871725.1	SAMN04328178	Candidatus Nomurabacteria bacterium CG1_02_31_12	SC1-ENV-LOCAL-GROUNDWATER	Environment_Local_Scale_SD	groundwater	true
GCA_001871755.1	SAMN04328259	Anaerolineae bacterium CG2_30_64_16	SC1-ENV-LOCAL-GROUNDWATER	Environment_Local_Scale_SD	groundwater	true
GCA_001871765.1	SAMN04328233	Candidatus Nomurabacteria bacterium CG1_02_43_90	SC1-ENV-LOCAL-GROUNDWATER	Environment_Local_Scale_SD	groundwater	true
GCA_001871775.1	SAMN04328200	Candidatus Nomurabacteria bacterium CG1_02_47_685	SC1-ENV-LOCAL-GROUNDWATER	Environment_Local_Scale_SD	groundwater	true
GCA_001871795.1	SAMN04328288	Candidatus Aquicultor secundus	SC1-ENV-LOCAL-GROUNDWATER	Environment_Local_Scale_SD	groundwater	true
GCA_001871815.1	SAMN04328226	Candidatus Omnitrophica bacterium CG1_02_40_15	SC1-ENV-LOCAL-GROUNDWATER	Environment_Local_Scale_SD	groundwater	true
GCA_001871835.1	SAMN04328274	Candidatus Beckwithbacteria bacterium CG2_30_44_31	SC1-ENV-LOCAL-GROUNDWATER	Environment_Local_Scale_SD	groundwater	true
GCA_001871865.1	SAMN04328232	Candidatus Omnitrophica bacterium CG1_02_41_171	SC1-ENV-LOCAL-GROUNDWATER	Environment_Local_Scale_SD	groundwater	true
GCA_001871895.1	SAMN04328177	Anaerolineae bacterium CG1_02_58_13	SC1-ENV-LOCAL-GROUNDWATER	Environment_Local_Scale_SD	groundwater	true
GCA_001871905.1	SAMN04328168	Alphaproteobacteria bacterium CG1_02_46_17	SC1-ENV-LOCAL-GROUNDWATER	Environment_Local_Scale_SD	groundwater	true
GCA_001871925.1	SAMN04328213	Zetaproteobacteria bacterium CG1_02_53_45	SC1-ENV-LOCAL-GROUNDWATER	Environment_Local_Scale_SD	groundwater	true
GCA_001871935.1	SAMN04328176	Comamonadaceae bacterium CG1_02_60_18	SC1-ENV-LOCAL-GROUNDWATER	Environment_Local_Scale_SD	groundwater	true
GCA_001871945.1	SAMN04328243	Candidatus Gracilibacteria bacterium CG1_02_38_174	SC1-ENV-LOCAL-GROUNDWATER	Environment_Local_Scale_SD	groundwater	true
GCA_001871995.1	SAMN04328194	bacterium CG1_02_42_9	SC1-ENV-LOCAL-GROUNDWATER	Environment_Local_Scale_SD	groundwater	true
GCA_001872005.1	SAMN04328198	Candidatus Collierbacteria bacterium CG1_02_44_10	SC1-ENV-LOCAL-GROUNDWATER	Environment_Local_Scale_SD	groundwater	true
GCA_001872015.1	SAMN04328196	Candidatus Berkelbacteria bacterium CG1_02_42_45	SC1-ENV-LOCAL-GROUNDWATER	Environment_Local_Scale_SD	groundwater	true
GCA_001872035.1	SAMN04328215	Candidatus Beckwithbacteria bacterium CG1_02_47_37	SC1-ENV-LOCAL-GROUNDWATER	Environment_Local_Scale_SD	groundwater	true
GCA_001872105.1	SAMN04328227	Candidatus Omnitrophica bacterium CG1_02_49_16	SC1-ENV-LOCAL-GROUNDWATER	Environment_Local_Scale_SD	groundwater	true
GCA_001872165.1	SAMN04328258	Anaerolineae bacterium CG2_30_58_95	SC1-ENV-LOCAL-GROUNDWATER	Environment_Local_Scale_SD	groundwater	true
GCA_001872205.1	SAMN04328180	Parcubacteria group bacterium CG1_02_36_42	SC1-ENV-LOCAL-GROUNDWATER	Environment_Local_Scale_SD	groundwater	true
GCA_001872225.1	SAMN04328181	Parcubacteria group bacterium CG1_02_37_13	SC1-ENV-LOCAL-GROUNDWATER	Environment_Local_Scale_SD	groundwater	true
GCA_001872245.1	SAMN04328184	Parcubacteria group bacterium CG1_02_37_51	SC1-ENV-LOCAL-GROUNDWATER	Environment_Local_Scale_SD	groundwater	true
GCA_001872265.1	SAMN04328187	Parcubacteria group bacterium CG1_02_39_15	SC1-ENV-LOCAL-GROUNDWATER	Environment_Local_Scale_SD	groundwater	true
GCA_001872285.1	SAMN04328305	Betaproteobacteria bacterium CG2_30_68_42	SC1-ENV-LOCAL-GROUNDWATER	Environment_Local_Scale_SD	groundwater	true
GCA_001872305.1	SAMN04328189	Parcubacteria group bacterium CG1_02_40_25	SC1-ENV-LOCAL-GROUNDWATER	Environment_Local_Scale_SD	groundwater	true
GCA_001872335.1	SAMN04328197	Candidatus Pacebacteria bacterium CG1_02_43_31	SC1-ENV-LOCAL-GROUNDWATER	Environment_Local_Scale_SD	groundwater	true
GCA_001872385.1	SAMN04328188	Parcubacteria group bacterium CG1_02_40_82	SC1-ENV-LOCAL-GROUNDWATER	Environment_Local_Scale_SD	groundwater	true
GCA_001872405.1	SAMN04328195	Parcubacteria group bacterium CG1_02_42_13	SC1-ENV-LOCAL-GROUNDWATER	Environment_Local_Scale_SD	groundwater	true
GCA_001872425.1	SAMN04328192	Parcubacteria group bacterium CG1_02_41_26	SC1-ENV-LOCAL-GROUNDWATER	Environment_Local_Scale_SD	groundwater	true
GCA_001872435.1	SAMN04328190	Parcubacteria group bacterium CG1_02_41_12	SC1-ENV-LOCAL-GROUNDWATER	Environment_Local_Scale_SD	groundwater	true
GCA_001872455.1	SAMN04328257	Anaerolineae bacterium CG2_30_57_67	SC1-ENV-LOCAL-GROUNDWATER	Environment_Local_Scale_SD	groundwater	true
GCA_001872485.1	SAMN04328199	Parcubacteria group bacterium CG1_02_44_31	SC1-ENV-LOCAL-GROUNDWATER	Environment_Local_Scale_SD	groundwater	true
GCA_001872495.1	SAMN04328167	Parcubacteria group bacterium CG1_02_44_65	SC1-ENV-LOCAL-GROUNDWATER	Environment_Local_Scale_SD	groundwater	true
GCA_001872505.1	SAMN04328201	Parcubacteria group bacterium CG1_02_50_68	SC1-ENV-LOCAL-GROUNDWATER	Environment_Local_Scale_SD	groundwater	true
GCA_001872545.1	SAMN04328175	Parcubacteria group bacterium CG1_02_58_44	SC1-ENV-LOCAL-GROUNDWATER	Environment_Local_Scale_SD	groundwater	true
GCA_001872565.1	SAMN04328234	Candidatus Peregrinibacteria bacterium CG1_02_41_10	SC1-ENV-LOCAL-GROUNDWATER	Environment_Local_Scale_SD	groundwater	true
GCA_001872575.1	SAMN04328202	Candidatus Peregrinibacteria bacterium CG1_02_54_53	SC1-ENV-LOCAL-GROUNDWATER	Environment_Local_Scale_SD	groundwater	true
GCA_001872605.1	SAMN04328248	Armatimonadetes bacterium CG2_30_59_28	SC1-ENV-LOCAL-GROUNDWATER	Environment_Local_Scale_SD	groundwater	true
GCA_001872625.1	SAMN04328254	Bacteroidetes bacterium CG2_30_33_31	SC1-ENV-LOCAL-GROUNDWATER	Environment_Local_Scale_SD	groundwater	true
GCA_001872645.1	SAMN04328235	Propionibacterium sp. CG1_02_60_36	SC1-ENV-LOCAL-GROUNDWATER	Environment_Local_Scale_SD	groundwater	true
GCA_001872655.1	SAMN04328297	Candidatus Berkelbacteria bacterium CG2_30_43_20	SC1-ENV-LOCAL-GROUNDWATER	Environment_Local_Scale_SD	groundwater	true
GCA_001872685.1	SAMN04328203	Fidelibacterota bacterium CG1_02_48_14	SC1-ENV-LOCAL-GROUNDWATER	Environment_Local_Scale_SD	groundwater	true
GCA_001872695.1	SAMN04328270	Candidatus Berkelbacteria bacterium CG2_30_39_44	SC1-ENV-LOCAL-GROUNDWATER	Environment_Local_Scale_SD	groundwater	true
GCA_001872725.1	SAMN04328211	Proteobacteria bacterium CG1_02_64_396	SC1-ENV-LOCAL-GROUNDWATER	Environment_Local_Scale_SD	groundwater	true
GCA_001872735.1	SAMN04328238	Verrucomicrobia bacterium CG1_02_43_26	SC1-ENV-LOCAL-GROUNDWATER	Environment_Local_Scale_SD	groundwater	true
GCA_001872775.1	SAMN04328245	Candidatus Omnitrophica bacterium CG1_02_43_210	SC1-ENV-LOCAL-GROUNDWATER	Environment_Local_Scale_SD	groundwater	true
GCA_001872845.1	SAMN04328307	Comamonadaceae bacterium CG2_30_59_20	SC1-ENV-LOCAL-GROUNDWATER	Environment_Local_Scale_SD	groundwater	true
GCA_001872855.1	SAMN04328308	Comamonadaceae bacterium CG2_30_60_41	SC1-ENV-LOCAL-GROUNDWATER	Environment_Local_Scale_SD	groundwater	true
GCA_001872865.1	SAMN04328246	Gallionellaceae bacterium CG1_02_60_948	SC1-ENV-LOCAL-GROUNDWATER	Environment_Local_Scale_SD	groundwater	true
GCA_001872925.1	SAMN04328295	Dehalococcoidia bacterium CG2_30_46_19	SC1-ENV-LOCAL-GROUNDWATER	Environment_Local_Scale_SD	groundwater	true
GCA_001872935.1	SAMN04328249	bacterium CG2_30_33_46	SC1-ENV-LOCAL-GROUNDWATER	Environment_Local_Scale_SD	groundwater	true
GCA_001872945.1	SAMN04328267	bacterium CG2_30_37_16	SC1-ENV-LOCAL-GROUNDWATER	Environment_Local_Scale_SD	groundwater	true
GCA_001872985.1	SAMN04328278	bacterium CG2_30_54_10	SC1-ENV-LOCAL-GROUNDWATER	Environment_Local_Scale_SD	groundwater	true
GCA_001872995.1	SAMN04328253	Bacteroidetes bacterium CG2_30_32_10	SC1-ENV-LOCAL-GROUNDWATER	Environment_Local_Scale_SD	groundwater	true
GCA_001873005.1	SAMN04328256	Dehalococcoidia bacterium CG2_30_46_9	SC1-ENV-LOCAL-GROUNDWATER	Environment_Local_Scale_SD	groundwater	true
GCA_001873045.1	SAMN04328231	Candidatus Omnitrophica bacterium CG1_02_49_10	SC1-ENV-LOCAL-GROUNDWATER	Environment_Local_Scale_SD	groundwater	true
GCA_001873065.1	SAMN04328302	Flavobacteriaceae bacterium CG2_30_31_66	SC1-ENV-LOCAL-GROUNDWATER	Environment_Local_Scale_SD	groundwater	true
GCA_001873075.1	SAMN04328287	Fibrobacteres bacterium CG2_30_45_31	SC1-ENV-LOCAL-GROUNDWATER	Environment_Local_Scale_SD	groundwater	true
GCA_001873105.1	SAMN04328289	Flavobacteriaceae bacterium CG2_30_34_30	SC1-ENV-LOCAL-GROUNDWATER	Environment_Local_Scale_SD	groundwater	true
GCA_001873115.1	SAMN04328284	Desulfobacterales bacterium CG2_30_60_27	SC1-ENV-LOCAL-GROUNDWATER	Environment_Local_Scale_SD	groundwater	true
GCA_001873135.1	SAMN04328310	Helicobacteraceae bacterium CG2_30_36_10	SC1-ENV-LOCAL-GROUNDWATER	Environment_Local_Scale_SD	groundwater	true
GCA_001873165.1	SAMN04328266	Candidatus Gracilibacteria bacterium CG2_30_37_12	SC1-ENV-LOCAL-GROUNDWATER	Environment_Local_Scale_SD	groundwater	true
GCA_001873185.1	SAMN04328290	Ignavibacteria bacterium CG2_30_36_16	SC1-ENV-LOCAL-GROUNDWATER	Environment_Local_Scale_SD	groundwater	true
GCA_001873195.1	SAMN04328269	Candidatus Kuenenbacteria bacterium CG2_30_39_24	SC1-ENV-LOCAL-GROUNDWATER	Environment_Local_Scale_SD	groundwater	true
GCA_001873215.1	SAMN04328268	Candidatus Levybacteria bacterium CG2_30_37_29	SC1-ENV-LOCAL-GROUNDWATER	Environment_Local_Scale_SD	groundwater	true
GCA_001873245.1	SAMN04328275	Candidatus Moranbacteria bacterium CG2_30_45_14	SC1-ENV-LOCAL-GROUNDWATER	Environment_Local_Scale_SD	groundwater	true
GCA_001873265.1	SAMN04328294	Nitrospirae bacterium CG2_30_41_42	SC1-ENV-LOCAL-GROUNDWATER	Environment_Local_Scale_SD	groundwater	true
GCA_001873285.1	SAMN04328285	Nitrospirae bacterium CG2_30_53_67	SC1-ENV-LOCAL-GROUNDWATER	Environment_Local_Scale_SD	groundwater	true
GCA_001873295.1	SAMN04328286	Nitrospirae bacterium CG2_30_70_394	SC1-ENV-LOCAL-GROUNDWATER	Environment_Local_Scale_SD	groundwater	true
GCA_001873305.1	SAMN04328271	Candidatus Nomurabacteria bacterium CG2_30_43_9	SC1-ENV-LOCAL-GROUNDWATER	Environment_Local_Scale_SD	groundwater	true
GCA_001873345.1	SAMN04328298	Candidatus Infernicultor aquiphilus	SC1-ENV-LOCAL-GROUNDWATER	Environment_Local_Scale_SD	groundwater	true
GCA_001873365.1	SAMN04328299	Oscillatoriales cyanobacterium CG2_30_40_61	SC1-ENV-LOCAL-GROUNDWATER	Environment_Local_Scale_SD	groundwater	true
GCA_001873375.1	SAMN04328304	Oscillatoriales cyanobacterium CG2_30_44_21	SC1-ENV-LOCAL-GROUNDWATER	Environment_Local_Scale_SD	groundwater	true
GCA_001873405.1	SAMN04328262	Parcubacteria group bacterium CG2_30_36_18	SC1-ENV-LOCAL-GROUNDWATER	Environment_Local_Scale_SD	groundwater	true
GCA_001873425.1	SAMN04328263	Parcubacteria group bacterium CG2_30_36_21	SC1-ENV-LOCAL-GROUNDWATER	Environment_Local_Scale_SD	groundwater	true
GCA_001873435.1	SAMN04328264	Candidatus Pacebacteria bacterium CG2_30_36_39	SC1-ENV-LOCAL-GROUNDWATER	Environment_Local_Scale_SD	groundwater	true
GCA_001873465.1	SAMN04328265	Parcubacteria group bacterium CG2_30_36_38	SC1-ENV-LOCAL-GROUNDWATER	Environment_Local_Scale_SD	groundwater	true
GCA_001873485.1	SAMN04328272	Parcubacteria group bacterium CG2_30_44_11	SC1-ENV-LOCAL-GROUNDWATER	Environment_Local_Scale_SD	groundwater	true
GCA_001873495.1	SAMN04328273	Parcubacteria group bacterium CG2_30_44_18	SC1-ENV-LOCAL-GROUNDWATER	Environment_Local_Scale_SD	groundwater	true
GCA_001873515.1	SAMN04328276	Parcubacteria group bacterium CG2_30_45_37	SC1-ENV-LOCAL-GROUNDWATER	Environment_Local_Scale_SD	groundwater	true
GCA_001873525.1	SAMN04328277	Parcubacteria group bacterium CG2_30_48_51	SC1-ENV-LOCAL-GROUNDWATER	Environment_Local_Scale_SD	groundwater	true
GCA_001873565.1	SAMN04328301	Candidatus Peregrinibacteria bacterium CG2_30_44_17	SC1-ENV-LOCAL-GROUNDWATER	Environment_Local_Scale_SD	groundwater	true
GCA_001873585.1	SAMN04328293	Rhodobacterales bacterium CG2_30_65_12	SC1-ENV-LOCAL-GROUNDWATER	Environment_Local_Scale_SD	groundwater	true
GCA_001873595.1	SAMN04328260	Candidatus Roizmanbacteria bacterium CG2_30_33_16	SC1-ENV-LOCAL-GROUNDWATER	Environment_Local_Scale_SD	groundwater	true
GCA_001873625.1	SAMN04328313	Candidatus Saccharibacteria bacterium CG2_30_41_52	SC1-ENV-LOCAL-GROUNDWATER	Environment_Local_Scale_SD	groundwater	true
GCA_001873635.1	SAMN04328300	Porphyromonadaceae bacterium CG2_30_38_12	SC1-ENV-LOCAL-GROUNDWATER	Environment_Local_Scale_SD	groundwater	true
GCA_001873665.1	SAMN04328261	Candidatus Shapirobacteria bacterium CG2_30_35_20	SC1-ENV-LOCAL-GROUNDWATER	Environment_Local_Scale_SD	groundwater	true
GCA_001873675.1	SAMN04328280	Syntrophaceae bacterium CG2_30_49_12	SC1-ENV-LOCAL-GROUNDWATER	Environment_Local_Scale_SD	groundwater	true
GCA_001873705.1	SAMN04328311	Syntrophobacteraceae bacterium CG2_30_61_12	SC1-ENV-LOCAL-GROUNDWATER	Environment_Local_Scale_SD	groundwater	true
GCA_001873715.1	SAMN04328312	Thiomicrospira sp. CG2_30_44_34	SC1-ENV-LOCAL-GROUNDWATER	Environment_Local_Scale_SD	groundwater	true
GCA_001873745.1	SAMN04328282	Syntrophaceae bacterium CG2_30_58_14	SC1-ENV-LOCAL-GROUNDWATER	Environment_Local_Scale_SD	groundwater	true
GCA_001873755.1	SAMN04328296	Candidatus Wirthbacteria bacterium CG2_30_54_11	SC1-ENV-LOCAL-GROUNDWATER	Environment_Local_Scale_SD	groundwater	true
GCA_001873785.1	SAMN04328250	bacterium CG2_30_40_12	SC1-ENV-LOCAL-GROUNDWATER	Environment_Local_Scale_SD	groundwater	true
GCA_001873795.1	SAMN04328291	Zetaproteobacteria bacterium CG2_30_46_52	SC1-ENV-LOCAL-GROUNDWATER	Environment_Local_Scale_SD	groundwater	true
GCA_001873825.1	SAMN04328292	Zetaproteobacteria bacterium CG2_30_59_37	SC1-ENV-LOCAL-GROUNDWATER	Environment_Local_Scale_SD	groundwater	true
GCA_001873855.1	SAMN04328316	Rhodobacteraceae bacterium CG2_30_10_405	SC1-ENV-LOCAL-GROUNDWATER	Environment_Local_Scale_SD	groundwater	true
GCA_001873875.1	SAMN04328314	Candidatus Moranbacteria bacterium CG2_30_41_165	SC1-ENV-LOCAL-GROUNDWATER	Environment_Local_Scale_SD	groundwater	true
GCA_001873905.1	SAMN04328279	Deltaproteobacteria bacterium CG2_30_43_15	SC1-ENV-LOCAL-GROUNDWATER	Environment_Local_Scale_SD	groundwater	true
GCA_001873925.1	SAMN04328303	Deltaproteobacteria bacterium CG2_30_63_29	SC1-ENV-LOCAL-GROUNDWATER	Environment_Local_Scale_SD	groundwater	true
GCA_001873935.1	SAMN04328283	Deltaproteobacteria bacterium CG2_30_66_27	SC1-ENV-LOCAL-GROUNDWATER	Environment_Local_Scale_SD	groundwater	true
GCA_001873945.1	SAMN04328251	Candidatus Desantisbacteria bacterium CG2_30_40_21	SC1-ENV-LOCAL-GROUNDWATER	Environment_Local_Scale_SD	groundwater	true
GCA_001873995.1	SAMN04328230	Candidatus Phelpsiimicrobium noxiivivens	SC1-ENV-LOCAL-GROUNDWATER	Environment_Local_Scale_SD	groundwater	true
GCA_001874005.1	SAMN04328281	Desulfobacteraceae bacterium CG2_30_51_40	SC1-ENV-LOCAL-GROUNDWATER	Environment_Local_Scale_SD	groundwater	true
GCA_001874025.1	SAMN04328228	Candidatus Omnitrophica bacterium CG1_02_46_14	SC1-ENV-LOCAL-GROUNDWATER	Environment_Local_Scale_SD	groundwater	true
GCA_001874145.1	SAMN05219213	Lacinutrix sp. MedPE-SW	SC1-ENV-MEDIUM-MARINE	Environment_Medium_SD	marine	true
GCA_001874165.1	SAMN05219205	Crocinitomix sp. MedPE-SWsnd	SC1-ENV-MEDIUM-MARINE	Environment_Medium_SD	marine	true
GCA_001874205.1	SAMN05219217	Roseobacter sp. MedPE-SWde	SC1-ENV-MEDIUM-MARINE	Environment_Medium_SD	marine	true
GCA_001874225.1	SAMN05219214	Roseobacter sp. MedPE-SW	SC1-ENV-MEDIUM-MARINE	Environment_Medium_SD	marine	true
GCA_001874245.1	SAMN05219215	Roseobacter sp. MedPE-SWchi	SC1-ENV-MEDIUM-MARINE	Environment_Medium_SD	marine	true
GCA_001874255.1	SAMN05219281	Alphaproteobacteria bacterium MedPE-SWcel	SC1-ENV-MEDIUM-MARINE	Environment_Medium_SD	marine	true
GCA_001874265.1	SAMN05219313	Bacteroidetes bacterium MedPE-SWsnd-G1	SC1-ENV-MEDIUM-MARINE	Environment_Medium_SD	marine	true
GCA_001874325.1	SAMN05219212	Flavobacterium sp. MedPE-SWcel	SC1-ENV-MEDIUM-MARINE	Environment_Medium_SD	marine	true
GCA_001874335.1	SAMN05219315	Bacteroidetes bacterium MedPE-SWsnd-G2	SC1-ENV-MEDIUM-MARINE	Environment_Medium_SD	marine	true
GCA_001874365.1	SAMN05219439	Gammaproteobacteria bacterium MedPE	SC1-ENV-MEDIUM-MARINE	Environment_Medium_SD	marine	true
GCA_001875585.1	SAMN05603587	Bathymodiolus thermophilus thioautotrophic gill symbiont	SC1-ENV-MEDIUM-MARINE	Environment_Medium_SD	marine	true
GCA_001877015.1	SAMN05948859	Glaesserella parasuis	SC1-HHS-DISEASED-PATIENT-HEALTH	Host_Health_State_SD	diseased/patient	true
GCA_001877015.1	SAMN05948859	Glaesserella parasuis	SC1-HHS-DISEASED-PATIENT-HEALTH	Host_Health_State_SD_Detail	diseased/patient	false
GCA_001877015.1	SAMN05948859	Glaesserella parasuis	SC1-HHS-DISEASED-PATIENT-HEALTH	Host_Health_State_SD_Method	context_dictionary	false
GCA_001877195.1	SAMN04338321	Campylobacter jejuni	SC1-ENV-BROAD-ENV-SAMPLE	Environment_Broad_Scale_SD	environmental sample	true
GCA_001877255.1	SAMN05163879	Campylobacter jejuni	SC1-ENV-BROAD-ENV-SAMPLE	Environment_Broad_Scale_SD	environmental sample	true
GCA_001877265.1	SAMN04158374	Campylobacter jejuni	SC1-ENV-BROAD-ENV-SAMPLE	Environment_Broad_Scale_SD	environmental sample	true
GCA_001877285.1	SAMN04158375	Campylobacter jejuni	SC1-ENV-BROAD-ENV-SAMPLE	Environment_Broad_Scale_SD	environmental sample	true
GCA_001877895.1	SAMN04442358	Campylobacter jejuni	SC1-ENV-BROAD-ENV-SAMPLE	Environment_Broad_Scale_SD	environmental sample	true
GCA_001877905.1	SAMN04442359	Campylobacter jejuni	SC1-ENV-BROAD-ENV-SAMPLE	Environment_Broad_Scale_SD	environmental sample	true
GCA_001877935.1	SAMN04442356	Campylobacter jejuni	SC1-ENV-BROAD-ENV-SAMPLE	Environment_Broad_Scale_SD	environmental sample	true
GCA_001877945.1	SAMN04442357	Campylobacter jejuni	SC1-ENV-BROAD-ENV-SAMPLE	Environment_Broad_Scale_SD	environmental sample	true
GCA_001877975.1	SAMN04442360	Campylobacter jejuni	SC1-ENV-BROAD-ENV-SAMPLE	Environment_Broad_Scale_SD	environmental sample	true
GCA_001877985.1	SAMN04442361	Campylobacter jejuni	SC1-ENV-BROAD-ENV-SAMPLE	Environment_Broad_Scale_SD	environmental sample	true
GCA_001878015.1	SAMN04442362	Campylobacter jejuni	SC1-ENV-BROAD-ENV-SAMPLE	Environment_Broad_Scale_SD	environmental sample	true
GCA_001878025.1	SAMN04445877	Campylobacter jejuni	SC1-ENV-BROAD-ENV-SAMPLE	Environment_Broad_Scale_SD	environmental sample	true
GCA_001880165.1	SAMN05912868	Listeria monocytogenes	SC1-ENV-BROAD-ENV-SAMPLE	Environment_Broad_Scale_SD	environmental sample	true
GCA_001880325.1	SAMN04535499	Thermus brockianus	SC1-ENV-BROAD-ENV-SAMPLE	Environment_Broad_Scale_SD	environmental sample	true
GCA_001885315.1	SAMN05905573	Treponema sp. CETP13	SC1-ENV-BROAD-WASTEWATER	Environment_Local_Scale_SD	activated sludge	true
GCA_001886835.1	SAMN05818649	Legionella pneumophila subsp. fraseri	SC1-ENV-BROAD-ENV-SAMPLE	Environment_Broad_Scale_SD	environmental sample	true
GCA_001888525.1	SAMN03654356	Lactiplantibacillus plantarum	SC1-ENV-MEDIUM-MARINE	Environment_Medium_SD	marine	true
GCA_001889165.1	SAMN05178567	Bacillus weihaiensis	SC1-ENV-MEDIUM-MARINE	Environment_Medium_SD	marine	true
GCA_001895885.1	SAMN06016472	Bacillus safensis	SC1-ENV-MEDIUM-MARINE	Environment_Medium_SD	marine	true
GCA_001896795.2	SAMN05930353	Thermomonospora sp. CIF 1	SC1-ENV-LOCAL-AGRICULTURAL-ENV	Environment_Local_Scale_SD	agricultural environment	true
GCA_001899315.1	SAMN05890506	Candidatus Obscuribacter phosphatis	SC1-ENV-BROAD-WASTEWATER	Environment_Local_Scale_SD	activated sludge	true
GCA_001905305.1	SAMN02729875	Mycobacterium sp. SWH-M5	SC1-ENV-BROAD-WASTEWATER	Environment_Local_Scale_SD	activated sludge	true
GCA_001905565.1	SAMN02729863	Mycobacterium sp. SWH-M1	SC1-ENV-BROAD-WASTEWATER	Environment_Local_Scale_SD	activated sludge	true
GCA_001905655.1	SAMN02729876	Mycobacterium sp. ST-F2	SC1-ENV-BROAD-WASTEWATER	Environment_Local_Scale_SD	activated sludge	true
GCA_001907615.1	SAMN02729864	Mycobacterium sp. SWH-M3	SC1-ENV-BROAD-WASTEWATER	Environment_Local_Scale_SD	activated sludge	true
GCA_001914295.1	SAMN06130430	Comamonadaceae bacterium BIN2	SC1-ENV-LOCAL-GROUNDWATER	Environment_Local_Scale_SD	groundwater	true
GCA_001914305.1	SAMN06130431	Sulfuricella sp. BIN3	SC1-ENV-LOCAL-GROUNDWATER	Environment_Local_Scale_SD	groundwater	true
GCA_001914345.1	SAMN06130432	Pseudomonas sp. BIN4	SC1-ENV-LOCAL-GROUNDWATER	Environment_Local_Scale_SD	groundwater	true
GCA_001914375.1	SAMN06130434	Candidatus Methylomirabilis sp. BIN6	SC1-ENV-LOCAL-GROUNDWATER	Environment_Local_Scale_SD	groundwater	true
GCA_001922905.2	SAMN06100261	Cronobacter turicensis	SC1-ENV-BROAD-ENV-SAMPLE	Environment_Broad_Scale_SD	environmental sample	true
GCA_001924925.1	SAMN04348900	Marinobacter sp. C18	SC1-ENV-BROAD-ENV-SAMPLE	Environment_Broad_Scale_SD	environmental sample	true
GCA_001924945.1	SAMN04348724	Alteromonas sp. W12	SC1-ENV-BROAD-ENV-SAMPLE	Environment_Broad_Scale_SD	environmental sample	true
GCA_001924955.1	SAMN04348725	Maricaulis sp. W15	SC1-ENV-BROAD-ENV-SAMPLE	Environment_Broad_Scale_SD	environmental sample	true
GCA_001932005.1	SAMN06162265	Bacillus wiedmannii	SC1-ENV-BROAD-WASTEWATER	Environment_Local_Scale_SD	activated sludge	true
GCA_001941625.1	SAMN03339750	Actinoalloteichus fjordicus	SC1-ENV-MEDIUM-MARINE	Environment_Medium_SD	marine	true
GCA_001941645.1	SAMN03339751	Actinoalloteichus sp. GBA129-24	SC1-ENV-MEDIUM-MARINE	Environment_Medium_SD	marine	true
GCA_001942305.1	SAMN05830213	Saccharomonospora sp. CUA-673	SC1-ENV-MEDIUM-MARINE	Environment_Medium_SD	marine	true
GCA_001953175.1	SAMN04881314	Dehalogenimonas formicexedens	SC1-ENV-LOCAL-GROUNDWATER	Environment_Local_Scale_SD	groundwater	true
GCA_001968885.1	SAMN03839332	Clostridium pasteurianum	SC1-ENV-BROAD-ENV-SAMPLE	Environment_Broad_Scale_SD	environmental sample	true
GCA_001969385.1	SAMN04563574	Salipiger profundus	SC1-ENV-BROAD-ENV-SAMPLE	Environment_Broad_Scale_SD	environmental sample	true
GCA_001976175.1	SAMN04208559	Burkholderia pseudomallei	SC1-ENV-BROAD-ENV-SAMPLE	Environment_Broad_Scale_SD	environmental sample	true
GCA_001976185.1	SAMN04208555	Burkholderia pseudomallei	SC1-ENV-BROAD-ENV-SAMPLE	Environment_Broad_Scale_SD	environmental sample	true
GCA_001976245.1	SAMN04208560	Burkholderia pseudomallei	SC1-ENV-BROAD-ENV-SAMPLE	Environment_Broad_Scale_SD	environmental sample	true
GCA_001976265.1	SAMN04208564	Burkholderia pseudomallei	SC1-ENV-BROAD-ENV-SAMPLE	Environment_Broad_Scale_SD	environmental sample	true
GCA_001976385.1	SAMN04208561	Burkholderia pseudomallei	SC1-ENV-BROAD-ENV-SAMPLE	Environment_Broad_Scale_SD	environmental sample	true
GCA_001976405.1	SAMN04208553	Burkholderia pseudomallei	SC1-ENV-BROAD-ENV-SAMPLE	Environment_Broad_Scale_SD	environmental sample	true
GCA_001976465.1	SAMN04208562	Burkholderia pseudomallei	SC1-ENV-BROAD-ENV-SAMPLE	Environment_Broad_Scale_SD	environmental sample	true
GCA_001976805.1	SAMN04208590	Burkholderia pseudomallei	SC1-ENV-BROAD-ENV-SAMPLE	Environment_Broad_Scale_SD	environmental sample	true
GCA_001976815.1	SAMN04208588	Burkholderia pseudomallei	SC1-ENV-BROAD-ENV-SAMPLE	Environment_Broad_Scale_SD	environmental sample	true
GCA_001976825.1	SAMN04208589	Burkholderia pseudomallei	SC1-ENV-BROAD-ENV-SAMPLE	Environment_Broad_Scale_SD	environmental sample	true
GCA_001976865.1	SAMN04208591	Burkholderia pseudomallei	SC1-ENV-BROAD-ENV-SAMPLE	Environment_Broad_Scale_SD	environmental sample	true
GCA_001976885.1	SAMN04208592	Burkholderia pseudomallei	SC1-ENV-BROAD-ENV-SAMPLE	Environment_Broad_Scale_SD	environmental sample	true
GCA_001976895.1	SAMN04208595	Burkholderia pseudomallei	SC1-ENV-BROAD-ENV-SAMPLE	Environment_Broad_Scale_SD	environmental sample	true
GCA_001976905.1	SAMN04208593	Burkholderia pseudomallei	SC1-ENV-BROAD-ENV-SAMPLE	Environment_Broad_Scale_SD	environmental sample	true
GCA_001976925.1	SAMN04208601	Burkholderia pseudomallei	SC1-ENV-BROAD-ENV-SAMPLE	Environment_Broad_Scale_SD	environmental sample	true
GCA_001976965.1	SAMN04208605	Burkholderia pseudomallei	SC1-ENV-BROAD-ENV-SAMPLE	Environment_Broad_Scale_SD	environmental sample	true
GCA_001976975.1	SAMN04208603	Burkholderia pseudomallei	SC1-ENV-BROAD-ENV-SAMPLE	Environment_Broad_Scale_SD	environmental sample	true
GCA_001977005.1	SAMN04208615	Burkholderia pseudomallei	SC1-ENV-BROAD-ENV-SAMPLE	Environment_Broad_Scale_SD	environmental sample	true
GCA_001977015.1	SAMN04208616	Burkholderia pseudomallei	SC1-ENV-BROAD-ENV-SAMPLE	Environment_Broad_Scale_SD	environmental sample	true
GCA_001977045.1	SAMN04208617	Burkholderia pseudomallei	SC1-ENV-BROAD-ENV-SAMPLE	Environment_Broad_Scale_SD	environmental sample	true
GCA_001977055.1	SAMN04208623	Burkholderia pseudomallei	SC1-ENV-BROAD-ENV-SAMPLE	Environment_Broad_Scale_SD	environmental sample	true
GCA_001977085.1	SAMN04208631	Burkholderia pseudomallei	SC1-ENV-BROAD-ENV-SAMPLE	Environment_Broad_Scale_SD	environmental sample	true
GCA_001977125.1	SAMN04208634	Burkholderia pseudomallei	SC1-ENV-BROAD-ENV-SAMPLE	Environment_Broad_Scale_SD	environmental sample	true
GCA_001977135.1	SAMN04208633	Burkholderia pseudomallei	SC1-ENV-BROAD-ENV-SAMPLE	Environment_Broad_Scale_SD	environmental sample	true
GCA_001977165.1	SAMN04208635	Burkholderia pseudomallei	SC1-ENV-BROAD-ENV-SAMPLE	Environment_Broad_Scale_SD	environmental sample	true
GCA_001977365.1	SAMN04208656	Burkholderia pseudomallei	SC1-ENV-BROAD-ENV-SAMPLE	Environment_Broad_Scale_SD	environmental sample	true
GCA_001977425.1	SAMN04208587	Burkholderia pseudomallei	SC1-ENV-BROAD-ENV-SAMPLE	Environment_Broad_Scale_SD	environmental sample	true
GCA_001977435.1	SAMN04208594	Burkholderia pseudomallei	SC1-ENV-BROAD-ENV-SAMPLE	Environment_Broad_Scale_SD	environmental sample	true
GCA_001977465.1	SAMN04208596	Burkholderia pseudomallei	SC1-ENV-BROAD-ENV-SAMPLE	Environment_Broad_Scale_SD	environmental sample	true
GCA_001977475.1	SAMN04208597	Burkholderia pseudomallei	SC1-ENV-BROAD-ENV-SAMPLE	Environment_Broad_Scale_SD	environmental sample	true
GCA_001977495.1	SAMN04208598	Burkholderia pseudomallei	SC1-ENV-BROAD-ENV-SAMPLE	Environment_Broad_Scale_SD	environmental sample	true
GCA_001977525.1	SAMN04208599	Burkholderia pseudomallei	SC1-ENV-BROAD-ENV-SAMPLE	Environment_Broad_Scale_SD	environmental sample	true
GCA_001977545.1	SAMN04208600	Burkholderia pseudomallei	SC1-ENV-BROAD-ENV-SAMPLE	Environment_Broad_Scale_SD	environmental sample	true
GCA_001977565.1	SAMN04208604	Burkholderia pseudomallei	SC1-ENV-BROAD-ENV-SAMPLE	Environment_Broad_Scale_SD	environmental sample	true
GCA_001977575.1	SAMN04208602	Burkholderia pseudomallei	SC1-ENV-BROAD-ENV-SAMPLE	Environment_Broad_Scale_SD	environmental sample	true
GCA_001977605.1	SAMN04208606	Burkholderia pseudomallei	SC1-ENV-BROAD-ENV-SAMPLE	Environment_Broad_Scale_SD	environmental sample	true
GCA_001977615.1	SAMN04208607	Burkholderia pseudomallei	SC1-ENV-BROAD-ENV-SAMPLE	Environment_Broad_Scale_SD	environmental sample	true
GCA_001977645.1	SAMN04208608	Burkholderia pseudomallei	SC1-ENV-BROAD-ENV-SAMPLE	Environment_Broad_Scale_SD	environmental sample	true
GCA_001977655.1	SAMN04208609	Burkholderia pseudomallei	SC1-ENV-BROAD-ENV-SAMPLE	Environment_Broad_Scale_SD	environmental sample	true
GCA_001977675.1	SAMN04208610	Burkholderia pseudomallei	SC1-ENV-BROAD-ENV-SAMPLE	Environment_Broad_Scale_SD	environmental sample	true
GCA_001977695.1	SAMN04208611	Burkholderia pseudomallei	SC1-ENV-BROAD-ENV-SAMPLE	Environment_Broad_Scale_SD	environmental sample	true
GCA_001977725.1	SAMN04208612	Burkholderia pseudomallei	SC1-ENV-BROAD-ENV-SAMPLE	Environment_Broad_Scale_SD	environmental sample	true
GCA_001977735.1	SAMN04208614	Burkholderia pseudomallei	SC1-ENV-BROAD-ENV-SAMPLE	Environment_Broad_Scale_SD	environmental sample	true
GCA_001977745.1	SAMN04208613	Burkholderia pseudomallei	SC1-ENV-BROAD-ENV-SAMPLE	Environment_Broad_Scale_SD	environmental sample	true
GCA_001977785.1	SAMN04208618	Burkholderia pseudomallei	SC1-ENV-BROAD-ENV-SAMPLE	Environment_Broad_Scale_SD	environmental sample	true
GCA_001977805.1	SAMN04208620	Burkholderia pseudomallei	SC1-ENV-BROAD-ENV-SAMPLE	Environment_Broad_Scale_SD	environmental sample	true
GCA_001977815.1	SAMN04208621	Burkholderia pseudomallei	SC1-ENV-BROAD-ENV-SAMPLE	Environment_Broad_Scale_SD	environmental sample	true
GCA_001977825.1	SAMN04208619	Burkholderia pseudomallei	SC1-ENV-BROAD-ENV-SAMPLE	Environment_Broad_Scale_SD	environmental sample	true
GCA_001977865.1	SAMN04208622	Burkholderia pseudomallei	SC1-ENV-BROAD-ENV-SAMPLE	Environment_Broad_Scale_SD	environmental sample	true
GCA_001977875.1	SAMN04208624	Burkholderia pseudomallei	SC1-ENV-BROAD-ENV-SAMPLE	Environment_Broad_Scale_SD	environmental sample	true
GCA_001977885.1	SAMN04208625	Burkholderia pseudomallei	SC1-ENV-BROAD-ENV-SAMPLE	Environment_Broad_Scale_SD	environmental sample	true
GCA_001977915.1	SAMN04208626	Burkholderia pseudomallei	SC1-ENV-BROAD-ENV-SAMPLE	Environment_Broad_Scale_SD	environmental sample	true
GCA_001977945.1	SAMN04208627	Burkholderia pseudomallei	SC1-ENV-BROAD-ENV-SAMPLE	Environment_Broad_Scale_SD	environmental sample	true
GCA_001977955.1	SAMN04208629	Burkholderia pseudomallei	SC1-ENV-BROAD-ENV-SAMPLE	Environment_Broad_Scale_SD	environmental sample	true
GCA_001977975.1	SAMN04208628	Burkholderia pseudomallei	SC1-ENV-BROAD-ENV-SAMPLE	Environment_Broad_Scale_SD	environmental sample	true
GCA_001978005.1	SAMN04208630	Burkholderia pseudomallei	SC1-ENV-BROAD-ENV-SAMPLE	Environment_Broad_Scale_SD	environmental sample	true
GCA_001978245.1	SAMN04208657	Burkholderia pseudomallei	SC1-ENV-BROAD-ENV-SAMPLE	Environment_Broad_Scale_SD	environmental sample	true
GCA_001978265.1	SAMN04208659	Burkholderia pseudomallei	SC1-ENV-BROAD-ENV-SAMPLE	Environment_Broad_Scale_SD	environmental sample	true
GCA_001978285.1	SAMN04208658	Burkholderia pseudomallei	SC1-ENV-BROAD-ENV-SAMPLE	Environment_Broad_Scale_SD	environmental sample	true
GCA_001978295.1	SAMN04208660	Burkholderia pseudomallei	SC1-ENV-BROAD-ENV-SAMPLE	Environment_Broad_Scale_SD	environmental sample	true
GCA_001978325.1	SAMN04208662	Burkholderia pseudomallei	SC1-ENV-BROAD-ENV-SAMPLE	Environment_Broad_Scale_SD	environmental sample	true
GCA_001978345.1	SAMN04208661	Burkholderia pseudomallei	SC1-ENV-BROAD-ENV-SAMPLE	Environment_Broad_Scale_SD	environmental sample	true
GCA_001978365.1	SAMN04208664	Burkholderia pseudomallei	SC1-ENV-BROAD-ENV-SAMPLE	Environment_Broad_Scale_SD	environmental sample	true
GCA_001978385.1	SAMN04208663	Burkholderia pseudomallei	SC1-ENV-BROAD-ENV-SAMPLE	Environment_Broad_Scale_SD	environmental sample	true
GCA_001978405.1	SAMN04208665	Burkholderia pseudomallei	SC1-ENV-BROAD-ENV-SAMPLE	Environment_Broad_Scale_SD	environmental sample	true
GCA_001978415.1	SAMN04208666	Burkholderia pseudomallei	SC1-ENV-BROAD-ENV-SAMPLE	Environment_Broad_Scale_SD	environmental sample	true
GCA_001978445.1	SAMN04208667	Burkholderia pseudomallei	SC1-ENV-BROAD-ENV-SAMPLE	Environment_Broad_Scale_SD	environmental sample	true
GCA_001978455.1	SAMN04208668	Burkholderia pseudomallei	SC1-ENV-BROAD-ENV-SAMPLE	Environment_Broad_Scale_SD	environmental sample	true
GCA_001978485.1	SAMN04208670	Burkholderia pseudomallei	SC1-ENV-BROAD-ENV-SAMPLE	Environment_Broad_Scale_SD	environmental sample	true
GCA_001978505.1	SAMN04208669	Burkholderia pseudomallei	SC1-ENV-BROAD-ENV-SAMPLE	Environment_Broad_Scale_SD	environmental sample	true
GCA_001978515.1	SAMN04208671	Burkholderia pseudomallei	SC1-ENV-BROAD-ENV-SAMPLE	Environment_Broad_Scale_SD	environmental sample	true
GCA_001978525.1	SAMN04208672	Burkholderia pseudomallei	SC1-ENV-BROAD-ENV-SAMPLE	Environment_Broad_Scale_SD	environmental sample	true
GCA_001978565.1	SAMN04208673	Burkholderia pseudomallei	SC1-ENV-BROAD-ENV-SAMPLE	Environment_Broad_Scale_SD	environmental sample	true
GCA_001978585.1	SAMN04208674	Burkholderia pseudomallei	SC1-ENV-BROAD-ENV-SAMPLE	Environment_Broad_Scale_SD	environmental sample	true
GCA_001978605.1	SAMN04208675	Burkholderia pseudomallei	SC1-ENV-BROAD-ENV-SAMPLE	Environment_Broad_Scale_SD	environmental sample	true
GCA_001978615.1	SAMN04208676	Burkholderia pseudomallei	SC1-ENV-BROAD-ENV-SAMPLE	Environment_Broad_Scale_SD	environmental sample	true
GCA_001978635.1	SAMN04208677	Burkholderia pseudomallei	SC1-ENV-BROAD-ENV-SAMPLE	Environment_Broad_Scale_SD	environmental sample	true
GCA_001978665.1	SAMN04208678	Burkholderia pseudomallei	SC1-ENV-BROAD-ENV-SAMPLE	Environment_Broad_Scale_SD	environmental sample	true
GCA_001978675.1	SAMN04208680	Burkholderia pseudomallei	SC1-ENV-BROAD-ENV-SAMPLE	Environment_Broad_Scale_SD	environmental sample	true
GCA_001978705.1	SAMN04208679	Burkholderia pseudomallei	SC1-ENV-BROAD-ENV-SAMPLE	Environment_Broad_Scale_SD	environmental sample	true
GCA_001978725.1	SAMN04208681	Burkholderia pseudomallei	SC1-ENV-BROAD-ENV-SAMPLE	Environment_Broad_Scale_SD	environmental sample	true
GCA_001978745.1	SAMN04208683	Burkholderia pseudomallei	SC1-ENV-BROAD-ENV-SAMPLE	Environment_Broad_Scale_SD	environmental sample	true
GCA_001978765.1	SAMN04208682	Burkholderia pseudomallei	SC1-ENV-BROAD-ENV-SAMPLE	Environment_Broad_Scale_SD	environmental sample	true
GCA_001978785.1	SAMN04208684	Burkholderia pseudomallei	SC1-ENV-BROAD-ENV-SAMPLE	Environment_Broad_Scale_SD	environmental sample	true
GCA_001978795.1	SAMN04208685	Burkholderia pseudomallei	SC1-ENV-BROAD-ENV-SAMPLE	Environment_Broad_Scale_SD	environmental sample	true
GCA_001978825.1	SAMN04208687	Burkholderia pseudomallei	SC1-ENV-BROAD-ENV-SAMPLE	Environment_Broad_Scale_SD	environmental sample	true
GCA_001978835.1	SAMN04208688	Burkholderia pseudomallei	SC1-ENV-BROAD-ENV-SAMPLE	Environment_Broad_Scale_SD	environmental sample	true
GCA_001978865.1	SAMN04208689	Burkholderia pseudomallei	SC1-ENV-BROAD-ENV-SAMPLE	Environment_Broad_Scale_SD	environmental sample	true
GCA_001978875.1	SAMN04208690	Burkholderia pseudomallei	SC1-ENV-BROAD-ENV-SAMPLE	Environment_Broad_Scale_SD	environmental sample	true
GCA_001978905.1	SAMN04208692	Burkholderia pseudomallei	SC1-ENV-BROAD-ENV-SAMPLE	Environment_Broad_Scale_SD	environmental sample	true
GCA_001978925.1	SAMN04208693	Burkholderia pseudomallei	SC1-ENV-BROAD-ENV-SAMPLE	Environment_Broad_Scale_SD	environmental sample	true
GCA_001978935.1	SAMN04208694	Burkholderia pseudomallei	SC1-ENV-BROAD-ENV-SAMPLE	Environment_Broad_Scale_SD	environmental sample	true
GCA_001978965.1	SAMN04208695	Burkholderia pseudomallei	SC1-ENV-BROAD-ENV-SAMPLE	Environment_Broad_Scale_SD	environmental sample	true
GCA_001978985.1	SAMN04208696	Burkholderia pseudomallei	SC1-ENV-BROAD-ENV-SAMPLE	Environment_Broad_Scale_SD	environmental sample	true
GCA_001978995.1	SAMN04208699	Burkholderia pseudomallei	SC1-ENV-BROAD-ENV-SAMPLE	Environment_Broad_Scale_SD	environmental sample	true
GCA_001979015.1	SAMN04208697	Burkholderia pseudomallei	SC1-ENV-BROAD-ENV-SAMPLE	Environment_Broad_Scale_SD	environmental sample	true
GCA_001979045.1	SAMN04208700	Burkholderia pseudomallei	SC1-ENV-BROAD-ENV-SAMPLE	Environment_Broad_Scale_SD	environmental sample	true
GCA_001979065.1	SAMN04208701	Burkholderia pseudomallei	SC1-ENV-BROAD-ENV-SAMPLE	Environment_Broad_Scale_SD	environmental sample	true
GCA_001979895.1	SAMN04208747	Burkholderia pseudomallei	SC1-ENV-BROAD-ENV-SAMPLE	Environment_Broad_Scale_SD	environmental sample	true
GCA_001979945.1	SAMN04208748	Burkholderia pseudomallei	SC1-ENV-BROAD-ENV-SAMPLE	Environment_Broad_Scale_SD	environmental sample	true
GCA_001980065.1	SAMN04208754	Burkholderia pseudomallei	SC1-ENV-BROAD-ENV-SAMPLE	Environment_Broad_Scale_SD	environmental sample	true
GCA_001980125.1	SAMN04208757	Burkholderia pseudomallei	SC1-ENV-BROAD-ENV-SAMPLE	Environment_Broad_Scale_SD	environmental sample	true
GCA_001980145.1	SAMN04208758	Burkholderia pseudomallei	SC1-ENV-BROAD-ENV-SAMPLE	Environment_Broad_Scale_SD	environmental sample	true
GCA_001980215.1	SAMN04208763	Burkholderia pseudomallei	SC1-ENV-BROAD-ENV-SAMPLE	Environment_Broad_Scale_SD	environmental sample	true
GCA_001980245.1	SAMN04208764	Burkholderia pseudomallei	SC1-ENV-BROAD-ENV-SAMPLE	Environment_Broad_Scale_SD	environmental sample	true
GCA_001980265.1	SAMN04208762	Burkholderia pseudomallei	SC1-ENV-BROAD-ENV-SAMPLE	Environment_Broad_Scale_SD	environmental sample	true
GCA_001980275.1	SAMN04208765	Burkholderia pseudomallei	SC1-ENV-BROAD-ENV-SAMPLE	Environment_Broad_Scale_SD	environmental sample	true
GCA_001980305.1	SAMN04208766	Burkholderia pseudomallei	SC1-ENV-BROAD-ENV-SAMPLE	Environment_Broad_Scale_SD	environmental sample	true
GCA_001980315.1	SAMN04208767	Burkholderia pseudomallei	SC1-ENV-BROAD-ENV-SAMPLE	Environment_Broad_Scale_SD	environmental sample	true
GCA_001980565.1	SAMN04208779	Burkholderia pseudomallei	SC1-ENV-BROAD-ENV-SAMPLE	Environment_Broad_Scale_SD	environmental sample	true
GCA_001989415.1	SAMN06061931	Prochlorococcus sp. RSP50	SC1-ENV-MEDIUM-MARINE	Environment_Medium_SD	marine	true
GCA_001989455.1	SAMN06061933	Prochlorococcus sp. RS04	SC1-ENV-MEDIUM-MARINE	Environment_Medium_SD	marine	true
GCA_001996325.1	SAMN06060101	Stutzerimonas degradans	SC1-ENV-LOCAL-AGRICULTURAL-ENV	Environment_Local_Scale_SD	agricultural environment	true
GCA_001999005.1	SAMN06297521	Listeria monocytogenes	SC1-ENV-BROAD-ENV-SAMPLE	Environment_Broad_Scale_SD	environmental sample	true
GCA_001999025.1	SAMN06297522	Listeria monocytogenes	SC1-ENV-BROAD-ENV-SAMPLE	Environment_Broad_Scale_SD	environmental sample	true
GCA_001999045.1	SAMN06297524	Listeria monocytogenes	SC1-ENV-BROAD-ENV-SAMPLE	Environment_Broad_Scale_SD	environmental sample	true
GCA_001999065.1	SAMN06297525	Listeria monocytogenes	SC1-ENV-BROAD-ENV-SAMPLE	Environment_Broad_Scale_SD	environmental sample	true
GCA_001999165.1	SAMN06297605	Listeria monocytogenes	SC1-ENV-BROAD-ENV-SAMPLE	Environment_Broad_Scale_SD	environmental sample	true
GCA_001999725.1	SAMN05554149	Cellulophaga omnivescoria	SC1-ENV-MEDIUM-MARINE	Environment_Medium_SD	marine	true
GCA_002003685.1	SAMN03159271	Pedobacter himalayensis	SC1-ENV-MEDIUM-GLACIER	Environment_Medium_SD	glacier	true
GCA_002016665.1	SAMN03285319	Listeria monocytogenes	SC1-ENV-BROAD-ENV-SAMPLE	Environment_Broad_Scale_SD	environmental sample	true
GCA_002040765.1	SAMN06074087	Salmonella enterica subsp. enterica serovar Enteritidis	SC1-ENV-BROAD-ENV-SAMPLE	Environment_Broad_Scale_SD	environmental sample	true
GCA_002040835.1	SAMN06074083	Salmonella enterica subsp. enterica serovar Enteritidis	SC1-ENV-BROAD-ENV-SAMPLE	Environment_Broad_Scale_SD	environmental sample	true
GCA_002041095.1	SAMN06074123	Salmonella enterica subsp. enterica serovar Enteritidis	SC1-ENV-BROAD-ENV-SAMPLE	Environment_Broad_Scale_SD	environmental sample	true
GCA_002041145.1	SAMN06074122	Salmonella enterica subsp. enterica serovar Enteritidis	SC1-ENV-BROAD-ENV-SAMPLE	Environment_Broad_Scale_SD	environmental sample	true
GCA_002041175.1	SAMN06074117	Salmonella enterica subsp. enterica serovar Enteritidis	SC1-ENV-BROAD-ENV-SAMPLE	Environment_Broad_Scale_SD	environmental sample	true
GCA_002041205.1	SAMN06074121	Salmonella enterica subsp. enterica serovar Enteritidis	SC1-ENV-BROAD-ENV-SAMPLE	Environment_Broad_Scale_SD	environmental sample	true
GCA_002041245.1	SAMN06074116	Salmonella enterica subsp. enterica serovar Enteritidis	SC1-ENV-BROAD-ENV-SAMPLE	Environment_Broad_Scale_SD	environmental sample	true
GCA_002041305.1	SAMN06074115	Salmonella enterica subsp. enterica serovar Enteritidis	SC1-ENV-BROAD-ENV-SAMPLE	Environment_Broad_Scale_SD	environmental sample	true
GCA_002041345.1	SAMN06074111	Salmonella enterica subsp. enterica serovar Enteritidis	SC1-ENV-BROAD-ENV-SAMPLE	Environment_Broad_Scale_SD	environmental sample	true
GCA_002041365.1	SAMN06074162	Salmonella enterica subsp. enterica serovar Enteritidis	SC1-ENV-BROAD-ENV-SAMPLE	Environment_Broad_Scale_SD	environmental sample	true
GCA_002042255.1	SAMN06074120	Salmonella enterica subsp. enterica serovar Enteritidis	SC1-ENV-BROAD-ENV-SAMPLE	Environment_Broad_Scale_SD	environmental sample	true
GCA_002042325.1	SAMN06074109	Salmonella enterica subsp. enterica serovar Enteritidis	SC1-ENV-BROAD-ENV-SAMPLE	Environment_Broad_Scale_SD	environmental sample	true
GCA_002068195.1	SAMN05004233	candidate division BRC1 bacterium ADurb.BinA364	SC1-ENV-BROAD-WASTEWATER	Environment_Local_Scale_SD	activated sludge	true
GCA_002068205.1	SAMN05004231	candidate division BRC1 bacterium ADurb.BinA292	SC1-ENV-BROAD-WASTEWATER	Environment_Local_Scale_SD	activated sludge	true
GCA_002068215.1	SAMN05004234	Bacteroidetes bacterium ADurb.BinA395	SC1-ENV-BROAD-WASTEWATER	Environment_Local_Scale_SD	activated sludge	true
GCA_002068225.1	SAMN05004232	Alphaproteobacteria bacterium ADurb.BinA305	SC1-ENV-BROAD-WASTEWATER	Environment_Local_Scale_SD	activated sludge	true
GCA_002068275.1	SAMN05004230	Alphaproteobacteria bacterium ADurb.BinA280	SC1-ENV-BROAD-WASTEWATER	Environment_Local_Scale_SD	activated sludge	true
GCA_002068285.1	SAMN05004229	Bacteroidetes bacterium ADurb.BinA261	SC1-ENV-BROAD-WASTEWATER	Environment_Local_Scale_SD	activated sludge	true
GCA_002068295.1	SAMN05004226	bacterium ADurb.BinA186	SC1-ENV-BROAD-WASTEWATER	Environment_Local_Scale_SD	activated sludge	true
GCA_002068325.1	SAMN05004225	Lentisphaerae bacterium ADurb.BinA184	SC1-ENV-BROAD-WASTEWATER	Environment_Local_Scale_SD	activated sludge	true
GCA_002068355.1	SAMN05004222	Synergistetes bacterium ADurb.BinA166	SC1-ENV-BROAD-WASTEWATER	Environment_Local_Scale_SD	activated sludge	true
GCA_002068365.1	SAMN05004224	Deltaproteobacteria bacterium ADurb.BinA179	SC1-ENV-BROAD-WASTEWATER	Environment_Local_Scale_SD	activated sludge	true
GCA_002068375.1	SAMN05004221	Tenericutes bacterium ADurb.BinA155	SC1-ENV-BROAD-WASTEWATER	Environment_Local_Scale_SD	activated sludge	true
GCA_002068415.1	SAMN05004220	Tenericutes bacterium ADurb.BinA124	SC1-ENV-BROAD-WASTEWATER	Environment_Local_Scale_SD	activated sludge	true
GCA_002068445.1	SAMN05004218	Bacteroidetes bacterium ADurb.BinA104	SC1-ENV-BROAD-WASTEWATER	Environment_Local_Scale_SD	activated sludge	true
GCA_002068455.1	SAMN05004215	Firmicutes bacterium ADurb.BinA052	SC1-ENV-BROAD-WASTEWATER	Environment_Local_Scale_SD	activated sludge	true
GCA_002068465.1	SAMN05004212	Bacteroidetes bacterium ADurb.BinA012	SC1-ENV-BROAD-WASTEWATER	Environment_Local_Scale_SD	activated sludge	true
GCA_002068515.1	SAMN05004211	Synergistetes bacterium ADurb.Bin520	SC1-ENV-BROAD-WASTEWATER	Environment_Local_Scale_SD	activated sludge	true
GCA_002068525.1	SAMN05004209	Candidatus Aminicenantes bacterium ADurb.Bin508	SC1-ENV-BROAD-WASTEWATER	Environment_Local_Scale_SD	activated sludge	true
GCA_002068545.1	SAMN05004208	Firmicutes bacterium ADurb.Bin506	SC1-ENV-BROAD-WASTEWATER	Environment_Local_Scale_SD	activated sludge	true
GCA_002068575.1	SAMN05004202	Actinobacteria bacterium ADurb.Bin444	SC1-ENV-BROAD-WASTEWATER	Environment_Local_Scale_SD	activated sludge	true
GCA_002068595.1	SAMN05004201	Alphaproteobacteria bacterium ADurb.Bin438	SC1-ENV-BROAD-WASTEWATER	Environment_Local_Scale_SD	activated sludge	true
GCA_002068615.1	SAMN05004199	bacterium ADurb.Bin429	SC1-ENV-BROAD-WASTEWATER	Environment_Local_Scale_SD	activated sludge	true
GCA_002068625.1	SAMN05004198	bacterium ADurb.Bin425	SC1-ENV-BROAD-WASTEWATER	Environment_Local_Scale_SD	activated sludge	true
GCA_002068635.1	SAMN05004192	Planctomycetes bacterium ADurb.Bin401	SC1-ENV-BROAD-WASTEWATER	Environment_Local_Scale_SD	activated sludge	true
GCA_002068695.1	SAMN05004190	Bacteroidetes bacterium ADurb.Bin397	SC1-ENV-BROAD-WASTEWATER	Environment_Local_Scale_SD	activated sludge	true
GCA_002068705.1	SAMN05004188	Firmicutes bacterium ADurb.Bin373	SC1-ENV-BROAD-WASTEWATER	Environment_Local_Scale_SD	activated sludge	true
GCA_002068715.1	SAMN05004189	bacterium ADurb.Bin374	SC1-ENV-BROAD-WASTEWATER	Environment_Local_Scale_SD	activated sludge	true
GCA_002068755.1	SAMN05004186	Chloroflexi bacterium ADurb.Bin360	SC1-ENV-BROAD-WASTEWATER	Environment_Local_Scale_SD	activated sludge	true
GCA_002068765.1	SAMN05004184	Firmicutes bacterium ADurb.Bin354	SC1-ENV-BROAD-WASTEWATER	Environment_Local_Scale_SD	activated sludge	true
GCA_002068775.1	SAMN05004183	Actinobacteria bacterium ADurb.Bin346	SC1-ENV-BROAD-WASTEWATER	Environment_Local_Scale_SD	activated sludge	true
GCA_002068815.1	SAMN05004204	Firmicutes bacterium ADurb.Bin467	SC1-ENV-BROAD-WASTEWATER	Environment_Local_Scale_SD	activated sludge	true
GCA_002068835.1	SAMN05004179	Acidobacteria bacterium ADurb.Bin340	SC1-ENV-BROAD-WASTEWATER	Environment_Local_Scale_SD	activated sludge	true
GCA_002068845.1	SAMN05004181	Chloroflexi bacterium ADurb.Bin344	SC1-ENV-BROAD-WASTEWATER	Environment_Local_Scale_SD	activated sludge	true
GCA_002068855.1	SAMN05004180	Betaproteobacteria bacterium ADurb.Bin341	SC1-ENV-BROAD-WASTEWATER	Environment_Local_Scale_SD	activated sludge	true
GCA_002068915.1	SAMN05004176	Parcubacteria group bacterium ADurb.Bin326	SC1-ENV-BROAD-WASTEWATER	Environment_Local_Scale_SD	activated sludge	true
GCA_002068925.1	SAMN05004177	Candidatus Dependentiae bacterium ADurb.Bin331	SC1-ENV-BROAD-WASTEWATER	Environment_Local_Scale_SD	activated sludge	true
GCA_002068935.1	SAMN05004175	Chloroflexi bacterium ADurb.Bin325	SC1-ENV-BROAD-WASTEWATER	Environment_Local_Scale_SD	activated sludge	true
GCA_002068945.1	SAMN05004172	Candidatus Omnitrophica bacterium ADurb.Bin314	SC1-ENV-BROAD-WASTEWATER	Environment_Local_Scale_SD	activated sludge	true
GCA_002069015.1	SAMN05004169	Firmicutes bacterium ADurb.Bin300	SC1-ENV-BROAD-WASTEWATER	Environment_Local_Scale_SD	activated sludge	true
GCA_002069025.1	SAMN05004170	Bacteroidetes bacterium ADurb.Bin302	SC1-ENV-BROAD-WASTEWATER	Environment_Local_Scale_SD	activated sludge	true
GCA_002069035.1	SAMN05004165	Candidatus Omnitrophica bacterium ADurb.Bin277	SC1-ENV-BROAD-WASTEWATER	Environment_Local_Scale_SD	activated sludge	true
GCA_002069045.1	SAMN05004228	Bacteroidetes bacterium ADurb.BinA245	SC1-ENV-BROAD-WASTEWATER	Environment_Local_Scale_SD	activated sludge	true
GCA_002069095.1	SAMN05004223	Bacteroidetes bacterium ADurb.BinA174	SC1-ENV-BROAD-WASTEWATER	Environment_Local_Scale_SD	activated sludge	true
GCA_002069115.1	SAMN05004227	Firmicutes bacterium ADurb.BinA205	SC1-ENV-BROAD-WASTEWATER	Environment_Local_Scale_SD	activated sludge	true
GCA_002069125.1	SAMN05004219	Spirochaetes bacterium ADurb.BinA120	SC1-ENV-BROAD-WASTEWATER	Environment_Local_Scale_SD	activated sludge	true
GCA_002069135.1	SAMN05004217	Actinobacteria bacterium ADurb.BinA094	SC1-ENV-BROAD-WASTEWATER	Environment_Local_Scale_SD	activated sludge	true
GCA_002069195.1	SAMN05004214	bacterium ADurb.BinA028	SC1-ENV-BROAD-WASTEWATER	Environment_Local_Scale_SD	activated sludge	true
GCA_002069205.1	SAMN05004210	Deltaproteobacteria bacterium ADurb.Bin510	SC1-ENV-BROAD-WASTEWATER	Environment_Local_Scale_SD	activated sludge	true
GCA_002069215.1	SAMN05004213	Deltaproteobacteria bacterium ADurb.BinA014	SC1-ENV-BROAD-WASTEWATER	Environment_Local_Scale_SD	activated sludge	true
GCA_002069255.1	SAMN05004206	bacterium ADurb.Bin478	SC1-ENV-BROAD-WASTEWATER	Environment_Local_Scale_SD	activated sludge	true
GCA_002069265.1	SAMN05004203	Firmicutes bacterium ADurb.Bin456	SC1-ENV-BROAD-WASTEWATER	Environment_Local_Scale_SD	activated sludge	true
GCA_002069295.1	SAMN05004200	bacterium ADurb.Bin431	SC1-ENV-BROAD-WASTEWATER	Environment_Local_Scale_SD	activated sludge	true
GCA_002069305.1	SAMN05004205	Verrucomicrobia bacterium ADurb.Bin474	SC1-ENV-BROAD-WASTEWATER	Environment_Local_Scale_SD	activated sludge	true
GCA_002069335.1	SAMN05004197	Firmicutes bacterium ADurb.Bin419	SC1-ENV-BROAD-WASTEWATER	Environment_Local_Scale_SD	activated sludge	true
GCA_002069345.1	SAMN05004195	Bacteroidetes bacterium ADurb.Bin416	SC1-ENV-BROAD-WASTEWATER	Environment_Local_Scale_SD	activated sludge	true
GCA_002069365.1	SAMN05004196	candidate division TA06 bacterium ADurb.Bin417	SC1-ENV-BROAD-WASTEWATER	Environment_Local_Scale_SD	activated sludge	true
GCA_002069395.1	SAMN05004194	Planctomycetes bacterium ADurb.Bin412	SC1-ENV-BROAD-WASTEWATER	Environment_Local_Scale_SD	activated sludge	true
GCA_002069415.1	SAMN05004191	bacterium ADurb.Bin400	SC1-ENV-BROAD-WASTEWATER	Environment_Local_Scale_SD	activated sludge	true
GCA_002069425.1	SAMN05004193	Bacteroidetes bacterium ADurb.Bin408	SC1-ENV-BROAD-WASTEWATER	Environment_Local_Scale_SD	activated sludge	true
GCA_002069435.1	SAMN05004187	bacterium ADurb.Bin363	SC1-ENV-BROAD-WASTEWATER	Environment_Local_Scale_SD	activated sludge	true
GCA_002069475.1	SAMN05004185	Firmicutes bacterium ADurb.Bin356	SC1-ENV-BROAD-WASTEWATER	Environment_Local_Scale_SD	activated sludge	true
GCA_002069495.1	SAMN05004182	Verrucomicrobia bacterium ADurb.Bin345	SC1-ENV-BROAD-WASTEWATER	Environment_Local_Scale_SD	activated sludge	true
GCA_002069505.1	SAMN05004174	Parcubacteria group bacterium ADurb.Bin316	SC1-ENV-BROAD-WASTEWATER	Environment_Local_Scale_SD	activated sludge	true
GCA_002069525.1	SAMN05004171	Parcubacteria group bacterium ADurb.Bin305	SC1-ENV-BROAD-WASTEWATER	Environment_Local_Scale_SD	activated sludge	true
GCA_002069535.1	SAMN05004173	Spirochaetes bacterium ADurb.Bin315	SC1-ENV-BROAD-WASTEWATER	Environment_Local_Scale_SD	activated sludge	true
GCA_002069585.1	SAMN05004167	Candidatus Omnitrophica bacterium ADurb.Bin292	SC1-ENV-BROAD-WASTEWATER	Environment_Local_Scale_SD	activated sludge	true
GCA_002069605.1	SAMN05004164	Candidatus Atribacter allofermentans	SC1-ENV-BROAD-WASTEWATER	Environment_Local_Scale_SD	activated sludge	true
GCA_002069625.1	SAMN05004163	bacterium ADurb.Bin270	SC1-ENV-BROAD-WASTEWATER	Environment_Local_Scale_SD	activated sludge	true
GCA_002069655.1	SAMN05004162	Spirochaetes bacterium ADurb.Bin269	SC1-ENV-BROAD-WASTEWATER	Environment_Local_Scale_SD	activated sludge	true
GCA_002069665.1	SAMN05004161	Ignavibacteria bacterium ADurb.Bin266	SC1-ENV-BROAD-WASTEWATER	Environment_Local_Scale_SD	activated sludge	true
GCA_002069695.1	SAMN05004160	Firmicutes bacterium ADurb.Bin262	SC1-ENV-BROAD-WASTEWATER	Environment_Local_Scale_SD	activated sludge	true
GCA_002069725.1	SAMN05004158	Firmicutes bacterium ADurb.Bin248	SC1-ENV-BROAD-WASTEWATER	Environment_Local_Scale_SD	activated sludge	true
GCA_002069755.1	SAMN05004157	Parcubacteria group bacterium ADurb.Bin247	SC1-ENV-BROAD-WASTEWATER	Environment_Local_Scale_SD	activated sludge	true
GCA_002069765.1	SAMN05004155	bacterium ADurb.Bin243	SC1-ENV-BROAD-WASTEWATER	Environment_Local_Scale_SD	activated sludge	true
GCA_002069775.1	SAMN05004156	Candidatus Dependentiae bacterium ADurb.Bin246	SC1-ENV-BROAD-WASTEWATER	Environment_Local_Scale_SD	activated sludge	true
GCA_002069785.1	SAMN05004154	Lentisphaerae bacterium ADurb.Bin242	SC1-ENV-BROAD-WASTEWATER	Environment_Local_Scale_SD	activated sludge	true
GCA_002069815.1	SAMN05004153	Tenericutes bacterium ADurb.Bin239	SC1-ENV-BROAD-WASTEWATER	Environment_Local_Scale_SD	activated sludge	true
GCA_002069855.1	SAMN05004149	Elusimicrobia bacterium ADurb.Bin231	SC1-ENV-BROAD-WASTEWATER	Environment_Local_Scale_SD	activated sludge	true
GCA_002069875.1	SAMN05004152	Microgenomates group bacterium ADurb.Bin238	SC1-ENV-BROAD-WASTEWATER	Environment_Local_Scale_SD	activated sludge	true
GCA_002069885.1	SAMN05004151	bacterium ADurb.Bin236	SC1-ENV-BROAD-WASTEWATER	Environment_Local_Scale_SD	activated sludge	true
GCA_002069895.1	SAMN05004150	Bacteroidetes bacterium ADurb.Bin234	SC1-ENV-BROAD-WASTEWATER	Environment_Local_Scale_SD	activated sludge	true
GCA_002069935.1	SAMN05004148	Chloroflexi bacterium ADurb.Bin222	SC1-ENV-BROAD-WASTEWATER	Environment_Local_Scale_SD	activated sludge	true
GCA_002069945.1	SAMN05004147	Microgenomates group bacterium ADurb.Bin219	SC1-ENV-BROAD-WASTEWATER	Environment_Local_Scale_SD	activated sludge	true
GCA_002069965.1	SAMN05004146	Spirochaetes bacterium ADurb.Bin218	SC1-ENV-BROAD-WASTEWATER	Environment_Local_Scale_SD	activated sludge	true
GCA_002069975.1	SAMN05004145	Bacteroidetes bacterium ADurb.Bin217	SC1-ENV-BROAD-WASTEWATER	Environment_Local_Scale_SD	activated sludge	true
GCA_002070005.1	SAMN05004144	Parcubacteria group bacterium ADurb.Bin216	SC1-ENV-BROAD-WASTEWATER	Environment_Local_Scale_SD	activated sludge	true
GCA_002070025.1	SAMN05004143	Spirochaetes bacterium ADurb.Bin215	SC1-ENV-BROAD-WASTEWATER	Environment_Local_Scale_SD	activated sludge	true
GCA_002070045.1	SAMN05004141	Candidatus Cloacimonetes bacterium ADurb.Bin211	SC1-ENV-BROAD-WASTEWATER	Environment_Local_Scale_SD	activated sludge	true
GCA_002070055.1	SAMN05004142	bacterium ADurb.Bin212	SC1-ENV-BROAD-WASTEWATER	Environment_Local_Scale_SD	activated sludge	true
GCA_002070095.1	SAMN05004137	Parcubacteria group bacterium ADurb.Bin192	SC1-ENV-BROAD-WASTEWATER	Environment_Local_Scale_SD	activated sludge	true
GCA_002070105.1	SAMN05004138	Firmicutes bacterium ADurb.Bin193	SC1-ENV-BROAD-WASTEWATER	Environment_Local_Scale_SD	activated sludge	true
GCA_002070115.1	SAMN05004140	Deltaproteobacteria bacterium ADurb.Bin207	SC1-ENV-BROAD-WASTEWATER	Environment_Local_Scale_SD	activated sludge	true
GCA_002070125.1	SAMN05004139	Candidatus Omnitrophica bacterium ADurb.Bin205	SC1-ENV-BROAD-WASTEWATER	Environment_Local_Scale_SD	activated sludge	true
GCA_002070185.1	SAMN05004135	candidate division BRC1 bacterium ADurb.Bin183	SC1-ENV-BROAD-WASTEWATER	Environment_Local_Scale_SD	activated sludge	true
GCA_002070205.1	SAMN05004134	Firmicutes bacterium ADurb.Bin182	SC1-ENV-BROAD-WASTEWATER	Environment_Local_Scale_SD	activated sludge	true
GCA_002070215.1	SAMN05004133	Chloroflexi bacterium ADurb.Bin180	SC1-ENV-BROAD-WASTEWATER	Environment_Local_Scale_SD	activated sludge	true
GCA_002070245.1	SAMN05004132	Candidatus Hydrogenedentes bacterium ADurb.Bin179	SC1-ENV-BROAD-WASTEWATER	Environment_Local_Scale_SD	activated sludge	true
GCA_002070265.1	SAMN05004131	Bacteroidetes bacterium ADurb.Bin174	SC1-ENV-BROAD-WASTEWATER	Environment_Local_Scale_SD	activated sludge	true
GCA_002070275.1	SAMN05004130	Candidatus Hydrogenedentes bacterium ADurb.Bin170	SC1-ENV-BROAD-WASTEWATER	Environment_Local_Scale_SD	activated sludge	true
GCA_002070295.1	SAMN05004129	Candidatus Latescibacteria bacterium ADurb.Bin168	SC1-ENV-BROAD-WASTEWATER	Environment_Local_Scale_SD	activated sludge	true
GCA_002070335.1	SAMN05004127	candidate division CPR1 bacterium ADurb.Bin160	SC1-ENV-BROAD-WASTEWATER	Environment_Local_Scale_SD	activated sludge	true
GCA_002070355.1	SAMN05004126	Parcubacteria group bacterium ADurb.Bin159	SC1-ENV-BROAD-WASTEWATER	Environment_Local_Scale_SD	activated sludge	true
GCA_002070375.1	SAMN05004125	bacterium ADurb.Bin157	SC1-ENV-BROAD-WASTEWATER	Environment_Local_Scale_SD	activated sludge	true
GCA_002070395.1	SAMN05004124	Synergistetes bacterium ADurb.Bin155	SC1-ENV-BROAD-WASTEWATER	Environment_Local_Scale_SD	activated sludge	true
GCA_002070415.1	SAMN05004123	Firmicutes bacterium ADurb.Bin153	SC1-ENV-BROAD-WASTEWATER	Environment_Local_Scale_SD	activated sludge	true
GCA_002070455.1	SAMN05004122	Deltaproteobacteria bacterium ADurb.Bin151	SC1-ENV-BROAD-WASTEWATER	Environment_Local_Scale_SD	activated sludge	true
GCA_002070465.1	SAMN05004121	Candidatus Aminicenantes bacterium ADurb.Bin147	SC1-ENV-BROAD-WASTEWATER	Environment_Local_Scale_SD	activated sludge	true
GCA_002070475.1	SAMN05004120	Firmicutes bacterium ADurb.Bin146	SC1-ENV-BROAD-WASTEWATER	Environment_Local_Scale_SD	activated sludge	true
GCA_002070505.1	SAMN05004119	Bacteroidetes bacterium ADurb.Bin145	SC1-ENV-BROAD-WASTEWATER	Environment_Local_Scale_SD	activated sludge	true
GCA_002070515.1	SAMN05004118	Bacteroidetes bacterium ADurb.Bin141	SC1-ENV-BROAD-WASTEWATER	Environment_Local_Scale_SD	activated sludge	true
GCA_002070525.1	SAMN05004117	Tenericutes bacterium ADurb.Bin140	SC1-ENV-BROAD-WASTEWATER	Environment_Local_Scale_SD	activated sludge	true
GCA_002070565.1	SAMN05004116	Bacteroidetes bacterium ADurb.Bin139	SC1-ENV-BROAD-WASTEWATER	Environment_Local_Scale_SD	activated sludge	true
GCA_002070575.1	SAMN05004115	Deltaproteobacteria bacterium ADurb.Bin135	SC1-ENV-BROAD-WASTEWATER	Environment_Local_Scale_SD	activated sludge	true
GCA_002070605.1	SAMN05004114	Spirochaetes bacterium ADurb.Bin133	SC1-ENV-BROAD-WASTEWATER	Environment_Local_Scale_SD	activated sludge	true
GCA_002070635.1	SAMN05004113	bacterium ADurb.Bin132	SC1-ENV-BROAD-WASTEWATER	Environment_Local_Scale_SD	activated sludge	true
GCA_002070645.1	SAMN05004112	candidate division TA06 bacterium ADurb.Bin131	SC1-ENV-BROAD-WASTEWATER	Environment_Local_Scale_SD	activated sludge	true
GCA_002070655.1	SAMN05004110	Bacteroidetes bacterium ADurb.Bin123	SC1-ENV-BROAD-WASTEWATER	Environment_Local_Scale_SD	activated sludge	true
GCA_002070675.1	SAMN05004108	Chloroflexi bacterium ADurb.Bin120	SC1-ENV-BROAD-WASTEWATER	Environment_Local_Scale_SD	activated sludge	true
GCA_002070715.1	SAMN05004107	Verrucomicrobia bacterium ADurb.Bin118	SC1-ENV-BROAD-WASTEWATER	Environment_Local_Scale_SD	activated sludge	true
GCA_002070725.1	SAMN05004106	Candidatus Cloacimonetes bacterium ADurb.Bin117	SC1-ENV-BROAD-WASTEWATER	Environment_Local_Scale_SD	activated sludge	true
GCA_002070735.1	SAMN05004105	Parcubacteria group bacterium ADurb.Bin115	SC1-ENV-BROAD-WASTEWATER	Environment_Local_Scale_SD	activated sludge	true
GCA_002070755.1	SAMN05004104	Spirochaetes bacterium ADurb.Bin110	SC1-ENV-BROAD-WASTEWATER	Environment_Local_Scale_SD	activated sludge	true
GCA_002070785.1	SAMN05004103	Candidatus Hydrogenedentes bacterium ADurb.Bin101	SC1-ENV-BROAD-WASTEWATER	Environment_Local_Scale_SD	activated sludge	true
GCA_002070795.1	SAMN05004102	Alphaproteobacteria bacterium ADurb.Bin100	SC1-ENV-BROAD-WASTEWATER	Environment_Local_Scale_SD	activated sludge	true
GCA_002070825.1	SAMN05004109	Verrucomicrobia bacterium ADurb.Bin122	SC1-ENV-BROAD-WASTEWATER	Environment_Local_Scale_SD	activated sludge	true
GCA_002070835.1	SAMN05004101	Firmicutes bacterium ADurb.Bin099	SC1-ENV-BROAD-WASTEWATER	Environment_Local_Scale_SD	activated sludge	true
GCA_002070845.1	SAMN05004100	Bacteroidetes bacterium ADurb.Bin090	SC1-ENV-BROAD-WASTEWATER	Environment_Local_Scale_SD	activated sludge	true
GCA_002070875.1	SAMN05004099	Candidatus Cloacimonetes bacterium ADurb.Bin089	SC1-ENV-BROAD-WASTEWATER	Environment_Local_Scale_SD	activated sludge	true
GCA_002070895.1	SAMN05004098	Candidatus Cloacimonetes bacterium ADurb.Bin088	SC1-ENV-BROAD-WASTEWATER	Environment_Local_Scale_SD	activated sludge	true
GCA_002070905.1	SAMN05004097	Tenericutes bacterium ADurb.Bin087	SC1-ENV-BROAD-WASTEWATER	Environment_Local_Scale_SD	activated sludge	true
GCA_002070945.1	SAMN05004096	Lentisphaerae bacterium ADurb.Bin082	SC1-ENV-BROAD-WASTEWATER	Environment_Local_Scale_SD	activated sludge	true
GCA_002070955.1	SAMN05004092	Planctomycetes bacterium ADurb.Bin069	SC1-ENV-BROAD-WASTEWATER	Environment_Local_Scale_SD	activated sludge	true
GCA_002070965.1	SAMN05004095	Firmicutes bacterium ADurb.Bin080	SC1-ENV-BROAD-WASTEWATER	Environment_Local_Scale_SD	activated sludge	true
GCA_002071015.1	SAMN05004091	Verrucomicrobia bacterium ADurb.Bin063	SC1-ENV-BROAD-WASTEWATER	Environment_Local_Scale_SD	activated sludge	true
GCA_002071025.1	SAMN05004093	Verrucomicrobia bacterium ADurb.Bin070	SC1-ENV-BROAD-WASTEWATER	Environment_Local_Scale_SD	activated sludge	true
GCA_002071045.1	SAMN05004094	Deltaproteobacteria bacterium ADurb.Bin072	SC1-ENV-BROAD-WASTEWATER	Environment_Local_Scale_SD	activated sludge	true
GCA_002071085.1	SAMN05004090	Thermotogota bacterium ADurb.Bin062	SC1-ENV-BROAD-WASTEWATER	Environment_Local_Scale_SD	activated sludge	true
GCA_002071095.1	SAMN05004089	Deltaproteobacteria bacterium ADurb.Bin058	SC1-ENV-BROAD-WASTEWATER	Environment_Local_Scale_SD	activated sludge	true
GCA_002071125.1	SAMN05004088	Bacteroidetes bacterium ADurb.Bin057	SC1-ENV-BROAD-WASTEWATER	Environment_Local_Scale_SD	activated sludge	true
GCA_002071135.1	SAMN05004087	Acidobacteria bacterium ADurb.Bin051	SC1-ENV-BROAD-WASTEWATER	Environment_Local_Scale_SD	activated sludge	true
GCA_002071145.1	SAMN05004086	Bacteroidetes bacterium ADurb.Bin041	SC1-ENV-BROAD-WASTEWATER	Environment_Local_Scale_SD	activated sludge	true
GCA_002071175.1	SAMN05004085	Bacteroidetes bacterium ADurb.Bin037	SC1-ENV-BROAD-WASTEWATER	Environment_Local_Scale_SD	activated sludge	true
GCA_002071195.1	SAMN05004084	Bacteroidetes bacterium ADurb.Bin035	SC1-ENV-BROAD-WASTEWATER	Environment_Local_Scale_SD	activated sludge	true
GCA_002071205.1	SAMN05004083	Fidelibacterota bacterium ADurb.Bin030	SC1-ENV-BROAD-WASTEWATER	Environment_Local_Scale_SD	activated sludge	true
GCA_002071235.1	SAMN05004082	Bacteroidetes bacterium ADurb.Bin028	SC1-ENV-BROAD-WASTEWATER	Environment_Local_Scale_SD	activated sludge	true
GCA_002071245.1	SAMN05004081	Deltaproteobacteria bacterium ADurb.Bin026	SC1-ENV-BROAD-WASTEWATER	Environment_Local_Scale_SD	activated sludge	true
GCA_002071265.1	SAMN05004080	Tenericutes bacterium ADurb.Bin024	SC1-ENV-BROAD-WASTEWATER	Environment_Local_Scale_SD	activated sludge	true
GCA_002071325.1	SAMN05004078	Deltaproteobacteria bacterium ADurb.Bin022	SC1-ENV-BROAD-WASTEWATER	Environment_Local_Scale_SD	activated sludge	true
GCA_002071335.1	SAMN05004077	Verrucomicrobia bacterium ADurb.Bin018	SC1-ENV-BROAD-WASTEWATER	Environment_Local_Scale_SD	activated sludge	true
GCA_002071345.1	SAMN05004076	Parcubacteria group bacterium ADurb.Bin016	SC1-ENV-BROAD-WASTEWATER	Environment_Local_Scale_SD	activated sludge	true
GCA_002071385.1	SAMN05004075	Bacteroidetes bacterium ADurb.Bin013	SC1-ENV-BROAD-WASTEWATER	Environment_Local_Scale_SD	activated sludge	true
GCA_002071415.1	SAMN05004074	Bacteroidetes bacterium ADurb.Bin012	SC1-ENV-BROAD-WASTEWATER	Environment_Local_Scale_SD	activated sludge	true
GCA_002071445.1	SAMN05004072	Bacteroidetes bacterium ADurb.Bin008	SC1-ENV-BROAD-WASTEWATER	Environment_Local_Scale_SD	activated sludge	true
GCA_002071475.1	SAMN05004070	candidate division Hyd24-12 bacterium ADurb.Bin004	SC1-ENV-BROAD-WASTEWATER	Environment_Local_Scale_SD	activated sludge	true
GCA_002071485.1	SAMN05004071	Verrucomicrobia bacterium ADurb.Bin006	SC1-ENV-BROAD-WASTEWATER	Environment_Local_Scale_SD	activated sludge	true
GCA_002071495.1	SAMN05004069	Candidatus Cloacimonetes bacterium ADurb.Bin003	SC1-ENV-BROAD-WASTEWATER	Environment_Local_Scale_SD	activated sludge	true
GCA_002071505.1	SAMN05004068	Deltaproteobacteria bacterium ADurb.Bin002	SC1-ENV-BROAD-WASTEWATER	Environment_Local_Scale_SD	activated sludge	true
GCA_002071555.1	SAMN05004067	Spirochaetes bacterium ADurb.Bin001	SC1-ENV-BROAD-WASTEWATER	Environment_Local_Scale_SD	activated sludge	true
GCA_002071675.1	SAMN05004207	Candidatus Aerophobetes bacterium ADurb.Bin490	SC1-ENV-BROAD-WASTEWATER	Environment_Local_Scale_SD	activated sludge	true
GCA_002071685.1	SAMN05004166	candidate division WS2 bacterium ADurb.Bin280	SC1-ENV-BROAD-WASTEWATER	Environment_Local_Scale_SD	activated sludge	true
GCA_002071695.1	SAMN05004111	Planctomycetes bacterium ADurb.Bin126	SC1-ENV-BROAD-WASTEWATER	Environment_Local_Scale_SD	activated sludge	true
GCA_002071735.1	SAMN06124503	Cronobacter sakazakii	SC1-ENV-BROAD-ENV-SAMPLE	Environment_Broad_Scale_SD	environmental sample	true
GCA_002071755.1	SAMN06124500	Cronobacter sakazakii	SC1-ENV-BROAD-ENV-SAMPLE	Environment_Broad_Scale_SD	environmental sample	true
GCA_002071765.2	SAMN06124518	Cronobacter sakazakii	SC1-ENV-BROAD-ENV-SAMPLE	Environment_Broad_Scale_SD	environmental sample	true
GCA_002071775.1	SAMN06124505	Cronobacter sakazakii	SC1-ENV-BROAD-ENV-SAMPLE	Environment_Broad_Scale_SD	environmental sample	true
GCA_002071815.1	SAMN06124502	Cronobacter sakazakii	SC1-ENV-BROAD-ENV-SAMPLE	Environment_Broad_Scale_SD	environmental sample	true
GCA_002073595.2	SAMN04875547	Neisseria meningitidis	SC1-ENV-BROAD-ENV-SAMPLE	Environment_Broad_Scale_SD	environmental sample	true
GCA_002073675.2	SAMN04875549	Neisseria meningitidis	SC1-ENV-BROAD-ENV-SAMPLE	Environment_Broad_Scale_SD	environmental sample	true
GCA_002075415.1	SAMN06100269	Cronobacter sakazakii	SC1-ENV-BROAD-ENV-SAMPLE	Environment_Broad_Scale_SD	environmental sample	true
GCA_002075535.1	SAMN06124514	Cronobacter sakazakii	SC1-ENV-BROAD-ENV-SAMPLE	Environment_Broad_Scale_SD	environmental sample	true
GCA_002075545.1	SAMN06100268	Cronobacter sakazakii	SC1-ENV-BROAD-ENV-SAMPLE	Environment_Broad_Scale_SD	environmental sample	true
GCA_002075615.1	SAMN06124517	Cronobacter sakazakii	SC1-HHS-HEALTHY-CONTROL-HEALTH	Host_Health_State_SD	healthy/control	true
GCA_002075615.1	SAMN06124517	Cronobacter sakazakii	SC1-HHS-HEALTHY-CONTROL-HEALTH	Host_Health_State_SD_Detail	healthy/control	false
GCA_002075615.1	SAMN06124517	Cronobacter sakazakii	SC1-HHS-HEALTHY-CONTROL-HEALTH	Host_Health_State_SD_Method	context_dictionary	false
GCA_002075635.1	SAMN06124501	Cronobacter sakazakii	SC1-ENV-BROAD-ENV-SAMPLE	Environment_Broad_Scale_SD	environmental sample	true
GCA_002075645.1	SAMN06124504	Cronobacter sakazakii	SC1-ENV-BROAD-ENV-SAMPLE	Environment_Broad_Scale_SD	environmental sample	true
GCA_002075655.1	SAMN06124516	Cronobacter sakazakii	SC1-HHS-HEALTHY-CONTROL-HEALTH	Host_Health_State_SD	healthy/control	true
GCA_002075655.1	SAMN06124516	Cronobacter sakazakii	SC1-HHS-HEALTHY-CONTROL-HEALTH	Host_Health_State_SD_Detail	healthy/control	false
GCA_002075655.1	SAMN06124516	Cronobacter sakazakii	SC1-HHS-HEALTHY-CONTROL-HEALTH	Host_Health_State_SD_Method	context_dictionary	false
GCA_002075695.1	SAMN06124499	Cronobacter sakazakii	SC1-HHS-HEALTHY-CONTROL-HEALTH	Host_Health_State_SD	healthy/control	true
GCA_002075695.1	SAMN06124499	Cronobacter sakazakii	SC1-HHS-HEALTHY-CONTROL-HEALTH	Host_Health_State_SD_Detail	healthy/control	false
GCA_002075695.1	SAMN06124499	Cronobacter sakazakii	SC1-HHS-HEALTHY-CONTROL-HEALTH	Host_Health_State_SD_Method	context_dictionary	false
GCA_002075715.1	SAMN06124507	Cronobacter sakazakii	SC1-ENV-BROAD-ENV-SAMPLE	Environment_Broad_Scale_SD	environmental sample	true
GCA_002075725.1	SAMN06124508	Cronobacter sakazakii	SC1-ENV-BROAD-ENV-SAMPLE	Environment_Broad_Scale_SD	environmental sample	true
GCA_002075735.1	SAMN06124506	Cronobacter sakazakii	SC1-ENV-BROAD-ENV-SAMPLE	Environment_Broad_Scale_SD	environmental sample	true
GCA_002075775.1	SAMN06124513	Cronobacter sakazakii	SC1-ENV-BROAD-ENV-SAMPLE	Environment_Broad_Scale_SD	environmental sample	true
GCA_002077245.1	SAMN05359986	Bacillus stratosphericus	SC1-ENV-BROAD-ENV-SAMPLE	Environment_Broad_Scale_SD	environmental sample	true
GCA_002077275.1	SAMN05735011	Enterococcus hirae	SC1-ENV-LOCAL-AGRICULTURAL-ENV	Environment_Local_Scale_SD	agricultural environment	true
GCA_002077295.1	SAMN05735010	Enterococcus hirae	SC1-ENV-LOCAL-AGRICULTURAL-ENV	Environment_Local_Scale_SD	agricultural environment	true
GCA_002077325.1	SAMN05735015	Enterococcus hirae	SC1-ENV-LOCAL-AGRICULTURAL-ENV	Environment_Local_Scale_SD	agricultural environment	true
GCA_002077355.1	SAMN05735012	Enterococcus hirae	SC1-ENV-LOCAL-AGRICULTURAL-ENV	Environment_Local_Scale_SD	agricultural environment	true
GCA_002077365.1	SAMN05735016	Enterococcus hirae	SC1-ENV-LOCAL-AGRICULTURAL-ENV	Environment_Local_Scale_SD	agricultural environment	true
GCA_002077385.1	SAMN05735018	Enterococcus hirae	SC1-ENV-LOCAL-AGRICULTURAL-ENV	Environment_Local_Scale_SD	agricultural environment	true
GCA_002077415.1	SAMN05735019	Enterococcus hirae	SC1-ENV-LOCAL-AGRICULTURAL-ENV	Environment_Local_Scale_SD	agricultural environment	true
GCA_002077435.1	SAMN05735024	Enterococcus villorum	SC1-ENV-LOCAL-AGRICULTURAL-ENV	Environment_Local_Scale_SD	agricultural environment	true
GCA_002077445.1	SAMN05735026	Enterococcus faecalis	SC1-ENV-LOCAL-AGRICULTURAL-ENV	Environment_Local_Scale_SD	agricultural environment	true
GCA_002077465.1	SAMN05735020	Enterococcus hirae	SC1-ENV-LOCAL-AGRICULTURAL-ENV	Environment_Local_Scale_SD	agricultural environment	true
GCA_002077495.1	SAMN05735027	Enterococcus gallinarum	SC1-ENV-LOCAL-AGRICULTURAL-ENV	Environment_Local_Scale_SD	agricultural environment	true
GCA_002077515.1	SAMN05735029	Enterococcus casseliflavus	SC1-ENV-LOCAL-AGRICULTURAL-ENV	Environment_Local_Scale_SD	agricultural environment	true
GCA_002077535.1	SAMN05735028	Enterococcus durans	SC1-ENV-LOCAL-AGRICULTURAL-ENV	Environment_Local_Scale_SD	agricultural environment	true
GCA_002077545.1	SAMN05735017	Enterococcus hirae	SC1-ENV-LOCAL-AGRICULTURAL-ENV	Environment_Local_Scale_SD	agricultural environment	true
GCA_002077575.1	SAMN05735014	Enterococcus hirae	SC1-ENV-LOCAL-AGRICULTURAL-ENV	Environment_Local_Scale_SD	agricultural environment	true
GCA_002077585.1	SAMN05735021	Enterococcus faecium	SC1-ENV-LOCAL-AGRICULTURAL-ENV	Environment_Local_Scale_SD	agricultural environment	true
GCA_002077615.1	SAMN05735030	Enterococcus casseliflavus	SC1-ENV-LOCAL-AGRICULTURAL-ENV	Environment_Local_Scale_SD	agricultural environment	true
GCA_002077625.1	SAMN05735022	Enterococcus faecium	SC1-ENV-LOCAL-AGRICULTURAL-ENV	Environment_Local_Scale_SD	agricultural environment	true
GCA_002077725.1	SAMN05735025	Enterococcus villorum	SC1-ENV-LOCAL-AGRICULTURAL-ENV	Environment_Local_Scale_SD	agricultural environment	true
GCA_002077915.1	SAMN05735023	Enterococcus faecium	SC1-ENV-LOCAL-AGRICULTURAL-ENV	Environment_Local_Scale_SD	agricultural environment	true
GCA_002082375.1	SAMN06611072	Bacillus velezensis	SC1-ENV-BROAD-ENV-SAMPLE	Environment_Broad_Scale_SD	environmental sample	true
GCA_002082415.1	SAMN06611069	Bacillus velezensis	SC1-ENV-BROAD-ENV-SAMPLE	Environment_Broad_Scale_SD	environmental sample	true
GCA_002082435.1	SAMN06611071	Bacillus velezensis	SC1-ENV-BROAD-ENV-SAMPLE	Environment_Broad_Scale_SD	environmental sample	true
GCA_002082455.1	SAMN06611073	Bacillus velezensis	SC1-ENV-BROAD-ENV-SAMPLE	Environment_Broad_Scale_SD	environmental sample	true
GCA_002082465.1	SAMN06611070	Bacillus velezensis	SC1-ENV-BROAD-ENV-SAMPLE	Environment_Broad_Scale_SD	environmental sample	true
GCA_002086985.1	SAMN04506982	Listeria monocytogenes	SC1-ENV-BROAD-ENV-SAMPLE	Environment_Broad_Scale_SD	environmental sample	true
GCA_002100145.1	SAMN03284651	Vibrio sp. qd031	SC1-ENV-MEDIUM-MARINE	Environment_Medium_SD	marine	true
GCA_002101415.1	SAMN06697624	Cronobacter sakazakii	SC1-ENV-BROAD-ENV-SAMPLE	Environment_Broad_Scale_SD	environmental sample	true
GCA_002101425.1	SAMN06697626	Cronobacter sakazakii	SC1-ENV-BROAD-ENV-SAMPLE	Environment_Broad_Scale_SD	environmental sample	true
GCA_002101435.1	SAMN06697625	Cronobacter sakazakii	SC1-ENV-BROAD-ENV-SAMPLE	Environment_Broad_Scale_SD	environmental sample	true
GCA_002101445.1	SAMN06697621	Cronobacter sakazakii	SC1-ENV-BROAD-ENV-SAMPLE	Environment_Broad_Scale_SD	environmental sample	true
GCA_002101495.1	SAMN06697620	Cronobacter sakazakii	SC1-ENV-BROAD-ENV-SAMPLE	Environment_Broad_Scale_SD	environmental sample	true
GCA_002101505.1	SAMN06697622	Cronobacter sakazakii	SC1-ENV-BROAD-ENV-SAMPLE	Environment_Broad_Scale_SD	environmental sample	true
GCA_002101515.1	SAMN06697623	Cronobacter sakazakii	SC1-ENV-BROAD-ENV-SAMPLE	Environment_Broad_Scale_SD	environmental sample	true
GCA_002105615.1	SAMN03285109	Listeria monocytogenes	SC1-ENV-BROAD-ENV-SAMPLE	Environment_Broad_Scale_SD	environmental sample	true
GCA_002107715.1	SAMN06712278	Cronobacter sakazakii	SC1-ENV-BROAD-ENV-SAMPLE	Environment_Broad_Scale_SD	environmental sample	true
GCA_002107855.1	SAMN06712282	Cronobacter sakazakii	SC1-ENV-BROAD-ENV-SAMPLE	Environment_Broad_Scale_SD	environmental sample	true
GCA_002114505.1	SAMN06100274	Cronobacter sakazakii	SC1-ENV-BROAD-ENV-SAMPLE	Environment_Broad_Scale_SD	environmental sample	true
GCA_002115035.1	SAMN06472807	Listeria monocytogenes	SC1-ENV-BROAD-ENV-SAMPLE	Environment_Broad_Scale_SD	environmental sample	true
GCA_002115725.1	SAMN02671737	Marivita cryptomonadis	SC1-ENV-MEDIUM-MARINE	Environment_Medium_SD	marine	true
GCA_002127575.1	SAMN06758630	Janthinobacterium sp. GW460W	SC1-ENV-LOCAL-GROUNDWATER	Environment_Local_Scale_SD	groundwater	true
GCA_002127585.1	SAMN06758628	Janthinobacterium sp. GW458P	SC1-ENV-LOCAL-GROUNDWATER	Environment_Local_Scale_SD	groundwater	true
GCA_002127615.1	SAMN06758627	Janthinobacterium sp. GW456W	SC1-ENV-LOCAL-GROUNDWATER	Environment_Local_Scale_SD	groundwater	true
GCA_002127625.1	SAMN06758629	Janthinobacterium sp. GW460P	SC1-ENV-LOCAL-GROUNDWATER	Environment_Local_Scale_SD	groundwater	true
GCA_002127655.1	SAMN06758626	Janthinobacterium sp. GW456P	SC1-ENV-LOCAL-GROUNDWATER	Environment_Local_Scale_SD	groundwater	true
GCA_002132625.1	SAMN04148336	Listeria monocytogenes	SC1-ENV-BROAD-ENV-SAMPLE	Environment_Broad_Scale_SD	environmental sample	true
GCA_002132915.1	SAMN04148337	Listeria monocytogenes	SC1-ENV-BROAD-ENV-SAMPLE	Environment_Broad_Scale_SD	environmental sample	true
GCA_002132945.1	SAMN03462190	Listeria monocytogenes	SC1-ENV-BROAD-ENV-SAMPLE	Environment_Broad_Scale_SD	environmental sample	true
GCA_002133025.1	SAMN04362095	Listeria monocytogenes	SC1-ENV-BROAD-ENV-SAMPLE	Environment_Broad_Scale_SD	environmental sample	true
GCA_002133045.1	SAMN04362096	Listeria monocytogenes	SC1-ENV-BROAD-ENV-SAMPLE	Environment_Broad_Scale_SD	environmental sample	true
GCA_002133055.1	SAMN04362097	Listeria monocytogenes	SC1-ENV-BROAD-ENV-SAMPLE	Environment_Broad_Scale_SD	environmental sample	true
GCA_002133065.1	SAMN04362098	Listeria monocytogenes	SC1-ENV-BROAD-ENV-SAMPLE	Environment_Broad_Scale_SD	environmental sample	true
GCA_002133105.1	SAMN04362094	Listeria monocytogenes	SC1-ENV-BROAD-ENV-SAMPLE	Environment_Broad_Scale_SD	environmental sample	true
GCA_002140345.1	SAMN04634061	Enterococcus faecalis	SC1-ENV-BROAD-ENV-SAMPLE	Environment_Broad_Scale_SD	environmental sample	true
GCA_002148915.1	SAMN06922257	Sphingobium sp. GW456-12-10-14-TSB1	SC1-ENV-LOCAL-GROUNDWATER	Environment_Local_Scale_SD	groundwater	true
GCA_002149945.1	SAMN03462190	Listeria monocytogenes	SC1-ENV-BROAD-ENV-SAMPLE	Environment_Broad_Scale_SD	environmental sample	true
GCA_002151445.1	SAMN04904200	Sphingomonas sp. KC8	SC1-ENV-BROAD-WASTEWATER	Environment_Local_Scale_SD	activated sludge	true
GCA_002151545.1	SAMN06924731	Sphingobacteriaceae bacterium GW460-11-11-14-LB5	SC1-ENV-LOCAL-GROUNDWATER	Environment_Local_Scale_SD	groundwater	true
GCA_002157355.1	SAMN05076572	Variovorax sp. JS1663	SC1-ENV-BROAD-WASTEWATER	Environment_Local_Scale_SD	activated sludge	true
GCA_002157485.1	SAMN06718840	Pseudomonas aeruginosa	SC1-ENV-LOCAL-AGRICULTURAL-ENV	Environment_Local_Scale_SD	agricultural environment	true
GCA_002157495.1	SAMN06718837	Pseudomonas sp. 1239	SC1-ENV-LOCAL-AGRICULTURAL-ENV	Environment_Local_Scale_SD	agricultural environment	true
GCA_002157505.1	SAMN06723189	Arthrobacter agilis	SC1-ENV-LOCAL-AGRICULTURAL-ENV	Environment_Local_Scale_SD	agricultural environment	true
GCA_002157515.1	SAMN06720480	Pseudomonas putida	SC1-ENV-LOCAL-AGRICULTURAL-ENV	Environment_Local_Scale_SD	agricultural environment	true
GCA_002157565.1	SAMN06725986	Arthrobacter agilis	SC1-ENV-LOCAL-AGRICULTURAL-ENV	Environment_Local_Scale_SD	agricultural environment	true
GCA_002163775.1	SAMN05179543	Xanthomonas citri pv. glycines str. 12-2	SC1-ENV-LOCAL-AGRICULTURAL-ENV	Environment_Local_Scale_SD	agricultural environment	true
GCA_002165235.1	SAMN07138958	Nocardioides sp. XL1	SC1-ENV-LOCAL-GROUNDWATER	Environment_Local_Scale_SD	groundwater	true
GCA_002166945.1	SAMN07163053	Cronobacter sakazakii	SC1-ENV-BROAD-ENV-SAMPLE	Environment_Broad_Scale_SD	environmental sample	true
GCA_002167215.1	SAMN06971919	Pelagibacteraceae bacterium TMED65	SC1-ENV-MEDIUM-MARINE	Environment_Medium_SD	marine	true
GCA_002167265.1	SAMN06971910	Verrucomicrobia bacterium TMED56	SC1-ENV-MEDIUM-MARINE	Environment_Medium_SD	marine	true
GCA_002167275.2	SAMN06971908	Alphaproteobacteria bacterium TMED54	SC1-ENV-MEDIUM-MARINE	Environment_Medium_SD	marine	true
GCA_002167285.1	SAMN06971907	Planctomycetia bacterium TMED53	SC1-ENV-MEDIUM-MARINE	Environment_Medium_SD	marine	true
GCA_002167305.2	SAMN06971904	Gammaproteobacteria bacterium TMED50	SC1-ENV-MEDIUM-MARINE	Environment_Medium_SD	marine	true
GCA_002167345.2	SAMN06971900	bacterium TMED46	SC1-ENV-MEDIUM-MARINE	Environment_Medium_SD	marine	true
GCA_002167365.1	SAMN06971895	Betaproteobacteria bacterium TMED41	SC1-ENV-MEDIUM-MARINE	Environment_Medium_SD	marine	true
GCA_002167375.1	SAMN06971892	Rhodobacteraceae bacterium TMED38	SC1-ENV-MEDIUM-MARINE	Environment_Medium_SD	marine	true
GCA_002167385.1	SAMN06971882	Rhizobiales bacterium TMED28	SC1-ENV-MEDIUM-MARINE	Environment_Medium_SD	marine	true
GCA_002167425.2	SAMN06971874	Synechococcus sp. TMED20	SC1-ENV-MEDIUM-MARINE	Environment_Medium_SD	marine	true
GCA_002167435.2	SAMN06971866	Allomuricauda sp. TMED12	SC1-ENV-MEDIUM-MARINE	Environment_Medium_SD	marine	true
GCA_002167455.1	SAMN06971865	Rhodopirellula sp. TMED11	SC1-ENV-MEDIUM-MARINE	Environment_Medium_SD	marine	true
GCA_002167465.1	SAMN06971860	bacterium TMED6	SC1-ENV-MEDIUM-MARINE	Environment_Medium_SD	marine	true
GCA_002167505.1	SAMN06971857	Sulfitobacter sp. TMED3	SC1-ENV-MEDIUM-MARINE	Environment_Medium_SD	marine	true
GCA_002167525.1	SAMN06971922	Flavobacteriaceae bacterium TMED68	SC1-ENV-MEDIUM-MARINE	Environment_Medium_SD	marine	true
GCA_002167535.1	SAMN06971903	Cellvibrionales bacterium TMED49	SC1-ENV-MEDIUM-MARINE	Environment_Medium_SD	marine	true
GCA_002167555.2	SAMN06971912	Deltaproteobacteria bacterium TMED58	SC1-ENV-MEDIUM-MARINE	Environment_Medium_SD	marine	true
GCA_002167585.1	SAMN06971899	Crocinitomicaceae bacterium TMED45	SC1-ENV-MEDIUM-MARINE	Environment_Medium_SD	marine	true
GCA_002167605.1	SAMN06971894	Verrucomicrobia bacterium TMED40	SC1-ENV-MEDIUM-MARINE	Environment_Medium_SD	marine	true
GCA_002167615.1	SAMN06971893	Bacteroidetes bacterium TMED39	SC1-ENV-MEDIUM-MARINE	Environment_Medium_SD	marine	true
GCA_002167635.1	SAMN06971891	Candidatus Endolissoclinum sp. TMED37	SC1-ENV-MEDIUM-MARINE	Environment_Medium_SD	marine	true
GCA_002167665.1	SAMN06971888	Gammaproteobacteria bacterium TMED34	SC1-ENV-MEDIUM-MARINE	Environment_Medium_SD	marine	true
GCA_002167685.1	SAMN06971886	Flammeovirgaceae bacterium TMED32	SC1-ENV-MEDIUM-MARINE	Environment_Medium_SD	marine	true
GCA_002167695.1	SAMN06971883	Rhizobiales bacterium TMED29	SC1-ENV-MEDIUM-MARINE	Environment_Medium_SD	marine	true
GCA_002167715.1	SAMN06971881	Micavibrio sp. TMED27	SC1-ENV-MEDIUM-MARINE	Environment_Medium_SD	marine	true
GCA_002167745.1	SAMN06971876	Betaproteobacteria bacterium TMED22	SC1-ENV-MEDIUM-MARINE	Environment_Medium_SD	marine	true
GCA_002167765.1	SAMN06971875	Cellvibrionales bacterium TMED21	SC1-ENV-MEDIUM-MARINE	Environment_Medium_SD	marine	true
GCA_002167775.1	SAMN06971870	Crocinitomicaceae bacterium TMED16	SC1-ENV-MEDIUM-MARINE	Environment_Medium_SD	marine	true
GCA_002167805.1	SAMN06971868	Owenweeksia sp. TMED14	SC1-ENV-MEDIUM-MARINE	Environment_Medium_SD	marine	true
GCA_002167825.1	SAMN06971867	Pelagibacteraceae bacterium TMED13	SC1-ENV-MEDIUM-MARINE	Environment_Medium_SD	marine	true
GCA_002167845.2	SAMN06971863	Phycisphaera sp. TMED9	SC1-ENV-MEDIUM-MARINE	Environment_Medium_SD	marine	true
GCA_002167855.2	SAMN06971855	Gammaproteobacteria bacterium TMED1	SC1-ENV-MEDIUM-MARINE	Environment_Medium_SD	marine	true
GCA_002167875.1	SAMN06971862	Rhodospirillaceae bacterium TMED8	SC1-ENV-MEDIUM-MARINE	Environment_Medium_SD	marine	true
GCA_002167905.2	SAMN06971911	Gammaproteobacteria bacterium TMED57	SC1-ENV-MEDIUM-MARINE	Environment_Medium_SD	marine	true
GCA_002167925.1	SAMN06971906	Candidatus Puniceispirillum sp. TMED52	SC1-ENV-MEDIUM-MARINE	Environment_Medium_SD	marine	true
GCA_002167935.2	SAMN06971905	Proteobacteria bacterium TMED51	SC1-ENV-MEDIUM-MARINE	Environment_Medium_SD	marine	true
GCA_002167945.1	SAMN06971902	Flavobacteriaceae bacterium TMED48	SC1-ENV-MEDIUM-MARINE	Environment_Medium_SD	marine	true
GCA_002167985.2	SAMN06971901	Cellvibrionales bacterium TMED47	SC1-ENV-MEDIUM-MARINE	Environment_Medium_SD	marine	true
GCA_002168005.2	SAMN06971896	Flavobacteriaceae bacterium TMED42	SC1-ENV-MEDIUM-MARINE	Environment_Medium_SD	marine	true
GCA_002168015.1	SAMN06971898	Verrucomicrobia bacterium TMED44	SC1-ENV-MEDIUM-MARINE	Environment_Medium_SD	marine	true
GCA_002168035.1	SAMN06971890	Gammaproteobacteria bacterium TMED36	SC1-ENV-MEDIUM-MARINE	Environment_Medium_SD	marine	true
GCA_002168065.1	SAMN06971884	Gammaproteobacteria bacterium TMED30	SC1-ENV-MEDIUM-MARINE	Environment_Medium_SD	marine	true
GCA_002168075.1	SAMN06971879	Rhizobiales bacterium TMED25	SC1-ENV-MEDIUM-MARINE	Environment_Medium_SD	marine	true
GCA_002168105.2	SAMN06971878	Phycisphaera sp. TMED24	SC1-ENV-MEDIUM-MARINE	Environment_Medium_SD	marine	true
GCA_002168115.1	SAMN06971877	Rhodospirillaceae bacterium TMED23	SC1-ENV-MEDIUM-MARINE	Environment_Medium_SD	marine	true
GCA_002168145.2	SAMN06971872	Roseibacillus sp. TMED18	SC1-ENV-MEDIUM-MARINE	Environment_Medium_SD	marine	true
GCA_002168155.1	SAMN06971873	Synechococcus sp. TMED19	SC1-ENV-MEDIUM-MARINE	Environment_Medium_SD	marine	true
GCA_002168185.1	SAMN06971869	bacterium TMED15	SC1-ENV-MEDIUM-MARINE	Environment_Medium_SD	marine	true
GCA_002168195.1	SAMN06971864	Planctomycetaceae bacterium TMED10	SC1-ENV-MEDIUM-MARINE	Environment_Medium_SD	marine	true
GCA_002168225.1	SAMN06971856	Micavibrio sp. TMED2	SC1-ENV-MEDIUM-MARINE	Environment_Medium_SD	marine	true
GCA_002168315.1	SAMN06972137	Rhodopirellula sp. TMED283	SC1-ENV-MEDIUM-MARINE	Environment_Medium_SD	marine	true
GCA_002168325.2	SAMN06972140	Candidatus Pelagibacter sp. TMED286	SC1-ENV-MEDIUM-MARINE	Environment_Medium_SD	marine	true
GCA_002168375.2	SAMN06972144	Flammeovirgaceae bacterium TMED290	SC1-ENV-MEDIUM-MARINE	Environment_Medium_SD	marine	true
GCA_002168395.1	SAMN06972136	Methylococcaceae bacterium TMED282	SC1-ENV-MEDIUM-MARINE	Environment_Medium_SD	marine	true
GCA_002168405.1	SAMN06972141	Pelagibacteraceae bacterium TMED287	SC1-ENV-MEDIUM-MARINE	Environment_Medium_SD	marine	true
GCA_002168455.2	SAMN06972124	Actinobacteria bacterium TMED270	SC1-ENV-MEDIUM-MARINE	Environment_Medium_SD	marine	true
GCA_002168465.1	SAMN06972123	Rickettsiales bacterium TMED269	SC1-ENV-MEDIUM-MARINE	Environment_Medium_SD	marine	true
GCA_002168475.1	SAMN06972132	Gammaproteobacteria bacterium TMED278	SC1-ENV-MEDIUM-MARINE	Environment_Medium_SD	marine	true
GCA_002168485.2	SAMN06972131	bacterium TMED277	SC1-ENV-MEDIUM-MARINE	Environment_Medium_SD	marine	true
GCA_002168535.1	SAMN06972120	Kiritimatiellaceae bacterium TMED266	SC1-ENV-MEDIUM-MARINE	Environment_Medium_SD	marine	true
GCA_002168555.1	SAMN06972118	bacterium TMED264	SC1-ENV-MEDIUM-MARINE	Environment_Medium_SD	marine	true
GCA_002168565.1	SAMN06972115	Proteobacteria bacterium TMED261	SC1-ENV-MEDIUM-MARINE	Environment_Medium_SD	marine	true
GCA_002168595.1	SAMN06972116	Flammeovirgaceae bacterium TMED262	SC1-ENV-MEDIUM-MARINE	Environment_Medium_SD	marine	true
GCA_002168605.2	SAMN06972117	Candidatus Pelagibacter sp. TMED263	SC1-ENV-MEDIUM-MARINE	Environment_Medium_SD	marine	true
GCA_002168635.1	SAMN06972111	Gammaproteobacteria bacterium TMED257	SC1-ENV-MEDIUM-MARINE	Environment_Medium_SD	marine	true
GCA_002168645.1	SAMN06972114	Gammaproteobacteria bacterium TMED260	SC1-ENV-MEDIUM-MARINE	Environment_Medium_SD	marine	true
GCA_002168655.1	SAMN06972110	Rhodospirillaceae bacterium TMED256	SC1-ENV-MEDIUM-MARINE	Environment_Medium_SD	marine	true
GCA_002168685.2	SAMN06972108	Rickettsiales bacterium TMED254	SC1-ENV-MEDIUM-MARINE	Environment_Medium_SD	marine	true
GCA_002168715.2	SAMN06972107	Candidatus Pelagibacter sp. TMED253	SC1-ENV-MEDIUM-MARINE	Environment_Medium_SD	marine	true
GCA_002168745.1	SAMN06972104	bacterium TMED250	SC1-ENV-MEDIUM-MARINE	Environment_Medium_SD	marine	true
GCA_002168775.1	SAMN06972105	Rickettsiales bacterium TMED251	SC1-ENV-MEDIUM-MARINE	Environment_Medium_SD	marine	true
GCA_002168795.1	SAMN06972103	Rhizobiales bacterium TMED249	SC1-ENV-MEDIUM-MARINE	Environment_Medium_SD	marine	true
GCA_002168815.2	SAMN06972099	Candidatus Puniceispirillum sp. TMED245	SC1-ENV-MEDIUM-MARINE	Environment_Medium_SD	marine	true
GCA_002168855.1	SAMN06972098	Acidimicrobiaceae bacterium TMED244	SC1-ENV-MEDIUM-MARINE	Environment_Medium_SD	marine	true
GCA_002168875.2	SAMN06972097	Gammaproteobacteria bacterium TMED243	SC1-ENV-MEDIUM-MARINE	Environment_Medium_SD	marine	true
GCA_002168885.1	SAMN06972096	Gammaproteobacteria bacterium TMED242	SC1-ENV-MEDIUM-MARINE	Environment_Medium_SD	marine	true
GCA_002168905.2	SAMN06972095	Planctomycetaceae bacterium TMED241	SC1-ENV-MEDIUM-MARINE	Environment_Medium_SD	marine	true
GCA_002168935.1	SAMN06972094	Planctomycetaceae bacterium TMED240	SC1-ENV-MEDIUM-MARINE	Environment_Medium_SD	marine	true
GCA_002168955.2	SAMN06972092	Flavobacteriaceae bacterium TMED238	SC1-ENV-MEDIUM-MARINE	Environment_Medium_SD	marine	true
GCA_002168965.2	SAMN06972090	Gammaproteobacteria bacterium TMED236	SC1-ENV-MEDIUM-MARINE	Environment_Medium_SD	marine	true
GCA_002168995.2	SAMN06972089	Flavobacteriales bacterium TMED235	SC1-ENV-MEDIUM-MARINE	Environment_Medium_SD	marine	true
GCA_002169015.2	SAMN06972086	Pelagibacteraceae bacterium TMED232	SC1-ENV-MEDIUM-MARINE	Environment_Medium_SD	marine	true
GCA_002169035.1	SAMN06972084	Chloroflexi bacterium TMED230	SC1-ENV-MEDIUM-MARINE	Environment_Medium_SD	marine	true
GCA_002169045.1	SAMN06972085	Phycisphaeraceae bacterium TMED231	SC1-ENV-MEDIUM-MARINE	Environment_Medium_SD	marine	true
GCA_002169075.1	SAMN06972082	Flavobacteriales bacterium TMED228	SC1-ENV-MEDIUM-MARINE	Environment_Medium_SD	marine	true
GCA_002169095.1	SAMN06972078	Acidimicrobiaceae bacterium TMED224	SC1-ENV-MEDIUM-MARINE	Environment_Medium_SD	marine	true
GCA_002169105.1	SAMN06972080	Gammaproteobacteria bacterium TMED226	SC1-ENV-MEDIUM-MARINE	Environment_Medium_SD	marine	true
GCA_002169115.2	SAMN06972075	bacterium TMED221	SC1-ENV-MEDIUM-MARINE	Environment_Medium_SD	marine	true
GCA_002169155.2	SAMN06972074	Flavobacteriaceae bacterium TMED220	SC1-ENV-MEDIUM-MARINE	Environment_Medium_SD	marine	true
GCA_002169175.1	SAMN06972073	Gammaproteobacteria bacterium TMED219	SC1-ENV-MEDIUM-MARINE	Environment_Medium_SD	marine	true
GCA_002169195.2	SAMN06972142	Flavobacteriales bacterium TMED288	SC1-ENV-MEDIUM-MARINE	Environment_Medium_SD	marine	true
GCA_002169215.2	SAMN06972139	Thiotrichales bacterium TMED285	SC1-ENV-MEDIUM-MARINE	Environment_Medium_SD	marine	true
GCA_002169235.1	SAMN06972138	Bacteroidetes bacterium TMED284	SC1-ENV-MEDIUM-MARINE	Environment_Medium_SD	marine	true
GCA_002169255.1	SAMN06972129	Candidatus Pelagibacter sp. TMED275	SC1-ENV-MEDIUM-MARINE	Environment_Medium_SD	marine	true
GCA_002169275.1	SAMN06972127	Candidatus Pelagibacter sp. TMED273	SC1-ENV-MEDIUM-MARINE	Environment_Medium_SD	marine	true
GCA_002169295.1	SAMN06972125	Rhodobacterales bacterium TMED271	SC1-ENV-MEDIUM-MARINE	Environment_Medium_SD	marine	true
GCA_002169315.1	SAMN06972122	Pelagibacteraceae bacterium TMED268	SC1-ENV-MEDIUM-MARINE	Environment_Medium_SD	marine	true
GCA_002169335.2	SAMN06972126	Candidatus Pelagibacter sp. TMED272	SC1-ENV-MEDIUM-MARINE	Environment_Medium_SD	marine	true
GCA_002169355.1	SAMN06972119	Flavobacteriaceae bacterium TMED265	SC1-ENV-MEDIUM-MARINE	Environment_Medium_SD	marine	true
GCA_002169365.1	SAMN06972113	Pelagibacteraceae bacterium TMED259	SC1-ENV-MEDIUM-MARINE	Environment_Medium_SD	marine	true
GCA_002169395.1	SAMN06972112	Pelagibacteraceae bacterium TMED258	SC1-ENV-MEDIUM-MARINE	Environment_Medium_SD	marine	true
GCA_002169435.2	SAMN06972101	Pelagibacteraceae bacterium TMED247	SC1-ENV-MEDIUM-MARINE	Environment_Medium_SD	marine	true
GCA_002169445.2	SAMN06972100	Pelagibacteraceae bacterium TMED246	SC1-ENV-MEDIUM-MARINE	Environment_Medium_SD	marine	true
GCA_002169475.2	SAMN06972093	Candidatus Pelagibacter sp. TMED239	SC1-ENV-MEDIUM-MARINE	Environment_Medium_SD	marine	true
GCA_002169485.1	SAMN06972091	Pelagibacteraceae bacterium TMED237	SC1-ENV-MEDIUM-MARINE	Environment_Medium_SD	marine	true
GCA_002169515.1	SAMN06972088	Gammaproteobacteria bacterium TMED234	SC1-ENV-MEDIUM-MARINE	Environment_Medium_SD	marine	true
GCA_002169525.2	SAMN06972087	Pelagibacteraceae bacterium TMED233	SC1-ENV-MEDIUM-MARINE	Environment_Medium_SD	marine	true
GCA_002169575.2	SAMN06972077	Prochlorococcus sp. TMED223	SC1-ENV-MEDIUM-MARINE	Environment_Medium_SD	marine	true
GCA_002169595.2	SAMN06972143	Rickettsiales bacterium TMED289	SC1-ENV-MEDIUM-MARINE	Environment_Medium_SD	marine	true
GCA_002169605.1	SAMN06972076	Gammaproteobacteria bacterium TMED222	SC1-ENV-MEDIUM-MARINE	Environment_Medium_SD	marine	true
GCA_002169615.1	SAMN06972083	Cyanobacteria bacterium TMED229	SC1-ENV-MEDIUM-MARINE	Environment_Medium_SD	marine	true
GCA_002169625.2	SAMN06972079	Gammaproteobacteria bacterium TMED225	SC1-ENV-MEDIUM-MARINE	Environment_Medium_SD	marine	true
GCA_002169675.1	SAMN06972066	Flavobacteriaceae bacterium TMED212	SC1-ENV-MEDIUM-MARINE	Environment_Medium_SD	marine	true
GCA_002169685.1	SAMN06972065	Rickettsiales bacterium TMED211	SC1-ENV-MEDIUM-MARINE	Environment_Medium_SD	marine	true
GCA_002169695.1	SAMN06972071	bacterium TMED217	SC1-ENV-MEDIUM-MARINE	Environment_Medium_SD	marine	true
GCA_002169705.1	SAMN06972072	Candidatus Thioglobus sp. TMED218	SC1-ENV-MEDIUM-MARINE	Environment_Medium_SD	marine	true
GCA_002169755.1	SAMN06972051	Candidatus Pelagibacter sp. TMED197	SC1-ENV-MEDIUM-MARINE	Environment_Medium_SD	marine	true
GCA_002169765.1	SAMN06972058	Flavobacteriaceae bacterium TMED204	SC1-ENV-MEDIUM-MARINE	Environment_Medium_SD	marine	true
GCA_002169775.1	SAMN06972055	Pelagibacteraceae bacterium TMED201	SC1-ENV-MEDIUM-MARINE	Environment_Medium_SD	marine	true
GCA_002169785.1	SAMN06972044	bacterium TMED190	SC1-ENV-MEDIUM-MARINE	Environment_Medium_SD	marine	true
GCA_002169835.1	SAMN06972035	bacterium TMED181	SC1-ENV-MEDIUM-MARINE	Environment_Medium_SD	marine	true
GCA_002169845.1	SAMN06972043	Acidimicrobiaceae bacterium TMED189	SC1-ENV-MEDIUM-MARINE	Environment_Medium_SD	marine	true
GCA_002169855.2	SAMN06972017	Gammaproteobacteria bacterium TMED163	SC1-ENV-MEDIUM-MARINE	Environment_Medium_SD	marine	true
GCA_002169865.1	SAMN06972033	Flavobacteriaceae bacterium TMED179	SC1-ENV-MEDIUM-MARINE	Environment_Medium_SD	marine	true
GCA_002169915.1	SAMN06972008	Proteobacteria bacterium TMED154	SC1-ENV-MEDIUM-MARINE	Environment_Medium_SD	marine	true
GCA_002169925.2	SAMN06972014	Rhodobacteraceae bacterium TMED160	SC1-ENV-MEDIUM-MARINE	Environment_Medium_SD	marine	true
GCA_002169935.2	SAMN06972007	Candidatus Pelagibacter sp. TMED153	SC1-ENV-MEDIUM-MARINE	Environment_Medium_SD	marine	true
GCA_002169945.1	SAMN06972005	Phycisphaera sp. TMED151	SC1-ENV-MEDIUM-MARINE	Environment_Medium_SD	marine	true
GCA_002169995.2	SAMN06972004	Alphaproteobacteria bacterium TMED150	SC1-ENV-MEDIUM-MARINE	Environment_Medium_SD	marine	true
GCA_002170005.2	SAMN06971998	bacterium TMED144	SC1-ENV-MEDIUM-MARINE	Environment_Medium_SD	marine	true
GCA_002170035.2	SAMN06972002	Cellvibrionales bacterium TMED148	SC1-ENV-MEDIUM-MARINE	Environment_Medium_SD	marine	true
GCA_002170045.2	SAMN06972001	Flavobacteriaceae bacterium TMED147	SC1-ENV-MEDIUM-MARINE	Environment_Medium_SD	marine	true
GCA_002170085.1	SAMN06971991	Verrucomicrobiaceae bacterium TMED137	SC1-ENV-MEDIUM-MARINE	Environment_Medium_SD	marine	true
GCA_002170115.1	SAMN06971984	Acidimicrobiaceae bacterium TMED130	SC1-ENV-MEDIUM-MARINE	Environment_Medium_SD	marine	true
GCA_002170125.1	SAMN06971982	Candidatus Pelagibacter sp. TMED128	SC1-ENV-MEDIUM-MARINE	Environment_Medium_SD	marine	true
GCA_002170155.1	SAMN06971981	Rickettsiales bacterium TMED127	SC1-ENV-MEDIUM-MARINE	Environment_Medium_SD	marine	true
GCA_002170165.1	SAMN06971977	Flavobacteriales bacterium TMED123	SC1-ENV-MEDIUM-MARINE	Environment_Medium_SD	marine	true
GCA_002170195.1	SAMN06971976	Cellvibrionales bacterium TMED122	SC1-ENV-MEDIUM-MARINE	Environment_Medium_SD	marine	true
GCA_002170205.2	SAMN06971972	Candidatus Pelagibacter sp. TMED118	SC1-ENV-MEDIUM-MARINE	Environment_Medium_SD	marine	true
GCA_002170235.1	SAMN06971967	Flavobacteriales bacterium TMED113	SC1-ENV-MEDIUM-MARINE	Environment_Medium_SD	marine	true
GCA_002170245.2	SAMN06971966	Gammaproteobacteria bacterium TMED112	SC1-ENV-MEDIUM-MARINE	Environment_Medium_SD	marine	true
GCA_002170275.2	SAMN06971960	Candidatus Pelagibacter sp. TMED106	SC1-ENV-MEDIUM-MARINE	Environment_Medium_SD	marine	true
GCA_002170285.1	SAMN06971954	Betaproteobacteria bacterium TMED100	SC1-ENV-MEDIUM-MARINE	Environment_Medium_SD	marine	true
GCA_002170335.2	SAMN06971948	Rhizobiales bacterium TMED94	SC1-ENV-MEDIUM-MARINE	Environment_Medium_SD	marine	true
GCA_002170355.2	SAMN06971946	Gammaproteobacteria bacterium TMED92	SC1-ENV-MEDIUM-MARINE	Environment_Medium_SD	marine	true
GCA_002170395.1	SAMN06971936	Betaproteobacteria bacterium TMED82	SC1-ENV-MEDIUM-MARINE	Environment_Medium_SD	marine	true
GCA_002170405.1	SAMN06971934	bacterium TMED80	SC1-ENV-MEDIUM-MARINE	Environment_Medium_SD	marine	true
GCA_002170435.1	SAMN06971930	Verrucomicrobiaceae bacterium TMED76	SC1-ENV-MEDIUM-MARINE	Environment_Medium_SD	marine	true
GCA_002170445.2	SAMN06971928	Hyphomicrobiaceae bacterium TMED74	SC1-ENV-MEDIUM-MARINE	Environment_Medium_SD	marine	true
GCA_002170475.2	SAMN06971927	Coraliomargarita sp. TMED73	SC1-ENV-MEDIUM-MARINE	Environment_Medium_SD	marine	true
GCA_002170485.2	SAMN06971926	Proteobacteria bacterium TMED72	SC1-ENV-MEDIUM-MARINE	Environment_Medium_SD	marine	true
GCA_002170515.2	SAMN06971925	Verrucomicrobia bacterium TMED71	SC1-ENV-MEDIUM-MARINE	Environment_Medium_SD	marine	true
GCA_002170535.1	SAMN06971923	Methylococcaceae bacterium TMED69	SC1-ENV-MEDIUM-MARINE	Environment_Medium_SD	marine	true
GCA_002170545.1	SAMN06971921	Opitutia bacterium TMED67	SC1-ENV-MEDIUM-MARINE	Environment_Medium_SD	marine	true
GCA_002170565.2	SAMN06971917	Rhodospirillaceae bacterium TMED63	SC1-ENV-MEDIUM-MARINE	Environment_Medium_SD	marine	true
GCA_002170595.1	SAMN06971916	Alphaproteobacteria bacterium TMED62	SC1-ENV-MEDIUM-MARINE	Environment_Medium_SD	marine	true
GCA_002170615.1	SAMN06971909	Candidatus Endolissoclinum sp. TMED55	SC1-ENV-MEDIUM-MARINE	Environment_Medium_SD	marine	true
GCA_002170625.2	SAMN06972063	Crocinitomicaceae bacterium TMED209	SC1-ENV-MEDIUM-MARINE	Environment_Medium_SD	marine	true
GCA_002170655.2	SAMN06972061	Opitutales bacterium TMED207	SC1-ENV-MEDIUM-MARINE	Environment_Medium_SD	marine	true
GCA_002170675.2	SAMN06972060	Flavobacteriaceae bacterium TMED206	SC1-ENV-MEDIUM-MARINE	Environment_Medium_SD	marine	true
GCA_002170695.1	SAMN06972054	Flavobacteriaceae bacterium TMED200	SC1-ENV-MEDIUM-MARINE	Environment_Medium_SD	marine	true
GCA_002170705.1	SAMN06972059	Synechococcus sp. TMED205	SC1-ENV-MEDIUM-MARINE	Environment_Medium_SD	marine	true
GCA_002170735.1	SAMN06972052	bacterium TMED198	SC1-ENV-MEDIUM-MARINE	Environment_Medium_SD	marine	true
GCA_002170745.2	SAMN06972049	Pelagibacteraceae bacterium TMED195	SC1-ENV-MEDIUM-MARINE	Environment_Medium_SD	marine	true
GCA_002170785.1	SAMN06972038	Flavobacteriaceae bacterium TMED184	SC1-ENV-MEDIUM-MARINE	Environment_Medium_SD	marine	true
GCA_002170815.1	SAMN06972034	Gammaproteobacteria bacterium TMED180	SC1-ENV-MEDIUM-MARINE	Environment_Medium_SD	marine	true
GCA_002170825.1	SAMN06972031	Cyanobacteria bacterium TMED177	SC1-ENV-MEDIUM-MARINE	Environment_Medium_SD	marine	true
GCA_002170855.1	SAMN06972026	Actinobacteria bacterium TMED172	SC1-ENV-MEDIUM-MARINE	Environment_Medium_SD	marine	true
GCA_002170875.2	SAMN06972024	Pelagibacteraceae bacterium TMED170	SC1-ENV-MEDIUM-MARINE	Environment_Medium_SD	marine	true
GCA_002170885.2	SAMN06972022	Rhizobiales bacterium TMED168	SC1-ENV-MEDIUM-MARINE	Environment_Medium_SD	marine	true
GCA_002170915.1	SAMN06972021	Rhodospirillaceae bacterium TMED167	SC1-ENV-MEDIUM-MARINE	Environment_Medium_SD	marine	true
GCA_002170955.2	SAMN06972016	Rhizobiales bacterium TMED162	SC1-ENV-MEDIUM-MARINE	Environment_Medium_SD	marine	true
GCA_002170965.1	SAMN06972025	Flavobacteriaceae bacterium TMED171	SC1-ENV-MEDIUM-MARINE	Environment_Medium_SD	marine	true
GCA_002170995.1	SAMN06972013	Gammaproteobacteria bacterium TMED159	SC1-ENV-MEDIUM-MARINE	Environment_Medium_SD	marine	true
GCA_002171015.1	SAMN06972020	Candidatus Pelagibacter sp. TMED166	SC1-ENV-MEDIUM-MARINE	Environment_Medium_SD	marine	true
GCA_002171035.2	SAMN06972019	Candidatus Pelagibacter sp. TMED165	SC1-ENV-MEDIUM-MARINE	Environment_Medium_SD	marine	true
GCA_002171045.1	SAMN06972012	Opitutales bacterium TMED158	SC1-ENV-MEDIUM-MARINE	Environment_Medium_SD	marine	true
GCA_002171075.2	SAMN06972009	Synechococcus sp. TMED155	SC1-ENV-MEDIUM-MARINE	Environment_Medium_SD	marine	true
GCA_002171085.1	SAMN06972000	Pelagibacteraceae bacterium TMED146	SC1-ENV-MEDIUM-MARINE	Environment_Medium_SD	marine	true
GCA_002171115.1	SAMN06971992	Planctomycetaceae bacterium TMED138	SC1-ENV-MEDIUM-MARINE	Environment_Medium_SD	marine	true
GCA_002171125.1	SAMN06972015	bacterium TMED161	SC1-ENV-MEDIUM-MARINE	Environment_Medium_SD	marine	true
GCA_002171155.1	SAMN06972010	Betaproteobacteria bacterium TMED156	SC1-ENV-MEDIUM-MARINE	Environment_Medium_SD	marine	true
GCA_002171175.2	SAMN06971988	Gammaproteobacteria bacterium TMED134	SC1-ENV-MEDIUM-MARINE	Environment_Medium_SD	marine	true
GCA_002171195.1	SAMN06971999	Flavobacteriaceae bacterium TMED145	SC1-ENV-MEDIUM-MARINE	Environment_Medium_SD	marine	true
GCA_002171215.1	SAMN06971990	Pelagibacteraceae bacterium TMED136	SC1-ENV-MEDIUM-MARINE	Environment_Medium_SD	marine	true
GCA_002171225.2	SAMN06971989	Crocinitomicaceae bacterium TMED135	SC1-ENV-MEDIUM-MARINE	Environment_Medium_SD	marine	true
GCA_002171235.1	SAMN06971985	Rickettsiales bacterium TMED131	SC1-ENV-MEDIUM-MARINE	Environment_Medium_SD	marine	true
GCA_002171275.2	SAMN06971978	Pelagibacteraceae bacterium TMED124	SC1-ENV-MEDIUM-MARINE	Environment_Medium_SD	marine	true
GCA_002171295.2	SAMN06971975	Flavobacteriaceae bacterium TMED121	SC1-ENV-MEDIUM-MARINE	Environment_Medium_SD	marine	true
GCA_002171305.1	SAMN06971973	Gammaproteobacteria bacterium TMED119	SC1-ENV-MEDIUM-MARINE	Environment_Medium_SD	marine	true
GCA_002171355.1	SAMN06971965	Rhodobacteraceae bacterium TMED111	SC1-ENV-MEDIUM-MARINE	Environment_Medium_SD	marine	true
GCA_002171375.1	SAMN06971963	Alphaproteobacteria bacterium TMED109	SC1-ENV-MEDIUM-MARINE	Environment_Medium_SD	marine	true
GCA_002171395.2	SAMN06971959	Rhodothermaceae bacterium TMED105	SC1-ENV-MEDIUM-MARINE	Environment_Medium_SD	marine	true
GCA_002171405.1	SAMN06971956	Opitutia bacterium TMED102	SC1-ENV-MEDIUM-MARINE	Environment_Medium_SD	marine	true
GCA_002171435.2	SAMN06971955	Alteromonadaceae bacterium TMED101	SC1-ENV-MEDIUM-MARINE	Environment_Medium_SD	marine	true
GCA_002171475.2	SAMN06971950	Flavobacteriales bacterium TMED96	SC1-ENV-MEDIUM-MARINE	Environment_Medium_SD	marine	true
GCA_002171495.2	SAMN06971947	Alphaproteobacteria bacterium TMED93	SC1-ENV-MEDIUM-MARINE	Environment_Medium_SD	marine	true
GCA_002171515.1	SAMN06971942	bacterium TMED88	SC1-ENV-MEDIUM-MARINE	Environment_Medium_SD	marine	true
GCA_002171525.1	SAMN06971941	Alphaproteobacteria bacterium TMED87	SC1-ENV-MEDIUM-MARINE	Environment_Medium_SD	marine	true
GCA_002171535.2	SAMN06971937	Rhizobiales bacterium TMED83	SC1-ENV-MEDIUM-MARINE	Environment_Medium_SD	marine	true
GCA_002171575.2	SAMN06971935	Flavobacteriaceae bacterium TMED81	SC1-ENV-MEDIUM-MARINE	Environment_Medium_SD	marine	true
GCA_002171595.1	SAMN06971933	Cellvibrionales bacterium TMED79	SC1-ENV-MEDIUM-MARINE	Environment_Medium_SD	marine	true
GCA_002171605.1	SAMN06971931	Acidimicrobiaceae bacterium TMED77	SC1-ENV-MEDIUM-MARINE	Environment_Medium_SD	marine	true
GCA_002171615.1	SAMN06971932	Gammaproteobacteria bacterium TMED78	SC1-ENV-MEDIUM-MARINE	Environment_Medium_SD	marine	true
GCA_002171655.1	SAMN06971929	Planctomycetes bacterium TMED75	SC1-ENV-MEDIUM-MARINE	Environment_Medium_SD	marine	true
GCA_002171675.1	SAMN06971924	Chloroflexi bacterium TMED70	SC1-ENV-MEDIUM-MARINE	Environment_Medium_SD	marine	true
GCA_002171685.2	SAMN06971920	Synechococcus sp. TMED66	SC1-ENV-MEDIUM-MARINE	Environment_Medium_SD	marine	true
GCA_002171705.1	SAMN06971918	Candidatus Pelagibacter sp. TMED64	SC1-ENV-MEDIUM-MARINE	Environment_Medium_SD	marine	true
GCA_002171735.1	SAMN06971915	Proteobacteria bacterium TMED61	SC1-ENV-MEDIUM-MARINE	Environment_Medium_SD	marine	true
GCA_002171755.1	SAMN06972068	Saprospirales bacterium TMED214	SC1-ENV-MEDIUM-MARINE	Environment_Medium_SD	marine	true
GCA_002171765.1	SAMN06971914	Verrucomicrobia bacterium TMED60	SC1-ENV-MEDIUM-MARINE	Environment_Medium_SD	marine	true
GCA_002171775.2	SAMN06972067	Candidatus Puniceispirillum sp. TMED213	SC1-ENV-MEDIUM-MARINE	Environment_Medium_SD	marine	true
GCA_002171815.2	SAMN06972064	Acidimicrobiaceae bacterium TMED210	SC1-ENV-MEDIUM-MARINE	Environment_Medium_SD	marine	true
GCA_002171835.1	SAMN06972062	Flavobacteriaceae bacterium TMED208	SC1-ENV-MEDIUM-MARINE	Environment_Medium_SD	marine	true
GCA_002171845.1	SAMN06972057	Candidatus Pelagibacter sp. TMED203	SC1-ENV-MEDIUM-MARINE	Environment_Medium_SD	marine	true
GCA_002171855.1	SAMN06972056	Candidatus Pelagibacter sp. TMED202	SC1-ENV-MEDIUM-MARINE	Environment_Medium_SD	marine	true
GCA_002171895.1	SAMN06972053	Alphaproteobacteria bacterium TMED199	SC1-ENV-MEDIUM-MARINE	Environment_Medium_SD	marine	true
GCA_002171915.2	SAMN06972048	Alphaproteobacteria bacterium TMED194	SC1-ENV-MEDIUM-MARINE	Environment_Medium_SD	marine	true
GCA_002171925.1	SAMN06972050	Candidatus Pelagibacter sp. TMED196	SC1-ENV-MEDIUM-MARINE	Environment_Medium_SD	marine	true
GCA_002171935.2	SAMN06972047	Gammaproteobacteria bacterium TMED193	SC1-ENV-MEDIUM-MARINE	Environment_Medium_SD	marine	true
GCA_002171975.2	SAMN06972045	Flavobacteriales bacterium TMED191	SC1-ENV-MEDIUM-MARINE	Environment_Medium_SD	marine	true
GCA_002171995.1	SAMN06972041	Synechococcus sp. TMED187	SC1-ENV-MEDIUM-MARINE	Environment_Medium_SD	marine	true
GCA_002172015.1	SAMN06972042	Cyanobacteria bacterium TMED188	SC1-ENV-MEDIUM-MARINE	Environment_Medium_SD	marine	true
GCA_002172025.2	SAMN06972040	Gammaproteobacteria bacterium TMED186	SC1-ENV-MEDIUM-MARINE	Environment_Medium_SD	marine	true
GCA_002172045.1	SAMN06972039	Synechococcus sp. TMED185	SC1-ENV-MEDIUM-MARINE	Environment_Medium_SD	marine	true
GCA_002172075.1	SAMN06972037	Gammaproteobacteria bacterium TMED183	SC1-ENV-MEDIUM-MARINE	Environment_Medium_SD	marine	true
GCA_002172095.2	SAMN06972036	Gammaproteobacteria bacterium TMED182	SC1-ENV-MEDIUM-MARINE	Environment_Medium_SD	marine	true
GCA_002172105.2	SAMN06972030	Candidatus Puniceispirillum sp. TMED176	SC1-ENV-MEDIUM-MARINE	Environment_Medium_SD	marine	true
GCA_002172115.1	SAMN06972029	Verrucomicrobia bacterium TMED175	SC1-ENV-MEDIUM-MARINE	Environment_Medium_SD	marine	true
GCA_002172145.1	SAMN06972028	Rickettsiales bacterium TMED174	SC1-ENV-MEDIUM-MARINE	Environment_Medium_SD	marine	true
GCA_002172175.1	SAMN06972023	Synechococcus sp. TMED169	SC1-ENV-MEDIUM-MARINE	Environment_Medium_SD	marine	true
GCA_002172195.2	SAMN06972011	Cellvibrionales bacterium TMED157	SC1-ENV-MEDIUM-MARINE	Environment_Medium_SD	marine	true
GCA_002172215.2	SAMN06972006	Amoebophilaceae bacterium TMED152	SC1-ENV-MEDIUM-MARINE	Environment_Medium_SD	marine	true
GCA_002172255.1	SAMN06972003	Puniceicoccaceae bacterium TMED149	SC1-ENV-MEDIUM-MARINE	Environment_Medium_SD	marine	true
GCA_002172275.1	SAMN06971997	Rhizobiales bacterium TMED143	SC1-ENV-MEDIUM-MARINE	Environment_Medium_SD	marine	true
GCA_002172285.1	SAMN06971996	Candidatus Pelagibacter sp. TMED142	SC1-ENV-MEDIUM-MARINE	Environment_Medium_SD	marine	true
GCA_002172295.1	SAMN06971993	Gammaproteobacteria bacterium TMED139	SC1-ENV-MEDIUM-MARINE	Environment_Medium_SD	marine	true
GCA_002172335.1	SAMN06971987	Gammaproteobacteria bacterium TMED133	SC1-ENV-MEDIUM-MARINE	Environment_Medium_SD	marine	true
GCA_002172385.3	SAMN06971980	Deltaproteobacteria bacterium TMED126	SC1-ENV-MEDIUM-MARINE	Environment_Medium_SD	marine	true
GCA_002172415.2	SAMN06971979	Hyphomonadaceae bacterium TMED125	SC1-ENV-MEDIUM-MARINE	Environment_Medium_SD	marine	true
GCA_002172435.2	SAMN06971974	Flavobacteriaceae bacterium TMED120	SC1-ENV-MEDIUM-MARINE	Environment_Medium_SD	marine	true
GCA_002172455.1	SAMN06971970	Flavobacteriaceae bacterium TMED116	SC1-ENV-MEDIUM-MARINE	Environment_Medium_SD	marine	true
GCA_002172465.1	SAMN06971969	Actinomycetales bacterium TMED115	SC1-ENV-MEDIUM-MARINE	Environment_Medium_SD	marine	true
GCA_002172485.2	SAMN06971968	Crocinitomicaceae bacterium TMED114	SC1-ENV-MEDIUM-MARINE	Environment_Medium_SD	marine	true
GCA_002172515.1	SAMN06971964	Alphaproteobacteria bacterium TMED110	SC1-ENV-MEDIUM-MARINE	Environment_Medium_SD	marine	true
GCA_002172535.2	SAMN06971958	Gammaproteobacteria bacterium TMED104	SC1-ENV-MEDIUM-MARINE	Environment_Medium_SD	marine	true
GCA_002172545.1	SAMN06971962	Fidelibacterota bacterium TMED108	SC1-ENV-MEDIUM-MARINE	Environment_Medium_SD	marine	true
GCA_002172585.1	SAMN06971952	Cellulomonadaceae bacterium TMED98	SC1-ENV-MEDIUM-MARINE	Environment_Medium_SD	marine	true
GCA_002172615.1	SAMN06971949	Gammaproteobacteria bacterium TMED95	SC1-ENV-MEDIUM-MARINE	Environment_Medium_SD	marine	true
GCA_002172625.1	SAMN06971940	Verrucomicrobiaceae bacterium TMED86	SC1-ENV-MEDIUM-MARINE	Environment_Medium_SD	marine	true
GCA_002172655.2	SAMN06971938	Flavobacteriales bacterium TMED84	SC1-ENV-MEDIUM-MARINE	Environment_Medium_SD	marine	true
GCA_002172695.2	SAMN06972081	Rhizobiales bacterium TMED227	SC1-ENV-MEDIUM-MARINE	Environment_Medium_SD	marine	true
GCA_002172705.1	SAMN06972130	Oceanospirillaceae bacterium TMED276	SC1-ENV-MEDIUM-MARINE	Environment_Medium_SD	marine	true
GCA_002172715.1	SAMN06972135	Gammaproteobacteria bacterium TMED281	SC1-ENV-MEDIUM-MARINE	Environment_Medium_SD	marine	true
GCA_002172725.2	SAMN06972121	Pelagibacteraceae bacterium TMED267	SC1-ENV-MEDIUM-MARINE	Environment_Medium_SD	marine	true
GCA_002172775.1	SAMN06972128	bacterium TMED274	SC1-ENV-MEDIUM-MARINE	Environment_Medium_SD	marine	true
GCA_002172795.1	SAMN06972032	bacterium TMED178	SC1-ENV-MEDIUM-MARINE	Environment_Medium_SD	marine	true
GCA_002172815.1	SAMN06971885	Hyphomonas sp. TMED31	SC1-ENV-MEDIUM-MARINE	Environment_Medium_SD	marine	true
GCA_002172835.1	SAMN06971880	Candidatus Endolissoclinum sp. TMED26	SC1-ENV-MEDIUM-MARINE	Environment_Medium_SD	marine	true
GCA_002172845.2	SAMN06971887	Oceanospirillales bacterium TMED33	SC1-ENV-MEDIUM-MARINE	Environment_Medium_SD	marine	true
GCA_002172855.1	SAMN06971994	Rhodospirillaceae bacterium TMED140	SC1-ENV-MEDIUM-MARINE	Environment_Medium_SD	marine	true
GCA_002172865.1	SAMN06971961	Gammaproteobacteria bacterium TMED107	SC1-ENV-MEDIUM-MARINE	Environment_Medium_SD	marine	true
GCA_002172915.1	SAMN06971871	Hyphomonas sp. TMED17	SC1-ENV-MEDIUM-MARINE	Environment_Medium_SD	marine	true
GCA_002172925.2	SAMN06971943	Alphaproteobacteria bacterium TMED89	SC1-ENV-MEDIUM-MARINE	Environment_Medium_SD	marine	true
GCA_002172935.1	SAMN06971944	Synechococcus sp. TMED90	SC1-ENV-MEDIUM-MARINE	Environment_Medium_SD	marine	true
GCA_002172955.1	SAMN06971858	Afipia sp. TMED4	SC1-ENV-MEDIUM-MARINE	Environment_Medium_SD	marine	true
GCA_002172995.1	SAMN06971945	Oceanospirillales bacterium TMED91	SC1-ENV-MEDIUM-MARINE	Environment_Medium_SD	marine	true
GCA_002173015.1	SAMN06971897	Pseudoalteromonas sp. TMED43	SC1-ENV-MEDIUM-MARINE	Environment_Medium_SD	marine	true
GCA_002173025.1	SAMN06971913	Oceanospirillales bacterium TMED59	SC1-ENV-MEDIUM-MARINE	Environment_Medium_SD	marine	true
GCA_002173035.1	SAMN06971889	Alteromonas sp. TMED35	SC1-ENV-MEDIUM-MARINE	Environment_Medium_SD	marine	true
GCA_002173075.2	SAMN06971861	Alteromonadaceae bacterium TMED7	SC1-ENV-MEDIUM-MARINE	Environment_Medium_SD	marine	true
GCA_002173095.1	SAMN06971859	Hyphomonadaceae bacterium TMED5	SC1-ENV-MEDIUM-MARINE	Environment_Medium_SD	marine	true
GCA_002177315.1	SAMN06888365	Campylobacter jejuni	SC1-ENV-BROAD-ENV-SAMPLE	Environment_Broad_Scale_SD	environmental sample	true
GCA_002177345.1	SAMN06888363	Campylobacter jejuni	SC1-ENV-BROAD-ENV-SAMPLE	Environment_Broad_Scale_SD	environmental sample	true
GCA_002177365.1	SAMN06888362	Campylobacter jejuni	SC1-ENV-BROAD-ENV-SAMPLE	Environment_Broad_Scale_SD	environmental sample	true
GCA_002177375.1	SAMN06888361	Campylobacter jejuni	SC1-ENV-BROAD-ENV-SAMPLE	Environment_Broad_Scale_SD	environmental sample	true
GCA_002177385.1	SAMN06888360	Campylobacter jejuni	SC1-ENV-BROAD-ENV-SAMPLE	Environment_Broad_Scale_SD	environmental sample	true
GCA_002177435.1	SAMN06888359	Campylobacter jejuni	SC1-ENV-BROAD-ENV-SAMPLE	Environment_Broad_Scale_SD	environmental sample	true
GCA_002177455.1	SAMN06888358	Campylobacter jejuni	SC1-ENV-BROAD-ENV-SAMPLE	Environment_Broad_Scale_SD	environmental sample	true
GCA_002177465.1	SAMN06888357	Campylobacter jejuni	SC1-ENV-BROAD-ENV-SAMPLE	Environment_Broad_Scale_SD	environmental sample	true
GCA_002177475.1	SAMN06888356	Campylobacter jejuni	SC1-ENV-BROAD-ENV-SAMPLE	Environment_Broad_Scale_SD	environmental sample	true
GCA_002177515.1	SAMN06888355	Campylobacter jejuni	SC1-ENV-BROAD-ENV-SAMPLE	Environment_Broad_Scale_SD	environmental sample	true
GCA_002177535.1	SAMN06888354	Campylobacter jejuni	SC1-ENV-BROAD-ENV-SAMPLE	Environment_Broad_Scale_SD	environmental sample	true
GCA_002177545.1	SAMN06888352	Campylobacter jejuni	SC1-ENV-BROAD-ENV-SAMPLE	Environment_Broad_Scale_SD	environmental sample	true
GCA_002177555.1	SAMN06888350	Campylobacter jejuni	SC1-ENV-BROAD-ENV-SAMPLE	Environment_Broad_Scale_SD	environmental sample	true
GCA_002177595.1	SAMN06888347	Campylobacter jejuni	SC1-ENV-BROAD-ENV-SAMPLE	Environment_Broad_Scale_SD	environmental sample	true
GCA_002177615.1	SAMN06888346	Campylobacter jejuni	SC1-ENV-BROAD-ENV-SAMPLE	Environment_Broad_Scale_SD	environmental sample	true
GCA_002177625.1	SAMN06888345	Campylobacter jejuni	SC1-ENV-BROAD-ENV-SAMPLE	Environment_Broad_Scale_SD	environmental sample	true
GCA_002177655.1	SAMN06888344	Campylobacter jejuni	SC1-ENV-BROAD-ENV-SAMPLE	Environment_Broad_Scale_SD	environmental sample	true
GCA_002177675.1	SAMN06888343	Campylobacter jejuni	SC1-ENV-BROAD-ENV-SAMPLE	Environment_Broad_Scale_SD	environmental sample	true
GCA_002177685.1	SAMN06888341	Campylobacter jejuni	SC1-ENV-BROAD-ENV-SAMPLE	Environment_Broad_Scale_SD	environmental sample	true
GCA_002177695.1	SAMN06888340	Campylobacter jejuni	SC1-ENV-BROAD-ENV-SAMPLE	Environment_Broad_Scale_SD	environmental sample	true
GCA_002177735.1	SAMN06888339	Campylobacter jejuni	SC1-ENV-BROAD-ENV-SAMPLE	Environment_Broad_Scale_SD	environmental sample	true
GCA_002177745.1	SAMN06888338	Campylobacter jejuni	SC1-ENV-BROAD-ENV-SAMPLE	Environment_Broad_Scale_SD	environmental sample	true
GCA_002177765.1	SAMN06888336	Campylobacter jejuni	SC1-ENV-BROAD-ENV-SAMPLE	Environment_Broad_Scale_SD	environmental sample	true
GCA_002177775.1	SAMN06888337	Campylobacter jejuni	SC1-ENV-BROAD-ENV-SAMPLE	Environment_Broad_Scale_SD	environmental sample	true
GCA_002177805.1	SAMN06888335	Campylobacter jejuni	SC1-ENV-BROAD-ENV-SAMPLE	Environment_Broad_Scale_SD	environmental sample	true
GCA_002177835.1	SAMN06888334	Campylobacter jejuni	SC1-ENV-BROAD-ENV-SAMPLE	Environment_Broad_Scale_SD	environmental sample	true
GCA_002177855.1	SAMN06888333	Campylobacter jejuni	SC1-ENV-BROAD-ENV-SAMPLE	Environment_Broad_Scale_SD	environmental sample	true
GCA_002177865.1	SAMN06888332	Campylobacter jejuni	SC1-ENV-BROAD-ENV-SAMPLE	Environment_Broad_Scale_SD	environmental sample	true
GCA_002177885.1	SAMN06888330	Campylobacter jejuni	SC1-ENV-BROAD-ENV-SAMPLE	Environment_Broad_Scale_SD	environmental sample	true
GCA_002177905.1	SAMN06888329	Campylobacter jejuni	SC1-ENV-BROAD-ENV-SAMPLE	Environment_Broad_Scale_SD	environmental sample	true
GCA_002177935.1	SAMN06888328	Campylobacter jejuni	SC1-ENV-BROAD-ENV-SAMPLE	Environment_Broad_Scale_SD	environmental sample	true
GCA_002177955.1	SAMN06888327	Campylobacter jejuni	SC1-ENV-BROAD-ENV-SAMPLE	Environment_Broad_Scale_SD	environmental sample	true
GCA_002177965.1	SAMN06888325	Campylobacter jejuni	SC1-ENV-BROAD-ENV-SAMPLE	Environment_Broad_Scale_SD	environmental sample	true
GCA_002177985.1	SAMN06888324	Campylobacter jejuni	SC1-ENV-BROAD-ENV-SAMPLE	Environment_Broad_Scale_SD	environmental sample	true
GCA_002178035.1	SAMN06888319	Campylobacter jejuni	SC1-ENV-BROAD-ENV-SAMPLE	Environment_Broad_Scale_SD	environmental sample	true
GCA_002178055.1	SAMN06888318	Campylobacter jejuni	SC1-ENV-BROAD-ENV-SAMPLE	Environment_Broad_Scale_SD	environmental sample	true
GCA_002178075.1	SAMN06888314	Campylobacter jejuni	SC1-ENV-BROAD-ENV-SAMPLE	Environment_Broad_Scale_SD	environmental sample	true
GCA_002178085.1	SAMN06888316	Campylobacter jejuni	SC1-ENV-BROAD-ENV-SAMPLE	Environment_Broad_Scale_SD	environmental sample	true
GCA_002178965.1	SAMN06888364	Campylobacter jejuni	SC1-ENV-BROAD-ENV-SAMPLE	Environment_Broad_Scale_SD	environmental sample	true
GCA_002179005.1	SAMN06888353	Campylobacter jejuni	SC1-ENV-BROAD-ENV-SAMPLE	Environment_Broad_Scale_SD	environmental sample	true
GCA_002179015.1	SAMN06888351	Campylobacter jejuni	SC1-ENV-BROAD-ENV-SAMPLE	Environment_Broad_Scale_SD	environmental sample	true
GCA_002179045.1	SAMN06888349	Campylobacter jejuni	SC1-ENV-BROAD-ENV-SAMPLE	Environment_Broad_Scale_SD	environmental sample	true
GCA_002179075.1	SAMN06888348	Campylobacter jejuni	SC1-ENV-BROAD-ENV-SAMPLE	Environment_Broad_Scale_SD	environmental sample	true
GCA_002179085.1	SAMN06888342	Campylobacter jejuni	SC1-ENV-BROAD-ENV-SAMPLE	Environment_Broad_Scale_SD	environmental sample	true
GCA_002179115.1	SAMN06888331	Campylobacter jejuni	SC1-ENV-BROAD-ENV-SAMPLE	Environment_Broad_Scale_SD	environmental sample	true
GCA_002179125.1	SAMN06888326	Campylobacter jejuni	SC1-ENV-BROAD-ENV-SAMPLE	Environment_Broad_Scale_SD	environmental sample	true
GCA_002179155.1	SAMN06888322	Campylobacter jejuni	SC1-ENV-BROAD-ENV-SAMPLE	Environment_Broad_Scale_SD	environmental sample	true
GCA_002179165.1	SAMN06888323	Campylobacter jejuni	SC1-ENV-BROAD-ENV-SAMPLE	Environment_Broad_Scale_SD	environmental sample	true
GCA_002179215.1	SAMN06888315	Campylobacter jejuni	SC1-ENV-BROAD-ENV-SAMPLE	Environment_Broad_Scale_SD	environmental sample	true
GCA_002179555.1	SAMN06621520	Salinicola salarius	SC1-ENV-MEDIUM-MARINE	Environment_Medium_SD	marine	true
GCA_002179635.1	SAMN06888317	Campylobacter jejuni	SC1-ENV-BROAD-ENV-SAMPLE	Environment_Broad_Scale_SD	environmental sample	true
GCA_002197875.1	SAMN06972070	Pelagibacteraceae bacterium TMED216	SC1-ENV-MEDIUM-MARINE	Environment_Medium_SD	marine	true
GCA_002198775.1	SAMN04329633	Cronobacter sakazakii	SC1-ENV-BROAD-ENV-SAMPLE	Environment_Broad_Scale_SD	environmental sample	true
GCA_002198805.1	SAMN04329635	Cronobacter sakazakii	SC1-ENV-BROAD-ENV-SAMPLE	Environment_Broad_Scale_SD	environmental sample	true
GCA_002198815.1	SAMN04329634	Cronobacter sakazakii	SC1-ENV-BROAD-ENV-SAMPLE	Environment_Broad_Scale_SD	environmental sample	true
GCA_002198825.1	SAMN04329641	Cronobacter sakazakii	SC1-ENV-BROAD-ENV-SAMPLE	Environment_Broad_Scale_SD	environmental sample	true
GCA_002198855.1	SAMN04329643	Cronobacter sakazakii	SC1-ENV-BROAD-ENV-SAMPLE	Environment_Broad_Scale_SD	environmental sample	true
GCA_002198865.1	SAMN04329644	Cronobacter sakazakii	SC1-ENV-BROAD-ENV-SAMPLE	Environment_Broad_Scale_SD	environmental sample	true
GCA_002198885.1	SAMN04329645	Cronobacter sakazakii	SC1-ENV-BROAD-ENV-SAMPLE	Environment_Broad_Scale_SD	environmental sample	true
GCA_002198925.1	SAMN04329640	Cronobacter sakazakii	SC1-ENV-BROAD-ENV-SAMPLE	Environment_Broad_Scale_SD	environmental sample	true
GCA_002198935.1	SAMN04329636	Cronobacter sakazakii	SC1-ENV-BROAD-ENV-SAMPLE	Environment_Broad_Scale_SD	environmental sample	true
GCA_002198945.1	SAMN04329642	Cronobacter sakazakii	SC1-ENV-BROAD-ENV-SAMPLE	Environment_Broad_Scale_SD	environmental sample	true
GCA_002198975.1	SAMN04329638	Cronobacter sakazakii	SC1-ENV-BROAD-ENV-SAMPLE	Environment_Broad_Scale_SD	environmental sample	true
GCA_002198995.1	SAMN04329639	Cronobacter sakazakii	SC1-ENV-BROAD-ENV-SAMPLE	Environment_Broad_Scale_SD	environmental sample	true
GCA_002199005.1	SAMN07139883	Cronobacter sakazakii	SC1-ENV-BROAD-ENV-SAMPLE	Environment_Broad_Scale_SD	environmental sample	true
GCA_002199045.1	SAMN07139881	Cronobacter sakazakii	SC1-ENV-BROAD-ENV-SAMPLE	Environment_Broad_Scale_SD	environmental sample	true
GCA_002199055.1	SAMN07139880	Cronobacter sakazakii	SC1-ENV-BROAD-ENV-SAMPLE	Environment_Broad_Scale_SD	environmental sample	true
GCA_002199065.1	SAMN07139879	Cronobacter sakazakii	SC1-ENV-BROAD-ENV-SAMPLE	Environment_Broad_Scale_SD	environmental sample	true
GCA_002199095.1	SAMN07139878	Cronobacter sakazakii	SC1-ENV-BROAD-ENV-SAMPLE	Environment_Broad_Scale_SD	environmental sample	true
GCA_002205315.1	SAMN06819206	Achromobacter denitrificans	SC1-ENV-BROAD-WASTEWATER	Environment_Local_Scale_SD	activated sludge	true
GCA_002205635.1	SAMN07204631	Sphingopyxis witflariensis	SC1-ENV-BROAD-WASTEWATER	Environment_Local_Scale_SD	activated sludge	true
GCA_002207995.1	SAMN07150515	Pantoea sp. VS1	SC1-ENV-BROAD-ENV-SAMPLE	Environment_Broad_Scale_SD	environmental sample	true
GCA_002208215.1	SAMN02923161	Listeria monocytogenes	SC1-ENV-BROAD-ENV-SAMPLE	Environment_Broad_Scale_SD	environmental sample	true
GCA_002208725.2	SAMN06173319	Prevotella melaninogenica	SC1-HHS-HEALTHY-CONTROL-HEALTH	Host_Health_State_SD	healthy/control	true
GCA_002208725.2	SAMN06173319	Prevotella melaninogenica	SC1-HHS-HEALTHY-CONTROL-HEALTH	Host_Health_State_SD_Detail	healthy/control	false
GCA_002208725.2	SAMN06173319	Prevotella melaninogenica	SC1-HHS-HEALTHY-CONTROL-HEALTH	Host_Health_State_SD_Method	context_dictionary	false
GCA_002208725.2	SAMN06173319	Prevotella melaninogenica	SC1-HHS-HEALTHY-CONTROL-HEALTH	Environment_Broad_Scale_SD	environmental sample	true
GCA_002211465.1	SAMN06461361	Zobellia sp. OII3	SC1-ENV-MEDIUM-MARINE	Environment_Medium_SD	marine	true
GCA_002212725.1	SAMN06191786	Sphingobacteriales bacterium TSM_CSM	SC1-ENV-BROAD-WASTEWATER	Environment_Local_Scale_SD	activated sludge	true
GCA_002212765.2	SAMN06191787	Haliangium sp. UPWRP_2	SC1-ENV-BROAD-WASTEWATER	Environment_Local_Scale_SD	activated sludge	true
GCA_002212985.1	SAMN06644716	Sphingobacteriales bacterium TSM_CSS	SC1-ENV-BROAD-WASTEWATER	Environment_Local_Scale_SD	activated sludge	true
GCA_002222715.1	SAMN03339955	Listeria monocytogenes	SC1-ENV-BROAD-ENV-SAMPLE	Environment_Broad_Scale_SD	environmental sample	true
GCA_002222765.1	SAMN03339954	Listeria monocytogenes	SC1-ENV-BROAD-ENV-SAMPLE	Environment_Broad_Scale_SD	environmental sample	true
GCA_002222775.1	SAMN03339952	Listeria monocytogenes	SC1-ENV-BROAD-ENV-SAMPLE	Environment_Broad_Scale_SD	environmental sample	true
GCA_002222875.1	SAMN06946673	Burkholderia multivorans	SC1-ENV-BROAD-ENV-SAMPLE	Environment_Broad_Scale_SD	environmental sample	true
GCA_002224265.1	SAMN04097182	Vibrio vulnificus NBRC 15645 = ATCC 27562	SC1-ENV-MEDIUM-MARINE	Environment_Medium_SD	marine	true
GCA_002224645.1	SAMN07259296	Dehalobacterium formicoaceticum	SC1-ENV-LOCAL-GROUNDWATER	Environment_Local_Scale_SD	groundwater	true
GCA_002236805.1	SAMN07172007	Pusillimonas sp. T2	SC1-ENV-BROAD-WASTEWATER	Environment_Local_Scale_SD	activated sludge	true
GCA_002238045.1	SAMN06678465	Notoacmeibacter marinus	SC1-ENV-MEDIUM-MARINE	Environment_Medium_SD	marine	true
GCA_002240205.1	SAMN07407602	Prosthecochloris sp. GSB1	SC1-ENV-MEDIUM-MARINE	Environment_Medium_SD	marine	true
GCA_002245765.1	SAMN07407601	Sphingobacterium cellulitidis	SC1-ENV-BROAD-WASTEWATER	Environment_Local_Scale_SD	activated sludge	true
GCA_002250475.1	SAMN07253282	Parenemella sanctibonifatiensis	SC1-ENV-BROAD-ENV-SAMPLE	Environment_Broad_Scale_SD	environmental sample	true
GCA_002265265.1	SAMN04252530	Photobacterium sanguinicancri	SC1-ENV-MEDIUM-MARINE	Environment_Medium_SD	marine	true
GCA_002265325.1	SAMN06062368	Vibrio vulnificus	SC1-ENV-BROAD-ENV-SAMPLE	Environment_Broad_Scale_SD	environmental sample	true
GCA_002265345.1	SAMN06062369	Vibrio vulnificus	SC1-ENV-BROAD-ENV-SAMPLE	Environment_Broad_Scale_SD	environmental sample	true
GCA_002266855.1	SAMN06947015	Winogradskyella aurantia	SC1-ENV-MEDIUM-MARINE	Environment_Medium_SD	marine	true
GCA_002277025.1	SAMN07230139	Sphingopyxis sp. GW247-27LB	SC1-ENV-LOCAL-GROUNDWATER	Environment_Local_Scale_SD	groundwater	true
GCA_002277895.1	SAMN07522840	Rhizobium sp. 11515TR	SC1-ENV-LOCAL-AGRICULTURAL-ENV	Environment_Local_Scale_SD	agricultural environment	true
GCA_002278415.1	SAMN06062372	Vibrio vulnificus	SC1-ENV-BROAD-ENV-SAMPLE	Environment_Broad_Scale_SD	environmental sample	true
GCA_002278435.1	SAMN06140069	Vibrio vulnificus	SC1-ENV-BROAD-ENV-SAMPLE	Environment_Broad_Scale_SD	environmental sample	true
GCA_002278445.1	SAMN06062367	Vibrio vulnificus	SC1-ENV-BROAD-ENV-SAMPLE	Environment_Broad_Scale_SD	environmental sample	true
GCA_002278505.1	SAMN06062370	Vibrio vulnificus	SC1-ENV-BROAD-ENV-SAMPLE	Environment_Broad_Scale_SD	environmental sample	true
GCA_002278535.1	SAMN06062371	Vibrio vulnificus	SC1-ENV-BROAD-ENV-SAMPLE	Environment_Broad_Scale_SD	environmental sample	true
GCA_002278545.1	SAMN06062366	Vibrio vulnificus	SC1-ENV-BROAD-ENV-SAMPLE	Environment_Broad_Scale_SD	environmental sample	true
GCA_002282865.1	SAMN07528625	Paraferrimonas haliotis	SC1-ENV-MEDIUM-MARINE	Environment_Medium_SD	marine	true
GCA_002282895.1	SAMN07528618	Paraferrimonas haliotis	SC1-ENV-MEDIUM-MARINE	Environment_Medium_SD	marine	true
GCA_002285635.2	SAMN07488153	Chryseobacterium piperi	SC1-HHS-HEALTHY-CONTROL-HEALTH	Host_Health_State_SD	healthy/control	true
GCA_002285635.2	SAMN07488153	Chryseobacterium piperi	SC1-HHS-HEALTHY-CONTROL-HEALTH	Host_Health_State_SD_Detail	healthy/control	false
GCA_002285635.2	SAMN07488153	Chryseobacterium piperi	SC1-HHS-HEALTHY-CONTROL-HEALTH	Host_Health_State_SD_Method	context_dictionary	false
GCA_002285655.1	SAMN02923159	Listeria monocytogenes	SC1-ENV-BROAD-ENV-SAMPLE	Environment_Broad_Scale_SD	environmental sample	true
GCA_002285835.1	SAMN06339459	Listeria monocytogenes	SC1-ENV-BROAD-ENV-SAMPLE	Environment_Broad_Scale_SD	environmental sample	true
GCA_002289305.1	SAMN07505021	Streptomyces albidoflavus	SC1-ENV-MEDIUM-MARINE	Environment_Medium_SD	marine	true
GCA_002289335.1	SAMN07505022	Streptomyces albidoflavus	SC1-ENV-MEDIUM-MARINE	Environment_Medium_SD	marine	true
GCA_002289345.1	SAMN07556797	Pseudoalteromonas sp. HM-SA03	SC1-ENV-MEDIUM-MARINE	Environment_Medium_SD	marine	true
GCA_002291575.1	SAMN06450470	Zunongwangia profunda	SC1-ENV-MEDIUM-MARINE	Environment_Medium_SD	marine	true
GCA_002291595.1	SAMN06450468	Candidatus Neomicrothrix sp. UBA1013	SC1-ENV-MEDIUM-MARINE	Environment_Medium_SD	marine	true
GCA_002291655.1	SAMN06450467	Alteromonas macleodii	SC1-ENV-MEDIUM-MARINE	Environment_Medium_SD	marine	true
GCA_002291785.1	SAMN06457499	Halomonas halophila	SC1-ENV-MEDIUM-MARINE	Environment_Medium_SD	marine	true
GCA_002291795.1	SAMN06455467	Leeuwenhoekiella sp. UBA1003	SC1-ENV-MEDIUM-MARINE	Environment_Medium_SD	marine	true
GCA_002292165.1	SAMN06457235	Brevundimonas sp. UBA986	SC1-ENV-MEDIUM-MARINE	Environment_Medium_SD	marine	true
GCA_002292215.1	SAMN06457238	Glaciecola sp. UBA983	SC1-ENV-MEDIUM-MARINE	Environment_Medium_SD	marine	true
GCA_002292295.1	SAMN06451941	Sphingomonas sp. UBA978	SC1-ENV-MEDIUM-MARINE	Environment_Medium_SD	marine	true
GCA_002294185.1	SAMN06457650	Paracoccus sp. UBA889	SC1-ENV-MEDIUM-MARINE	Environment_Medium_SD	marine	true
GCA_002294195.1	SAMN06457649	Microbacterium sp. UBA888	SC1-ENV-MEDIUM-MARINE	Environment_Medium_SD	marine	true
GCA_002294225.1	SAMN06457643	Candidatus Neomicrothrix sp. UBA886	SC1-ENV-MEDIUM-MARINE	Environment_Medium_SD	marine	true
GCA_002294235.1	SAMN06457642	Thalassolituus sp. UBA885	SC1-ENV-MEDIUM-MARINE	Environment_Medium_SD	marine	true
GCA_002294265.1	SAMN06457647	Limnobacter sp. UBA882	SC1-ENV-MEDIUM-MARINE	Environment_Medium_SD	marine	true
GCA_002294285.1	SAMN06457646	Candidatus Neomicrothrix sp. UBA881	SC1-ENV-MEDIUM-MARINE	Environment_Medium_SD	marine	true
GCA_002294295.1	SAMN06457648	Thalassolituus sp. UBA883	SC1-ENV-MEDIUM-MARINE	Environment_Medium_SD	marine	true
GCA_002295295.1	SAMN06450322	Candidatus Neomicrothrix sp. UBA867	SC1-ENV-MEDIUM-MARINE	Environment_Medium_SD	marine	true
GCA_002295405.1	SAMN06455557	Idiomarina baltica	SC1-ENV-MEDIUM-MARINE	Environment_Medium_SD	marine	true
GCA_002295445.1	SAMN06450329	Spongiibacter tropicus	SC1-ENV-MEDIUM-MARINE	Environment_Medium_SD	marine	true
GCA_002295455.1	SAMN06450575	Thalassospira sp. UBA848	SC1-ENV-MEDIUM-MARINE	Environment_Medium_SD	marine	true
GCA_002295485.1	SAMN06455553	Micavibrio sp. UBA851	SC1-ENV-MEDIUM-MARINE	Environment_Medium_SD	marine	true
GCA_002295505.1	SAMN06450576	Maribacter sp. UBA849	SC1-ENV-MEDIUM-MARINE	Environment_Medium_SD	marine	true
GCA_002295525.1	SAMN06450583	Pseudoalteromonas sp. UBA846	SC1-ENV-MEDIUM-MARINE	Environment_Medium_SD	marine	true
GCA_002295535.1	SAMN06450581	Pseudoalteromonas lipolytica	SC1-ENV-MEDIUM-MARINE	Environment_Medium_SD	marine	true
GCA_002295705.1	SAMN06450819	Candidatus Neomicrothrix sp. UBA825	SC1-ENV-MEDIUM-MARINE	Environment_Medium_SD	marine	true
GCA_002295815.1	SAMN06455547	Candidatus Neomicrothrix sp. UBA857	SC1-ENV-MEDIUM-MARINE	Environment_Medium_SD	marine	true
GCA_002295845.1	SAMN06455548	Marinobacter sp. UBA856	SC1-ENV-MEDIUM-MARINE	Environment_Medium_SD	marine	true
GCA_002295945.1	SAMN06450584	Neptuniibacter sp. UBA847	SC1-ENV-MEDIUM-MARINE	Environment_Medium_SD	marine	true
GCA_002296005.1	SAMN06450579	Alteromonas australica	SC1-ENV-MEDIUM-MARINE	Environment_Medium_SD	marine	true
GCA_002296025.1	SAMN06455832	Microbacterium sp. UBA837	SC1-ENV-MEDIUM-MARINE	Environment_Medium_SD	marine	true
GCA_002296035.1	SAMN06454051	Roseivirga sp. UBA838	SC1-ENV-MEDIUM-MARINE	Environment_Medium_SD	marine	true
GCA_002296105.1	SAMN06455831	Alteromonas australica	SC1-ENV-MEDIUM-MARINE	Environment_Medium_SD	marine	true
GCA_002296165.1	SAMN06455826	Candidatus Neomicrothrix sp. UBA831	SC1-ENV-MEDIUM-MARINE	Environment_Medium_SD	marine	true
GCA_002296205.1	SAMN06450815	Stutzerimonas stutzeri	SC1-ENV-MEDIUM-MARINE	Environment_Medium_SD	marine	true
GCA_002296235.1	SAMN06450818	Thalassolituus sp. UBA824	SC1-ENV-MEDIUM-MARINE	Environment_Medium_SD	marine	true
GCA_002296525.1	SAMN06456111	Candidatus Neomicrothrix sp. UBA814	SC1-ENV-MEDIUM-MARINE	Environment_Medium_SD	marine	true
GCA_002296545.1	SAMN06456105	Herbaspirillum sp. UBA812	SC1-ENV-MEDIUM-MARINE	Environment_Medium_SD	marine	true
GCA_002297705.1	SAMN06457067	Leeuwenhoekiella blandensis	SC1-ENV-MEDIUM-MARINE	Environment_Medium_SD	marine	true
GCA_002297715.1	SAMN06455252	Alcanivorax sp. UBA679	SC1-ENV-MEDIUM-MARINE	Environment_Medium_SD	marine	true
GCA_002297745.1	SAMN06455245	Pseudoalteromonas issachenkonii	SC1-ENV-MEDIUM-MARINE	Environment_Medium_SD	marine	true
GCA_002297765.1	SAMN06455246	Thalassolituus sp. UBA675	SC1-ENV-MEDIUM-MARINE	Environment_Medium_SD	marine	true
GCA_002298325.1	SAMN06457070	Actibacterium sp. UBA681	SC1-ENV-MEDIUM-MARINE	Environment_Medium_SD	marine	true
GCA_002298335.1	SAMN06455247	Thalassolituus sp. UBA674	SC1-ENV-MEDIUM-MARINE	Environment_Medium_SD	marine	true
GCA_002298725.1	SAMN06452898	Desulfovibrio sp. UBA728	SC1-ENV-MEDIUM-MARINE	Environment_Medium_SD	marine	true
GCA_002298755.1	SAMN06452892	Candidatus Neomicrothrix sp. UBA722	SC1-ENV-MEDIUM-MARINE	Environment_Medium_SD	marine	true
GCA_002299005.1	SAMN06457074	Alphaproteobacteria bacterium UBA685	SC1-ENV-MEDIUM-MARINE	Environment_Medium_SD	marine	true
GCA_002299105.1	SAMN06455253	Methylophaga sp. UBA678	SC1-ENV-MEDIUM-MARINE	Environment_Medium_SD	marine	true
GCA_002299135.1	SAMN06455249	Candidatus Neomicrothrix sp. UBA672	SC1-ENV-MEDIUM-MARINE	Environment_Medium_SD	marine	true
GCA_002299145.1	SAMN06455250	Micavibrio sp. UBA671	SC1-ENV-MEDIUM-MARINE	Environment_Medium_SD	marine	true
GCA_002299185.1	SAMN06455251	Candidatus Neomicrothrix sp. UBA670	SC1-ENV-MEDIUM-MARINE	Environment_Medium_SD	marine	true
GCA_002299395.1	SAMN06457808	Acidimicrobiaceae bacterium UBA668	SC1-ENV-BROAD-WASTEWATER	Environment_Local_Scale_SD	activated sludge	true
GCA_002299405.1	SAMN06457817	Nitrospira sp. UBA667	SC1-ENV-BROAD-WASTEWATER	Environment_Local_Scale_SD	activated sludge	true
GCA_002299795.1	SAMN06457809	Candidatus Saccharibacteria bacterium UBA669	SC1-ENV-BROAD-WASTEWATER	Environment_Local_Scale_SD	activated sludge	true
GCA_002306665.1	SAMN06453176	Desulfovibrio sp. UBA1335	SC1-ENV-MEDIUM-MARINE	Environment_Medium_SD	marine	true
GCA_002306795.1	SAMN06453719	Candidatus Neomicrothrix sp. UBA1329	SC1-ENV-MEDIUM-MARINE	Environment_Medium_SD	marine	true
GCA_002306875.1	SAMN06453717	Spongiibacter sp. UBA1325	SC1-ENV-MEDIUM-MARINE	Environment_Medium_SD	marine	true
GCA_002306895.1	SAMN06453711	Candidatus Neomicrothrix sp. UBA1323	SC1-ENV-MEDIUM-MARINE	Environment_Medium_SD	marine	true
GCA_002306935.1	SAMN06453712	Candidatus Neomicrothrix sp. UBA1322	SC1-ENV-MEDIUM-MARINE	Environment_Medium_SD	marine	true
GCA_002307375.1	SAMN07572152	Lysobacteraceae bacterium NML93-0399	SC1-ENV-BROAD-ENV-SAMPLE	Environment_Broad_Scale_SD	environmental sample	true
GCA_002308455.1	SAMN06451922	Prochlorococcus sp. UBA1269	SC1-ENV-MEDIUM-MARINE	Environment_Medium_SD	marine	true
GCA_002308835.1	SAMN06454572	Prochlorococcus sp. UBA1273	SC1-ENV-MEDIUM-MARINE	Environment_Medium_SD	marine	true
GCA_002313505.1	SAMN06455521	Spirochaeta sp. UBA1101	SC1-ENV-MEDIUM-MARINE	Environment_Medium_SD	marine	true
GCA_002313585.1	SAMN06457033	Microbacterium sp. UBA1097	SC1-ENV-MEDIUM-MARINE	Environment_Medium_SD	marine	true
GCA_002313655.1	SAMN06457030	Alcanivorax sp. UBA1092	SC1-ENV-MEDIUM-MARINE	Environment_Medium_SD	marine	true
GCA_002313715.1	SAMN06452225	Alteromonas macleodii	SC1-ENV-MEDIUM-MARINE	Environment_Medium_SD	marine	true
GCA_002314095.1	SAMN06457032	Alteromonas australica	SC1-ENV-MEDIUM-MARINE	Environment_Medium_SD	marine	true
GCA_002314145.1	SAMN06452228	Thalassolituus sp. UBA1087	SC1-ENV-MEDIUM-MARINE	Environment_Medium_SD	marine	true
GCA_002317005.1	SAMN07505020	Streptomyces albidoflavus	SC1-ENV-MEDIUM-MARINE	Environment_Medium_SD	marine	true
GCA_002317025.1	SAMN07505024	Streptomyces albidoflavus	SC1-ENV-MEDIUM-MARINE	Environment_Medium_SD	marine	true
GCA_002317035.1	SAMN07505023	Streptomyces albidoflavus	SC1-ENV-MEDIUM-MARINE	Environment_Medium_SD	marine	true
GCA_002320305.1	SAMN06454219	Candidatus Neomicrothrix sp. UBA1677	SC1-ENV-MEDIUM-MARINE	Environment_Medium_SD	marine	true
GCA_002320315.1	SAMN06454220	Candidatus Neomicrothrix sp. UBA1676	SC1-ENV-MEDIUM-MARINE	Environment_Medium_SD	marine	true
GCA_002320395.1	SAMN06454214	Thalassolituus sp. UBA1670	SC1-ENV-MEDIUM-MARINE	Environment_Medium_SD	marine	true
GCA_002320475.1	SAMN06451692	Candidatus Neomicrothrix sp. UBA1665	SC1-ENV-MEDIUM-MARINE	Environment_Medium_SD	marine	true
GCA_002320485.1	SAMN06451691	Micavibrio sp. UBA1664	SC1-ENV-MEDIUM-MARINE	Environment_Medium_SD	marine	true
GCA_002320665.1	SAMN06454216	Micavibrio sp. UBA1672	SC1-ENV-MEDIUM-MARINE	Environment_Medium_SD	marine	true
GCA_002320735.1	SAMN06451690	Microbacterium sp. UBA1667	SC1-ENV-MEDIUM-MARINE	Environment_Medium_SD	marine	true
GCA_002320745.1	SAMN06451694	Microbacterium sp. UBA1663	SC1-ENV-MEDIUM-MARINE	Environment_Medium_SD	marine	true
GCA_002320795.1	SAMN06451696	Alteromonas macleodii	SC1-ENV-MEDIUM-MARINE	Environment_Medium_SD	marine	true
GCA_002321515.1	SAMN06454487	Candidatus Neomicrothrix sp. UBA1617	SC1-ENV-MEDIUM-MARINE	Environment_Medium_SD	marine	true
GCA_002321535.1	SAMN06454488	Candidatus Neomicrothrix sp. UBA1616	SC1-ENV-MEDIUM-MARINE	Environment_Medium_SD	marine	true
GCA_002321545.1	SAMN06454489	Limnobacter sp. UBA1615	SC1-ENV-MEDIUM-MARINE	Environment_Medium_SD	marine	true
GCA_002321575.1	SAMN06454490	Alcanivorax sp. UBA1614	SC1-ENV-MEDIUM-MARINE	Environment_Medium_SD	marine	true
GCA_002321605.1	SAMN06454484	Microbacterium sp. UBA1612	SC1-ENV-MEDIUM-MARINE	Environment_Medium_SD	marine	true
GCA_002321635.1	SAMN06451981	Alcanivorax sp. UBA1608	SC1-ENV-MEDIUM-MARINE	Environment_Medium_SD	marine	true
GCA_002321835.1	SAMN06454492	Micavibrio sp. UBA1618	SC1-ENV-MEDIUM-MARINE	Environment_Medium_SD	marine	true
GCA_002321865.1	SAMN06454486	Alteromonas australica	SC1-ENV-MEDIUM-MARINE	Environment_Medium_SD	marine	true
GCA_002323415.1	SAMN06453430	Candidatus Neomicrothrix sp. UBA1522	SC1-ENV-MEDIUM-MARINE	Environment_Medium_SD	marine	true
GCA_002323435.1	SAMN06457321	Alteromonas macleodii	SC1-ENV-MEDIUM-MARINE	Environment_Medium_SD	marine	true
GCA_002323455.1	SAMN06457818	Thalassolituus sp. UBA1520	SC1-ENV-MEDIUM-MARINE	Environment_Medium_SD	marine	true
GCA_002323495.1	SAMN06452628	Olleya sp. UBA1516	SC1-ENV-MEDIUM-MARINE	Environment_Medium_SD	marine	true
GCA_002323635.1	SAMN06456432	Alcanivorax sp. UBA1504	SC1-ENV-MEDIUM-MARINE	Environment_Medium_SD	marine	true
GCA_002323815.1	SAMN06457348	Prochlorococcus sp. UBA1528	SC1-ENV-MEDIUM-MARINE	Environment_Medium_SD	marine	true
GCA_002323965.1	SAMN06452624	Micavibrio sp. UBA1512	SC1-ENV-MEDIUM-MARINE	Environment_Medium_SD	marine	true
GCA_002324005.1	SAMN06456431	Thalassolituus sp. UBA1505	SC1-ENV-MEDIUM-MARINE	Environment_Medium_SD	marine	true
GCA_002324035.1	SAMN06456425	Thalassolituus sp. UBA1503	SC1-ENV-MEDIUM-MARINE	Environment_Medium_SD	marine	true
GCA_002325035.1	SAMN06455385	Maribacter sp. UBA1493	SC1-ENV-MEDIUM-MARINE	Environment_Medium_SD	marine	true
GCA_002325135.1	SAMN06455383	Halomonas sp. UBA1491	SC1-ENV-MEDIUM-MARINE	Environment_Medium_SD	marine	true
GCA_002325155.1	SAMN06455384	Methylophaga sp. UBA1490	SC1-ENV-MEDIUM-MARINE	Environment_Medium_SD	marine	true
GCA_002325285.1	SAMN06450648	Methylophaga sp. UBA1484	SC1-ENV-MEDIUM-MARINE	Environment_Medium_SD	marine	true
GCA_002325325.1	SAMN06450642	Idiomarina sp. UBA1482	SC1-ENV-MEDIUM-MARINE	Environment_Medium_SD	marine	true
GCA_002325405.1	SAMN06453302	Idiomarina sp. UBA1478	SC1-ENV-MEDIUM-MARINE	Environment_Medium_SD	marine	true
GCA_002325445.1	SAMN06453294	Citromicrobium sp. UBA1476	SC1-ENV-MEDIUM-MARINE	Environment_Medium_SD	marine	true
GCA_002325465.1	SAMN06453295	Alcanivorax sp. UBA1475	SC1-ENV-MEDIUM-MARINE	Environment_Medium_SD	marine	true
GCA_002325505.1	SAMN06453298	Hyphomonas sp. UBA1472	SC1-ENV-MEDIUM-MARINE	Environment_Medium_SD	marine	true
GCA_002325515.1	SAMN06453299	Brevundimonas sp. UBA1471	SC1-ENV-MEDIUM-MARINE	Environment_Medium_SD	marine	true
GCA_002325525.1	SAMN06453300	Stutzerimonas stutzeri	SC1-ENV-MEDIUM-MARINE	Environment_Medium_SD	marine	true
GCA_002325565.1	SAMN06454085	Hyphomonas sp. UBA1469	SC1-ENV-MEDIUM-MARINE	Environment_Medium_SD	marine	true
GCA_002325585.1	SAMN06454084	Stutzerimonas stutzeri	SC1-ENV-MEDIUM-MARINE	Environment_Medium_SD	marine	true
GCA_002325665.1	SAMN06454072	Methylophaga sp. UBA1464	SC1-ENV-MEDIUM-MARINE	Environment_Medium_SD	marine	true
GCA_002325685.1	SAMN06454079	Leeuwenhoekiella blandensis	SC1-ENV-MEDIUM-MARINE	Environment_Medium_SD	marine	true
GCA_002325725.1	SAMN06454077	Idiomarina abyssalis	SC1-ENV-MEDIUM-MARINE	Environment_Medium_SD	marine	true
GCA_002327505.1	SAMN06455573	Candidatus Peribacter sp. UBA2170	SC1-ENV-MEDIUM-MARINE	Environment_Medium_SD	marine	true
GCA_002327525.1	SAMN06450824	Gammaproteobacteria bacterium UBA2168	SC1-ENV-MEDIUM-MARINE	Environment_Medium_SD	marine	true
GCA_002327585.1	SAMN06450829	Candidatus Phycocordibacter aenigmaticus	SC1-ENV-MEDIUM-MARINE	Environment_Medium_SD	marine	true
GCA_002327605.1	SAMN06452946	Candidatus Neomicrothrix sp. UBA2155	SC1-ENV-MEDIUM-MARINE	Environment_Medium_SD	marine	true
GCA_002327625.1	SAMN06455852	Candidatus Pelagibacter sp. UBA2154	SC1-ENV-MEDIUM-MARINE	Environment_Medium_SD	marine	true
GCA_002328295.1	SAMN06451095	Candidatus Peribacter sp. UBA2144	SC1-ENV-MEDIUM-MARINE	Environment_Medium_SD	marine	true
GCA_002328415.1	SAMN06455080	Micavibrio sp. UBA2137	SC1-ENV-MEDIUM-MARINE	Environment_Medium_SD	marine	true
GCA_002329075.1	SAMN06455086	Candidatus Neomicrothrix sp. UBA2131	SC1-ENV-MEDIUM-MARINE	Environment_Medium_SD	marine	true
GCA_002329105.1	SAMN06450344	Candidatus Neomicrothrix sp. UBA2127	SC1-ENV-MEDIUM-MARINE	Environment_Medium_SD	marine	true
GCA_002330945.1	SAMN06453296	Hyphomonas sp. UBA1474	SC1-ENV-MEDIUM-MARINE	Environment_Medium_SD	marine	true
GCA_002331065.1	SAMN06455329	Candidatus Neomicrothrix sp. UBA2111	SC1-ENV-MEDIUM-MARINE	Environment_Medium_SD	marine	true
GCA_002331085.1	SAMN06450587	Thalassolituus sp. UBA2109	SC1-ENV-MEDIUM-MARINE	Environment_Medium_SD	marine	true
GCA_002331105.1	SAMN06450589	Thalassolituus sp. UBA2107	SC1-ENV-MEDIUM-MARINE	Environment_Medium_SD	marine	true
GCA_002331145.1	SAMN06450593	Candidatus Minusculum obligatum	SC1-ENV-MEDIUM-MARINE	Environment_Medium_SD	marine	true
GCA_002331165.1	SAMN06450592	Pseudoalteromonas sp. UBA2102	SC1-ENV-MEDIUM-MARINE	Environment_Medium_SD	marine	true
GCA_002331465.1	SAMN06455330	Candidatus Neomicrothrix sp. UBA2110	SC1-ENV-MEDIUM-MARINE	Environment_Medium_SD	marine	true
GCA_002331525.1	SAMN06450595	Alteromonas australica	SC1-ENV-MEDIUM-MARINE	Environment_Medium_SD	marine	true
GCA_002331785.1	SAMN06455334	Alcanivorax sp. UBA2114	SC1-ENV-MEDIUM-MARINE	Environment_Medium_SD	marine	true
GCA_002333175.1	SAMN06453721	Bacteroidetes bacterium UBA2024	SC1-ENV-BROAD-WASTEWATER	Environment_Local_Scale_SD	activated sludge	true
GCA_002333375.1	SAMN06451943	Loktanella sp. UBA2038	SC1-ENV-MEDIUM-MARINE	Environment_Medium_SD	marine	true
GCA_002334885.1	SAMN06454463	Verrucomicrobiaceae bacterium UBA2021	SC1-ENV-BROAD-WASTEWATER	Environment_Local_Scale_SD	activated sludge	true
GCA_002335145.1	SAMN06454465	Patescibacteria group bacterium UBA2023	SC1-ENV-BROAD-WASTEWATER	Environment_Local_Scale_SD	activated sludge	true
GCA_002335165.1	SAMN06451678	Flammeovirgaceae bacterium UBA2019	SC1-ENV-BROAD-WASTEWATER	Environment_Local_Scale_SD	activated sludge	true
GCA_002335175.1	SAMN06451677	Candidatus Saccharibacteria bacterium UBA2018	SC1-ENV-BROAD-WASTEWATER	Environment_Local_Scale_SD	activated sludge	true
GCA_002335495.1	SAMN06454466	Candidatus Dojkabacteria bacterium UBA2022	SC1-ENV-BROAD-WASTEWATER	Environment_Local_Scale_SD	activated sludge	true
GCA_002335815.1	SAMN07212157	Neobacillus soli	SC1-ENV-LOCAL-AGRICULTURAL-ENV	Environment_Local_Scale_SD	agricultural environment	true
GCA_002335965.1	SAMN06452528	Candidatus Neomicrothrix sp. UBA1984	SC1-ENV-MEDIUM-MARINE	Environment_Medium_SD	marine	true
GCA_002336005.1	SAMN06456310	Alcanivorax sp. UBA1972	SC1-ENV-MEDIUM-MARINE	Environment_Medium_SD	marine	true
GCA_002336025.1	SAMN06455256	Micavibrio sp. UBA1968	SC1-ENV-MEDIUM-MARINE	Environment_Medium_SD	marine	true
GCA_002336065.1	SAMN06451286	Alteromonas australica	SC1-ENV-MEDIUM-MARINE	Environment_Medium_SD	marine	true
GCA_002336195.1	SAMN06453535	Roseivirga sp. UBA1988	SC1-ENV-MEDIUM-MARINE	Environment_Medium_SD	marine	true
GCA_002336285.1	SAMN06454023	Micavibrio sp. UBA1983	SC1-ENV-MEDIUM-MARINE	Environment_Medium_SD	marine	true
GCA_002336325.1	SAMN06455995	Roseivirga sp. UBA1976	SC1-ENV-MEDIUM-MARINE	Environment_Medium_SD	marine	true
GCA_002336415.1	SAMN06455227	Thalassolituus sp. UBA1965	SC1-ENV-MEDIUM-MARINE	Environment_Medium_SD	marine	true
GCA_002337285.1	SAMN06450784	Hyphomonas sp. UBA1923	SC1-ENV-MEDIUM-MARINE	Environment_Medium_SD	marine	true
GCA_002337295.1	SAMN06450785	Marinobacter sp. UBA1922	SC1-ENV-MEDIUM-MARINE	Environment_Medium_SD	marine	true
GCA_002337315.1	SAMN06450782	Sphingobium xenophagum	SC1-ENV-MEDIUM-MARINE	Environment_Medium_SD	marine	true
GCA_002337335.1	SAMN06450783	Stutzerimonas kunmingensis	SC1-ENV-MEDIUM-MARINE	Environment_Medium_SD	marine	true
GCA_002337375.1	SAMN06455531	Methylophaga sp. UBA1918	SC1-ENV-MEDIUM-MARINE	Environment_Medium_SD	marine	true
GCA_002337385.1	SAMN06455525	Erythrobacter sp. UBA1916	SC1-ENV-MEDIUM-MARINE	Environment_Medium_SD	marine	true
GCA_002337405.1	SAMN06455524	Pusillimonas sp. UBA1915	SC1-ENV-MEDIUM-MARINE	Environment_Medium_SD	marine	true
GCA_002337445.1	SAMN06455523	Hyphomonas sp. UBA1914	SC1-ENV-MEDIUM-MARINE	Environment_Medium_SD	marine	true
GCA_002337465.1	SAMN06455530	Alcanivorax sp. UBA1913	SC1-ENV-MEDIUM-MARINE	Environment_Medium_SD	marine	true
GCA_002337505.1	SAMN06455528	Alcanivorax sp. UBA1911	SC1-ENV-MEDIUM-MARINE	Environment_Medium_SD	marine	true
GCA_002337565.1	SAMN06450544	Rhodopirellula sp. UBA1907	SC1-ENV-MEDIUM-MARINE	Environment_Medium_SD	marine	true
GCA_002337625.1	SAMN06450546	Pusillimonas sp. UBA1905	SC1-ENV-MEDIUM-MARINE	Environment_Medium_SD	marine	true
GCA_002337695.1	SAMN06457838	Hyphomonas sp. UBA1899	SC1-ENV-MEDIUM-MARINE	Environment_Medium_SD	marine	true
GCA_002337725.1	SAMN06450551	Alcanivorax jadensis	SC1-ENV-MEDIUM-MARINE	Environment_Medium_SD	marine	true
GCA_002338435.1	SAMN06455692	Thalassolituus sp. UBA1857	SC1-ENV-MEDIUM-MARINE	Environment_Medium_SD	marine	true
GCA_002338505.1	SAMN06454250	Bacteriovorax sp. UBA1852	SC1-ENV-MEDIUM-MARINE	Environment_Medium_SD	marine	true
GCA_002338515.1	SAMN06455694	Glaciecola sp. UBA1851	SC1-ENV-MEDIUM-MARINE	Environment_Medium_SD	marine	true
GCA_002338525.1	SAMN06454248	Micavibrio sp. UBA1850	SC1-ENV-MEDIUM-MARINE	Environment_Medium_SD	marine	true
GCA_002338585.1	SAMN06451749	Alteromonas sp. UBA1848	SC1-ENV-MEDIUM-MARINE	Environment_Medium_SD	marine	true
GCA_002338605.1	SAMN06456507	Proteobacteria bacterium UBA1847	SC1-ENV-BROAD-WASTEWATER	Environment_Local_Scale_SD	activated sludge	true
GCA_002338615.1	SAMN06456510	Proteobacteria bacterium UBA1844	SC1-ENV-BROAD-WASTEWATER	Environment_Local_Scale_SD	activated sludge	true
GCA_002338645.1	SAMN06451740	Nitrosomonas sp. UBA1843	SC1-ENV-BROAD-WASTEWATER	Environment_Local_Scale_SD	activated sludge	true
GCA_002338655.1	SAMN06456502	Flammeovirgaceae bacterium UBA1842	SC1-ENV-BROAD-WASTEWATER	Environment_Local_Scale_SD	activated sludge	true
GCA_002338705.1	SAMN06456506	Aequorivita sp. UBA1846	SC1-ENV-BROAD-WASTEWATER	Environment_Local_Scale_SD	activated sludge	true
GCA_002338715.1	SAMN06451746	Phycisphaerales bacterium UBA1845	SC1-ENV-BROAD-WASTEWATER	Environment_Local_Scale_SD	activated sludge	true
GCA_002339095.1	SAMN06455232	Alteromonas macleodii	SC1-ENV-MEDIUM-MARINE	Environment_Medium_SD	marine	true
GCA_002339545.1	SAMN06455857	Micavibrio sp. UBA2621	SC1-ENV-MEDIUM-MARINE	Environment_Medium_SD	marine	true
GCA_002339775.1	SAMN06451494	Thalassolituus sp. UBA2590	SC1-ENV-MEDIUM-MARINE	Environment_Medium_SD	marine	true
GCA_002340105.1	SAMN06454287	Candidatus Neomicrothrix sp. UBA2587	SC1-ENV-MEDIUM-MARINE	Environment_Medium_SD	marine	true
GCA_002341185.1	SAMN06454791	Candidatus Neomicrothrix sp. UBA2517	SC1-ENV-MEDIUM-MARINE	Environment_Medium_SD	marine	true
GCA_002341225.1	SAMN06454792	Alteromonas australica	SC1-ENV-MEDIUM-MARINE	Environment_Medium_SD	marine	true
GCA_002341245.1	SAMN06454789	Hyphomonas sp. UBA2515	SC1-ENV-MEDIUM-MARINE	Environment_Medium_SD	marine	true
GCA_002341255.1	SAMN06454790	Psychrobacter sp. UBA2514	SC1-ENV-MEDIUM-MARINE	Environment_Medium_SD	marine	true
GCA_002341285.1	SAMN06454795	Methylophaga sp. UBA2513	SC1-ENV-MEDIUM-MARINE	Environment_Medium_SD	marine	true
GCA_002341305.1	SAMN06454796	Alcanivorax sp. UBA2512	SC1-ENV-MEDIUM-MARINE	Environment_Medium_SD	marine	true
GCA_002341345.1	SAMN06454794	Erythrobacter sp. UBA2510	SC1-ENV-MEDIUM-MARINE	Environment_Medium_SD	marine	true
GCA_002341365.1	SAMN06457585	Celeribacter baekdonensis	SC1-ENV-MEDIUM-MARINE	Environment_Medium_SD	marine	true
GCA_002341375.1	SAMN06457586	Alcanivorax sp. UBA2509	SC1-ENV-MEDIUM-MARINE	Environment_Medium_SD	marine	true
GCA_002341425.1	SAMN06457593	Marinobacter sp. UBA2504	SC1-ENV-MEDIUM-MARINE	Environment_Medium_SD	marine	true
GCA_002341435.1	SAMN06457591	Gimesia maris	SC1-ENV-MEDIUM-MARINE	Environment_Medium_SD	marine	true
GCA_002341445.1	SAMN06457594	Pusillimonas sp. UBA2505	SC1-ENV-MEDIUM-MARINE	Environment_Medium_SD	marine	true
GCA_002341485.1	SAMN06457588	Brevundimonas sp. UBA2503	SC1-ENV-MEDIUM-MARINE	Environment_Medium_SD	marine	true
GCA_002341505.1	SAMN06457587	Methylophaga sp. UBA2502	SC1-ENV-MEDIUM-MARINE	Environment_Medium_SD	marine	true
GCA_002341515.1	SAMN06457590	Thalassospira sp. UBA2501	SC1-ENV-MEDIUM-MARINE	Environment_Medium_SD	marine	true
GCA_002341565.1	SAMN06451080	Stutzerimonas stutzeri	SC1-ENV-MEDIUM-MARINE	Environment_Medium_SD	marine	true
GCA_002341575.1	SAMN06451079	Marinobacter sp. UBA2498	SC1-ENV-MEDIUM-MARINE	Environment_Medium_SD	marine	true
GCA_002341585.1	SAMN06451088	Brevundimonas sp. UBA2497	SC1-ENV-MEDIUM-MARINE	Environment_Medium_SD	marine	true
GCA_002341625.1	SAMN06451086	Alteromonas mediterranea	SC1-ENV-MEDIUM-MARINE	Environment_Medium_SD	marine	true
GCA_002341635.1	SAMN06451087	Methylophaga sp. UBA2496	SC1-ENV-MEDIUM-MARINE	Environment_Medium_SD	marine	true
GCA_002341685.1	SAMN06451084	Alteromonas sp. UBA2493	SC1-ENV-MEDIUM-MARINE	Environment_Medium_SD	marine	true
GCA_002342945.1	SAMN06453232	Saprospiraceae bacterium UBA2425	SC1-ENV-BROAD-WASTEWATER	Environment_Local_Scale_SD	activated sludge	true
GCA_002342955.1	SAMN06453864	Flammeovirgaceae bacterium UBA2427	SC1-ENV-BROAD-WASTEWATER	Environment_Local_Scale_SD	activated sludge	true
GCA_002342985.1	SAMN06453865	Flavobacteriales bacterium UBA2426	SC1-ENV-BROAD-WASTEWATER	Environment_Local_Scale_SD	activated sludge	true
GCA_002343035.1	SAMN06453868	Flavobacteriales bacterium UBA2423	SC1-ENV-BROAD-WASTEWATER	Environment_Local_Scale_SD	activated sludge	true
GCA_002343065.1	SAMN06453869	Opitutaceae bacterium UBA2422	SC1-ENV-BROAD-WASTEWATER	Environment_Local_Scale_SD	activated sludge	true
GCA_002343075.1	SAMN06453866	Phycisphaerales bacterium UBA2421	SC1-ENV-BROAD-WASTEWATER	Environment_Local_Scale_SD	activated sludge	true
GCA_002343115.1	SAMN06453085	Chitinophagaceae bacterium UBA2419	SC1-ENV-BROAD-WASTEWATER	Environment_Local_Scale_SD	activated sludge	true
GCA_002343145.1	SAMN06453077	Proteobacteria bacterium UBA2411	SC1-ENV-BROAD-WASTEWATER	Environment_Local_Scale_SD	activated sludge	true
GCA_002343155.1	SAMN06453081	Saprospiraceae bacterium UBA2415	SC1-ENV-BROAD-WASTEWATER	Environment_Local_Scale_SD	activated sludge	true
GCA_002343185.1	SAMN06453627	Deltaproteobacteria bacterium UBA2409	SC1-ENV-BROAD-WASTEWATER	Environment_Local_Scale_SD	activated sludge	true
GCA_002343205.1	SAMN06453628	Ignavibacteria bacterium UBA2408	SC1-ENV-BROAD-WASTEWATER	Environment_Local_Scale_SD	activated sludge	true
GCA_002343335.1	SAMN06454445	Bacteriovoracaceae bacterium UBA2394	SC1-ENV-BROAD-WASTEWATER	Environment_Local_Scale_SD	activated sludge	true
GCA_002343365.1	SAMN06454446	Candidatus Gottesmanbacteria bacterium UBA2393	SC1-ENV-BROAD-WASTEWATER	Environment_Local_Scale_SD	activated sludge	true
GCA_002343385.1	SAMN06454449	Candidatus Saccharibacteria bacterium UBA2390	SC1-ENV-BROAD-WASTEWATER	Environment_Local_Scale_SD	activated sludge	true
GCA_002343395.1	SAMN06451932	Hyphomonadaceae bacterium UBA2389	SC1-ENV-BROAD-WASTEWATER	Environment_Local_Scale_SD	activated sludge	true
GCA_002343455.1	SAMN06451924	Deltaproteobacteria bacterium UBA2385	SC1-ENV-BROAD-WASTEWATER	Environment_Local_Scale_SD	activated sludge	true
GCA_002343485.1	SAMN06451930	Proteobacteria bacterium UBA2383	SC1-ENV-BROAD-WASTEWATER	Environment_Local_Scale_SD	activated sludge	true
GCA_002343505.1	SAMN06453858	Verrucomicrobiaceae bacterium UBA2429	SC1-ENV-BROAD-WASTEWATER	Environment_Local_Scale_SD	activated sludge	true
GCA_002343545.1	SAMN06453859	Bacteriovoracaceae bacterium UBA2428	SC1-ENV-BROAD-WASTEWATER	Environment_Local_Scale_SD	activated sludge	true
GCA_002343565.1	SAMN06453867	Candidatus Saccharibacteria bacterium UBA2420	SC1-ENV-BROAD-WASTEWATER	Environment_Local_Scale_SD	activated sludge	true
GCA_002343575.1	SAMN06453084	Ignavibacteria bacterium UBA2418	SC1-ENV-BROAD-WASTEWATER	Environment_Local_Scale_SD	activated sludge	true
GCA_002343605.1	SAMN06453083	Candidatus Gottesmanbacteria bacterium UBA2417	SC1-ENV-BROAD-WASTEWATER	Environment_Local_Scale_SD	activated sludge	true
GCA_002343625.1	SAMN06453080	Anaerolineales bacterium UBA2414	SC1-ENV-BROAD-WASTEWATER	Environment_Local_Scale_SD	activated sludge	true
GCA_002343645.1	SAMN06453079	Candidatus Saccharibacteria bacterium UBA2413	SC1-ENV-BROAD-WASTEWATER	Environment_Local_Scale_SD	activated sludge	true
GCA_002343655.1	SAMN06453078	Bacteroidetes bacterium UBA2412	SC1-ENV-BROAD-WASTEWATER	Environment_Local_Scale_SD	activated sludge	true
GCA_002343705.1	SAMN06453623	Bacteroidetes bacterium UBA2406	SC1-ENV-BROAD-WASTEWATER	Environment_Local_Scale_SD	activated sludge	true
GCA_002343805.1	SAMN06454447	Planctomycetes bacterium UBA2392	SC1-ENV-BROAD-WASTEWATER	Environment_Local_Scale_SD	activated sludge	true
GCA_002343845.1	SAMN06451925	Planctomycetes bacterium UBA2386	SC1-ENV-BROAD-WASTEWATER	Environment_Local_Scale_SD	activated sludge	true
GCA_002343885.1	SAMN06451923	Flammeovirgaceae bacterium UBA2384	SC1-ENV-BROAD-WASTEWATER	Environment_Local_Scale_SD	activated sludge	true
GCA_002343905.1	SAMN06451929	Flavobacteriales bacterium UBA2382	SC1-ENV-BROAD-WASTEWATER	Environment_Local_Scale_SD	activated sludge	true
GCA_002343965.1	SAMN06451927	Patescibacteria group bacterium UBA2380	SC1-ENV-BROAD-WASTEWATER	Environment_Local_Scale_SD	activated sludge	true
GCA_002343985.1	SAMN06454300	Chitinophagaceae bacterium UBA2375	SC1-ENV-BROAD-WASTEWATER	Environment_Local_Scale_SD	activated sludge	true
GCA_002343995.1	SAMN06450909	Candidatus Falkowbacteria bacterium UBA2372	SC1-ENV-BROAD-WASTEWATER	Environment_Local_Scale_SD	activated sludge	true
GCA_002344005.1	SAMN06450908	Ignavibacteria bacterium UBA2373	SC1-ENV-BROAD-WASTEWATER	Environment_Local_Scale_SD	activated sludge	true
GCA_002344045.1	SAMN06450907	Candidatus Gottesmanbacteria bacterium UBA2370	SC1-ENV-BROAD-WASTEWATER	Environment_Local_Scale_SD	activated sludge	true
GCA_002344055.1	SAMN06455931	Sphingomonadales bacterium UBA2369	SC1-ENV-BROAD-WASTEWATER	Environment_Local_Scale_SD	activated sludge	true
GCA_002344065.1	SAMN06451525	Flammeovirgaceae bacterium UBA2366	SC1-ENV-BROAD-WASTEWATER	Environment_Local_Scale_SD	activated sludge	true
GCA_002344075.1	SAMN06455940	Bacteroidetes bacterium UBA2364	SC1-ENV-BROAD-WASTEWATER	Environment_Local_Scale_SD	activated sludge	true
GCA_002344125.1	SAMN06451523	Ignavibacteria bacterium UBA2360	SC1-ENV-BROAD-WASTEWATER	Environment_Local_Scale_SD	activated sludge	true
GCA_002344145.1	SAMN06450681	Bacteroidetes bacterium UBA2359	SC1-ENV-BROAD-WASTEWATER	Environment_Local_Scale_SD	activated sludge	true
GCA_002344205.1	SAMN06450904	Opitutaceae bacterium UBA2377	SC1-ENV-BROAD-WASTEWATER	Environment_Local_Scale_SD	activated sludge	true
GCA_002344215.1	SAMN06451928	Akkermansiaceae bacterium UBA2381	SC1-ENV-BROAD-WASTEWATER	Environment_Local_Scale_SD	activated sludge	true
GCA_002344225.1	SAMN06450899	Anaerolineales bacterium UBA2378	SC1-ENV-BROAD-WASTEWATER	Environment_Local_Scale_SD	activated sludge	true
GCA_002344235.1	SAMN06450898	Saprospiraceae bacterium UBA2379	SC1-ENV-BROAD-WASTEWATER	Environment_Local_Scale_SD	activated sludge	true
GCA_002344285.1	SAMN06450905	Myxococcales bacterium UBA2376	SC1-ENV-BROAD-WASTEWATER	Environment_Local_Scale_SD	activated sludge	true
GCA_002344295.1	SAMN06450903	Anaerolineales bacterium UBA2374	SC1-ENV-BROAD-WASTEWATER	Environment_Local_Scale_SD	activated sludge	true
GCA_002344305.1	SAMN06455930	Competibacteraceae bacterium UBA2368	SC1-ENV-BROAD-WASTEWATER	Environment_Local_Scale_SD	activated sludge	true
GCA_002344345.1	SAMN06455966	Saprospiraceae bacterium UBA2365	SC1-ENV-BROAD-WASTEWATER	Environment_Local_Scale_SD	activated sludge	true
GCA_002344355.1	SAMN06451522	Proteobacteria bacterium UBA2363	SC1-ENV-BROAD-WASTEWATER	Environment_Local_Scale_SD	activated sludge	true
GCA_002344365.1	SAMN06455937	Deltaproteobacteria bacterium UBA2361	SC1-ENV-BROAD-WASTEWATER	Environment_Local_Scale_SD	activated sludge	true
GCA_002344405.1	SAMN06450677	Rhodocyclaceae bacterium UBA2357	SC1-ENV-BROAD-WASTEWATER	Environment_Local_Scale_SD	activated sludge	true
GCA_002344525.1	SAMN06451526	Akkermansiaceae bacterium UBA2367	SC1-ENV-BROAD-WASTEWATER	Environment_Local_Scale_SD	activated sludge	true
GCA_002344705.1	SAMN06455655	Flavobacteriales bacterium UBA2343	SC1-ENV-BROAD-WASTEWATER	Environment_Local_Scale_SD	activated sludge	true
GCA_002344715.1	SAMN06455652	Candidatus Saccharibacteria bacterium UBA2340	SC1-ENV-BROAD-WASTEWATER	Environment_Local_Scale_SD	activated sludge	true
GCA_002344735.1	SAMN06455654	Candidatus Saccharibacteria bacterium UBA2342	SC1-ENV-BROAD-WASTEWATER	Environment_Local_Scale_SD	activated sludge	true
GCA_002344785.1	SAMN06450427	Bdellovibrionaceae bacterium UBA2339	SC1-ENV-BROAD-WASTEWATER	Environment_Local_Scale_SD	activated sludge	true
GCA_002344795.1	SAMN06450428	Flammeovirgaceae bacterium UBA2338	SC1-ENV-BROAD-WASTEWATER	Environment_Local_Scale_SD	activated sludge	true
GCA_002344845.1	SAMN06450437	Flammeovirgaceae bacterium UBA2336	SC1-ENV-BROAD-WASTEWATER	Environment_Local_Scale_SD	activated sludge	true
GCA_002344865.1	SAMN06450434	Verrucomicrobiaceae bacterium UBA2335	SC1-ENV-BROAD-WASTEWATER	Environment_Local_Scale_SD	activated sludge	true
GCA_002344885.1	SAMN06450435	Comamonadaceae bacterium UBA2334	SC1-ENV-BROAD-WASTEWATER	Environment_Local_Scale_SD	activated sludge	true
GCA_002344895.1	SAMN06450432	Ignavibacteria bacterium UBA2333	SC1-ENV-BROAD-WASTEWATER	Environment_Local_Scale_SD	activated sludge	true
GCA_002344945.1	SAMN06450430	Bacteroidetes bacterium UBA2331	SC1-ENV-BROAD-WASTEWATER	Environment_Local_Scale_SD	activated sludge	true
GCA_002344965.1	SAMN06450431	Candidatus Tepidiaquacellales bacterium UBA2330	SC1-ENV-BROAD-WASTEWATER	Environment_Local_Scale_SD	activated sludge	true
GCA_002344975.1	SAMN06455417	Saprospiraceae bacterium UBA2329	SC1-ENV-BROAD-WASTEWATER	Environment_Local_Scale_SD	activated sludge	true
GCA_002345965.1	SAMN06452720	Flammeovirgaceae bacterium UBA2371	SC1-ENV-BROAD-WASTEWATER	Environment_Local_Scale_SD	activated sludge	true
GCA_002346385.1	SAMN06457213	Acidimicrobium sp. UBA3006	SC1-ENV-MEDIUM-MARINE	Environment_Medium_SD	marine	true
GCA_002346745.1	SAMN06452565	Candidatus Neomicrothrix sp. UBA2983	SC1-ENV-MEDIUM-MARINE	Environment_Medium_SD	marine	true
GCA_002346915.1	SAMN06452133	Acidimicrobium sp. UBA3010	SC1-ENV-MEDIUM-MARINE	Environment_Medium_SD	marine	true
GCA_002348305.1	SAMN06454407	Pseudoalteromonas ruthenica	SC1-ENV-MEDIUM-MARINE	Environment_Medium_SD	marine	true
GCA_002348455.1	SAMN06451902	Candidatus Neomicrothrix sp. UBA2961	SC1-ENV-MEDIUM-MARINE	Environment_Medium_SD	marine	true
GCA_002348705.1	SAMN06454412	Candidatus Neomicrothrix sp. UBA2974	SC1-ENV-MEDIUM-MARINE	Environment_Medium_SD	marine	true
GCA_002351425.1	SAMN07659122	Pseudomonas aeruginosa	SC1-ENV-BROAD-ENV-SAMPLE	Environment_Broad_Scale_SD	environmental sample	true
GCA_002351945.1	SAMN06455048	Ignavibacteria bacterium UBA2799	SC1-ENV-BROAD-WASTEWATER	Environment_Local_Scale_SD	activated sludge	true
GCA_002351955.1	SAMN06455049	Flavobacteriales bacterium UBA2798	SC1-ENV-BROAD-WASTEWATER	Environment_Local_Scale_SD	activated sludge	true
GCA_002351985.1	SAMN06455044	Saprospiraceae bacterium UBA2797	SC1-ENV-BROAD-WASTEWATER	Environment_Local_Scale_SD	activated sludge	true
GCA_002352025.1	SAMN06455046	Bacteroidetes bacterium UBA2795	SC1-ENV-BROAD-WASTEWATER	Environment_Local_Scale_SD	activated sludge	true
GCA_002352035.1	SAMN06455045	Anaerolineales bacterium UBA2796	SC1-ENV-BROAD-WASTEWATER	Environment_Local_Scale_SD	activated sludge	true
GCA_002352045.1	SAMN06455040	Chitinophagaceae bacterium UBA2793	SC1-ENV-BROAD-WASTEWATER	Environment_Local_Scale_SD	activated sludge	true
GCA_002352055.1	SAMN06455710	Legionellaceae bacterium UBA2794	SC1-ENV-BROAD-WASTEWATER	Environment_Local_Scale_SD	activated sludge	true
GCA_002352105.1	SAMN06455042	Chitinophagaceae bacterium UBA2791	SC1-ENV-BROAD-WASTEWATER	Environment_Local_Scale_SD	activated sludge	true
GCA_002352125.1	SAMN06455041	Competibacteraceae bacterium UBA2792	SC1-ENV-BROAD-WASTEWATER	Environment_Local_Scale_SD	activated sludge	true
GCA_002352135.1	SAMN06455043	Lysobacterales bacterium UBA2790	SC1-ENV-BROAD-WASTEWATER	Environment_Local_Scale_SD	activated sludge	true
GCA_002352145.1	SAMN06457882	Chitinophagaceae bacterium UBA2789	SC1-ENV-BROAD-WASTEWATER	Environment_Local_Scale_SD	activated sludge	true
GCA_002352185.1	SAMN06457881	Competibacteraceae bacterium UBA2788	SC1-ENV-BROAD-WASTEWATER	Environment_Local_Scale_SD	activated sludge	true
GCA_002352205.1	SAMN06457880	Flavobacterium sp. UBA2787	SC1-ENV-BROAD-WASTEWATER	Environment_Local_Scale_SD	activated sludge	true
GCA_002352215.1	SAMN06457878	Chthonomonas sp. UBA2785	SC1-ENV-BROAD-WASTEWATER	Environment_Local_Scale_SD	activated sludge	true
GCA_002352225.1	SAMN06457879	Flammeovirgaceae bacterium UBA2786	SC1-ENV-BROAD-WASTEWATER	Environment_Local_Scale_SD	activated sludge	true
GCA_002352265.1	SAMN06457876	Candidatus Accumulibacter phosphatis	SC1-ENV-BROAD-WASTEWATER	Environment_Local_Scale_SD	activated sludge	true
GCA_002352275.1	SAMN06457875	Competibacteraceae bacterium UBA2782	SC1-ENV-BROAD-WASTEWATER	Environment_Local_Scale_SD	activated sludge	true
GCA_002352285.1	SAMN06457877	Alphaproteobacteria bacterium UBA2784	SC1-ENV-BROAD-WASTEWATER	Environment_Local_Scale_SD	activated sludge	true
GCA_002352375.1	SAMN06451509	Spirochaeta sp. UBA2779	SC1-ENV-MEDIUM-MARINE	Environment_Medium_SD	marine	true
GCA_002352555.1	SAMN06454302	Psychrobacter sp. UBA2769	SC1-ENV-MEDIUM-MARINE	Environment_Medium_SD	marine	true
GCA_002352785.1	SAMN06453891	Marinobacter sp. UBA2688	SC1-ENV-MEDIUM-MARINE	Environment_Medium_SD	marine	true
GCA_002352855.1	SAMN06455532	Idiomarina sp. UBA1919	SC1-ENV-MEDIUM-MARINE	Environment_Medium_SD	marine	true
GCA_002352865.1	SAMN06450550	Aequorivita sp. UBA1901	SC1-ENV-MEDIUM-MARINE	Environment_Medium_SD	marine	true
GCA_002354205.1	SAMN06454563	Micavibrio sp. UBA2705	SC1-ENV-MEDIUM-MARINE	Environment_Medium_SD	marine	true
GCA_002354235.1	SAMN06454562	Bacteriovorax sp. UBA2704	SC1-ENV-MEDIUM-MARINE	Environment_Medium_SD	marine	true
GCA_002354375.1	SAMN06451363	Marinobacter sp. UBA2698	SC1-ENV-MEDIUM-MARINE	Environment_Medium_SD	marine	true
GCA_002354395.1	SAMN06451356	Idiomarina abyssalis	SC1-ENV-MEDIUM-MARINE	Environment_Medium_SD	marine	true
GCA_002354415.1	SAMN06451355	Methylophaga sp. UBA2696	SC1-ENV-MEDIUM-MARINE	Environment_Medium_SD	marine	true
GCA_002354455.1	SAMN06451357	Alcanivorax sp. UBA2694	SC1-ENV-MEDIUM-MARINE	Environment_Medium_SD	marine	true
GCA_002354475.1	SAMN06451360	Croceibacter atlanticus	SC1-ENV-MEDIUM-MARINE	Environment_Medium_SD	marine	true
GCA_002354495.1	SAMN06451359	Alcanivorax jadensis	SC1-ENV-MEDIUM-MARINE	Environment_Medium_SD	marine	true
GCA_002354515.1	SAMN06451361	Idiomarina abyssalis	SC1-ENV-MEDIUM-MARINE	Environment_Medium_SD	marine	true
GCA_002354525.1	SAMN06451362	Hyphomonas sp. UBA2691	SC1-ENV-MEDIUM-MARINE	Environment_Medium_SD	marine	true
GCA_002354555.1	SAMN06453890	Methylophaga sp. UBA2689	SC1-ENV-MEDIUM-MARINE	Environment_Medium_SD	marine	true
GCA_002354565.1	SAMN06453898	Methylophaga sp. UBA2687	SC1-ENV-MEDIUM-MARINE	Environment_Medium_SD	marine	true
GCA_002354595.1	SAMN06453899	Pseudoalteromonas distincta	SC1-ENV-MEDIUM-MARINE	Environment_Medium_SD	marine	true
GCA_002354605.1	SAMN06453896	Alcanivorax sp. UBA2685	SC1-ENV-MEDIUM-MARINE	Environment_Medium_SD	marine	true
GCA_002354675.1	SAMN06453892	Oceanicaulis sp. UBA2681	SC1-ENV-MEDIUM-MARINE	Environment_Medium_SD	marine	true
GCA_002354685.1	SAMN06453895	Leeuwenhoekiella blandensis	SC1-ENV-MEDIUM-MARINE	Environment_Medium_SD	marine	true
GCA_002354695.1	SAMN06453893	Pusillimonas sp. UBA2680	SC1-ENV-MEDIUM-MARINE	Environment_Medium_SD	marine	true
GCA_002354755.1	SAMN06452578	Marinobacter sp. UBA2678	SC1-ENV-MEDIUM-MARINE	Environment_Medium_SD	marine	true
GCA_002354845.1	SAMN06452583	Methylophaga sp. UBA2673	SC1-ENV-MEDIUM-MARINE	Environment_Medium_SD	marine	true
GCA_002355875.1	SAMD00018963	Pseudomonas chlororaphis subsp. aurantiaca	SC1-ENV-LOCAL-AGRICULTURAL-ENV	Environment_Local_Scale_SD	agricultural environment	true
GCA_002358645.1	SAMN06456947	Microbacterium sp. UBA3397	SC1-ENV-MEDIUM-MARINE	Environment_Medium_SD	marine	true
GCA_002358695.1	SAMN06456946	Zunongwangia profunda	SC1-ENV-MEDIUM-MARINE	Environment_Medium_SD	marine	true
GCA_002358715.1	SAMN06456945	Alteromonas australica	SC1-ENV-MEDIUM-MARINE	Environment_Medium_SD	marine	true
GCA_002358725.1	SAMN06456944	Microbacterium sp. UBA3394	SC1-ENV-MEDIUM-MARINE	Environment_Medium_SD	marine	true
GCA_002358745.1	SAMN06456951	Micavibrio sp. UBA3393	SC1-ENV-MEDIUM-MARINE	Environment_Medium_SD	marine	true
GCA_002358775.1	SAMN06456950	Martelella sp. UBA3392	SC1-ENV-MEDIUM-MARINE	Environment_Medium_SD	marine	true
GCA_002358795.1	SAMN06456949	Alteromonas australica	SC1-ENV-MEDIUM-MARINE	Environment_Medium_SD	marine	true
GCA_002359175.1	SAMN06452582	Stutzerimonas stutzeri	SC1-ENV-MEDIUM-MARINE	Environment_Medium_SD	marine	true
GCA_002359265.1	SAMN06452665	Pusillimonas sp. UBA2666	SC1-ENV-MEDIUM-MARINE	Environment_Medium_SD	marine	true
GCA_002359375.1	SAMN06456379	Methylophaga sp. UBA2661	SC1-ENV-MEDIUM-MARINE	Environment_Medium_SD	marine	true
GCA_002359395.1	SAMN06451022	Hyphomonas sp. UBA2660	SC1-ENV-MEDIUM-MARINE	Environment_Medium_SD	marine	true
GCA_002359415.1	SAMN06452828	Methylophaga sp. UBA2659	SC1-ENV-MEDIUM-MARINE	Environment_Medium_SD	marine	true
GCA_002359515.1	SAMN06452825	Hyphomonas sp. UBA2654	SC1-ENV-MEDIUM-MARINE	Environment_Medium_SD	marine	true
GCA_002359695.1	SAMN06453365	Thalassospira sp. UBA2642	SC1-ENV-MEDIUM-MARINE	Environment_Medium_SD	marine	true
GCA_002359735.1	SAMN06451099	Micavibrio sp. UBA2638	SC1-ENV-MEDIUM-MARINE	Environment_Medium_SD	marine	true
GCA_002359785.1	SAMN06451089	Candidatus Neomicrothrix sp. UBA2634	SC1-ENV-MEDIUM-MARINE	Environment_Medium_SD	marine	true
GCA_002360055.1	SAMN06451090	Candidatus Neomicrothrix sp. UBA2635	SC1-ENV-MEDIUM-MARINE	Environment_Medium_SD	marine	true
GCA_002360375.1	SAMN06451633	Methylophaga sp. UBA3369	SC1-ENV-MEDIUM-MARINE	Environment_Medium_SD	marine	true
GCA_002360395.1	SAMN06451634	Leeuwenhoekiella blandensis	SC1-ENV-MEDIUM-MARINE	Environment_Medium_SD	marine	true
GCA_002360435.1	SAMN06451628	Idiomarina abyssalis	SC1-ENV-MEDIUM-MARINE	Environment_Medium_SD	marine	true
GCA_002360455.1	SAMN06451632	Saprospiraceae bacterium UBA3362	SC1-ENV-BROAD-WASTEWATER	Environment_Local_Scale_SD	activated sludge	true
GCA_002360485.1	SAMN06451631	Bacteroidetes bacterium UBA3363	SC1-ENV-BROAD-WASTEWATER	Environment_Local_Scale_SD	activated sludge	true
GCA_002360495.1	SAMN06451626	Flavobacteriales bacterium UBA3364	SC1-ENV-BROAD-WASTEWATER	Environment_Local_Scale_SD	activated sludge	true
GCA_002360535.1	SAMN06451629	Thiobacillus sp. UBA3361	SC1-ENV-BROAD-WASTEWATER	Environment_Local_Scale_SD	activated sludge	true
GCA_002360555.1	SAMN06451630	Chloracidobacterium sp. UBA3360	SC1-ENV-BROAD-WASTEWATER	Environment_Local_Scale_SD	activated sludge	true
GCA_002360575.1	SAMN06454131	Alteromonas australica	SC1-ENV-MEDIUM-MARINE	Environment_Medium_SD	marine	true
GCA_002360615.1	SAMN06454140	Micavibrio sp. UBA3357	SC1-ENV-MEDIUM-MARINE	Environment_Medium_SD	marine	true
GCA_002360655.1	SAMN06454138	Limnobacter sp. UBA3355	SC1-ENV-MEDIUM-MARINE	Environment_Medium_SD	marine	true
GCA_002360695.1	SAMN06454136	Alcanivorax sp. UBA3353	SC1-ENV-MEDIUM-MARINE	Environment_Medium_SD	marine	true
GCA_002360705.1	SAMN06454135	Micavibrio sp. UBA3352	SC1-ENV-MEDIUM-MARINE	Environment_Medium_SD	marine	true
GCA_002360735.1	SAMN06454134	Sphingobium sp. UBA3351	SC1-ENV-MEDIUM-MARINE	Environment_Medium_SD	marine	true
GCA_002360755.1	SAMN06451345	Stutzerimonas stutzeri	SC1-ENV-MEDIUM-MARINE	Environment_Medium_SD	marine	true
GCA_002360765.1	SAMN06451346	Pseudoalteromonas lipolytica	SC1-ENV-MEDIUM-MARINE	Environment_Medium_SD	marine	true
GCA_002362375.1	SAMN06451354	Maribacter sp. UBA3344	SC1-ENV-MEDIUM-MARINE	Environment_Medium_SD	marine	true
GCA_002363795.1	SAMN06454826	Hyphomonas sp. UBA3201	SC1-ENV-MEDIUM-MARINE	Environment_Medium_SD	marine	true
GCA_002363855.1	SAMN06451762	Arenibacter sp. UBA3199	SC1-ENV-MEDIUM-MARINE	Environment_Medium_SD	marine	true
GCA_002363915.1	SAMN06451767	Methylophaga sp. UBA3196	SC1-ENV-MEDIUM-MARINE	Environment_Medium_SD	marine	true
GCA_002363925.1	SAMN06451769	Alcanivorax sp. UBA3194	SC1-ENV-MEDIUM-MARINE	Environment_Medium_SD	marine	true
GCA_002363955.1	SAMN06451763	Methylophaga sp. UBA3192	SC1-ENV-MEDIUM-MARINE	Environment_Medium_SD	marine	true
GCA_002363995.1	SAMN06451766	Methylophaga sp. UBA3191	SC1-ENV-MEDIUM-MARINE	Environment_Medium_SD	marine	true
GCA_002364035.1	SAMN06454264	Arsukibacterium sp. UBA3189	SC1-ENV-MEDIUM-MARINE	Environment_Medium_SD	marine	true
GCA_002364135.1	SAMN06454266	Aequorivita sp. UBA3185	SC1-ENV-MEDIUM-MARINE	Environment_Medium_SD	marine	true
GCA_002364145.1	SAMN06454273	Marinobacter sp. UBA3182	SC1-ENV-MEDIUM-MARINE	Environment_Medium_SD	marine	true
GCA_002364155.1	SAMN06454272	Alcanivorax sp. UBA3183	SC1-ENV-MEDIUM-MARINE	Environment_Medium_SD	marine	true
GCA_002364215.1	SAMN06454271	Aequorivita sp. UBA3180	SC1-ENV-MEDIUM-MARINE	Environment_Medium_SD	marine	true
GCA_002364235.1	SAMN06450925	Porticoccus hydrocarbonoclasticus	SC1-ENV-MEDIUM-MARINE	Environment_Medium_SD	marine	true
GCA_002364255.1	SAMN06450930	Arenibacter sp. UBA3178	SC1-ENV-MEDIUM-MARINE	Environment_Medium_SD	marine	true
GCA_002364295.1	SAMN06450924	Idiomarina sp. UBA3176	SC1-ENV-MEDIUM-MARINE	Environment_Medium_SD	marine	true
GCA_002364315.1	SAMN06450929	Halomonas sp. UBA3173	SC1-ENV-MEDIUM-MARINE	Environment_Medium_SD	marine	true
GCA_002364325.1	SAMN06450923	Gillisia sp. UBA3175	SC1-ENV-MEDIUM-MARINE	Environment_Medium_SD	marine	true
GCA_002364335.1	SAMN06450922	Winogradskyella sp. UBA3174	SC1-ENV-MEDIUM-MARINE	Environment_Medium_SD	marine	true
GCA_002364405.1	SAMN06455678	Leeuwenhoekiella sp. UBA3167	SC1-ENV-MEDIUM-MARINE	Environment_Medium_SD	marine	true
GCA_002364415.1	SAMN06455679	Candidatus Neomicrothrix sp. UBA3166	SC1-ENV-MEDIUM-MARINE	Environment_Medium_SD	marine	true
GCA_002364475.1	SAMN06451127	Idiomarina sp. UBA3162	SC1-ENV-MEDIUM-MARINE	Environment_Medium_SD	marine	true
GCA_002364615.1	SAMN06451192	Arsukibacterium sp. UBA3155	SC1-ENV-MEDIUM-MARINE	Environment_Medium_SD	marine	true
GCA_002364835.1	SAMN06450928	Methylophaga sp. UBA3172	SC1-ENV-MEDIUM-MARINE	Environment_Medium_SD	marine	true
GCA_002364905.1	SAMN06455680	Candidatus Neomicrothrix sp. UBA3165	SC1-ENV-MEDIUM-MARINE	Environment_Medium_SD	marine	true
GCA_002365325.1	SAMN06456239	Candidatus Neomicrothrix sp. UBA3125	SC1-ENV-MEDIUM-MARINE	Environment_Medium_SD	marine	true
GCA_002365615.1	SAMN06453787	Aequorivita sp. UBA3101	SC1-ENV-MEDIUM-MARINE	Environment_Medium_SD	marine	true
GCA_002365655.1	SAMN06456480	Idiomarina abyssalis	SC1-ENV-MEDIUM-MARINE	Environment_Medium_SD	marine	true
GCA_002365785.1	SAMN06454517	Acidimicrobium sp. UBA3116	SC1-ENV-MEDIUM-MARINE	Environment_Medium_SD	marine	true
GCA_002366485.1	SAMN06451770	Hyphomonas sp. UBA3195	SC1-ENV-MEDIUM-MARINE	Environment_Medium_SD	marine	true
GCA_002366545.1	SAMN06453901	Candidatus Oleimmundimicrobium americanum	SC1-ENV-MEDIUM-MARINE	Environment_Medium_SD	marine	true
GCA_002366715.1	SAMN06455129	Halomonas sp. UBA3074	SC1-ENV-MEDIUM-MARINE	Environment_Medium_SD	marine	true
GCA_002366775.1	SAMN06455133	Roseovarius sp. UBA3070	SC1-ENV-MEDIUM-MARINE	Environment_Medium_SD	marine	true
GCA_002366815.1	SAMN06450387	Psychrobacter sp. UBA3068	SC1-ENV-MEDIUM-MARINE	Environment_Medium_SD	marine	true
GCA_002367375.1	SAMN06455128	Erythrobacter sp. UBA3075	SC1-ENV-MEDIUM-MARINE	Environment_Medium_SD	marine	true
GCA_002367695.1	SAMN06457443	Acidimicrobium sp. UBA3029	SC1-ENV-MEDIUM-MARINE	Environment_Medium_SD	marine	true
GCA_002375185.1	SAMN06454523	Methylophaga sp. UBA3618	SC1-ENV-MEDIUM-MARINE	Environment_Medium_SD	marine	true
GCA_002375245.1	SAMN06454528	Leeuwenhoekiella blandensis	SC1-ENV-MEDIUM-MARINE	Environment_Medium_SD	marine	true
GCA_002375265.1	SAMN06454529	Idiomarina abyssalis	SC1-ENV-MEDIUM-MARINE	Environment_Medium_SD	marine	true
GCA_002375285.1	SAMN06454022	Sulfitobacter pontiacus	SC1-ENV-MEDIUM-MARINE	Environment_Medium_SD	marine	true
GCA_002375325.1	SAMN06452016	Marinobacter sp. UBA3604	SC1-ENV-MEDIUM-MARINE	Environment_Medium_SD	marine	true
GCA_002375335.1	SAMN06457080	Methylophaga sp. UBA3603	SC1-ENV-MEDIUM-MARINE	Environment_Medium_SD	marine	true
GCA_002375365.1	SAMN06453348	Hyphomonas sp. UBA3596	SC1-ENV-MEDIUM-MARINE	Environment_Medium_SD	marine	true
GCA_002375405.1	SAMN06454021	Pusillimonas sp. UBA3615	SC1-ENV-MEDIUM-MARINE	Environment_Medium_SD	marine	true
GCA_002375415.1	SAMN06454532	Methylophaga sp. UBA3613	SC1-ENV-MEDIUM-MARINE	Environment_Medium_SD	marine	true
GCA_002375485.1	SAMN06454027	Sulfitobacter sp. UBA3610	SC1-ENV-MEDIUM-MARINE	Environment_Medium_SD	marine	true
GCA_002375525.1	SAMN06452015	Marinobacter sp. UBA3607	SC1-ENV-MEDIUM-MARINE	Environment_Medium_SD	marine	true
GCA_002375565.1	SAMN06457104	Thalassospira xiamenensis	SC1-ENV-MEDIUM-MARINE	Environment_Medium_SD	marine	true
GCA_002375575.1	SAMN06457078	Idiomarina abyssalis	SC1-ENV-MEDIUM-MARINE	Environment_Medium_SD	marine	true
GCA_002375605.1	SAMN06457087	Hyphomonas sp. UBA3601	SC1-ENV-MEDIUM-MARINE	Environment_Medium_SD	marine	true
GCA_002375625.1	SAMN06453357	Aequorivita sp. UBA3599	SC1-ENV-MEDIUM-MARINE	Environment_Medium_SD	marine	true
GCA_002375655.1	SAMN06453351	Methylophaga sp. UBA3595	SC1-ENV-MEDIUM-MARINE	Environment_Medium_SD	marine	true
GCA_002375685.1	SAMN06453353	Methylophaga sp. UBA3593	SC1-ENV-MEDIUM-MARINE	Environment_Medium_SD	marine	true
GCA_002375735.1	SAMN06452534	Stutzerimonas stutzeri	SC1-ENV-MEDIUM-MARINE	Environment_Medium_SD	marine	true
GCA_002375775.1	SAMN06452542	Alcanivorax sp. UBA3585	SC1-ENV-MEDIUM-MARINE	Environment_Medium_SD	marine	true
GCA_002376245.1	SAMN06452012	Pusillimonas sp. UBA3600	SC1-ENV-MEDIUM-MARINE	Environment_Medium_SD	marine	true
GCA_002376305.1	SAMN06453352	Hyphomonas sp. UBA3592	SC1-ENV-MEDIUM-MARINE	Environment_Medium_SD	marine	true
GCA_002376365.1	SAMN06452544	Sulfitobacter sp. UBA3587	SC1-ENV-MEDIUM-MARINE	Environment_Medium_SD	marine	true
GCA_002376385.1	SAMN06452545	Algoriphagus sp. UBA3586	SC1-ENV-MEDIUM-MARINE	Environment_Medium_SD	marine	true
GCA_002377005.1	SAMN06457872	Limnobacter sp. UBA3528	SC1-ENV-MEDIUM-MARINE	Environment_Medium_SD	marine	true
GCA_002377105.1	SAMN06457865	Alteromonas macleodii	SC1-ENV-MEDIUM-MARINE	Environment_Medium_SD	marine	true
GCA_002377115.1	SAMN06457866	Candidatus Neomicrothrix sp. UBA3522	SC1-ENV-MEDIUM-MARINE	Environment_Medium_SD	marine	true
GCA_002377375.1	SAMN06455542	Limnobacter sp. UBA3510	SC1-ENV-MEDIUM-MARINE	Environment_Medium_SD	marine	true
GCA_002377405.1	SAMN06450564	Candidatus Neomicrothrix sp. UBA3508	SC1-ENV-MEDIUM-MARINE	Environment_Medium_SD	marine	true
GCA_002377425.1	SAMN06450561	Candidatus Neomicrothrix sp. UBA3507	SC1-ENV-MEDIUM-MARINE	Environment_Medium_SD	marine	true
GCA_002377455.1	SAMN06450562	Candidatus Neomicrothrix sp. UBA3506	SC1-ENV-MEDIUM-MARINE	Environment_Medium_SD	marine	true
GCA_002377505.1	SAMN06450557	Micavibrio sp. UBA3503	SC1-ENV-MEDIUM-MARINE	Environment_Medium_SD	marine	true
GCA_002377545.1	SAMN06450556	Thalassolituus sp. UBA3500	SC1-ENV-MEDIUM-MARINE	Environment_Medium_SD	marine	true
GCA_002377685.1	SAMN06457111	Candidatus Neomicrothrix sp. UBA3493	SC1-ENV-MEDIUM-MARINE	Environment_Medium_SD	marine	true
GCA_002377695.1	SAMN06457118	Citromicrobium sp. UBA3494	SC1-ENV-MEDIUM-MARINE	Environment_Medium_SD	marine	true
GCA_002377725.1	SAMN06457112	Candidatus Neomicrothrix sp. UBA3492	SC1-ENV-MEDIUM-MARINE	Environment_Medium_SD	marine	true
GCA_002377945.1	SAMN06452289	Psychrobacter sp. UBA3480	SC1-ENV-MEDIUM-MARINE	Environment_Medium_SD	marine	true
GCA_002378135.1	SAMN06452978	Thioclava sp. UBA3469	SC1-ENV-MEDIUM-MARINE	Environment_Medium_SD	marine	true
GCA_002378185.1	SAMN06452980	Prochlorococcus sp. UBA3467	SC1-ENV-MEDIUM-MARINE	Environment_Medium_SD	marine	true
GCA_002378665.1	SAMN06454010	Loktanella sp. UBA3435	SC1-ENV-MEDIUM-MARINE	Environment_Medium_SD	marine	true
GCA_002378905.1	SAMN06454518	Thermus thermophilus	SC1-ENV-MEDIUM-MARINE	Environment_Medium_SD	marine	true
GCA_002378965.1	SAMN06454011	Thermus thermophilus	SC1-ENV-MEDIUM-MARINE	Environment_Medium_SD	marine	true
GCA_002379035.1	SAMN06451484	Loktanella sp. UBA3427	SC1-ENV-MEDIUM-MARINE	Environment_Medium_SD	marine	true
GCA_002379325.1	SAMN06451488	Thermus thermophilus	SC1-ENV-MEDIUM-MARINE	Environment_Medium_SD	marine	true
GCA_002379485.1	SAMN06455421	Methylophaga sp. UBA4204	SC1-ENV-MEDIUM-MARINE	Environment_Medium_SD	marine	true
GCA_002380095.1	SAMN06453998	Marinobacter sp. UBA4153	SC1-ENV-MEDIUM-MARINE	Environment_Medium_SD	marine	true
GCA_002380125.1	SAMN06453999	Alcanivorax sp. UBA4152	SC1-ENV-MEDIUM-MARINE	Environment_Medium_SD	marine	true
GCA_002380145.1	SAMN06451476	Candidatus Neomicrothrix sp. UBA4147	SC1-ENV-MEDIUM-MARINE	Environment_Medium_SD	marine	true
GCA_002380185.1	SAMN06452028	Alcanivorax sp. UBA4150	SC1-ENV-MEDIUM-MARINE	Environment_Medium_SD	marine	true
GCA_002380205.1	SAMN06451475	Alteromonas macleodii	SC1-ENV-MEDIUM-MARINE	Environment_Medium_SD	marine	true
GCA_002380295.1	SAMN06455423	Porticoccus hydrocarbonoclasticus	SC1-ENV-MEDIUM-MARINE	Environment_Medium_SD	marine	true
GCA_002380505.1	SAMN06451760	Paracoccus sp. UBA4165	SC1-ENV-MEDIUM-MARINE	Environment_Medium_SD	marine	true
GCA_002380515.1	SAMN06451759	Leeuwenhoekiella sp. UBA4164	SC1-ENV-MEDIUM-MARINE	Environment_Medium_SD	marine	true
GCA_002380595.1	SAMN06454008	Candidatus Atelocyanobacterium thalassa UBA4158	SC1-ENV-MEDIUM-MARINE	Environment_Medium_SD	marine	true
GCA_002380665.1	SAMN06451473	Candidatus Neomicrothrix sp. UBA4144	SC1-ENV-MEDIUM-MARINE	Environment_Medium_SD	marine	true
GCA_002380725.1	SAMN06451472	Candidatus Neomicrothrix sp. UBA4143	SC1-ENV-MEDIUM-MARINE	Environment_Medium_SD	marine	true
GCA_002381445.1	SAMN06455422	Arsukibacterium sp. UBA4203	SC1-ENV-MEDIUM-MARINE	Environment_Medium_SD	marine	true
GCA_002381465.1	SAMN06450689	Arsukibacterium sp. UBA4212	SC1-ENV-MEDIUM-MARINE	Environment_Medium_SD	marine	true
GCA_002381585.1	SAMN06455426	Marinimicrobium sp. UBA4209	SC1-ENV-MEDIUM-MARINE	Environment_Medium_SD	marine	true
GCA_002382415.1	SAMN06457596	Acidimicrobium sp. UBA4028	SC1-ENV-MEDIUM-MARINE	Environment_Medium_SD	marine	true
GCA_002382455.1	SAMN06457603	Acidimicrobium sp. UBA4025	SC1-ENV-MEDIUM-MARINE	Environment_Medium_SD	marine	true
GCA_002382885.1	SAMN07430084	Streptomyces sp. WZ.A104	SC1-ENV-MEDIUM-MARINE	Environment_Medium_SD	marine	true
GCA_002382935.1	SAMN06450690	Idiomarina abyssalis	SC1-ENV-MEDIUM-MARINE	Environment_Medium_SD	marine	true
GCA_002383005.1	SAMN06455427	Hyphomonas sp. UBA4208	SC1-ENV-MEDIUM-MARINE	Environment_Medium_SD	marine	true
GCA_002383015.1	SAMN06455419	Idiomarina sp. UBA4206	SC1-ENV-MEDIUM-MARINE	Environment_Medium_SD	marine	true
GCA_002383045.1	SAMN06450688	Idiomarina sp. UBA4211	SC1-ENV-MEDIUM-MARINE	Environment_Medium_SD	marine	true
GCA_002384345.1	SAMN06455438	Aequorivita sp. UBA3997	SC1-ENV-MEDIUM-MARINE	Environment_Medium_SD	marine	true
GCA_002384375.1	SAMN06451727	Idiomarina sp. UBA3992	SC1-ENV-MEDIUM-MARINE	Environment_Medium_SD	marine	true
GCA_002384405.1	SAMN06451730	Methylophaga sp. UBA3991	SC1-ENV-MEDIUM-MARINE	Environment_Medium_SD	marine	true
GCA_002384445.1	SAMN06454241	Alcanivorax sp. UBA3989	SC1-ENV-MEDIUM-MARINE	Environment_Medium_SD	marine	true
GCA_002384455.1	SAMN06455672	Alcanivorax sp. UBA3985	SC1-ENV-MEDIUM-MARINE	Environment_Medium_SD	marine	true
GCA_002384465.1	SAMN06454242	Hyphomonas sp. UBA3988	SC1-ENV-MEDIUM-MARINE	Environment_Medium_SD	marine	true
GCA_002384505.1	SAMN06455673	Stutzerimonas stutzeri	SC1-ENV-MEDIUM-MARINE	Environment_Medium_SD	marine	true
GCA_002384545.1	SAMN06455676	Thalassospira xiamenensis	SC1-ENV-MEDIUM-MARINE	Environment_Medium_SD	marine	true
GCA_002384585.1	SAMN06454236	Halomonas sp. UBA3980	SC1-ENV-MEDIUM-MARINE	Environment_Medium_SD	marine	true
GCA_002384605.1	SAMN06452009	Croceibacter atlanticus	SC1-ENV-MEDIUM-MARINE	Environment_Medium_SD	marine	true
GCA_002384845.1	SAMN06456501	Prochlorococcus sp. UBA3999	SC1-ENV-MEDIUM-MARINE	Environment_Medium_SD	marine	true
GCA_002384885.1	SAMN06451731	Methylophaga sp. UBA3996	SC1-ENV-MEDIUM-MARINE	Environment_Medium_SD	marine	true
GCA_002384895.1	SAMN06456489	Aequorivita sp. UBA3995	SC1-ENV-MEDIUM-MARINE	Environment_Medium_SD	marine	true
GCA_002384935.1	SAMN06455674	Pusillimonas sp. UBA3987	SC1-ENV-MEDIUM-MARINE	Environment_Medium_SD	marine	true
GCA_002384975.1	SAMN06452011	Maritimibacter sp. UBA3975	SC1-ENV-MEDIUM-MARINE	Environment_Medium_SD	marine	true
GCA_002385025.1	SAMN06452017	Hyphomonas sp. UBA3973	SC1-ENV-MEDIUM-MARINE	Environment_Medium_SD	marine	true
GCA_002385055.1	SAMN06455255	Micrococcales bacterium UBA3972	SC1-ENV-MEDIUM-MARINE	Environment_Medium_SD	marine	true
GCA_002386205.1	SAMN07312470	Burkholderia thailandensis	SC1-ENV-BROAD-ENV-SAMPLE	Environment_Broad_Scale_SD	environmental sample	true
GCA_002386265.1	SAMN07312458	Weissella paramesenteroides	SC1-ENV-BROAD-ENV-SAMPLE	Environment_Broad_Scale_SD	environmental sample	true
GCA_002387525.1	SAMN06452773	Roseivirga sp. UBA4591	SC1-ENV-MEDIUM-MARINE	Environment_Medium_SD	marine	true
GCA_002387965.1	SAMN06455276	Alcanivorax sp. UBA4543	SC1-ENV-MEDIUM-MARINE	Environment_Medium_SD	marine	true
GCA_002388005.1	SAMN06455275	Candidatus Neomicrothrix sp. UBA4542	SC1-ENV-MEDIUM-MARINE	Environment_Medium_SD	marine	true
GCA_002388025.1	SAMN06453829	Microbacterium sp. UBA4541	SC1-ENV-MEDIUM-MARINE	Environment_Medium_SD	marine	true
GCA_002388265.1	SAMN06456085	Alcanivorax sp. UBA4527	SC1-ENV-MEDIUM-MARINE	Environment_Medium_SD	marine	true
GCA_002388285.1	SAMN06456086	Thalassospira xiamenensis	SC1-ENV-MEDIUM-MARINE	Environment_Medium_SD	marine	true
GCA_002388305.1	SAMN06456081	Sulfitobacter sp. UBA4523	SC1-ENV-MEDIUM-MARINE	Environment_Medium_SD	marine	true
GCA_002388345.1	SAMN06456083	Alcanivorax sp. UBA4521	SC1-ENV-MEDIUM-MARINE	Environment_Medium_SD	marine	true
GCA_002388365.1	SAMN06456082	Idiomarina sp. UBA4520	SC1-ENV-MEDIUM-MARINE	Environment_Medium_SD	marine	true
GCA_002388375.1	SAMN06450758	Idiomarina sp. UBA4519	SC1-ENV-MEDIUM-MARINE	Environment_Medium_SD	marine	true
GCA_002388415.1	SAMN06450764	Pusillimonas sp. UBA4517	SC1-ENV-MEDIUM-MARINE	Environment_Medium_SD	marine	true
GCA_002388445.1	SAMN06450765	Maribacter sp. UBA4516	SC1-ENV-MEDIUM-MARINE	Environment_Medium_SD	marine	true
GCA_002388455.1	SAMN06450766	Cobetia sp. UBA4515	SC1-ENV-MEDIUM-MARINE	Environment_Medium_SD	marine	true
GCA_002388495.1	SAMN06450760	Thalassospira sp. UBA4513	SC1-ENV-MEDIUM-MARINE	Environment_Medium_SD	marine	true
GCA_002388525.1	SAMN06450761	Methylophaga sp. UBA4512	SC1-ENV-MEDIUM-MARINE	Environment_Medium_SD	marine	true
GCA_002388565.1	SAMN06450763	Hyphomonas sp. UBA4510	SC1-ENV-MEDIUM-MARINE	Environment_Medium_SD	marine	true
GCA_002388575.1	SAMN06455767	Marinimicrobium sp. UBA4509	SC1-ENV-MEDIUM-MARINE	Environment_Medium_SD	marine	true
GCA_002388625.1	SAMN06455766	Hyphomonas sp. UBA4508	SC1-ENV-MEDIUM-MARINE	Environment_Medium_SD	marine	true
GCA_002388685.1	SAMN06455774	Hyphomonas sp. UBA4505	SC1-ENV-MEDIUM-MARINE	Environment_Medium_SD	marine	true
GCA_002388745.1	SAMN06455771	Methylophaga sp. UBA4502	SC1-ENV-MEDIUM-MARINE	Environment_Medium_SD	marine	true
GCA_002389085.1	SAMN06455155	Hyphomonas sp. UBA4484	SC1-ENV-MEDIUM-MARINE	Environment_Medium_SD	marine	true
GCA_002390165.1	SAMN06457462	Lutibacter sp. UBA4458	SC1-ENV-MEDIUM-MARINE	Environment_Medium_SD	marine	true
GCA_002393315.1	SAMN06453828	Alteromonas australica	SC1-ENV-MEDIUM-MARINE	Environment_Medium_SD	marine	true
GCA_002396665.1	SAMN06450974	Bdellovibrionaceae bacterium UBA5009	SC1-ENV-LOCAL-GROUNDWATER	Environment_Local_Scale_SD	groundwater	true
GCA_002396685.1	SAMN06453253	Patescibacteria group bacterium UBA5007	SC1-ENV-LOCAL-GROUNDWATER	Environment_Local_Scale_SD	groundwater	true
GCA_002396705.1	SAMN06456531	Patescibacteria group bacterium UBA5004	SC1-ENV-LOCAL-GROUNDWATER	Environment_Local_Scale_SD	groundwater	true
GCA_002398365.1	SAMN06450973	Flammeovirgaceae bacterium UBA5008	SC1-ENV-LOCAL-GROUNDWATER	Environment_Local_Scale_SD	groundwater	true
GCA_002398375.1	SAMN06453252	Patescibacteria group bacterium UBA5006	SC1-ENV-LOCAL-GROUNDWATER	Environment_Local_Scale_SD	groundwater	true
GCA_002398405.1	SAMN06450986	Caulobacteraceae bacterium UBA5005	SC1-ENV-LOCAL-GROUNDWATER	Environment_Local_Scale_SD	groundwater	true
GCA_002400485.1	SAMN07569006	Hyphomicrobiales bacterium	SC1-ENV-MEDIUM-MARINE	Environment_Medium_SD	marine	true
GCA_002400495.2	SAMN07569008	Alphaproteobacteria bacterium	SC1-ENV-MEDIUM-MARINE	Environment_Medium_SD	marine	true
GCA_002400505.1	SAMN07569005	Flavobacteriaceae bacterium	SC1-ENV-MEDIUM-MARINE	Environment_Medium_SD	marine	true
GCA_002400515.1	SAMN07569004	Verrucomicrobiales bacterium	SC1-ENV-MEDIUM-MARINE	Environment_Medium_SD	marine	true
GCA_002400565.1	SAMN07569003	Cellvibrionales bacterium	SC1-ENV-MEDIUM-MARINE	Environment_Medium_SD	marine	true
GCA_002400575.1	SAMN07569002	SAR86 cluster bacterium	SC1-ENV-MEDIUM-MARINE	Environment_Medium_SD	marine	true
GCA_002400595.1	SAMN07569001	Pelagibacteraceae bacterium	SC1-ENV-MEDIUM-MARINE	Environment_Medium_SD	marine	true
GCA_002400615.1	SAMN07569000	Hyphomicrobiales bacterium	SC1-ENV-MEDIUM-MARINE	Environment_Medium_SD	marine	true
GCA_002400645.1	SAMN07568998	Legionellales bacterium	SC1-ENV-MEDIUM-MARINE	Environment_Medium_SD	marine	true
GCA_002400655.1	SAMN07568997	Burkholderiaceae bacterium	SC1-ENV-MEDIUM-MARINE	Environment_Medium_SD	marine	true
GCA_002400675.1	SAMN07568995	Paracoccaceae bacterium	SC1-ENV-MEDIUM-MARINE	Environment_Medium_SD	marine	true
GCA_002400685.1	SAMN07568994	Fidelibacterota bacterium	SC1-ENV-MEDIUM-MARINE	Environment_Medium_SD	marine	true
GCA_002400725.1	SAMN07568992	Gammaproteobacteria bacterium	SC1-ENV-MEDIUM-MARINE	Environment_Medium_SD	marine	true
GCA_002400745.1	SAMN07568990	Erythrobacteraceae bacterium	SC1-ENV-MEDIUM-MARINE	Environment_Medium_SD	marine	true
GCA_002400765.1	SAMN07568989	Bacteroidales bacterium	SC1-ENV-MEDIUM-MARINE	Environment_Medium_SD	marine	true
GCA_002400775.1	SAMN07568988	Gammaproteobacteria bacterium	SC1-ENV-MEDIUM-MARINE	Environment_Medium_SD	marine	true
GCA_002400805.1	SAMN07568987	Gammaproteobacteria bacterium	SC1-ENV-MEDIUM-MARINE	Environment_Medium_SD	marine	true
GCA_002400825.1	SAMN07568985	Rhodospirillaceae bacterium	SC1-ENV-MEDIUM-MARINE	Environment_Medium_SD	marine	true
GCA_002400835.1	SAMN07568984	Bacteroidota bacterium	SC1-ENV-MEDIUM-MARINE	Environment_Medium_SD	marine	true
GCA_002400845.2	SAMN07568983	Hyphomicrobiales bacterium	SC1-ENV-MEDIUM-MARINE	Environment_Medium_SD	marine	true
GCA_002400885.1	SAMN07568981	Flavobacteriaceae bacterium	SC1-ENV-MEDIUM-MARINE	Environment_Medium_SD	marine	true
GCA_002400895.1	SAMN07568979	Planctomycetota bacterium	SC1-ENV-MEDIUM-MARINE	Environment_Medium_SD	marine	true
GCA_002400905.2	SAMN07568977	Gammaproteobacteria bacterium	SC1-ENV-MEDIUM-MARINE	Environment_Medium_SD	marine	true
GCA_002400925.1	SAMN07568973	Hyphomicrobiales bacterium	SC1-ENV-MEDIUM-MARINE	Environment_Medium_SD	marine	true
GCA_002400965.1	SAMN07568972	Piscirickettsiaceae bacterium	SC1-ENV-MEDIUM-MARINE	Environment_Medium_SD	marine	true
GCA_002400975.1	SAMN07568971	Flavobacteriales bacterium	SC1-ENV-MEDIUM-MARINE	Environment_Medium_SD	marine	true
GCA_002400985.2	SAMN07568970	Candidatus Wolfebacteria bacterium	SC1-ENV-MEDIUM-MARINE	Environment_Medium_SD	marine	true
GCA_002401025.1	SAMN07568969	Dehalococcoidia bacterium	SC1-ENV-MEDIUM-MARINE	Environment_Medium_SD	marine	true
GCA_002401045.1	SAMN07568967	Paracoccaceae bacterium	SC1-ENV-MEDIUM-MARINE	Environment_Medium_SD	marine	true
GCA_002401055.1	SAMN07568968	Bacteroidota bacterium	SC1-ENV-MEDIUM-MARINE	Environment_Medium_SD	marine	true
GCA_002401065.1	SAMN07568966	Gammaproteobacteria bacterium	SC1-ENV-MEDIUM-MARINE	Environment_Medium_SD	marine	true
GCA_002401105.1	SAMN07568964	Flavobacteriaceae bacterium	SC1-ENV-MEDIUM-MARINE	Environment_Medium_SD	marine	true
GCA_002401125.1	SAMN07568963	Candidatus Kaiserbacteria bacterium	SC1-ENV-MEDIUM-MARINE	Environment_Medium_SD	marine	true
GCA_002401135.1	SAMN07568962	Zetaproteobacteria bacterium	SC1-ENV-MEDIUM-MARINE	Environment_Medium_SD	marine	true
GCA_002401155.1	SAMN07568961	Hyphomicrobiales bacterium	SC1-ENV-MEDIUM-MARINE	Environment_Medium_SD	marine	true
GCA_002401185.1	SAMN07568960	Gammaproteobacteria bacterium	SC1-ENV-MEDIUM-MARINE	Environment_Medium_SD	marine	true
GCA_002401195.1	SAMN07568959	Alphaproteobacteria bacterium	SC1-ENV-MEDIUM-MARINE	Environment_Medium_SD	marine	true
GCA_002401215.1	SAMN07568956	Flavobacteriaceae bacterium	SC1-ENV-MEDIUM-MARINE	Environment_Medium_SD	marine	true
GCA_002401225.1	SAMN07568955	bacterium	SC1-ENV-MEDIUM-MARINE	Environment_Medium_SD	marine	true
GCA_002401265.1	SAMN07568954	Thiotrichales bacterium	SC1-ENV-MEDIUM-MARINE	Environment_Medium_SD	marine	true
GCA_002401285.1	SAMN07568951	SAR202 cluster bacterium	SC1-ENV-MEDIUM-MARINE	Environment_Medium_SD	marine	true
GCA_002401295.1	SAMN07568950	SAR324 cluster bacterium	SC1-ENV-MEDIUM-MARINE	Environment_Medium_SD	marine	true
GCA_002401305.2	SAMN07568953	Rhodobiaceae bacterium	SC1-ENV-MEDIUM-MARINE	Environment_Medium_SD	marine	true
GCA_002401345.1	SAMN07568947	Candidatus Wolfebacteria bacterium	SC1-ENV-MEDIUM-MARINE	Environment_Medium_SD	marine	true
GCA_002401365.1	SAMN07568945	Piscirickettsiaceae bacterium	SC1-ENV-MEDIUM-MARINE	Environment_Medium_SD	marine	true
GCA_002401375.2	SAMN07568944	Thiotrichales bacterium	SC1-ENV-MEDIUM-MARINE	Environment_Medium_SD	marine	true
GCA_002401385.1	SAMN07568943	Flavobacteriaceae bacterium	SC1-ENV-MEDIUM-MARINE	Environment_Medium_SD	marine	true
GCA_002401425.1	SAMN07568940	Candidatus Peregrinibacteria bacterium	SC1-ENV-MEDIUM-MARINE	Environment_Medium_SD	marine	true
GCA_002401445.1	SAMN07568938	Candidatus Wolfebacteria bacterium	SC1-ENV-MEDIUM-MARINE	Environment_Medium_SD	marine	true
GCA_002401455.1	SAMN07568937	Alphaproteobacteria bacterium	SC1-ENV-MEDIUM-MARINE	Environment_Medium_SD	marine	true
GCA_002401485.1	SAMN07568936	Elusimicrobiota bacterium	SC1-ENV-MEDIUM-MARINE	Environment_Medium_SD	marine	true
GCA_002401495.1	SAMN07568935	Candidatus Kaiserbacteria bacterium	SC1-ENV-MEDIUM-MARINE	Environment_Medium_SD	marine	true
GCA_002401525.1	SAMN07568934	Moraxellaceae bacterium	SC1-ENV-MEDIUM-MARINE	Environment_Medium_SD	marine	true
GCA_002401535.1	SAMN07568933	Thiotrichales bacterium	SC1-ENV-MEDIUM-MARINE	Environment_Medium_SD	marine	true
GCA_002401545.1	SAMN07568932	Alphaproteobacteria bacterium	SC1-ENV-MEDIUM-MARINE	Environment_Medium_SD	marine	true
GCA_002401565.1	SAMN07568930	Rhodospirillaceae bacterium	SC1-ENV-MEDIUM-MARINE	Environment_Medium_SD	marine	true
GCA_002401605.1	SAMN07568929	Gammaproteobacteria bacterium	SC1-ENV-MEDIUM-MARINE	Environment_Medium_SD	marine	true
GCA_002401625.1	SAMN07568927	Oceanospirillales bacterium	SC1-ENV-MEDIUM-MARINE	Environment_Medium_SD	marine	true
GCA_002401635.1	SAMN07568925	Pseudomonadota bacterium	SC1-ENV-MEDIUM-MARINE	Environment_Medium_SD	marine	true
GCA_002401655.1	SAMN07568922	Gammaproteobacteria bacterium	SC1-ENV-MEDIUM-MARINE	Environment_Medium_SD	marine	true
GCA_002401685.1	SAMN07568921	Kordiimonadales bacterium	SC1-ENV-MEDIUM-MARINE	Environment_Medium_SD	marine	true
GCA_002401695.1	SAMN07568920	Alphaproteobacteria bacterium	SC1-ENV-MEDIUM-MARINE	Environment_Medium_SD	marine	true
GCA_002401725.1	SAMN07568919	Gammaproteobacteria bacterium	SC1-ENV-MEDIUM-MARINE	Environment_Medium_SD	marine	true
GCA_002401735.1	SAMN07568918	Methylophilaceae bacterium	SC1-ENV-MEDIUM-MARINE	Environment_Medium_SD	marine	true
GCA_002401765.2	SAMN07568917	Thiotrichaceae bacterium	SC1-ENV-MEDIUM-MARINE	Environment_Medium_SD	marine	true
GCA_002401775.2	SAMN07568914	Ectothiorhodospiraceae bacterium	SC1-ENV-MEDIUM-MARINE	Environment_Medium_SD	marine	true
GCA_002401785.1	SAMN07568912	Candidatus Babelota bacterium	SC1-ENV-MEDIUM-MARINE	Environment_Medium_SD	marine	true
GCA_002401815.1	SAMN07568910	Piscirickettsiaceae bacterium	SC1-ENV-MEDIUM-MARINE	Environment_Medium_SD	marine	true
GCA_002401845.2	SAMN07568909	Oceanospirillales bacterium	SC1-ENV-MEDIUM-MARINE	Environment_Medium_SD	marine	true
GCA_002401855.1	SAMN07568908	Hyphomicrobiales bacterium	SC1-ENV-MEDIUM-MARINE	Environment_Medium_SD	marine	true
GCA_002401865.1	SAMN07568905	Candidatus Aerophobota bacterium	SC1-ENV-MEDIUM-MARINE	Environment_Medium_SD	marine	true
GCA_002401885.1	SAMN07568904	SAR86 cluster bacterium	SC1-ENV-MEDIUM-MARINE	Environment_Medium_SD	marine	true
GCA_002401925.1	SAMN07568902	Candidatus Kaiserbacteria bacterium	SC1-ENV-MEDIUM-MARINE	Environment_Medium_SD	marine	true
GCA_002401945.1	SAMN07568900	Paracoccaceae bacterium	SC1-ENV-MEDIUM-MARINE	Environment_Medium_SD	marine	true
GCA_002401955.1	SAMN07568899	Flavobacteriales bacterium	SC1-ENV-MEDIUM-MARINE	Environment_Medium_SD	marine	true
GCA_002401965.1	SAMN07568898	Alphaproteobacteria bacterium	SC1-ENV-MEDIUM-MARINE	Environment_Medium_SD	marine	true
GCA_002402005.2	SAMN07568897	OCS116 cluster bacterium	SC1-ENV-MEDIUM-MARINE	Environment_Medium_SD	marine	true
GCA_002402025.1	SAMN07568895	Candidatus Aerophobota bacterium	SC1-ENV-MEDIUM-MARINE	Environment_Medium_SD	marine	true
GCA_002402035.1	SAMN07568894	Planctomycetota bacterium	SC1-ENV-MEDIUM-MARINE	Environment_Medium_SD	marine	true
GCA_002402045.2	SAMN07568892	Paracoccaceae bacterium	SC1-ENV-MEDIUM-MARINE	Environment_Medium_SD	marine	true
GCA_002402085.1	SAMN07568888	Gammaproteobacteria bacterium	SC1-ENV-MEDIUM-MARINE	Environment_Medium_SD	marine	true
GCA_002402105.1	SAMN07568886	Candidatus Cloacimonadota bacterium	SC1-ENV-MEDIUM-MARINE	Environment_Medium_SD	marine	true
GCA_002402125.1	SAMN07568883	Moraxellaceae bacterium	SC1-ENV-MEDIUM-MARINE	Environment_Medium_SD	marine	true
GCA_002402135.1	SAMN07568882	Fidelibacterota bacterium	SC1-ENV-MEDIUM-MARINE	Environment_Medium_SD	marine	true
GCA_002402165.1	SAMN07568881	Flavobacteriales bacterium	SC1-ENV-MEDIUM-MARINE	Environment_Medium_SD	marine	true
GCA_002402175.1	SAMN07568880	SAR86 cluster bacterium	SC1-ENV-MEDIUM-MARINE	Environment_Medium_SD	marine	true
GCA_002402195.1	SAMN07568878	Rickettsiales bacterium	SC1-ENV-MEDIUM-MARINE	Environment_Medium_SD	marine	true
GCA_002402225.1	SAMN07568877	Alphaproteobacteria bacterium	SC1-ENV-MEDIUM-MARINE	Environment_Medium_SD	marine	true
GCA_002402245.1	SAMN07568874	Gammaproteobacteria bacterium	SC1-ENV-MEDIUM-MARINE	Environment_Medium_SD	marine	true
GCA_002403855.1	SAMN06456038	Acidimicrobiia bacterium UBA4744	SC1-ENV-MEDIUM-MARINE	Environment_Medium_SD	marine	true
GCA_002407505.1	SAMN04096401	Pseudoalteromonas sp. 1_2015MBL_MicDiv	SC1-ENV-MEDIUM-MARINE	Environment_Medium_SD	marine	true
GCA_002412165.1	SAMN07572619	Curtobacterium sp. 'Ferrero'	SC1-ENV-BROAD-ENV-SAMPLE	Environment_Broad_Scale_SD	environmental sample	true
GCA_002412355.1	SAMN07331127	Acinetobacter sp. YT-02	SC1-ENV-BROAD-WASTEWATER	Environment_Local_Scale_SD	activated sludge	true
GCA_002413125.1	SAMN06453579	Idiomarina sp. UBA5185	SC1-ENV-MEDIUM-MARINE	Environment_Medium_SD	marine	true
GCA_002413445.1	SAMN06456397	Micavibrio sp. UBA5167	SC1-ENV-MEDIUM-MARINE	Environment_Medium_SD	marine	true
GCA_002413525.1	SAMN06456372	Alcanivorax sp. UBA5163	SC1-ENV-MEDIUM-MARINE	Environment_Medium_SD	marine	true
GCA_002413585.1	SAMN06456302	Paracoccus sp. UBA5162	SC1-ENV-MEDIUM-MARINE	Environment_Medium_SD	marine	true
GCA_002413635.1	SAMN06451562	Microbacterium sp. UBA5159	SC1-ENV-MEDIUM-MARINE	Environment_Medium_SD	marine	true
GCA_002414365.1	SAMN06457784	Methylophaga sp. UBA5113	SC1-ENV-MEDIUM-MARINE	Environment_Medium_SD	marine	true
GCA_002414425.1	SAMN06457042	Aequorivita sp. UBA5106	SC1-ENV-MEDIUM-MARINE	Environment_Medium_SD	marine	true
GCA_002414505.1	SAMN06452689	Hyphomonas sp. UBA5111	SC1-ENV-MEDIUM-MARINE	Environment_Medium_SD	marine	true
GCA_002414545.1	SAMN06454727	Thalassospira xiamenensis	SC1-ENV-MEDIUM-MARINE	Environment_Medium_SD	marine	true
GCA_002414565.1	SAMN06454728	Aequorivita sp. UBA5094	SC1-ENV-MEDIUM-MARINE	Environment_Medium_SD	marine	true
GCA_002414605.1	SAMN06454735	Alcanivorax sp. UBA5099	SC1-ENV-MEDIUM-MARINE	Environment_Medium_SD	marine	true
GCA_002414625.1	SAMN06457534	Methylophaga sp. UBA5088	SC1-ENV-MEDIUM-MARINE	Environment_Medium_SD	marine	true
GCA_002414635.1	SAMN06454730	Aequorivita sp. UBA5096	SC1-ENV-MEDIUM-MARINE	Environment_Medium_SD	marine	true
GCA_002414725.1	SAMN06457531	Aequorivita sp. UBA5087	SC1-ENV-MEDIUM-MARINE	Environment_Medium_SD	marine	true
GCA_002414785.1	SAMN06457527	Pseudoalteromonas lipolytica	SC1-ENV-MEDIUM-MARINE	Environment_Medium_SD	marine	true
GCA_002414965.1	SAMN06455223	Methylophaga sp. UBA5054	SC1-ENV-MEDIUM-MARINE	Environment_Medium_SD	marine	true
GCA_002415015.1	SAMN06452484	Aequorivita sp. UBA5053	SC1-ENV-MEDIUM-MARINE	Environment_Medium_SD	marine	true
GCA_002415085.1	SAMN06450488	Arsukibacterium sp. UBA5043	SC1-ENV-MEDIUM-MARINE	Environment_Medium_SD	marine	true
GCA_002415095.1	SAMN06450486	Paraglaciecola chathamensis	SC1-ENV-MEDIUM-MARINE	Environment_Medium_SD	marine	true
GCA_002415495.1	SAMN06452688	Thalassospira xiamenensis	SC1-ENV-MEDIUM-MARINE	Environment_Medium_SD	marine	true
GCA_002415545.1	SAMN06456912	Hyphomonas sp. UBA5107	SC1-ENV-MEDIUM-MARINE	Environment_Medium_SD	marine	true
GCA_002415655.1	SAMN06456911	Methylophaga sp. UBA5100	SC1-ENV-MEDIUM-MARINE	Environment_Medium_SD	marine	true
GCA_002415705.1	SAMN06454731	Hyphomonas sp. UBA5091	SC1-ENV-MEDIUM-MARINE	Environment_Medium_SD	marine	true
GCA_002415725.1	SAMN06457532	Alcanivorax sp. UBA5084	SC1-ENV-MEDIUM-MARINE	Environment_Medium_SD	marine	true
GCA_002415755.1	SAMN06457526	Thalassospira xiamenensis	SC1-ENV-MEDIUM-MARINE	Environment_Medium_SD	marine	true
GCA_002415945.1	SAMN06457780	Methylophaga sp. UBA5063	SC1-ENV-MEDIUM-MARINE	Environment_Medium_SD	marine	true
GCA_002415965.1	SAMN06456021	Pusillimonas sp. UBA5062	SC1-ENV-MEDIUM-MARINE	Environment_Medium_SD	marine	true
GCA_002416005.1	SAMN06455224	Methylophaga sp. UBA5057	SC1-ENV-MEDIUM-MARINE	Environment_Medium_SD	marine	true
GCA_002416025.1	SAMN06455219	Idiomarina abyssalis	SC1-ENV-MEDIUM-MARINE	Environment_Medium_SD	marine	true
GCA_002416045.1	SAMN06455221	Ponticoccus sp. UBA5052	SC1-ENV-MEDIUM-MARINE	Environment_Medium_SD	marine	true
GCA_002416135.1	SAMN06450487	Idiomarina abyssalis	SC1-ENV-MEDIUM-MARINE	Environment_Medium_SD	marine	true
GCA_002420275.1	SAMN06457680	Marinobacter manganoxydans	SC1-ENV-MEDIUM-MARINE	Environment_Medium_SD	marine	true
GCA_002420325.1	SAMN06455109	Marinobacter sp. UBA5687	SC1-ENV-MEDIUM-MARINE	Environment_Medium_SD	marine	true
GCA_002420485.1	SAMN06450522	Candidatus Neomicrothrix sp. UBA5678	SC1-ENV-MEDIUM-MARINE	Environment_Medium_SD	marine	true
GCA_002420625.1	SAMN06450537	Candidatus Neomicrothrix sp. UBA5676	SC1-ENV-MEDIUM-MARINE	Environment_Medium_SD	marine	true
GCA_002424965.1	SAMN06455923	Alcanivorax sp. UBA5595	SC1-ENV-MEDIUM-MARINE	Environment_Medium_SD	marine	true
GCA_002425005.1	SAMN06455922	Flavobacteriales bacterium UBA5594	SC1-ENV-BROAD-WASTEWATER	Environment_Local_Scale_SD	activated sludge	true
GCA_002425015.1	SAMN06455929	Chitinophagaceae bacterium UBA5593	SC1-ENV-BROAD-WASTEWATER	Environment_Local_Scale_SD	activated sludge	true
GCA_002425085.1	SAMN06455926	Ignavibacteria bacterium UBA5590	SC1-ENV-BROAD-WASTEWATER	Environment_Local_Scale_SD	activated sludge	true
GCA_002425105.1	SAMN06450870	Anaerolineales bacterium UBA5587	SC1-ENV-BROAD-WASTEWATER	Environment_Local_Scale_SD	activated sludge	true
GCA_002425115.1	SAMN06450869	Candidatus Saccharibacteria bacterium UBA5588	SC1-ENV-BROAD-WASTEWATER	Environment_Local_Scale_SD	activated sludge	true
GCA_002425145.1	SAMN06450868	Candidatus Saccharibacteria bacterium UBA5589	SC1-ENV-BROAD-WASTEWATER	Environment_Local_Scale_SD	activated sludge	true
GCA_002425155.1	SAMN06450871	Bacteroidetes bacterium UBA5586	SC1-ENV-BROAD-WASTEWATER	Environment_Local_Scale_SD	activated sludge	true
GCA_002425185.1	SAMN06450872	Flammeovirgaceae bacterium UBA5585	SC1-ENV-BROAD-WASTEWATER	Environment_Local_Scale_SD	activated sludge	true
GCA_002425245.1	SAMN06450875	Betaproteobacteria bacterium UBA5582	SC1-ENV-BROAD-WASTEWATER	Environment_Local_Scale_SD	activated sludge	true
GCA_002433135.1	SAMN06453388	Candidatus Neomicrothrix sp. UBA6618	SC1-ENV-MEDIUM-MARINE	Environment_Medium_SD	marine	true
GCA_002433185.1	SAMN06457109	Pseudoalteromonas ruthenica	SC1-ENV-MEDIUM-MARINE	Environment_Medium_SD	marine	true
GCA_002433285.1	SAMN06457108	Alteromonas australica	SC1-ENV-MEDIUM-MARINE	Environment_Medium_SD	marine	true
GCA_002433295.1	SAMN06457105	Pseudoalteromonas sp. UBA6610	SC1-ENV-MEDIUM-MARINE	Environment_Medium_SD	marine	true
GCA_002433325.1	SAMN06452598	Alteromonas macleodii	SC1-ENV-MEDIUM-MARINE	Environment_Medium_SD	marine	true
GCA_002433375.1	SAMN06452604	Alcanivorax sp. UBA6607	SC1-ENV-MEDIUM-MARINE	Environment_Medium_SD	marine	true
GCA_002433425.1	SAMN06454030	Marinobacter sp. UBA6604	SC1-ENV-MEDIUM-MARINE	Environment_Medium_SD	marine	true
GCA_002433505.1	SAMN06454035	Zunongwangia profunda	SC1-ENV-MEDIUM-MARINE	Environment_Medium_SD	marine	true
GCA_002433525.1	SAMN06451404	Stutzerimonas stutzeri	SC1-ENV-MEDIUM-MARINE	Environment_Medium_SD	marine	true
GCA_002433645.1	SAMN06451398	Spongiibacter sp. UBA6593	SC1-ENV-MEDIUM-MARINE	Environment_Medium_SD	marine	true
GCA_002433655.1	SAMN06451399	Thalassolituus sp. UBA6592	SC1-ENV-MEDIUM-MARINE	Environment_Medium_SD	marine	true
GCA_002433675.1	SAMN06451396	Halomonas halophila	SC1-ENV-MEDIUM-MARINE	Environment_Medium_SD	marine	true
GCA_002433705.1	SAMN06451397	Oceanicaulis sp. UBA6590	SC1-ENV-MEDIUM-MARINE	Environment_Medium_SD	marine	true
GCA_002433745.1	SAMN06454204	Leeuwenhoekiella blandensis	SC1-ENV-MEDIUM-MARINE	Environment_Medium_SD	marine	true
GCA_002434645.1	SAMN06450455	Candidatus Neomicrothrix sp. UBA6542	SC1-ENV-MEDIUM-MARINE	Environment_Medium_SD	marine	true
GCA_002434665.1	SAMN06450457	Pseudoalteromonas sp. UBA6540	SC1-ENV-MEDIUM-MARINE	Environment_Medium_SD	marine	true
GCA_002434705.1	SAMN06452181	Candidatus Peribacter sp. UBA6538	SC1-ENV-MEDIUM-MARINE	Environment_Medium_SD	marine	true
GCA_002434945.1	SAMN06452488	Candidatus Neomicrothrix sp. UBA6521	SC1-ENV-MEDIUM-MARINE	Environment_Medium_SD	marine	true
GCA_002435025.1	SAMN06454711	Candidatus Neomicrothrix sp. UBA6517	SC1-ENV-MEDIUM-MARINE	Environment_Medium_SD	marine	true
GCA_002435065.1	SAMN06454707	Micavibrio sp. UBA6513	SC1-ENV-MEDIUM-MARINE	Environment_Medium_SD	marine	true
GCA_002435075.1	SAMN06454710	Limnobacter sp. UBA6514	SC1-ENV-MEDIUM-MARINE	Environment_Medium_SD	marine	true
GCA_002435105.1	SAMN06454708	Spongiibacter tropicus	SC1-ENV-MEDIUM-MARINE	Environment_Medium_SD	marine	true
GCA_002435115.1	SAMN06454705	Maribacter sp. UBA6511	SC1-ENV-MEDIUM-MARINE	Environment_Medium_SD	marine	true
GCA_002435145.1	SAMN06457525	Neptuniibacter sp. UBA6509	SC1-ENV-MEDIUM-MARINE	Environment_Medium_SD	marine	true
GCA_002435155.1	SAMN06457524	Pseudoalteromonas sp. UBA6508	SC1-ENV-MEDIUM-MARINE	Environment_Medium_SD	marine	true
GCA_002435225.1	SAMN06457523	Stutzerimonas stutzeri	SC1-ENV-MEDIUM-MARINE	Environment_Medium_SD	marine	true
GCA_002435255.1	SAMN06455838	Marinobacter sp. UBA6499	SC1-ENV-MEDIUM-MARINE	Environment_Medium_SD	marine	true
GCA_002435265.1	SAMN06450964	Zunongwangia profunda	SC1-ENV-MEDIUM-MARINE	Environment_Medium_SD	marine	true
GCA_002436205.1	SAMN06452184	Candidatus Peribacter sp. UBA6535	SC1-ENV-MEDIUM-MARINE	Environment_Medium_SD	marine	true
GCA_002436345.1	SAMN06454706	Thalassospira sp. UBA6510	SC1-ENV-MEDIUM-MARINE	Environment_Medium_SD	marine	true
GCA_002436365.1	SAMN06457516	Pseudoalteromonas lipolytica	SC1-ENV-MEDIUM-MARINE	Environment_Medium_SD	marine	true
GCA_002436375.1	SAMN06457519	Alteromonas australica	SC1-ENV-MEDIUM-MARINE	Environment_Medium_SD	marine	true
GCA_002436455.1	SAMN06450963	Microbacterium sp. UBA6496	SC1-ENV-MEDIUM-MARINE	Environment_Medium_SD	marine	true
GCA_002440605.1	SAMN06450946	Flavobacteriaceae bacterium UBA6274	SC1-ENV-BROAD-WASTEWATER	Environment_Local_Scale_SD	activated sludge	true
GCA_002440625.1	SAMN06450945	Rhodobacteraceae bacterium UBA6273	SC1-ENV-BROAD-WASTEWATER	Environment_Local_Scale_SD	activated sludge	true
GCA_002440635.1	SAMN06450944	Novosphingobium sp. UBA6272	SC1-ENV-BROAD-WASTEWATER	Environment_Local_Scale_SD	activated sludge	true
GCA_002440665.1	SAMN06450943	Dechloromonas sp. UBA6271	SC1-ENV-BROAD-WASTEWATER	Environment_Local_Scale_SD	activated sludge	true
GCA_002440705.1	SAMN06455708	Flavobacteriaceae bacterium UBA6268	SC1-ENV-BROAD-WASTEWATER	Environment_Local_Scale_SD	activated sludge	true
GCA_002445645.1	SAMN04543110	Listeria monocytogenes	SC1-ENV-BROAD-ENV-SAMPLE	Environment_Broad_Scale_SD	environmental sample	true
GCA_002445835.1	SAMN04530838	Listeria monocytogenes	SC1-ENV-BROAD-ENV-SAMPLE	Environment_Broad_Scale_SD	environmental sample	true
GCA_002445895.1	SAMN04600043	Listeria monocytogenes	SC1-ENV-BROAD-ENV-SAMPLE	Environment_Broad_Scale_SD	environmental sample	true
GCA_002446095.1	SAMN04600019	Listeria monocytogenes	SC1-ENV-BROAD-ENV-SAMPLE	Environment_Broad_Scale_SD	environmental sample	true
GCA_002446135.1	SAMN04600009	Listeria monocytogenes	SC1-ENV-BROAD-ENV-SAMPLE	Environment_Broad_Scale_SD	environmental sample	true
GCA_002446225.1	SAMN04599999	Listeria monocytogenes	SC1-ENV-BROAD-ENV-SAMPLE	Environment_Broad_Scale_SD	environmental sample	true
GCA_002446495.1	SAMN04600058	Listeria monocytogenes	SC1-ENV-BROAD-ENV-SAMPLE	Environment_Broad_Scale_SD	environmental sample	true
GCA_002446785.1	SAMN04600023	Listeria monocytogenes	SC1-ENV-BROAD-ENV-SAMPLE	Environment_Broad_Scale_SD	environmental sample	true
GCA_002448535.1	SAMN06457671	Micavibrio sp. UBA6971	SC1-ENV-MEDIUM-MARINE	Environment_Medium_SD	marine	true
GCA_002448575.1	SAMN06455096	Micavibrio sp. UBA6964	SC1-ENV-MEDIUM-MARINE	Environment_Medium_SD	marine	true
GCA_002448675.1	SAMN06455351	Candidatus Neomicrothrix sp. UBA6948	SC1-ENV-MEDIUM-MARINE	Environment_Medium_SD	marine	true
GCA_002448715.1	SAMN06455344	Candidatus Neomicrothrix sp. UBA6944	SC1-ENV-MEDIUM-MARINE	Environment_Medium_SD	marine	true
GCA_002448735.1	SAMN06450615	Ectopseudomonas oleovorans	SC1-ENV-MEDIUM-MARINE	Environment_Medium_SD	marine	true
GCA_002448815.1	SAMN06455597	Micavibrio sp. UBA6929	SC1-ENV-MEDIUM-MARINE	Environment_Medium_SD	marine	true
GCA_002448835.1	SAMN06450476	Candidatus Neomicrothrix sp. UBA6925	SC1-ENV-MEDIUM-MARINE	Environment_Medium_SD	marine	true
GCA_002450605.1	SAMN06455346	Alteromonas australica	SC1-ENV-MEDIUM-MARINE	Environment_Medium_SD	marine	true
GCA_002450685.1	SAMN06457291	Idiomarina sp. UBA6937	SC1-ENV-MEDIUM-MARINE	Environment_Medium_SD	marine	true
GCA_002450785.1	SAMN06455596	Thalassolituus sp. UBA6928	SC1-ENV-MEDIUM-MARINE	Environment_Medium_SD	marine	true
GCA_002450875.1	SAMN06455621	Ectopseudomonas oleovorans	SC1-ENV-MEDIUM-MARINE	Environment_Medium_SD	marine	true
GCA_002452975.1	SAMN06457788	Allomuricauda sp. UBA6785	SC1-ENV-MEDIUM-MARINE	Environment_Medium_SD	marine	true
GCA_002452995.1	SAMN06457793	Microbacterium sp. UBA6782	SC1-ENV-MEDIUM-MARINE	Environment_Medium_SD	marine	true
GCA_002453005.1	SAMN06456112	Leeuwenhoekiella sp. UBA6783	SC1-ENV-MEDIUM-MARINE	Environment_Medium_SD	marine	true
GCA_002453015.1	SAMN06457787	Aequorivita sp. UBA6784	SC1-ENV-MEDIUM-MARINE	Environment_Medium_SD	marine	true
GCA_002455115.1	SAMN06455885	Ignavibacteria bacterium UBA6672	SC1-ENV-BROAD-WASTEWATER	Environment_Local_Scale_SD	activated sludge	true
GCA_002455135.1	SAMN06453030	Flavobacteriales bacterium UBA6671	SC1-ENV-BROAD-WASTEWATER	Environment_Local_Scale_SD	activated sludge	true
GCA_002455155.1	SAMN06454770	Ignavibacteria bacterium UBA6670	SC1-ENV-BROAD-WASTEWATER	Environment_Local_Scale_SD	activated sludge	true
GCA_002455175.1	SAMN06450846	Opitutaceae bacterium UBA6669	SC1-ENV-BROAD-WASTEWATER	Environment_Local_Scale_SD	activated sludge	true
GCA_002455215.1	SAMN06450847	Anaerolineales bacterium UBA6668	SC1-ENV-BROAD-WASTEWATER	Environment_Local_Scale_SD	activated sludge	true
GCA_002455255.1	SAMN06450848	Candidatus Tepidiaquacellales bacterium UBA6667	SC1-ENV-BROAD-WASTEWATER	Environment_Local_Scale_SD	activated sludge	true
GCA_002455275.1	SAMN06450851	Candidatus Saccharibacteria bacterium UBA6664	SC1-ENV-BROAD-WASTEWATER	Environment_Local_Scale_SD	activated sludge	true
GCA_002455285.1	SAMN06450849	Chitinophagaceae bacterium UBA6666	SC1-ENV-BROAD-WASTEWATER	Environment_Local_Scale_SD	activated sludge	true
GCA_002455305.1	SAMN06450850	Anaerolineales bacterium UBA6665	SC1-ENV-BROAD-WASTEWATER	Environment_Local_Scale_SD	activated sludge	true
GCA_002455335.1	SAMN06450852	Anaerolineales bacterium UBA6663	SC1-ENV-BROAD-WASTEWATER	Environment_Local_Scale_SD	activated sludge	true
GCA_002455355.1	SAMN06450853	Flammeovirgaceae bacterium UBA6662	SC1-ENV-BROAD-WASTEWATER	Environment_Local_Scale_SD	activated sludge	true
GCA_002455375.1	SAMN06451232	Bacteroidetes bacterium UBA6661	SC1-ENV-BROAD-WASTEWATER	Environment_Local_Scale_SD	activated sludge	true
GCA_002456075.1	SAMN06452355	Spongiibacter sp. UBA6625	SC1-ENV-MEDIUM-MARINE	Environment_Medium_SD	marine	true
GCA_002456915.1	SAMN06890642	Puniceicoccaceae bacterium MED-G31	SC1-ENV-MEDIUM-MARINE	Environment_Medium_SD	marine	true
GCA_002456955.1	SAMN06890637	Halieaceae bacterium MED-G26	SC1-ENV-MEDIUM-MARINE	Environment_Medium_SD	marine	true
GCA_002456975.1	SAMN06890638	Halieaceae bacterium MED-G27	SC1-ENV-MEDIUM-MARINE	Environment_Medium_SD	marine	true
GCA_002456985.1	SAMN06890634	Candidatus Thioglobus sp. MED-G23	SC1-ENV-MEDIUM-MARINE	Environment_Medium_SD	marine	true
GCA_002456995.1	SAMN06890636	Candidatus Thioglobus sp. MED-G25	SC1-ENV-MEDIUM-MARINE	Environment_Medium_SD	marine	true
GCA_002457035.1	SAMN06890627	Rhodothermaeota bacterium MED-G16	SC1-ENV-MEDIUM-MARINE	Environment_Medium_SD	marine	true
GCA_002457055.1	SAMN06890619	Rhodobacteraceae bacterium MED-G08	SC1-ENV-MEDIUM-MARINE	Environment_Medium_SD	marine	true
GCA_002457065.1	SAMN06890621	alpha proteobacterium MED-G10	SC1-ENV-MEDIUM-MARINE	Environment_Medium_SD	marine	true
GCA_002457075.1	SAMN06890622	Cryomorphaceae bacterium MED-G11	SC1-ENV-MEDIUM-MARINE	Environment_Medium_SD	marine	true
GCA_002457115.1	SAMN06890618	Rhodobacteraceae bacterium MED-G07	SC1-ENV-MEDIUM-MARINE	Environment_Medium_SD	marine	true
GCA_002457135.1	SAMN06890615	SAR116 cluster bacterium MED-G04	SC1-ENV-MEDIUM-MARINE	Environment_Medium_SD	marine	true
GCA_002457215.1	SAMN06890639	OM182 bacterium MED-G28	SC1-ENV-MEDIUM-MARINE	Environment_Medium_SD	marine	true
GCA_002457235.1	SAMN06890643	Puniceicoccaceae bacterium MED-G32	SC1-ENV-MEDIUM-MARINE	Environment_Medium_SD	marine	true
GCA_002457245.1	SAMN06890640	SAR92 bacterium MED-G29	SC1-ENV-MEDIUM-MARINE	Environment_Medium_SD	marine	true
GCA_002457275.1	SAMN06890635	OM182 bacterium MED-G24	SC1-ENV-MEDIUM-MARINE	Environment_Medium_SD	marine	true
GCA_002457295.1	SAMN06890633	Flavobacteriales bacterium MED-G22	SC1-ENV-MEDIUM-MARINE	Environment_Medium_SD	marine	true
GCA_002457305.1	SAMN06890632	Bacteroidetes bacterium MED-G21	SC1-ENV-MEDIUM-MARINE	Environment_Medium_SD	marine	true
GCA_002457315.1	SAMN06890630	Rhodothermaeota bacterium MED-G19	SC1-ENV-MEDIUM-MARINE	Environment_Medium_SD	marine	true
GCA_002457355.1	SAMN06890626	Flavobacteriales bacterium MED-G15	SC1-ENV-MEDIUM-MARINE	Environment_Medium_SD	marine	true
GCA_002457365.1	SAMN06890623	Rhodothermaeota bacterium MED-G12	SC1-ENV-MEDIUM-MARINE	Environment_Medium_SD	marine	true
GCA_002457395.1	SAMN06890620	alpha proteobacterium MED-G09	SC1-ENV-MEDIUM-MARINE	Environment_Medium_SD	marine	true
GCA_002457415.1	SAMN06890614	Sphingomonadaceae bacterium MED-G03	SC1-ENV-MEDIUM-MARINE	Environment_Medium_SD	marine	true
GCA_002457435.1	SAMN06890612	Acidimicrobiales bacterium MED-G01	SC1-ENV-MEDIUM-MARINE	Environment_Medium_SD	marine	true
GCA_002457445.1	SAMN06890655	Pelagibacterales bacterium MED-G44	SC1-ENV-MEDIUM-MARINE	Environment_Medium_SD	marine	true
GCA_002457475.1	SAMN06890654	Pelagibacterales bacterium MED-G43	SC1-ENV-MEDIUM-MARINE	Environment_Medium_SD	marine	true
GCA_002457485.1	SAMN06890653	Pelagibacterales bacterium MED-G42	SC1-ENV-MEDIUM-MARINE	Environment_Medium_SD	marine	true
GCA_002457515.1	SAMN06890651	Pelagibacterales bacterium MED-G40	SC1-ENV-MEDIUM-MARINE	Environment_Medium_SD	marine	true
GCA_002457525.1	SAMN06890652	Pelagibacterales bacterium MED-G41	SC1-ENV-MEDIUM-MARINE	Environment_Medium_SD	marine	true
GCA_002457565.1	SAMN06890650	Pelagibacterales bacterium MED-G39	SC1-ENV-MEDIUM-MARINE	Environment_Medium_SD	marine	true
GCA_002457635.1	SAMN06890641	Puniceicoccaceae bacterium MED-G30	SC1-ENV-MEDIUM-MARINE	Environment_Medium_SD	marine	true
GCA_002457645.1	SAMN06890631	Bacteroidetes bacterium MED-G20	SC1-ENV-MEDIUM-MARINE	Environment_Medium_SD	marine	true
GCA_002457675.1	SAMN06890628	Bacteroidetes bacterium MED-G17	SC1-ENV-MEDIUM-MARINE	Environment_Medium_SD	marine	true
GCA_002457685.1	SAMN06890629	Rhodothermaeota bacterium MED-G18	SC1-ENV-MEDIUM-MARINE	Environment_Medium_SD	marine	true
GCA_002457715.1	SAMN06890625	Cryomorphaceae bacterium MED-G14	SC1-ENV-MEDIUM-MARINE	Environment_Medium_SD	marine	true
GCA_002457735.1	SAMN06890624	Bacteroidetes bacterium MED-G13	SC1-ENV-MEDIUM-MARINE	Environment_Medium_SD	marine	true
GCA_002457745.1	SAMN06890617	SAR116 cluster bacterium MED-G06	SC1-ENV-MEDIUM-MARINE	Environment_Medium_SD	marine	true
GCA_002457765.1	SAMN06890616	SAR116 cluster bacterium MED-G05	SC1-ENV-MEDIUM-MARINE	Environment_Medium_SD	marine	true
GCA_002457795.1	SAMN06890613	Candidatus Actinomarinales bacterium MED-G02	SC1-ENV-MEDIUM-MARINE	Environment_Medium_SD	marine	true
GCA_002469795.1	SAMN06456151	Candidatus Endolissoclinum sp. UBA7380	SC1-ENV-MEDIUM-MARINE	Environment_Medium_SD	marine	true
GCA_002470005.1	SAMN06453679	Glaciecola sp. UBA7419	SC1-ENV-MEDIUM-MARINE	Environment_Medium_SD	marine	true
GCA_002470235.1	SAMN06456148	Candidatus Neomicrothrix sp. UBA7383	SC1-ENV-MEDIUM-MARINE	Environment_Medium_SD	marine	true
GCA_002470335.1	SAMN06457660	Prochlorococcus sp. UBA7370	SC1-ENV-MEDIUM-MARINE	Environment_Medium_SD	marine	true
GCA_002470695.1	SAMN06456157	Candidatus Neomicrothrix sp. UBA7388	SC1-ENV-MEDIUM-MARINE	Environment_Medium_SD	marine	true
GCA_002470725.1	SAMN06456154	Alteromonas australica	SC1-ENV-MEDIUM-MARINE	Environment_Medium_SD	marine	true
GCA_002470885.1	SAMN06457386	Candidatus Neomicrothrix sp. UBA7352	SC1-ENV-MEDIUM-MARINE	Environment_Medium_SD	marine	true
GCA_002470915.1	SAMN06453282	Candidatus Neomicrothrix sp. UBA7353	SC1-ENV-MEDIUM-MARINE	Environment_Medium_SD	marine	true
GCA_002471325.1	SAMN06454314	Candidatus Endolissoclinum sp. UBA7326	SC1-ENV-MEDIUM-MARINE	Environment_Medium_SD	marine	true
GCA_002471465.1	SAMN06455359	Alteromonas australica	SC1-ENV-MEDIUM-MARINE	Environment_Medium_SD	marine	true
GCA_002471545.1	SAMN06450338	Candidatus Neomicrothrix sp. UBA7316	SC1-ENV-MEDIUM-MARINE	Environment_Medium_SD	marine	true
GCA_002471555.1	SAMN06450337	Desulfovibrio sp. UBA7315	SC1-ENV-MEDIUM-MARINE	Environment_Medium_SD	marine	true
GCA_002471725.1	SAMN06455076	Micavibrio sp. UBA7307	SC1-ENV-MEDIUM-MARINE	Environment_Medium_SD	marine	true
GCA_002471745.1	SAMN06455077	Leeuwenhoekiella blandensis	SC1-ENV-MEDIUM-MARINE	Environment_Medium_SD	marine	true
GCA_002471755.1	SAMN06455078	Limnobacter sp. UBA7305	SC1-ENV-MEDIUM-MARINE	Environment_Medium_SD	marine	true
GCA_002471925.1	SAMN06451812	Alteromonas australica	SC1-ENV-MEDIUM-MARINE	Environment_Medium_SD	marine	true
GCA_002473065.1	SAMN06456509	Limnobacter sp. UBA7229	SC1-ENV-MEDIUM-MARINE	Environment_Medium_SD	marine	true
GCA_002473345.1	SAMN06456508	Spongiibacter tropicus	SC1-ENV-MEDIUM-MARINE	Environment_Medium_SD	marine	true
GCA_002477595.1	SAMN06453930	Roseivirga sp. UBA7431	SC1-ENV-MEDIUM-MARINE	Environment_Medium_SD	marine	true
GCA_002477625.1	SAMN06451375	Candidatus Arcticimaribacter sp. UBA7428	SC1-ENV-MEDIUM-MARINE	Environment_Medium_SD	marine	true
GCA_002478645.1	SAMN06451649	Prochlorococcus sp. UBA7448	SC1-ENV-MEDIUM-MARINE	Environment_Medium_SD	marine	true
GCA_002479915.1	SAMN06454174	Candidatus Neomicrothrix sp. UBA7450	SC1-ENV-MEDIUM-MARINE	Environment_Medium_SD	marine	true
GCA_002480245.1	SAMN06452076	Candidatus Neomicrothrix sp. UBA7817	SC1-ENV-MEDIUM-MARINE	Environment_Medium_SD	marine	true
GCA_002480285.1	SAMN06452078	Roseivirga sp. UBA7815	SC1-ENV-MEDIUM-MARINE	Environment_Medium_SD	marine	true
GCA_002480295.1	SAMN06452079	Oceanicaulis sp. UBA7814	SC1-ENV-MEDIUM-MARINE	Environment_Medium_SD	marine	true
GCA_002480405.1	SAMN06457153	Allomuricauda sp. UBA7809	SC1-ENV-MEDIUM-MARINE	Environment_Medium_SD	marine	true
GCA_002480425.1	SAMN06457152	Roseovarius sp. UBA7808	SC1-ENV-MEDIUM-MARINE	Environment_Medium_SD	marine	true
GCA_002480455.1	SAMN06457161	Marinobacter sp. UBA7807	SC1-ENV-MEDIUM-MARINE	Environment_Medium_SD	marine	true
GCA_002480725.1	SAMN06455197	Candidatus Neomicrothrix sp. UBA7793	SC1-ENV-MEDIUM-MARINE	Environment_Medium_SD	marine	true
GCA_002487385.1	SAMN05426003	Listeria monocytogenes	SC1-ENV-BROAD-ENV-SAMPLE	Environment_Broad_Scale_SD	environmental sample	true
GCA_002487395.1	SAMN07204974	Listeria monocytogenes	SC1-ENV-BROAD-ENV-SAMPLE	Environment_Broad_Scale_SD	environmental sample	true
GCA_002487445.1	SAMN06016491	Listeria monocytogenes	SC1-ENV-BROAD-ENV-SAMPLE	Environment_Broad_Scale_SD	environmental sample	true
GCA_002487455.1	SAMN06016492	Listeria monocytogenes	SC1-ENV-BROAD-ENV-SAMPLE	Environment_Broad_Scale_SD	environmental sample	true
GCA_002487515.1	SAMN05425849	Listeria monocytogenes	SC1-ENV-BROAD-ENV-SAMPLE	Environment_Broad_Scale_SD	environmental sample	true
GCA_002487645.1	SAMN04523268	Listeria monocytogenes	SC1-ENV-BROAD-ENV-SAMPLE	Environment_Broad_Scale_SD	environmental sample	true
GCA_002487665.1	SAMN04523266	Listeria monocytogenes	SC1-ENV-BROAD-ENV-SAMPLE	Environment_Broad_Scale_SD	environmental sample	true
GCA_002487685.1	SAMN04523267	Listeria monocytogenes	SC1-ENV-BROAD-ENV-SAMPLE	Environment_Broad_Scale_SD	environmental sample	true
GCA_002487695.1	SAMN04523265	Listeria monocytogenes	SC1-ENV-BROAD-ENV-SAMPLE	Environment_Broad_Scale_SD	environmental sample	true
GCA_002487725.1	SAMN04523264	Listeria monocytogenes	SC1-ENV-BROAD-ENV-SAMPLE	Environment_Broad_Scale_SD	environmental sample	true
GCA_002487735.1	SAMN04523263	Listeria monocytogenes	SC1-ENV-BROAD-ENV-SAMPLE	Environment_Broad_Scale_SD	environmental sample	true
GCA_002487785.1	SAMN04523260	Listeria monocytogenes	SC1-ENV-BROAD-ENV-SAMPLE	Environment_Broad_Scale_SD	environmental sample	true
GCA_002487795.1	SAMN04523262	Listeria monocytogenes	SC1-ENV-BROAD-ENV-SAMPLE	Environment_Broad_Scale_SD	environmental sample	true
GCA_002487825.1	SAMN04523261	Listeria monocytogenes	SC1-ENV-BROAD-ENV-SAMPLE	Environment_Broad_Scale_SD	environmental sample	true
GCA_002487845.1	SAMN04523259	Listeria monocytogenes	SC1-ENV-BROAD-ENV-SAMPLE	Environment_Broad_Scale_SD	environmental sample	true
GCA_002487895.1	SAMN04437625	Listeria monocytogenes	SC1-ENV-BROAD-ENV-SAMPLE	Environment_Broad_Scale_SD	environmental sample	true
GCA_002487925.1	SAMN04364610	Listeria monocytogenes	SC1-ENV-BROAD-ENV-SAMPLE	Environment_Broad_Scale_SD	environmental sample	true
GCA_002487935.1	SAMN04437624	Listeria monocytogenes	SC1-ENV-BROAD-ENV-SAMPLE	Environment_Broad_Scale_SD	environmental sample	true
GCA_002487945.1	SAMN04338349	Listeria monocytogenes	SC1-ENV-BROAD-ENV-SAMPLE	Environment_Broad_Scale_SD	environmental sample	true
GCA_002487975.1	SAMN04364609	Listeria monocytogenes	SC1-ENV-BROAD-ENV-SAMPLE	Environment_Broad_Scale_SD	environmental sample	true
GCA_002488005.1	SAMN04338348	Listeria monocytogenes	SC1-ENV-BROAD-ENV-SAMPLE	Environment_Broad_Scale_SD	environmental sample	true
GCA_002488015.1	SAMN04364608	Listeria monocytogenes	SC1-ENV-BROAD-ENV-SAMPLE	Environment_Broad_Scale_SD	environmental sample	true
GCA_002488025.1	SAMN04364607	Listeria monocytogenes	SC1-ENV-BROAD-ENV-SAMPLE	Environment_Broad_Scale_SD	environmental sample	true
GCA_002488035.1	SAMN04338347	Listeria monocytogenes	SC1-ENV-BROAD-ENV-SAMPLE	Environment_Broad_Scale_SD	environmental sample	true
GCA_002488085.1	SAMN04338345	Listeria monocytogenes	SC1-ENV-BROAD-ENV-SAMPLE	Environment_Broad_Scale_SD	environmental sample	true
GCA_002488105.1	SAMN04338346	Listeria monocytogenes	SC1-ENV-BROAD-ENV-SAMPLE	Environment_Broad_Scale_SD	environmental sample	true
GCA_002488115.1	SAMN04364606	Listeria monocytogenes	SC1-ENV-BROAD-ENV-SAMPLE	Environment_Broad_Scale_SD	environmental sample	true
GCA_002488125.1	SAMN04364605	Listeria monocytogenes	SC1-ENV-BROAD-ENV-SAMPLE	Environment_Broad_Scale_SD	environmental sample	true
GCA_002488165.1	SAMN04338344	Listeria monocytogenes	SC1-ENV-BROAD-ENV-SAMPLE	Environment_Broad_Scale_SD	environmental sample	true
GCA_002488185.1	SAMN04338343	Listeria monocytogenes	SC1-ENV-BROAD-ENV-SAMPLE	Environment_Broad_Scale_SD	environmental sample	true
GCA_002488195.1	SAMN04364603	Listeria monocytogenes	SC1-ENV-BROAD-ENV-SAMPLE	Environment_Broad_Scale_SD	environmental sample	true
GCA_002488205.1	SAMN04364604	Listeria monocytogenes	SC1-ENV-BROAD-ENV-SAMPLE	Environment_Broad_Scale_SD	environmental sample	true
GCA_002488215.1	SAMN04338342	Listeria monocytogenes	SC1-ENV-BROAD-ENV-SAMPLE	Environment_Broad_Scale_SD	environmental sample	true
GCA_002488345.1	SAMN04338338	Listeria monocytogenes	SC1-ENV-BROAD-ENV-SAMPLE	Environment_Broad_Scale_SD	environmental sample	true
GCA_002488365.1	SAMN04338336	Listeria monocytogenes	SC1-ENV-BROAD-ENV-SAMPLE	Environment_Broad_Scale_SD	environmental sample	true
GCA_002488375.1	SAMN04338334	Listeria monocytogenes	SC1-ENV-BROAD-ENV-SAMPLE	Environment_Broad_Scale_SD	environmental sample	true
GCA_002488395.1	SAMN04338337	Listeria monocytogenes	SC1-ENV-BROAD-ENV-SAMPLE	Environment_Broad_Scale_SD	environmental sample	true
GCA_002488425.1	SAMN04338335	Listeria monocytogenes	SC1-ENV-BROAD-ENV-SAMPLE	Environment_Broad_Scale_SD	environmental sample	true
GCA_002488445.1	SAMN04338333	Listeria monocytogenes	SC1-ENV-BROAD-ENV-SAMPLE	Environment_Broad_Scale_SD	environmental sample	true
GCA_002488465.1	SAMN04338331	Listeria monocytogenes	SC1-ENV-BROAD-ENV-SAMPLE	Environment_Broad_Scale_SD	environmental sample	true
GCA_002488485.1	SAMN04338332	Listeria monocytogenes	SC1-ENV-BROAD-ENV-SAMPLE	Environment_Broad_Scale_SD	environmental sample	true
GCA_002488505.1	SAMN04338341	Listeria monocytogenes	SC1-ENV-BROAD-ENV-SAMPLE	Environment_Broad_Scale_SD	environmental sample	true
GCA_002488525.1	SAMN04338330	Listeria monocytogenes	SC1-ENV-BROAD-ENV-SAMPLE	Environment_Broad_Scale_SD	environmental sample	true
GCA_002488535.1	SAMN04338340	Listeria monocytogenes	SC1-ENV-BROAD-ENV-SAMPLE	Environment_Broad_Scale_SD	environmental sample	true
GCA_002488545.1	SAMN04338329	Listeria monocytogenes	SC1-ENV-BROAD-ENV-SAMPLE	Environment_Broad_Scale_SD	environmental sample	true
GCA_002488585.1	SAMN04338328	Listeria monocytogenes	SC1-ENV-BROAD-ENV-SAMPLE	Environment_Broad_Scale_SD	environmental sample	true
GCA_002488605.1	SAMN04148337	Listeria monocytogenes	SC1-ENV-BROAD-ENV-SAMPLE	Environment_Broad_Scale_SD	environmental sample	true
GCA_002488625.1	SAMN04338327	Listeria monocytogenes	SC1-ENV-BROAD-ENV-SAMPLE	Environment_Broad_Scale_SD	environmental sample	true
GCA_002488645.1	SAMN04338339	Listeria monocytogenes	SC1-ENV-BROAD-ENV-SAMPLE	Environment_Broad_Scale_SD	environmental sample	true
GCA_002488655.1	SAMN04148336	Listeria monocytogenes	SC1-ENV-BROAD-ENV-SAMPLE	Environment_Broad_Scale_SD	environmental sample	true
GCA_002488665.1	SAMN03943544	Listeria monocytogenes	SC1-ENV-BROAD-ENV-SAMPLE	Environment_Broad_Scale_SD	environmental sample	true
GCA_002488705.1	SAMN03943543	Listeria monocytogenes	SC1-ENV-BROAD-ENV-SAMPLE	Environment_Broad_Scale_SD	environmental sample	true
GCA_002488725.1	SAMN03863785	Listeria monocytogenes	SC1-ENV-BROAD-ENV-SAMPLE	Environment_Broad_Scale_SD	environmental sample	true
GCA_002488735.1	SAMN03943542	Listeria monocytogenes	SC1-ENV-BROAD-ENV-SAMPLE	Environment_Broad_Scale_SD	environmental sample	true
GCA_002488805.1	SAMN03863784	Listeria monocytogenes	SC1-ENV-BROAD-ENV-SAMPLE	Environment_Broad_Scale_SD	environmental sample	true
GCA_002488815.1	SAMN03462193	Listeria monocytogenes	SC1-ENV-BROAD-ENV-SAMPLE	Environment_Broad_Scale_SD	environmental sample	true
GCA_002488845.1	SAMN03462192	Listeria monocytogenes	SC1-ENV-BROAD-ENV-SAMPLE	Environment_Broad_Scale_SD	environmental sample	true
GCA_002488855.1	SAMN03863783	Listeria monocytogenes	SC1-ENV-BROAD-ENV-SAMPLE	Environment_Broad_Scale_SD	environmental sample	true
GCA_002488885.1	SAMN03462191	Listeria monocytogenes	SC1-ENV-BROAD-ENV-SAMPLE	Environment_Broad_Scale_SD	environmental sample	true
GCA_002488895.1	SAMN03462190	Listeria monocytogenes	SC1-ENV-BROAD-ENV-SAMPLE	Environment_Broad_Scale_SD	environmental sample	true
GCA_002488925.1	SAMN03462189	Listeria monocytogenes	SC1-ENV-BROAD-ENV-SAMPLE	Environment_Broad_Scale_SD	environmental sample	true
GCA_002488945.1	SAMN03462188	Listeria monocytogenes	SC1-ENV-BROAD-ENV-SAMPLE	Environment_Broad_Scale_SD	environmental sample	true
GCA_002488965.1	SAMN03462187	Listeria monocytogenes	SC1-ENV-BROAD-ENV-SAMPLE	Environment_Broad_Scale_SD	environmental sample	true
GCA_002488975.1	SAMN03462186	Listeria monocytogenes	SC1-ENV-BROAD-ENV-SAMPLE	Environment_Broad_Scale_SD	environmental sample	true
GCA_002489005.1	SAMN03462185	Listeria welshimeri	SC1-ENV-BROAD-ENV-SAMPLE	Environment_Broad_Scale_SD	environmental sample	true
GCA_002489025.1	SAMN03462184	Listeria monocytogenes	SC1-ENV-BROAD-ENV-SAMPLE	Environment_Broad_Scale_SD	environmental sample	true
GCA_002489035.1	SAMN03462183	Listeria monocytogenes	SC1-ENV-BROAD-ENV-SAMPLE	Environment_Broad_Scale_SD	environmental sample	true
GCA_002489065.1	SAMN03462182	Listeria monocytogenes	SC1-ENV-BROAD-ENV-SAMPLE	Environment_Broad_Scale_SD	environmental sample	true
GCA_002489075.1	SAMN03462179	Listeria monocytogenes	SC1-ENV-BROAD-ENV-SAMPLE	Environment_Broad_Scale_SD	environmental sample	true
GCA_002489105.1	SAMN03462181	Listeria monocytogenes	SC1-ENV-BROAD-ENV-SAMPLE	Environment_Broad_Scale_SD	environmental sample	true
GCA_002489115.1	SAMN03462180	Listeria monocytogenes	SC1-ENV-BROAD-ENV-SAMPLE	Environment_Broad_Scale_SD	environmental sample	true
GCA_002489145.1	SAMN03462177	Listeria monocytogenes	SC1-ENV-BROAD-ENV-SAMPLE	Environment_Broad_Scale_SD	environmental sample	true
GCA_002489165.1	SAMN03462178	Listeria monocytogenes	SC1-ENV-BROAD-ENV-SAMPLE	Environment_Broad_Scale_SD	environmental sample	true
GCA_002489185.1	SAMN03462176	Listeria monocytogenes	SC1-ENV-BROAD-ENV-SAMPLE	Environment_Broad_Scale_SD	environmental sample	true
GCA_002489195.1	SAMN03462175	Listeria monocytogenes	SC1-ENV-BROAD-ENV-SAMPLE	Environment_Broad_Scale_SD	environmental sample	true
GCA_002489225.1	SAMN03462172	Listeria monocytogenes	SC1-ENV-BROAD-ENV-SAMPLE	Environment_Broad_Scale_SD	environmental sample	true
GCA_002489235.1	SAMN03462174	Listeria monocytogenes	SC1-ENV-BROAD-ENV-SAMPLE	Environment_Broad_Scale_SD	environmental sample	true
GCA_002489265.1	SAMN03462171	Listeria monocytogenes	SC1-ENV-BROAD-ENV-SAMPLE	Environment_Broad_Scale_SD	environmental sample	true
GCA_002489275.1	SAMN03462173	Listeria monocytogenes	SC1-ENV-BROAD-ENV-SAMPLE	Environment_Broad_Scale_SD	environmental sample	true
GCA_002489305.1	SAMN03462169	Listeria monocytogenes	SC1-ENV-BROAD-ENV-SAMPLE	Environment_Broad_Scale_SD	environmental sample	true
GCA_002489315.1	SAMN03462170	Listeria monocytogenes	SC1-ENV-BROAD-ENV-SAMPLE	Environment_Broad_Scale_SD	environmental sample	true
GCA_002489325.1	SAMN03462167	Listeria monocytogenes	SC1-ENV-BROAD-ENV-SAMPLE	Environment_Broad_Scale_SD	environmental sample	true
GCA_002489335.1	SAMN03462168	Listeria monocytogenes	SC1-ENV-BROAD-ENV-SAMPLE	Environment_Broad_Scale_SD	environmental sample	true
GCA_002489405.1	SAMN03462165	Listeria monocytogenes	SC1-ENV-BROAD-ENV-SAMPLE	Environment_Broad_Scale_SD	environmental sample	true
GCA_002489425.1	SAMN03462166	Listeria monocytogenes	SC1-ENV-BROAD-ENV-SAMPLE	Environment_Broad_Scale_SD	environmental sample	true
GCA_002489465.1	SAMN03464912	Listeria monocytogenes	SC1-ENV-BROAD-ENV-SAMPLE	Environment_Broad_Scale_SD	environmental sample	true
GCA_002489475.1	SAMN03462160	Listeria monocytogenes	SC1-ENV-BROAD-ENV-SAMPLE	Environment_Broad_Scale_SD	environmental sample	true
GCA_002489505.1	SAMN03462159	Listeria monocytogenes	SC1-ENV-BROAD-ENV-SAMPLE	Environment_Broad_Scale_SD	environmental sample	true
GCA_002489515.1	SAMN03462156	Listeria monocytogenes	SC1-ENV-BROAD-ENV-SAMPLE	Environment_Broad_Scale_SD	environmental sample	true
GCA_002489545.1	SAMN03462158	Listeria monocytogenes	SC1-ENV-BROAD-ENV-SAMPLE	Environment_Broad_Scale_SD	environmental sample	true
GCA_002489565.1	SAMN03462157	Listeria monocytogenes	SC1-ENV-BROAD-ENV-SAMPLE	Environment_Broad_Scale_SD	environmental sample	true
GCA_002489575.1	SAMN03462155	Listeria monocytogenes	SC1-ENV-BROAD-ENV-SAMPLE	Environment_Broad_Scale_SD	environmental sample	true
GCA_002489585.1	SAMN03462154	Listeria monocytogenes	SC1-ENV-BROAD-ENV-SAMPLE	Environment_Broad_Scale_SD	environmental sample	true
GCA_002489625.1	SAMN03462153	Listeria monocytogenes	SC1-ENV-BROAD-ENV-SAMPLE	Environment_Broad_Scale_SD	environmental sample	true
GCA_002489675.1	SAMN03464913	Listeria monocytogenes	SC1-ENV-BROAD-ENV-SAMPLE	Environment_Broad_Scale_SD	environmental sample	true
GCA_002489725.1	SAMN03462199	Listeria monocytogenes	SC1-ENV-BROAD-ENV-SAMPLE	Environment_Broad_Scale_SD	environmental sample	true
GCA_002489735.1	SAMN03462198	Listeria monocytogenes	SC1-ENV-BROAD-ENV-SAMPLE	Environment_Broad_Scale_SD	environmental sample	true
GCA_002489765.1	SAMN03462200	Listeria monocytogenes	SC1-ENV-BROAD-ENV-SAMPLE	Environment_Broad_Scale_SD	environmental sample	true
GCA_002489775.1	SAMN03462201	Listeria monocytogenes	SC1-ENV-BROAD-ENV-SAMPLE	Environment_Broad_Scale_SD	environmental sample	true
GCA_002489805.1	SAMN03462197	Listeria monocytogenes	SC1-ENV-BROAD-ENV-SAMPLE	Environment_Broad_Scale_SD	environmental sample	true
GCA_002489825.1	SAMN03462196	Listeria monocytogenes	SC1-ENV-BROAD-ENV-SAMPLE	Environment_Broad_Scale_SD	environmental sample	true
GCA_002489845.1	SAMN03462195	Listeria monocytogenes	SC1-ENV-BROAD-ENV-SAMPLE	Environment_Broad_Scale_SD	environmental sample	true
GCA_002489855.1	SAMN03462194	Listeria monocytogenes	SC1-ENV-BROAD-ENV-SAMPLE	Environment_Broad_Scale_SD	environmental sample	true
GCA_002489885.1	SAMN03462212	Listeria monocytogenes	SC1-ENV-BROAD-ENV-SAMPLE	Environment_Broad_Scale_SD	environmental sample	true
GCA_002489905.1	SAMN03462214	Listeria monocytogenes	SC1-ENV-BROAD-ENV-SAMPLE	Environment_Broad_Scale_SD	environmental sample	true
GCA_002489915.1	SAMN03462210	Listeria monocytogenes	SC1-ENV-BROAD-ENV-SAMPLE	Environment_Broad_Scale_SD	environmental sample	true
GCA_002489945.1	SAMN03462211	Listeria monocytogenes	SC1-ENV-BROAD-ENV-SAMPLE	Environment_Broad_Scale_SD	environmental sample	true
GCA_002489955.1	SAMN03462209	Listeria monocytogenes	SC1-ENV-BROAD-ENV-SAMPLE	Environment_Broad_Scale_SD	environmental sample	true
GCA_002489985.1	SAMN03462208	Listeria monocytogenes	SC1-ENV-BROAD-ENV-SAMPLE	Environment_Broad_Scale_SD	environmental sample	true
GCA_002490005.1	SAMN03462205	Listeria monocytogenes	SC1-ENV-BROAD-ENV-SAMPLE	Environment_Broad_Scale_SD	environmental sample	true
GCA_002490015.1	SAMN03462207	Listeria monocytogenes	SC1-ENV-BROAD-ENV-SAMPLE	Environment_Broad_Scale_SD	environmental sample	true
GCA_002490045.1	SAMN03462206	Listeria monocytogenes	SC1-ENV-BROAD-ENV-SAMPLE	Environment_Broad_Scale_SD	environmental sample	true
GCA_002490055.1	SAMN03462213	Listeria monocytogenes	SC1-ENV-BROAD-ENV-SAMPLE	Environment_Broad_Scale_SD	environmental sample	true
GCA_002500025.1	SAMN06455361	Candidatus Neomicrothrix sp. UBA7895	SC1-ENV-MEDIUM-MARINE	Environment_Medium_SD	marine	true
GCA_002500205.1	SAMN06451535	Prochlorococcus sp. UBA7854	SC1-ENV-MEDIUM-MARINE	Environment_Medium_SD	marine	true
GCA_002500365.1	SAMN06457389	Candidatus Neomicrothrix sp. UBA7829	SC1-ENV-MEDIUM-MARINE	Environment_Medium_SD	marine	true
GCA_002500385.1	SAMN06457388	Candidatus Neomicrothrix sp. UBA7828	SC1-ENV-MEDIUM-MARINE	Environment_Medium_SD	marine	true
GCA_002500535.1	SAMN06456421	Candidatus Neomicrothrix sp. UBA7903	SC1-ENV-MEDIUM-MARINE	Environment_Medium_SD	marine	true
GCA_002500585.1	SAMN06450624	Candidatus Neomicrothrix sp. UBA7886	SC1-ENV-MEDIUM-MARINE	Environment_Medium_SD	marine	true
GCA_002500615.1	SAMN06451837	Alteromonas macleodii	SC1-ENV-MEDIUM-MARINE	Environment_Medium_SD	marine	true
GCA_002501135.1	SAMN06450622	Candidatus Neomicrothrix sp. UBA7884	SC1-ENV-MEDIUM-MARINE	Environment_Medium_SD	marine	true
GCA_002501185.1	SAMN06450619	Candidatus Neomicrothrix sp. UBA7881	SC1-ENV-MEDIUM-MARINE	Environment_Medium_SD	marine	true
GCA_002501245.1	SAMN06451836	Alteromonas australica	SC1-ENV-MEDIUM-MARINE	Environment_Medium_SD	marine	true
GCA_002504185.1	SAMN07680340	Vibrio parahaemolyticus	SC1-ENV-BROAD-ENV-SAMPLE	Environment_Broad_Scale_SD	environmental sample	true
GCA_002523085.1	SAMN04543109	Listeria monocytogenes	SC1-ENV-BROAD-ENV-SAMPLE	Environment_Broad_Scale_SD	environmental sample	true
GCA_002523305.1	SAMN04599881	Listeria monocytogenes	SC1-ENV-BROAD-ENV-SAMPLE	Environment_Broad_Scale_SD	environmental sample	true
GCA_002523505.1	SAMN04417875	Listeria monocytogenes	SC1-ENV-BROAD-ENV-SAMPLE	Environment_Broad_Scale_SD	environmental sample	true
GCA_002523515.1	SAMN04417876	Listeria monocytogenes	SC1-ENV-BROAD-ENV-SAMPLE	Environment_Broad_Scale_SD	environmental sample	true
GCA_002523545.1	SAMN04417878	Listeria monocytogenes	SC1-ENV-BROAD-ENV-SAMPLE	Environment_Broad_Scale_SD	environmental sample	true
GCA_002523555.1	SAMN04417879	Listeria monocytogenes	SC1-ENV-BROAD-ENV-SAMPLE	Environment_Broad_Scale_SD	environmental sample	true
GCA_002523585.1	SAMN04417880	Listeria monocytogenes	SC1-ENV-BROAD-ENV-SAMPLE	Environment_Broad_Scale_SD	environmental sample	true
GCA_002523605.1	SAMN04417874	Listeria monocytogenes	SC1-ENV-BROAD-ENV-SAMPLE	Environment_Broad_Scale_SD	environmental sample	true
GCA_002523625.1	SAMN04417881	Listeria monocytogenes	SC1-ENV-BROAD-ENV-SAMPLE	Environment_Broad_Scale_SD	environmental sample	true
GCA_002523665.1	SAMN04417882	Listeria monocytogenes	SC1-ENV-BROAD-ENV-SAMPLE	Environment_Broad_Scale_SD	environmental sample	true
GCA_002523905.1	SAMN04417904	Listeria monocytogenes	SC1-ENV-BROAD-ENV-SAMPLE	Environment_Broad_Scale_SD	environmental sample	true
GCA_002523945.1	SAMN04417912	Listeria monocytogenes	SC1-ENV-BROAD-ENV-SAMPLE	Environment_Broad_Scale_SD	environmental sample	true
GCA_002523985.1	SAMN04417914	Listeria monocytogenes	SC1-ENV-BROAD-ENV-SAMPLE	Environment_Broad_Scale_SD	environmental sample	true
GCA_002524035.1	SAMN04417917	Listeria monocytogenes	SC1-ENV-BROAD-ENV-SAMPLE	Environment_Broad_Scale_SD	environmental sample	true
GCA_002524065.1	SAMN04417920	Listeria monocytogenes	SC1-ENV-BROAD-ENV-SAMPLE	Environment_Broad_Scale_SD	environmental sample	true
GCA_002524105.1	SAMN04417923	Listeria monocytogenes	SC1-ENV-BROAD-ENV-SAMPLE	Environment_Broad_Scale_SD	environmental sample	true
GCA_002524115.1	SAMN04417922	Listeria monocytogenes	SC1-ENV-BROAD-ENV-SAMPLE	Environment_Broad_Scale_SD	environmental sample	true
GCA_002524165.1	SAMN04417925	Listeria monocytogenes	SC1-ENV-BROAD-ENV-SAMPLE	Environment_Broad_Scale_SD	environmental sample	true
GCA_002524185.1	SAMN04417926	Listeria monocytogenes	SC1-ENV-BROAD-ENV-SAMPLE	Environment_Broad_Scale_SD	environmental sample	true
GCA_002524215.1	SAMN04417927	Listeria monocytogenes	SC1-ENV-BROAD-ENV-SAMPLE	Environment_Broad_Scale_SD	environmental sample	true
GCA_002524265.1	SAMN04417930	Listeria monocytogenes	SC1-ENV-BROAD-ENV-SAMPLE	Environment_Broad_Scale_SD	environmental sample	true
GCA_002524285.1	SAMN04417931	Listeria monocytogenes	SC1-ENV-BROAD-ENV-SAMPLE	Environment_Broad_Scale_SD	environmental sample	true
GCA_002524885.1	SAMN04417961	Listeria monocytogenes	SC1-ENV-BROAD-ENV-SAMPLE	Environment_Broad_Scale_SD	environmental sample	true
GCA_002525995.1	SAMN04600056	Listeria monocytogenes	SC1-ENV-BROAD-ENV-SAMPLE	Environment_Broad_Scale_SD	environmental sample	true
GCA_002526055.1	SAMN04600047	Listeria monocytogenes	SC1-ENV-BROAD-ENV-SAMPLE	Environment_Broad_Scale_SD	environmental sample	true
GCA_002526375.1	SAMN04600005	Listeria monocytogenes	SC1-ENV-BROAD-ENV-SAMPLE	Environment_Broad_Scale_SD	environmental sample	true
GCA_002526555.1	SAMN04599997	Listeria monocytogenes	SC1-ENV-BROAD-ENV-SAMPLE	Environment_Broad_Scale_SD	environmental sample	true
GCA_002527015.1	SAMN04599973	Listeria monocytogenes	SC1-ENV-BROAD-ENV-SAMPLE	Environment_Broad_Scale_SD	environmental sample	true
GCA_002527315.1	SAMN04599957	Listeria monocytogenes	SC1-ENV-BROAD-ENV-SAMPLE	Environment_Broad_Scale_SD	environmental sample	true
GCA_002527335.1	SAMN04599956	Listeria monocytogenes	SC1-ENV-BROAD-ENV-SAMPLE	Environment_Broad_Scale_SD	environmental sample	true
GCA_002527395.1	SAMN04599953	Listeria monocytogenes	SC1-ENV-BROAD-ENV-SAMPLE	Environment_Broad_Scale_SD	environmental sample	true
GCA_002528065.1	SAMN04599919	Listeria monocytogenes	SC1-ENV-BROAD-ENV-SAMPLE	Environment_Broad_Scale_SD	environmental sample	true
GCA_002528425.1	SAMN04599900	Listeria monocytogenes	SC1-ENV-BROAD-ENV-SAMPLE	Environment_Broad_Scale_SD	environmental sample	true
GCA_002528515.1	SAMN04599896	Listeria monocytogenes	SC1-ENV-BROAD-ENV-SAMPLE	Environment_Broad_Scale_SD	environmental sample	true
GCA_002528705.1	SAMN04599887	Listeria monocytogenes	SC1-ENV-BROAD-ENV-SAMPLE	Environment_Broad_Scale_SD	environmental sample	true
GCA_002529605.1	SAMN04530878	Listeria monocytogenes	SC1-ENV-BROAD-ENV-SAMPLE	Environment_Broad_Scale_SD	environmental sample	true
GCA_002529805.1	SAMN04530886	Listeria monocytogenes	SC1-ENV-BROAD-ENV-SAMPLE	Environment_Broad_Scale_SD	environmental sample	true
GCA_002529825.1	SAMN04543070	Listeria monocytogenes	SC1-ENV-BROAD-ENV-SAMPLE	Environment_Broad_Scale_SD	environmental sample	true
GCA_002530025.1	SAMN04530887	Listeria monocytogenes	SC1-ENV-BROAD-ENV-SAMPLE	Environment_Broad_Scale_SD	environmental sample	true
GCA_002530065.1	SAMN04530883	Listeria monocytogenes	SC1-ENV-BROAD-ENV-SAMPLE	Environment_Broad_Scale_SD	environmental sample	true
GCA_002554435.1	SAMN07312463	Burkholderia ambifaria	SC1-ENV-BROAD-ENV-SAMPLE	Environment_Broad_Scale_SD	environmental sample	true
GCA_002573675.1	SAMN07663079	Micromonospora sp. WMMA1996	SC1-ENV-MEDIUM-MARINE	Environment_Medium_SD	marine	true
GCA_002573795.1	SAMN07236641	Acinetobacter baumannii	SC1-ENV-BROAD-ENV-SAMPLE	Environment_Broad_Scale_SD	environmental sample	true
GCA_002573805.1	SAMN07236635	Acinetobacter baumannii	SC1-ENV-BROAD-ENV-SAMPLE	Environment_Broad_Scale_SD	environmental sample	true
GCA_002573815.1	SAMN07236642	Acinetobacter baumannii	SC1-ENV-BROAD-ENV-SAMPLE	Environment_Broad_Scale_SD	environmental sample	true
GCA_002573825.1	SAMN07236643	Acinetobacter baumannii	SC1-ENV-BROAD-ENV-SAMPLE	Environment_Broad_Scale_SD	environmental sample	true
GCA_002573915.1	SAMN07236633	Acinetobacter baumannii	SC1-ENV-BROAD-ENV-SAMPLE	Environment_Broad_Scale_SD	environmental sample	true
GCA_002588555.1	SAMN07312469	Burkholderia thailandensis	SC1-ENV-BROAD-ENV-SAMPLE	Environment_Broad_Scale_SD	environmental sample	true
GCA_002591255.1	SAMN07312464	Brucella canis	SC1-ENV-BROAD-ENV-SAMPLE	Environment_Broad_Scale_SD	environmental sample	true
GCA_002591605.1	SAMN07619420	Fidelibacterota bacterium	SC1-ENV-MEDIUM-MARINE	Environment_Medium_SD	marine	true
GCA_002591625.1	SAMN07619787	Porticoccaceae bacterium	SC1-ENV-MEDIUM-MARINE	Environment_Medium_SD	marine	true
GCA_002591655.1	SAMN07620327	Gammaproteobacteria bacterium	SC1-ENV-MEDIUM-MARINE	Environment_Medium_SD	marine	true
GCA_002591705.1	SAMN07619685	Phycisphaerae bacterium	SC1-ENV-MEDIUM-MARINE	Environment_Medium_SD	marine	true
GCA_002591725.1	SAMN07229707	Candidatus Didemnitutus mandela	SC1-ENV-MEDIUM-MARINE	Environment_Medium_SD	marine	true
GCA_002631865.1	SAMN06627639	Salmonella enterica subsp. enterica serovar Paratyphi B	SC1-ENV-BROAD-ENV-SAMPLE	Environment_Broad_Scale_SD	environmental sample	true
GCA_002633765.1	SAMN03763930	Staphylococcus aureus	SC1-ENV-BROAD-ENV-SAMPLE	Environment_Broad_Scale_SD	environmental sample	true
GCA_002633785.1	SAMN03763942	Staphylococcus aureus	SC1-ENV-BROAD-ENV-SAMPLE	Environment_Broad_Scale_SD	environmental sample	true
GCA_002633825.1	SAMN03763946	Staphylococcus aureus	SC1-ENV-BROAD-ENV-SAMPLE	Environment_Broad_Scale_SD	environmental sample	true
GCA_002633865.1	SAMN03763989	Staphylococcus aureus	SC1-ENV-BROAD-ENV-SAMPLE	Environment_Broad_Scale_SD	environmental sample	true
GCA_002682935.1	SAMN07618949	Flavobacteriaceae bacterium	SC1-ENV-MEDIUM-MARINE	Environment_Medium_SD	marine	true
GCA_002682945.1	SAMN07618601	Cryomorphaceae bacterium	SC1-ENV-MEDIUM-MARINE	Environment_Medium_SD	marine	true
GCA_002682975.1	SAMN07619896	Paracoccaceae bacterium	SC1-ENV-MEDIUM-MARINE	Environment_Medium_SD	marine	true
GCA_002683015.1	SAMN07619918	Rhodobiaceae bacterium	SC1-ENV-MEDIUM-MARINE	Environment_Medium_SD	marine	true
GCA_002683025.1	SAMN07618284	Alcanivorax sp.	SC1-ENV-MEDIUM-MARINE	Environment_Medium_SD	marine	true
GCA_002683055.1	SAMN07618339	Alteromonas sp.	SC1-ENV-MEDIUM-MARINE	Environment_Medium_SD	marine	true
GCA_002683075.1	SAMN07618241	Actinomycetota bacterium	SC1-ENV-MEDIUM-MARINE	Environment_Medium_SD	marine	true
GCA_002683085.1	SAMN07618240	Actinomycetota bacterium	SC1-ENV-MEDIUM-MARINE	Environment_Medium_SD	marine	true
GCA_002683115.1	SAMN07620402	Gammaproteobacteria bacterium	SC1-ENV-MEDIUM-MARINE	Environment_Medium_SD	marine	true
GCA_002683135.1	SAMN07619734	Planctomycetota bacterium	SC1-ENV-MEDIUM-MARINE	Environment_Medium_SD	marine	true
GCA_002683145.1	SAMN07619503	Myxococcales bacterium	SC1-ENV-MEDIUM-MARINE	Environment_Medium_SD	marine	true
GCA_002683195.1	SAMN07619667	Phycisphaerae bacterium	SC1-ENV-MEDIUM-MARINE	Environment_Medium_SD	marine	true
GCA_002683215.1	SAMN07619698	Planctomycetaceae bacterium	SC1-ENV-MEDIUM-MARINE	Environment_Medium_SD	marine	true
GCA_002683235.1	SAMN07619253	Idiomarina sp.	SC1-ENV-MEDIUM-MARINE	Environment_Medium_SD	marine	true
GCA_002683255.1	SAMN07619537	Oceanicaulis sp.	SC1-ENV-MEDIUM-MARINE	Environment_Medium_SD	marine	true
GCA_002683275.1	SAMN07619668	Phycisphaerae bacterium	SC1-ENV-MEDIUM-MARINE	Environment_Medium_SD	marine	true
GCA_002683295.1	SAMN07619823	Pseudomonadales bacterium	SC1-ENV-MEDIUM-MARINE	Environment_Medium_SD	marine	true
GCA_002683315.1	SAMN07618661	Deltaproteobacteria bacterium	SC1-ENV-MEDIUM-MARINE	Environment_Medium_SD	marine	true
GCA_002683335.1	SAMN07619191	Halieaceae bacterium	SC1-ENV-MEDIUM-MARINE	Environment_Medium_SD	marine	true
GCA_002683345.1	SAMN07619043	Flavobacteriales bacterium	SC1-ENV-MEDIUM-MARINE	Environment_Medium_SD	marine	true
GCA_002683355.1	SAMN07619878	Paracoccaceae bacterium	SC1-ENV-MEDIUM-MARINE	Environment_Medium_SD	marine	true
GCA_002683395.1	SAMN07619190	Halieaceae bacterium	SC1-ENV-MEDIUM-MARINE	Environment_Medium_SD	marine	true
GCA_002683405.1	SAMN07620072	Salinisphaeraceae bacterium	SC1-ENV-MEDIUM-MARINE	Environment_Medium_SD	marine	true
GCA_002683435.1	SAMN07619424	Marinobacter sp.	SC1-ENV-MEDIUM-MARINE	Environment_Medium_SD	marine	true
GCA_002683455.1	SAMN07618326	Alteromonadaceae bacterium	SC1-ENV-MEDIUM-MARINE	Environment_Medium_SD	marine	true
GCA_002683475.1	SAMN07619183	Haliea sp.	SC1-ENV-MEDIUM-MARINE	Environment_Medium_SD	marine	true
GCA_002683495.1	SAMN07618269	Aequorivita sp.	SC1-ENV-MEDIUM-MARINE	Environment_Medium_SD	marine	true
GCA_002683515.1	SAMN07619917	Rhodobiaceae bacterium	SC1-ENV-MEDIUM-MARINE	Environment_Medium_SD	marine	true
GCA_002683535.1	SAMN07620083	SAR116 cluster bacterium	SC1-ENV-MEDIUM-MARINE	Environment_Medium_SD	marine	true
GCA_002683555.1	SAMN07618270	Aequorivita sp.	SC1-ENV-MEDIUM-MARINE	Environment_Medium_SD	marine	true
GCA_002683575.1	SAMN07618424	Bermanella sp.	SC1-ENV-MEDIUM-MARINE	Environment_Medium_SD	marine	true
GCA_002683585.1	SAMN07618600	Cryomorphaceae bacterium	SC1-ENV-MEDIUM-MARINE	Environment_Medium_SD	marine	true
GCA_002683615.1	SAMN07619241	Hyphomonas sp.	SC1-ENV-MEDIUM-MARINE	Environment_Medium_SD	marine	true
GCA_002683625.1	SAMN07619815	Pseudomonadaceae bacterium	SC1-ENV-MEDIUM-MARINE	Environment_Medium_SD	marine	true
GCA_002683655.1	SAMN07618660	Deltaproteobacteria bacterium	SC1-ENV-MEDIUM-MARINE	Environment_Medium_SD	marine	true
GCA_002683675.1	SAMN07619865	Rheinheimera sp.	SC1-ENV-MEDIUM-MARINE	Environment_Medium_SD	marine	true
GCA_002683685.1	SAMN07619895	Paracoccaceae bacterium	SC1-ENV-MEDIUM-MARINE	Environment_Medium_SD	marine	true
GCA_002683715.1	SAMN07619477	Microbacterium sp.	SC1-ENV-MEDIUM-MARINE	Environment_Medium_SD	marine	true
GCA_002683735.1	SAMN07619041	Flavobacteriales bacterium	SC1-ENV-MEDIUM-MARINE	Environment_Medium_SD	marine	true
GCA_002683755.1	SAMN07620118	Sphingorhabdus sp.	SC1-ENV-MEDIUM-MARINE	Environment_Medium_SD	marine	true
GCA_002683775.1	SAMN07619042	Flavobacteriales bacterium	SC1-ENV-MEDIUM-MARINE	Environment_Medium_SD	marine	true
GCA_002683785.1	SAMN07618659	Deltaproteobacteria bacterium	SC1-ENV-MEDIUM-MARINE	Environment_Medium_SD	marine	true
GCA_002683815.1	SAMN07620191	Verrucomicrobiales bacterium	SC1-ENV-MEDIUM-MARINE	Environment_Medium_SD	marine	true
GCA_002683825.1	SAMN07619733	Planctomycetota bacterium	SC1-ENV-MEDIUM-MARINE	Environment_Medium_SD	marine	true
GCA_002683835.1	SAMN07619442	Marinovum sp.	SC1-ENV-MEDIUM-MARINE	Environment_Medium_SD	marine	true
GCA_002683855.1	SAMN07620082	SAR116 cluster bacterium	SC1-ENV-MEDIUM-MARINE	Environment_Medium_SD	marine	true
GCA_002683895.1	SAMN07620111	Sphingomonadaceae bacterium	SC1-ENV-MEDIUM-MARINE	Environment_Medium_SD	marine	true
GCA_002683915.1	SAMN07619423	Marinobacter sp.	SC1-ENV-MEDIUM-MARINE	Environment_Medium_SD	marine	true
GCA_002683935.1	SAMN07618693	Erythrobacter sp.	SC1-ENV-MEDIUM-MARINE	Environment_Medium_SD	marine	true
GCA_002683955.1	SAMN07619533	Oceanicaulis sp.	SC1-ENV-MEDIUM-MARINE	Environment_Medium_SD	marine	true
GCA_002683975.1	SAMN07619822	Pseudomonadales bacterium	SC1-ENV-MEDIUM-MARINE	Environment_Medium_SD	marine	true
GCA_002683995.1	SAMN07620190	Verrucomicrobiales bacterium	SC1-ENV-MEDIUM-MARINE	Environment_Medium_SD	marine	true
GCA_002684005.1	SAMN07618409	Balneola sp.	SC1-ENV-MEDIUM-MARINE	Environment_Medium_SD	marine	true
GCA_002684035.1	SAMN07619894	Paracoccaceae bacterium	SC1-ENV-MEDIUM-MARINE	Environment_Medium_SD	marine	true
GCA_002684055.1	SAMN07620401	Gammaproteobacteria bacterium	SC1-ENV-MEDIUM-MARINE	Environment_Medium_SD	marine	true
GCA_002684075.1	SAMN07620146	Thalassospira sp.	SC1-ENV-MEDIUM-MARINE	Environment_Medium_SD	marine	true
GCA_002684095.1	SAMN07619182	Haliea sp.	SC1-ENV-MEDIUM-MARINE	Environment_Medium_SD	marine	true
GCA_002684115.1	SAMN07619811	Pseudoalteromonas sp.	SC1-ENV-MEDIUM-MARINE	Environment_Medium_SD	marine	true
GCA_002684135.1	SAMN07620051	Roseobacter sp.	SC1-ENV-MEDIUM-MARINE	Environment_Medium_SD	marine	true
GCA_002684155.1	SAMN07619821	Pseudomonadales bacterium	SC1-ENV-MEDIUM-MARINE	Environment_Medium_SD	marine	true
GCA_002684175.1	SAMN07620137	Synechococcus sp. CPC35	SC1-ENV-MEDIUM-MARINE	Environment_Medium_SD	marine	true
GCA_002684195.1	SAMN07619240	Hyphomonas sp.	SC1-ENV-MEDIUM-MARINE	Environment_Medium_SD	marine	true
GCA_002684215.1	SAMN07620130	Stappia sp.	SC1-ENV-MEDIUM-MARINE	Environment_Medium_SD	marine	true
GCA_002684235.1	SAMN07618338	Alteromonas sp.	SC1-ENV-MEDIUM-MARINE	Environment_Medium_SD	marine	true
GCA_002684255.1	SAMN07618325	Alteromonadaceae bacterium	SC1-ENV-MEDIUM-MARINE	Environment_Medium_SD	marine	true
GCA_002684275.1	SAMN07618407	Bacteroidota bacterium	SC1-ENV-MEDIUM-MARINE	Environment_Medium_SD	marine	true
GCA_002684295.1	SAMN07619252	Idiomarina sp.	SC1-ENV-MEDIUM-MARINE	Environment_Medium_SD	marine	true
GCA_002684315.1	SAMN07619697	Planctomycetaceae bacterium	SC1-ENV-MEDIUM-MARINE	Environment_Medium_SD	marine	true
GCA_002684335.1	SAMN07618433	Candidatus Puniceispirillum sp.	SC1-ENV-MEDIUM-MARINE	Environment_Medium_SD	marine	true
GCA_002684355.1	SAMN07620322	Formosa sp.	SC1-ENV-MEDIUM-MARINE	Environment_Medium_SD	marine	true
GCA_002684375.1	SAMN07619441	Marinovum sp.	SC1-ENV-MEDIUM-MARINE	Environment_Medium_SD	marine	true
GCA_002684395.1	SAMN07618948	Flavobacteriaceae bacterium	SC1-ENV-MEDIUM-MARINE	Environment_Medium_SD	marine	true
GCA_002684405.1	SAMN07619603	Parvibaculum sp.	SC1-ENV-MEDIUM-MARINE	Environment_Medium_SD	marine	true
GCA_002684435.1	SAMN07618947	Flavobacteriaceae bacterium	SC1-ENV-MEDIUM-MARINE	Environment_Medium_SD	marine	true
GCA_002684455.1	SAMN07618369	Arcobacter sp.	SC1-ENV-MEDIUM-MARINE	Environment_Medium_SD	marine	true
GCA_002684475.1	SAMN07619040	Flavobacteriales bacterium	SC1-ENV-MEDIUM-MARINE	Environment_Medium_SD	marine	true
GCA_002684495.1	SAMN07620330	Gammaproteobacteria bacterium	SC1-ENV-MEDIUM-MARINE	Environment_Medium_SD	marine	true
GCA_002684505.1	SAMN07620400	Gammaproteobacteria bacterium	SC1-ENV-MEDIUM-MARINE	Environment_Medium_SD	marine	true
GCA_002684535.1	SAMN07619644	Pelagibacteraceae bacterium	SC1-ENV-MEDIUM-MARINE	Environment_Medium_SD	marine	true
GCA_002684555.1	SAMN07619175	Gimesia sp.	SC1-ENV-MEDIUM-MARINE	Environment_Medium_SD	marine	true
GCA_002684575.1	SAMN07620189	Verrucomicrobiales bacterium	SC1-ENV-MEDIUM-MARINE	Environment_Medium_SD	marine	true
GCA_002684595.1	SAMN07619529	Novosphingobium sp.	SC1-ENV-MEDIUM-MARINE	Environment_Medium_SD	marine	true
GCA_002684605.1	SAMN07619649	Candidatus Pelagibacterales bacterium	SC1-ENV-MEDIUM-MARINE	Environment_Medium_SD	marine	true
GCA_002684635.1	SAMN07620399	Gammaproteobacteria bacterium	SC1-ENV-MEDIUM-MARINE	Environment_Medium_SD	marine	true
GCA_002684655.1	SAMN07619732	Planctomycetota bacterium	SC1-ENV-MEDIUM-MARINE	Environment_Medium_SD	marine	true
GCA_002684675.1	SAMN07618658	Deltaproteobacteria bacterium	SC1-ENV-MEDIUM-MARINE	Environment_Medium_SD	marine	true
GCA_002684695.1	SAMN07620081	SAR116 cluster bacterium	SC1-ENV-MEDIUM-MARINE	Environment_Medium_SD	marine	true
GCA_002684715.1	SAMN07619440	Marinovum sp.	SC1-ENV-MEDIUM-MARINE	Environment_Medium_SD	marine	true
GCA_002684735.1	SAMN07618337	Alteromonas sp.	SC1-ENV-MEDIUM-MARINE	Environment_Medium_SD	marine	true
GCA_002684755.1	SAMN07619666	Phycisphaerae bacterium	SC1-ENV-MEDIUM-MARINE	Environment_Medium_SD	marine	true
GCA_002684765.1	SAMN07619039	Flavobacteriales bacterium	SC1-ENV-MEDIUM-MARINE	Environment_Medium_SD	marine	true
GCA_002684795.1	SAMN07618945	Flavobacteriaceae bacterium	SC1-ENV-MEDIUM-MARINE	Environment_Medium_SD	marine	true
GCA_002684805.1	SAMN07618946	Flavobacteriaceae bacterium	SC1-ENV-MEDIUM-MARINE	Environment_Medium_SD	marine	true
GCA_002684835.1	SAMN07619820	Pseudomonadales bacterium	SC1-ENV-MEDIUM-MARINE	Environment_Medium_SD	marine	true
GCA_002684855.1	SAMN07619696	Planctomycetaceae bacterium	SC1-ENV-MEDIUM-MARINE	Environment_Medium_SD	marine	true
GCA_002684875.1	SAMN07619798	Pseudomonadota bacterium	SC1-ENV-MEDIUM-MARINE	Environment_Medium_SD	marine	true
GCA_002684895.1	SAMN07619643	Pelagibacteraceae bacterium	SC1-ENV-MEDIUM-MARINE	Environment_Medium_SD	marine	true
GCA_002684915.1	SAMN07620188	Verrucomicrobiales bacterium	SC1-ENV-MEDIUM-MARINE	Environment_Medium_SD	marine	true
GCA_002684935.1	SAMN07620328	Gammaproteobacteria bacterium	SC1-ENV-MEDIUM-MARINE	Environment_Medium_SD	marine	true
GCA_002684955.1	SAMN07620172	Tistrella sp.	SC1-ENV-MEDIUM-MARINE	Environment_Medium_SD	marine	true
GCA_002684975.1	SAMN07619317	Maricaulis sp.	SC1-ENV-MEDIUM-MARINE	Environment_Medium_SD	marine	true
GCA_002684995.1	SAMN07619556	Oceanospirillum sp.	SC1-ENV-MEDIUM-MARINE	Environment_Medium_SD	marine	true
GCA_002685015.1	SAMN07619218	Halomonas sp.	SC1-ENV-MEDIUM-MARINE	Environment_Medium_SD	marine	true
GCA_002685035.1	SAMN07618324	Alteromonadaceae bacterium	SC1-ENV-MEDIUM-MARINE	Environment_Medium_SD	marine	true
GCA_002685055.1	SAMN07619542	Oceanospirillaceae bacterium	SC1-ENV-MEDIUM-MARINE	Environment_Medium_SD	marine	true
GCA_002685075.1	SAMN07618368	Arcobacter sp.	SC1-ENV-MEDIUM-MARINE	Environment_Medium_SD	marine	true
GCA_002685095.1	SAMN07619910	Paracoccaceae bacterium	SC1-ENV-MEDIUM-MARINE	Environment_Medium_SD	marine	true
GCA_002685105.1	SAMN07619819	Pseudomonadales bacterium	SC1-ENV-MEDIUM-MARINE	Environment_Medium_SD	marine	true
GCA_002685115.1	SAMN07619038	Flavobacteriales bacterium	SC1-ENV-MEDIUM-MARINE	Environment_Medium_SD	marine	true
GCA_002685155.1	SAMN07619493	Myxococcales bacterium	SC1-ENV-MEDIUM-MARINE	Environment_Medium_SD	marine	true
GCA_002685175.1	SAMN07619809	Pseudoalteromonas sp.	SC1-ENV-MEDIUM-MARINE	Environment_Medium_SD	marine	true
GCA_002685195.1	SAMN07619768	Porticoccaceae bacterium	SC1-ENV-MEDIUM-MARINE	Environment_Medium_SD	marine	true
GCA_002685225.1	SAMN07620244	Woeseiaceae bacterium	SC1-ENV-MEDIUM-MARINE	Environment_Medium_SD	marine	true
GCA_002685255.1	SAMN07619262	Idiomarinaceae bacterium	SC1-ENV-MEDIUM-MARINE	Environment_Medium_SD	marine	true
GCA_002685275.1	SAMN07620398	Gammaproteobacteria bacterium	SC1-ENV-MEDIUM-MARINE	Environment_Medium_SD	marine	true
GCA_002685285.1	SAMN07620397	Gammaproteobacteria bacterium	SC1-ENV-MEDIUM-MARINE	Environment_Medium_SD	marine	true
GCA_002685335.1	SAMN07619695	Planctomycetaceae bacterium	SC1-ENV-MEDIUM-MARINE	Environment_Medium_SD	marine	true
GCA_002685355.1	SAMN07618944	Flavobacteriaceae bacterium	SC1-ENV-MEDIUM-MARINE	Environment_Medium_SD	marine	true
GCA_002685375.1	SAMN07620396	Gammaproteobacteria bacterium	SC1-ENV-MEDIUM-MARINE	Environment_Medium_SD	marine	true
GCA_002685395.1	SAMN07619864	Rheinheimera sp.	SC1-ENV-MEDIUM-MARINE	Environment_Medium_SD	marine	true
GCA_002685435.1	SAMN07618599	Cryomorphaceae bacterium	SC1-ENV-MEDIUM-MARINE	Environment_Medium_SD	marine	true
GCA_002685455.1	SAMN07619788	Porticoccus sp.	SC1-ENV-MEDIUM-MARINE	Environment_Medium_SD	marine	true
GCA_002685475.1	SAMN07618925	Flammeovirgaceae bacterium	SC1-ENV-MEDIUM-MARINE	Environment_Medium_SD	marine	true
GCA_002685495.1	SAMN07620243	Woeseiaceae bacterium	SC1-ENV-MEDIUM-MARINE	Environment_Medium_SD	marine	true
GCA_002685515.1	SAMN07620136	Synechococcus sp. CPC100	SC1-ENV-MEDIUM-MARINE	Environment_Medium_SD	marine	true
GCA_002685535.1	SAMN07618657	Deltaproteobacteria bacterium	SC1-ENV-MEDIUM-MARINE	Environment_Medium_SD	marine	true
GCA_002685555.1	SAMN07618283	Alcanivorax sp.	SC1-ENV-MEDIUM-MARINE	Environment_Medium_SD	marine	true
GCA_002685565.1	SAMN07619181	Haliea sp.	SC1-ENV-MEDIUM-MARINE	Environment_Medium_SD	marine	true
GCA_002685595.1	SAMN07619808	Pseudoalteromonas sp.	SC1-ENV-MEDIUM-MARINE	Environment_Medium_SD	marine	true
GCA_002685605.1	SAMN07619323	Fidelibacterota bacterium	SC1-ENV-MEDIUM-MARINE	Environment_Medium_SD	marine	true
GCA_002685655.1	SAMN07619694	Planctomycetaceae bacterium	SC1-ENV-MEDIUM-MARINE	Environment_Medium_SD	marine	true
GCA_002685675.1	SAMN07619810	Pseudoalteromonas sp.	SC1-ENV-MEDIUM-MARINE	Environment_Medium_SD	marine	true
GCA_002685685.1	SAMN07619877	Paracoccaceae bacterium	SC1-ENV-MEDIUM-MARINE	Environment_Medium_SD	marine	true
GCA_002685715.1	SAMN07619769	Porticoccaceae bacterium	SC1-ENV-MEDIUM-MARINE	Environment_Medium_SD	marine	true
GCA_002685755.1	SAMN07619520	Nitrospinota bacterium	SC1-ENV-MEDIUM-MARINE	Environment_Medium_SD	marine	true
GCA_002685775.1	SAMN07618238	Actinomycetota bacterium	SC1-ENV-MEDIUM-MARINE	Environment_Medium_SD	marine	true
GCA_002685785.1	SAMN07620329	Gammaproteobacteria bacterium	SC1-ENV-MEDIUM-MARINE	Environment_Medium_SD	marine	true
GCA_002685815.1	SAMN07618621	Dehalococcoidales bacterium	SC1-ENV-MEDIUM-MARINE	Environment_Medium_SD	marine	true
GCA_002685835.1	SAMN07619631	Pelagibacteraceae bacterium	SC1-ENV-MEDIUM-MARINE	Environment_Medium_SD	marine	true
GCA_002685875.1	SAMN07618656	Deltaproteobacteria bacterium	SC1-ENV-MEDIUM-MARINE	Environment_Medium_SD	marine	true
GCA_002685915.1	SAMN07619437	Marinomonas sp.	SC1-ENV-MEDIUM-MARINE	Environment_Medium_SD	marine	true
GCA_002685935.1	SAMN07619693	Planctomycetaceae bacterium	SC1-ENV-MEDIUM-MARINE	Environment_Medium_SD	marine	true
GCA_002685955.1	SAMN07619599	Parcubacteria group bacterium	SC1-ENV-MEDIUM-MARINE	Environment_Medium_SD	marine	true
GCA_002685965.1	SAMN07619729	Planctomycetota bacterium	SC1-ENV-MEDIUM-MARINE	Environment_Medium_SD	marine	true
GCA_002685995.1	SAMN07619471	Micavibrio sp.	SC1-ENV-MEDIUM-MARINE	Environment_Medium_SD	marine	true
GCA_002686015.1	SAMN07618134	Acidiferrobacteraceae bacterium	SC1-ENV-MEDIUM-MARINE	Environment_Medium_SD	marine	true
GCA_002686055.1	SAMN07619540	Oceanospirillaceae bacterium	SC1-ENV-MEDIUM-MARINE	Environment_Medium_SD	marine	true
GCA_002686065.1	SAMN07618420	Pseudobdellovibrionaceae bacterium	SC1-ENV-MEDIUM-MARINE	Environment_Medium_SD	marine	true
GCA_002686085.1	SAMN07620270	Roseibacillus sp.	SC1-ENV-MEDIUM-MARINE	Environment_Medium_SD	marine	true
GCA_002686115.1	SAMN07619213	Halobacteriovorax sp.	SC1-ENV-MEDIUM-MARINE	Environment_Medium_SD	marine	true
GCA_002686135.1	SAMN07619953	Rhodospirillaceae bacterium	SC1-ENV-MEDIUM-MARINE	Environment_Medium_SD	marine	true
GCA_002686145.1	SAMN07618439	Chloroflexota bacterium	SC1-ENV-MEDIUM-MARINE	Environment_Medium_SD	marine	true
GCA_002686175.1	SAMN07620110	Sphingomonadaceae bacterium	SC1-ENV-MEDIUM-MARINE	Environment_Medium_SD	marine	true
GCA_002686225.1	SAMN07618336	Alteromonas sp.	SC1-ENV-MEDIUM-MARINE	Environment_Medium_SD	marine	true
GCA_002686255.1	SAMN07620004	Rhodospirillaceae bacterium	SC1-ENV-MEDIUM-MARINE	Environment_Medium_SD	marine	true
GCA_002686265.1	SAMN07619728	Planctomycetota bacterium	SC1-ENV-MEDIUM-MARINE	Environment_Medium_SD	marine	true
GCA_002686325.1	SAMN07619469	Micavibrio sp.	SC1-ENV-MEDIUM-MARINE	Environment_Medium_SD	marine	true
GCA_002686365.1	SAMN07618374	bacterium	SC1-ENV-MEDIUM-MARINE	Environment_Medium_SD	marine	true
GCA_002686395.1	SAMN07619321	Fidelibacterota bacterium	SC1-ENV-MEDIUM-MARINE	Environment_Medium_SD	marine	true
GCA_002686415.1	SAMN07618239	Actinomycetota bacterium	SC1-ENV-MEDIUM-MARINE	Environment_Medium_SD	marine	true
GCA_002686435.1	SAMN07619818	Pseudomonadales bacterium	SC1-ENV-MEDIUM-MARINE	Environment_Medium_SD	marine	true
GCA_002686445.1	SAMN07618373	bacterium	SC1-ENV-MEDIUM-MARINE	Environment_Medium_SD	marine	true
GCA_002686465.1	SAMN07620240	Candidatus Woesebacteria bacterium	SC1-ENV-MEDIUM-MARINE	Environment_Medium_SD	marine	true
GCA_002686545.1	SAMN07619797	Pseudomonadota bacterium	SC1-ENV-MEDIUM-MARINE	Environment_Medium_SD	marine	true
GCA_002686575.1	SAMN07618943	Flavobacteriaceae bacterium	SC1-ENV-MEDIUM-MARINE	Environment_Medium_SD	marine	true
GCA_002686595.1	SAMN07619731	Planctomycetota bacterium	SC1-ENV-MEDIUM-MARINE	Environment_Medium_SD	marine	true
GCA_002686605.1	SAMN07619541	Oceanospirillaceae bacterium	SC1-ENV-MEDIUM-MARINE	Environment_Medium_SD	marine	true
GCA_002686625.1	SAMN07619756	Candidatus Poribacteria bacterium	SC1-ENV-MEDIUM-MARINE	Environment_Medium_SD	marine	true
GCA_002686655.1	SAMN07618566	Crocinitomicaceae bacterium	SC1-ENV-MEDIUM-MARINE	Environment_Medium_SD	marine	true
GCA_002686675.1	SAMN07619322	Fidelibacterota bacterium	SC1-ENV-MEDIUM-MARINE	Environment_Medium_SD	marine	true
GCA_002686685.1	SAMN07620080	SAR116 cluster bacterium	SC1-ENV-MEDIUM-MARINE	Environment_Medium_SD	marine	true
GCA_002686705.1	SAMN07618406	Bacteroidota bacterium	SC1-ENV-MEDIUM-MARINE	Environment_Medium_SD	marine	true
GCA_002686735.1	SAMN07619851	Psychrobacter sp.	SC1-ENV-MEDIUM-MARINE	Environment_Medium_SD	marine	true
GCA_002686755.1	SAMN07620187	Verrucomicrobiales bacterium	SC1-ENV-MEDIUM-MARINE	Environment_Medium_SD	marine	true
GCA_002686765.1	SAMN07619307	Magnetovibrio sp.	SC1-ENV-MEDIUM-MARINE	Environment_Medium_SD	marine	true
GCA_002686815.1	SAMN07620079	SAR116 cluster bacterium	SC1-ENV-MEDIUM-MARINE	Environment_Medium_SD	marine	true
GCA_002686835.1	SAMN07619564	Opitutia bacterium	SC1-ENV-MEDIUM-MARINE	Environment_Medium_SD	marine	true
GCA_002686885.1	SAMN07619608	Pedosphaera sp.	SC1-ENV-MEDIUM-MARINE	Environment_Medium_SD	marine	true
GCA_002686915.1	SAMN07619151	Gemmatimonadota bacterium	SC1-ENV-MEDIUM-MARINE	Environment_Medium_SD	marine	true
GCA_002686935.1	SAMN07618441	Chloroflexota bacterium	SC1-ENV-MEDIUM-MARINE	Environment_Medium_SD	marine	true
GCA_002686945.1	SAMN07619730	Planctomycetota bacterium	SC1-ENV-MEDIUM-MARINE	Environment_Medium_SD	marine	true
GCA_002686955.1	SAMN07619150	Gemmatimonadota bacterium	SC1-ENV-MEDIUM-MARINE	Environment_Medium_SD	marine	true
GCA_002686995.1	SAMN07619662	Phycisphaeraceae bacterium	SC1-ENV-MEDIUM-MARINE	Environment_Medium_SD	marine	true
GCA_002687015.1	SAMN07618655	Deltaproteobacteria bacterium	SC1-ENV-MEDIUM-MARINE	Environment_Medium_SD	marine	true
GCA_002687025.1	SAMN07619755	Candidatus Poribacteria bacterium	SC1-ENV-MEDIUM-MARINE	Environment_Medium_SD	marine	true
GCA_002687035.1	SAMN07618564	Croceicoccus sp.	SC1-ENV-MEDIUM-MARINE	Environment_Medium_SD	marine	true
GCA_002687095.1	SAMN07619144	Geminicoccus sp.	SC1-ENV-MEDIUM-MARINE	Environment_Medium_SD	marine	true
GCA_002687115.1	SAMN07618604	Cyanobium sp. ARS6	SC1-ENV-MEDIUM-MARINE	Environment_Medium_SD	marine	true
GCA_002687125.1	SAMN07619598	Parcubacteria group bacterium	SC1-ENV-MEDIUM-MARINE	Environment_Medium_SD	marine	true
GCA_002687155.1	SAMN07618380	bacterium	SC1-ENV-MEDIUM-MARINE	Environment_Medium_SD	marine	true
GCA_002687175.1	SAMN07619597	Parcubacteria group bacterium	SC1-ENV-MEDIUM-MARINE	Environment_Medium_SD	marine	true
GCA_002687205.1	SAMN07618924	Flammeovirgaceae bacterium	SC1-ENV-MEDIUM-MARINE	Environment_Medium_SD	marine	true
GCA_002687235.1	SAMN07618379	bacterium	SC1-ENV-MEDIUM-MARINE	Environment_Medium_SD	marine	true
GCA_002687285.1	SAMN07619611	Pelagibaca sp.	SC1-ENV-MEDIUM-MARINE	Environment_Medium_SD	marine	true
GCA_002687335.1	SAMN07618440	Chloroflexota bacterium	SC1-ENV-MEDIUM-MARINE	Environment_Medium_SD	marine	true
GCA_002687365.1	SAMN07618152	Acidimicrobiaceae bacterium	SC1-ENV-MEDIUM-MARINE	Environment_Medium_SD	marine	true
GCA_002687375.1	SAMN07619767	Porticoccaceae bacterium	SC1-ENV-MEDIUM-MARINE	Environment_Medium_SD	marine	true
GCA_002687415.1	SAMN07619304	Magnetococcales bacterium	SC1-ENV-MEDIUM-MARINE	Environment_Medium_SD	marine	true
GCA_002687435.1	SAMN07618686	Desulfobacter sp.	SC1-ENV-MEDIUM-MARINE	Environment_Medium_SD	marine	true
GCA_002687445.1	SAMN07619230	Herbaspirillum sp.	SC1-ENV-MEDIUM-MARINE	Environment_Medium_SD	marine	true
GCA_002687455.1	SAMN07618654	Deltaproteobacteria bacterium	SC1-ENV-MEDIUM-MARINE	Environment_Medium_SD	marine	true
GCA_002687495.1	SAMN07619470	Micavibrio sp.	SC1-ENV-MEDIUM-MARINE	Environment_Medium_SD	marine	true
GCA_002687515.1	SAMN07619954	Rhodospirillaceae bacterium	SC1-ENV-MEDIUM-MARINE	Environment_Medium_SD	marine	true
GCA_002687525.1	SAMN07619483	Micrococcales bacterium	SC1-ENV-MEDIUM-MARINE	Environment_Medium_SD	marine	true
GCA_002687555.1	SAMN07618425	Blastomonas sp.	SC1-ENV-MEDIUM-MARINE	Environment_Medium_SD	marine	true
GCA_002687565.1	SAMN07618133	Acidiferrobacteraceae bacterium	SC1-ENV-MEDIUM-MARINE	Environment_Medium_SD	marine	true
GCA_002687595.1	SAMN07619217	Halomonas sp.	SC1-ENV-MEDIUM-MARINE	Environment_Medium_SD	marine	true
GCA_002687605.1	SAMN07619539	Oceanospirillaceae bacterium	SC1-ENV-MEDIUM-MARINE	Environment_Medium_SD	marine	true
GCA_002687635.1	SAMN07619747	Ponticaulis sp.	SC1-ENV-MEDIUM-MARINE	Environment_Medium_SD	marine	true
GCA_002687665.1	SAMN07618942	Flavobacteriaceae bacterium	SC1-ENV-MEDIUM-MARINE	Environment_Medium_SD	marine	true
GCA_002687695.1	SAMN07618216	Acidobacteriota bacterium	SC1-ENV-MEDIUM-MARINE	Environment_Medium_SD	marine	true
GCA_002687715.1	SAMN07619727	Planctomycetota bacterium	SC1-ENV-MEDIUM-MARINE	Environment_Medium_SD	marine	true
GCA_002687745.1	SAMN07618151	Acidimicrobiaceae bacterium	SC1-ENV-MEDIUM-MARINE	Environment_Medium_SD	marine	true
GCA_002687855.1	SAMN07619204	Halobacteriovoraceae bacterium	SC1-ENV-MEDIUM-MARINE	Environment_Medium_SD	marine	true
GCA_002687875.1	SAMN07618378	bacterium	SC1-ENV-MEDIUM-MARINE	Environment_Medium_SD	marine	true
GCA_002687895.1	SAMN07618377	bacterium	SC1-ENV-MEDIUM-MARINE	Environment_Medium_SD	marine	true
GCA_002687905.1	SAMN07618376	bacterium	SC1-ENV-MEDIUM-MARINE	Environment_Medium_SD	marine	true
GCA_002687945.1	SAMN07619137	Gammaproteobacteria bacterium	SC1-ENV-MEDIUM-MARINE	Environment_Medium_SD	marine	true
GCA_002687995.1	SAMN07619796	Pseudomonadota bacterium	SC1-ENV-MEDIUM-MARINE	Environment_Medium_SD	marine	true
GCA_002688055.1	SAMN07618419	Pseudobdellovibrionaceae bacterium	SC1-ENV-MEDIUM-MARINE	Environment_Medium_SD	marine	true
GCA_002688065.1	SAMN07618375	bacterium	SC1-ENV-MEDIUM-MARINE	Environment_Medium_SD	marine	true
GCA_002688105.1	SAMN07618620	Dehalococcoidales bacterium	SC1-ENV-MEDIUM-MARINE	Environment_Medium_SD	marine	true
GCA_002688135.1	SAMN07619596	Parcubacteria group bacterium	SC1-ENV-MEDIUM-MARINE	Environment_Medium_SD	marine	true
GCA_002688155.1	SAMN07619665	Phycisphaerae bacterium	SC1-ENV-MEDIUM-MARINE	Environment_Medium_SD	marine	true
GCA_002688175.1	SAMN07618542	Chromatiales bacterium	SC1-ENV-MEDIUM-MARINE	Environment_Medium_SD	marine	true
GCA_002688185.1	SAMN07620122	Spirochaetales bacterium	SC1-ENV-MEDIUM-MARINE	Environment_Medium_SD	marine	true
GCA_002688235.1	SAMN07618696	Erythrobacteraceae bacterium	SC1-ENV-MEDIUM-MARINE	Environment_Medium_SD	marine	true
GCA_002688245.1	SAMN07618150	Acidimicrobiaceae bacterium	SC1-ENV-MEDIUM-MARINE	Environment_Medium_SD	marine	true
GCA_002688255.1	SAMN07618653	Deltaproteobacteria bacterium	SC1-ENV-MEDIUM-MARINE	Environment_Medium_SD	marine	true
GCA_002688435.1	SAMN07618619	Dehalococcoidales bacterium	SC1-ENV-MEDIUM-MARINE	Environment_Medium_SD	marine	true
GCA_002688445.1	SAMN07618623	Dehalococcoidia bacterium	SC1-ENV-MEDIUM-MARINE	Environment_Medium_SD	marine	true
GCA_002688475.1	SAMN07619261	Idiomarinaceae bacterium	SC1-ENV-MEDIUM-MARINE	Environment_Medium_SD	marine	true
GCA_002688765.1	SAMN07619692	Planctomycetaceae bacterium	SC1-ENV-MEDIUM-MARINE	Environment_Medium_SD	marine	true
GCA_002688835.1	SAMN07618556	Colwelliaceae bacterium	SC1-ENV-MEDIUM-MARINE	Environment_Medium_SD	marine	true
GCA_002688865.1	SAMN07620177	Verrucomicrobiota bacterium	SC1-ENV-MEDIUM-MARINE	Environment_Medium_SD	marine	true
GCA_002688935.1	SAMN07618276	Aestuariibacter sp.	SC1-ENV-MEDIUM-MARINE	Environment_Medium_SD	marine	true
GCA_002688985.1	SAMN07619613	Candidatus Pelagibacter sp.	SC1-ENV-MEDIUM-MARINE	Environment_Medium_SD	marine	true
GCA_002688995.1	SAMN07618305	Alphaproteobacteria bacterium	SC1-ENV-MEDIUM-MARINE	Environment_Medium_SD	marine	true
GCA_002689025.1	SAMN07619439	Marinovum sp.	SC1-ENV-MEDIUM-MARINE	Environment_Medium_SD	marine	true
GCA_002689045.1	SAMN07620186	Verrucomicrobiales bacterium	SC1-ENV-MEDIUM-MARINE	Environment_Medium_SD	marine	true
GCA_002689065.1	SAMN07619852	Puniceicoccaceae bacterium	SC1-ENV-MEDIUM-MARINE	Environment_Medium_SD	marine	true
GCA_002689105.1	SAMN07620185	Verrucomicrobiales bacterium	SC1-ENV-MEDIUM-MARINE	Environment_Medium_SD	marine	true
GCA_002689125.1	SAMN07619612	Candidatus Pelagibacter sp.	SC1-ENV-MEDIUM-MARINE	Environment_Medium_SD	marine	true
GCA_002689135.1	SAMN07619773	Porticoccaceae bacterium	SC1-ENV-MEDIUM-MARINE	Environment_Medium_SD	marine	true
GCA_002689185.1	SAMN07618413	Balneola sp.	SC1-ENV-MEDIUM-MARINE	Environment_Medium_SD	marine	true
GCA_002689195.1	SAMN07619924	Rhodobiaceae bacterium	SC1-ENV-MEDIUM-MARINE	Environment_Medium_SD	marine	true
GCA_002689225.1	SAMN07618278	Afipia sp.	SC1-ENV-MEDIUM-MARINE	Environment_Medium_SD	marine	true
GCA_002689245.1	SAMN07619622	Candidatus Pelagibacter sp.	SC1-ENV-MEDIUM-MARINE	Environment_Medium_SD	marine	true
GCA_002689255.1	SAMN07619923	Rhodobiaceae bacterium	SC1-ENV-MEDIUM-MARINE	Environment_Medium_SD	marine	true
GCA_002689265.1	SAMN07619621	Candidatus Pelagibacter sp.	SC1-ENV-MEDIUM-MARINE	Environment_Medium_SD	marine	true
GCA_002689305.1	SAMN07620091	SAR116 cluster bacterium	SC1-ENV-MEDIUM-MARINE	Environment_Medium_SD	marine	true
GCA_002689325.1	SAMN07620036	Rickettsiales bacterium	SC1-ENV-MEDIUM-MARINE	Environment_Medium_SD	marine	true
GCA_002689335.1	SAMN07620196	Verrucomicrobiales bacterium	SC1-ENV-MEDIUM-MARINE	Environment_Medium_SD	marine	true
GCA_002689385.1	SAMN07619670	Phycisphaerae bacterium	SC1-ENV-MEDIUM-MARINE	Environment_Medium_SD	marine	true
GCA_002689395.1	SAMN07619243	Hyphomonas sp.	SC1-ENV-MEDIUM-MARINE	Environment_Medium_SD	marine	true
GCA_002689405.1	SAMN07620420	Gammaproteobacteria bacterium	SC1-ENV-MEDIUM-MARINE	Environment_Medium_SD	marine	true
GCA_002689445.1	SAMN07620340	Gammaproteobacteria bacterium	SC1-ENV-MEDIUM-MARINE	Environment_Medium_SD	marine	true
GCA_002689455.1	SAMN07619305	Magnetococcales bacterium	SC1-ENV-MEDIUM-MARINE	Environment_Medium_SD	marine	true
GCA_002689465.1	SAMN07619960	Rhodospirillaceae bacterium	SC1-ENV-MEDIUM-MARINE	Environment_Medium_SD	marine	true
GCA_002689505.1	SAMN07620338	Gammaproteobacteria bacterium	SC1-ENV-MEDIUM-MARINE	Environment_Medium_SD	marine	true
GCA_002689515.1	SAMN07619055	Flavobacteriales bacterium	SC1-ENV-MEDIUM-MARINE	Environment_Medium_SD	marine	true
GCA_002689525.1	SAMN07619922	Rhodobiaceae bacterium	SC1-ENV-MEDIUM-MARINE	Environment_Medium_SD	marine	true
GCA_002689585.1	SAMN07620337	Gammaproteobacteria bacterium	SC1-ENV-MEDIUM-MARINE	Environment_Medium_SD	marine	true
GCA_002689605.1	SAMN07618923	Filomicrobium sp.	SC1-ENV-MEDIUM-MARINE	Environment_Medium_SD	marine	true
GCA_002689625.1	SAMN07620009	Rhodospirillaceae bacterium	SC1-ENV-MEDIUM-MARINE	Environment_Medium_SD	marine	true
GCA_002689645.1	SAMN07619620	Candidatus Pelagibacter sp.	SC1-ENV-MEDIUM-MARINE	Environment_Medium_SD	marine	true
GCA_002689655.1	SAMN07619945	Rhodopirellula sp.	SC1-ENV-MEDIUM-MARINE	Environment_Medium_SD	marine	true
GCA_002689665.1	SAMN07619563	Opitutia bacterium	SC1-ENV-MEDIUM-MARINE	Environment_Medium_SD	marine	true
GCA_002689705.1	SAMN07619447	Marinovum sp.	SC1-ENV-MEDIUM-MARINE	Environment_Medium_SD	marine	true
GCA_002689725.1	SAMN07620281	Rickettsiales bacterium	SC1-ENV-MEDIUM-MARINE	Environment_Medium_SD	marine	true
GCA_002689735.1	SAMN07619053	Flavobacteriales bacterium	SC1-ENV-MEDIUM-MARINE	Environment_Medium_SD	marine	true
GCA_002689755.1	SAMN07618682	Deltaproteobacteria bacterium	SC1-ENV-MEDIUM-MARINE	Environment_Medium_SD	marine	true
GCA_002689785.1	SAMN07619792	Prochlorococcus sp. MED630	SC1-ENV-MEDIUM-MARINE	Environment_Medium_SD	marine	true
GCA_002689825.1	SAMN07619748	Ponticaulis sp.	SC1-ENV-MEDIUM-MARINE	Environment_Medium_SD	marine	true
GCA_002689835.1	SAMN07619341	Fidelibacterota bacterium	SC1-ENV-MEDIUM-MARINE	Environment_Medium_SD	marine	true
GCA_002689845.1	SAMN07620033	Rickettsiales bacterium	SC1-ENV-MEDIUM-MARINE	Environment_Medium_SD	marine	true
GCA_002689885.1	SAMN07618435	Candidatus Thioglobus sp.	SC1-ENV-MEDIUM-MARINE	Environment_Medium_SD	marine	true
GCA_002689905.1	SAMN07620280	Rickettsiales bacterium	SC1-ENV-MEDIUM-MARINE	Environment_Medium_SD	marine	true
GCA_002689915.1	SAMN07619195	Halieaceae bacterium	SC1-ENV-MEDIUM-MARINE	Environment_Medium_SD	marine	true
GCA_002689925.1	SAMN07619619	Candidatus Pelagibacter sp.	SC1-ENV-MEDIUM-MARINE	Environment_Medium_SD	marine	true
GCA_002689965.1	SAMN07619806	Pseudoalteromonadaceae bacterium	SC1-ENV-MEDIUM-MARINE	Environment_Medium_SD	marine	true
GCA_002689995.1	SAMN07619340	Fidelibacterota bacterium	SC1-ENV-MEDIUM-MARINE	Environment_Medium_SD	marine	true
GCA_002690025.1	SAMN07620132	Sutterellaceae bacterium	SC1-ENV-MEDIUM-MARINE	Environment_Medium_SD	marine	true
GCA_002690045.1	SAMN07618306	Alphaproteobacteria bacterium	SC1-ENV-MEDIUM-MARINE	Environment_Medium_SD	marine	true
GCA_002690085.1	SAMN07618940	Flavobacteriaceae bacterium	SC1-ENV-MEDIUM-MARINE	Environment_Medium_SD	marine	true
GCA_002690095.1	SAMN07618941	Flavobacteriaceae bacterium	SC1-ENV-MEDIUM-MARINE	Environment_Medium_SD	marine	true
GCA_002690125.1	SAMN07619817	Pseudomonadales bacterium	SC1-ENV-MEDIUM-MARINE	Environment_Medium_SD	marine	true
GCA_002690135.1	SAMN07620109	Sphingomonadaceae bacterium	SC1-ENV-MEDIUM-MARINE	Environment_Medium_SD	marine	true
GCA_002690165.1	SAMN07619754	Candidatus Poribacteria bacterium	SC1-ENV-MEDIUM-MARINE	Environment_Medium_SD	marine	true
GCA_002690175.1	SAMN07618149	Acidimicrobiaceae bacterium	SC1-ENV-MEDIUM-MARINE	Environment_Medium_SD	marine	true
GCA_002690205.1	SAMN07618148	Acidimicrobiaceae bacterium	SC1-ENV-MEDIUM-MARINE	Environment_Medium_SD	marine	true
GCA_002690215.1	SAMN07619952	Rhodospirillaceae bacterium	SC1-ENV-MEDIUM-MARINE	Environment_Medium_SD	marine	true
GCA_002690245.1	SAMN07619795	Pseudomonadota bacterium	SC1-ENV-MEDIUM-MARINE	Environment_Medium_SD	marine	true
GCA_002690255.1	SAMN07619876	Paracoccaceae bacterium	SC1-ENV-MEDIUM-MARINE	Environment_Medium_SD	marine	true
GCA_002690285.1	SAMN07619614	Candidatus Pelagibacter sp.	SC1-ENV-MEDIUM-MARINE	Environment_Medium_SD	marine	true
GCA_002690295.1	SAMN07619805	Pseudoalteromonadaceae bacterium	SC1-ENV-MEDIUM-MARINE	Environment_Medium_SD	marine	true
GCA_002690325.1	SAMN07620135	Synechococcus sp. ARS1019	SC1-ENV-MEDIUM-MARINE	Environment_Medium_SD	marine	true
GCA_002690365.1	SAMN07619422	Marinobacter sp.	SC1-ENV-MEDIUM-MARINE	Environment_Medium_SD	marine	true
GCA_002690375.1	SAMN07618618	Dehalococcoidales bacterium	SC1-ENV-MEDIUM-MARINE	Environment_Medium_SD	marine	true
GCA_002690405.1	SAMN07620326	Gammaproteobacteria bacterium	SC1-ENV-MEDIUM-MARINE	Environment_Medium_SD	marine	true
GCA_002690415.1	SAMN07618939	Flavobacteriaceae bacterium	SC1-ENV-MEDIUM-MARINE	Environment_Medium_SD	marine	true
GCA_002690455.1	SAMN07619270	Kiloniella sp.	SC1-ENV-MEDIUM-MARINE	Environment_Medium_SD	marine	true
GCA_002690485.1	SAMN07619473	Micavibrio sp.	SC1-ENV-MEDIUM-MARINE	Environment_Medium_SD	marine	true
GCA_002690495.1	SAMN07619286	Legionellales bacterium	SC1-ENV-MEDIUM-MARINE	Environment_Medium_SD	marine	true
GCA_002690525.1	SAMN07620098	SAR324 cluster bacterium	SC1-ENV-MEDIUM-MARINE	Environment_Medium_SD	marine	true
GCA_002690565.1	SAMN07619853	Puniceicoccaceae bacterium	SC1-ENV-MEDIUM-MARINE	Environment_Medium_SD	marine	true
GCA_002690585.1	SAMN07619633	Pelagibacteraceae bacterium	SC1-ENV-MEDIUM-MARINE	Environment_Medium_SD	marine	true
GCA_002690595.1	SAMN07620285	Rickettsiales bacterium	SC1-ENV-MEDIUM-MARINE	Environment_Medium_SD	marine	true
GCA_002690625.1	SAMN07620284	Rickettsiales bacterium	SC1-ENV-MEDIUM-MARINE	Environment_Medium_SD	marine	true
GCA_002690645.1	SAMN07620283	Rickettsiales bacterium	SC1-ENV-MEDIUM-MARINE	Environment_Medium_SD	marine	true
GCA_002690655.1	SAMN07619610	Pedosphaera sp.	SC1-ENV-MEDIUM-MARINE	Environment_Medium_SD	marine	true
GCA_002690685.1	SAMN07619511	Nisaea sp.	SC1-ENV-MEDIUM-MARINE	Environment_Medium_SD	marine	true
GCA_002690705.1	SAMN07619309	Magnetovibrio sp.	SC1-ENV-MEDIUM-MARINE	Environment_Medium_SD	marine	true
GCA_002690715.1	SAMN07619650	Candidatus Pelagibacterales bacterium	SC1-ENV-MEDIUM-MARINE	Environment_Medium_SD	marine	true
GCA_002690725.1	SAMN07620421	Gammaproteobacteria bacterium	SC1-ENV-MEDIUM-MARINE	Environment_Medium_SD	marine	true
GCA_002690755.1	SAMN07619671	Phycisphaerae bacterium	SC1-ENV-MEDIUM-MARINE	Environment_Medium_SD	marine	true
GCA_002690805.1	SAMN07618965	Flavobacteriaceae bacterium	SC1-ENV-MEDIUM-MARINE	Environment_Medium_SD	marine	true
GCA_002690865.1	SAMN07620339	Gammaproteobacteria bacterium	SC1-ENV-MEDIUM-MARINE	Environment_Medium_SD	marine	true
GCA_002690875.1	SAMN07620282	Rickettsiales bacterium	SC1-ENV-MEDIUM-MARINE	Environment_Medium_SD	marine	true
GCA_002690905.1	SAMN07619900	Paracoccaceae bacterium	SC1-ENV-MEDIUM-MARINE	Environment_Medium_SD	marine	true
GCA_002690915.1	SAMN07618573	Crocinitomicaceae bacterium	SC1-ENV-MEDIUM-MARINE	Environment_Medium_SD	marine	true
GCA_002690925.1	SAMN07619951	Rhodopirellula sp.	SC1-ENV-MEDIUM-MARINE	Environment_Medium_SD	marine	true
GCA_002690945.1	SAMN07620419	Gammaproteobacteria bacterium	SC1-ENV-MEDIUM-MARINE	Environment_Medium_SD	marine	true
GCA_002690985.1	SAMN07618345	Alteromonas sp.	SC1-ENV-MEDIUM-MARINE	Environment_Medium_SD	marine	true
GCA_002690995.1	SAMN07619959	Rhodospirillaceae bacterium	SC1-ENV-MEDIUM-MARINE	Environment_Medium_SD	marine	true
GCA_002691025.1	SAMN07620119	Spirochaeta sp.	SC1-ENV-MEDIUM-MARINE	Environment_Medium_SD	marine	true
GCA_002691045.1	SAMN07619448	Marinovum sp.	SC1-ENV-MEDIUM-MARINE	Environment_Medium_SD	marine	true
GCA_002691065.1	SAMN07620010	Rhodospirillaceae bacterium	SC1-ENV-MEDIUM-MARINE	Environment_Medium_SD	marine	true
GCA_002691085.1	SAMN07619958	Rhodospirillaceae bacterium	SC1-ENV-MEDIUM-MARINE	Environment_Medium_SD	marine	true
GCA_002691095.1	SAMN07619272	Kiritimatiellaceae bacterium	SC1-ENV-MEDIUM-MARINE	Environment_Medium_SD	marine	true
GCA_002691125.1	SAMN07618344	Alteromonas sp.	SC1-ENV-MEDIUM-MARINE	Environment_Medium_SD	marine	true
GCA_002691145.1	SAMN07620035	Rickettsiales bacterium	SC1-ENV-MEDIUM-MARINE	Environment_Medium_SD	marine	true
GCA_002691165.1	SAMN07619054	Flavobacteriales bacterium	SC1-ENV-MEDIUM-MARINE	Environment_Medium_SD	marine	true
GCA_002691185.1	SAMN07620090	SAR116 cluster bacterium	SC1-ENV-MEDIUM-MARINE	Environment_Medium_SD	marine	true
GCA_002691205.1	SAMN07618662	Deltaproteobacteria bacterium	SC1-ENV-MEDIUM-MARINE	Environment_Medium_SD	marine	true
GCA_002691215.1	SAMN07619749	Ponticaulis sp.	SC1-ENV-MEDIUM-MARINE	Environment_Medium_SD	marine	true
GCA_002691245.1	SAMN07620034	Rickettsiales bacterium	SC1-ENV-MEDIUM-MARINE	Environment_Medium_SD	marine	true
GCA_002691265.1	SAMN07618964	Flavobacteriaceae bacterium	SC1-ENV-MEDIUM-MARINE	Environment_Medium_SD	marine	true
GCA_002691285.1	SAMN07619343	Fidelibacterota bacterium	SC1-ENV-MEDIUM-MARINE	Environment_Medium_SD	marine	true
GCA_002691305.1	SAMN07620418	Gammaproteobacteria bacterium	SC1-ENV-MEDIUM-MARINE	Environment_Medium_SD	marine	true
GCA_002691325.1	SAMN07619881	Paracoccaceae bacterium	SC1-ENV-MEDIUM-MARINE	Environment_Medium_SD	marine	true
GCA_002691345.1	SAMN07620139	Synechococcus sp. MED650	SC1-ENV-MEDIUM-MARINE	Environment_Medium_SD	marine	true
GCA_002691365.1	SAMN07619342	Fidelibacterota bacterium	SC1-ENV-MEDIUM-MARINE	Environment_Medium_SD	marine	true
GCA_002691385.1	SAMN07618926	Flammeovirgaceae bacterium	SC1-ENV-MEDIUM-MARINE	Environment_Medium_SD	marine	true
GCA_002691405.1	SAMN07619189	Halieaceae bacterium	SC1-ENV-MEDIUM-MARINE	Environment_Medium_SD	marine	true
GCA_002691425.1	SAMN07620053	Roseobacter sp.	SC1-ENV-MEDIUM-MARINE	Environment_Medium_SD	marine	true
GCA_002691445.1	SAMN07618242	Actinomycetota bacterium	SC1-ENV-MEDIUM-MARINE	Environment_Medium_SD	marine	true
GCA_002691465.1	SAMN07620417	Gammaproteobacteria bacterium	SC1-ENV-MEDIUM-MARINE	Environment_Medium_SD	marine	true
GCA_002691485.1	SAMN07620416	Gammaproteobacteria bacterium	SC1-ENV-MEDIUM-MARINE	Environment_Medium_SD	marine	true
GCA_002691505.1	SAMN07620195	Verrucomicrobiales bacterium	SC1-ENV-MEDIUM-MARINE	Environment_Medium_SD	marine	true
GCA_002691525.1	SAMN07620166	Thiotrichales bacterium	SC1-ENV-MEDIUM-MARINE	Environment_Medium_SD	marine	true
GCA_002691545.1	SAMN07619446	Marinovum sp.	SC1-ENV-MEDIUM-MARINE	Environment_Medium_SD	marine	true
GCA_002691565.1	SAMN07619196	Halieaceae bacterium	SC1-ENV-MEDIUM-MARINE	Environment_Medium_SD	marine	true
GCA_002691585.1	SAMN07619285	Legionellales bacterium	SC1-ENV-MEDIUM-MARINE	Environment_Medium_SD	marine	true
GCA_002691605.1	SAMN07618572	Crocinitomicaceae bacterium	SC1-ENV-MEDIUM-MARINE	Environment_Medium_SD	marine	true
GCA_002691625.1	SAMN07618329	Alteromonadaceae bacterium	SC1-ENV-MEDIUM-MARINE	Environment_Medium_SD	marine	true
GCA_002691635.1	SAMN07619701	Planctomycetaceae bacterium	SC1-ENV-MEDIUM-MARINE	Environment_Medium_SD	marine	true
GCA_002691645.1	SAMN07618963	Flavobacteriaceae bacterium	SC1-ENV-MEDIUM-MARINE	Environment_Medium_SD	marine	true
GCA_002691685.1	SAMN07618962	Flavobacteriaceae bacterium	SC1-ENV-MEDIUM-MARINE	Environment_Medium_SD	marine	true
GCA_002691705.1	SAMN07619618	Candidatus Pelagibacter sp.	SC1-ENV-MEDIUM-MARINE	Environment_Medium_SD	marine	true
GCA_002691715.1	SAMN07619757	Candidatus Poribacteria bacterium	SC1-ENV-MEDIUM-MARINE	Environment_Medium_SD	marine	true
GCA_002691725.1	SAMN07620089	SAR116 cluster bacterium	SC1-ENV-MEDIUM-MARINE	Environment_Medium_SD	marine	true
GCA_002691735.1	SAMN07618301	Alphaproteobacteria bacterium	SC1-ENV-MEDIUM-MARINE	Environment_Medium_SD	marine	true
GCA_002691785.1	SAMN07619339	Fidelibacterota bacterium	SC1-ENV-MEDIUM-MARINE	Environment_Medium_SD	marine	true
GCA_002691795.1	SAMN07620088	SAR116 cluster bacterium	SC1-ENV-MEDIUM-MARINE	Environment_Medium_SD	marine	true
GCA_002691825.1	SAMN07619774	Porticoccaceae bacterium	SC1-ENV-MEDIUM-MARINE	Environment_Medium_SD	marine	true
GCA_002691835.1	SAMN07619736	Planctomycetota bacterium	SC1-ENV-MEDIUM-MARINE	Environment_Medium_SD	marine	true
GCA_002691865.1	SAMN07618161	Acidimicrobiaceae bacterium	SC1-ENV-MEDIUM-MARINE	Environment_Medium_SD	marine	true
GCA_002691885.1	SAMN07620336	Gammaproteobacteria bacterium	SC1-ENV-MEDIUM-MARINE	Environment_Medium_SD	marine	true
GCA_002691895.1	SAMN07620087	SAR116 cluster bacterium	SC1-ENV-MEDIUM-MARINE	Environment_Medium_SD	marine	true
GCA_002691915.1	SAMN07620415	Gammaproteobacteria bacterium	SC1-ENV-MEDIUM-MARINE	Environment_Medium_SD	marine	true
GCA_002691945.1	SAMN07618605	Cyanobium sp. MED195	SC1-ENV-MEDIUM-MARINE	Environment_Medium_SD	marine	true
GCA_002691965.1	SAMN07620008	Rhodospirillaceae bacterium	SC1-ENV-MEDIUM-MARINE	Environment_Medium_SD	marine	true
GCA_002691975.1	SAMN07620086	SAR116 cluster bacterium	SC1-ENV-MEDIUM-MARINE	Environment_Medium_SD	marine	true
GCA_002691985.1	SAMN07618961	Flavobacteriaceae bacterium	SC1-ENV-MEDIUM-MARINE	Environment_Medium_SD	marine	true
GCA_002692025.1	SAMN07619445	Marinovum sp.	SC1-ENV-MEDIUM-MARINE	Environment_Medium_SD	marine	true
GCA_002692045.1	SAMN07620085	SAR116 cluster bacterium	SC1-ENV-MEDIUM-MARINE	Environment_Medium_SD	marine	true
GCA_002692055.1	SAMN07619617	Candidatus Pelagibacter sp.	SC1-ENV-MEDIUM-MARINE	Environment_Medium_SD	marine	true
GCA_002692065.1	SAMN07619051	Flavobacteriales bacterium	SC1-ENV-MEDIUM-MARINE	Environment_Medium_SD	marine	true
GCA_002692105.1	SAMN07619438	Marinoscillum sp.	SC1-ENV-MEDIUM-MARINE	Environment_Medium_SD	marine	true
GCA_002692125.1	SAMN07618681	Deltaproteobacteria bacterium	SC1-ENV-MEDIUM-MARINE	Environment_Medium_SD	marine	true
GCA_002692155.1	SAMN07619880	Paracoccaceae bacterium	SC1-ENV-MEDIUM-MARINE	Environment_Medium_SD	marine	true
GCA_002692165.1	SAMN07619772	Porticoccaceae bacterium	SC1-ENV-MEDIUM-MARINE	Environment_Medium_SD	marine	true
GCA_002692205.1	SAMN07619284	Legionellales bacterium	SC1-ENV-MEDIUM-MARINE	Environment_Medium_SD	marine	true
GCA_002692225.1	SAMN07620007	Rhodospirillaceae bacterium	SC1-ENV-MEDIUM-MARINE	Environment_Medium_SD	marine	true
GCA_002692235.1	SAMN07619600	Parcubacteria group bacterium	SC1-ENV-MEDIUM-MARINE	Environment_Medium_SD	marine	true
GCA_002692245.1	SAMN07619138	Gammaproteobacteria bacterium	SC1-ENV-MEDIUM-MARINE	Environment_Medium_SD	marine	true
GCA_002692285.1	SAMN07619921	Rhodobiaceae bacterium	SC1-ENV-MEDIUM-MARINE	Environment_Medium_SD	marine	true
GCA_002692305.1	SAMN07619052	Flavobacteriales bacterium	SC1-ENV-MEDIUM-MARINE	Environment_Medium_SD	marine	true
GCA_002692315.1	SAMN07618960	Flavobacteriaceae bacterium	SC1-ENV-MEDIUM-MARINE	Environment_Medium_SD	marine	true
GCA_002692325.1	SAMN07618432	Candidatus Pelagibacter sp.	SC1-ENV-MEDIUM-MARINE	Environment_Medium_SD	marine	true
GCA_002692375.1	SAMN07619957	Rhodospirillaceae bacterium	SC1-ENV-MEDIUM-MARINE	Environment_Medium_SD	marine	true
GCA_002692385.1	SAMN07619791	Prochlorococcus sp. MED105	SC1-ENV-MEDIUM-MARINE	Environment_Medium_SD	marine	true
GCA_002692425.1	SAMN07620414	Gammaproteobacteria bacterium	SC1-ENV-MEDIUM-MARINE	Environment_Medium_SD	marine	true
GCA_002692445.1	SAMN07619799	Pseudomonadota bacterium	SC1-ENV-MEDIUM-MARINE	Environment_Medium_SD	marine	true
GCA_002692475.1	SAMN07619616	Candidatus Pelagibacter sp.	SC1-ENV-MEDIUM-MARINE	Environment_Medium_SD	marine	true
GCA_002692485.1	SAMN07620279	Rickettsiales bacterium	SC1-ENV-MEDIUM-MARINE	Environment_Medium_SD	marine	true
GCA_002692535.1	SAMN07619568	Opitutia bacterium	SC1-ENV-MEDIUM-MARINE	Environment_Medium_SD	marine	true
GCA_002692545.1	SAMN07618159	Acidimicrobiaceae bacterium	SC1-ENV-MEDIUM-MARINE	Environment_Medium_SD	marine	true
GCA_002692605.1	SAMN07619566	Opitutia bacterium	SC1-ENV-MEDIUM-MARINE	Environment_Medium_SD	marine	true
GCA_002692615.1	SAMN07619463	Methylophaga sp.	SC1-ENV-MEDIUM-MARINE	Environment_Medium_SD	marine	true
GCA_002692635.1	SAMN07619263	Idiomarinaceae bacterium	SC1-ENV-MEDIUM-MARINE	Environment_Medium_SD	marine	true
GCA_002692685.1	SAMN07619920	Rhodobiaceae bacterium	SC1-ENV-MEDIUM-MARINE	Environment_Medium_SD	marine	true
GCA_002692725.1	SAMN07619753	Ponticaulis sp.	SC1-ENV-MEDIUM-MARINE	Environment_Medium_SD	marine	true
GCA_002692745.1	SAMN07618959	Flavobacteriaceae bacterium	SC1-ENV-MEDIUM-MARINE	Environment_Medium_SD	marine	true
GCA_002692785.1	SAMN07619870	Hyphomicrobiales bacterium	SC1-ENV-MEDIUM-MARINE	Environment_Medium_SD	marine	true
GCA_002692825.1	SAMN07618428	Brevundimonas sp.	SC1-ENV-MEDIUM-MARINE	Environment_Medium_SD	marine	true
GCA_002692855.1	SAMN07619318	Maricaulis sp.	SC1-ENV-MEDIUM-MARINE	Environment_Medium_SD	marine	true
GCA_002692865.1	SAMN07619428	Marinobacter sp.	SC1-ENV-MEDIUM-MARINE	Environment_Medium_SD	marine	true
GCA_002692905.1	SAMN07618308	Alphaproteobacteria bacterium	SC1-ENV-MEDIUM-MARINE	Environment_Medium_SD	marine	true
GCA_002692925.1	SAMN07619242	Hyphomonas sp.	SC1-ENV-MEDIUM-MARINE	Environment_Medium_SD	marine	true
GCA_002692945.1	SAMN07618157	Acidimicrobiaceae bacterium	SC1-ENV-MEDIUM-MARINE	Environment_Medium_SD	marine	true
GCA_002692955.1	SAMN07620147	Thalassospira sp.	SC1-ENV-MEDIUM-MARINE	Environment_Medium_SD	marine	true
GCA_002692965.1	SAMN07619184	Haliea sp.	SC1-ENV-MEDIUM-MARINE	Environment_Medium_SD	marine	true
GCA_002693005.1	SAMN07618957	Flavobacteriaceae bacterium	SC1-ENV-MEDIUM-MARINE	Environment_Medium_SD	marine	true
GCA_002693025.1	SAMN07619899	Paracoccaceae bacterium	SC1-ENV-MEDIUM-MARINE	Environment_Medium_SD	marine	true
GCA_002693045.1	SAMN07619898	Paracoccaceae bacterium	SC1-ENV-MEDIUM-MARINE	Environment_Medium_SD	marine	true
GCA_002693065.1	SAMN07620410	Gammaproteobacteria bacterium	SC1-ENV-MEDIUM-MARINE	Environment_Medium_SD	marine	true
GCA_002693085.1	SAMN07618956	Flavobacteriaceae bacterium	SC1-ENV-MEDIUM-MARINE	Environment_Medium_SD	marine	true
GCA_002693105.1	SAMN07619956	Rhodospirillaceae bacterium	SC1-ENV-MEDIUM-MARINE	Environment_Medium_SD	marine	true
GCA_002693125.1	SAMN07620052	Roseobacter sp.	SC1-ENV-MEDIUM-MARINE	Environment_Medium_SD	marine	true
GCA_002693145.1	SAMN07618955	Flavobacteriaceae bacterium	SC1-ENV-MEDIUM-MARINE	Environment_Medium_SD	marine	true
GCA_002693185.1	SAMN07619179	Christiangramia sp.	SC1-ENV-MEDIUM-MARINE	Environment_Medium_SD	marine	true
GCA_002693205.1	SAMN07619221	Halomonas sp.	SC1-ENV-MEDIUM-MARINE	Environment_Medium_SD	marine	true
GCA_002693245.1	SAMN07618135	Acidiferrobacteraceae bacterium	SC1-ENV-MEDIUM-MARINE	Environment_Medium_SD	marine	true
GCA_002693265.1	SAMN07618690	Dinoroseobacter sp.	SC1-ENV-MEDIUM-MARINE	Environment_Medium_SD	marine	true
GCA_002693285.1	SAMN07620138	Synechococcus sp. EAC657	SC1-ENV-MEDIUM-MARINE	Environment_Medium_SD	marine	true
GCA_002693305.1	SAMN07620409	Gammaproteobacteria bacterium	SC1-ENV-MEDIUM-MARINE	Environment_Medium_SD	marine	true
GCA_002693325.1	SAMN07619154	Gemmatimonadota bacterium	SC1-ENV-MEDIUM-MARINE	Environment_Medium_SD	marine	true
GCA_002693335.1	SAMN07619049	Flavobacteriales bacterium	SC1-ENV-MEDIUM-MARINE	Environment_Medium_SD	marine	true
GCA_002693365.1	SAMN07619333	Fidelibacterota bacterium	SC1-ENV-MEDIUM-MARINE	Environment_Medium_SD	marine	true
GCA_002693375.1	SAMN07618155	Acidimicrobiaceae bacterium	SC1-ENV-MEDIUM-MARINE	Environment_Medium_SD	marine	true
GCA_002693405.1	SAMN07619594	Paracoccus sp. (in: a-proteobacteria)	SC1-ENV-MEDIUM-MARINE	Environment_Medium_SD	marine	true
GCA_002693415.1	SAMN07619770	Porticoccaceae bacterium	SC1-ENV-MEDIUM-MARINE	Environment_Medium_SD	marine	true
GCA_002693445.1	SAMN07620407	Gammaproteobacteria bacterium	SC1-ENV-MEDIUM-MARINE	Environment_Medium_SD	marine	true
GCA_002693455.1	SAMN07618549	Citromicrobium sp.	SC1-ENV-MEDIUM-MARINE	Environment_Medium_SD	marine	true
GCA_002693505.1	SAMN07619236	Hyphomonadaceae bacterium	SC1-ENV-MEDIUM-MARINE	Environment_Medium_SD	marine	true
GCA_002693525.1	SAMN07618217	Acidobacteriota bacterium	SC1-ENV-MEDIUM-MARINE	Environment_Medium_SD	marine	true
GCA_002693535.1	SAMN07619048	Flavobacteriales bacterium	SC1-ENV-MEDIUM-MARINE	Environment_Medium_SD	marine	true
GCA_002693565.1	SAMN07620332	Gammaproteobacteria bacterium	SC1-ENV-MEDIUM-MARINE	Environment_Medium_SD	marine	true
GCA_002693575.1	SAMN07618342	Alteromonas sp.	SC1-ENV-MEDIUM-MARINE	Environment_Medium_SD	marine	true
GCA_002693605.1	SAMN07618952	Flavobacteriaceae bacterium	SC1-ENV-MEDIUM-MARINE	Environment_Medium_SD	marine	true
GCA_002693615.1	SAMN07619526	Nocardioides sp.	SC1-ENV-MEDIUM-MARINE	Environment_Medium_SD	marine	true
GCA_002693645.1	SAMN07619426	Marinobacter sp.	SC1-ENV-MEDIUM-MARINE	Environment_Medium_SD	marine	true
GCA_002693665.1	SAMN07619860	Pusillimonas sp.	SC1-ENV-MEDIUM-MARINE	Environment_Medium_SD	marine	true
GCA_002693685.1	SAMN07619276	Leeuwenhoekiella sp.	SC1-ENV-MEDIUM-MARINE	Environment_Medium_SD	marine	true
GCA_002693695.1	SAMN07619814	Pseudohongiella sp.	SC1-ENV-MEDIUM-MARINE	Environment_Medium_SD	marine	true
GCA_002693745.1	SAMN07619047	Flavobacteriales bacterium	SC1-ENV-MEDIUM-MARINE	Environment_Medium_SD	marine	true
GCA_002693765.1	SAMN07618340	Alteromonas sp.	SC1-ENV-MEDIUM-MARINE	Environment_Medium_SD	marine	true
GCA_002693775.1	SAMN07618568	Crocinitomicaceae bacterium	SC1-ENV-MEDIUM-MARINE	Environment_Medium_SD	marine	true
GCA_002693805.1	SAMN07620256	Zunongwangia sp.	SC1-ENV-MEDIUM-MARINE	Environment_Medium_SD	marine	true
GCA_002693815.1	SAMN07619194	Halieaceae bacterium	SC1-ENV-MEDIUM-MARINE	Environment_Medium_SD	marine	true
GCA_002693845.1	SAMN07618286	Alcanivorax sp.	SC1-ENV-MEDIUM-MARINE	Environment_Medium_SD	marine	true
GCA_002693855.1	SAMN07620413	Gammaproteobacteria bacterium	SC1-ENV-MEDIUM-MARINE	Environment_Medium_SD	marine	true
GCA_002693885.1	SAMN07618160	Acidimicrobiaceae bacterium	SC1-ENV-MEDIUM-MARINE	Environment_Medium_SD	marine	true
GCA_002693945.1	SAMN07619557	Thalassolituus sp.	SC1-ENV-MEDIUM-MARINE	Environment_Medium_SD	marine	true
GCA_002693955.1	SAMN07619825	Pseudomonadales bacterium	SC1-ENV-MEDIUM-MARINE	Environment_Medium_SD	marine	true
GCA_002693985.1	SAMN07619661	Phenylobacterium sp.	SC1-ENV-MEDIUM-MARINE	Environment_Medium_SD	marine	true
GCA_002693995.1	SAMN07619429	Marinobacter sp.	SC1-ENV-MEDIUM-MARINE	Environment_Medium_SD	marine	true
GCA_002694025.1	SAMN07619338	Fidelibacterota bacterium	SC1-ENV-MEDIUM-MARINE	Environment_Medium_SD	marine	true
GCA_002694035.1	SAMN07619567	Opitutia bacterium	SC1-ENV-MEDIUM-MARINE	Environment_Medium_SD	marine	true
GCA_002694065.1	SAMN07618131	Acidiferrobacter sp.	SC1-ENV-MEDIUM-MARINE	Environment_Medium_SD	marine	true
GCA_002694075.1	SAMN07619512	Nisaea sp.	SC1-ENV-MEDIUM-MARINE	Environment_Medium_SD	marine	true
GCA_002694085.1	SAMN07619444	Marinovum sp.	SC1-ENV-MEDIUM-MARINE	Environment_Medium_SD	marine	true
GCA_002694095.1	SAMN07619484	Micrococcales bacterium	SC1-ENV-MEDIUM-MARINE	Environment_Medium_SD	marine	true
GCA_002694145.1	SAMN07619771	Porticoccaceae bacterium	SC1-ENV-MEDIUM-MARINE	Environment_Medium_SD	marine	true
GCA_002694155.1	SAMN07619861	Pusillimonas sp.	SC1-ENV-MEDIUM-MARINE	Environment_Medium_SD	marine	true
GCA_002694165.1	SAMN07618281	Alcaligenaceae bacterium	SC1-ENV-MEDIUM-MARINE	Environment_Medium_SD	marine	true
GCA_002694205.1	SAMN07619255	Idiomarina sp.	SC1-ENV-MEDIUM-MARINE	Environment_Medium_SD	marine	true
GCA_002694225.1	SAMN07618343	Alteromonas sp.	SC1-ENV-MEDIUM-MARINE	Environment_Medium_SD	marine	true
GCA_002694315.1	SAMN07620124	Spongiibacter sp.	SC1-ENV-MEDIUM-MARINE	Environment_Medium_SD	marine	true
GCA_002694325.1	SAMN07619480	Microbacterium sp.	SC1-ENV-MEDIUM-MARINE	Environment_Medium_SD	marine	true
GCA_002694345.1	SAMN07619319	Maricaulis sp.	SC1-ENV-MEDIUM-MARINE	Environment_Medium_SD	marine	true
GCA_002694385.1	SAMN07620099	Sneathiella sp.	SC1-ENV-MEDIUM-MARINE	Environment_Medium_SD	marine	true
GCA_002694405.1	SAMN07620148	Thalassospira sp.	SC1-ENV-MEDIUM-MARINE	Environment_Medium_SD	marine	true
GCA_002694415.1	SAMN07618550	Citromicrobium sp.	SC1-ENV-MEDIUM-MARINE	Environment_Medium_SD	marine	true
GCA_002694425.1	SAMN07618370	Arenimonas sp.	SC1-ENV-MEDIUM-MARINE	Environment_Medium_SD	marine	true
GCA_002694465.1	SAMN07618958	Flavobacteriaceae bacterium	SC1-ENV-MEDIUM-MARINE	Environment_Medium_SD	marine	true
GCA_002694475.1	SAMN07620006	Rhodospirillaceae bacterium	SC1-ENV-MEDIUM-MARINE	Environment_Medium_SD	marine	true
GCA_002694485.1	SAMN07618427	Brevundimonas sp.	SC1-ENV-MEDIUM-MARINE	Environment_Medium_SD	marine	true
GCA_002694545.1	SAMN07619462	Methylophaga sp.	SC1-ENV-MEDIUM-MARINE	Environment_Medium_SD	marine	true
GCA_002694565.1	SAMN07618299	Algoriphagus sp.	SC1-ENV-MEDIUM-MARINE	Environment_Medium_SD	marine	true
GCA_002694595.1	SAMN07619869	Hyphomicrobiales bacterium	SC1-ENV-MEDIUM-MARINE	Environment_Medium_SD	marine	true
GCA_002694625.1	SAMN07618158	Acidimicrobiaceae bacterium	SC1-ENV-MEDIUM-MARINE	Environment_Medium_SD	marine	true
GCA_002694645.1	SAMN07618571	Crocinitomicaceae bacterium	SC1-ENV-MEDIUM-MARINE	Environment_Medium_SD	marine	true
GCA_002694655.1	SAMN07620411	Gammaproteobacteria bacterium	SC1-ENV-MEDIUM-MARINE	Environment_Medium_SD	marine	true
GCA_002694685.1	SAMN07618412	Balneola sp.	SC1-ENV-MEDIUM-MARINE	Environment_Medium_SD	marine	true
GCA_002694695.1	SAMN07620412	Gammaproteobacteria bacterium	SC1-ENV-MEDIUM-MARINE	Environment_Medium_SD	marine	true
GCA_002694745.1	SAMN07618565	Croceicoccus sp.	SC1-ENV-MEDIUM-MARINE	Environment_Medium_SD	marine	true
GCA_002694765.1	SAMN07620248	Xanthomarina sp.	SC1-ENV-MEDIUM-MARINE	Environment_Medium_SD	marine	true
GCA_002694775.1	SAMN07620112	Sphingomonadaceae bacterium	SC1-ENV-MEDIUM-MARINE	Environment_Medium_SD	marine	true
GCA_002694805.1	SAMN07620335	Gammaproteobacteria bacterium	SC1-ENV-MEDIUM-MARINE	Environment_Medium_SD	marine	true
GCA_002694825.1	SAMN07618156	Acidimicrobiaceae bacterium	SC1-ENV-MEDIUM-MARINE	Environment_Medium_SD	marine	true
GCA_002694845.1	SAMN07620173	Tistrella sp.	SC1-ENV-MEDIUM-MARINE	Environment_Medium_SD	marine	true
GCA_002694855.1	SAMN07620334	Gammaproteobacteria bacterium	SC1-ENV-MEDIUM-MARINE	Environment_Medium_SD	marine	true
GCA_002694885.1	SAMN07619559	Opitutaceae bacterium	SC1-ENV-MEDIUM-MARINE	Environment_Medium_SD	marine	true
GCA_002694895.1	SAMN07618449	Chloroflexota bacterium	SC1-ENV-MEDIUM-MARINE	Environment_Medium_SD	marine	true
GCA_002694925.1	SAMN07618307	Alphaproteobacteria bacterium	SC1-ENV-MEDIUM-MARINE	Environment_Medium_SD	marine	true
GCA_002694945.1	SAMN07620333	Gammaproteobacteria bacterium	SC1-ENV-MEDIUM-MARINE	Environment_Medium_SD	marine	true
GCA_002694955.1	SAMN07619700	Planctomycetaceae bacterium	SC1-ENV-MEDIUM-MARINE	Environment_Medium_SD	marine	true
GCA_002694985.1	SAMN07619605	Parvibaculum sp.	SC1-ENV-MEDIUM-MARINE	Environment_Medium_SD	marine	true
GCA_002695005.1	SAMN07619455	Maritimibacter sp.	SC1-ENV-MEDIUM-MARINE	Environment_Medium_SD	marine	true
GCA_002695025.1	SAMN07619579	Owenweeksia sp.	SC1-ENV-MEDIUM-MARINE	Environment_Medium_SD	marine	true
GCA_002695035.1	SAMN07619472	Micavibrio sp.	SC1-ENV-MEDIUM-MARINE	Environment_Medium_SD	marine	true
GCA_002695065.1	SAMN07620069	Salinicola sp.	SC1-ENV-MEDIUM-MARINE	Environment_Medium_SD	marine	true
GCA_002695075.1	SAMN07619337	Fidelibacterota bacterium	SC1-ENV-MEDIUM-MARINE	Environment_Medium_SD	marine	true
GCA_002695115.1	SAMN07619735	Planctomycetota bacterium	SC1-ENV-MEDIUM-MARINE	Environment_Medium_SD	marine	true
GCA_002695155.1	SAMN07619427	Marinobacter sp.	SC1-ENV-MEDIUM-MARINE	Environment_Medium_SD	marine	true
GCA_002695185.1	SAMN07618694	Erythrobacter sp.	SC1-ENV-MEDIUM-MARINE	Environment_Medium_SD	marine	true
GCA_002695205.1	SAMN07619479	Microbacterium sp.	SC1-ENV-MEDIUM-MARINE	Environment_Medium_SD	marine	true
GCA_002695225.1	SAMN07619336	Fidelibacterota bacterium	SC1-ENV-MEDIUM-MARINE	Environment_Medium_SD	marine	true
GCA_002695245.1	SAMN07618448	Chloroflexota bacterium	SC1-ENV-MEDIUM-MARINE	Environment_Medium_SD	marine	true
GCA_002695265.1	SAMN07618562	Croceibacter sp.	SC1-ENV-MEDIUM-MARINE	Environment_Medium_SD	marine	true
GCA_002695285.1	SAMN07619335	Fidelibacterota bacterium	SC1-ENV-MEDIUM-MARINE	Environment_Medium_SD	marine	true
GCA_002695305.1	SAMN07618446	Chloroflexota bacterium	SC1-ENV-MEDIUM-MARINE	Environment_Medium_SD	marine	true
GCA_002695315.1	SAMN07618447	Chloroflexota bacterium	SC1-ENV-MEDIUM-MARINE	Environment_Medium_SD	marine	true
GCA_002695345.1	SAMN07618328	Alteromonadaceae bacterium	SC1-ENV-MEDIUM-MARINE	Environment_Medium_SD	marine	true
GCA_002695365.1	SAMN07619495	Myxococcales bacterium	SC1-ENV-MEDIUM-MARINE	Environment_Medium_SD	marine	true
GCA_002695375.1	SAMN07619867	Rhizobiaceae bacterium	SC1-ENV-MEDIUM-MARINE	Environment_Medium_SD	marine	true
GCA_002695405.1	SAMN07619334	Fidelibacterota bacterium	SC1-ENV-MEDIUM-MARINE	Environment_Medium_SD	marine	true
GCA_002695425.1	SAMN07619050	Flavobacteriales bacterium	SC1-ENV-MEDIUM-MARINE	Environment_Medium_SD	marine	true
GCA_002695445.1	SAMN07618954	Flavobacteriaceae bacterium	SC1-ENV-MEDIUM-MARINE	Environment_Medium_SD	marine	true
GCA_002695465.1	SAMN07619249	Hyphomonas sp.	SC1-ENV-MEDIUM-MARINE	Environment_Medium_SD	marine	true
GCA_002695485.1	SAMN07620107	Sphingobium sp.	SC1-ENV-MEDIUM-MARINE	Environment_Medium_SD	marine	true
GCA_002695495.1	SAMN07619609	Pedosphaera sp.	SC1-ENV-MEDIUM-MARINE	Environment_Medium_SD	marine	true
GCA_002695545.1	SAMN07619458	Mesonia sp.	SC1-ENV-MEDIUM-MARINE	Environment_Medium_SD	marine	true
GCA_002695565.1	SAMN07619632	Pelagibacteraceae bacterium	SC1-ENV-MEDIUM-MARINE	Environment_Medium_SD	marine	true
GCA_002695585.1	SAMN07620084	SAR116 cluster bacterium	SC1-ENV-MEDIUM-MARINE	Environment_Medium_SD	marine	true
GCA_002695605.1	SAMN07618953	Flavobacteriaceae bacterium	SC1-ENV-MEDIUM-MARINE	Environment_Medium_SD	marine	true
GCA_002695625.1	SAMN07620408	Gammaproteobacteria bacterium	SC1-ENV-MEDIUM-MARINE	Environment_Medium_SD	marine	true
GCA_002695645.1	SAMN07619565	Opitutia bacterium	SC1-ENV-MEDIUM-MARINE	Environment_Medium_SD	marine	true
GCA_002695655.1	SAMN07620194	Verrucomicrobiales bacterium	SC1-ENV-MEDIUM-MARINE	Environment_Medium_SD	marine	true
GCA_002695685.1	SAMN07619897	Paracoccaceae bacterium	SC1-ENV-MEDIUM-MARINE	Environment_Medium_SD	marine	true
GCA_002695705.1	SAMN07619153	Gemmatimonadota bacterium	SC1-ENV-MEDIUM-MARINE	Environment_Medium_SD	marine	true
GCA_002695715.1	SAMN07619308	Magnetovibrio sp.	SC1-ENV-MEDIUM-MARINE	Environment_Medium_SD	marine	true
GCA_002695745.2	SAMN07619914	Rhodobacterales bacterium	SC1-ENV-MEDIUM-MARINE	Environment_Medium_SD	marine	true
GCA_002695765.1	SAMN07620406	Gammaproteobacteria bacterium	SC1-ENV-MEDIUM-MARINE	Environment_Medium_SD	marine	true
GCA_002695775.1	SAMN07619152	Gemmatimonadota bacterium	SC1-ENV-MEDIUM-MARINE	Environment_Medium_SD	marine	true
GCA_002695785.1	SAMN07619248	Hyphomonas sp.	SC1-ENV-MEDIUM-MARINE	Environment_Medium_SD	marine	true
GCA_002695825.1	SAMN07618300	Algoriphagus sp.	SC1-ENV-MEDIUM-MARINE	Environment_Medium_SD	marine	true
GCA_002695845.1	SAMN07619332	Fidelibacterota bacterium	SC1-ENV-MEDIUM-MARINE	Environment_Medium_SD	marine	true
GCA_002695855.1	SAMN07618445	Chloroflexota bacterium	SC1-ENV-MEDIUM-MARINE	Environment_Medium_SD	marine	true
GCA_002695885.1	SAMN07619868	Hyphomicrobiales bacterium	SC1-ENV-MEDIUM-MARINE	Environment_Medium_SD	marine	true
GCA_002695905.1	SAMN07619604	Parvibaculum sp.	SC1-ENV-MEDIUM-MARINE	Environment_Medium_SD	marine	true
GCA_002695925.1	SAMN07619228	Henriciella sp.	SC1-ENV-MEDIUM-MARINE	Environment_Medium_SD	marine	true
GCA_002695945.1	SAMN07619421	Marinimicrobium sp.	SC1-ENV-MEDIUM-MARINE	Environment_Medium_SD	marine	true
GCA_002695955.1	SAMN07619235	Hyphomonadaceae bacterium	SC1-ENV-MEDIUM-MARINE	Environment_Medium_SD	marine	true
GCA_002695985.1	SAMN07620060	Roseovarius sp.	SC1-ENV-MEDIUM-MARINE	Environment_Medium_SD	marine	true
GCA_002696005.1	SAMN07619254	Idiomarina sp.	SC1-ENV-MEDIUM-MARINE	Environment_Medium_SD	marine	true
GCA_002696025.1	SAMN07618569	Crocinitomicaceae bacterium	SC1-ENV-MEDIUM-MARINE	Environment_Medium_SD	marine	true
GCA_002696035.1	SAMN07618411	Balneola sp.	SC1-ENV-MEDIUM-MARINE	Environment_Medium_SD	marine	true
GCA_002696065.1	SAMN07618341	Alteromonas sp.	SC1-ENV-MEDIUM-MARINE	Environment_Medium_SD	marine	true
GCA_002696075.1	SAMN07618410	Balneola sp.	SC1-ENV-MEDIUM-MARINE	Environment_Medium_SD	marine	true
GCA_002696105.1	SAMN07618951	Flavobacteriaceae bacterium	SC1-ENV-MEDIUM-MARINE	Environment_Medium_SD	marine	true
GCA_002696115.1	SAMN07620059	Roseovarius sp.	SC1-ENV-MEDIUM-MARINE	Environment_Medium_SD	marine	true
GCA_002696125.1	SAMN07619220	Halomonas sp.	SC1-ENV-MEDIUM-MARINE	Environment_Medium_SD	marine	true
GCA_002696165.1	SAMN07619669	Phycisphaerae bacterium	SC1-ENV-MEDIUM-MARINE	Environment_Medium_SD	marine	true
GCA_002696185.1	SAMN07618285	Alcanivorax sp.	SC1-ENV-MEDIUM-MARINE	Environment_Medium_SD	marine	true
GCA_002696205.1	SAMN07620005	Rhodospirillaceae bacterium	SC1-ENV-MEDIUM-MARINE	Environment_Medium_SD	marine	true
GCA_002696215.1	SAMN07619488	Allomuricauda sp.	SC1-ENV-MEDIUM-MARINE	Environment_Medium_SD	marine	true
GCA_002696225.1	SAMN07618154	Acidimicrobiaceae bacterium	SC1-ENV-MEDIUM-MARINE	Environment_Medium_SD	marine	true
GCA_002696265.1	SAMN07618444	Chloroflexota bacterium	SC1-ENV-MEDIUM-MARINE	Environment_Medium_SD	marine	true
GCA_002696275.1	SAMN07619046	Flavobacteriales bacterium	SC1-ENV-MEDIUM-MARINE	Environment_Medium_SD	marine	true
GCA_002696305.1	SAMN07618272	Aequorivita sp.	SC1-ENV-MEDIUM-MARINE	Environment_Medium_SD	marine	true
GCA_002696345.1	SAMN07619494	Myxococcales bacterium	SC1-ENV-MEDIUM-MARINE	Environment_Medium_SD	marine	true
GCA_002696365.1	SAMN07620404	Gammaproteobacteria bacterium	SC1-ENV-MEDIUM-MARINE	Environment_Medium_SD	marine	true
GCA_002696375.1	SAMN07620403	Gammaproteobacteria bacterium	SC1-ENV-MEDIUM-MARINE	Environment_Medium_SD	marine	true
GCA_002696385.1	SAMN07619219	Halomonas sp.	SC1-ENV-MEDIUM-MARINE	Environment_Medium_SD	marine	true
GCA_002696425.2	SAMN07618381	bacterium	SC1-ENV-MEDIUM-MARINE	Environment_Medium_SD	marine	true
GCA_002696445.1	SAMN07620106	Sphingobium sp.	SC1-ENV-MEDIUM-MARINE	Environment_Medium_SD	marine	true
GCA_002696455.1	SAMN07619193	Halieaceae bacterium	SC1-ENV-MEDIUM-MARINE	Environment_Medium_SD	marine	true
GCA_002696485.1	SAMN07618350	Altibacter sp.	SC1-ENV-MEDIUM-MARINE	Environment_Medium_SD	marine	true
GCA_002696525.1	SAMN07619326	Fidelibacterota bacterium	SC1-ENV-MEDIUM-MARINE	Environment_Medium_SD	marine	true
GCA_002696585.1	SAMN07619919	Rhodobiaceae bacterium	SC1-ENV-MEDIUM-MARINE	Environment_Medium_SD	marine	true
GCA_002696605.1	SAMN07619824	Pseudomonadales bacterium	SC1-ENV-MEDIUM-MARINE	Environment_Medium_SD	marine	true
GCA_002696645.1	SAMN07620025	Rhodospirillales bacterium	SC1-ENV-MEDIUM-MARINE	Environment_Medium_SD	marine	true
GCA_002696665.1	SAMN07619045	Flavobacteriales bacterium	SC1-ENV-MEDIUM-MARINE	Environment_Medium_SD	marine	true
GCA_002696685.1	SAMN07618443	Chloroflexota bacterium	SC1-ENV-MEDIUM-MARINE	Environment_Medium_SD	marine	true
GCA_002696705.1	SAMN07620245	Woeseiaceae bacterium	SC1-ENV-MEDIUM-MARINE	Environment_Medium_SD	marine	true
GCA_002696725.1	SAMN07619044	Flavobacteriales bacterium	SC1-ENV-MEDIUM-MARINE	Environment_Medium_SD	marine	true
GCA_002696735.1	SAMN07619461	Methylophaga sp.	SC1-ENV-MEDIUM-MARINE	Environment_Medium_SD	marine	true
GCA_002696765.1	SAMN07619425	Marinobacter sp.	SC1-ENV-MEDIUM-MARINE	Environment_Medium_SD	marine	true
GCA_002696775.1	SAMN07618950	Flavobacteriaceae bacterium	SC1-ENV-MEDIUM-MARINE	Environment_Medium_SD	marine	true
GCA_002696805.1	SAMN07619328	Fidelibacterota bacterium	SC1-ENV-MEDIUM-MARINE	Environment_Medium_SD	marine	true
GCA_002696825.1	SAMN07620032	Rickettsiales bacterium	SC1-ENV-MEDIUM-MARINE	Environment_Medium_SD	marine	true
GCA_002696855.1	SAMN07618327	Alteromonadaceae bacterium	SC1-ENV-MEDIUM-MARINE	Environment_Medium_SD	marine	true
GCA_002696885.1	SAMN07620193	Verrucomicrobiales bacterium	SC1-ENV-MEDIUM-MARINE	Environment_Medium_SD	marine	true
GCA_002696905.1	SAMN07619955	Rhodospirillaceae bacterium	SC1-ENV-MEDIUM-MARINE	Environment_Medium_SD	marine	true
GCA_002696915.1	SAMN07619944	Rhodopirellula sp.	SC1-ENV-MEDIUM-MARINE	Environment_Medium_SD	marine	true
GCA_002696935.1	SAMN07620031	Rickettsiales bacterium	SC1-ENV-MEDIUM-MARINE	Environment_Medium_SD	marine	true
GCA_002696965.1	SAMN07619071	Flavobacteriales bacterium	SC1-ENV-MEDIUM-MARINE	Environment_Medium_SD	marine	true
GCA_002696985.1	SAMN07619459	Mesonia sp.	SC1-ENV-MEDIUM-MARINE	Environment_Medium_SD	marine	true
GCA_002696995.1	SAMN07618931	Flammeovirgaceae bacterium	SC1-ENV-MEDIUM-MARINE	Environment_Medium_SD	marine	true
GCA_002697005.1	SAMN07618466	Chloroflexota bacterium	SC1-ENV-MEDIUM-MARINE	Environment_Medium_SD	marine	true
GCA_002697045.1	SAMN07618697	Erythrobacteraceae bacterium	SC1-ENV-MEDIUM-MARINE	Environment_Medium_SD	marine	true
GCA_002697085.1	SAMN07618271	Aequorivita sp.	SC1-ENV-MEDIUM-MARINE	Environment_Medium_SD	marine	true
GCA_002697115.1	SAMN07619699	Planctomycetaceae bacterium	SC1-ENV-MEDIUM-MARINE	Environment_Medium_SD	marine	true
GCA_002697135.1	SAMN07619534	Oceanicaulis sp.	SC1-ENV-MEDIUM-MARINE	Environment_Medium_SD	marine	true
GCA_002697165.1	SAMN07619647	Pelagibacteraceae bacterium	SC1-ENV-MEDIUM-MARINE	Environment_Medium_SD	marine	true
GCA_002697205.1	SAMN07620355	Gammaproteobacteria bacterium	SC1-ENV-MEDIUM-MARINE	Environment_Medium_SD	marine	true
GCA_002697225.1	SAMN07619760	Candidatus Poribacteria bacterium	SC1-ENV-MEDIUM-MARINE	Environment_Medium_SD	marine	true
GCA_002697245.1	SAMN07620165	Thioclava sp.	SC1-ENV-MEDIUM-MARINE	Environment_Medium_SD	marine	true
GCA_002697255.1	SAMN07618995	Flavobacteriaceae bacterium	SC1-ENV-MEDIUM-MARINE	Environment_Medium_SD	marine	true
GCA_002697285.1	SAMN07619759	Candidatus Poribacteria bacterium	SC1-ENV-MEDIUM-MARINE	Environment_Medium_SD	marine	true
GCA_002697325.1	SAMN07619964	Rhodospirillaceae bacterium	SC1-ENV-MEDIUM-MARINE	Environment_Medium_SD	marine	true
GCA_002697345.1	SAMN07619888	Paracoccaceae bacterium	SC1-ENV-MEDIUM-MARINE	Environment_Medium_SD	marine	true
GCA_002697365.1	SAMN07618994	Flavobacteriaceae bacterium	SC1-ENV-MEDIUM-MARINE	Environment_Medium_SD	marine	true
GCA_002697385.1	SAMN07619094	Gammaproteobacteria bacterium	SC1-ENV-MEDIUM-MARINE	Environment_Medium_SD	marine	true
GCA_002697405.1	SAMN07618930	Flammeovirgaceae bacterium	SC1-ENV-MEDIUM-MARINE	Environment_Medium_SD	marine	true
GCA_002697445.1	SAMN07620028	Rhodothermaceae bacterium	SC1-ENV-MEDIUM-MARINE	Environment_Medium_SD	marine	true
GCA_002697465.1	SAMN07618993	Flavobacteriaceae bacterium	SC1-ENV-MEDIUM-MARINE	Environment_Medium_SD	marine	true
GCA_002697475.1	SAMN07618358	Aquimarina sp.	SC1-ENV-MEDIUM-MARINE	Environment_Medium_SD	marine	true
GCA_002697505.1	SAMN07619069	Flavobacteriales bacterium	SC1-ENV-MEDIUM-MARINE	Environment_Medium_SD	marine	true
GCA_002697525.1	SAMN07619068	Flavobacteriales bacterium	SC1-ENV-MEDIUM-MARINE	Environment_Medium_SD	marine	true
GCA_002697535.1	SAMN07618248	Actinomycetota bacterium	SC1-ENV-MEDIUM-MARINE	Environment_Medium_SD	marine	true
GCA_002697565.1	SAMN07620353	Gammaproteobacteria bacterium	SC1-ENV-MEDIUM-MARINE	Environment_Medium_SD	marine	true
GCA_002697585.1	SAMN07618462	Chloroflexota bacterium	SC1-ENV-MEDIUM-MARINE	Environment_Medium_SD	marine	true
GCA_002697595.1	SAMN07619365	Fidelibacterota bacterium	SC1-ENV-MEDIUM-MARINE	Environment_Medium_SD	marine	true
GCA_002697625.1	SAMN07619066	Flavobacteriales bacterium	SC1-ENV-MEDIUM-MARINE	Environment_Medium_SD	marine	true
GCA_002697635.1	SAMN07618629	Dehalococcoidia bacterium	SC1-ENV-MEDIUM-MARINE	Environment_Medium_SD	marine	true
GCA_002697665.2	SAMN07618382	bacterium	SC1-ENV-MEDIUM-MARINE	Environment_Medium_SD	marine	true
GCA_002697725.1	SAMN07620037	Rickettsiales bacterium	SC1-ENV-MEDIUM-MARINE	Environment_Medium_SD	marine	true
GCA_002697735.1	SAMN07619222	Halomonas sp.	SC1-ENV-MEDIUM-MARINE	Environment_Medium_SD	marine	true
GCA_002697745.1	SAMN07619513	Nitratireductor sp.	SC1-ENV-MEDIUM-MARINE	Environment_Medium_SD	marine	true
GCA_002697785.1	SAMN07619887	Paracoccaceae bacterium	SC1-ENV-MEDIUM-MARINE	Environment_Medium_SD	marine	true
GCA_002697805.1	SAMN07618302	Alphaproteobacteria bacterium	SC1-ENV-MEDIUM-MARINE	Environment_Medium_SD	marine	true
GCA_002697855.1	SAMN07619147	Gemmatimonadaceae bacterium	SC1-ENV-MEDIUM-MARINE	Environment_Medium_SD	marine	true
GCA_002697885.1	SAMN07619278	Leeuwenhoekiella sp.	SC1-ENV-MEDIUM-MARINE	Environment_Medium_SD	marine	true
GCA_002697905.1	SAMN07618927	Flammeovirgaceae bacterium	SC1-ENV-MEDIUM-MARINE	Environment_Medium_SD	marine	true
GCA_002697925.1	SAMN07619089	Gammaproteobacteria bacterium	SC1-ENV-MEDIUM-MARINE	Environment_Medium_SD	marine	true
GCA_002697945.1	SAMN07619090	Gammaproteobacteria bacterium	SC1-ENV-MEDIUM-MARINE	Environment_Medium_SD	marine	true
GCA_002697965.1	SAMN07618170	Acidimicrobiaceae bacterium	SC1-ENV-MEDIUM-MARINE	Environment_Medium_SD	marine	true
GCA_002697985.1	SAMN07619088	Gammaproteobacteria bacterium	SC1-ENV-MEDIUM-MARINE	Environment_Medium_SD	marine	true
GCA_002698005.1	SAMN07619778	Porticoccaceae bacterium	SC1-ENV-MEDIUM-MARINE	Environment_Medium_SD	marine	true
GCA_002698025.1	SAMN07619096	Gammaproteobacteria bacterium	SC1-ENV-MEDIUM-MARINE	Environment_Medium_SD	marine	true
GCA_002698045.1	SAMN07620168	Thiotrichales bacterium	SC1-ENV-MEDIUM-MARINE	Environment_Medium_SD	marine	true
GCA_002698065.1	SAMN07618331	Alteromonadaceae bacterium	SC1-ENV-MEDIUM-MARINE	Environment_Medium_SD	marine	true
GCA_002698075.1	SAMN07620094	SAR116 cluster bacterium	SC1-ENV-MEDIUM-MARINE	Environment_Medium_SD	marine	true
GCA_002698125.1	SAMN07618173	Acidimicrobiaceae bacterium	SC1-ENV-MEDIUM-MARINE	Environment_Medium_SD	marine	true
GCA_002698165.1	SAMN07619745	Planktomarina sp.	SC1-ENV-MEDIUM-MARINE	Environment_Medium_SD	marine	true
GCA_002698185.1	SAMN07620026	Rhodospirillales bacterium	SC1-ENV-MEDIUM-MARINE	Environment_Medium_SD	marine	true
GCA_002698195.1	SAMN07619095	Gammaproteobacteria bacterium	SC1-ENV-MEDIUM-MARINE	Environment_Medium_SD	marine	true
GCA_002698235.1	SAMN07619367	Fidelibacterota bacterium	SC1-ENV-MEDIUM-MARINE	Environment_Medium_SD	marine	true
GCA_002698265.1	SAMN07618464	Chloroflexota bacterium	SC1-ENV-MEDIUM-MARINE	Environment_Medium_SD	marine	true
GCA_002698305.1	SAMN07618429	Candidatus Campbellbacteria bacterium	SC1-ENV-MEDIUM-MARINE	Environment_Medium_SD	marine	true
GCA_002698325.1	SAMN07618383	bacterium	SC1-ENV-MEDIUM-MARINE	Environment_Medium_SD	marine	true
GCA_002698345.1	SAMN07618460	Chloroflexota bacterium	SC1-ENV-MEDIUM-MARINE	Environment_Medium_SD	marine	true
GCA_002698365.1	SAMN07619067	Flavobacteriales bacterium	SC1-ENV-MEDIUM-MARINE	Environment_Medium_SD	marine	true
GCA_002698385.1	SAMN07619872	Hyphomicrobiales bacterium	SC1-ENV-MEDIUM-MARINE	Environment_Medium_SD	marine	true
GCA_002698425.1	SAMN07618279	Ahrensia sp.	SC1-ENV-MEDIUM-MARINE	Environment_Medium_SD	marine	true
GCA_002698445.1	SAMN07618172	Acidimicrobiaceae bacterium	SC1-ENV-MEDIUM-MARINE	Environment_Medium_SD	marine	true
GCA_002698485.1	SAMN07618458	Chloroflexota bacterium	SC1-ENV-MEDIUM-MARINE	Environment_Medium_SD	marine	true
GCA_002698505.1	SAMN07620141	Synechococcus sp. NAT40	SC1-ENV-MEDIUM-MARINE	Environment_Medium_SD	marine	true
GCA_002698525.1	SAMN07618457	Chloroflexota bacterium	SC1-ENV-MEDIUM-MARINE	Environment_Medium_SD	marine	true
GCA_002698575.1	SAMN07619688	Pimelobacter sp.	SC1-ENV-MEDIUM-MARINE	Environment_Medium_SD	marine	true
GCA_002698605.1	SAMN07619360	Fidelibacterota bacterium	SC1-ENV-MEDIUM-MARINE	Environment_Medium_SD	marine	true
GCA_002698625.1	SAMN07619064	Flavobacteriales bacterium	SC1-ENV-MEDIUM-MARINE	Environment_Medium_SD	marine	true
GCA_002698645.1	SAMN07619299	Legionellales bacterium	SC1-ENV-MEDIUM-MARINE	Environment_Medium_SD	marine	true
GCA_002698665.1	SAMN07619087	Gammaproteobacteria bacterium	SC1-ENV-MEDIUM-MARINE	Environment_Medium_SD	marine	true
GCA_002698675.1	SAMN07619543	Oceanospirillaceae bacterium	SC1-ENV-MEDIUM-MARINE	Environment_Medium_SD	marine	true
GCA_002698705.1	SAMN07620324	Formosa sp.	SC1-ENV-MEDIUM-MARINE	Environment_Medium_SD	marine	true
GCA_002698745.1	SAMN07618987	Flavobacteriaceae bacterium	SC1-ENV-MEDIUM-MARINE	Environment_Medium_SD	marine	true
GCA_002698765.1	SAMN07619359	Fidelibacterota bacterium	SC1-ENV-MEDIUM-MARINE	Environment_Medium_SD	marine	true
GCA_002698785.1	SAMN07620199	Verrucomicrobiales bacterium	SC1-ENV-MEDIUM-MARINE	Environment_Medium_SD	marine	true
GCA_002698825.1	SAMN07619289	Legionellales bacterium	SC1-ENV-MEDIUM-MARINE	Environment_Medium_SD	marine	true
GCA_002698845.1	SAMN07619288	Legionellales bacterium	SC1-ENV-MEDIUM-MARINE	Environment_Medium_SD	marine	true
GCA_002698865.1	SAMN07619885	Paracoccaceae bacterium	SC1-ENV-MEDIUM-MARINE	Environment_Medium_SD	marine	true
GCA_002698895.1	SAMN07620257	Zunongwangia sp.	SC1-ENV-MEDIUM-MARINE	Environment_Medium_SD	marine	true
GCA_002698925.1	SAMN07619273	Kiritimatiellaceae bacterium	SC1-ENV-MEDIUM-MARINE	Environment_Medium_SD	marine	true
GCA_002698945.1	SAMN07618169	Acidimicrobiaceae bacterium	SC1-ENV-MEDIUM-MARINE	Environment_Medium_SD	marine	true
GCA_002698965.1	SAMN07619946	Rhodopirellula sp.	SC1-ENV-MEDIUM-MARINE	Environment_Medium_SD	marine	true
GCA_002698985.1	SAMN07620076	Saprospirales bacterium	SC1-ENV-MEDIUM-MARINE	Environment_Medium_SD	marine	true
GCA_002698995.1	SAMN07619267	Ignavibacteriota bacterium	SC1-ENV-MEDIUM-MARINE	Environment_Medium_SD	marine	true
GCA_002699025.1	SAMN07620073	Sandaracinus sp.	SC1-ENV-MEDIUM-MARINE	Environment_Medium_SD	marine	true
GCA_002699035.1	SAMN07620179	Verrucomicrobiaceae bacterium	SC1-ENV-MEDIUM-MARINE	Environment_Medium_SD	marine	true
GCA_002699065.1	SAMN07620273	Roseibacillus sp.	SC1-ENV-MEDIUM-MARINE	Environment_Medium_SD	marine	true
GCA_002699085.1	SAMN07619474	Micavibrio sp.	SC1-ENV-MEDIUM-MARINE	Environment_Medium_SD	marine	true
GCA_002699105.1	SAMN07618691	Ectothiorhodospiraceae bacterium	SC1-ENV-MEDIUM-MARINE	Environment_Medium_SD	marine	true
GCA_002699125.1	SAMN07618353	Anaerolineaceae bacterium	SC1-ENV-MEDIUM-MARINE	Environment_Medium_SD	marine	true
GCA_002699145.1	SAMN07619203	Halioglobus sp.	SC1-ENV-MEDIUM-MARINE	Environment_Medium_SD	marine	true
GCA_002699165.1	SAMN07618451	Chloroflexota bacterium	SC1-ENV-MEDIUM-MARINE	Environment_Medium_SD	marine	true
GCA_002699185.1	SAMN07620101	Gammaproteobacteria bacterium	SC1-ENV-MEDIUM-MARINE	Environment_Medium_SD	marine	true
GCA_002699205.1	SAMN07619490	Allomuricauda sp.	SC1-ENV-MEDIUM-MARINE	Environment_Medium_SD	marine	true
GCA_002699225.1	SAMN07620067	Candidatus Saccharimonadota bacterium	SC1-ENV-MEDIUM-MARINE	Environment_Medium_SD	marine	true
GCA_002699245.1	SAMN07618277	Aestuariivita sp.	SC1-ENV-MEDIUM-MARINE	Environment_Medium_SD	marine	true
GCA_002699265.1	SAMN07618979	Flavobacteriaceae bacterium	SC1-ENV-MEDIUM-MARINE	Environment_Medium_SD	marine	true
GCA_002699285.1	SAMN07620350	Gammaproteobacteria bacterium	SC1-ENV-MEDIUM-MARINE	Environment_Medium_SD	marine	true
GCA_002699305.1	SAMN07619457	Martelella sp.	SC1-ENV-MEDIUM-MARINE	Environment_Medium_SD	marine	true
GCA_002699325.1	SAMN07619750	Ponticaulis sp.	SC1-ENV-MEDIUM-MARINE	Environment_Medium_SD	marine	true
GCA_002699335.1	SAMN07619758	Candidatus Poribacteria bacterium	SC1-ENV-MEDIUM-MARINE	Environment_Medium_SD	marine	true
GCA_002699365.1	SAMN07618560	Coraliomargarita sp.	SC1-ENV-MEDIUM-MARINE	Environment_Medium_SD	marine	true
GCA_002699375.1	SAMN07620015	Rhodospirillaceae bacterium	SC1-ENV-MEDIUM-MARINE	Environment_Medium_SD	marine	true
GCA_002699405.1	SAMN07620351	Gammaproteobacteria bacterium	SC1-ENV-MEDIUM-MARINE	Environment_Medium_SD	marine	true
GCA_002699445.1	SAMN07619485	Micrococcales bacterium	SC1-ENV-MEDIUM-MARINE	Environment_Medium_SD	marine	true
GCA_002699455.1	SAMN07618166	Acidimicrobiaceae bacterium	SC1-ENV-MEDIUM-MARINE	Environment_Medium_SD	marine	true
GCA_002699485.1	SAMN07618452	Chloroflexota bacterium	SC1-ENV-MEDIUM-MARINE	Environment_Medium_SD	marine	true
GCA_002699505.1	SAMN07618165	Acidimicrobiaceae bacterium	SC1-ENV-MEDIUM-MARINE	Environment_Medium_SD	marine	true
GCA_002699545.1	SAMN07619083	Gammaproteobacteria bacterium	SC1-ENV-MEDIUM-MARINE	Environment_Medium_SD	marine	true
GCA_002699555.1	SAMN07618626	Dehalococcoidia bacterium	SC1-ENV-MEDIUM-MARINE	Environment_Medium_SD	marine	true
GCA_002699585.1	SAMN07618352	Anaerolineaceae bacterium	SC1-ENV-MEDIUM-MARINE	Environment_Medium_SD	marine	true
GCA_002699605.1	SAMN07619489	Allomuricauda sp.	SC1-ENV-MEDIUM-MARINE	Environment_Medium_SD	marine	true
GCA_002699615.1	SAMN07619930	Rhodobiaceae bacterium	SC1-ENV-MEDIUM-MARINE	Environment_Medium_SD	marine	true
GCA_002699625.1	SAMN07618164	Acidimicrobiaceae bacterium	SC1-ENV-MEDIUM-MARINE	Environment_Medium_SD	marine	true
GCA_002699685.1	SAMN07618978	Flavobacteriaceae bacterium	SC1-ENV-MEDIUM-MARINE	Environment_Medium_SD	marine	true
GCA_002699695.2	SAMN07619883	Paracoccaceae bacterium	SC1-ENV-MEDIUM-MARINE	Environment_Medium_SD	marine	true
GCA_002699725.1	SAMN07618163	Acidimicrobiaceae bacterium	SC1-ENV-MEDIUM-MARINE	Environment_Medium_SD	marine	true
GCA_002699745.1	SAMN07618575	Crocinitomicaceae bacterium	SC1-ENV-MEDIUM-MARINE	Environment_Medium_SD	marine	true
GCA_002699765.1	SAMN07618664	Deltaproteobacteria bacterium	SC1-ENV-MEDIUM-MARINE	Environment_Medium_SD	marine	true
GCA_002699795.1	SAMN07619651	Candidatus Pelagibacterales bacterium	SC1-ENV-MEDIUM-MARINE	Environment_Medium_SD	marine	true
GCA_002700085.1	SAMN07618247	Actinomycetota bacterium	SC1-ENV-MEDIUM-MARINE	Environment_Medium_SD	marine	true
GCA_002700095.1	SAMN07620325	Fulvimarina sp.	SC1-ENV-MEDIUM-MARINE	Environment_Medium_SD	marine	true
GCA_002700125.1	SAMN07618644	Dehalococcoidia bacterium	SC1-ENV-MEDIUM-MARINE	Environment_Medium_SD	marine	true
GCA_002700145.1	SAMN07619178	Gordonia sp. (in: high G+C Gram-positive bacteria)	SC1-ENV-MEDIUM-MARINE	Environment_Medium_SD	marine	true
GCA_002700185.1	SAMN07619848	Pseudozobellia sp.	SC1-ENV-MEDIUM-MARINE	Environment_Medium_SD	marine	true
GCA_002700205.1	SAMN07618246	Actinomycetota bacterium	SC1-ENV-MEDIUM-MARINE	Environment_Medium_SD	marine	true
GCA_002700215.1	SAMN07619084	Gammaproteobacteria bacterium	SC1-ENV-MEDIUM-MARINE	Environment_Medium_SD	marine	true
GCA_002700245.1	SAMN07620197	Verrucomicrobiales bacterium	SC1-ENV-MEDIUM-MARINE	Environment_Medium_SD	marine	true
GCA_002700265.1	SAMN07619606	Parvibaculum sp.	SC1-ENV-MEDIUM-MARINE	Environment_Medium_SD	marine	true
GCA_002700285.1	SAMN07618576	Crocinitomicaceae bacterium	SC1-ENV-MEDIUM-MARINE	Environment_Medium_SD	marine	true
GCA_002700305.1	SAMN07619250	Hyphomonas sp.	SC1-ENV-MEDIUM-MARINE	Environment_Medium_SD	marine	true
GCA_002700325.1	SAMN07620253	Salipiger sp.	SC1-ENV-MEDIUM-MARINE	Environment_Medium_SD	marine	true
GCA_002700335.1	SAMN07619058	Flavobacteriales bacterium	SC1-ENV-MEDIUM-MARINE	Environment_Medium_SD	marine	true
GCA_002700365.1	SAMN07619275	Kordiimonas sp.	SC1-ENV-MEDIUM-MARINE	Environment_Medium_SD	marine	true
GCA_002700385.1	SAMN07618610	Cycloclasticus sp.	SC1-ENV-MEDIUM-MARINE	Environment_Medium_SD	marine	true
GCA_002700405.1	SAMN07618981	Flavobacteriaceae bacterium	SC1-ENV-MEDIUM-MARINE	Environment_Medium_SD	marine	true
GCA_002700415.1	SAMN07618976	Flavobacteriaceae bacterium	SC1-ENV-MEDIUM-MARINE	Environment_Medium_SD	marine	true
GCA_002700445.1	SAMN07618974	Flavobacteriaceae bacterium	SC1-ENV-MEDIUM-MARINE	Environment_Medium_SD	marine	true
GCA_002700465.1	SAMN07618973	Flavobacteriaceae bacterium	SC1-ENV-MEDIUM-MARINE	Environment_Medium_SD	marine	true
GCA_002700485.1	SAMN07620092	SAR116 cluster bacterium	SC1-ENV-MEDIUM-MARINE	Environment_Medium_SD	marine	true
GCA_002700505.1	SAMN07619928	Rhodobiaceae bacterium	SC1-ENV-MEDIUM-MARINE	Environment_Medium_SD	marine	true
GCA_002700515.1	SAMN07619929	Rhodobiaceae bacterium	SC1-ENV-MEDIUM-MARINE	Environment_Medium_SD	marine	true
GCA_002700545.1	SAMN07619927	Rhodobiaceae bacterium	SC1-ENV-MEDIUM-MARINE	Environment_Medium_SD	marine	true
GCA_002700585.1	SAMN07620437	Gammaproteobacteria bacterium	SC1-ENV-MEDIUM-MARINE	Environment_Medium_SD	marine	true
GCA_002700605.1	SAMN07619615	Candidatus Pelagibacter sp.	SC1-ENV-MEDIUM-MARINE	Environment_Medium_SD	marine	true
GCA_002700645.1	SAMN07618975	Flavobacteriaceae bacterium	SC1-ENV-MEDIUM-MARINE	Environment_Medium_SD	marine	true
GCA_002700665.1	SAMN07620347	Gammaproteobacteria bacterium	SC1-ENV-MEDIUM-MARINE	Environment_Medium_SD	marine	true
GCA_002700685.1	SAMN07620436	Gammaproteobacteria bacterium	SC1-ENV-MEDIUM-MARINE	Environment_Medium_SD	marine	true
GCA_002700705.1	SAMN07619352	Fidelibacterota bacterium	SC1-ENV-MEDIUM-MARINE	Environment_Medium_SD	marine	true
GCA_002700725.1	SAMN07620435	Gammaproteobacteria bacterium	SC1-ENV-MEDIUM-MARINE	Environment_Medium_SD	marine	true
GCA_002700745.1	SAMN07619737	Planctomycetota bacterium	SC1-ENV-MEDIUM-MARINE	Environment_Medium_SD	marine	true
GCA_002700765.1	SAMN07620140	Synechococcus sp. MED850	SC1-ENV-MEDIUM-MARINE	Environment_Medium_SD	marine	true
GCA_002700775.1	SAMN07620346	Gammaproteobacteria bacterium	SC1-ENV-MEDIUM-MARINE	Environment_Medium_SD	marine	true
GCA_002700805.1	SAMN07620433	Gammaproteobacteria bacterium	SC1-ENV-MEDIUM-MARINE	Environment_Medium_SD	marine	true
GCA_002700825.1	SAMN07620345	Gammaproteobacteria bacterium	SC1-ENV-MEDIUM-MARINE	Environment_Medium_SD	marine	true
GCA_002700845.1	SAMN07619672	Phycisphaerae bacterium	SC1-ENV-MEDIUM-MARINE	Environment_Medium_SD	marine	true
GCA_002700865.1	SAMN07620014	Rhodospirillaceae bacterium	SC1-ENV-MEDIUM-MARINE	Environment_Medium_SD	marine	true
GCA_002700885.1	SAMN07619237	Hyphomonadaceae bacterium	SC1-ENV-MEDIUM-MARINE	Environment_Medium_SD	marine	true
GCA_002700895.1	SAMN07618606	Cyanobium sp. MED843	SC1-ENV-MEDIUM-MARINE	Environment_Medium_SD	marine	true
GCA_002700915.1	SAMN07619871	Hyphomicrobiales bacterium	SC1-ENV-MEDIUM-MARINE	Environment_Medium_SD	marine	true
GCA_002700945.1	SAMN07620349	Gammaproteobacteria bacterium	SC1-ENV-MEDIUM-MARINE	Environment_Medium_SD	marine	true
GCA_002700965.1	SAMN07618977	Flavobacteriaceae bacterium	SC1-ENV-MEDIUM-MARINE	Environment_Medium_SD	marine	true
GCA_002701005.1	SAMN07619801	Pseudomonadota bacterium	SC1-ENV-MEDIUM-MARINE	Environment_Medium_SD	marine	true
GCA_002701035.1	SAMN07620348	Gammaproteobacteria bacterium	SC1-ENV-MEDIUM-MARINE	Environment_Medium_SD	marine	true
GCA_002701065.1	SAMN07620434	Gammaproteobacteria bacterium	SC1-ENV-MEDIUM-MARINE	Environment_Medium_SD	marine	true
GCA_002701075.1	SAMN07619902	Paracoccaceae bacterium	SC1-ENV-MEDIUM-MARINE	Environment_Medium_SD	marine	true
GCA_002701105.1	SAMN07619139	Gammaproteobacteria bacterium	SC1-ENV-MEDIUM-MARINE	Environment_Medium_SD	marine	true
GCA_002701115.1	SAMN07619287	Legionellales bacterium	SC1-ENV-MEDIUM-MARINE	Environment_Medium_SD	marine	true
GCA_002701165.1	SAMN07619330	Fidelibacterota bacterium	SC1-ENV-MEDIUM-MARINE	Environment_Medium_SD	marine	true
GCA_002701185.1	SAMN07619331	Fidelibacterota bacterium	SC1-ENV-MEDIUM-MARINE	Environment_Medium_SD	marine	true
GCA_002701225.1	SAMN07618625	Dehalococcoidia bacterium	SC1-ENV-MEDIUM-MARINE	Environment_Medium_SD	marine	true
GCA_002701285.1	SAMN07618557	Actibacterium sp.	SC1-ENV-MEDIUM-MARINE	Environment_Medium_SD	marine	true
GCA_002701295.1	SAMN07619751	Ponticaulis sp.	SC1-ENV-MEDIUM-MARINE	Environment_Medium_SD	marine	true
GCA_002701305.1	SAMN07618695	Erythrobacter sp.	SC1-ENV-MEDIUM-MARINE	Environment_Medium_SD	marine	true
GCA_002701315.1	SAMN07619827	Pseudomonadales bacterium	SC1-ENV-MEDIUM-MARINE	Environment_Medium_SD	marine	true
GCA_002701365.1	SAMN07619070	Flavobacteriales bacterium	SC1-ENV-MEDIUM-MARINE	Environment_Medium_SD	marine	true
GCA_002701375.1	SAMN07618607	Cyanobium sp. NAT70	SC1-ENV-MEDIUM-MARINE	Environment_Medium_SD	marine	true
GCA_002701385.1	SAMN07619947	Rhodopirellula sp.	SC1-ENV-MEDIUM-MARINE	Environment_Medium_SD	marine	true
GCA_002701395.1	SAMN07619456	Maritimibacter sp.	SC1-ENV-MEDIUM-MARINE	Environment_Medium_SD	marine	true
GCA_002701445.1	SAMN07619544	Oceanospirillaceae bacterium	SC1-ENV-MEDIUM-MARINE	Environment_Medium_SD	marine	true
GCA_002701455.1	SAMN07619963	Rhodospirillaceae bacterium	SC1-ENV-MEDIUM-MARINE	Environment_Medium_SD	marine	true
GCA_002701485.1	SAMN07620354	Gammaproteobacteria bacterium	SC1-ENV-MEDIUM-MARINE	Environment_Medium_SD	marine	true
GCA_002701495.1	SAMN07618465	Chloroflexota bacterium	SC1-ENV-MEDIUM-MARINE	Environment_Medium_SD	marine	true
GCA_002701525.1	SAMN07619368	Fidelibacterota bacterium	SC1-ENV-MEDIUM-MARINE	Environment_Medium_SD	marine	true
GCA_002701545.1	SAMN07618426	Blastopirellula sp.	SC1-ENV-MEDIUM-MARINE	Environment_Medium_SD	marine	true
GCA_002701555.1	SAMN07618310	Alphaproteobacteria bacterium	SC1-ENV-MEDIUM-MARINE	Environment_Medium_SD	marine	true
GCA_002701565.1	SAMN07620113	Sphingomonadaceae bacterium	SC1-ENV-MEDIUM-MARINE	Environment_Medium_SD	marine	true
GCA_002701605.2	SAMN07618386	bacterium	SC1-ENV-MEDIUM-MARINE	Environment_Medium_SD	marine	true
GCA_002701625.1	SAMN07618463	Chloroflexota bacterium	SC1-ENV-MEDIUM-MARINE	Environment_Medium_SD	marine	true
GCA_002701645.1	SAMN07619364	Fidelibacterota bacterium	SC1-ENV-MEDIUM-MARINE	Environment_Medium_SD	marine	true
GCA_002701665.2	SAMN07618268	Actinomycetales bacterium	SC1-ENV-MEDIUM-MARINE	Environment_Medium_SD	marine	true
GCA_002701685.1	SAMN07619915	Rhodobacterales bacterium	SC1-ENV-MEDIUM-MARINE	Environment_Medium_SD	marine	true
GCA_002701705.1	SAMN07619093	Gammaproteobacteria bacterium	SC1-ENV-MEDIUM-MARINE	Environment_Medium_SD	marine	true
GCA_002701725.1	SAMN07618461	Chloroflexota bacterium	SC1-ENV-MEDIUM-MARINE	Environment_Medium_SD	marine	true
GCA_002701745.1	SAMN07618929	Flammeovirgaceae bacterium	SC1-ENV-MEDIUM-MARINE	Environment_Medium_SD	marine	true
GCA_002701765.1	SAMN07619779	Porticoccaceae bacterium	SC1-ENV-MEDIUM-MARINE	Environment_Medium_SD	marine	true
GCA_002701785.1	SAMN07619363	Fidelibacterota bacterium	SC1-ENV-MEDIUM-MARINE	Environment_Medium_SD	marine	true
GCA_002701805.1	SAMN07618459	Chloroflexota bacterium	SC1-ENV-MEDIUM-MARINE	Environment_Medium_SD	marine	true
GCA_002701825.1	SAMN07618992	Flavobacteriaceae bacterium	SC1-ENV-MEDIUM-MARINE	Environment_Medium_SD	marine	true
GCA_002701845.1	SAMN07619850	Pseudomonadales bacterium	SC1-ENV-MEDIUM-MARINE	Environment_Medium_SD	marine	true
GCA_002701865.2	SAMN07618385	bacterium	SC1-ENV-MEDIUM-MARINE	Environment_Medium_SD	marine	true
GCA_002701875.1	SAMN07619366	Fidelibacterota bacterium	SC1-ENV-MEDIUM-MARINE	Environment_Medium_SD	marine	true
GCA_002701885.1	SAMN07619962	Rhodospirillaceae bacterium	SC1-ENV-MEDIUM-MARINE	Environment_Medium_SD	marine	true
GCA_002701925.2	SAMN07618384	bacterium	SC1-ENV-MEDIUM-MARINE	Environment_Medium_SD	marine	true
GCA_002701945.1	SAMN07619362	Fidelibacterota bacterium	SC1-ENV-MEDIUM-MARINE	Environment_Medium_SD	marine	true
GCA_002701955.1	SAMN07618614	Cytophagia bacterium	SC1-ENV-MEDIUM-MARINE	Environment_Medium_SD	marine	true
GCA_002702005.1	SAMN07619961	Rhodospirillaceae bacterium	SC1-ENV-MEDIUM-MARINE	Environment_Medium_SD	marine	true
GCA_002702025.1	SAMN07619065	Flavobacteriales bacterium	SC1-ENV-MEDIUM-MARINE	Environment_Medium_SD	marine	true
GCA_002702065.1	SAMN07618355	Anaerolineaceae bacterium	SC1-ENV-MEDIUM-MARINE	Environment_Medium_SD	marine	true
GCA_002702085.1	SAMN07618171	Acidimicrobiaceae bacterium	SC1-ENV-MEDIUM-MARINE	Environment_Medium_SD	marine	true
GCA_002702105.1	SAMN07619468	Nitrosomonadales bacterium	SC1-ENV-MEDIUM-MARINE	Environment_Medium_SD	marine	true
GCA_002702115.1	SAMN07619092	Gammaproteobacteria bacterium	SC1-ENV-MEDIUM-MARINE	Environment_Medium_SD	marine	true
GCA_002702185.1	SAMN07618991	Flavobacteriaceae bacterium	SC1-ENV-MEDIUM-MARINE	Environment_Medium_SD	marine	true
GCA_002702205.1	SAMN07618928	Flammeovirgaceae bacterium	SC1-ENV-MEDIUM-MARINE	Environment_Medium_SD	marine	true
GCA_002702225.1	SAMN07619361	Fidelibacterota bacterium	SC1-ENV-MEDIUM-MARINE	Environment_Medium_SD	marine	true
GCA_002702235.1	SAMN07619091	Gammaproteobacteria bacterium	SC1-ENV-MEDIUM-MARINE	Environment_Medium_SD	marine	true
GCA_002702245.1	SAMN07620288	Rickettsiales bacterium	SC1-ENV-MEDIUM-MARINE	Environment_Medium_SD	marine	true
GCA_002702255.1	SAMN07620287	Rickettsiales bacterium	SC1-ENV-MEDIUM-MARINE	Environment_Medium_SD	marine	true
GCA_002702315.1	SAMN07620093	SAR116 cluster bacterium	SC1-ENV-MEDIUM-MARINE	Environment_Medium_SD	marine	true
GCA_002702325.1	SAMN07618990	Flavobacteriaceae bacterium	SC1-ENV-MEDIUM-MARINE	Environment_Medium_SD	marine	true
GCA_002702365.1	SAMN07618578	Crocinitomicaceae bacterium	SC1-ENV-MEDIUM-MARINE	Environment_Medium_SD	marine	true
GCA_002702385.1	SAMN07618989	Flavobacteriaceae bacterium	SC1-ENV-MEDIUM-MARINE	Environment_Medium_SD	marine	true
GCA_002702405.1	SAMN07618988	Flavobacteriaceae bacterium	SC1-ENV-MEDIUM-MARINE	Environment_Medium_SD	marine	true
GCA_002702425.1	SAMN07619777	Porticoccaceae bacterium	SC1-ENV-MEDIUM-MARINE	Environment_Medium_SD	marine	true
GCA_002702445.1	SAMN07619794	Propionibacteriaceae bacterium	SC1-ENV-MEDIUM-MARINE	Environment_Medium_SD	marine	true
GCA_002702465.1	SAMN07619886	Paracoccaceae bacterium	SC1-ENV-MEDIUM-MARINE	Environment_Medium_SD	marine	true
GCA_002702485.1	SAMN07619569	Opitutia bacterium	SC1-ENV-MEDIUM-MARINE	Environment_Medium_SD	marine	true
GCA_002702495.1	SAMN07620201	Verrucomicrobiales bacterium	SC1-ENV-MEDIUM-MARINE	Environment_Medium_SD	marine	true
GCA_002702515.1	SAMN07620200	Verrucomicrobiales bacterium	SC1-ENV-MEDIUM-MARINE	Environment_Medium_SD	marine	true
GCA_002702545.1	SAMN07619826	Pseudomonadales bacterium	SC1-ENV-MEDIUM-MARINE	Environment_Medium_SD	marine	true
GCA_002702565.1	SAMN07618698	Erythrobacteraceae bacterium	SC1-ENV-MEDIUM-MARINE	Environment_Medium_SD	marine	true
GCA_002702575.1	SAMN07619673	Phycisphaerae bacterium	SC1-ENV-MEDIUM-MARINE	Environment_Medium_SD	marine	true
GCA_002702595.1	SAMN07619086	Gammaproteobacteria bacterium	SC1-ENV-MEDIUM-MARINE	Environment_Medium_SD	marine	true
GCA_002702625.1	SAMN07618245	Actinomycetota bacterium	SC1-ENV-MEDIUM-MARINE	Environment_Medium_SD	marine	true
GCA_002702655.1	SAMN07619702	Planctomycetaceae bacterium	SC1-ENV-MEDIUM-MARINE	Environment_Medium_SD	marine	true
GCA_002702685.1	SAMN07619690	Planctomyces sp.	SC1-ENV-MEDIUM-MARINE	Environment_Medium_SD	marine	true
GCA_002702705.1	SAMN07618354	Anaerolineaceae bacterium	SC1-ENV-MEDIUM-MARINE	Environment_Medium_SD	marine	true
GCA_002702725.1	SAMN07619776	Porticoccaceae bacterium	SC1-ENV-MEDIUM-MARINE	Environment_Medium_SD	marine	true
GCA_002702745.1	SAMN07618980	Flavobacteriaceae bacterium	SC1-ENV-MEDIUM-MARINE	Environment_Medium_SD	marine	true
GCA_002702785.1	SAMN07619300	Leifsonia sp.	SC1-ENV-MEDIUM-MARINE	Environment_Medium_SD	marine	true
GCA_002702795.1	SAMN07619057	Flavobacteriales bacterium	SC1-ENV-MEDIUM-MARINE	Environment_Medium_SD	marine	true
GCA_002702805.1	SAMN07620286	Rickettsiales bacterium	SC1-ENV-MEDIUM-MARINE	Environment_Medium_SD	marine	true
GCA_002702835.1	SAMN07620061	Roseovarius sp.	SC1-ENV-MEDIUM-MARINE	Environment_Medium_SD	marine	true
GCA_002702865.1	SAMN07618627	Dehalococcoidia bacterium	SC1-ENV-MEDIUM-MARINE	Environment_Medium_SD	marine	true
GCA_002702875.1	SAMN07618984	Flavobacteriaceae bacterium	SC1-ENV-MEDIUM-MARINE	Environment_Medium_SD	marine	true
GCA_002702885.1	SAMN07618983	Flavobacteriaceae bacterium	SC1-ENV-MEDIUM-MARINE	Environment_Medium_SD	marine	true
GCA_002702895.1	SAMN07618982	Flavobacteriaceae bacterium	SC1-ENV-MEDIUM-MARINE	Environment_Medium_SD	marine	true
GCA_002702965.1	SAMN07619703	Planctomycetaceae bacterium	SC1-ENV-MEDIUM-MARINE	Environment_Medium_SD	marine	true
GCA_002702975.1	SAMN07618450	Chloroflexota bacterium	SC1-ENV-MEDIUM-MARINE	Environment_Medium_SD	marine	true
GCA_002703025.1	SAMN07618244	Actinomycetota bacterium	SC1-ENV-MEDIUM-MARINE	Environment_Medium_SD	marine	true
GCA_002703045.1	SAMN07618162	Acidimicrobiaceae bacterium	SC1-ENV-MEDIUM-MARINE	Environment_Medium_SD	marine	true
GCA_002703065.1	SAMN07618972	Flavobacteriaceae bacterium	SC1-ENV-MEDIUM-MARINE	Environment_Medium_SD	marine	true
GCA_002703105.1	SAMN07618971	Flavobacteriaceae bacterium	SC1-ENV-MEDIUM-MARINE	Environment_Medium_SD	marine	true
GCA_002703145.1	SAMN07619856	Puniceicoccaceae bacterium	SC1-ENV-MEDIUM-MARINE	Environment_Medium_SD	marine	true
GCA_002703155.1	SAMN07620432	Gammaproteobacteria bacterium	SC1-ENV-MEDIUM-MARINE	Environment_Medium_SD	marine	true
GCA_002703185.1	SAMN07618574	Crocinitomicaceae bacterium	SC1-ENV-MEDIUM-MARINE	Environment_Medium_SD	marine	true
GCA_002703205.1	SAMN07619646	Pelagibacteraceae bacterium	SC1-ENV-MEDIUM-MARINE	Environment_Medium_SD	marine	true
GCA_002703225.1	SAMN07618153	Acidimicrobiaceae bacterium	SC1-ENV-MEDIUM-MARINE	Environment_Medium_SD	marine	true
GCA_002703245.1	SAMN07619478	Microbacterium sp.	SC1-ENV-MEDIUM-MARINE	Environment_Medium_SD	marine	true
GCA_002703265.1	SAMN07618442	Chloroflexota bacterium	SC1-ENV-MEDIUM-MARINE	Environment_Medium_SD	marine	true
GCA_002703285.1	SAMN07620331	Gammaproteobacteria bacterium	SC1-ENV-MEDIUM-MARINE	Environment_Medium_SD	marine	true
GCA_002703325.1	SAMN07619325	Fidelibacterota bacterium	SC1-ENV-MEDIUM-MARINE	Environment_Medium_SD	marine	true
GCA_002703345.1	SAMN07619443	Marinovum sp.	SC1-ENV-MEDIUM-MARINE	Environment_Medium_SD	marine	true
GCA_002703365.1	SAMN07620192	Verrucomicrobiales bacterium	SC1-ENV-MEDIUM-MARINE	Environment_Medium_SD	marine	true
GCA_002703375.1	SAMN07619324	Fidelibacterota bacterium	SC1-ENV-MEDIUM-MARINE	Environment_Medium_SD	marine	true
GCA_002703405.1	SAMN07619530	Sulfitobacter sp.	SC1-ENV-MEDIUM-MARINE	Environment_Medium_SD	marine	true
GCA_002703425.1	SAMN07618371	Aurantimonas sp.	SC1-ENV-MEDIUM-MARINE	Environment_Medium_SD	marine	true
GCA_002703435.1	SAMN07618548	Citromicrobium sp.	SC1-ENV-MEDIUM-MARINE	Environment_Medium_SD	marine	true
GCA_002703445.1	SAMN07619327	Fidelibacterota bacterium	SC1-ENV-MEDIUM-MARINE	Environment_Medium_SD	marine	true
GCA_002703485.1	SAMN07620405	Gammaproteobacteria bacterium	SC1-ENV-MEDIUM-MARINE	Environment_Medium_SD	marine	true
GCA_002703495.1	SAMN07618624	Dehalococcoidia bacterium	SC1-ENV-MEDIUM-MARINE	Environment_Medium_SD	marine	true
GCA_002703505.1	SAMN07619329	Fidelibacterota bacterium	SC1-ENV-MEDIUM-MARINE	Environment_Medium_SD	marine	true
GCA_002703515.1	SAMN07619879	Paracoccaceae bacterium	SC1-ENV-MEDIUM-MARINE	Environment_Medium_SD	marine	true
GCA_002703565.1	SAMN07620323	Formosa sp.	SC1-ENV-MEDIUM-MARINE	Environment_Medium_SD	marine	true
GCA_002703575.1	SAMN07618567	Crocinitomicaceae bacterium	SC1-ENV-MEDIUM-MARINE	Environment_Medium_SD	marine	true
GCA_002703585.1	SAMN07619192	Halieaceae bacterium	SC1-ENV-MEDIUM-MARINE	Environment_Medium_SD	marine	true
GCA_002703625.1	SAMN07620074	Sandaracinus sp.	SC1-ENV-MEDIUM-MARINE	Environment_Medium_SD	marine	true
GCA_002703645.1	SAMN07619369	Fidelibacterota bacterium	SC1-ENV-MEDIUM-MARINE	Environment_Medium_SD	marine	true
GCA_002703665.1	SAMN07618287	Alcanivorax sp.	SC1-ENV-MEDIUM-MARINE	Environment_Medium_SD	marine	true
GCA_002704045.1	SAMN07619351	Fidelibacterota bacterium	SC1-ENV-MEDIUM-MARINE	Environment_Medium_SD	marine	true
GCA_002704105.1	SAMN07620344	Gammaproteobacteria bacterium	SC1-ENV-MEDIUM-MARINE	Environment_Medium_SD	marine	true
GCA_002704125.1	SAMN07620431	Gammaproteobacteria bacterium	SC1-ENV-MEDIUM-MARINE	Environment_Medium_SD	marine	true
GCA_002704145.1	SAMN07619645	Pelagibacteraceae bacterium	SC1-ENV-MEDIUM-MARINE	Environment_Medium_SD	marine	true
GCA_002704165.1	SAMN07620430	Gammaproteobacteria bacterium	SC1-ENV-MEDIUM-MARINE	Environment_Medium_SD	marine	true
GCA_002704185.1	SAMN07619625	Candidatus Pelagibacter sp.	SC1-ENV-MEDIUM-MARINE	Environment_Medium_SD	marine	true
GCA_002704205.1	SAMN07620013	Rhodospirillaceae bacterium	SC1-ENV-MEDIUM-MARINE	Environment_Medium_SD	marine	true
GCA_002704225.1	SAMN07620341	Gammaproteobacteria bacterium	SC1-ENV-MEDIUM-MARINE	Environment_Medium_SD	marine	true
GCA_002704245.1	SAMN07619349	Fidelibacterota bacterium	SC1-ENV-MEDIUM-MARINE	Environment_Medium_SD	marine	true
GCA_002704265.1	SAMN07618968	Flavobacteriaceae bacterium	SC1-ENV-MEDIUM-MARINE	Environment_Medium_SD	marine	true
GCA_002704285.1	SAMN07620427	Gammaproteobacteria bacterium	SC1-ENV-MEDIUM-MARINE	Environment_Medium_SD	marine	true
GCA_002704305.1	SAMN07619197	Halieaceae bacterium	SC1-ENV-MEDIUM-MARINE	Environment_Medium_SD	marine	true
GCA_002704325.1	SAMN07620343	Gammaproteobacteria bacterium	SC1-ENV-MEDIUM-MARINE	Environment_Medium_SD	marine	true
GCA_002704345.1	SAMN07619926	Rhodobiaceae bacterium	SC1-ENV-MEDIUM-MARINE	Environment_Medium_SD	marine	true
GCA_002704365.1	SAMN07619271	Kiritimatiellaceae bacterium	SC1-ENV-MEDIUM-MARINE	Environment_Medium_SD	marine	true
GCA_002704385.2	SAMN07619882	Paracoccaceae bacterium	SC1-ENV-MEDIUM-MARINE	Environment_Medium_SD	marine	true
GCA_002704395.1	SAMN07619350	Fidelibacterota bacterium	SC1-ENV-MEDIUM-MARINE	Environment_Medium_SD	marine	true
GCA_002704405.1	SAMN07620011	Rhodospirillaceae bacterium	SC1-ENV-MEDIUM-MARINE	Environment_Medium_SD	marine	true
GCA_002704415.1	SAMN07619855	Puniceicoccaceae bacterium	SC1-ENV-MEDIUM-MARINE	Environment_Medium_SD	marine	true
GCA_002704465.1	SAMN07619449	Marinovum sp.	SC1-ENV-MEDIUM-MARINE	Environment_Medium_SD	marine	true
GCA_002704475.1	SAMN07620426	Gammaproteobacteria bacterium	SC1-ENV-MEDIUM-MARINE	Environment_Medium_SD	marine	true
GCA_002704505.1	SAMN07619901	Paracoccaceae bacterium	SC1-ENV-MEDIUM-MARINE	Environment_Medium_SD	marine	true
GCA_002704545.1	SAMN07619854	Puniceicoccaceae bacterium	SC1-ENV-MEDIUM-MARINE	Environment_Medium_SD	marine	true
GCA_002704555.1	SAMN07618663	Deltaproteobacteria bacterium	SC1-ENV-MEDIUM-MARINE	Environment_Medium_SD	marine	true
GCA_002704605.1	SAMN07619346	Fidelibacterota bacterium	SC1-ENV-MEDIUM-MARINE	Environment_Medium_SD	marine	true
GCA_002704615.1	SAMN07618436	Cellvibrionales bacterium	SC1-ENV-MEDIUM-MARINE	Environment_Medium_SD	marine	true
GCA_002704625.1	SAMN07619623	Candidatus Pelagibacter sp.	SC1-ENV-MEDIUM-MARINE	Environment_Medium_SD	marine	true
GCA_002704665.1	SAMN07619800	Pseudomonadota bacterium	SC1-ENV-MEDIUM-MARINE	Environment_Medium_SD	marine	true
GCA_002704685.1	SAMN07619345	Fidelibacterota bacterium	SC1-ENV-MEDIUM-MARINE	Environment_Medium_SD	marine	true
GCA_002704725.1	SAMN07618243	Actinomycetota bacterium	SC1-ENV-MEDIUM-MARINE	Environment_Medium_SD	marine	true
GCA_002704745.1	SAMN07620423	Gammaproteobacteria bacterium	SC1-ENV-MEDIUM-MARINE	Environment_Medium_SD	marine	true
GCA_002704755.1	SAMN07619925	Rhodobiaceae bacterium	SC1-ENV-MEDIUM-MARINE	Environment_Medium_SD	marine	true
GCA_002704785.1	SAMN07618456	Chloroflexota bacterium	SC1-ENV-MEDIUM-MARINE	Environment_Medium_SD	marine	true
GCA_002704805.1	SAMN07620167	Thiotrichales bacterium	SC1-ENV-MEDIUM-MARINE	Environment_Medium_SD	marine	true
GCA_002704825.1	SAMN07619663	Phycisphaeraceae bacterium	SC1-ENV-MEDIUM-MARINE	Environment_Medium_SD	marine	true
GCA_002704845.1	SAMN07619357	Fidelibacterota bacterium	SC1-ENV-MEDIUM-MARINE	Environment_Medium_SD	marine	true
GCA_002704865.1	SAMN07620103	Sphingobium sp.	SC1-ENV-MEDIUM-MARINE	Environment_Medium_SD	marine	true
GCA_002704875.1	SAMN07619355	Fidelibacterota bacterium	SC1-ENV-MEDIUM-MARINE	Environment_Medium_SD	marine	true
GCA_002704905.1	SAMN07619354	Fidelibacterota bacterium	SC1-ENV-MEDIUM-MARINE	Environment_Medium_SD	marine	true
GCA_002704915.1	SAMN07619607	Parvularcula sp.	SC1-ENV-MEDIUM-MARINE	Environment_Medium_SD	marine	true
GCA_002704945.1	SAMN07618168	Acidimicrobiaceae bacterium	SC1-ENV-MEDIUM-MARINE	Environment_Medium_SD	marine	true
GCA_002704965.1	SAMN07619063	Flavobacteriales bacterium	SC1-ENV-MEDIUM-MARINE	Environment_Medium_SD	marine	true
GCA_002705005.1	SAMN07620116	Sphingomonas sp.	SC1-ENV-MEDIUM-MARINE	Environment_Medium_SD	marine	true
GCA_002705025.1	SAMN07618136	Acidiferrobacteraceae bacterium	SC1-ENV-MEDIUM-MARINE	Environment_Medium_SD	marine	true
GCA_002705045.2	SAMN07619884	Paracoccaceae bacterium	SC1-ENV-MEDIUM-MARINE	Environment_Medium_SD	marine	true
GCA_002705055.1	SAMN07619738	Planctomycetota bacterium	SC1-ENV-MEDIUM-MARINE	Environment_Medium_SD	marine	true
GCA_002705085.1	SAMN07619674	Phycisphaerae bacterium	SC1-ENV-MEDIUM-MARINE	Environment_Medium_SD	marine	true
GCA_002705105.1	SAMN07618346	Alteromonas sp.	SC1-ENV-MEDIUM-MARINE	Environment_Medium_SD	marine	true
GCA_002705125.1	SAMN07620198	Verrucomicrobiales bacterium	SC1-ENV-MEDIUM-MARINE	Environment_Medium_SD	marine	true
GCA_002705145.1	SAMN07620352	Gammaproteobacteria bacterium	SC1-ENV-MEDIUM-MARINE	Environment_Medium_SD	marine	true
GCA_002705165.1	SAMN07619704	Planctomycetaceae bacterium	SC1-ENV-MEDIUM-MARINE	Environment_Medium_SD	marine	true
GCA_002705205.1	SAMN07619060	Flavobacteriales bacterium	SC1-ENV-MEDIUM-MARINE	Environment_Medium_SD	marine	true
GCA_002705225.1	SAMN07618309	Alphaproteobacteria bacterium	SC1-ENV-MEDIUM-MARINE	Environment_Medium_SD	marine	true
GCA_002705245.1	SAMN07618628	Dehalococcoidia bacterium	SC1-ENV-MEDIUM-MARINE	Environment_Medium_SD	marine	true
GCA_002705265.1	SAMN07619634	Pelagibacteraceae bacterium	SC1-ENV-MEDIUM-MARINE	Environment_Medium_SD	marine	true
GCA_002705305.1	SAMN07618167	Acidimicrobiaceae bacterium	SC1-ENV-MEDIUM-MARINE	Environment_Medium_SD	marine	true
GCA_002705325.1	SAMN07620428	Gammaproteobacteria bacterium	SC1-ENV-MEDIUM-MARINE	Environment_Medium_SD	marine	true
GCA_002705365.1	SAMN07619348	Fidelibacterota bacterium	SC1-ENV-MEDIUM-MARINE	Environment_Medium_SD	marine	true
GCA_002705385.1	SAMN07618969	Flavobacteriaceae bacterium	SC1-ENV-MEDIUM-MARINE	Environment_Medium_SD	marine	true
GCA_002705405.1	SAMN07619624	Candidatus Pelagibacter sp.	SC1-ENV-MEDIUM-MARINE	Environment_Medium_SD	marine	true
GCA_002705425.1	SAMN07618967	Flavobacteriaceae bacterium	SC1-ENV-MEDIUM-MARINE	Environment_Medium_SD	marine	true
GCA_002705445.1	SAMN07620425	Gammaproteobacteria bacterium	SC1-ENV-MEDIUM-MARINE	Environment_Medium_SD	marine	true
GCA_002705465.1	SAMN07619198	Halieaceae bacterium	SC1-ENV-MEDIUM-MARINE	Environment_Medium_SD	marine	true
GCA_002705485.1	SAMN07619056	Flavobacteriales bacterium	SC1-ENV-MEDIUM-MARINE	Environment_Medium_SD	marine	true
GCA_002705505.1	SAMN07618330	Alteromonadaceae bacterium	SC1-ENV-MEDIUM-MARINE	Environment_Medium_SD	marine	true
GCA_002705525.1	SAMN07619347	Fidelibacterota bacterium	SC1-ENV-MEDIUM-MARINE	Environment_Medium_SD	marine	true
GCA_002705545.1	SAMN07619775	Porticoccaceae bacterium	SC1-ENV-MEDIUM-MARINE	Environment_Medium_SD	marine	true
GCA_002705565.1	SAMN07619145	Geminicoccus sp.	SC1-ENV-MEDIUM-MARINE	Environment_Medium_SD	marine	true
GCA_002705575.1	SAMN07619344	Fidelibacterota bacterium	SC1-ENV-MEDIUM-MARINE	Environment_Medium_SD	marine	true
GCA_002705605.1	SAMN07619358	Fidelibacterota bacterium	SC1-ENV-MEDIUM-MARINE	Environment_Medium_SD	marine	true
GCA_002705625.1	SAMN07618986	Flavobacteriaceae bacterium	SC1-ENV-MEDIUM-MARINE	Environment_Medium_SD	marine	true
GCA_002705635.1	SAMN07619061	Flavobacteriales bacterium	SC1-ENV-MEDIUM-MARINE	Environment_Medium_SD	marine	true
GCA_002705795.1	SAMN07620422	Gammaproteobacteria bacterium	SC1-ENV-MEDIUM-MARINE	Environment_Medium_SD	marine	true
GCA_002705995.1	SAMN07618588	Crocinitomicaceae bacterium	SC1-ENV-MEDIUM-MARINE	Environment_Medium_SD	marine	true
GCA_002706025.1	SAMN07619552	Oceanospirillaceae bacterium	SC1-ENV-MEDIUM-MARINE	Environment_Medium_SD	marine	true
GCA_002706045.1	SAMN07619020	Flavobacteriaceae bacterium	SC1-ENV-MEDIUM-MARINE	Environment_Medium_SD	marine	true
GCA_002706085.1	SAMN07618282	Alcanivoracaceae bacterium	SC1-ENV-MEDIUM-MARINE	Environment_Medium_SD	marine	true
GCA_002706095.1	SAMN07619466	Methylophaga sp.	SC1-ENV-MEDIUM-MARINE	Environment_Medium_SD	marine	true
GCA_002706125.1	SAMN07619984	Rhodospirillaceae bacterium	SC1-ENV-MEDIUM-MARINE	Environment_Medium_SD	marine	true
GCA_002706145.1	SAMN07620022	Rhodospirillaceae bacterium	SC1-ENV-MEDIUM-MARINE	Environment_Medium_SD	marine	true
GCA_002706185.1	SAMN07618334	Alteromonadaceae bacterium	SC1-ENV-MEDIUM-MARINE	Environment_Medium_SD	marine	true
GCA_002706205.1	SAMN07619210	Halobacteriovoraceae bacterium	SC1-ENV-MEDIUM-MARINE	Environment_Medium_SD	marine	true
GCA_002706225.1	SAMN07619551	Oceanospirillaceae bacterium	SC1-ENV-MEDIUM-MARINE	Environment_Medium_SD	marine	true
GCA_002706245.1	SAMN07618547	Citromicrobium sp.	SC1-ENV-MEDIUM-MARINE	Environment_Medium_SD	marine	true
GCA_002706265.1	SAMN07619746	Polycyclovorans sp.	SC1-ENV-MEDIUM-MARINE	Environment_Medium_SD	marine	true
GCA_002706285.1	SAMN07619909	Paracoccaceae bacterium	SC1-ENV-MEDIUM-MARINE	Environment_Medium_SD	marine	true
GCA_002706305.1	SAMN07620215	Verrucomicrobiales bacterium	SC1-ENV-MEDIUM-MARINE	Environment_Medium_SD	marine	true
GCA_002706335.1	SAMN07618280	Ahrensia sp.	SC1-ENV-MEDIUM-MARINE	Environment_Medium_SD	marine	true
GCA_002706365.1	SAMN07620303	Flavobacteriales bacterium	SC1-ENV-MEDIUM-MARINE	Environment_Medium_SD	marine	true
GCA_002706405.1	SAMN07620021	Rhodospirillaceae bacterium	SC1-ENV-MEDIUM-MARINE	Environment_Medium_SD	marine	true
GCA_002706445.1	SAMN07618700	Erythrobacteraceae bacterium	SC1-ENV-MEDIUM-MARINE	Environment_Medium_SD	marine	true
GCA_002706465.1	SAMN07620302	Flavobacteriales bacterium	SC1-ENV-MEDIUM-MARINE	Environment_Medium_SD	marine	true
GCA_002706495.1	SAMN07620063	Roseovarius sp.	SC1-ENV-MEDIUM-MARINE	Environment_Medium_SD	marine	true
GCA_002706505.1	SAMN07620126	Spongiibacter sp.	SC1-ENV-MEDIUM-MARINE	Environment_Medium_SD	marine	true
GCA_002706545.1	SAMN07619550	Oceanospirillaceae bacterium	SC1-ENV-MEDIUM-MARINE	Environment_Medium_SD	marine	true
GCA_002706585.1	SAMN07620043	Rickettsiales bacterium	SC1-ENV-MEDIUM-MARINE	Environment_Medium_SD	marine	true
GCA_002706605.1	SAMN07620030	Rhodovulum sp.	SC1-ENV-MEDIUM-MARINE	Environment_Medium_SD	marine	true
GCA_002706685.1	SAMN07620381	Gammaproteobacteria bacterium	SC1-ENV-MEDIUM-MARINE	Environment_Medium_SD	marine	true
GCA_002706715.1	SAMN07620144	Synechococcus sp. SAT82	SC1-ENV-MEDIUM-MARINE	Environment_Medium_SD	marine	true
GCA_002706765.1	SAMN07619177	Gimesia sp.	SC1-ENV-MEDIUM-MARINE	Environment_Medium_SD	marine	true
GCA_002706785.1	SAMN07620056	Roseobacter sp.	SC1-ENV-MEDIUM-MARINE	Environment_Medium_SD	marine	true
GCA_002706845.1	SAMN07618304	Alphaproteobacteria bacterium	SC1-ENV-MEDIUM-MARINE	Environment_Medium_SD	marine	true
GCA_002706885.1	SAMN07619675	Phycisphaerae bacterium	SC1-ENV-MEDIUM-MARINE	Environment_Medium_SD	marine	true
GCA_002706905.1	SAMN07619846	Pseudooceanicola sp.	SC1-ENV-MEDIUM-MARINE	Environment_Medium_SD	marine	true
GCA_002706925.1	SAMN07619873	Hyphomicrobiales bacterium	SC1-ENV-MEDIUM-MARINE	Environment_Medium_SD	marine	true
GCA_002706945.1	SAMN07619528	Nocardioides sp.	SC1-ENV-MEDIUM-MARINE	Environment_Medium_SD	marine	true
GCA_002706965.1	SAMN07619813	Pseudoalteromonas sp.	SC1-ENV-MEDIUM-MARINE	Environment_Medium_SD	marine	true
GCA_002706985.1	SAMN07620100	Sneathiella sp.	SC1-ENV-MEDIUM-MARINE	Environment_Medium_SD	marine	true
GCA_002706995.1	SAMN07618372	Aurantimonas sp.	SC1-ENV-MEDIUM-MARINE	Environment_Medium_SD	marine	true
GCA_002707025.1	SAMN07619018	Flavobacteriaceae bacterium	SC1-ENV-MEDIUM-MARINE	Environment_Medium_SD	marine	true
GCA_002707035.1	SAMN07619482	Microbacterium sp.	SC1-ENV-MEDIUM-MARINE	Environment_Medium_SD	marine	true
GCA_002707065.1	SAMN07619549	Oceanospirillaceae bacterium	SC1-ENV-MEDIUM-MARINE	Environment_Medium_SD	marine	true
GCA_002707085.1	SAMN07618675	Deltaproteobacteria bacterium	SC1-ENV-MEDIUM-MARINE	Environment_Medium_SD	marine	true
GCA_002707095.1	SAMN07619186	Haliea sp.	SC1-ENV-MEDIUM-MARINE	Environment_Medium_SD	marine	true
GCA_002707125.1	SAMN07618499	Chloroflexota bacterium	SC1-ENV-MEDIUM-MARINE	Environment_Medium_SD	marine	true
GCA_002707145.1	SAMN07620301	Flavobacteriales bacterium	SC1-ENV-MEDIUM-MARINE	Environment_Medium_SD	marine	true
GCA_002707155.1	SAMN07618587	Crocinitomicaceae bacterium	SC1-ENV-MEDIUM-MARINE	Environment_Medium_SD	marine	true
GCA_002707185.1	SAMN07618498	Chloroflexota bacterium	SC1-ENV-MEDIUM-MARINE	Environment_Medium_SD	marine	true
GCA_002707205.1	SAMN07619293	Legionellales bacterium	SC1-ENV-MEDIUM-MARINE	Environment_Medium_SD	marine	true
GCA_002707215.1	SAMN07619225	Halomonas sp.	SC1-ENV-MEDIUM-MARINE	Environment_Medium_SD	marine	true
GCA_002707245.1	SAMN07620300	Flavobacteriales bacterium	SC1-ENV-MEDIUM-MARINE	Environment_Medium_SD	marine	true
GCA_002707265.1	SAMN07620299	Flavobacteriales bacterium	SC1-ENV-MEDIUM-MARINE	Environment_Medium_SD	marine	true
GCA_002707285.1	SAMN07620042	Rickettsiales bacterium	SC1-ENV-MEDIUM-MARINE	Environment_Medium_SD	marine	true
GCA_002707295.1	SAMN07619017	Flavobacteriaceae bacterium	SC1-ENV-MEDIUM-MARINE	Environment_Medium_SD	marine	true
GCA_002707325.1	SAMN07619118	Gammaproteobacteria bacterium	SC1-ENV-MEDIUM-MARINE	Environment_Medium_SD	marine	true
GCA_002707365.1	SAMN07620175	Trueperaceae bacterium	SC1-ENV-MEDIUM-MARINE	Environment_Medium_SD	marine	true
GCA_002707385.1	SAMN07619117	Gammaproteobacteria bacterium	SC1-ENV-MEDIUM-MARINE	Environment_Medium_SD	marine	true
GCA_002707405.1	SAMN07620153	Thalassospira sp.	SC1-ENV-MEDIUM-MARINE	Environment_Medium_SD	marine	true
GCA_002707425.1	SAMN07618937	Flammeovirgaceae bacterium	SC1-ENV-MEDIUM-MARINE	Environment_Medium_SD	marine	true
GCA_002707445.1	SAMN07620150	Thalassospira sp.	SC1-ENV-MEDIUM-MARINE	Environment_Medium_SD	marine	true
GCA_002707455.1	SAMN07619016	Flavobacteriaceae bacterium	SC1-ENV-MEDIUM-MARINE	Environment_Medium_SD	marine	true
GCA_002707485.1	SAMN07619015	Flavobacteriaceae bacterium	SC1-ENV-MEDIUM-MARINE	Environment_Medium_SD	marine	true
GCA_002707495.1	SAMN07619209	Halobacteriovoraceae bacterium	SC1-ENV-MEDIUM-MARINE	Environment_Medium_SD	marine	true
GCA_002707525.1	SAMN07620297	Flavobacteriales bacterium	SC1-ENV-MEDIUM-MARINE	Environment_Medium_SD	marine	true
GCA_002707535.1	SAMN07619395	Fidelibacterota bacterium	SC1-ENV-MEDIUM-MARINE	Environment_Medium_SD	marine	true
GCA_002707565.1	SAMN07619291	Legionellales bacterium	SC1-ENV-MEDIUM-MARINE	Environment_Medium_SD	marine	true
GCA_002707585.1	SAMN07620262	Rickettsiales bacterium	SC1-ENV-MEDIUM-MARINE	Environment_Medium_SD	marine	true
GCA_002707605.1	SAMN07619234	Hoeflea sp.	SC1-ENV-MEDIUM-MARINE	Environment_Medium_SD	marine	true
GCA_002707615.1	SAMN07618259	Actinomycetota bacterium	SC1-ENV-MEDIUM-MARINE	Environment_Medium_SD	marine	true
GCA_002707645.1	SAMN07619394	Fidelibacterota bacterium	SC1-ENV-MEDIUM-MARINE	Environment_Medium_SD	marine	true
GCA_002707655.1	SAMN07618674	Deltaproteobacteria bacterium	SC1-ENV-MEDIUM-MARINE	Environment_Medium_SD	marine	true
GCA_002707685.1	SAMN07619789	Porticoccus sp.	SC1-ENV-MEDIUM-MARINE	Environment_Medium_SD	marine	true
GCA_002707695.1	SAMN07619283	Legionellaceae bacterium	SC1-ENV-MEDIUM-MARINE	Environment_Medium_SD	marine	true
GCA_002707725.1	SAMN07619269	Kangiellaceae bacterium	SC1-ENV-MEDIUM-MARINE	Environment_Medium_SD	marine	true
GCA_002707745.1	SAMN07619014	Flavobacteriaceae bacterium	SC1-ENV-MEDIUM-MARINE	Environment_Medium_SD	marine	true
GCA_002707765.1	SAMN07619393	Fidelibacterota bacterium	SC1-ENV-MEDIUM-MARINE	Environment_Medium_SD	marine	true
GCA_002707785.1	SAMN07618438	Cellvibrionaceae bacterium	SC1-ENV-MEDIUM-MARINE	Environment_Medium_SD	marine	true
GCA_002707795.1	SAMN07619320	Maricaulis sp.	SC1-ENV-MEDIUM-MARINE	Environment_Medium_SD	marine	true
GCA_002707825.1	SAMN07618397	bacterium	SC1-ENV-MEDIUM-MARINE	Environment_Medium_SD	marine	true
GCA_002707835.1	SAMN07618497	Chloroflexota bacterium	SC1-ENV-MEDIUM-MARINE	Environment_Medium_SD	marine	true
GCA_002707865.1	SAMN07619306	Magnetococcales bacterium	SC1-ENV-MEDIUM-MARINE	Environment_Medium_SD	marine	true
GCA_002707875.1	SAMN07619908	Paracoccaceae bacterium	SC1-ENV-MEDIUM-MARINE	Environment_Medium_SD	marine	true
GCA_002707905.1	SAMN07619392	Fidelibacterota bacterium	SC1-ENV-MEDIUM-MARINE	Environment_Medium_SD	marine	true
GCA_002707915.1	SAMN07619115	Gammaproteobacteria bacterium	SC1-ENV-MEDIUM-MARINE	Environment_Medium_SD	marine	true
GCA_002707945.1	SAMN07618496	Chloroflexota bacterium	SC1-ENV-MEDIUM-MARINE	Environment_Medium_SD	marine	true
GCA_002707955.1	SAMN07618495	Chloroflexota bacterium	SC1-ENV-MEDIUM-MARINE	Environment_Medium_SD	marine	true
GCA_002707985.1	SAMN07620117	Sphingomonas sp.	SC1-ENV-MEDIUM-MARINE	Environment_Medium_SD	marine	true
GCA_002708005.1	SAMN07620214	Verrucomicrobiales bacterium	SC1-ENV-MEDIUM-MARINE	Environment_Medium_SD	marine	true
GCA_002708035.1	SAMN07620105	Sphingobium sp.	SC1-ENV-MEDIUM-MARINE	Environment_Medium_SD	marine	true
GCA_002708065.1	SAMN07618494	Chloroflexota bacterium	SC1-ENV-MEDIUM-MARINE	Environment_Medium_SD	marine	true
GCA_002708085.1	SAMN07618650	Dehalococcoidia bacterium	SC1-ENV-MEDIUM-MARINE	Environment_Medium_SD	marine	true
GCA_002708105.2	SAMN07618396	bacterium	SC1-ENV-MEDIUM-MARINE	Environment_Medium_SD	marine	true
GCA_002708115.1	SAMN07619654	Candidatus Pelagibacterales bacterium	SC1-ENV-MEDIUM-MARINE	Environment_Medium_SD	marine	true
GCA_002708145.1	SAMN07618493	Chloroflexota bacterium	SC1-ENV-MEDIUM-MARINE	Environment_Medium_SD	marine	true
GCA_002708165.1	SAMN07618399	bacterium	SC1-ENV-MEDIUM-MARINE	Environment_Medium_SD	marine	true
GCA_002708185.1	SAMN07619396	Fidelibacterota bacterium	SC1-ENV-MEDIUM-MARINE	Environment_Medium_SD	marine	true
GCA_002708195.1	SAMN07618398	bacterium	SC1-ENV-MEDIUM-MARINE	Environment_Medium_SD	marine	true
GCA_002708205.1	SAMN07620380	Gammaproteobacteria bacterium	SC1-ENV-MEDIUM-MARINE	Environment_Medium_SD	marine	true
GCA_002708245.1	SAMN07620298	Flavobacteriales bacterium	SC1-ENV-MEDIUM-MARINE	Environment_Medium_SD	marine	true
GCA_002708265.1	SAMN07619292	Legionellales bacterium	SC1-ENV-MEDIUM-MARINE	Environment_Medium_SD	marine	true
GCA_002708305.1	SAMN07619983	Rhodospirillaceae bacterium	SC1-ENV-MEDIUM-MARINE	Environment_Medium_SD	marine	true
GCA_002708315.1	SAMN07619302	Lentimicrobiaceae bacterium	SC1-ENV-MEDIUM-MARINE	Environment_Medium_SD	marine	true
GCA_002708345.1	SAMN07619717	Planctomycetaceae bacterium	SC1-ENV-MEDIUM-MARINE	Environment_Medium_SD	marine	true
GCA_002708355.1	SAMN07619116	Gammaproteobacteria bacterium	SC1-ENV-MEDIUM-MARINE	Environment_Medium_SD	marine	true
GCA_002708395.1	SAMN07618640	Dehalococcoidia bacterium	SC1-ENV-MEDIUM-MARINE	Environment_Medium_SD	marine	true
GCA_002708415.1	SAMN07619475	Micavibrio sp.	SC1-ENV-MEDIUM-MARINE	Environment_Medium_SD	marine	true
GCA_002708445.1	SAMN07620296	Candidatus Arcticimaribacter sp.	SC1-ENV-MEDIUM-MARINE	Environment_Medium_SD	marine	true
GCA_002708465.1	SAMN07619741	Planctomycetota bacterium	SC1-ENV-MEDIUM-MARINE	Environment_Medium_SD	marine	true
GCA_002708495.1	SAMN07618639	Dehalococcoidia bacterium	SC1-ENV-MEDIUM-MARINE	Environment_Medium_SD	marine	true
GCA_002708525.1	SAMN07619628	Candidatus Pelagibacter sp.	SC1-ENV-MEDIUM-MARINE	Environment_Medium_SD	marine	true
GCA_002708545.1	SAMN07619013	Flavobacteriaceae bacterium	SC1-ENV-MEDIUM-MARINE	Environment_Medium_SD	marine	true
GCA_002708585.1	SAMN07619239	Hyphomonadaceae bacterium	SC1-ENV-MEDIUM-MARINE	Environment_Medium_SD	marine	true
GCA_002708665.1	SAMN07620265	Rickettsiales bacterium	SC1-ENV-MEDIUM-MARINE	Environment_Medium_SD	marine	true
GCA_002708715.1	SAMN07619399	Fidelibacterota bacterium	SC1-ENV-MEDIUM-MARINE	Environment_Medium_SD	marine	true
GCA_002708765.1	SAMN07620384	Gammaproteobacteria bacterium	SC1-ENV-MEDIUM-MARINE	Environment_Medium_SD	marine	true
GCA_002708795.1	SAMN07619595	Paracoccus sp. (in: a-proteobacteria)	SC1-ENV-MEDIUM-MARINE	Environment_Medium_SD	marine	true
GCA_002708825.1	SAMN07619687	Phyllobacteriaceae bacterium	SC1-ENV-MEDIUM-MARINE	Environment_Medium_SD	marine	true
GCA_002708845.1	SAMN07619280	Leeuwenhoekiella sp.	SC1-ENV-MEDIUM-MARINE	Environment_Medium_SD	marine	true
GCA_002708865.1	SAMN07618501	Chloroflexota bacterium	SC1-ENV-MEDIUM-MARINE	Environment_Medium_SD	marine	true
GCA_002708885.1	SAMN07620217	Verrucomicrobiales bacterium	SC1-ENV-MEDIUM-MARINE	Environment_Medium_SD	marine	true
GCA_002708905.1	SAMN07619833	Pseudomonadales bacterium	SC1-ENV-MEDIUM-MARINE	Environment_Medium_SD	marine	true
GCA_002708925.1	SAMN07619913	Paracoccaceae bacterium	SC1-ENV-MEDIUM-MARINE	Environment_Medium_SD	marine	true
GCA_002708935.1	SAMN07618201	Acidimicrobiaceae bacterium	SC1-ENV-MEDIUM-MARINE	Environment_Medium_SD	marine	true
GCA_002708965.1	SAMN07620058	Roseobacter sp.	SC1-ENV-MEDIUM-MARINE	Environment_Medium_SD	marine	true
GCA_002708985.1	SAMN07620078	Saprospirales bacterium	SC1-ENV-MEDIUM-MARINE	Environment_Medium_SD	marine	true
GCA_002708995.1	SAMN07619146	Geminicoccus sp.	SC1-ENV-MEDIUM-MARINE	Environment_Medium_SD	marine	true
GCA_002709005.1	SAMN07619874	Hyphomicrobiales bacterium	SC1-ENV-MEDIUM-MARINE	Environment_Medium_SD	marine	true
GCA_002709045.1	SAMN07619720	Planctomycetaceae bacterium	SC1-ENV-MEDIUM-MARINE	Environment_Medium_SD	marine	true
GCA_002709065.1	SAMN07620174	Tistrella sp.	SC1-ENV-MEDIUM-MARINE	Environment_Medium_SD	marine	true
GCA_002709075.1	SAMN07619988	Rhodospirillaceae bacterium	SC1-ENV-MEDIUM-MARINE	Environment_Medium_SD	marine	true
GCA_002709085.1	SAMN07619847	Pseudooceanicola sp.	SC1-ENV-MEDIUM-MARINE	Environment_Medium_SD	marine	true
GCA_002709125.1	SAMN07620263	Rickettsiales bacterium	SC1-ENV-MEDIUM-MARINE	Environment_Medium_SD	marine	true
GCA_002709145.1	SAMN07619022	Flavobacteriaceae bacterium	SC1-ENV-MEDIUM-MARINE	Environment_Medium_SD	marine	true
GCA_002709155.1	SAMN07619987	Rhodospirillaceae bacterium	SC1-ENV-MEDIUM-MARINE	Environment_Medium_SD	marine	true
GCA_002709185.1	SAMN07619021	Flavobacteriaceae bacterium	SC1-ENV-MEDIUM-MARINE	Environment_Medium_SD	marine	true
GCA_002709205.1	SAMN07620048	Roseibacillus sp.	SC1-ENV-MEDIUM-MARINE	Environment_Medium_SD	marine	true
GCA_002709225.1	SAMN07619719	Planctomycetaceae bacterium	SC1-ENV-MEDIUM-MARINE	Environment_Medium_SD	marine	true
GCA_002709235.1	SAMN07619233	Hirschia sp.	SC1-ENV-MEDIUM-MARINE	Environment_Medium_SD	marine	true
GCA_002709265.1	SAMN07620183	Verrucomicrobiaceae bacterium	SC1-ENV-MEDIUM-MARINE	Environment_Medium_SD	marine	true
GCA_002709295.1	SAMN07619678	Phycisphaerae bacterium	SC1-ENV-MEDIUM-MARINE	Environment_Medium_SD	marine	true
GCA_002709305.1	SAMN07618589	Crocinitomicaceae bacterium	SC1-ENV-MEDIUM-MARINE	Environment_Medium_SD	marine	true
GCA_002709365.1	SAMN07620114	Sphingomonadaceae bacterium	SC1-ENV-MEDIUM-MARINE	Environment_Medium_SD	marine	true
GCA_002709385.1	SAMN07620225	Waddliaceae bacterium	SC1-ENV-MEDIUM-MARINE	Environment_Medium_SD	marine	true
GCA_002709395.1	SAMN07620047	Roseibacillus sp.	SC1-ENV-MEDIUM-MARINE	Environment_Medium_SD	marine	true
GCA_002709405.1	SAMN07619912	Paracoccaceae bacterium	SC1-ENV-MEDIUM-MARINE	Environment_Medium_SD	marine	true
GCA_002709445.1	SAMN07619312	Magnetovibrio sp.	SC1-ENV-MEDIUM-MARINE	Environment_Medium_SD	marine	true
GCA_002709465.1	SAMN07618295	Alcanivorax sp.	SC1-ENV-MEDIUM-MARINE	Environment_Medium_SD	marine	true
GCA_002709475.1	SAMN07618260	Actinomycetota bacterium	SC1-ENV-MEDIUM-MARINE	Environment_Medium_SD	marine	true
GCA_002709505.1	SAMN07619911	Paracoccaceae bacterium	SC1-ENV-MEDIUM-MARINE	Environment_Medium_SD	marine	true
GCA_002709525.1	SAMN07619311	Magnetovibrio sp.	SC1-ENV-MEDIUM-MARINE	Environment_Medium_SD	marine	true
GCA_002709545.1	SAMN07619691	Planctomyces sp.	SC1-ENV-MEDIUM-MARINE	Environment_Medium_SD	marine	true
GCA_002709555.1	SAMN07620264	Rickettsiales bacterium	SC1-ENV-MEDIUM-MARINE	Environment_Medium_SD	marine	true
GCA_002709565.1	SAMN07619294	Legionellales bacterium	SC1-ENV-MEDIUM-MARINE	Environment_Medium_SD	marine	true
GCA_002709595.1	SAMN07619245	Hyphomonas sp.	SC1-ENV-MEDIUM-MARINE	Environment_Medium_SD	marine	true
GCA_002709645.1	SAMN07618200	Acidimicrobiaceae bacterium	SC1-ENV-MEDIUM-MARINE	Environment_Medium_SD	marine	true
GCA_002709665.1	SAMN07619169	Gemmatimonadota bacterium	SC1-ENV-MEDIUM-MARINE	Environment_Medium_SD	marine	true
GCA_002709695.1	SAMN07619766	Candidatus Poribacteria bacterium	SC1-ENV-MEDIUM-MARINE	Environment_Medium_SD	marine	true
GCA_002709755.1	SAMN07619677	Phycisphaerae bacterium	SC1-ENV-MEDIUM-MARINE	Environment_Medium_SD	marine	true
GCA_002709775.1	SAMN07620154	Thalassospira sp.	SC1-ENV-MEDIUM-MARINE	Environment_Medium_SD	marine	true
GCA_002709825.1	SAMN07620250	Lysobacterales bacterium	SC1-ENV-MEDIUM-MARINE	Environment_Medium_SD	marine	true
GCA_002709835.1	SAMN07618676	Deltaproteobacteria bacterium	SC1-ENV-MEDIUM-MARINE	Environment_Medium_SD	marine	true
GCA_002709915.1	SAMN07620046	Roseibacillus sp.	SC1-ENV-MEDIUM-MARINE	Environment_Medium_SD	marine	true
GCA_002709955.1	SAMN07619986	Rhodospirillaceae bacterium	SC1-ENV-MEDIUM-MARINE	Environment_Medium_SD	marine	true
GCA_002709995.1	SAMN07619832	Pseudomonadales bacterium	SC1-ENV-MEDIUM-MARINE	Environment_Medium_SD	marine	true
GCA_002710085.1	SAMN07619391	Fidelibacterota bacterium	SC1-ENV-MEDIUM-MARINE	Environment_Medium_SD	marine	true
GCA_002710135.1	SAMN07618638	Dehalococcoidia bacterium	SC1-ENV-MEDIUM-MARINE	Environment_Medium_SD	marine	true
GCA_002710155.1	SAMN07619216	Halomonadaceae bacterium	SC1-ENV-MEDIUM-MARINE	Environment_Medium_SD	marine	true
GCA_002710215.1	SAMN07618500	Chloroflexota bacterium	SC1-ENV-MEDIUM-MARINE	Environment_Medium_SD	marine	true
GCA_002710265.1	SAMN07619119	Gammaproteobacteria bacterium	SC1-ENV-MEDIUM-MARINE	Environment_Medium_SD	marine	true
GCA_002710305.1	SAMN07619510	Nioella sp.	SC1-ENV-MEDIUM-MARINE	Environment_Medium_SD	marine	true
GCA_002710315.1	SAMN07620382	Gammaproteobacteria bacterium	SC1-ENV-MEDIUM-MARINE	Environment_Medium_SD	marine	true
GCA_002710335.1	SAMN07620216	Verrucomicrobiales bacterium	SC1-ENV-MEDIUM-MARINE	Environment_Medium_SD	marine	true
GCA_002710405.1	SAMN07619937	Rhodobiaceae bacterium	SC1-ENV-MEDIUM-MARINE	Environment_Medium_SD	marine	true
GCA_002710445.1	SAMN07619244	Hyphomonas sp.	SC1-ENV-MEDIUM-MARINE	Environment_Medium_SD	marine	true
GCA_002710495.1	SAMN07620304	Flavobacteriales bacterium	SC1-ENV-MEDIUM-MARINE	Environment_Medium_SD	marine	true
GCA_002710515.1	SAMN07619397	Fidelibacterota bacterium	SC1-ENV-MEDIUM-MARINE	Environment_Medium_SD	marine	true
GCA_002710565.1	SAMN07619831	Pseudomonadales bacterium	SC1-ENV-MEDIUM-MARINE	Environment_Medium_SD	marine	true
GCA_002710585.2	SAMN07619893	Paracoccaceae bacterium	SC1-ENV-MEDIUM-MARINE	Environment_Medium_SD	marine	true
GCA_002710605.1	SAMN07619019	Flavobacteriaceae bacterium	SC1-ENV-MEDIUM-MARINE	Environment_Medium_SD	marine	true
GCA_002710615.1	SAMN07619226	Halomonas sp.	SC1-ENV-MEDIUM-MARINE	Environment_Medium_SD	marine	true
GCA_002710625.1	SAMN07618294	Alcanivorax sp.	SC1-ENV-MEDIUM-MARINE	Environment_Medium_SD	marine	true
GCA_002710665.1	SAMN07620134	Sutterellaceae bacterium	SC1-ENV-MEDIUM-MARINE	Environment_Medium_SD	marine	true
GCA_002710675.1	SAMN07619465	Methylophaga sp.	SC1-ENV-MEDIUM-MARINE	Environment_Medium_SD	marine	true
GCA_002710685.1	SAMN07618613	Cytophagaceae bacterium	SC1-ENV-MEDIUM-MARINE	Environment_Medium_SD	marine	true
GCA_002710725.1	SAMN07620128	Spongiibacteraceae bacterium	SC1-ENV-MEDIUM-MARINE	Environment_Medium_SD	marine	true
GCA_002710745.1	SAMN07619785	Porticoccaceae bacterium	SC1-ENV-MEDIUM-MARINE	Environment_Medium_SD	marine	true
GCA_002710765.1	SAMN07620044	Rickettsiales bacterium	SC1-ENV-MEDIUM-MARINE	Environment_Medium_SD	marine	true
GCA_002710775.1	SAMN07619476	Micavibrio sp.	SC1-ENV-MEDIUM-MARINE	Environment_Medium_SD	marine	true
GCA_002710785.1	SAMN07618400	bacterium	SC1-ENV-MEDIUM-MARINE	Environment_Medium_SD	marine	true
GCA_002710805.1	SAMN07619784	Porticoccaceae bacterium	SC1-ENV-MEDIUM-MARINE	Environment_Medium_SD	marine	true
GCA_002710845.1	SAMN07619356	Fidelibacterota bacterium	SC1-ENV-MEDIUM-MARINE	Environment_Medium_SD	marine	true
GCA_002710865.1	SAMN07619686	Phyllobacteriaceae bacterium	SC1-ENV-MEDIUM-MARINE	Environment_Medium_SD	marine	true
GCA_002710885.1	SAMN07618454	Chloroflexota bacterium	SC1-ENV-MEDIUM-MARINE	Environment_Medium_SD	marine	true
GCA_002710905.1	SAMN07618455	Chloroflexota bacterium	SC1-ENV-MEDIUM-MARINE	Environment_Medium_SD	marine	true
GCA_002710925.1	SAMN07618218	Acidobacteriota bacterium	SC1-ENV-MEDIUM-MARINE	Environment_Medium_SD	marine	true
GCA_002710945.1	SAMN07619277	Leeuwenhoekiella sp.	SC1-ENV-MEDIUM-MARINE	Environment_Medium_SD	marine	true
GCA_002710955.1	SAMN07618319	Altererythrobacter sp.	SC1-ENV-MEDIUM-MARINE	Environment_Medium_SD	marine	true
GCA_002710975.1	SAMN07619085	Gammaproteobacteria bacterium	SC1-ENV-MEDIUM-MARINE	Environment_Medium_SD	marine	true
GCA_002711005.1	SAMN07618453	Chloroflexota bacterium	SC1-ENV-MEDIUM-MARINE	Environment_Medium_SD	marine	true
GCA_002711025.1	SAMN07618316	Alphaproteobacteria bacterium	SC1-ENV-MEDIUM-MARINE	Environment_Medium_SD	marine	true
GCA_002711035.1	SAMN07619155	Gemmatimonadota bacterium	SC1-ENV-MEDIUM-MARINE	Environment_Medium_SD	marine	true
GCA_002711065.1	SAMN07619353	Fidelibacterota bacterium	SC1-ENV-MEDIUM-MARINE	Environment_Medium_SD	marine	true
GCA_002711075.1	SAMN07619062	Flavobacteriales bacterium	SC1-ENV-MEDIUM-MARINE	Environment_Medium_SD	marine	true
GCA_002711105.1	SAMN07619739	Planctomycetota bacterium	SC1-ENV-MEDIUM-MARINE	Environment_Medium_SD	marine	true
GCA_002711125.1	SAMN07619059	Flavobacteriales bacterium	SC1-ENV-MEDIUM-MARINE	Environment_Medium_SD	marine	true
GCA_002711135.1	SAMN07618577	Crocinitomicaceae bacterium	SC1-ENV-MEDIUM-MARINE	Environment_Medium_SD	marine	true
GCA_002711145.1	SAMN07619450	Marinovum sp.	SC1-ENV-MEDIUM-MARINE	Environment_Medium_SD	marine	true
GCA_002711185.1	SAMN07618985	Flavobacteriaceae bacterium	SC1-ENV-MEDIUM-MARINE	Environment_Medium_SD	marine	true
GCA_002711205.1	SAMN07618421	Pseudobdellovibrionaceae bacterium	SC1-ENV-MEDIUM-MARINE	Environment_Medium_SD	marine	true
GCA_002711215.1	SAMN07618966	Flavobacteriaceae bacterium	SC1-ENV-MEDIUM-MARINE	Environment_Medium_SD	marine	true
GCA_002711245.1	SAMN07619205	Halobacteriovoraceae bacterium	SC1-ENV-MEDIUM-MARINE	Environment_Medium_SD	marine	true
GCA_002711265.1	SAMN07620012	Rhodospirillaceae bacterium	SC1-ENV-MEDIUM-MARINE	Environment_Medium_SD	marine	true
GCA_002711285.1	SAMN07620424	Gammaproteobacteria bacterium	SC1-ENV-MEDIUM-MARINE	Environment_Medium_SD	marine	true
GCA_002711305.1	SAMN07620429	Gammaproteobacteria bacterium	SC1-ENV-MEDIUM-MARINE	Environment_Medium_SD	marine	true
GCA_002711325.1	SAMN07620342	Gammaproteobacteria bacterium	SC1-ENV-MEDIUM-MARINE	Environment_Medium_SD	marine	true
GCA_002711335.1	SAMN07618970	Flavobacteriaceae bacterium	SC1-ENV-MEDIUM-MARINE	Environment_Medium_SD	marine	true
GCA_002711415.1	SAMN07619676	Phycisphaerae bacterium	SC1-ENV-MEDIUM-MARINE	Environment_Medium_SD	marine	true
GCA_002711435.1	SAMN07619120	Gammaproteobacteria bacterium	SC1-ENV-MEDIUM-MARINE	Environment_Medium_SD	marine	true
GCA_002711455.1	SAMN07619492	Allomuricauda sp.	SC1-ENV-MEDIUM-MARINE	Environment_Medium_SD	marine	true
GCA_002711465.1	SAMN07619398	Fidelibacterota bacterium	SC1-ENV-MEDIUM-MARINE	Environment_Medium_SD	marine	true
GCA_002711495.1	SAMN07620383	Gammaproteobacteria bacterium	SC1-ENV-MEDIUM-MARINE	Environment_Medium_SD	marine	true
GCA_002711515.1	SAMN07620276	Rickettsiales bacterium	SC1-ENV-MEDIUM-MARINE	Environment_Medium_SD	marine	true
GCA_002711525.1	SAMN07619718	Planctomycetaceae bacterium	SC1-ENV-MEDIUM-MARINE	Environment_Medium_SD	marine	true
GCA_002711555.1	SAMN07619985	Rhodospirillaceae bacterium	SC1-ENV-MEDIUM-MARINE	Environment_Medium_SD	marine	true
GCA_002711565.1	SAMN07618408	Bacteroidota bacterium	SC1-ENV-MEDIUM-MARINE	Environment_Medium_SD	marine	true
GCA_002711615.1	SAMN07620029	Rhodothermaceae bacterium	SC1-ENV-MEDIUM-MARINE	Environment_Medium_SD	marine	true
GCA_002711625.1	SAMN07620045	Rickettsiales bacterium	SC1-ENV-MEDIUM-MARINE	Environment_Medium_SD	marine	true
GCA_002711645.1	SAMN07618687	Desulfovibrio sp.	SC1-ENV-MEDIUM-MARINE	Environment_Medium_SD	marine	true
GCA_002711675.1	SAMN07619936	Rhodobiaceae bacterium	SC1-ENV-MEDIUM-MARINE	Environment_Medium_SD	marine	true
GCA_002711695.1	SAMN07619863	Pusillimonas sp.	SC1-ENV-MEDIUM-MARINE	Environment_Medium_SD	marine	true
GCA_002711715.1	SAMN07619637	Pelagibacteraceae bacterium	SC1-ENV-MEDIUM-MARINE	Environment_Medium_SD	marine	true
GCA_002711735.1	SAMN07619268	Ilumatobacter sp.	SC1-ENV-MEDIUM-MARINE	Environment_Medium_SD	marine	true
GCA_002711755.1	SAMN07618559	Actibacterium sp.	SC1-ENV-MEDIUM-MARINE	Environment_Medium_SD	marine	true
GCA_002711765.1	SAMN07619535	Oceanicaulis sp.	SC1-ENV-MEDIUM-MARINE	Environment_Medium_SD	marine	true
GCA_002711825.1	SAMN07619491	Allomuricauda sp.	SC1-ENV-MEDIUM-MARINE	Environment_Medium_SD	marine	true
GCA_002711845.1	SAMN07620378	Gammaproteobacteria bacterium	SC1-ENV-MEDIUM-MARINE	Environment_Medium_SD	marine	true
GCA_002711865.1	SAMN07618492	Chloroflexota bacterium	SC1-ENV-MEDIUM-MARINE	Environment_Medium_SD	marine	true
GCA_002711885.1	SAMN07620152	Thalassospira sp.	SC1-ENV-MEDIUM-MARINE	Environment_Medium_SD	marine	true
GCA_002711905.1	SAMN07620171	Thiotrichales bacterium	SC1-ENV-MEDIUM-MARINE	Environment_Medium_SD	marine	true
GCA_002711925.1	SAMN07620255	Pseudobdellovibrionaceae bacterium	SC1-ENV-MEDIUM-MARINE	Environment_Medium_SD	marine	true
GCA_002711965.1	SAMN07618490	Chloroflexota bacterium	SC1-ENV-MEDIUM-MARINE	Environment_Medium_SD	marine	true
GCA_002711995.1	SAMN07619208	Halobacteriovoraceae bacterium	SC1-ENV-MEDIUM-MARINE	Environment_Medium_SD	marine	true
GCA_002712005.1	SAMN07619207	Halobacteriovoraceae bacterium	SC1-ENV-MEDIUM-MARINE	Environment_Medium_SD	marine	true
GCA_002712045.1	SAMN07619907	Paracoccaceae bacterium	SC1-ENV-MEDIUM-MARINE	Environment_Medium_SD	marine	true
GCA_002712055.1	SAMN07620379	Gammaproteobacteria bacterium	SC1-ENV-MEDIUM-MARINE	Environment_Medium_SD	marine	true
GCA_002712065.1	SAMN07620041	Rickettsiales bacterium	SC1-ENV-MEDIUM-MARINE	Environment_Medium_SD	marine	true
GCA_002712105.1	SAMN07619274	Kiritimatiellaceae bacterium	SC1-ENV-MEDIUM-MARINE	Environment_Medium_SD	marine	true
GCA_002712125.1	SAMN07618491	Chloroflexota bacterium	SC1-ENV-MEDIUM-MARINE	Environment_Medium_SD	marine	true
GCA_002712135.1	SAMN07620377	Gammaproteobacteria bacterium	SC1-ENV-MEDIUM-MARINE	Environment_Medium_SD	marine	true
GCA_002712165.1	SAMN07619390	Fidelibacterota bacterium	SC1-ENV-MEDIUM-MARINE	Environment_Medium_SD	marine	true
GCA_002712175.1	SAMN07620062	Roseovarius sp.	SC1-ENV-MEDIUM-MARINE	Environment_Medium_SD	marine	true
GCA_002712205.1	SAMN07620182	Verrucomicrobiaceae bacterium	SC1-ENV-MEDIUM-MARINE	Environment_Medium_SD	marine	true
GCA_002712225.1	SAMN07619114	Gammaproteobacteria bacterium	SC1-ENV-MEDIUM-MARINE	Environment_Medium_SD	marine	true
GCA_002712245.1	SAMN07619388	Fidelibacterota bacterium	SC1-ENV-MEDIUM-MARINE	Environment_Medium_SD	marine	true
GCA_002712255.1	SAMN07618317	Alphaproteobacteria bacterium	SC1-ENV-MEDIUM-MARINE	Environment_Medium_SD	marine	true
GCA_002712305.1	SAMN07619168	Gemmatimonadota bacterium	SC1-ENV-MEDIUM-MARINE	Environment_Medium_SD	marine	true
GCA_002712325.1	SAMN07618198	Acidimicrobiaceae bacterium	SC1-ENV-MEDIUM-MARINE	Environment_Medium_SD	marine	true
GCA_002712335.1	SAMN07619981	Rhodospirillaceae bacterium	SC1-ENV-MEDIUM-MARINE	Environment_Medium_SD	marine	true
GCA_002712365.2	SAMN07618395	bacterium	SC1-ENV-MEDIUM-MARINE	Environment_Medium_SD	marine	true
GCA_002712385.1	SAMN07618422	Pseudobdellovibrionaceae bacterium	SC1-ENV-MEDIUM-MARINE	Environment_Medium_SD	marine	true
GCA_002712395.1	SAMN07619715	Planctomycetaceae bacterium	SC1-ENV-MEDIUM-MARINE	Environment_Medium_SD	marine	true
GCA_002712415.1	SAMN07618258	Actinomycetota bacterium	SC1-ENV-MEDIUM-MARINE	Environment_Medium_SD	marine	true
GCA_002712445.1	SAMN07618196	Acidimicrobiaceae bacterium	SC1-ENV-MEDIUM-MARINE	Environment_Medium_SD	marine	true
GCA_002712465.1	SAMN07618637	Dehalococcoidia bacterium	SC1-ENV-MEDIUM-MARINE	Environment_Medium_SD	marine	true
GCA_002712485.1	SAMN07618257	Actinomycetota bacterium	SC1-ENV-MEDIUM-MARINE	Environment_Medium_SD	marine	true
GCA_002712525.1	SAMN07619636	Pelagibacteraceae bacterium	SC1-ENV-MEDIUM-MARINE	Environment_Medium_SD	marine	true
GCA_002712565.1	SAMN07619167	Gemmatimonadota bacterium	SC1-ENV-MEDIUM-MARINE	Environment_Medium_SD	marine	true
GCA_002712585.1	SAMN07618636	Dehalococcoidia bacterium	SC1-ENV-MEDIUM-MARINE	Environment_Medium_SD	marine	true
GCA_002712625.1	SAMN07620077	Saprospirales bacterium	SC1-ENV-MEDIUM-MARINE	Environment_Medium_SD	marine	true
GCA_002712665.1	SAMN07619980	Rhodospirillaceae bacterium	SC1-ENV-MEDIUM-MARINE	Environment_Medium_SD	marine	true
GCA_002712705.1	SAMN07618936	Flammeovirgaceae bacterium	SC1-ENV-MEDIUM-MARINE	Environment_Medium_SD	marine	true
GCA_002712715.1	SAMN07620295	Flavobacteriales bacterium	SC1-ENV-MEDIUM-MARINE	Environment_Medium_SD	marine	true
GCA_002712745.1	SAMN07618489	Chloroflexota bacterium	SC1-ENV-MEDIUM-MARINE	Environment_Medium_SD	marine	true
GCA_002712765.1	SAMN07618612	Cytophagaceae bacterium	SC1-ENV-MEDIUM-MARINE	Environment_Medium_SD	marine	true
GCA_002712775.1	SAMN07619113	Gammaproteobacteria bacterium	SC1-ENV-MEDIUM-MARINE	Environment_Medium_SD	marine	true
GCA_002712825.1	SAMN07618703	Marinobacter sp.	SC1-ENV-MEDIUM-MARINE	Environment_Medium_SD	marine	true
GCA_002712845.1	SAMN07619949	Rhodopirellula sp.	SC1-ENV-MEDIUM-MARINE	Environment_Medium_SD	marine	true
GCA_002712865.1	SAMN07618226	Acidobacteriota bacterium	SC1-ENV-MEDIUM-MARINE	Environment_Medium_SD	marine	true
GCA_002712885.1	SAMN07618227	Acidobacteriota bacterium	SC1-ENV-MEDIUM-MARINE	Environment_Medium_SD	marine	true
GCA_002712905.1	SAMN07620181	Verrucomicrobiaceae bacterium	SC1-ENV-MEDIUM-MARINE	Environment_Medium_SD	marine	true
GCA_002712945.1	SAMN07618553	Citromicrobium sp.	SC1-ENV-MEDIUM-MARINE	Environment_Medium_SD	marine	true
GCA_002712965.1	SAMN07618487	Chloroflexota bacterium	SC1-ENV-MEDIUM-MARINE	Environment_Medium_SD	marine	true
GCA_002712985.1	SAMN07619978	Rhodospirillaceae bacterium	SC1-ENV-MEDIUM-MARINE	Environment_Medium_SD	marine	true
GCA_002712995.1	SAMN07619977	Rhodospirillaceae bacterium	SC1-ENV-MEDIUM-MARINE	Environment_Medium_SD	marine	true
GCA_002713025.1	SAMN07618392	bacterium	SC1-ENV-MEDIUM-MARINE	Environment_Medium_SD	marine	true
GCA_002713045.1	SAMN07618393	bacterium	SC1-ENV-MEDIUM-MARINE	Environment_Medium_SD	marine	true
GCA_002713065.1	SAMN07619523	Nitrospinota bacterium	SC1-ENV-MEDIUM-MARINE	Environment_Medium_SD	marine	true
GCA_002713085.1	SAMN07620376	Gammaproteobacteria bacterium	SC1-ENV-MEDIUM-MARINE	Environment_Medium_SD	marine	true
GCA_002713105.1	SAMN07619112	Gammaproteobacteria bacterium	SC1-ENV-MEDIUM-MARINE	Environment_Medium_SD	marine	true
GCA_002713125.1	SAMN07618145	Acidiferrobacteraceae bacterium	SC1-ENV-MEDIUM-MARINE	Environment_Medium_SD	marine	true
GCA_002713145.1	SAMN07619206	Halobacteriovoraceae bacterium	SC1-ENV-MEDIUM-MARINE	Environment_Medium_SD	marine	true
GCA_002713165.1	SAMN07620178	Verrucomicrobiota bacterium	SC1-ENV-MEDIUM-MARINE	Environment_Medium_SD	marine	true
GCA_002713215.1	SAMN07618585	Crocinitomicaceae bacterium	SC1-ENV-MEDIUM-MARINE	Environment_Medium_SD	marine	true
GCA_002713245.1	SAMN07619200	Halieaceae bacterium	SC1-ENV-MEDIUM-MARINE	Environment_Medium_SD	marine	true
GCA_002713265.1	SAMN07618225	Acidobacteriota bacterium	SC1-ENV-MEDIUM-MARINE	Environment_Medium_SD	marine	true
GCA_002713285.1	SAMN07620294	Flavobacteriales bacterium	SC1-ENV-MEDIUM-MARINE	Environment_Medium_SD	marine	true
GCA_002713305.1	SAMN07619531	Sulfitobacter sp.	SC1-ENV-MEDIUM-MARINE	Environment_Medium_SD	marine	true
GCA_002713345.1	SAMN07618391	bacterium	SC1-ENV-MEDIUM-MARINE	Environment_Medium_SD	marine	true
GCA_002713365.1	SAMN07619982	Rhodospirillaceae bacterium	SC1-ENV-MEDIUM-MARINE	Environment_Medium_SD	marine	true
GCA_002713385.1	SAMN07619386	Fidelibacterota bacterium	SC1-ENV-MEDIUM-MARINE	Environment_Medium_SD	marine	true
GCA_002713405.1	SAMN07618586	Crocinitomicaceae bacterium	SC1-ENV-MEDIUM-MARINE	Environment_Medium_SD	marine	true
GCA_002713425.1	SAMN07619012	Flavobacteriaceae bacterium	SC1-ENV-MEDIUM-MARINE	Environment_Medium_SD	marine	true
GCA_002713445.1	SAMN07618390	bacterium	SC1-ENV-MEDIUM-MARINE	Environment_Medium_SD	marine	true
GCA_002713455.1	SAMN07619389	Fidelibacterota bacterium	SC1-ENV-MEDIUM-MARINE	Environment_Medium_SD	marine	true
GCA_002713485.1	SAMN07618193	Acidimicrobiaceae bacterium	SC1-ENV-MEDIUM-MARINE	Environment_Medium_SD	marine	true
GCA_002713495.1	SAMN07619011	Flavobacteriaceae bacterium	SC1-ENV-MEDIUM-MARINE	Environment_Medium_SD	marine	true
GCA_002713525.1	SAMN07618199	Acidimicrobiaceae bacterium	SC1-ENV-MEDIUM-MARINE	Environment_Medium_SD	marine	true
GCA_002713545.1	SAMN07618197	Acidimicrobiaceae bacterium	SC1-ENV-MEDIUM-MARINE	Environment_Medium_SD	marine	true
GCA_002713555.1	SAMN07619716	Planctomycetaceae bacterium	SC1-ENV-MEDIUM-MARINE	Environment_Medium_SD	marine	true
GCA_002713605.1	SAMN07618394	bacterium	SC1-ENV-MEDIUM-MARINE	Environment_Medium_SD	marine	true
GCA_002713615.1	SAMN07620096	SAR116 cluster bacterium	SC1-ENV-MEDIUM-MARINE	Environment_Medium_SD	marine	true
GCA_002713645.1	SAMN07619010	Flavobacteriaceae bacterium	SC1-ENV-MEDIUM-MARINE	Environment_Medium_SD	marine	true
GCA_002713685.1	SAMN07619572	Opitutia bacterium	SC1-ENV-MEDIUM-MARINE	Environment_Medium_SD	marine	true
GCA_002713695.1	SAMN07619560	Opitutaceae bacterium	SC1-ENV-MEDIUM-MARINE	Environment_Medium_SD	marine	true
GCA_002713705.1	SAMN07619009	Flavobacteriaceae bacterium	SC1-ENV-MEDIUM-MARINE	Environment_Medium_SD	marine	true
GCA_002713745.1	SAMN07619979	Rhodospirillaceae bacterium	SC1-ENV-MEDIUM-MARINE	Environment_Medium_SD	marine	true
GCA_002713765.1	SAMN07618195	Acidimicrobiaceae bacterium	SC1-ENV-MEDIUM-MARINE	Environment_Medium_SD	marine	true
GCA_002713775.1	SAMN07618488	Chloroflexota bacterium	SC1-ENV-MEDIUM-MARINE	Environment_Medium_SD	marine	true
GCA_002713785.1	SAMN07620261	Rickettsiales bacterium	SC1-ENV-MEDIUM-MARINE	Environment_Medium_SD	marine	true
GCA_002713825.1	SAMN07618146	Acidiferrobacteraceae bacterium	SC1-ENV-MEDIUM-MARINE	Environment_Medium_SD	marine	true
GCA_002713845.1	SAMN07619812	Pseudoalteromonas sp.	SC1-ENV-MEDIUM-MARINE	Environment_Medium_SD	marine	true
GCA_002713855.1	SAMN07620375	Gammaproteobacteria bacterium	SC1-ENV-MEDIUM-MARINE	Environment_Medium_SD	marine	true
GCA_002713885.1	SAMN07619387	Fidelibacterota bacterium	SC1-ENV-MEDIUM-MARINE	Environment_Medium_SD	marine	true
GCA_002713895.1	SAMN07619765	Candidatus Poribacteria bacterium	SC1-ENV-MEDIUM-MARINE	Environment_Medium_SD	marine	true
GCA_002713935.1	SAMN07618685	Deltaproteobacteria bacterium	SC1-ENV-MEDIUM-MARINE	Environment_Medium_SD	marine	true
GCA_002713965.1	SAMN07620040	Rickettsiales bacterium	SC1-ENV-MEDIUM-MARINE	Environment_Medium_SD	marine	true
GCA_002713975.1	SAMN07618194	Acidimicrobiaceae bacterium	SC1-ENV-MEDIUM-MARINE	Environment_Medium_SD	marine	true
GCA_002714005.1	SAMN07618552	Citromicrobium sp.	SC1-ENV-MEDIUM-MARINE	Environment_Medium_SD	marine	true
GCA_002714015.1	SAMN07619111	Gammaproteobacteria bacterium	SC1-ENV-MEDIUM-MARINE	Environment_Medium_SD	marine	true
GCA_002714045.1	SAMN07619166	Gemmatimonadota bacterium	SC1-ENV-MEDIUM-MARINE	Environment_Medium_SD	marine	true
GCA_002714055.1	SAMN07619653	Candidatus Pelagibacterales bacterium	SC1-ENV-MEDIUM-MARINE	Environment_Medium_SD	marine	true
GCA_002714085.1	SAMN07618486	Chloroflexota bacterium	SC1-ENV-MEDIUM-MARINE	Environment_Medium_SD	marine	true
GCA_002714095.1	SAMN07618293	Alcanivorax sp.	SC1-ENV-MEDIUM-MARINE	Environment_Medium_SD	marine	true
GCA_002714125.1	SAMN07620373	Gammaproteobacteria bacterium	SC1-ENV-MEDIUM-MARINE	Environment_Medium_SD	marine	true
GCA_002714145.1	SAMN07620213	Verrucomicrobiales bacterium	SC1-ENV-MEDIUM-MARINE	Environment_Medium_SD	marine	true
GCA_002714165.1	SAMN07618224	Acidobacteriota bacterium	SC1-ENV-MEDIUM-MARINE	Environment_Medium_SD	marine	true
GCA_002714185.1	SAMN07620293	Flavobacteriales bacterium	SC1-ENV-MEDIUM-MARINE	Environment_Medium_SD	marine	true
GCA_002714195.1	SAMN07620374	Gammaproteobacteria bacterium	SC1-ENV-MEDIUM-MARINE	Environment_Medium_SD	marine	true
GCA_002714225.1	SAMN07618192	Acidimicrobiaceae bacterium	SC1-ENV-MEDIUM-MARINE	Environment_Medium_SD	marine	true
GCA_002714245.1	SAMN07619110	Gammaproteobacteria bacterium	SC1-ENV-MEDIUM-MARINE	Environment_Medium_SD	marine	true
GCA_002714255.1	SAMN07618144	Acidiferrobacteraceae bacterium	SC1-ENV-MEDIUM-MARINE	Environment_Medium_SD	marine	true
GCA_002714285.1	SAMN07619290	Legionellales bacterium	SC1-ENV-MEDIUM-MARINE	Environment_Medium_SD	marine	true
GCA_002714325.1	SAMN07618584	Crocinitomicaceae bacterium	SC1-ENV-MEDIUM-MARINE	Environment_Medium_SD	marine	true
GCA_002714345.1	SAMN07619385	Fidelibacterota bacterium	SC1-ENV-MEDIUM-MARINE	Environment_Medium_SD	marine	true
GCA_002714365.1	SAMN07620151	Thalassospira sp.	SC1-ENV-MEDIUM-MARINE	Environment_Medium_SD	marine	true
GCA_002714375.1	SAMN07618935	Flammeovirgaceae bacterium	SC1-ENV-MEDIUM-MARINE	Environment_Medium_SD	marine	true
GCA_002714405.1	SAMN07618609	Cyanobium sp. SAT1300	SC1-ENV-MEDIUM-MARINE	Environment_Medium_SD	marine	true
GCA_002714425.1	SAMN07618485	Chloroflexota bacterium	SC1-ENV-MEDIUM-MARINE	Environment_Medium_SD	marine	true
GCA_002714435.1	SAMN07618583	Crocinitomicaceae bacterium	SC1-ENV-MEDIUM-MARINE	Environment_Medium_SD	marine	true
GCA_002714465.1	SAMN07619165	Gemmatimonadota bacterium	SC1-ENV-MEDIUM-MARINE	Environment_Medium_SD	marine	true
GCA_002714485.1	SAMN07618191	Acidimicrobiaceae bacterium	SC1-ENV-MEDIUM-MARINE	Environment_Medium_SD	marine	true
GCA_002714505.1	SAMN07619141	Gammaproteobacteria bacterium	SC1-ENV-MEDIUM-MARINE	Environment_Medium_SD	marine	true
GCA_002714525.1	SAMN07618635	Dehalococcoidia bacterium	SC1-ENV-MEDIUM-MARINE	Environment_Medium_SD	marine	true
GCA_002714565.1	SAMN07619948	Rhodopirellula sp.	SC1-ENV-MEDIUM-MARINE	Environment_Medium_SD	marine	true
GCA_002714575.1	SAMN07620321	Flavobacterium sp.	SC1-ENV-MEDIUM-MARINE	Environment_Medium_SD	marine	true
GCA_002714625.1	SAMN07618684	Deltaproteobacteria bacterium	SC1-ENV-MEDIUM-MARINE	Environment_Medium_SD	marine	true
GCA_002714645.1	SAMN07618389	bacterium	SC1-ENV-MEDIUM-MARINE	Environment_Medium_SD	marine	true
GCA_002714665.1	SAMN07618415	Balneola sp.	SC1-ENV-MEDIUM-MARINE	Environment_Medium_SD	marine	true
GCA_002714685.1	SAMN07618554	Cobetia sp.	SC1-ENV-MEDIUM-MARINE	Environment_Medium_SD	marine	true
GCA_002714705.1	SAMN07619862	Pusillimonas sp.	SC1-ENV-MEDIUM-MARINE	Environment_Medium_SD	marine	true
GCA_002714715.1	SAMN07618558	Actibacterium sp.	SC1-ENV-MEDIUM-MARINE	Environment_Medium_SD	marine	true
GCA_002714765.1	SAMN07619433	Marinobacter sp.	SC1-ENV-MEDIUM-MARINE	Environment_Medium_SD	marine	true
GCA_002714785.1	SAMN07619764	Candidatus Poribacteria bacterium	SC1-ENV-MEDIUM-MARINE	Environment_Medium_SD	marine	true
GCA_002714805.1	SAMN07619082	Flavobacteriales bacterium	SC1-ENV-MEDIUM-MARINE	Environment_Medium_SD	marine	true
GCA_002714815.1	SAMN07619007	Flavobacteriaceae bacterium	SC1-ENV-MEDIUM-MARINE	Environment_Medium_SD	marine	true
GCA_002714845.1	SAMN07619008	Flavobacteriaceae bacterium	SC1-ENV-MEDIUM-MARINE	Environment_Medium_SD	marine	true
GCA_002714865.1	SAMN07620249	Xanthomarina sp.	SC1-ENV-MEDIUM-MARINE	Environment_Medium_SD	marine	true
GCA_002714885.1	SAMN07619830	Pseudomonadales bacterium	SC1-ENV-MEDIUM-MARINE	Environment_Medium_SD	marine	true
GCA_002714925.1	SAMN07619258	Idiomarina sp.	SC1-ENV-MEDIUM-MARINE	Environment_Medium_SD	marine	true
GCA_002714945.1	SAMN07619238	Hyphomonadaceae bacterium	SC1-ENV-MEDIUM-MARINE	Environment_Medium_SD	marine	true
GCA_002714965.1	SAMN07619454	Marinovum sp.	SC1-ENV-MEDIUM-MARINE	Environment_Medium_SD	marine	true
GCA_002714985.1	SAMN07618934	Flammeovirgaceae bacterium	SC1-ENV-MEDIUM-MARINE	Environment_Medium_SD	marine	true
GCA_002715005.1	SAMN07620020	Rhodospirillaceae bacterium	SC1-ENV-MEDIUM-MARINE	Environment_Medium_SD	marine	true
GCA_002715025.1	SAMN07618933	Flammeovirgaceae bacterium	SC1-ENV-MEDIUM-MARINE	Environment_Medium_SD	marine	true
GCA_002715035.1	SAMN07619384	Fidelibacterota bacterium	SC1-ENV-MEDIUM-MARINE	Environment_Medium_SD	marine	true
GCA_002715065.1	SAMN07619783	Porticoccaceae bacterium	SC1-ENV-MEDIUM-MARINE	Environment_Medium_SD	marine	true
GCA_002715085.1	SAMN07620320	Flavobacterium sp.	SC1-ENV-MEDIUM-MARINE	Environment_Medium_SD	marine	true
GCA_002715105.1	SAMN07618416	Balneola sp.	SC1-ENV-MEDIUM-MARINE	Environment_Medium_SD	marine	true
GCA_002715125.1	SAMN07619264	Idiomarinaceae bacterium	SC1-ENV-MEDIUM-MARINE	Environment_Medium_SD	marine	true
GCA_002715145.1	SAMN07619224	Halomonas sp.	SC1-ENV-MEDIUM-MARINE	Environment_Medium_SD	marine	true
GCA_002715155.1	SAMN07618274	Aequorivita sp.	SC1-ENV-MEDIUM-MARINE	Environment_Medium_SD	marine	true
GCA_002715175.1	SAMN07619232	Hirschia sp.	SC1-ENV-MEDIUM-MARINE	Environment_Medium_SD	marine	true
GCA_002715205.1	SAMN07618582	Crocinitomicaceae bacterium	SC1-ENV-MEDIUM-MARINE	Environment_Medium_SD	marine	true
GCA_002715225.1	SAMN07619081	Flavobacteriales bacterium	SC1-ENV-MEDIUM-MARINE	Environment_Medium_SD	marine	true
GCA_002715265.1	SAMN07619658	Candidatus Pelagibacterales bacterium	SC1-ENV-MEDIUM-MARINE	Environment_Medium_SD	marine	true
GCA_002715285.1	SAMN07618234	Acidobacteriota bacterium	SC1-ENV-MEDIUM-MARINE	Environment_Medium_SD	marine	true
GCA_002715305.1	SAMN07620278	Rickettsiales bacterium	SC1-ENV-MEDIUM-MARINE	Environment_Medium_SD	marine	true
GCA_002715345.1	SAMN07620319	Flavobacteriales bacterium	SC1-ENV-MEDIUM-MARINE	Environment_Medium_SD	marine	true
GCA_002715365.1	SAMN07619502	Myxococcales bacterium	SC1-ENV-MEDIUM-MARINE	Environment_Medium_SD	marine	true
GCA_002715375.1	SAMN07619212	Halobacteriovoraceae bacterium	SC1-ENV-MEDIUM-MARINE	Environment_Medium_SD	marine	true
GCA_002715405.1	SAMN07618215	Acidimicrobiaceae bacterium	SC1-ENV-MEDIUM-MARINE	Environment_Medium_SD	marine	true
GCA_002715425.1	SAMN07618267	Actinomycetota bacterium	SC1-ENV-MEDIUM-MARINE	Environment_Medium_SD	marine	true
GCA_002715445.1	SAMN07620318	Flavobacteriales bacterium	SC1-ENV-MEDIUM-MARINE	Environment_Medium_SD	marine	true
GCA_002715465.1	SAMN07619419	Fidelibacterota bacterium	SC1-ENV-MEDIUM-MARINE	Environment_Medium_SD	marine	true
GCA_002715485.1	SAMN07618275	Aequorivita sp.	SC1-ENV-MEDIUM-MARINE	Environment_Medium_SD	marine	true
GCA_002715505.1	SAMN07619657	Candidatus Pelagibacterales bacterium	SC1-ENV-MEDIUM-MARINE	Environment_Medium_SD	marine	true
GCA_002715525.1	SAMN07619580	Owenweeksia sp.	SC1-ENV-MEDIUM-MARINE	Environment_Medium_SD	marine	true
GCA_002715565.1	SAMN07620317	Flavobacteriales bacterium	SC1-ENV-MEDIUM-MARINE	Environment_Medium_SD	marine	true
GCA_002715585.2	SAMN07618405	bacterium	SC1-ENV-MEDIUM-MARINE	Environment_Medium_SD	marine	true
GCA_002715605.1	SAMN07619849	Pseudozobellia sp.	SC1-ENV-MEDIUM-MARINE	Environment_Medium_SD	marine	true
GCA_002715615.1	SAMN07619136	Gammaproteobacteria bacterium	SC1-ENV-MEDIUM-MARINE	Environment_Medium_SD	marine	true
GCA_002715645.1	SAMN07618616	Cytophagia bacterium	SC1-ENV-MEDIUM-MARINE	Environment_Medium_SD	marine	true
GCA_002715665.1	SAMN07618541	Chloroflexota bacterium	SC1-ENV-MEDIUM-MARINE	Environment_Medium_SD	marine	true
GCA_002715685.1	SAMN07618298	Alcanivorax sp.	SC1-ENV-MEDIUM-MARINE	Environment_Medium_SD	marine	true
GCA_002715705.1	SAMN07618540	Chloroflexota bacterium	SC1-ENV-MEDIUM-MARINE	Environment_Medium_SD	marine	true
GCA_002715745.1	SAMN07620247	Woeseiaceae bacterium	SC1-ENV-MEDIUM-MARINE	Environment_Medium_SD	marine	true
GCA_002715765.1	SAMN07619943	Rhodobiaceae bacterium	SC1-ENV-MEDIUM-MARINE	Environment_Medium_SD	marine	true
GCA_002715785.1	SAMN07620394	Gammaproteobacteria bacterium	SC1-ENV-MEDIUM-MARINE	Environment_Medium_SD	marine	true
GCA_002715795.1	SAMN07618602	Cryomorphaceae bacterium	SC1-ENV-MEDIUM-MARINE	Environment_Medium_SD	marine	true
GCA_002715825.1	SAMN07620050	Roseibacillus sp.	SC1-ENV-MEDIUM-MARINE	Environment_Medium_SD	marine	true
GCA_002715835.1	SAMN07619790	Porticoccus sp.	SC1-ENV-MEDIUM-MARINE	Environment_Medium_SD	marine	true
GCA_002715885.1	SAMN07620316	Flavobacteriales bacterium	SC1-ENV-MEDIUM-MARINE	Environment_Medium_SD	marine	true
GCA_002715905.1	SAMN07618597	Crocinitomicaceae bacterium	SC1-ENV-MEDIUM-MARINE	Environment_Medium_SD	marine	true
GCA_002715915.1	SAMN07619642	Pelagibacteraceae bacterium	SC1-ENV-MEDIUM-MARINE	Environment_Medium_SD	marine	true
GCA_002715945.1	SAMN07618701	Erythrobacteraceae bacterium	SC1-ENV-MEDIUM-MARINE	Environment_Medium_SD	marine	true
GCA_002715965.1	SAMN07620224	Verrucomicrobiales bacterium	SC1-ENV-MEDIUM-MARINE	Environment_Medium_SD	marine	true
GCA_002715985.1	SAMN07620252	Lysobacterales bacterium	SC1-ENV-MEDIUM-MARINE	Environment_Medium_SD	marine	true
GCA_002716005.1	SAMN07619281	Leeuwenhoekiella sp.	SC1-ENV-MEDIUM-MARINE	Environment_Medium_SD	marine	true
GCA_002716025.1	SAMN07619260	Idiomarina sp.	SC1-ENV-MEDIUM-MARINE	Environment_Medium_SD	marine	true
GCA_002716045.1	SAMN07619575	Opitutia bacterium	SC1-ENV-MEDIUM-MARINE	Environment_Medium_SD	marine	true
GCA_002716065.1	SAMN07618598	Crocinitomicaceae bacterium	SC1-ENV-MEDIUM-MARINE	Environment_Medium_SD	marine	true
GCA_002716105.1	SAMN07619266	Idiomarinaceae bacterium	SC1-ENV-MEDIUM-MARINE	Environment_Medium_SD	marine	true
GCA_002716125.1	SAMN07620003	Rhodospirillaceae bacterium	SC1-ENV-MEDIUM-MARINE	Environment_Medium_SD	marine	true
GCA_002716145.1	SAMN07619875	Hyphomicrobiales bacterium	SC1-ENV-MEDIUM-MARINE	Environment_Medium_SD	marine	true
GCA_002716165.1	SAMN07618680	Deltaproteobacteria bacterium	SC1-ENV-MEDIUM-MARINE	Environment_Medium_SD	marine	true
GCA_002716175.1	SAMN07619536	Oceanicaulis sp.	SC1-ENV-MEDIUM-MARINE	Environment_Medium_SD	marine	true
GCA_002716205.1	SAMN07619247	Hyphomonas sp.	SC1-ENV-MEDIUM-MARINE	Environment_Medium_SD	marine	true
GCA_002716225.1	SAMN07618563	Croceibacter sp.	SC1-ENV-MEDIUM-MARINE	Environment_Medium_SD	marine	true
GCA_002716245.1	SAMN07618297	Alcanivorax sp.	SC1-ENV-MEDIUM-MARINE	Environment_Medium_SD	marine	true
GCA_002716265.1	SAMN07620057	Roseobacter sp.	SC1-ENV-MEDIUM-MARINE	Environment_Medium_SD	marine	true
GCA_002716285.1	SAMN07618214	Acidimicrobiaceae bacterium	SC1-ENV-MEDIUM-MARINE	Environment_Medium_SD	marine	true
GCA_002716305.1	SAMN07619660	Peredibacter sp.	SC1-ENV-MEDIUM-MARINE	Environment_Medium_SD	marine	true
GCA_002716325.1	SAMN07620102	Bryobacterales bacterium	SC1-ENV-MEDIUM-MARINE	Environment_Medium_SD	marine	true
GCA_002716345.1	SAMN07620315	Flavobacteriales bacterium	SC1-ENV-MEDIUM-MARINE	Environment_Medium_SD	marine	true
GCA_002716355.1	SAMN07618404	bacterium	SC1-ENV-MEDIUM-MARINE	Environment_Medium_SD	marine	true
GCA_002716385.1	SAMN07619684	Phycisphaerae bacterium	SC1-ENV-MEDIUM-MARINE	Environment_Medium_SD	marine	true
GCA_002716405.1	SAMN07618537	Chloroflexota bacterium	SC1-ENV-MEDIUM-MARINE	Environment_Medium_SD	marine	true
GCA_002716425.1	SAMN07618539	Chloroflexota bacterium	SC1-ENV-MEDIUM-MARINE	Environment_Medium_SD	marine	true
GCA_002716445.1	SAMN07619630	Candidatus Pelagibacter sp.	SC1-ENV-MEDIUM-MARINE	Environment_Medium_SD	marine	true
GCA_002716465.1	SAMN07618315	Alphaproteobacteria bacterium	SC1-ENV-MEDIUM-MARINE	Environment_Medium_SD	marine	true
GCA_002716485.1	SAMN07618266	Actinomycetota bacterium	SC1-ENV-MEDIUM-MARINE	Environment_Medium_SD	marine	true
GCA_002716505.1	SAMN07619942	Rhodobiaceae bacterium	SC1-ENV-MEDIUM-MARINE	Environment_Medium_SD	marine	true
GCA_002716525.1	SAMN07619417	Fidelibacterota bacterium	SC1-ENV-MEDIUM-MARINE	Environment_Medium_SD	marine	true
GCA_002716545.1	SAMN07618611	Cycloclasticus sp.	SC1-ENV-MEDIUM-MARINE	Environment_Medium_SD	marine	true
GCA_002716565.1	SAMN07619174	Gemmatimonadota bacterium	SC1-ENV-MEDIUM-MARINE	Environment_Medium_SD	marine	true
GCA_002716585.1	SAMN07619501	Myxococcales bacterium	SC1-ENV-MEDIUM-MARINE	Environment_Medium_SD	marine	true
GCA_002716605.1	SAMN07618535	Chloroflexota bacterium	SC1-ENV-MEDIUM-MARINE	Environment_Medium_SD	marine	true
GCA_002716625.1	SAMN07619664	Phycisphaeraceae bacterium	SC1-ENV-MEDIUM-MARINE	Environment_Medium_SD	marine	true
GCA_002716645.1	SAMN07618533	Chloroflexota bacterium	SC1-ENV-MEDIUM-MARINE	Environment_Medium_SD	marine	true
GCA_002716665.1	SAMN07619134	Gammaproteobacteria bacterium	SC1-ENV-MEDIUM-MARINE	Environment_Medium_SD	marine	true
GCA_002716675.1	SAMN07618534	Chloroflexota bacterium	SC1-ENV-MEDIUM-MARINE	Environment_Medium_SD	marine	true
GCA_002716705.1	SAMN07618265	Actinomycetota bacterium	SC1-ENV-MEDIUM-MARINE	Environment_Medium_SD	marine	true
GCA_002716725.1	SAMN07618403	bacterium	SC1-ENV-MEDIUM-MARINE	Environment_Medium_SD	marine	true
GCA_002716745.1	SAMN07619133	Gammaproteobacteria bacterium	SC1-ENV-MEDIUM-MARINE	Environment_Medium_SD	marine	true
GCA_002716765.1	SAMN07618430	Candidatus Magasanikiibacteriota bacterium	SC1-ENV-MEDIUM-MARINE	Environment_Medium_SD	marine	true
GCA_002716795.1	SAMN07618643	Dehalococcoidia bacterium	SC1-ENV-MEDIUM-MARINE	Environment_Medium_SD	marine	true
GCA_002716825.1	SAMN07619215	Halobacteriovorax sp.	SC1-ENV-MEDIUM-MARINE	Environment_Medium_SD	marine	true
GCA_002716845.1	SAMN07619037	Flavobacteriaceae bacterium	SC1-ENV-MEDIUM-MARINE	Environment_Medium_SD	marine	true
GCA_002716865.1	SAMN07618652	Dehalococcoidia bacterium	SC1-ENV-MEDIUM-MARINE	Environment_Medium_SD	marine	true
GCA_002716945.1	SAMN07619132	Gammaproteobacteria bacterium	SC1-ENV-MEDIUM-MARINE	Environment_Medium_SD	marine	true
GCA_002716985.1	SAMN07620314	Flavobacteriales bacterium	SC1-ENV-MEDIUM-MARINE	Environment_Medium_SD	marine	true
GCA_002717005.1	SAMN07620313	Flavobacteriales bacterium	SC1-ENV-MEDIUM-MARINE	Environment_Medium_SD	marine	true
GCA_002717045.1	SAMN07619562	Opitutaceae bacterium	SC1-ENV-MEDIUM-MARINE	Environment_Medium_SD	marine	true
GCA_002717065.1	SAMN07618642	Dehalococcoidia bacterium	SC1-ENV-MEDIUM-MARINE	Environment_Medium_SD	marine	true
GCA_002717085.1	SAMN07618641	Dehalococcoidia bacterium	SC1-ENV-MEDIUM-MARINE	Environment_Medium_SD	marine	true
GCA_002717105.1	SAMN07618314	Alphaproteobacteria bacterium	SC1-ENV-MEDIUM-MARINE	Environment_Medium_SD	marine	true
GCA_002717125.1	SAMN07620393	Gammaproteobacteria bacterium	SC1-ENV-MEDIUM-MARINE	Environment_Medium_SD	marine	true
GCA_002717145.1	SAMN07619726	Planctomycetaceae bacterium	SC1-ENV-MEDIUM-MARINE	Environment_Medium_SD	marine	true
GCA_002717185.1	SAMN07619999	Rhodospirillaceae bacterium	SC1-ENV-MEDIUM-MARINE	Environment_Medium_SD	marine	true
GCA_002717205.1	SAMN07618529	Chloroflexota bacterium	SC1-ENV-MEDIUM-MARINE	Environment_Medium_SD	marine	true
GCA_002717225.1	SAMN07619998	Rhodospirillaceae bacterium	SC1-ENV-MEDIUM-MARINE	Environment_Medium_SD	marine	true
GCA_002717245.1	SAMN07619641	Pelagibacteraceae bacterium	SC1-ENV-MEDIUM-MARINE	Environment_Medium_SD	marine	true
GCA_002717265.1	SAMN07619656	Candidatus Pelagibacterales bacterium	SC1-ENV-MEDIUM-MARINE	Environment_Medium_SD	marine	true
GCA_002717285.1	SAMN07619315	Magnetovibrio sp.	SC1-ENV-MEDIUM-MARINE	Environment_Medium_SD	marine	true
GCA_002717305.1	SAMN07619131	Gammaproteobacteria bacterium	SC1-ENV-MEDIUM-MARINE	Environment_Medium_SD	marine	true
GCA_002717325.1	SAMN07618212	Acidimicrobiaceae bacterium	SC1-ENV-MEDIUM-MARINE	Environment_Medium_SD	marine	true
GCA_002717345.1	SAMN07618528	Chloroflexota bacterium	SC1-ENV-MEDIUM-MARINE	Environment_Medium_SD	marine	true
GCA_002717365.1	SAMN07618213	Acidimicrobiaceae bacterium	SC1-ENV-MEDIUM-MARINE	Environment_Medium_SD	marine	true
GCA_002717385.1	SAMN07618525	Chloroflexota bacterium	SC1-ENV-MEDIUM-MARINE	Environment_Medium_SD	marine	true
GCA_002717405.1	SAMN07618264	Actinomycetota bacterium	SC1-ENV-MEDIUM-MARINE	Environment_Medium_SD	marine	true
GCA_002717425.1	SAMN07618679	Deltaproteobacteria bacterium	SC1-ENV-MEDIUM-MARINE	Environment_Medium_SD	marine	true
GCA_002717445.1	SAMN07619142	Gammaproteobacteria bacterium	SC1-ENV-MEDIUM-MARINE	Environment_Medium_SD	marine	true
GCA_002717465.1	SAMN07618526	Chloroflexota bacterium	SC1-ENV-MEDIUM-MARINE	Environment_Medium_SD	marine	true
GCA_002717485.1	SAMN07619639	Pelagibacteraceae bacterium	SC1-ENV-MEDIUM-MARINE	Environment_Medium_SD	marine	true
GCA_002717505.1	SAMN07619303	Leptospiraceae bacterium	SC1-ENV-MEDIUM-MARINE	Environment_Medium_SD	marine	true
GCA_002717515.1	SAMN07620311	Flavobacteriales bacterium	SC1-ENV-MEDIUM-MARINE	Environment_Medium_SD	marine	true
GCA_002717545.1	SAMN07618313	Alphaproteobacteria bacterium	SC1-ENV-MEDIUM-MARINE	Environment_Medium_SD	marine	true
GCA_002717565.1	SAMN07618538	Chloroflexota bacterium	SC1-ENV-MEDIUM-MARINE	Environment_Medium_SD	marine	true
GCA_002717585.1	SAMN07618536	Chloroflexota bacterium	SC1-ENV-MEDIUM-MARINE	Environment_Medium_SD	marine	true
GCA_002717605.1	SAMN07618595	Crocinitomicaceae bacterium	SC1-ENV-MEDIUM-MARINE	Environment_Medium_SD	marine	true
GCA_002717625.1	SAMN07619410	Fidelibacterota bacterium	SC1-ENV-MEDIUM-MARINE	Environment_Medium_SD	marine	true
GCA_002717635.1	SAMN07618596	Crocinitomicaceae bacterium	SC1-ENV-MEDIUM-MARINE	Environment_Medium_SD	marine	true
GCA_002717655.1	SAMN07619683	Phycisphaerae bacterium	SC1-ENV-MEDIUM-MARINE	Environment_Medium_SD	marine	true
GCA_002717685.1	SAMN07619135	Gammaproteobacteria bacterium	SC1-ENV-MEDIUM-MARINE	Environment_Medium_SD	marine	true
GCA_002717695.1	SAMN07619415	Fidelibacterota bacterium	SC1-ENV-MEDIUM-MARINE	Environment_Medium_SD	marine	true
GCA_002717725.1	SAMN07618531	Chloroflexota bacterium	SC1-ENV-MEDIUM-MARINE	Environment_Medium_SD	marine	true
GCA_002717745.1	SAMN07618233	Acidobacteriota bacterium	SC1-ENV-MEDIUM-MARINE	Environment_Medium_SD	marine	true
GCA_002717765.1	SAMN07619414	Fidelibacterota bacterium	SC1-ENV-MEDIUM-MARINE	Environment_Medium_SD	marine	true
GCA_002717785.1	SAMN07619416	Fidelibacterota bacterium	SC1-ENV-MEDIUM-MARINE	Environment_Medium_SD	marine	true
GCA_002717805.1	SAMN07618532	Chloroflexota bacterium	SC1-ENV-MEDIUM-MARINE	Environment_Medium_SD	marine	true
GCA_002717855.1	SAMN07620269	Rickettsiales bacterium	SC1-ENV-MEDIUM-MARINE	Environment_Medium_SD	marine	true
GCA_002717875.1	SAMN07619413	Fidelibacterota bacterium	SC1-ENV-MEDIUM-MARINE	Environment_Medium_SD	marine	true
GCA_002717895.1	SAMN07620002	Rhodospirillaceae bacterium	SC1-ENV-MEDIUM-MARINE	Environment_Medium_SD	marine	true
GCA_002717915.1	SAMN07619412	Fidelibacterota bacterium	SC1-ENV-MEDIUM-MARINE	Environment_Medium_SD	marine	true
GCA_002717925.1	SAMN07618530	Chloroflexota bacterium	SC1-ENV-MEDIUM-MARINE	Environment_Medium_SD	marine	true
GCA_002717955.1	SAMN07618349	Alteromonadaceae bacterium	SC1-ENV-MEDIUM-MARINE	Environment_Medium_SD	marine	true
GCA_002717975.1	SAMN07619859	Puniceicoccaceae bacterium	SC1-ENV-MEDIUM-MARINE	Environment_Medium_SD	marine	true
GCA_002717995.1	SAMN07619411	Fidelibacterota bacterium	SC1-ENV-MEDIUM-MARINE	Environment_Medium_SD	marine	true
GCA_002718015.1	SAMN07620001	Rhodospirillaceae bacterium	SC1-ENV-MEDIUM-MARINE	Environment_Medium_SD	marine	true
GCA_002718035.1	SAMN07620312	Flavobacteriales bacterium	SC1-ENV-MEDIUM-MARINE	Environment_Medium_SD	marine	true
GCA_002718055.1	SAMN07619436	Marinobacter sp.	SC1-ENV-MEDIUM-MARINE	Environment_Medium_SD	marine	true
GCA_002718075.1	SAMN07619834	Pseudomonadales bacterium	SC1-ENV-MEDIUM-MARINE	Environment_Medium_SD	marine	true
GCA_002718095.1	SAMN07618527	Chloroflexota bacterium	SC1-ENV-MEDIUM-MARINE	Environment_Medium_SD	marine	true
GCA_002718115.1	SAMN07619259	Idiomarina sp.	SC1-ENV-MEDIUM-MARINE	Environment_Medium_SD	marine	true
GCA_002718135.1	SAMN07619640	Pelagibacteraceae bacterium	SC1-ENV-MEDIUM-MARINE	Environment_Medium_SD	marine	true
GCA_002718155.1	SAMN07619804	Pseudomonadota bacterium	SC1-ENV-MEDIUM-MARINE	Environment_Medium_SD	marine	true
GCA_002718175.1	SAMN07620049	Roseibacillus sp.	SC1-ENV-MEDIUM-MARINE	Environment_Medium_SD	marine	true
GCA_002718235.1	SAMN07619555	Oceanospirillales bacterium	SC1-ENV-MEDIUM-MARINE	Environment_Medium_SD	marine	true
GCA_002718255.1	SAMN07619435	Marinobacter sp.	SC1-ENV-MEDIUM-MARINE	Environment_Medium_SD	marine	true
GCA_002718285.1	SAMN07619418	Fidelibacterota bacterium	SC1-ENV-MEDIUM-MARINE	Environment_Medium_SD	marine	true
GCA_002718335.1	SAMN07619036	Flavobacteriaceae bacterium	SC1-ENV-MEDIUM-MARINE	Environment_Medium_SD	marine	true
GCA_002718345.1	SAMN07620000	Rhodospirillaceae bacterium	SC1-ENV-MEDIUM-MARINE	Environment_Medium_SD	marine	true
GCA_002718375.1	SAMN07619130	Gammaproteobacteria bacterium	SC1-ENV-MEDIUM-MARINE	Environment_Medium_SD	marine	true
GCA_002718395.1	SAMN07618524	Chloroflexota bacterium	SC1-ENV-MEDIUM-MARINE	Environment_Medium_SD	marine	true
GCA_002718415.1	SAMN07618523	Chloroflexota bacterium	SC1-ENV-MEDIUM-MARINE	Environment_Medium_SD	marine	true
GCA_002718435.1	SAMN07618938	Flammeovirgaceae bacterium	SC1-ENV-MEDIUM-MARINE	Environment_Medium_SD	marine	true
GCA_002718455.1	SAMN07618520	Chloroflexota bacterium	SC1-ENV-MEDIUM-MARINE	Environment_Medium_SD	marine	true
GCA_002718475.1	SAMN07619409	Fidelibacterota bacterium	SC1-ENV-MEDIUM-MARINE	Environment_Medium_SD	marine	true
GCA_002718495.1	SAMN07620392	Gammaproteobacteria bacterium	SC1-ENV-MEDIUM-MARINE	Environment_Medium_SD	marine	true
GCA_002718515.1	SAMN07619682	Phycisphaerae bacterium	SC1-ENV-MEDIUM-MARINE	Environment_Medium_SD	marine	true
GCA_002718535.1	SAMN07619407	Fidelibacterota bacterium	SC1-ENV-MEDIUM-MARINE	Environment_Medium_SD	marine	true
GCA_002718555.1	SAMN07619406	Fidelibacterota bacterium	SC1-ENV-MEDIUM-MARINE	Environment_Medium_SD	marine	true
GCA_002718585.1	SAMN07619405	Fidelibacterota bacterium	SC1-ENV-MEDIUM-MARINE	Environment_Medium_SD	marine	true
GCA_002718595.1	SAMN07619173	Gemmatimonadota bacterium	SC1-ENV-MEDIUM-MARINE	Environment_Medium_SD	marine	true
GCA_002718635.1	SAMN07618312	Alphaproteobacteria bacterium	SC1-ENV-MEDIUM-MARINE	Environment_Medium_SD	marine	true
GCA_002718645.1	SAMN07619035	Flavobacteriaceae bacterium	SC1-ENV-MEDIUM-MARINE	Environment_Medium_SD	marine	true
GCA_002718655.1	SAMN07619404	Fidelibacterota bacterium	SC1-ENV-MEDIUM-MARINE	Environment_Medium_SD	marine	true
GCA_002718715.1	SAMN07618401	bacterium	SC1-ENV-MEDIUM-MARINE	Environment_Medium_SD	marine	true
GCA_002718735.1	SAMN07619211	Halobacteriovoraceae bacterium	SC1-ENV-MEDIUM-MARINE	Environment_Medium_SD	marine	true
GCA_002718775.1	SAMN07620395	Gammaproteobacteria bacterium	SC1-ENV-MEDIUM-MARINE	Environment_Medium_SD	marine	true
GCA_002718795.1	SAMN07619149	Gemmatimonadaceae bacterium	SC1-ENV-MEDIUM-MARINE	Environment_Medium_SD	marine	true
GCA_002718815.1	SAMN07619725	Planctomycetaceae bacterium	SC1-ENV-MEDIUM-MARINE	Environment_Medium_SD	marine	true
GCA_002718835.1	SAMN07619744	Planctomycetota bacterium	SC1-ENV-MEDIUM-MARINE	Environment_Medium_SD	marine	true
GCA_002718845.1	SAMN07619128	Gammaproteobacteria bacterium	SC1-ENV-MEDIUM-MARINE	Environment_Medium_SD	marine	true
GCA_002718875.1	SAMN07619033	Flavobacteriaceae bacterium	SC1-ENV-MEDIUM-MARINE	Environment_Medium_SD	marine	true
GCA_002718895.1	SAMN07620309	Flavobacteriales bacterium	SC1-ENV-MEDIUM-MARINE	Environment_Medium_SD	marine	true
GCA_002718935.1	SAMN07620222	Verrucomicrobiales bacterium	SC1-ENV-MEDIUM-MARINE	Environment_Medium_SD	marine	true
GCA_002718955.1	SAMN07619127	Gammaproteobacteria bacterium	SC1-ENV-MEDIUM-MARINE	Environment_Medium_SD	marine	true
GCA_002719075.1	SAMN07619724	Planctomycetaceae bacterium	SC1-ENV-MEDIUM-MARINE	Environment_Medium_SD	marine	true
GCA_002719095.1	SAMN07619403	Fidelibacterota bacterium	SC1-ENV-MEDIUM-MARINE	Environment_Medium_SD	marine	true
GCA_002719115.1	SAMN07619172	Gemmatimonadota bacterium	SC1-ENV-MEDIUM-MARINE	Environment_Medium_SD	marine	true
GCA_002719135.1	SAMN07620391	Gammaproteobacteria bacterium	SC1-ENV-MEDIUM-MARINE	Environment_Medium_SD	marine	true
GCA_002719155.1	SAMN07620308	Flavobacteriales bacterium	SC1-ENV-MEDIUM-MARINE	Environment_Medium_SD	marine	true
GCA_002719175.1	SAMN07620068	Candidatus Saccharimonadota bacterium	SC1-ENV-MEDIUM-MARINE	Environment_Medium_SD	marine	true
GCA_002719195.1	SAMN07619941	Rhodobiaceae bacterium	SC1-ENV-MEDIUM-MARINE	Environment_Medium_SD	marine	true
GCA_002719215.1	SAMN07618519	Chloroflexota bacterium	SC1-ENV-MEDIUM-MARINE	Environment_Medium_SD	marine	true
GCA_002719235.1	SAMN07618210	Acidimicrobiaceae bacterium	SC1-ENV-MEDIUM-MARINE	Environment_Medium_SD	marine	true
GCA_002719295.1	SAMN07618517	Chloroflexota bacterium	SC1-ENV-MEDIUM-MARINE	Environment_Medium_SD	marine	true
GCA_002719315.1	SAMN07619032	Flavobacteriaceae bacterium	SC1-ENV-MEDIUM-MARINE	Environment_Medium_SD	marine	true
GCA_002719335.1	SAMN07618209	Acidimicrobiaceae bacterium	SC1-ENV-MEDIUM-MARINE	Environment_Medium_SD	marine	true
GCA_002719375.1	SAMN07619723	Planctomycetaceae bacterium	SC1-ENV-MEDIUM-MARINE	Environment_Medium_SD	marine	true
GCA_002719415.1	SAMN07619298	Legionellales bacterium	SC1-ENV-MEDIUM-MARINE	Environment_Medium_SD	marine	true
GCA_002719425.1	SAMN07618518	Chloroflexota bacterium	SC1-ENV-MEDIUM-MARINE	Environment_Medium_SD	marine	true
GCA_002719495.1	SAMN07618320	Altererythrobacter sp.	SC1-ENV-MEDIUM-MARINE	Environment_Medium_SD	marine	true
GCA_002719515.1	SAMN07619188	Haliea sp.	SC1-ENV-MEDIUM-MARINE	Environment_Medium_SD	marine	true
GCA_002719535.1	SAMN07619031	Flavobacteriaceae bacterium	SC1-ENV-MEDIUM-MARINE	Environment_Medium_SD	marine	true
GCA_002719575.1	SAMN07620389	Gammaproteobacteria bacterium	SC1-ENV-MEDIUM-MARINE	Environment_Medium_SD	marine	true
GCA_002719595.1	SAMN07620223	Verrucomicrobiales bacterium	SC1-ENV-MEDIUM-MARINE	Environment_Medium_SD	marine	true
GCA_002719675.1	SAMN07618515	Chloroflexota bacterium	SC1-ENV-MEDIUM-MARINE	Environment_Medium_SD	marine	true
GCA_002719695.1	SAMN07618402	bacterium	SC1-ENV-MEDIUM-MARINE	Environment_Medium_SD	marine	true
GCA_002719715.1	SAMN07618522	Chloroflexota bacterium	SC1-ENV-MEDIUM-MARINE	Environment_Medium_SD	marine	true
GCA_002719735.1	SAMN07618296	Alcanivorax sp.	SC1-ENV-MEDIUM-MARINE	Environment_Medium_SD	marine	true
GCA_002719755.1	SAMN07620127	Spongiibacter sp.	SC1-ENV-MEDIUM-MARINE	Environment_Medium_SD	marine	true
GCA_002719775.1	SAMN07618521	Chloroflexota bacterium	SC1-ENV-MEDIUM-MARINE	Environment_Medium_SD	marine	true
GCA_002719835.1	SAMN07619408	Fidelibacterota bacterium	SC1-ENV-MEDIUM-MARINE	Environment_Medium_SD	marine	true
GCA_002719855.1	SAMN07619282	Legionellaceae bacterium	SC1-ENV-MEDIUM-MARINE	Environment_Medium_SD	marine	true
GCA_002719875.1	SAMN07619538	Oceanicaulis sp.	SC1-ENV-MEDIUM-MARINE	Environment_Medium_SD	marine	true
GCA_002719885.1	SAMN07619997	Rhodospirillaceae bacterium	SC1-ENV-MEDIUM-MARINE	Environment_Medium_SD	marine	true
GCA_002719895.1	SAMN07620310	Flavobacteriales bacterium	SC1-ENV-MEDIUM-MARINE	Environment_Medium_SD	marine	true
GCA_002719935.1	SAMN07619129	Gammaproteobacteria bacterium	SC1-ENV-MEDIUM-MARINE	Environment_Medium_SD	marine	true
GCA_002719955.1	SAMN07618678	Deltaproteobacteria bacterium	SC1-ENV-MEDIUM-MARINE	Environment_Medium_SD	marine	true
GCA_002720015.1	SAMN07619034	Flavobacteriaceae bacterium	SC1-ENV-MEDIUM-MARINE	Environment_Medium_SD	marine	true
GCA_002720035.1	SAMN07620184	Verrucomicrobiaceae bacterium	SC1-ENV-MEDIUM-MARINE	Environment_Medium_SD	marine	true
GCA_002720045.1	SAMN07618211	Acidimicrobiaceae bacterium	SC1-ENV-MEDIUM-MARINE	Environment_Medium_SD	marine	true
GCA_002720125.1	SAMN07620268	Rickettsiales bacterium	SC1-ENV-MEDIUM-MARINE	Environment_Medium_SD	marine	true
GCA_002720135.1	SAMN07620390	Gammaproteobacteria bacterium	SC1-ENV-MEDIUM-MARINE	Environment_Medium_SD	marine	true
GCA_002720175.1	SAMN07620267	Rickettsiales bacterium	SC1-ENV-MEDIUM-MARINE	Environment_Medium_SD	marine	true
GCA_002720195.1	SAMN07619126	Gammaproteobacteria bacterium	SC1-ENV-MEDIUM-MARINE	Environment_Medium_SD	marine	true
GCA_002720205.1	SAMN07619793	Prochlorococcus sp. SP3034	SC1-ENV-MEDIUM-MARINE	Environment_Medium_SD	marine	true
GCA_002720235.1	SAMN07619229	Henriciella sp.	SC1-ENV-MEDIUM-MARINE	Environment_Medium_SD	marine	true
GCA_002720255.1	SAMN07619030	Flavobacteriaceae bacterium	SC1-ENV-MEDIUM-MARINE	Environment_Medium_SD	marine	true
GCA_002720285.1	SAMN07618232	Acidobacteriota bacterium	SC1-ENV-MEDIUM-MARINE	Environment_Medium_SD	marine	true
GCA_002720295.1	SAMN07619029	Flavobacteriaceae bacterium	SC1-ENV-MEDIUM-MARINE	Environment_Medium_SD	marine	true
GCA_002720325.1	SAMN07620388	Gammaproteobacteria bacterium	SC1-ENV-MEDIUM-MARINE	Environment_Medium_SD	marine	true
GCA_002720355.1	SAMN07620221	Verrucomicrobiales bacterium	SC1-ENV-MEDIUM-MARINE	Environment_Medium_SD	marine	true
GCA_002720365.1	SAMN07618516	Chloroflexota bacterium	SC1-ENV-MEDIUM-MARINE	Environment_Medium_SD	marine	true
GCA_002720375.1	SAMN07618594	Crocinitomicaceae bacterium	SC1-ENV-MEDIUM-MARINE	Environment_Medium_SD	marine	true
GCA_002720435.1	SAMN07619028	Flavobacteriaceae bacterium	SC1-ENV-MEDIUM-MARINE	Environment_Medium_SD	marine	true
GCA_002720455.1	SAMN07619743	Planctomycetota bacterium	SC1-ENV-MEDIUM-MARINE	Environment_Medium_SD	marine	true
GCA_002720475.1	SAMN07620064	Roseovarius sp.	SC1-ENV-MEDIUM-MARINE	Environment_Medium_SD	marine	true
GCA_002720485.1	SAMN07618208	Acidimicrobiaceae bacterium	SC1-ENV-MEDIUM-MARINE	Environment_Medium_SD	marine	true
GCA_002720515.1	SAMN07619504	Myxococcales bacterium	SC1-ENV-MEDIUM-MARINE	Environment_Medium_SD	marine	true
GCA_002720535.1	SAMN07619655	Candidatus Pelagibacterales bacterium	SC1-ENV-MEDIUM-MARINE	Environment_Medium_SD	marine	true
GCA_002720555.1	SAMN07619524	Nitrospinota bacterium	SC1-ENV-MEDIUM-MARINE	Environment_Medium_SD	marine	true
GCA_002720565.1	SAMN07618207	Acidimicrobiaceae bacterium	SC1-ENV-MEDIUM-MARINE	Environment_Medium_SD	marine	true
GCA_002720595.1	SAMN07620242	Woeseia sp.	SC1-ENV-MEDIUM-MARINE	Environment_Medium_SD	marine	true
GCA_002720615.1	SAMN07618322	Alteromonadaceae bacterium	SC1-ENV-MEDIUM-MARINE	Environment_Medium_SD	marine	true
GCA_002720635.1	SAMN07620307	Flavobacteriales bacterium	SC1-ENV-MEDIUM-MARINE	Environment_Medium_SD	marine	true
GCA_002720645.1	SAMN07620387	Gammaproteobacteria bacterium	SC1-ENV-MEDIUM-MARINE	Environment_Medium_SD	marine	true
GCA_002720665.1	SAMN07619171	Gemmatimonadota bacterium	SC1-ENV-MEDIUM-MARINE	Environment_Medium_SD	marine	true
GCA_002720695.1	SAMN07619170	Gemmatimonadota bacterium	SC1-ENV-MEDIUM-MARINE	Environment_Medium_SD	marine	true
GCA_002720715.1	SAMN07618513	Chloroflexota bacterium	SC1-ENV-MEDIUM-MARINE	Environment_Medium_SD	marine	true
GCA_002720735.1	SAMN07619786	Porticoccaceae bacterium	SC1-ENV-MEDIUM-MARINE	Environment_Medium_SD	marine	true
GCA_002720745.1	SAMN07618417	Balneola sp.	SC1-ENV-MEDIUM-MARINE	Environment_Medium_SD	marine	true
GCA_002720775.1	SAMN07620277	Rickettsiales bacterium	SC1-ENV-MEDIUM-MARINE	Environment_Medium_SD	marine	true
GCA_002720785.1	SAMN07618677	Deltaproteobacteria bacterium	SC1-ENV-MEDIUM-MARINE	Environment_Medium_SD	marine	true
GCA_002720815.1	SAMN07618231	Acidobacteriota bacterium	SC1-ENV-MEDIUM-MARINE	Environment_Medium_SD	marine	true
GCA_002720825.1	SAMN07620220	Verrucomicrobiales bacterium	SC1-ENV-MEDIUM-MARINE	Environment_Medium_SD	marine	true
GCA_002720855.1	SAMN07619996	Rhodospirillaceae bacterium	SC1-ENV-MEDIUM-MARINE	Environment_Medium_SD	marine	true
GCA_002720865.1	SAMN07619214	Halobacteriovorax sp.	SC1-ENV-MEDIUM-MARINE	Environment_Medium_SD	marine	true
GCA_002720895.1	SAMN07619638	Pelagibacteraceae bacterium	SC1-ENV-MEDIUM-MARINE	Environment_Medium_SD	marine	true
GCA_002720915.1	SAMN07619578	Opitutales bacterium	SC1-ENV-MEDIUM-MARINE	Environment_Medium_SD	marine	true
GCA_002720935.1	SAMN07620266	Rickettsiales bacterium	SC1-ENV-MEDIUM-MARINE	Environment_Medium_SD	marine	true
GCA_002720945.1	SAMN07620075	Sandaracinus sp.	SC1-ENV-MEDIUM-MARINE	Environment_Medium_SD	marine	true
GCA_002720975.1	SAMN07619742	Planctomycetota bacterium	SC1-ENV-MEDIUM-MARINE	Environment_Medium_SD	marine	true
GCA_002720995.1	SAMN07619402	Fidelibacterota bacterium	SC1-ENV-MEDIUM-MARINE	Environment_Medium_SD	marine	true
GCA_002721015.1	SAMN07619940	Rhodobiaceae bacterium	SC1-ENV-MEDIUM-MARINE	Environment_Medium_SD	marine	true
GCA_002721025.1	SAMN07619125	Gammaproteobacteria bacterium	SC1-ENV-MEDIUM-MARINE	Environment_Medium_SD	marine	true
GCA_002721055.1	SAMN07618514	Chloroflexota bacterium	SC1-ENV-MEDIUM-MARINE	Environment_Medium_SD	marine	true
GCA_002721075.1	SAMN07618206	Acidimicrobiaceae bacterium	SC1-ENV-MEDIUM-MARINE	Environment_Medium_SD	marine	true
GCA_002721105.1	SAMN07618147	Acidiferrobacteraceae bacterium	SC1-ENV-MEDIUM-MARINE	Environment_Medium_SD	marine	true
GCA_002721155.1	SAMN07618263	Actinomycetota bacterium	SC1-ENV-MEDIUM-MARINE	Environment_Medium_SD	marine	true
GCA_002721165.1	SAMN07619297	Legionellales bacterium	SC1-ENV-MEDIUM-MARINE	Environment_Medium_SD	marine	true
GCA_002721175.1	SAMN07619027	Flavobacteriaceae bacterium	SC1-ENV-MEDIUM-MARINE	Environment_Medium_SD	marine	true
GCA_002721215.1	SAMN07618555	Cobetia sp.	SC1-ENV-MEDIUM-MARINE	Environment_Medium_SD	marine	true
GCA_002721255.1	SAMN07619026	Flavobacteriaceae bacterium	SC1-ENV-MEDIUM-MARINE	Environment_Medium_SD	marine	true
GCA_002721275.1	SAMN07619025	Flavobacteriaceae bacterium	SC1-ENV-MEDIUM-MARINE	Environment_Medium_SD	marine	true
GCA_002721285.1	SAMN07618593	Crocinitomicaceae bacterium	SC1-ENV-MEDIUM-MARINE	Environment_Medium_SD	marine	true
GCA_002721295.1	SAMN07619995	Rhodospirillaceae bacterium	SC1-ENV-MEDIUM-MARINE	Environment_Medium_SD	marine	true
GCA_002721305.1	SAMN07618205	Acidimicrobiaceae bacterium	SC1-ENV-MEDIUM-MARINE	Environment_Medium_SD	marine	true
GCA_002721355.1	SAMN07619681	Phycisphaerae bacterium	SC1-ENV-MEDIUM-MARINE	Environment_Medium_SD	marine	true
GCA_002721365.1	SAMN07619994	Rhodospirillaceae bacterium	SC1-ENV-MEDIUM-MARINE	Environment_Medium_SD	marine	true
GCA_002721375.1	SAMN07620219	Verrucomicrobiales bacterium	SC1-ENV-MEDIUM-MARINE	Environment_Medium_SD	marine	true
GCA_002721385.1	SAMN07619124	Gammaproteobacteria bacterium	SC1-ENV-MEDIUM-MARINE	Environment_Medium_SD	marine	true
GCA_002721435.1	SAMN07619434	Marinobacter sp.	SC1-ENV-MEDIUM-MARINE	Environment_Medium_SD	marine	true
GCA_002721445.1	SAMN07618511	Chloroflexota bacterium	SC1-ENV-MEDIUM-MARINE	Environment_Medium_SD	marine	true
GCA_002721455.1	SAMN07618335	Alteromonadaceae bacterium	SC1-ENV-MEDIUM-MARINE	Environment_Medium_SD	marine	true
GCA_002721465.1	SAMN07619123	Gammaproteobacteria bacterium	SC1-ENV-MEDIUM-MARINE	Environment_Medium_SD	marine	true
GCA_002721515.1	SAMN07619519	Nitrospina sp.	SC1-ENV-MEDIUM-MARINE	Environment_Medium_SD	marine	true
GCA_002721535.1	SAMN07619554	Oceanospirillaceae bacterium	SC1-ENV-MEDIUM-MARINE	Environment_Medium_SD	marine	true
GCA_002721545.1	SAMN07619514	Nitrosomonadaceae bacterium	SC1-ENV-MEDIUM-MARINE	Environment_Medium_SD	marine	true
GCA_002721555.1	SAMN07619950	Rhodopirellula sp.	SC1-ENV-MEDIUM-MARINE	Environment_Medium_SD	marine	true
GCA_002721595.1	SAMN07619265	Idiomarinaceae bacterium	SC1-ENV-MEDIUM-MARINE	Environment_Medium_SD	marine	true
GCA_002721615.1	SAMN07618509	Chloroflexota bacterium	SC1-ENV-MEDIUM-MARINE	Environment_Medium_SD	marine	true
GCA_002721625.1	SAMN07619866	Rheinheimera sp.	SC1-ENV-MEDIUM-MARINE	Environment_Medium_SD	marine	true
GCA_002721635.1	SAMN07619122	Gammaproteobacteria bacterium	SC1-ENV-MEDIUM-MARINE	Environment_Medium_SD	marine	true
GCA_002721675.1	SAMN07618507	Chloroflexota bacterium	SC1-ENV-MEDIUM-MARINE	Environment_Medium_SD	marine	true
GCA_002721695.1	SAMN07620272	Roseibacillus sp.	SC1-ENV-MEDIUM-MARINE	Environment_Medium_SD	marine	true
GCA_002721705.1	SAMN07619574	Opitutia bacterium	SC1-ENV-MEDIUM-MARINE	Environment_Medium_SD	marine	true
GCA_002721725.1	SAMN07619939	Rhodobiaceae bacterium	SC1-ENV-MEDIUM-MARINE	Environment_Medium_SD	marine	true
GCA_002721755.1	SAMN07618262	Actinomycetota bacterium	SC1-ENV-MEDIUM-MARINE	Environment_Medium_SD	marine	true
GCA_002721775.1	SAMN07620024	Rhodospirillaceae bacterium	SC1-ENV-MEDIUM-MARINE	Environment_Medium_SD	marine	true
GCA_002721785.1	SAMN07619202	Halieaceae bacterium	SC1-ENV-MEDIUM-MARINE	Environment_Medium_SD	marine	true
GCA_002721815.1	SAMN07619500	Myxococcales bacterium	SC1-ENV-MEDIUM-MARINE	Environment_Medium_SD	marine	true
GCA_002721825.1	SAMN07619313	Magnetovibrio sp.	SC1-ENV-MEDIUM-MARINE	Environment_Medium_SD	marine	true
GCA_002721875.1	SAMN07618506	Chloroflexota bacterium	SC1-ENV-MEDIUM-MARINE	Environment_Medium_SD	marine	true
GCA_002721895.1	SAMN07620218	Verrucomicrobiales bacterium	SC1-ENV-MEDIUM-MARINE	Environment_Medium_SD	marine	true
GCA_002721915.1	SAMN07620241	Woeseia sp.	SC1-ENV-MEDIUM-MARINE	Environment_Medium_SD	marine	true
GCA_002721925.1	SAMN07619487	Micrococcales bacterium	SC1-ENV-MEDIUM-MARINE	Environment_Medium_SD	marine	true
GCA_002721955.1	SAMN07619121	Gammaproteobacteria bacterium	SC1-ENV-MEDIUM-MARINE	Environment_Medium_SD	marine	true
GCA_002721975.1	SAMN07618692	Campylobacterota bacterium	SC1-ENV-MEDIUM-MARINE	Environment_Medium_SD	marine	true
GCA_002721995.1	SAMN07618504	Chloroflexota bacterium	SC1-ENV-MEDIUM-MARINE	Environment_Medium_SD	marine	true
GCA_002722015.1	SAMN07620386	Gammaproteobacteria bacterium	SC1-ENV-MEDIUM-MARINE	Environment_Medium_SD	marine	true
GCA_002722025.1	SAMN07618512	Chloroflexota bacterium	SC1-ENV-MEDIUM-MARINE	Environment_Medium_SD	marine	true
GCA_002722055.1	SAMN07619993	Rhodospirillaceae bacterium	SC1-ENV-MEDIUM-MARINE	Environment_Medium_SD	marine	true
GCA_002722095.1	SAMN07619992	Rhodospirillaceae bacterium	SC1-ENV-MEDIUM-MARINE	Environment_Medium_SD	marine	true
GCA_002722105.1	SAMN07619401	Fidelibacterota bacterium	SC1-ENV-MEDIUM-MARINE	Environment_Medium_SD	marine	true
GCA_002722155.1	SAMN07618510	Chloroflexota bacterium	SC1-ENV-MEDIUM-MARINE	Environment_Medium_SD	marine	true
GCA_002722165.1	SAMN07619629	Candidatus Pelagibacter sp.	SC1-ENV-MEDIUM-MARINE	Environment_Medium_SD	marine	true
GCA_002722175.1	SAMN07619314	Magnetovibrio sp.	SC1-ENV-MEDIUM-MARINE	Environment_Medium_SD	marine	true
GCA_002722215.1	SAMN07620306	Flavobacteriales bacterium	SC1-ENV-MEDIUM-MARINE	Environment_Medium_SD	marine	true
GCA_002722235.1	SAMN07618508	Chloroflexota bacterium	SC1-ENV-MEDIUM-MARINE	Environment_Medium_SD	marine	true
GCA_002722245.1	SAMN07620305	Flavobacteriales bacterium	SC1-ENV-MEDIUM-MARINE	Environment_Medium_SD	marine	true
GCA_002722255.1	SAMN07620226	Winogradskyella sp.	SC1-ENV-MEDIUM-MARINE	Environment_Medium_SD	marine	true
GCA_002722295.1	SAMN07620131	Stappia sp.	SC1-ENV-MEDIUM-MARINE	Environment_Medium_SD	marine	true
GCA_002722315.1	SAMN07620251	Lysobacterales bacterium	SC1-ENV-MEDIUM-MARINE	Environment_Medium_SD	marine	true
GCA_002722325.1	SAMN07619400	Fidelibacterota bacterium	SC1-ENV-MEDIUM-MARINE	Environment_Medium_SD	marine	true
GCA_002722335.1	SAMN07619858	Puniceicoccaceae bacterium	SC1-ENV-MEDIUM-MARINE	Environment_Medium_SD	marine	true
GCA_002722375.1	SAMN07619532	Sulfitobacter sp.	SC1-ENV-MEDIUM-MARINE	Environment_Medium_SD	marine	true
GCA_002722385.1	SAMN07620097	SAR116 cluster bacterium	SC1-ENV-MEDIUM-MARINE	Environment_Medium_SD	marine	true
GCA_002722395.1	SAMN07618261	Actinomycetota bacterium	SC1-ENV-MEDIUM-MARINE	Environment_Medium_SD	marine	true
GCA_002722435.1	SAMN07619296	Legionellales bacterium	SC1-ENV-MEDIUM-MARINE	Environment_Medium_SD	marine	true
GCA_002722455.1	SAMN07618505	Chloroflexota bacterium	SC1-ENV-MEDIUM-MARINE	Environment_Medium_SD	marine	true
GCA_002722465.1	SAMN07618204	Acidimicrobiaceae bacterium	SC1-ENV-MEDIUM-MARINE	Environment_Medium_SD	marine	true
GCA_002722475.1	SAMN07619201	Halieaceae bacterium	SC1-ENV-MEDIUM-MARINE	Environment_Medium_SD	marine	true
GCA_002722515.1	SAMN07618318	Alphaproteobacteria bacterium	SC1-ENV-MEDIUM-MARINE	Environment_Medium_SD	marine	true
GCA_002722525.1	SAMN07618202	Acidimicrobiaceae bacterium	SC1-ENV-MEDIUM-MARINE	Environment_Medium_SD	marine	true
GCA_002722545.1	SAMN07619573	Opitutia bacterium	SC1-ENV-MEDIUM-MARINE	Environment_Medium_SD	marine	true
GCA_002722565.1	SAMN07618203	Acidimicrobiaceae bacterium	SC1-ENV-MEDIUM-MARINE	Environment_Medium_SD	marine	true
GCA_002722645.1	SAMN07618230	Acidobacteriota bacterium	SC1-ENV-MEDIUM-MARINE	Environment_Medium_SD	marine	true
GCA_002722675.1	SAMN07619561	Opitutaceae bacterium	SC1-ENV-MEDIUM-MARINE	Environment_Medium_SD	marine	true
GCA_002722705.1	SAMN07618423	Pseudobdellovibrionaceae bacterium	SC1-ENV-MEDIUM-MARINE	Environment_Medium_SD	marine	true
GCA_002722755.1	SAMN07619803	Pseudomonadota bacterium	SC1-ENV-MEDIUM-MARINE	Environment_Medium_SD	marine	true
GCA_002722775.1	SAMN07619991	Rhodospirillaceae bacterium	SC1-ENV-MEDIUM-MARINE	Environment_Medium_SD	marine	true
GCA_002722795.1	SAMN07618592	Crocinitomicaceae bacterium	SC1-ENV-MEDIUM-MARINE	Environment_Medium_SD	marine	true
GCA_002722805.1	SAMN07619246	Hyphomonas sp.	SC1-ENV-MEDIUM-MARINE	Environment_Medium_SD	marine	true
GCA_002722835.1	SAMN07620023	Rhodospirillaceae bacterium	SC1-ENV-MEDIUM-MARINE	Environment_Medium_SD	marine	true
GCA_002722845.1	SAMN07619499	Myxococcales bacterium	SC1-ENV-MEDIUM-MARINE	Environment_Medium_SD	marine	true
GCA_002722875.1	SAMN07618229	Acidobacteriota bacterium	SC1-ENV-MEDIUM-MARINE	Environment_Medium_SD	marine	true
GCA_002722885.1	SAMN07619990	Rhodospirillaceae bacterium	SC1-ENV-MEDIUM-MARINE	Environment_Medium_SD	marine	true
GCA_002722915.1	SAMN07618228	Acidobacteriota bacterium	SC1-ENV-MEDIUM-MARINE	Environment_Medium_SD	marine	true
GCA_002722935.1	SAMN07619680	Phycisphaerae bacterium	SC1-ENV-MEDIUM-MARINE	Environment_Medium_SD	marine	true
GCA_002722955.1	SAMN07619722	Planctomycetaceae bacterium	SC1-ENV-MEDIUM-MARINE	Environment_Medium_SD	marine	true
GCA_002722965.1	SAMN07619467	Methylophaga sp.	SC1-ENV-MEDIUM-MARINE	Environment_Medium_SD	marine	true
GCA_002722995.1	SAMN07619295	Legionellales bacterium	SC1-ENV-MEDIUM-MARINE	Environment_Medium_SD	marine	true
GCA_002723015.1	SAMN07620271	Roseibacillus sp.	SC1-ENV-MEDIUM-MARINE	Environment_Medium_SD	marine	true
GCA_002723035.1	SAMN07619938	Rhodobiaceae bacterium	SC1-ENV-MEDIUM-MARINE	Environment_Medium_SD	marine	true
GCA_002723075.1	SAMN07619024	Flavobacteriaceae bacterium	SC1-ENV-MEDIUM-MARINE	Environment_Medium_SD	marine	true
GCA_002723085.1	SAMN07618591	Crocinitomicaceae bacterium	SC1-ENV-MEDIUM-MARINE	Environment_Medium_SD	marine	true
GCA_002723125.1	SAMN07618502	Chloroflexota bacterium	SC1-ENV-MEDIUM-MARINE	Environment_Medium_SD	marine	true
GCA_002723155.1	SAMN07619752	Ponticaulis sp.	SC1-ENV-MEDIUM-MARINE	Environment_Medium_SD	marine	true
GCA_002723175.1	SAMN07618590	Crocinitomicaceae bacterium	SC1-ENV-MEDIUM-MARINE	Environment_Medium_SD	marine	true
GCA_002723195.1	SAMN07620385	Gammaproteobacteria bacterium	SC1-ENV-MEDIUM-MARINE	Environment_Medium_SD	marine	true
GCA_002723205.1	SAMN07618323	Alteromonadaceae bacterium	SC1-ENV-MEDIUM-MARINE	Environment_Medium_SD	marine	true
GCA_002723235.1	SAMN07620129	Spongiibacteraceae bacterium	SC1-ENV-MEDIUM-MARINE	Environment_Medium_SD	marine	true
GCA_002723255.1	SAMN07619659	Pelagibacterium sp.	SC1-ENV-MEDIUM-MARINE	Environment_Medium_SD	marine	true
GCA_002723275.1	SAMN07619721	Planctomycetaceae bacterium	SC1-ENV-MEDIUM-MARINE	Environment_Medium_SD	marine	true
GCA_002723295.1	SAMN07619023	Flavobacteriaceae bacterium	SC1-ENV-MEDIUM-MARINE	Environment_Medium_SD	marine	true
GCA_002723305.1	SAMN07619679	Phycisphaerae bacterium	SC1-ENV-MEDIUM-MARINE	Environment_Medium_SD	marine	true
GCA_002723335.1	SAMN07619187	Haliea sp.	SC1-ENV-MEDIUM-MARINE	Environment_Medium_SD	marine	true
GCA_002723345.1	SAMN07619989	Rhodospirillaceae bacterium	SC1-ENV-MEDIUM-MARINE	Environment_Medium_SD	marine	true
GCA_002723375.1	SAMN07618651	Dehalococcoidia bacterium	SC1-ENV-MEDIUM-MARINE	Environment_Medium_SD	marine	true
GCA_002723385.1	SAMN07619553	Oceanospirillaceae bacterium	SC1-ENV-MEDIUM-MARINE	Environment_Medium_SD	marine	true
GCA_002723415.1	SAMN07618503	Chloroflexota bacterium	SC1-ENV-MEDIUM-MARINE	Environment_Medium_SD	marine	true
GCA_002723655.1	SAMN07620115	Sphingomonadaceae bacterium	SC1-ENV-MEDIUM-MARINE	Environment_Medium_SD	marine	true
GCA_002724155.1	SAMN07618570	Crocinitomicaceae bacterium	SC1-ENV-MEDIUM-MARINE	Environment_Medium_SD	marine	true
GCA_002724185.1	SAMN07618143	Acidiferrobacteraceae bacterium	SC1-ENV-MEDIUM-MARINE	Environment_Medium_SD	marine	true
GCA_002724215.1	SAMN07619164	Gemmatimonadota bacterium	SC1-ENV-MEDIUM-MARINE	Environment_Medium_SD	marine	true
GCA_002724235.1	SAMN07619577	Opitutales bacterium	SC1-ENV-MEDIUM-MARINE	Environment_Medium_SD	marine	true
GCA_002724245.1	SAMN07619714	Planctomycetaceae bacterium	SC1-ENV-MEDIUM-MARINE	Environment_Medium_SD	marine	true
GCA_002724275.1	SAMN07618699	Erythrobacteraceae bacterium	SC1-ENV-MEDIUM-MARINE	Environment_Medium_SD	marine	true
GCA_002724285.1	SAMN07620209	Verrucomicrobiales bacterium	SC1-ENV-MEDIUM-MARINE	Environment_Medium_SD	marine	true
GCA_002724315.1	SAMN07619713	Planctomycetaceae bacterium	SC1-ENV-MEDIUM-MARINE	Environment_Medium_SD	marine	true
GCA_002724335.1	SAMN07618477	Chloroflexota bacterium	SC1-ENV-MEDIUM-MARINE	Environment_Medium_SD	marine	true
GCA_002724355.1	SAMN07618254	Actinomycetota bacterium	SC1-ENV-MEDIUM-MARINE	Environment_Medium_SD	marine	true
GCA_002724375.1	SAMN07618476	Chloroflexota bacterium	SC1-ENV-MEDIUM-MARINE	Environment_Medium_SD	marine	true
GCA_002724395.1	SAMN07619972	Rhodospirillaceae bacterium	SC1-ENV-MEDIUM-MARINE	Environment_Medium_SD	marine	true
GCA_002724415.1	SAMN07619712	Planctomycetaceae bacterium	SC1-ENV-MEDIUM-MARINE	Environment_Medium_SD	marine	true
GCA_002724435.1	SAMN07618475	Chloroflexota bacterium	SC1-ENV-MEDIUM-MARINE	Environment_Medium_SD	marine	true
GCA_002724455.1	SAMN07620180	Verrucomicrobiaceae bacterium	SC1-ENV-MEDIUM-MARINE	Environment_Medium_SD	marine	true
GCA_002724475.1	SAMN07619380	Fidelibacterota bacterium	SC1-ENV-MEDIUM-MARINE	Environment_Medium_SD	marine	true
GCA_002724495.1	SAMN07618184	Acidimicrobiaceae bacterium	SC1-ENV-MEDIUM-MARINE	Environment_Medium_SD	marine	true
GCA_002724505.1	SAMN07620019	Rhodospirillaceae bacterium	SC1-ENV-MEDIUM-MARINE	Environment_Medium_SD	marine	true
GCA_002724555.1	SAMN07620258	Rickettsiales bacterium	SC1-ENV-MEDIUM-MARINE	Environment_Medium_SD	marine	true
GCA_002724575.1	SAMN07619161	Gemmatimonadota bacterium	SC1-ENV-MEDIUM-MARINE	Environment_Medium_SD	marine	true
GCA_002724585.1	SAMN07618631	Dehalococcoidia bacterium	SC1-ENV-MEDIUM-MARINE	Environment_Medium_SD	marine	true
GCA_002724615.1	SAMN07620208	Verrucomicrobiales bacterium	SC1-ENV-MEDIUM-MARINE	Environment_Medium_SD	marine	true
GCA_002724635.1	SAMN07619970	Rhodospirillaceae bacterium	SC1-ENV-MEDIUM-MARINE	Environment_Medium_SD	marine	true
GCA_002724675.1	SAMN07618673	Deltaproteobacteria bacterium	SC1-ENV-MEDIUM-MARINE	Environment_Medium_SD	marine	true
GCA_002724695.1	SAMN07618303	Alphaproteobacteria bacterium	SC1-ENV-MEDIUM-MARINE	Environment_Medium_SD	marine	true
GCA_002724705.1	SAMN07618546	Citromicrobium sp.	SC1-ENV-MEDIUM-MARINE	Environment_Medium_SD	marine	true
GCA_002724735.1	SAMN07619379	Fidelibacterota bacterium	SC1-ENV-MEDIUM-MARINE	Environment_Medium_SD	marine	true
GCA_002724745.1	SAMN07619231	Herbaspirillum sp.	SC1-ENV-MEDIUM-MARINE	Environment_Medium_SD	marine	true
GCA_002724825.1	SAMN07618183	Acidimicrobiaceae bacterium	SC1-ENV-MEDIUM-MARINE	Environment_Medium_SD	marine	true
GCA_002724835.1	SAMN07618253	Actinomycetota bacterium	SC1-ENV-MEDIUM-MARINE	Environment_Medium_SD	marine	true
GCA_002724845.1	SAMN07620143	Synechococcus sp. RS344	SC1-ENV-MEDIUM-MARINE	Environment_Medium_SD	marine	true
GCA_002724895.1	SAMN07619078	Flavobacteriales bacterium	SC1-ENV-MEDIUM-MARINE	Environment_Medium_SD	marine	true
GCA_002724905.1	SAMN07618252	Actinomycetota bacterium	SC1-ENV-MEDIUM-MARINE	Environment_Medium_SD	marine	true
GCA_002724915.1	SAMN07619648	Pelagibacteraceae bacterium	SC1-ENV-MEDIUM-MARINE	Environment_Medium_SD	marine	true
GCA_002724925.1	SAMN07619548	Oceanospirillaceae bacterium	SC1-ENV-MEDIUM-MARINE	Environment_Medium_SD	marine	true
GCA_002724975.1	SAMN07619602	Parcubacteria group bacterium	SC1-ENV-MEDIUM-MARINE	Environment_Medium_SD	marine	true
GCA_002724985.1	SAMN07619176	Gimesia sp.	SC1-ENV-MEDIUM-MARINE	Environment_Medium_SD	marine	true
GCA_002724995.1	SAMN07618357	Anaerolineaceae bacterium	SC1-ENV-MEDIUM-MARINE	Environment_Medium_SD	marine	true
GCA_002725015.1	SAMN07619000	Flavobacteriaceae bacterium	SC1-ENV-MEDIUM-MARINE	Environment_Medium_SD	marine	true
GCA_002725055.1	SAMN07619077	Flavobacteriales bacterium	SC1-ENV-MEDIUM-MARINE	Environment_Medium_SD	marine	true
GCA_002725075.1	SAMN07619100	Gammaproteobacteria bacterium	SC1-ENV-MEDIUM-MARINE	Environment_Medium_SD	marine	true
GCA_002725095.1	SAMN07620366	Gammaproteobacteria bacterium	SC1-ENV-MEDIUM-MARINE	Environment_Medium_SD	marine	true
GCA_002725105.1	SAMN07619905	Paracoccaceae bacterium	SC1-ENV-MEDIUM-MARINE	Environment_Medium_SD	marine	true
GCA_002725135.1	SAMN07618251	Actinomycetota bacterium	SC1-ENV-MEDIUM-MARINE	Environment_Medium_SD	marine	true
GCA_002725155.1	SAMN07618473	Chloroflexota bacterium	SC1-ENV-MEDIUM-MARINE	Environment_Medium_SD	marine	true
GCA_002725175.2	SAMN07619891	Paracoccaceae bacterium	SC1-ENV-MEDIUM-MARINE	Environment_Medium_SD	marine	true
GCA_002725185.1	SAMN07618142	Acidiferrobacteraceae bacterium	SC1-ENV-MEDIUM-MARINE	Environment_Medium_SD	marine	true
GCA_002725215.1	SAMN07619452	Marinovum sp.	SC1-ENV-MEDIUM-MARINE	Environment_Medium_SD	marine	true
GCA_002725235.1	SAMN07618182	Acidimicrobiaceae bacterium	SC1-ENV-MEDIUM-MARINE	Environment_Medium_SD	marine	true
GCA_002725285.1	SAMN07620365	Gammaproteobacteria bacterium	SC1-ENV-MEDIUM-MARINE	Environment_Medium_SD	marine	true
GCA_002725325.1	SAMN07619101	Gammaproteobacteria bacterium	SC1-ENV-MEDIUM-MARINE	Environment_Medium_SD	marine	true
GCA_002725355.1	SAMN07618185	Acidimicrobiaceae bacterium	SC1-ENV-MEDIUM-MARINE	Environment_Medium_SD	marine	true
GCA_002725365.1	SAMN07618474	Chloroflexota bacterium	SC1-ENV-MEDIUM-MARINE	Environment_Medium_SD	marine	true
GCA_002725395.1	SAMN07619079	Flavobacteriales bacterium	SC1-ENV-MEDIUM-MARINE	Environment_Medium_SD	marine	true
GCA_002725415.1	SAMN07619971	Rhodospirillaceae bacterium	SC1-ENV-MEDIUM-MARINE	Environment_Medium_SD	marine	true
GCA_002725435.1	SAMN07619160	Gemmatimonadota bacterium	SC1-ENV-MEDIUM-MARINE	Environment_Medium_SD	marine	true
GCA_002725445.1	SAMN07620038	Rickettsiales bacterium	SC1-ENV-MEDIUM-MARINE	Environment_Medium_SD	marine	true
GCA_002725515.1	SAMN07618630	Dehalococcoidia bacterium	SC1-ENV-MEDIUM-MARINE	Environment_Medium_SD	marine	true
GCA_002725545.1	SAMN07619378	Fidelibacterota bacterium	SC1-ENV-MEDIUM-MARINE	Environment_Medium_SD	marine	true
GCA_002725575.1	SAMN07620207	Verrucomicrobiales bacterium	SC1-ENV-MEDIUM-MARINE	Environment_Medium_SD	marine	true
GCA_002725585.1	SAMN07619740	Planctomycetota bacterium	SC1-ENV-MEDIUM-MARINE	Environment_Medium_SD	marine	true
GCA_002725615.1	SAMN07618223	Acidobacteriota bacterium	SC1-ENV-MEDIUM-MARINE	Environment_Medium_SD	marine	true
GCA_002725625.1	SAMN07620018	Rhodospirillaceae bacterium	SC1-ENV-MEDIUM-MARINE	Environment_Medium_SD	marine	true
GCA_002725655.1	SAMN07619576	Opitutales bacterium	SC1-ENV-MEDIUM-MARINE	Environment_Medium_SD	marine	true
GCA_002725675.1	SAMN07618672	Deltaproteobacteria bacterium	SC1-ENV-MEDIUM-MARINE	Environment_Medium_SD	marine	true
GCA_002725695.1	SAMN07619377	Fidelibacterota bacterium	SC1-ENV-MEDIUM-MARINE	Environment_Medium_SD	marine	true
GCA_002725705.1	SAMN07620206	Verrucomicrobiales bacterium	SC1-ENV-MEDIUM-MARINE	Environment_Medium_SD	marine	true
GCA_002725755.1	SAMN07619969	Rhodospirillaceae bacterium	SC1-ENV-MEDIUM-MARINE	Environment_Medium_SD	marine	true
GCA_002725775.1	SAMN07619711	Planctomycetaceae bacterium	SC1-ENV-MEDIUM-MARINE	Environment_Medium_SD	marine	true
GCA_002725795.1	SAMN07619627	Candidatus Pelagibacter sp.	SC1-ENV-MEDIUM-MARINE	Environment_Medium_SD	marine	true
GCA_002725805.1	SAMN07620275	Roseibacillus sp.	SC1-ENV-MEDIUM-MARINE	Environment_Medium_SD	marine	true
GCA_002725835.1	SAMN07618141	Acidiferrobacteraceae bacterium	SC1-ENV-MEDIUM-MARINE	Environment_Medium_SD	marine	true
GCA_002725875.1	SAMN07618671	Deltaproteobacteria bacterium	SC1-ENV-MEDIUM-MARINE	Environment_Medium_SD	marine	true
GCA_002725895.1	SAMN07618670	Deltaproteobacteria bacterium	SC1-ENV-MEDIUM-MARINE	Environment_Medium_SD	marine	true
GCA_002725915.1	SAMN07619159	Gemmatimonadota bacterium	SC1-ENV-MEDIUM-MARINE	Environment_Medium_SD	marine	true
GCA_002725925.1	SAMN07618472	Chloroflexota bacterium	SC1-ENV-MEDIUM-MARINE	Environment_Medium_SD	marine	true
GCA_002725955.1	SAMN07620254	Pseudobdellovibrionaceae bacterium	SC1-ENV-MEDIUM-MARINE	Environment_Medium_SD	marine	true
GCA_002725975.1	SAMN07619816	Pseudomonadaceae bacterium	SC1-ENV-MEDIUM-MARINE	Environment_Medium_SD	marine	true
GCA_002725995.1	SAMN07620363	Gammaproteobacteria bacterium	SC1-ENV-MEDIUM-MARINE	Environment_Medium_SD	marine	true
GCA_002726005.1	SAMN07619933	Rhodobiaceae bacterium	SC1-ENV-MEDIUM-MARINE	Environment_Medium_SD	marine	true
GCA_002726035.1	SAMN07618471	Chloroflexota bacterium	SC1-ENV-MEDIUM-MARINE	Environment_Medium_SD	marine	true
GCA_002726045.1	SAMN07618292	Alcanivorax sp.	SC1-ENV-MEDIUM-MARINE	Environment_Medium_SD	marine	true
GCA_002726075.1	SAMN07618181	Acidimicrobiaceae bacterium	SC1-ENV-MEDIUM-MARINE	Environment_Medium_SD	marine	true
GCA_002726085.1	SAMN07618222	Acidobacteriota bacterium	SC1-ENV-MEDIUM-MARINE	Environment_Medium_SD	marine	true
GCA_002726125.1	SAMN07619140	Gammaproteobacteria bacterium	SC1-ENV-MEDIUM-MARINE	Environment_Medium_SD	marine	true
GCA_002726155.1	SAMN07618291	Alcanivorax sp.	SC1-ENV-MEDIUM-MARINE	Environment_Medium_SD	marine	true
GCA_002726175.1	SAMN07618273	Aequorivita sp.	SC1-ENV-MEDIUM-MARINE	Environment_Medium_SD	marine	true
GCA_002726195.1	SAMN07619075	Flavobacteriales bacterium	SC1-ENV-MEDIUM-MARINE	Environment_Medium_SD	marine	true
GCA_002726205.1	SAMN07619709	Planctomycetaceae bacterium	SC1-ENV-MEDIUM-MARINE	Environment_Medium_SD	marine	true
GCA_002726235.1	SAMN07619525	Nitrospiraceae bacterium	SC1-ENV-MEDIUM-MARINE	Environment_Medium_SD	marine	true
GCA_002726245.1	SAMN07619708	Planctomycetaceae bacterium	SC1-ENV-MEDIUM-MARINE	Environment_Medium_SD	marine	true
GCA_002726285.1	SAMN07619707	Planctomycetaceae bacterium	SC1-ENV-MEDIUM-MARINE	Environment_Medium_SD	marine	true
GCA_002726315.1	SAMN07618180	Acidimicrobiaceae bacterium	SC1-ENV-MEDIUM-MARINE	Environment_Medium_SD	marine	true
GCA_002726335.1	SAMN07619148	Gemmatimonadaceae bacterium	SC1-ENV-MEDIUM-MARINE	Environment_Medium_SD	marine	true
GCA_002726345.1	SAMN07619251	Idiomarina sp.	SC1-ENV-MEDIUM-MARINE	Environment_Medium_SD	marine	true
GCA_002726375.1	SAMN07619451	Marinovum sp.	SC1-ENV-MEDIUM-MARINE	Environment_Medium_SD	marine	true
GCA_002726415.1	SAMN07618140	Acidiferrobacteraceae bacterium	SC1-ENV-MEDIUM-MARINE	Environment_Medium_SD	marine	true
GCA_002726435.1	SAMN07619571	Opitutia bacterium	SC1-ENV-MEDIUM-MARINE	Environment_Medium_SD	marine	true
GCA_002726445.1	SAMN07618437	Cellvibrionales bacterium	SC1-ENV-MEDIUM-MARINE	Environment_Medium_SD	marine	true
GCA_002726465.1	SAMN07620055	Roseobacter sp.	SC1-ENV-MEDIUM-MARINE	Environment_Medium_SD	marine	true
GCA_002726515.1	SAMN07619706	Planctomycetaceae bacterium	SC1-ENV-MEDIUM-MARINE	Environment_Medium_SD	marine	true
GCA_002726525.1	SAMN07618179	Acidimicrobiaceae bacterium	SC1-ENV-MEDIUM-MARINE	Environment_Medium_SD	marine	true
GCA_002726535.1	SAMN07619497	Myxococcales bacterium	SC1-ENV-MEDIUM-MARINE	Environment_Medium_SD	marine	true
GCA_002726575.1	SAMN07619781	Porticoccaceae bacterium	SC1-ENV-MEDIUM-MARINE	Environment_Medium_SD	marine	true
GCA_002726595.1	SAMN07620361	Gammaproteobacteria bacterium	SC1-ENV-MEDIUM-MARINE	Environment_Medium_SD	marine	true
GCA_002726605.1	SAMN07619762	Candidatus Poribacteria bacterium	SC1-ENV-MEDIUM-MARINE	Environment_Medium_SD	marine	true
GCA_002726615.1	SAMN07619432	Marinobacter sp.	SC1-ENV-MEDIUM-MARINE	Environment_Medium_SD	marine	true
GCA_002726655.1	SAMN07620364	Gammaproteobacteria bacterium	SC1-ENV-MEDIUM-MARINE	Environment_Medium_SD	marine	true
GCA_002726675.2	SAMN07618669	Deltaproteobacteria bacterium	SC1-ENV-MEDIUM-MARINE	Environment_Medium_SD	marine	true
GCA_002726685.1	SAMN07619710	Planctomycetaceae bacterium	SC1-ENV-MEDIUM-MARINE	Environment_Medium_SD	marine	true
GCA_002726735.1	SAMN07619829	Pseudomonadales bacterium	SC1-ENV-MEDIUM-MARINE	Environment_Medium_SD	marine	true
GCA_002726755.1	SAMN07619076	Flavobacteriales bacterium	SC1-ENV-MEDIUM-MARINE	Environment_Medium_SD	marine	true
GCA_002726775.1	SAMN07619376	Fidelibacterota bacterium	SC1-ENV-MEDIUM-MARINE	Environment_Medium_SD	marine	true
GCA_002726785.1	SAMN07618999	Flavobacteriaceae bacterium	SC1-ENV-MEDIUM-MARINE	Environment_Medium_SD	marine	true
GCA_002726815.1	SAMN07619464	Methylophaga sp.	SC1-ENV-MEDIUM-MARINE	Environment_Medium_SD	marine	true
GCA_002726835.1	SAMN07619185	Haliea sp.	SC1-ENV-MEDIUM-MARINE	Environment_Medium_SD	marine	true
GCA_002726855.1	SAMN07619689	Planctomyces sp.	SC1-ENV-MEDIUM-MARINE	Environment_Medium_SD	marine	true
GCA_002726915.1	SAMN07620205	Verrucomicrobiales bacterium	SC1-ENV-MEDIUM-MARINE	Environment_Medium_SD	marine	true
GCA_002726925.1	SAMN07620362	Gammaproteobacteria bacterium	SC1-ENV-MEDIUM-MARINE	Environment_Medium_SD	marine	true
GCA_002726935.1	SAMN07618434	Candidatus Saccharimonadota bacterium	SC1-ENV-MEDIUM-MARINE	Environment_Medium_SD	marine	true
GCA_002726945.1	SAMN07618668	Deltaproteobacteria bacterium	SC1-ENV-MEDIUM-MARINE	Environment_Medium_SD	marine	true
GCA_002726995.1	SAMN07618387	bacterium	SC1-ENV-MEDIUM-MARINE	Environment_Medium_SD	marine	true
GCA_002727005.1	SAMN07619279	Leeuwenhoekiella sp.	SC1-ENV-MEDIUM-MARINE	Environment_Medium_SD	marine	true
GCA_002727035.1	SAMN07619460	Methylobacterium sp.	SC1-ENV-MEDIUM-MARINE	Environment_Medium_SD	marine	true
GCA_002727165.1	SAMN07618483	Chloroflexota bacterium	SC1-ENV-MEDIUM-MARINE	Environment_Medium_SD	marine	true
GCA_002727195.1	SAMN07619163	Gemmatimonadota bacterium	SC1-ENV-MEDIUM-MARINE	Environment_Medium_SD	marine	true
GCA_002727235.1	SAMN07618190	Acidimicrobiaceae bacterium	SC1-ENV-MEDIUM-MARINE	Environment_Medium_SD	marine	true
GCA_002727245.1	SAMN07619383	Fidelibacterota bacterium	SC1-ENV-MEDIUM-MARINE	Environment_Medium_SD	marine	true
GCA_002727295.1	SAMN07618351	Anaerolineaceae bacterium	SC1-ENV-MEDIUM-MARINE	Environment_Medium_SD	marine	true
GCA_002727315.1	SAMN07618311	Alphaproteobacteria bacterium	SC1-ENV-MEDIUM-MARINE	Environment_Medium_SD	marine	true
GCA_002727325.1	SAMN07619916	Rhodobacterales bacterium	SC1-ENV-MEDIUM-MARINE	Environment_Medium_SD	marine	true
GCA_002727335.1	SAMN07619382	Fidelibacterota bacterium	SC1-ENV-MEDIUM-MARINE	Environment_Medium_SD	marine	true
GCA_002727375.1	SAMN07619109	Gammaproteobacteria bacterium	SC1-ENV-MEDIUM-MARINE	Environment_Medium_SD	marine	true
GCA_002727385.1	SAMN07620039	Rickettsiales bacterium	SC1-ENV-MEDIUM-MARINE	Environment_Medium_SD	marine	true
GCA_002727395.1	SAMN07620027	Rhodospirillales bacterium	SC1-ENV-MEDIUM-MARINE	Environment_Medium_SD	marine	true
GCA_002727435.1	SAMN07618482	Chloroflexota bacterium	SC1-ENV-MEDIUM-MARINE	Environment_Medium_SD	marine	true
GCA_002727455.1	SAMN07618481	Chloroflexota bacterium	SC1-ENV-MEDIUM-MARINE	Environment_Medium_SD	marine	true
GCA_002727475.1	SAMN07620170	Thiotrichales bacterium	SC1-ENV-MEDIUM-MARINE	Environment_Medium_SD	marine	true
GCA_002727535.1	SAMN07619107	Gammaproteobacteria bacterium	SC1-ENV-MEDIUM-MARINE	Environment_Medium_SD	marine	true
GCA_002727545.1	SAMN07620260	Rickettsiales bacterium	SC1-ENV-MEDIUM-MARINE	Environment_Medium_SD	marine	true
GCA_002727575.1	SAMN07619006	Flavobacteriaceae bacterium	SC1-ENV-MEDIUM-MARINE	Environment_Medium_SD	marine	true
GCA_002727595.1	SAMN07618480	Chloroflexota bacterium	SC1-ENV-MEDIUM-MARINE	Environment_Medium_SD	marine	true
GCA_002727615.1	SAMN07620259	Rickettsiales bacterium	SC1-ENV-MEDIUM-MARINE	Environment_Medium_SD	marine	true
GCA_002727625.1	SAMN07619635	Pelagibacteraceae bacterium	SC1-ENV-MEDIUM-MARINE	Environment_Medium_SD	marine	true
GCA_002727655.1	SAMN07619105	Gammaproteobacteria bacterium	SC1-ENV-MEDIUM-MARINE	Environment_Medium_SD	marine	true
GCA_002727705.1	SAMN07618333	Alteromonadaceae bacterium	SC1-ENV-MEDIUM-MARINE	Environment_Medium_SD	marine	true
GCA_002727735.1	SAMN07618581	Crocinitomicaceae bacterium	SC1-ENV-MEDIUM-MARINE	Environment_Medium_SD	marine	true
GCA_002727755.1	SAMN07620370	Gammaproteobacteria bacterium	SC1-ENV-MEDIUM-MARINE	Environment_Medium_SD	marine	true
GCA_002727775.1	SAMN07620369	Gammaproteobacteria bacterium	SC1-ENV-MEDIUM-MARINE	Environment_Medium_SD	marine	true
GCA_002727785.1	SAMN07618633	Dehalococcoidia bacterium	SC1-ENV-MEDIUM-MARINE	Environment_Medium_SD	marine	true
GCA_002727835.1	SAMN07619906	Paracoccaceae bacterium	SC1-ENV-MEDIUM-MARINE	Environment_Medium_SD	marine	true
GCA_002727855.1	SAMN07618189	Acidimicrobiaceae bacterium	SC1-ENV-MEDIUM-MARINE	Environment_Medium_SD	marine	true
GCA_002727865.1	SAMN07619975	Rhodospirillaceae bacterium	SC1-ENV-MEDIUM-MARINE	Environment_Medium_SD	marine	true
GCA_002727895.1	SAMN07618187	Acidimicrobiaceae bacterium	SC1-ENV-MEDIUM-MARINE	Environment_Medium_SD	marine	true
GCA_002727915.1	SAMN07620211	Verrucomicrobiales bacterium	SC1-ENV-MEDIUM-MARINE	Environment_Medium_SD	marine	true
GCA_002727935.1	SAMN07618617	Dehalococcoidaceae bacterium	SC1-ENV-MEDIUM-MARINE	Environment_Medium_SD	marine	true
GCA_002727955.1	SAMN07618186	Acidimicrobiaceae bacterium	SC1-ENV-MEDIUM-MARINE	Environment_Medium_SD	marine	true
GCA_002727965.1	SAMN07619310	Magnetovibrio sp.	SC1-ENV-MEDIUM-MARINE	Environment_Medium_SD	marine	true
GCA_002727995.1	SAMN07618132	Acidiferrobacter sp.	SC1-ENV-MEDIUM-MARINE	Environment_Medium_SD	marine	true
GCA_002728045.1	SAMN07619004	Flavobacteriaceae bacterium	SC1-ENV-MEDIUM-MARINE	Environment_Medium_SD	marine	true
GCA_002728075.1	SAMN07619003	Flavobacteriaceae bacterium	SC1-ENV-MEDIUM-MARINE	Environment_Medium_SD	marine	true
GCA_002728095.1	SAMN07619892	Paracoccaceae bacterium	SC1-ENV-MEDIUM-MARINE	Environment_Medium_SD	marine	true
GCA_002728115.1	SAMN07618649	Dehalococcoidia bacterium	SC1-ENV-MEDIUM-MARINE	Environment_Medium_SD	marine	true
GCA_002728135.1	SAMN07619974	Rhodospirillaceae bacterium	SC1-ENV-MEDIUM-MARINE	Environment_Medium_SD	marine	true
GCA_002728175.1	SAMN07619080	Flavobacteriales bacterium	SC1-ENV-MEDIUM-MARINE	Environment_Medium_SD	marine	true
GCA_002728195.1	SAMN07618484	Chloroflexota bacterium	SC1-ENV-MEDIUM-MARINE	Environment_Medium_SD	marine	true
GCA_002728215.1	SAMN07618388	bacterium	SC1-ENV-MEDIUM-MARINE	Environment_Medium_SD	marine	true
GCA_002728225.1	SAMN07620212	Verrucomicrobiales bacterium	SC1-ENV-MEDIUM-MARINE	Environment_Medium_SD	marine	true
GCA_002728255.1	SAMN07619976	Rhodospirillaceae bacterium	SC1-ENV-MEDIUM-MARINE	Environment_Medium_SD	marine	true
GCA_002728285.1	SAMN07619935	Rhodobiaceae bacterium	SC1-ENV-MEDIUM-MARINE	Environment_Medium_SD	marine	true
GCA_002728295.1	SAMN07618634	Dehalococcoidia bacterium	SC1-ENV-MEDIUM-MARINE	Environment_Medium_SD	marine	true
GCA_002728335.1	SAMN07619934	Rhodobiaceae bacterium	SC1-ENV-MEDIUM-MARINE	Environment_Medium_SD	marine	true
GCA_002728355.1	SAMN07619108	Gammaproteobacteria bacterium	SC1-ENV-MEDIUM-MARINE	Environment_Medium_SD	marine	true
GCA_002728365.1	SAMN07620372	Gammaproteobacteria bacterium	SC1-ENV-MEDIUM-MARINE	Environment_Medium_SD	marine	true
GCA_002728395.1	SAMN07619106	Gammaproteobacteria bacterium	SC1-ENV-MEDIUM-MARINE	Environment_Medium_SD	marine	true
GCA_002728415.1	SAMN07619104	Gammaproteobacteria bacterium	SC1-ENV-MEDIUM-MARINE	Environment_Medium_SD	marine	true
GCA_002728435.1	SAMN07618256	Actinomycetota bacterium	SC1-ENV-MEDIUM-MARINE	Environment_Medium_SD	marine	true
GCA_002728445.1	SAMN07620371	Gammaproteobacteria bacterium	SC1-ENV-MEDIUM-MARINE	Environment_Medium_SD	marine	true
GCA_002728475.1	SAMN07619103	Gammaproteobacteria bacterium	SC1-ENV-MEDIUM-MARINE	Environment_Medium_SD	marine	true
GCA_002728495.1	SAMN07619162	Gemmatimonadota bacterium	SC1-ENV-MEDIUM-MARINE	Environment_Medium_SD	marine	true
GCA_002728515.1	SAMN07618188	Acidimicrobiaceae bacterium	SC1-ENV-MEDIUM-MARINE	Environment_Medium_SD	marine	true
GCA_002728525.1	SAMN07618479	Chloroflexota bacterium	SC1-ENV-MEDIUM-MARINE	Environment_Medium_SD	marine	true
GCA_002728555.1	SAMN07618255	Actinomycetota bacterium	SC1-ENV-MEDIUM-MARINE	Environment_Medium_SD	marine	true
GCA_002728605.1	SAMN07619005	Flavobacteriaceae bacterium	SC1-ENV-MEDIUM-MARINE	Environment_Medium_SD	marine	true
GCA_002728635.1	SAMN07619002	Flavobacteriaceae bacterium	SC1-ENV-MEDIUM-MARINE	Environment_Medium_SD	marine	true
GCA_002728645.1	SAMN07619102	Gammaproteobacteria bacterium	SC1-ENV-MEDIUM-MARINE	Environment_Medium_SD	marine	true
GCA_002728675.1	SAMN07620368	Gammaproteobacteria bacterium	SC1-ENV-MEDIUM-MARINE	Environment_Medium_SD	marine	true
GCA_002728695.1	SAMN07620095	SAR116 cluster bacterium	SC1-ENV-MEDIUM-MARINE	Environment_Medium_SD	marine	true
GCA_002728715.1	SAMN07618648	Dehalococcoidia bacterium	SC1-ENV-MEDIUM-MARINE	Environment_Medium_SD	marine	true
GCA_002728725.1	SAMN07620246	Woeseiaceae bacterium	SC1-ENV-MEDIUM-MARINE	Environment_Medium_SD	marine	true
GCA_002728755.1	SAMN07619498	Myxococcales bacterium	SC1-ENV-MEDIUM-MARINE	Environment_Medium_SD	marine	true
GCA_002728775.1	SAMN07620210	Verrucomicrobiales bacterium	SC1-ENV-MEDIUM-MARINE	Environment_Medium_SD	marine	true
GCA_002728795.1	SAMN07619453	Marinovum sp.	SC1-ENV-MEDIUM-MARINE	Environment_Medium_SD	marine	true
GCA_002728805.1	SAMN07618321	Alteromonas sp.	SC1-ENV-MEDIUM-MARINE	Environment_Medium_SD	marine	true
GCA_002728835.1	SAMN07619802	Pseudomonadota bacterium	SC1-ENV-MEDIUM-MARINE	Environment_Medium_SD	marine	true
GCA_002728855.1	SAMN07619001	Flavobacteriaceae bacterium	SC1-ENV-MEDIUM-MARINE	Environment_Medium_SD	marine	true
GCA_002728875.1	SAMN07619782	Porticoccaceae bacterium	SC1-ENV-MEDIUM-MARINE	Environment_Medium_SD	marine	true
GCA_002728915.1	SAMN07619486	Micrococcales bacterium	SC1-ENV-MEDIUM-MARINE	Environment_Medium_SD	marine	true
GCA_002728935.1	SAMN07620367	Gammaproteobacteria bacterium	SC1-ENV-MEDIUM-MARINE	Environment_Medium_SD	marine	true
GCA_002728955.1	SAMN07618608	Cyanobium sp. RS427	SC1-ENV-MEDIUM-MARINE	Environment_Medium_SD	marine	true
GCA_002728965.1	SAMN07619973	Rhodospirillaceae bacterium	SC1-ENV-MEDIUM-MARINE	Environment_Medium_SD	marine	true
GCA_002729015.1	SAMN07619763	Candidatus Poribacteria bacterium	SC1-ENV-MEDIUM-MARINE	Environment_Medium_SD	marine	true
GCA_002729035.1	SAMN07619381	Fidelibacterota bacterium	SC1-ENV-MEDIUM-MARINE	Environment_Medium_SD	marine	true
GCA_002729045.1	SAMN07618478	Chloroflexota bacterium	SC1-ENV-MEDIUM-MARINE	Environment_Medium_SD	marine	true
GCA_002729055.1	SAMN07618632	Dehalococcoidia bacterium	SC1-ENV-MEDIUM-MARINE	Environment_Medium_SD	marine	true
GCA_002729115.1	SAMN07618580	Crocinitomicaceae bacterium	SC1-ENV-MEDIUM-MARINE	Environment_Medium_SD	marine	true
GCA_002729125.1	SAMN07618178	Acidimicrobiaceae bacterium	SC1-ENV-MEDIUM-MARINE	Environment_Medium_SD	marine	true
GCA_002729155.1	SAMN07619301	Leifsonia sp.	SC1-ENV-MEDIUM-MARINE	Environment_Medium_SD	marine	true
GCA_002729175.1	SAMN07619375	Fidelibacterota bacterium	SC1-ENV-MEDIUM-MARINE	Environment_Medium_SD	marine	true
GCA_002729195.1	SAMN07618139	Acidiferrobacteraceae bacterium	SC1-ENV-MEDIUM-MARINE	Environment_Medium_SD	marine	true
GCA_002729215.1	SAMN07620066	Rubrivirga sp.	SC1-ENV-MEDIUM-MARINE	Environment_Medium_SD	marine	true
GCA_002729225.1	SAMN07619522	Nitrospinota bacterium	SC1-ENV-MEDIUM-MARINE	Environment_Medium_SD	marine	true
GCA_002729235.1	SAMN07620292	Rickettsiales bacterium	SC1-ENV-MEDIUM-MARINE	Environment_Medium_SD	marine	true
GCA_002729275.1	SAMN07620274	Roseibacillus sp.	SC1-ENV-MEDIUM-MARINE	Environment_Medium_SD	marine	true
GCA_002729295.1	SAMN07620204	Verrucomicrobiales bacterium	SC1-ENV-MEDIUM-MARINE	Environment_Medium_SD	marine	true
GCA_002729315.1	SAMN07620360	Gammaproteobacteria bacterium	SC1-ENV-MEDIUM-MARINE	Environment_Medium_SD	marine	true
GCA_002729325.1	SAMN07619890	Paracoccaceae bacterium	SC1-ENV-MEDIUM-MARINE	Environment_Medium_SD	marine	true
GCA_002729375.1	SAMN07618348	Alteromonas sp.	SC1-ENV-MEDIUM-MARINE	Environment_Medium_SD	marine	true
GCA_002729395.1	SAMN07619431	Marinobacter sp.	SC1-ENV-MEDIUM-MARINE	Environment_Medium_SD	marine	true
GCA_002729415.1	SAMN07619761	Candidatus Poribacteria bacterium	SC1-ENV-MEDIUM-MARINE	Environment_Medium_SD	marine	true
GCA_002729435.1	SAMN07619547	Oceanospirillaceae bacterium	SC1-ENV-MEDIUM-MARINE	Environment_Medium_SD	marine	true
GCA_002729445.1	SAMN07620176	Variovorax sp.	SC1-ENV-MEDIUM-MARINE	Environment_Medium_SD	marine	true
GCA_002729455.1	SAMN07620203	Verrucomicrobiales bacterium	SC1-ENV-MEDIUM-MARINE	Environment_Medium_SD	marine	true
GCA_002729495.1	SAMN07618544	Chromatiales bacterium	SC1-ENV-MEDIUM-MARINE	Environment_Medium_SD	marine	true
GCA_002729515.1	SAMN07618683	Deltaproteobacteria bacterium	SC1-ENV-MEDIUM-MARINE	Environment_Medium_SD	marine	true
GCA_002729525.1	SAMN07619527	Nocardioides sp.	SC1-ENV-MEDIUM-MARINE	Environment_Medium_SD	marine	true
GCA_002729535.1	SAMN07619546	Oceanospirillaceae bacterium	SC1-ENV-MEDIUM-MARINE	Environment_Medium_SD	marine	true
GCA_002729575.1	SAMN07619545	Oceanospirillaceae bacterium	SC1-ENV-MEDIUM-MARINE	Environment_Medium_SD	marine	true
GCA_002729595.1	SAMN07620145	Thalassovita sp.	SC1-ENV-MEDIUM-MARINE	Environment_Medium_SD	marine	true
GCA_002729635.1	SAMN07619316	Mameliella sp.	SC1-ENV-MEDIUM-MARINE	Environment_Medium_SD	marine	true
GCA_002729675.1	SAMN07619256	Idiomarina sp.	SC1-ENV-MEDIUM-MARINE	Environment_Medium_SD	marine	true
GCA_002729695.1	SAMN07618551	Citromicrobium sp.	SC1-ENV-MEDIUM-MARINE	Environment_Medium_SD	marine	true
GCA_002729715.1	SAMN07618138	Acidiferrobacteraceae bacterium	SC1-ENV-MEDIUM-MARINE	Environment_Medium_SD	marine	true
GCA_002729725.1	SAMN07619857	Puniceicoccaceae bacterium	SC1-ENV-MEDIUM-MARINE	Environment_Medium_SD	marine	true
GCA_002729755.1	SAMN07618998	Flavobacteriaceae bacterium	SC1-ENV-MEDIUM-MARINE	Environment_Medium_SD	marine	true
GCA_002729765.1	SAMN07618177	Acidimicrobiaceae bacterium	SC1-ENV-MEDIUM-MARINE	Environment_Medium_SD	marine	true
GCA_002729795.1	SAMN07618332	Alteromonadaceae bacterium	SC1-ENV-MEDIUM-MARINE	Environment_Medium_SD	marine	true
GCA_002729805.1	SAMN07620169	Thiotrichales bacterium	SC1-ENV-MEDIUM-MARINE	Environment_Medium_SD	marine	true
GCA_002729835.1	SAMN07620142	Synechococcus sp. NP17	SC1-ENV-MEDIUM-MARINE	Environment_Medium_SD	marine	true
GCA_002729845.1	SAMN07618290	Alcanivorax sp.	SC1-ENV-MEDIUM-MARINE	Environment_Medium_SD	marine	true
GCA_002729875.1	SAMN07618543	Chromatiales bacterium	SC1-ENV-MEDIUM-MARINE	Environment_Medium_SD	marine	true
GCA_002729885.1	SAMN07620121	Spirochaetaceae bacterium	SC1-ENV-MEDIUM-MARINE	Environment_Medium_SD	marine	true
GCA_002729915.1	SAMN07619257	Idiomarina sp.	SC1-ENV-MEDIUM-MARINE	Environment_Medium_SD	marine	true
GCA_002729925.1	SAMN07620108	Sphingobium sp.	SC1-ENV-MEDIUM-MARINE	Environment_Medium_SD	marine	true
GCA_002729975.1	SAMN07620104	Sphingobium sp.	SC1-ENV-MEDIUM-MARINE	Environment_Medium_SD	marine	true
GCA_002729995.1	SAMN07619904	Paracoccaceae bacterium	SC1-ENV-MEDIUM-MARINE	Environment_Medium_SD	marine	true
GCA_002730035.1	SAMN07620359	Gammaproteobacteria bacterium	SC1-ENV-MEDIUM-MARINE	Environment_Medium_SD	marine	true
GCA_002730045.1	SAMN07620133	Sutterellaceae bacterium	SC1-ENV-MEDIUM-MARINE	Environment_Medium_SD	marine	true
GCA_002730075.1	SAMN07618667	Deltaproteobacteria bacterium	SC1-ENV-MEDIUM-MARINE	Environment_Medium_SD	marine	true
GCA_002730105.1	SAMN07619828	Pseudomonadales bacterium	SC1-ENV-MEDIUM-MARINE	Environment_Medium_SD	marine	true
GCA_002730115.1	SAMN07619158	Gemmatimonadota bacterium	SC1-ENV-MEDIUM-MARINE	Environment_Medium_SD	marine	true
GCA_002730155.1	SAMN07618347	Alteromonas sp.	SC1-ENV-MEDIUM-MARINE	Environment_Medium_SD	marine	true
GCA_002730175.1	SAMN07619099	Gammaproteobacteria bacterium	SC1-ENV-MEDIUM-MARINE	Environment_Medium_SD	marine	true
GCA_002730235.1	SAMN07619143	Gammaproteobacteria bacterium	SC1-ENV-MEDIUM-MARINE	Environment_Medium_SD	marine	true
GCA_002730245.1	SAMN07619626	Candidatus Pelagibacter sp.	SC1-ENV-MEDIUM-MARINE	Environment_Medium_SD	marine	true
GCA_002730255.1	SAMN07619199	Halieaceae bacterium	SC1-ENV-MEDIUM-MARINE	Environment_Medium_SD	marine	true
GCA_002730265.1	SAMN07619157	Gemmatimonadota bacterium	SC1-ENV-MEDIUM-MARINE	Environment_Medium_SD	marine	true
GCA_002730315.1	SAMN07619373	Fidelibacterota bacterium	SC1-ENV-MEDIUM-MARINE	Environment_Medium_SD	marine	true
GCA_002730355.1	SAMN07619481	Microbacterium sp.	SC1-ENV-MEDIUM-MARINE	Environment_Medium_SD	marine	true
GCA_002730365.1	SAMN07618666	Deltaproteobacteria bacterium	SC1-ENV-MEDIUM-MARINE	Environment_Medium_SD	marine	true
GCA_002730395.1	SAMN07618622	Dehalococcoidales bacterium	SC1-ENV-MEDIUM-MARINE	Environment_Medium_SD	marine	true
GCA_002730415.1	SAMN07618356	Anaerolineaceae bacterium	SC1-ENV-MEDIUM-MARINE	Environment_Medium_SD	marine	true
GCA_002730435.1	SAMN07619074	Flavobacteriales bacterium	SC1-ENV-MEDIUM-MARINE	Environment_Medium_SD	marine	true
GCA_002730475.1	SAMN07620123	Spirochaetales bacterium	SC1-ENV-MEDIUM-MARINE	Environment_Medium_SD	marine	true
GCA_002730485.1	SAMN07618647	Dehalococcoidia bacterium	SC1-ENV-MEDIUM-MARINE	Environment_Medium_SD	marine	true
GCA_002730515.1	SAMN07618175	Acidimicrobiaceae bacterium	SC1-ENV-MEDIUM-MARINE	Environment_Medium_SD	marine	true
GCA_002730525.1	SAMN07618221	Acidobacteriota bacterium	SC1-ENV-MEDIUM-MARINE	Environment_Medium_SD	marine	true
GCA_002730555.1	SAMN07618469	Chloroflexota bacterium	SC1-ENV-MEDIUM-MARINE	Environment_Medium_SD	marine	true
GCA_002730565.1	SAMN07618932	Flammeovirgaceae bacterium	SC1-ENV-MEDIUM-MARINE	Environment_Medium_SD	marine	true
GCA_002730575.1	SAMN07618997	Flavobacteriaceae bacterium	SC1-ENV-MEDIUM-MARINE	Environment_Medium_SD	marine	true
GCA_002730615.1	SAMN07618289	Alcanivorax sp.	SC1-ENV-MEDIUM-MARINE	Environment_Medium_SD	marine	true
GCA_002730655.1	SAMN07618414	Balneola sp.	SC1-ENV-MEDIUM-MARINE	Environment_Medium_SD	marine	true
GCA_002730675.1	SAMN07619968	Rhodospirillaceae bacterium	SC1-ENV-MEDIUM-MARINE	Environment_Medium_SD	marine	true
GCA_002730695.1	SAMN07619932	Rhodobiaceae bacterium	SC1-ENV-MEDIUM-MARINE	Environment_Medium_SD	marine	true
GCA_002730715.1	SAMN07618468	Chloroflexota bacterium	SC1-ENV-MEDIUM-MARINE	Environment_Medium_SD	marine	true
GCA_002730735.1	SAMN07618219	Acidobacteriota bacterium	SC1-ENV-MEDIUM-MARINE	Environment_Medium_SD	marine	true
GCA_002730755.1	SAMN07618646	Dehalococcoidia bacterium	SC1-ENV-MEDIUM-MARINE	Environment_Medium_SD	marine	true
GCA_002730795.1	SAMN07618467	Chloroflexota bacterium	SC1-ENV-MEDIUM-MARINE	Environment_Medium_SD	marine	true
GCA_002730815.1	SAMN07620125	Spongiibacter sp.	SC1-ENV-MEDIUM-MARINE	Environment_Medium_SD	marine	true
GCA_002730835.1	SAMN07619372	Fidelibacterota bacterium	SC1-ENV-MEDIUM-MARINE	Environment_Medium_SD	marine	true
GCA_002730855.1	SAMN07619097	Gammaproteobacteria bacterium	SC1-ENV-MEDIUM-MARINE	Environment_Medium_SD	marine	true
GCA_002730875.1	SAMN07620120	Spirochaetaceae bacterium	SC1-ENV-MEDIUM-MARINE	Environment_Medium_SD	marine	true
GCA_002730895.1	SAMN07618603	Cupriavidus sp.	SC1-ENV-MEDIUM-MARINE	Environment_Medium_SD	marine	true
GCA_002730915.1	SAMN07618545	Citromicrobium sp.	SC1-ENV-MEDIUM-MARINE	Environment_Medium_SD	marine	true
GCA_002730935.1	SAMN07619073	Flavobacteriales bacterium	SC1-ENV-MEDIUM-MARINE	Environment_Medium_SD	marine	true
GCA_002730955.1	SAMN07618174	Acidimicrobiaceae bacterium	SC1-ENV-MEDIUM-MARINE	Environment_Medium_SD	marine	true
GCA_002730975.1	SAMN07619570	Opitutia bacterium	SC1-ENV-MEDIUM-MARINE	Environment_Medium_SD	marine	true
GCA_002730985.1	SAMN07619072	Flavobacteriales bacterium	SC1-ENV-MEDIUM-MARINE	Environment_Medium_SD	marine	true
GCA_002731015.1	SAMN07619098	Gammaproteobacteria bacterium	SC1-ENV-MEDIUM-MARINE	Environment_Medium_SD	marine	true
GCA_002731035.1	SAMN07619889	Paracoccaceae bacterium	SC1-ENV-MEDIUM-MARINE	Environment_Medium_SD	marine	true
GCA_002731055.1	SAMN07619374	Fidelibacterota bacterium	SC1-ENV-MEDIUM-MARINE	Environment_Medium_SD	marine	true
GCA_002731075.1	SAMN07618470	Chloroflexota bacterium	SC1-ENV-MEDIUM-MARINE	Environment_Medium_SD	marine	true
GCA_002731095.1	SAMN07619430	Marinobacter sp.	SC1-ENV-MEDIUM-MARINE	Environment_Medium_SD	marine	true
GCA_002731135.1	SAMN07618176	Acidimicrobiaceae bacterium	SC1-ENV-MEDIUM-MARINE	Environment_Medium_SD	marine	true
GCA_002731155.1	SAMN07620358	Gammaproteobacteria bacterium	SC1-ENV-MEDIUM-MARINE	Environment_Medium_SD	marine	true
GCA_002731215.1	SAMN07618220	Acidobacteriota bacterium	SC1-ENV-MEDIUM-MARINE	Environment_Medium_SD	marine	true
GCA_002731235.1	SAMN07619807	Pseudoalteromonadaceae bacterium	SC1-ENV-MEDIUM-MARINE	Environment_Medium_SD	marine	true
GCA_002731255.1	SAMN07619903	Paracoccaceae bacterium	SC1-ENV-MEDIUM-MARINE	Environment_Medium_SD	marine	true
GCA_002731275.1	SAMN07618665	Deltaproteobacteria bacterium	SC1-ENV-MEDIUM-MARINE	Environment_Medium_SD	marine	true
GCA_002731295.1	SAMN07618137	Acidiferrobacteraceae bacterium	SC1-ENV-MEDIUM-MARINE	Environment_Medium_SD	marine	true
GCA_002731315.1	SAMN07620017	Rhodospirillaceae bacterium	SC1-ENV-MEDIUM-MARINE	Environment_Medium_SD	marine	true
GCA_002731335.1	SAMN07618288	Alcanivorax sp.	SC1-ENV-MEDIUM-MARINE	Environment_Medium_SD	marine	true
GCA_002731355.1	SAMN07620016	Rhodospirillaceae bacterium	SC1-ENV-MEDIUM-MARINE	Environment_Medium_SD	marine	true
GCA_002731375.1	SAMN07619967	Rhodospirillaceae bacterium	SC1-ENV-MEDIUM-MARINE	Environment_Medium_SD	marine	true
GCA_002731385.1	SAMN07618996	Flavobacteriaceae bacterium	SC1-ENV-MEDIUM-MARINE	Environment_Medium_SD	marine	true
GCA_002731435.1	SAMN07618250	Actinomycetota bacterium	SC1-ENV-MEDIUM-MARINE	Environment_Medium_SD	marine	true
GCA_002731455.1	SAMN07619601	Parcubacteria group bacterium	SC1-ENV-MEDIUM-MARINE	Environment_Medium_SD	marine	true
GCA_002731475.1	SAMN07619966	Rhodospirillaceae bacterium	SC1-ENV-MEDIUM-MARINE	Environment_Medium_SD	marine	true
GCA_002731505.1	SAMN07620291	Rickettsiales bacterium	SC1-ENV-MEDIUM-MARINE	Environment_Medium_SD	marine	true
GCA_002731535.1	SAMN07619705	Planctomycetaceae bacterium	SC1-ENV-MEDIUM-MARINE	Environment_Medium_SD	marine	true
GCA_002731545.1	SAMN07620065	Rubinisphaera sp.	SC1-ENV-MEDIUM-MARINE	Environment_Medium_SD	marine	true
GCA_002731575.1	SAMN07620357	Gammaproteobacteria bacterium	SC1-ENV-MEDIUM-MARINE	Environment_Medium_SD	marine	true
GCA_002731595.1	SAMN07620149	Thalassospira sp.	SC1-ENV-MEDIUM-MARINE	Environment_Medium_SD	marine	true
GCA_002731615.1	SAMN07618579	Crocinitomicaceae bacterium	SC1-ENV-MEDIUM-MARINE	Environment_Medium_SD	marine	true
GCA_002731625.1	SAMN07620290	Rickettsiales bacterium	SC1-ENV-MEDIUM-MARINE	Environment_Medium_SD	marine	true
GCA_002731665.1	SAMN07618249	Actinomycetota bacterium	SC1-ENV-MEDIUM-MARINE	Environment_Medium_SD	marine	true
GCA_002731695.1	SAMN07619780	Porticoccaceae bacterium	SC1-ENV-MEDIUM-MARINE	Environment_Medium_SD	marine	true
GCA_002731715.1	SAMN07619965	Rhodospirillaceae bacterium	SC1-ENV-MEDIUM-MARINE	Environment_Medium_SD	marine	true
GCA_002731735.1	SAMN07619156	Gemmatimonadota bacterium	SC1-ENV-MEDIUM-MARINE	Environment_Medium_SD	marine	true
GCA_002731745.1	SAMN07619371	Fidelibacterota bacterium	SC1-ENV-MEDIUM-MARINE	Environment_Medium_SD	marine	true
GCA_002731775.1	SAMN07620356	Gammaproteobacteria bacterium	SC1-ENV-MEDIUM-MARINE	Environment_Medium_SD	marine	true
GCA_002731795.1	SAMN07619370	Fidelibacterota bacterium	SC1-ENV-MEDIUM-MARINE	Environment_Medium_SD	marine	true
GCA_002731805.1	SAMN07620289	Rickettsiales bacterium	SC1-ENV-MEDIUM-MARINE	Environment_Medium_SD	marine	true
GCA_002731825.1	SAMN07619496	Myxococcales bacterium	SC1-ENV-MEDIUM-MARINE	Environment_Medium_SD	marine	true
GCA_002731855.1	SAMN07620202	Verrucomicrobiales bacterium	SC1-ENV-MEDIUM-MARINE	Environment_Medium_SD	marine	true
GCA_002731875.1	SAMN07620054	Roseobacter sp.	SC1-ENV-MEDIUM-MARINE	Environment_Medium_SD	marine	true
GCA_002731895.1	SAMN07618615	Cytophagia bacterium	SC1-ENV-MEDIUM-MARINE	Environment_Medium_SD	marine	true
GCA_002731945.1	SAMN07619931	Rhodobiaceae bacterium	SC1-ENV-MEDIUM-MARINE	Environment_Medium_SD	marine	true
GCA_002731975.1	SAMN07618561	Coxiellaceae bacterium	SC1-ENV-MEDIUM-MARINE	Environment_Medium_SD	marine	true
GCA_002731985.1	SAMN07619521	Nitrospinota bacterium	SC1-ENV-MEDIUM-MARINE	Environment_Medium_SD	marine	true
GCA_002732015.1	SAMN07619652	Candidatus Pelagibacterales bacterium	SC1-ENV-MEDIUM-MARINE	Environment_Medium_SD	marine	true
GCA_002732025.1	SAMN07618645	Dehalococcoidia bacterium	SC1-ENV-MEDIUM-MARINE	Environment_Medium_SD	marine	true
GCA_002732055.1	SAMN07619223	Halomonas sp.	SC1-ENV-MEDIUM-MARINE	Environment_Medium_SD	marine	true
GCA_002732075.1	SAMN07619509	Nevskiales bacterium	SC1-ENV-MEDIUM-MARINE	Environment_Medium_SD	marine	true
GCA_002732525.1	SAMN07569009	Sulfurimonas sp.	SC1-ENV-MEDIUM-MARINE	Environment_Medium_SD	marine	true
GCA_002732535.1	SAMN07569007	Porticoccus sp.	SC1-ENV-MEDIUM-MARINE	Environment_Medium_SD	marine	true
GCA_002732565.1	SAMN07568999	Lutibacter sp.	SC1-ENV-MEDIUM-MARINE	Environment_Medium_SD	marine	true
GCA_002732585.1	SAMN07568993	Sphingobium sp.	SC1-ENV-MEDIUM-MARINE	Environment_Medium_SD	marine	true
GCA_002732595.1	SAMN07568991	Maribacter sp.	SC1-ENV-MEDIUM-MARINE	Environment_Medium_SD	marine	true
GCA_002732605.1	SAMN07568986	Robiginitomaculum sp.	SC1-ENV-MEDIUM-MARINE	Environment_Medium_SD	marine	true
GCA_002732645.1	SAMN07568982	Sulfurimonas sp.	SC1-ENV-MEDIUM-MARINE	Environment_Medium_SD	marine	true
GCA_002732665.1	SAMN07568980	Paracoccus sp. (in: a-proteobacteria)	SC1-ENV-MEDIUM-MARINE	Environment_Medium_SD	marine	true
GCA_002732675.1	SAMN07568976	Sneathiella sp.	SC1-ENV-MEDIUM-MARINE	Environment_Medium_SD	marine	true
GCA_002732685.1	SAMN07568975	Robiginitomaculum sp.	SC1-ENV-MEDIUM-MARINE	Environment_Medium_SD	marine	true
GCA_002732725.1	SAMN07568965	Marinobacter sp.	SC1-ENV-MEDIUM-MARINE	Environment_Medium_SD	marine	true
GCA_002732745.1	SAMN07568958	Idiomarina sp.	SC1-ENV-MEDIUM-MARINE	Environment_Medium_SD	marine	true
GCA_002732755.1	SAMN07568952	Phycisphaera sp.	SC1-ENV-MEDIUM-MARINE	Environment_Medium_SD	marine	true
GCA_002732765.1	SAMN07568957	Shewanella sp.	SC1-ENV-MEDIUM-MARINE	Environment_Medium_SD	marine	true
GCA_002732805.1	SAMN07568949	Coxiella sp. (in: g-proteobacteria)	SC1-ENV-MEDIUM-MARINE	Environment_Medium_SD	marine	true
GCA_002732825.1	SAMN07568948	Thalassobium sp.	SC1-ENV-MEDIUM-MARINE	Environment_Medium_SD	marine	true
GCA_002732835.1	SAMN07568946	Candidatus Pelagibacter sp.	SC1-ENV-MEDIUM-MARINE	Environment_Medium_SD	marine	true
GCA_002732845.1	SAMN07568942	Rhodospirillaceae bacterium	SC1-ENV-MEDIUM-MARINE	Environment_Medium_SD	marine	true
GCA_002732875.1	SAMN07568941	Thalassobium sp.	SC1-ENV-MEDIUM-MARINE	Environment_Medium_SD	marine	true
GCA_002732905.1	SAMN07568939	Robiginitomaculum sp.	SC1-ENV-MEDIUM-MARINE	Environment_Medium_SD	marine	true
GCA_002732915.1	SAMN07568931	Pseudoalteromonas sp.	SC1-ENV-MEDIUM-MARINE	Environment_Medium_SD	marine	true
GCA_002732945.1	SAMN07568928	Idiomarina sp.	SC1-ENV-MEDIUM-MARINE	Environment_Medium_SD	marine	true
GCA_002732955.1	SAMN07568924	Marinosulfonomonas sp.	SC1-ENV-MEDIUM-MARINE	Environment_Medium_SD	marine	true
GCA_002732975.1	SAMN07568926	Sulfurimonas sp.	SC1-ENV-MEDIUM-MARINE	Environment_Medium_SD	marine	true
GCA_002732995.1	SAMN07568923	Marinosulfonomonas sp.	SC1-ENV-MEDIUM-MARINE	Environment_Medium_SD	marine	true
GCA_002733025.1	SAMN07568916	Halomonas sp.	SC1-ENV-MEDIUM-MARINE	Environment_Medium_SD	marine	true
GCA_002733035.1	SAMN07568915	Erythrobacter sp.	SC1-ENV-MEDIUM-MARINE	Environment_Medium_SD	marine	true
GCA_002733055.1	SAMN07568913	Sulfitobacter sp.	SC1-ENV-MEDIUM-MARINE	Environment_Medium_SD	marine	true
GCA_002733065.2	SAMN07568911	Moritella sp.	SC1-ENV-MEDIUM-MARINE	Environment_Medium_SD	marine	true
GCA_002733105.1	SAMN07568907	Methylophaga sp.	SC1-ENV-MEDIUM-MARINE	Environment_Medium_SD	marine	true
GCA_002733125.1	SAMN07568903	Porticoccus sp.	SC1-ENV-MEDIUM-MARINE	Environment_Medium_SD	marine	true
GCA_002733135.1	SAMN07568906	Cycloclasticus sp.	SC1-ENV-MEDIUM-MARINE	Environment_Medium_SD	marine	true
GCA_002733155.1	SAMN07568901	Sulfurimonas sp.	SC1-ENV-MEDIUM-MARINE	Environment_Medium_SD	marine	true
GCA_002733185.1	SAMN07568896	Flavobacterium sp.	SC1-ENV-MEDIUM-MARINE	Environment_Medium_SD	marine	true
GCA_002733205.1	SAMN07568893	Thalassobium sp.	SC1-ENV-MEDIUM-MARINE	Environment_Medium_SD	marine	true
GCA_002733215.1	SAMN07568891	Sulfurovum sp.	SC1-ENV-MEDIUM-MARINE	Environment_Medium_SD	marine	true
GCA_002733235.2	SAMN07568890	Pseudomonas sp.	SC1-ENV-MEDIUM-MARINE	Environment_Medium_SD	marine	true
GCA_002733265.1	SAMN07568889	Marinobacter sp.	SC1-ENV-MEDIUM-MARINE	Environment_Medium_SD	marine	true
GCA_002733285.1	SAMN07568885	Lutibacter sp.	SC1-ENV-MEDIUM-MARINE	Environment_Medium_SD	marine	true
GCA_002733295.1	SAMN07568887	Alteromonas sp.	SC1-ENV-MEDIUM-MARINE	Environment_Medium_SD	marine	true
GCA_002733325.1	SAMN07568884	Alcanivorax sp.	SC1-ENV-MEDIUM-MARINE	Environment_Medium_SD	marine	true
GCA_002733335.1	SAMN07568879	Methylophaga sp.	SC1-ENV-MEDIUM-MARINE	Environment_Medium_SD	marine	true
GCA_002733355.1	SAMN07568876	Sulfurovum sp.	SC1-ENV-MEDIUM-MARINE	Environment_Medium_SD	marine	true
GCA_002733385.1	SAMN07568875	Robiginitomaculum sp.	SC1-ENV-MEDIUM-MARINE	Environment_Medium_SD	marine	true
GCA_002733395.1	SAMN07568873	Acidithiobacillus sp.	SC1-ENV-MEDIUM-MARINE	Environment_Medium_SD	marine	true
GCA_002733415.1	SAMN07568872	Kordia sp.	SC1-ENV-MEDIUM-MARINE	Environment_Medium_SD	marine	true
GCA_002733435.2	SAMN07568871	Halomonas sp.	SC1-ENV-MEDIUM-MARINE	Environment_Medium_SD	marine	true
GCA_002733465.1	SAMN07568870	Kangiella sp.	SC1-ENV-MEDIUM-MARINE	Environment_Medium_SD	marine	true
GCA_002733485.1	SAMN07568869	Robiginitomaculum sp.	SC1-ENV-MEDIUM-MARINE	Environment_Medium_SD	marine	true
GCA_002733495.1	SAMN07568868	Robiginitomaculum sp.	SC1-ENV-MEDIUM-MARINE	Environment_Medium_SD	marine	true
GCA_002733505.1	SAMN07568867	Methylophaga sp.	SC1-ENV-MEDIUM-MARINE	Environment_Medium_SD	marine	true
GCA_002733545.1	SAMN07568866	Alkaliphilus sp.	SC1-ENV-MEDIUM-MARINE	Environment_Medium_SD	marine	true
GCA_002733565.1	SAMN07568860	Moritella sp.	SC1-ENV-MEDIUM-MARINE	Environment_Medium_SD	marine	true
GCA_002733575.1	SAMN07568862	Blastopirellula sp.	SC1-ENV-MEDIUM-MARINE	Environment_Medium_SD	marine	true
GCA_002733585.1	SAMN07568864	Leeuwenhoekiella sp.	SC1-ENV-MEDIUM-MARINE	Environment_Medium_SD	marine	true
GCA_002733605.1	SAMN07568853	Robiginitomaculum sp.	SC1-ENV-MEDIUM-MARINE	Environment_Medium_SD	marine	true
GCA_002733645.1	SAMN07568852	Oceanobacter sp.	SC1-ENV-MEDIUM-MARINE	Environment_Medium_SD	marine	true
GCA_002733665.1	SAMN07568851	Lutibacter sp.	SC1-ENV-MEDIUM-MARINE	Environment_Medium_SD	marine	true
GCA_002733685.1	SAMN07568850	Arcobacter sp.	SC1-ENV-MEDIUM-MARINE	Environment_Medium_SD	marine	true
GCA_002733705.1	SAMN07568848	Henriciella sp.	SC1-ENV-MEDIUM-MARINE	Environment_Medium_SD	marine	true
GCA_002733715.2	SAMN07568847	Methylophaga sp.	SC1-ENV-MEDIUM-MARINE	Environment_Medium_SD	marine	true
GCA_002733735.2	SAMN07568844	Robiginitomaculum sp.	SC1-ENV-MEDIUM-MARINE	Environment_Medium_SD	marine	true
GCA_002733765.1	SAMN07568843	Colwellia sp.	SC1-ENV-MEDIUM-MARINE	Environment_Medium_SD	marine	true
GCA_002733785.1	SAMN07568832	Cycloclasticus sp.	SC1-ENV-MEDIUM-MARINE	Environment_Medium_SD	marine	true
GCA_002733805.1	SAMN07568831	Robiginitomaculum sp.	SC1-ENV-MEDIUM-MARINE	Environment_Medium_SD	marine	true
GCA_002733825.1	SAMN07568835	Idiomarina sp.	SC1-ENV-MEDIUM-MARINE	Environment_Medium_SD	marine	true
GCA_002733835.1	SAMN07568839	Alcanivorax sp.	SC1-ENV-MEDIUM-MARINE	Environment_Medium_SD	marine	true
GCA_002733865.1	SAMN07568825	Sphingopyxis sp.	SC1-ENV-MEDIUM-MARINE	Environment_Medium_SD	marine	true
GCA_002733885.1	SAMN07568828	Arcobacter sp.	SC1-ENV-MEDIUM-MARINE	Environment_Medium_SD	marine	true
GCA_002733905.1	SAMN07568827	Robiginitomaculum sp.	SC1-ENV-MEDIUM-MARINE	Environment_Medium_SD	marine	true
GCA_002733915.1	SAMN07568824	Aequorivita sp.	SC1-ENV-MEDIUM-MARINE	Environment_Medium_SD	marine	true
GCA_002733945.2	SAMN07568823	Sulfurimonas sp.	SC1-ENV-MEDIUM-MARINE	Environment_Medium_SD	marine	true
GCA_002733955.1	SAMN07568821	Hoeflea sp.	SC1-ENV-MEDIUM-MARINE	Environment_Medium_SD	marine	true
GCA_002733985.1	SAMN07568822	Fluviicola sp.	SC1-ENV-MEDIUM-MARINE	Environment_Medium_SD	marine	true
GCA_002733995.1	SAMN07568820	Desulfotalea sp.	SC1-ENV-MEDIUM-MARINE	Environment_Medium_SD	marine	true
GCA_002734005.2	SAMN07568819	Colwellia sp.	SC1-ENV-MEDIUM-MARINE	Environment_Medium_SD	marine	true
GCA_002734025.2	SAMN07568818	Methylophaga sp.	SC1-ENV-MEDIUM-MARINE	Environment_Medium_SD	marine	true
GCA_002734065.2	SAMN07568817	Fluviicola sp.	SC1-ENV-MEDIUM-MARINE	Environment_Medium_SD	marine	true
GCA_002734085.1	SAMN07568816	Fluviicola sp.	SC1-ENV-MEDIUM-MARINE	Environment_Medium_SD	marine	true
GCA_002738205.1	SAMN07619180	Hahellaceae bacterium	SC1-ENV-MEDIUM-MARINE	Environment_Medium_SD	marine	true
GCA_002742645.2	SAMN07822570	Caulobacter sp. FWC26	SC1-ENV-BROAD-WASTEWATER	Environment_Local_Scale_SD	activated sludge	true
GCA_002742875.1	SAMN07757620	Candidatus Saccharimonadota bacterium	SC1-ENV-MEDIUM-MARINE	Environment_Medium_SD	marine	true
GCA_002742885.1	SAMN07757624	Candidatus Cloacimonadota bacterium	SC1-ENV-MEDIUM-MARINE	Environment_Medium_SD	marine	true
GCA_002742895.1	SAMN07757621	Candidatus Saccharimonadota bacterium	SC1-ENV-MEDIUM-MARINE	Environment_Medium_SD	marine	true
GCA_002742935.1	SAMN07757625	Candidatus Cloacimonadota bacterium	SC1-ENV-MEDIUM-MARINE	Environment_Medium_SD	marine	true
GCA_002742955.1	SAMN07757619	Candidatus Saccharimonadota bacterium	SC1-ENV-MEDIUM-MARINE	Environment_Medium_SD	marine	true
GCA_002742965.1	SAMN07757618	Candidatus Saccharimonadota bacterium	SC1-ENV-MEDIUM-MARINE	Environment_Medium_SD	marine	true
GCA_002742975.1	SAMN07757617	Candidatus Saccharimonadota bacterium	SC1-ENV-MEDIUM-MARINE	Environment_Medium_SD	marine	true
GCA_002746095.2	SAMN07568815	Flavobacteriales bacterium	SC1-ENV-MEDIUM-MARINE	Environment_Medium_SD	marine	true
GCA_002746115.1	SAMN07568826	Alteromonadaceae bacterium	SC1-ENV-MEDIUM-MARINE	Environment_Medium_SD	marine	true
GCA_002746135.1	SAMN07568859	Cellvibrionales bacterium	SC1-ENV-MEDIUM-MARINE	Environment_Medium_SD	marine	true
GCA_002746155.1	SAMN07568858	Gammaproteobacteria bacterium	SC1-ENV-MEDIUM-MARINE	Environment_Medium_SD	marine	true
GCA_002746175.1	SAMN07568856	Fidelibacterota bacterium	SC1-ENV-MEDIUM-MARINE	Environment_Medium_SD	marine	true
GCA_002746185.1	SAMN07568857	Candidatus Hydrogenedentota bacterium	SC1-ENV-MEDIUM-MARINE	Environment_Medium_SD	marine	true
GCA_002746215.1	SAMN07568855	SAR86 cluster bacterium	SC1-ENV-MEDIUM-MARINE	Environment_Medium_SD	marine	true
GCA_002746235.1	SAMN07568854	Planctomycetota bacterium	SC1-ENV-MEDIUM-MARINE	Environment_Medium_SD	marine	true
GCA_002746255.1	SAMN07568849	Rhodospirillaceae bacterium	SC1-ENV-MEDIUM-MARINE	Environment_Medium_SD	marine	true
GCA_002746275.1	SAMN07568846	Rhodobiaceae bacterium	SC1-ENV-MEDIUM-MARINE	Environment_Medium_SD	marine	true
GCA_002746295.2	SAMN07568845	Zetaproteobacteria bacterium	SC1-ENV-MEDIUM-MARINE	Environment_Medium_SD	marine	true
GCA_002746305.1	SAMN07568842	Bacteroidota bacterium	SC1-ENV-MEDIUM-MARINE	Environment_Medium_SD	marine	true
GCA_002746335.1	SAMN07568841	Flavobacteriales bacterium	SC1-ENV-MEDIUM-MARINE	Environment_Medium_SD	marine	true
GCA_002746355.1	SAMN07568840	Dehalococcoidia bacterium	SC1-ENV-MEDIUM-MARINE	Environment_Medium_SD	marine	true
GCA_002746365.1	SAMN07568838	Thiotrichaceae bacterium	SC1-ENV-MEDIUM-MARINE	Environment_Medium_SD	marine	true
GCA_002746395.1	SAMN07568837	Paracoccaceae bacterium	SC1-ENV-MEDIUM-MARINE	Environment_Medium_SD	marine	true
GCA_002746415.1	SAMN07568834	Flavobacteriaceae bacterium	SC1-ENV-MEDIUM-MARINE	Environment_Medium_SD	marine	true
GCA_002746425.1	SAMN07568836	Hyphomicrobiales bacterium	SC1-ENV-MEDIUM-MARINE	Environment_Medium_SD	marine	true
GCA_002746465.1	SAMN07757616	Thiotrichales bacterium	SC1-ENV-MEDIUM-MARINE	Environment_Medium_SD	marine	true
GCA_002746475.1	SAMN07757614	candidate division SR1 bacterium	SC1-ENV-MEDIUM-MARINE	Environment_Medium_SD	marine	true
GCA_002746515.1	SAMN07757608	Rhodobacterales bacterium	SC1-ENV-MEDIUM-MARINE	Environment_Medium_SD	marine	true
GCA_002746535.1	SAMN07568863	Planctomycetota bacterium	SC1-ENV-MEDIUM-MARINE	Environment_Medium_SD	marine	true
GCA_002746545.1	SAMN07757606	Pseudomonadales bacterium	SC1-ENV-MEDIUM-MARINE	Environment_Medium_SD	marine	true
GCA_002746565.1	SAMN07757599	Pseudomonadota bacterium	SC1-ENV-MEDIUM-MARINE	Environment_Medium_SD	marine	true
GCA_002746595.1	SAMN07757597	Propionibacteriales bacterium	SC1-ENV-MEDIUM-MARINE	Environment_Medium_SD	marine	true
GCA_002746605.1	SAMN07757588	Ignavibacteriota bacterium	SC1-ENV-MEDIUM-MARINE	Environment_Medium_SD	marine	true
GCA_002746635.1	SAMN07757580	Gammaproteobacteria bacterium	SC1-ENV-MEDIUM-MARINE	Environment_Medium_SD	marine	true
GCA_002746645.1	SAMN07757587	Gammaproteobacteria bacterium	SC1-ENV-MEDIUM-MARINE	Environment_Medium_SD	marine	true
GCA_002746675.1	SAMN07757570	Flavobacteriales bacterium	SC1-ENV-MEDIUM-MARINE	Environment_Medium_SD	marine	true
GCA_002746685.1	SAMN07757563	Desulfobulbus propionicus	SC1-ENV-MEDIUM-MARINE	Environment_Medium_SD	marine	true
GCA_002746715.1	SAMN07757562	Desulfobacterales bacterium	SC1-ENV-MEDIUM-MARINE	Environment_Medium_SD	marine	true
GCA_002746735.1	SAMN07757560	Desulfobacterales bacterium	SC1-ENV-MEDIUM-MARINE	Environment_Medium_SD	marine	true
GCA_002746745.1	SAMN07757547	Clostridiales bacterium	SC1-ENV-MEDIUM-MARINE	Environment_Medium_SD	marine	true
GCA_002746755.1	SAMN07757542	Clostridiales bacterium	SC1-ENV-MEDIUM-MARINE	Environment_Medium_SD	marine	true
GCA_002746795.1	SAMN07757540	Chloroflexota bacterium	SC1-ENV-MEDIUM-MARINE	Environment_Medium_SD	marine	true
GCA_002746815.1	SAMN07757535	Candidatus Altimarinota bacterium	SC1-ENV-MEDIUM-MARINE	Environment_Medium_SD	marine	true
GCA_002746825.1	SAMN07757533	Bacteroidia bacterium	SC1-ENV-MEDIUM-MARINE	Environment_Medium_SD	marine	true
GCA_002746855.1	SAMN07757529	Bacteroidia bacterium	SC1-ENV-MEDIUM-MARINE	Environment_Medium_SD	marine	true
GCA_002746875.1	SAMN07757528	Bacteroidia bacterium	SC1-ENV-MEDIUM-MARINE	Environment_Medium_SD	marine	true
GCA_002746885.1	SAMN07757507	Candidatus Saccharimonadota bacterium	SC1-ENV-MEDIUM-MARINE	Environment_Medium_SD	marine	true
GCA_002746895.1	SAMN07757506	Thiothrix nivea	SC1-ENV-MEDIUM-MARINE	Environment_Medium_SD	marine	true
GCA_002746935.1	SAMN07757501	Rhodobacterales bacterium	SC1-ENV-MEDIUM-MARINE	Environment_Medium_SD	marine	true
GCA_002746955.1	SAMN07757500	Rhodobacterales bacterium	SC1-ENV-MEDIUM-MARINE	Environment_Medium_SD	marine	true
GCA_002746975.1	SAMN07568833	Bacteroidota bacterium	SC1-ENV-MEDIUM-MARINE	Environment_Medium_SD	marine	true
GCA_002746985.1	SAMN07568830	Porticoccaceae bacterium	SC1-ENV-MEDIUM-MARINE	Environment_Medium_SD	marine	true
GCA_002747015.1	SAMN07568829	Zetaproteobacteria bacterium	SC1-ENV-MEDIUM-MARINE	Environment_Medium_SD	marine	true
GCA_002747035.1	SAMN07757497	Rhodobacterales bacterium	SC1-ENV-MEDIUM-MARINE	Environment_Medium_SD	marine	true
GCA_002747045.1	SAMN07757493	Pseudomonadota bacterium	SC1-ENV-MEDIUM-MARINE	Environment_Medium_SD	marine	true
GCA_002747055.1	SAMN07757477	Gammaproteobacteria bacterium	SC1-ENV-MEDIUM-MARINE	Environment_Medium_SD	marine	true
GCA_002747095.1	SAMN07757469	Gammaproteobacteria bacterium	SC1-ENV-MEDIUM-MARINE	Environment_Medium_SD	marine	true
GCA_002747105.1	SAMN07757465	Flavobacteriales bacterium	SC1-ENV-MEDIUM-MARINE	Environment_Medium_SD	marine	true
GCA_002747135.1	SAMN07757459	Desulfobulbus propionicus	SC1-ENV-MEDIUM-MARINE	Environment_Medium_SD	marine	true
GCA_002747145.1	SAMN07757452	Desulfobacter postgatei	SC1-ENV-MEDIUM-MARINE	Environment_Medium_SD	marine	true
GCA_002747175.1	SAMN07757450	Deltaproteobacteria bacterium	SC1-ENV-MEDIUM-MARINE	Environment_Medium_SD	marine	true
GCA_002747185.1	SAMN07757436	Candidatus Contendibacter odensensis	SC1-ENV-MEDIUM-MARINE	Environment_Medium_SD	marine	true
GCA_002747205.1	SAMN07757431	Bacteroidota bacterium	SC1-ENV-MEDIUM-MARINE	Environment_Medium_SD	marine	true
GCA_002747225.1	SAMN07757430	Bacteroidota bacterium	SC1-ENV-MEDIUM-MARINE	Environment_Medium_SD	marine	true
GCA_002747255.1	SAMN07757424	Acidobacteriota bacterium	SC1-ENV-MEDIUM-MARINE	Environment_Medium_SD	marine	true
GCA_002747265.1	SAMN07757615	Thiotrichales bacterium	SC1-ENV-MEDIUM-MARINE	Environment_Medium_SD	marine	true
GCA_002747315.1	SAMN07757610	Rhodobacterales bacterium	SC1-ENV-MEDIUM-MARINE	Environment_Medium_SD	marine	true
GCA_002747325.1	SAMN07757609	Rhodobacterales bacterium	SC1-ENV-MEDIUM-MARINE	Environment_Medium_SD	marine	true
GCA_002747355.1	SAMN07757605	Pseudomonadota bacterium	SC1-ENV-MEDIUM-MARINE	Environment_Medium_SD	marine	true
GCA_002747365.1	SAMN07757604	Pseudomonadota bacterium	SC1-ENV-MEDIUM-MARINE	Environment_Medium_SD	marine	true
GCA_002747395.1	SAMN07757603	Pseudomonadota bacterium	SC1-ENV-MEDIUM-MARINE	Environment_Medium_SD	marine	true
GCA_002747405.1	SAMN07757602	Pseudomonadota bacterium	SC1-ENV-MEDIUM-MARINE	Environment_Medium_SD	marine	true
GCA_002747435.1	SAMN07757600	Pseudomonadota bacterium	SC1-ENV-MEDIUM-MARINE	Environment_Medium_SD	marine	true
GCA_002747445.1	SAMN07757595	Pasteurellales bacterium	SC1-ENV-MEDIUM-MARINE	Environment_Medium_SD	marine	true
GCA_002747455.1	SAMN07757601	Pseudomonadota bacterium	SC1-ENV-MEDIUM-MARINE	Environment_Medium_SD	marine	true
GCA_002747475.1	SAMN07757593	Candidatus Moraniibacteriota bacterium	SC1-ENV-MEDIUM-MARINE	Environment_Medium_SD	marine	true
GCA_002747515.1	SAMN07757592	Candidatus Moraniibacteriota bacterium	SC1-ENV-MEDIUM-MARINE	Environment_Medium_SD	marine	true
GCA_002747525.1	SAMN07757589	candidate division KSB3 bacterium	SC1-ENV-MEDIUM-MARINE	Environment_Medium_SD	marine	true
GCA_002747535.1	SAMN07757591	Micrococcales bacterium	SC1-ENV-MEDIUM-MARINE	Environment_Medium_SD	marine	true
GCA_002747545.1	SAMN07757586	Gammaproteobacteria bacterium	SC1-ENV-MEDIUM-MARINE	Environment_Medium_SD	marine	true
GCA_002747585.1	SAMN07757585	Gammaproteobacteria bacterium	SC1-ENV-MEDIUM-MARINE	Environment_Medium_SD	marine	true
GCA_002747615.1	SAMN07757584	Gammaproteobacteria bacterium	SC1-ENV-MEDIUM-MARINE	Environment_Medium_SD	marine	true
GCA_002747635.1	SAMN07757581	Gammaproteobacteria bacterium	SC1-ENV-MEDIUM-MARINE	Environment_Medium_SD	marine	true
GCA_002747655.1	SAMN07757579	Gammaproteobacteria bacterium	SC1-ENV-MEDIUM-MARINE	Environment_Medium_SD	marine	true
GCA_002747665.1	SAMN07757573	Fusobacteriales bacterium	SC1-ENV-MEDIUM-MARINE	Environment_Medium_SD	marine	true
GCA_002747685.1	SAMN07757577	Gammaproteobacteria bacterium	SC1-ENV-MEDIUM-MARINE	Environment_Medium_SD	marine	true
GCA_002747695.1	SAMN07757572	Flavobacteriia bacterium	SC1-ENV-MEDIUM-MARINE	Environment_Medium_SD	marine	true
GCA_002747735.1	SAMN07757571	Flavobacteriales bacterium	SC1-ENV-MEDIUM-MARINE	Environment_Medium_SD	marine	true
GCA_002747745.1	SAMN07757569	bacterium DOLZORAL124_38_8	SC1-ENV-MEDIUM-MARINE	Environment_Medium_SD	marine	true
GCA_002747775.1	SAMN07757561	Desulfobacterales bacterium	SC1-ENV-MEDIUM-MARINE	Environment_Medium_SD	marine	true
GCA_002747785.1	SAMN07757556	Desulfobacterales bacterium	SC1-ENV-MEDIUM-MARINE	Environment_Medium_SD	marine	true
GCA_002747805.1	SAMN07757552	Deltaproteobacteria bacterium	SC1-ENV-MEDIUM-MARINE	Environment_Medium_SD	marine	true
GCA_002747825.1	SAMN07757551	Deltaproteobacteria bacterium	SC1-ENV-MEDIUM-MARINE	Environment_Medium_SD	marine	true
GCA_002747855.1	SAMN07757550	Deltaproteobacteria bacterium	SC1-ENV-MEDIUM-MARINE	Environment_Medium_SD	marine	true
GCA_002747875.1	SAMN07757548	bacterium DOLZORAL124_64_63	SC1-ENV-MEDIUM-MARINE	Environment_Medium_SD	marine	true
GCA_002747885.1	SAMN07757546	Clostridiales bacterium	SC1-ENV-MEDIUM-MARINE	Environment_Medium_SD	marine	true
GCA_002747895.1	SAMN07757549	Deltaproteobacteria bacterium	SC1-ENV-MEDIUM-MARINE	Environment_Medium_SD	marine	true
GCA_002747925.1	SAMN07757543	Clostridiales bacterium	SC1-ENV-MEDIUM-MARINE	Environment_Medium_SD	marine	true
GCA_002747955.1	SAMN07757538	Candidatus Campbellbacteria bacterium	SC1-ENV-MEDIUM-MARINE	Environment_Medium_SD	marine	true
GCA_002747975.1	SAMN07757536	Candidatus Altimarinota bacterium	SC1-ENV-MEDIUM-MARINE	Environment_Medium_SD	marine	true
GCA_002747995.1	SAMN07757530	Bacteroidia bacterium	SC1-ENV-MEDIUM-MARINE	Environment_Medium_SD	marine	true
GCA_002748005.1	SAMN07757534	Candidatus Altimarinota bacterium	SC1-ENV-MEDIUM-MARINE	Environment_Medium_SD	marine	true
GCA_002748015.1	SAMN07757524	Bacteroidota bacterium	SC1-ENV-MEDIUM-MARINE	Environment_Medium_SD	marine	true
GCA_002748055.1	SAMN07757523	Bacteroidota bacterium	SC1-ENV-MEDIUM-MARINE	Environment_Medium_SD	marine	true
GCA_002748065.1	SAMN07757522	Bacteroidota bacterium	SC1-ENV-MEDIUM-MARINE	Environment_Medium_SD	marine	true
GCA_002748075.1	SAMN07757521	Bacteroidota bacterium	SC1-ENV-MEDIUM-MARINE	Environment_Medium_SD	marine	true
GCA_002748095.1	SAMN07757516	Bacteroidales bacterium	SC1-ENV-MEDIUM-MARINE	Environment_Medium_SD	marine	true
GCA_002748135.1	SAMN07757512	Alphaproteobacteria bacterium	SC1-ENV-MEDIUM-MARINE	Environment_Medium_SD	marine	true
GCA_002748145.1	SAMN07757510	Actinomycetales bacterium	SC1-ENV-MEDIUM-MARINE	Environment_Medium_SD	marine	true
GCA_002748155.1	SAMN07757511	Actinomycetales bacterium	SC1-ENV-MEDIUM-MARINE	Environment_Medium_SD	marine	true
GCA_002748195.1	SAMN07757509	Actinomycetota bacterium	SC1-ENV-MEDIUM-MARINE	Environment_Medium_SD	marine	true
GCA_002748205.1	SAMN07757508	Acidobacteriota bacterium	SC1-ENV-MEDIUM-MARINE	Environment_Medium_SD	marine	true
GCA_002748225.1	SAMN07757503	Spirochaetales bacterium	SC1-ENV-MEDIUM-MARINE	Environment_Medium_SD	marine	true
GCA_002748255.1	SAMN07757502	Sorangium cellulosum	SC1-ENV-MEDIUM-MARINE	Environment_Medium_SD	marine	true
GCA_002748265.1	SAMN07757499	Rhodobacterales bacterium	SC1-ENV-MEDIUM-MARINE	Environment_Medium_SD	marine	true
GCA_002748285.1	SAMN07757495	Rhodobacterales bacterium	SC1-ENV-MEDIUM-MARINE	Environment_Medium_SD	marine	true
GCA_002748315.1	SAMN07757492	Pseudomonadota bacterium	SC1-ENV-MEDIUM-MARINE	Environment_Medium_SD	marine	true
GCA_002748325.1	SAMN07757491	Arachnia propionica	SC1-ENV-MEDIUM-MARINE	Environment_Medium_SD	marine	true
GCA_002748355.1	SAMN07757489	Planctomycetota bacterium	SC1-ENV-MEDIUM-MARINE	Environment_Medium_SD	marine	true
GCA_002748375.1	SAMN07757488	Neptuniibacter caesariensis	SC1-ENV-MEDIUM-MARINE	Environment_Medium_SD	marine	true
GCA_002748395.1	SAMN07757487	Neptuniibacter caesariensis	SC1-ENV-MEDIUM-MARINE	Environment_Medium_SD	marine	true
GCA_002748415.1	SAMN07757485	Micrococcales bacterium	SC1-ENV-MEDIUM-MARINE	Environment_Medium_SD	marine	true
GCA_002748425.1	SAMN07757484	candidate division KSB3 bacterium	SC1-ENV-MEDIUM-MARINE	Environment_Medium_SD	marine	true
GCA_002748445.1	SAMN07757483	candidate division KSB3 bacterium	SC1-ENV-MEDIUM-MARINE	Environment_Medium_SD	marine	true
GCA_002748455.1	SAMN07757482	Ilumatobacter coccineus	SC1-ENV-MEDIUM-MARINE	Environment_Medium_SD	marine	true
GCA_002748495.1	SAMN07757481	Gammaproteobacteria bacterium	SC1-ENV-MEDIUM-MARINE	Environment_Medium_SD	marine	true
GCA_002748505.1	SAMN07757480	Gammaproteobacteria bacterium	SC1-ENV-MEDIUM-MARINE	Environment_Medium_SD	marine	true
GCA_002748515.1	SAMN07757479	Gammaproteobacteria bacterium	SC1-ENV-MEDIUM-MARINE	Environment_Medium_SD	marine	true
GCA_002748555.1	SAMN07757478	Gammaproteobacteria bacterium	SC1-ENV-MEDIUM-MARINE	Environment_Medium_SD	marine	true
GCA_002748575.1	SAMN07757476	Gammaproteobacteria bacterium	SC1-ENV-MEDIUM-MARINE	Environment_Medium_SD	marine	true
GCA_002748585.1	SAMN07757472	Gammaproteobacteria bacterium	SC1-ENV-MEDIUM-MARINE	Environment_Medium_SD	marine	true
GCA_002748595.1	SAMN07757474	Gammaproteobacteria bacterium	SC1-ENV-MEDIUM-MARINE	Environment_Medium_SD	marine	true
GCA_002748605.1	SAMN07757471	Gammaproteobacteria bacterium	SC1-ENV-MEDIUM-MARINE	Environment_Medium_SD	marine	true
GCA_002748655.1	SAMN07757466	Flavobacteriales bacterium	SC1-ENV-MEDIUM-MARINE	Environment_Medium_SD	marine	true
GCA_002748665.1	SAMN07757462	Dethiosulfovibrio peptidovorans	SC1-ENV-MEDIUM-MARINE	Environment_Medium_SD	marine	true
GCA_002748695.1	SAMN07757467	Flavobacteriales bacterium	SC1-ENV-MEDIUM-MARINE	Environment_Medium_SD	marine	true
GCA_002748705.1	SAMN07757464	Candidatus Fermentibacterota bacterium	SC1-ENV-MEDIUM-MARINE	Environment_Medium_SD	marine	true
GCA_002748735.1	SAMN07757461	Desulfobulbus propionicus	SC1-ENV-MEDIUM-MARINE	Environment_Medium_SD	marine	true
GCA_002748755.1	SAMN07757460	Desulfobulbus propionicus	SC1-ENV-MEDIUM-MARINE	Environment_Medium_SD	marine	true
GCA_002748765.1	SAMN07757458	Desulfobulbus propionicus	SC1-ENV-MEDIUM-MARINE	Environment_Medium_SD	marine	true
GCA_002748775.1	SAMN07757456	Desulfobacterales bacterium	SC1-ENV-MEDIUM-MARINE	Environment_Medium_SD	marine	true
GCA_002748815.1	SAMN07757453	Desulfobacterales bacterium	SC1-ENV-MEDIUM-MARINE	Environment_Medium_SD	marine	true
GCA_002748825.1	SAMN07757451	Deltaproteobacteria bacterium	SC1-ENV-MEDIUM-MARINE	Environment_Medium_SD	marine	true
GCA_002748835.1	SAMN07757449	Deltaproteobacteria bacterium	SC1-ENV-MEDIUM-MARINE	Environment_Medium_SD	marine	true
GCA_002748865.1	SAMN07757448	Deltaproteobacteria bacterium	SC1-ENV-MEDIUM-MARINE	Environment_Medium_SD	marine	true
GCA_002748895.1	SAMN07757446	Deltaproteobacteria bacterium	SC1-ENV-MEDIUM-MARINE	Environment_Medium_SD	marine	true
GCA_002748905.1	SAMN07757447	Deltaproteobacteria bacterium	SC1-ENV-MEDIUM-MARINE	Environment_Medium_SD	marine	true
GCA_002748915.1	SAMN07757445	Deltaproteobacteria bacterium	SC1-ENV-MEDIUM-MARINE	Environment_Medium_SD	marine	true
GCA_002748955.1	SAMN07757444	bacterium DOLJORAL78_65_58	SC1-ENV-MEDIUM-MARINE	Environment_Medium_SD	marine	true
GCA_002748965.1	SAMN07757442	Candidatus Delongbacteria bacterium	SC1-ENV-MEDIUM-MARINE	Environment_Medium_SD	marine	true
GCA_002748985.1	SAMN07757438	Chloroflexota bacterium	SC1-ENV-MEDIUM-MARINE	Environment_Medium_SD	marine	true
GCA_002748995.1	SAMN07757440	Clostridiales bacterium	SC1-ENV-MEDIUM-MARINE	Environment_Medium_SD	marine	true
GCA_002749035.1	SAMN07757437	Cardiobacteriales bacterium	SC1-ENV-MEDIUM-MARINE	Environment_Medium_SD	marine	true
GCA_002749055.1	SAMN07757435	Candidatus Altimarinota bacterium	SC1-ENV-MEDIUM-MARINE	Environment_Medium_SD	marine	true
GCA_002749065.1	SAMN07757434	Bacteroidia bacterium	SC1-ENV-MEDIUM-MARINE	Environment_Medium_SD	marine	true
GCA_002749075.1	SAMN07757432	Bacteroidia bacterium	SC1-ENV-MEDIUM-MARINE	Environment_Medium_SD	marine	true
GCA_002749115.1	SAMN07757428	Bacteroidota bacterium	SC1-ENV-MEDIUM-MARINE	Environment_Medium_SD	marine	true
GCA_002749135.1	SAMN07568865	Alphaproteobacteria bacterium	SC1-ENV-MEDIUM-MARINE	Environment_Medium_SD	marine	true
GCA_002749195.1	SAMN07757596	Polaribacter sp.	SC1-ENV-MEDIUM-MARINE	Environment_Medium_SD	marine	true
GCA_002749205.1	SAMN07757622	Treponema sp.	SC1-ENV-MEDIUM-MARINE	Environment_Medium_SD	marine	true
GCA_002749235.1	SAMN07757567	Draconibacterium sp.	SC1-ENV-MEDIUM-MARINE	Environment_Medium_SD	marine	true
GCA_002749245.1	SAMN07757598	Propionibacterium sp.	SC1-ENV-MEDIUM-MARINE	Environment_Medium_SD	marine	true
GCA_002749275.1	SAMN07757594	Paludibacter sp.	SC1-ENV-MEDIUM-MARINE	Environment_Medium_SD	marine	true
GCA_002749285.1	SAMN07757590	Maribacter sp.	SC1-ENV-MEDIUM-MARINE	Environment_Medium_SD	marine	true
GCA_002749305.1	SAMN07757566	Draconibacterium sp.	SC1-ENV-MEDIUM-MARINE	Environment_Medium_SD	marine	true
GCA_002749335.1	SAMN07757564	Desulfococcus sp.	SC1-ENV-MEDIUM-MARINE	Environment_Medium_SD	marine	true
GCA_002749345.1	SAMN07757513	Arcobacter sp.	SC1-ENV-MEDIUM-MARINE	Environment_Medium_SD	marine	true
GCA_002749365.1	SAMN07757490	Propionibacterium sp.	SC1-ENV-MEDIUM-MARINE	Environment_Medium_SD	marine	true
GCA_002749385.1	SAMN07757463	Draconibacterium sp.	SC1-ENV-MEDIUM-MARINE	Environment_Medium_SD	marine	true
GCA_002749905.1	SAMN06674010	Proteus vulgaris	SC1-ENV-BROAD-ENV-SAMPLE	Environment_Broad_Scale_SD	environmental sample	true
GCA_002749975.1	SAMN07816539	Gloeocapsopsis sp. IPPAS B-1203	SC1-ENV-BROAD-ENV-SAMPLE	Environment_Broad_Scale_SD	environmental sample	true
GCA_002752675.1	SAMN07786919	Massilia violaceinigra	SC1-ENV-MEDIUM-GLACIER	Environment_Medium_SD	glacier	true
GCA_002762595.2	SAMN07980362	Serratia marcescens	SC1-ENV-MEDIUM-MARINE	Environment_Medium_SD	marine	true
GCA_002770715.1	SAMN06659697	Candidatus Roizmanbacteria bacterium CG23_combo_of_CG06-09_8_20_14_all_35_49	SC1-ENV-LOCAL-GROUNDWATER	Environment_Local_Scale_SD	groundwater	true
GCA_002770755.1	SAMN06659703	candidate division WWE3 bacterium CG23_combo_of_CG06-09_8_20_14_all_40_14	SC1-ENV-LOCAL-GROUNDWATER	Environment_Local_Scale_SD	groundwater	true
GCA_002770795.1	SAMN06659634	Gammaproteobacteria bacterium CG22_combo_CG10-13_8_21_14_all_40_8	SC1-ENV-LOCAL-GROUNDWATER	Environment_Local_Scale_SD	groundwater	true
GCA_002770805.1	SAMN06659635	Ignavibacteria bacterium CG22_combo_CG10-13_8_21_14_all_37_15	SC1-ENV-LOCAL-GROUNDWATER	Environment_Local_Scale_SD	groundwater	true
GCA_002770835.1	SAMN06659633	Elusimicrobia bacterium CG22_combo_CG10-13_8_21_14_all_63_91	SC1-ENV-LOCAL-GROUNDWATER	Environment_Local_Scale_SD	groundwater	true
GCA_002770845.1	SAMN06659632	Candidatus Collierbacteria bacterium CG22_combo_CG10-13_8_21_14_all_43_12	SC1-ENV-LOCAL-GROUNDWATER	Environment_Local_Scale_SD	groundwater	true
GCA_002770875.1	SAMN06659625	Shewanella sp. CG18_big_fil_WC_8_21_14_2_50_42_11	SC1-ENV-LOCAL-GROUNDWATER	Environment_Local_Scale_SD	groundwater	true
GCA_002770885.1	SAMN06659626	Candidatus Wolfebacteria bacterium CG18_big_fil_WC_8_21_14_2_50_39_7	SC1-ENV-LOCAL-GROUNDWATER	Environment_Local_Scale_SD	groundwater	true
GCA_002770915.1	SAMN06659622	Nitrospirae bacterium CG18_big_fil_WC_8_21_14_2_50_70_55	SC1-ENV-LOCAL-GROUNDWATER	Environment_Local_Scale_SD	groundwater	true
GCA_002770925.1	SAMN06659619	Hydrogenophilales bacterium CG18_big_fil_WC_8_21_14_2_50_58_12	SC1-ENV-LOCAL-GROUNDWATER	Environment_Local_Scale_SD	groundwater	true
GCA_002770945.1	SAMN06659615	Flavobacteriaceae bacterium CG18_big_fil_WC_8_21_14_2_50_34_36	SC1-ENV-LOCAL-GROUNDWATER	Environment_Local_Scale_SD	groundwater	true
GCA_002770955.1	SAMN06659616	Flavobacteriales bacterium CG18_big_fil_WC_8_21_14_2_50_32_9	SC1-ENV-LOCAL-GROUNDWATER	Environment_Local_Scale_SD	groundwater	true
GCA_002770975.1	SAMN06659613	bacterium (Candidatus Blackallbacteria) CG18_big_fil_WC_8_21_14_2_50_49_26	SC1-ENV-LOCAL-GROUNDWATER	Environment_Local_Scale_SD	groundwater	true
GCA_002771015.1	SAMN06659609	Candidatus Yonathbacteria bacterium CG17_big_fil_post_rev_8_21_14_2_50_43_9	SC1-ENV-LOCAL-GROUNDWATER	Environment_Local_Scale_SD	groundwater	true
GCA_002771025.1	SAMN06659608	Lysobacterales bacterium CG17_big_fil_post_rev_8_21_14_2_50_64_11	SC1-ENV-LOCAL-GROUNDWATER	Environment_Local_Scale_SD	groundwater	true
GCA_002771035.1	SAMN06659555	Candidatus Gracilibacteria bacterium CG12_big_fil_rev_8_21_14_0_65_38_15	SC1-ENV-LOCAL-GROUNDWATER	Environment_Local_Scale_SD	groundwater	true
GCA_002771075.1	SAMN06659482	Candidatus Zambryskibacteria bacterium CG10_big_fil_rev_8_21_14_0_10_34_34	SC1-ENV-LOCAL-GROUNDWATER	Environment_Local_Scale_SD	groundwater	true
GCA_002771095.1	SAMN06659610	Candidatus Yonathbacteria bacterium CG17_big_fil_post_rev_8_21_14_2_50_46_19	SC1-ENV-LOCAL-GROUNDWATER	Environment_Local_Scale_SD	groundwater	true
GCA_002771115.1	SAMN06659481	Candidatus Yonathbacteria bacterium CG10_big_fil_rev_8_21_14_0_10_43_136	SC1-ENV-LOCAL-GROUNDWATER	Environment_Local_Scale_SD	groundwater	true
GCA_002771135.1	SAMN06659480	Candidatus Yanofskybacteria bacterium CG10_big_fil_rev_8_21_14_0_10_46_23	SC1-ENV-LOCAL-GROUNDWATER	Environment_Local_Scale_SD	groundwater	true
GCA_002771155.1	SAMN06659479	Candidatus Yanofskybacteria bacterium CG10_big_fil_rev_8_21_14_0_10_37_15	SC1-ENV-LOCAL-GROUNDWATER	Environment_Local_Scale_SD	groundwater	true
GCA_002771165.1	SAMN06659693	Parcubacteria group bacterium CG23_combo_of_CG06-09_8_20_14_all_35_9	SC1-ENV-LOCAL-GROUNDWATER	Environment_Local_Scale_SD	groundwater	true
GCA_002771195.1	SAMN06659690	Candidatus Omnitrophica bacterium CG23_combo_of_CG06-09_8_20_14_all_40_11	SC1-ENV-LOCAL-GROUNDWATER	Environment_Local_Scale_SD	groundwater	true
GCA_002771215.1	SAMN06659689	Candidatus Nealsonbacteria bacterium CG23_combo_of_CG06-09_8_20_14_all_40_13	SC1-ENV-LOCAL-GROUNDWATER	Environment_Local_Scale_SD	groundwater	true
GCA_002771235.1	SAMN06659685	Candidatus Nealsonbacteria bacterium CG23_combo_of_CG06-09_8_20_14_all_37_18	SC1-ENV-LOCAL-GROUNDWATER	Environment_Local_Scale_SD	groundwater	true
GCA_002771255.1	SAMN06659681	Candidatus Moranbacteria bacterium CG23_combo_of_CG06-09_8_20_14_all_40_16	SC1-ENV-LOCAL-GROUNDWATER	Environment_Local_Scale_SD	groundwater	true
GCA_002771275.1	SAMN06659677	Candidatus Kuenenbacteria bacterium CG23_combo_of_CG06-09_8_20_14_all_36_9	SC1-ENV-LOCAL-GROUNDWATER	Environment_Local_Scale_SD	groundwater	true
GCA_002771285.1	SAMN06659675	bacterium (Candidatus Howlettbacteria) CG23_combo_of_CG06-09_8_20_14_all_37_9	SC1-ENV-LOCAL-GROUNDWATER	Environment_Local_Scale_SD	groundwater	true
GCA_002771315.1	SAMN06659670	Desulfobacterales bacterium CG23_combo_of_CG06-09_8_20_14_all_52_9	SC1-ENV-LOCAL-GROUNDWATER	Environment_Local_Scale_SD	groundwater	true
GCA_002771325.1	SAMN06659658	Candidatus Beckwithbacteria bacterium CG23_combo_of_CG06-09_8_20_14_all_34_8	SC1-ENV-LOCAL-GROUNDWATER	Environment_Local_Scale_SD	groundwater	true
GCA_002771355.1	SAMN06659655	candidate division WWE3 bacterium CG22_combo_CG10-13_8_21_14_all_39_12	SC1-ENV-LOCAL-GROUNDWATER	Environment_Local_Scale_SD	groundwater	true
GCA_002771375.1	SAMN06659654	Candidatus Woesebacteria bacterium CG22_combo_CG10-13_8_21_14_all_45_10	SC1-ENV-LOCAL-GROUNDWATER	Environment_Local_Scale_SD	groundwater	true
GCA_002771395.1	SAMN06659657	Bacteroidetes bacterium CG23_combo_of_CG06-09_8_20_14_all_32_9	SC1-ENV-LOCAL-GROUNDWATER	Environment_Local_Scale_SD	groundwater	true
GCA_002771405.1	SAMN06659651	Verrucomicrobia bacterium CG22_combo_CG10-13_8_21_14_all_43_17	SC1-ENV-LOCAL-GROUNDWATER	Environment_Local_Scale_SD	groundwater	true
GCA_002771435.1	SAMN06659645	Candidatus Peregrinibacteria bacterium CG22_combo_CG10-13_8_21_14_all_49_11	SC1-ENV-LOCAL-GROUNDWATER	Environment_Local_Scale_SD	groundwater	true
GCA_002771445.1	SAMN06659644	Candidatus Peregrinibacteria bacterium CG22_combo_CG10-13_8_21_14_all_44_10	SC1-ENV-LOCAL-GROUNDWATER	Environment_Local_Scale_SD	groundwater	true
GCA_002771475.1	SAMN06659642	Candidatus Omnitrophica bacterium CG22_combo_CG10-13_8_21_14_all_43_16	SC1-ENV-LOCAL-GROUNDWATER	Environment_Local_Scale_SD	groundwater	true
GCA_002771495.1	SAMN06659687	Candidatus Nealsonbacteria bacterium CG23_combo_of_CG06-09_8_20_14_all_39_17	SC1-ENV-LOCAL-GROUNDWATER	Environment_Local_Scale_SD	groundwater	true
GCA_002771505.1	SAMN06659640	Nitrospirae bacterium CG22_combo_CG10-13_8_21_14_all_44_11	SC1-ENV-LOCAL-GROUNDWATER	Environment_Local_Scale_SD	groundwater	true
GCA_002771515.1	SAMN06659638	Candidatus Lloydbacteria bacterium CG22_combo_CG10-13_8_21_14_all_47_15	SC1-ENV-LOCAL-GROUNDWATER	Environment_Local_Scale_SD	groundwater	true
GCA_002771555.1	SAMN06659636	Candidatus Kuenenbacteria bacterium CG22_combo_CG10-13_8_21_14_all_39_9	SC1-ENV-LOCAL-GROUNDWATER	Environment_Local_Scale_SD	groundwater	true
GCA_002771565.1	SAMN06659631	Candidatus Campbellbacteria bacterium CG22_combo_CG10-13_8_21_14_all_43_18	SC1-ENV-LOCAL-GROUNDWATER	Environment_Local_Scale_SD	groundwater	true
GCA_002771585.1	SAMN06659630	Candidatus Campbellbacteria bacterium CG22_combo_CG10-13_8_21_14_all_36_13	SC1-ENV-LOCAL-GROUNDWATER	Environment_Local_Scale_SD	groundwater	true
GCA_002771615.1	SAMN06659672	Candidatus Falkowbacteria bacterium CG23_combo_of_CG06-09_8_20_14_all_49_15	SC1-ENV-LOCAL-GROUNDWATER	Environment_Local_Scale_SD	groundwater	true
GCA_002771635.1	SAMN06659624	Rhodobacterales bacterium CG18_big_fil_WC_8_21_14_2_50_71_9	SC1-ENV-LOCAL-GROUNDWATER	Environment_Local_Scale_SD	groundwater	true
GCA_002771645.1	SAMN06659629	Candidatus Beckwithbacteria bacterium CG22_combo_CG10-13_8_21_14_all_01_47_9	SC1-ENV-LOCAL-GROUNDWATER	Environment_Local_Scale_SD	groundwater	true
GCA_002771665.1	SAMN06659628	Bdellovibrionales bacterium CG22_combo_CG10-13_8_21_14_all_38_13	SC1-ENV-LOCAL-GROUNDWATER	Environment_Local_Scale_SD	groundwater	true
GCA_002771695.1	SAMN06659614	Cytophagales bacterium CG18_big_fil_WC_8_21_14_2_50_42_9	SC1-ENV-LOCAL-GROUNDWATER	Environment_Local_Scale_SD	groundwater	true
GCA_002771715.1	SAMN06659611	Zetaproteobacteria bacterium CG17_big_fil_post_rev_8_21_14_2_50_50_13	SC1-ENV-LOCAL-GROUNDWATER	Environment_Local_Scale_SD	groundwater	true
GCA_002771735.1	SAMN06659706	Zetaproteobacteria bacterium CG23_combo_of_CG06-09_8_20_14_all_59_86	SC1-ENV-LOCAL-GROUNDWATER	Environment_Local_Scale_SD	groundwater	true
GCA_002771745.1	SAMN06659612	Bacteroidetes bacterium CG18_big_fil_WC_8_21_14_2_50_41_14	SC1-ENV-LOCAL-GROUNDWATER	Environment_Local_Scale_SD	groundwater	true
GCA_002771755.1	SAMN06659705	Zetaproteobacteria bacterium CG23_combo_of_CG06-09_8_20_14_all_54_7	SC1-ENV-LOCAL-GROUNDWATER	Environment_Local_Scale_SD	groundwater	true
GCA_002771775.1	SAMN06659704	Candidatus Yonathbacteria bacterium CG23_combo_of_CG06-09_8_20_14_all_46_18	SC1-ENV-LOCAL-GROUNDWATER	Environment_Local_Scale_SD	groundwater	true
GCA_002771815.1	SAMN06659702	Syntrophobacterales bacterium CG23_combo_of_CG06-09_8_20_14_all_48_27	SC1-ENV-LOCAL-GROUNDWATER	Environment_Local_Scale_SD	groundwater	true
GCA_002771825.1	SAMN06659701	Syntrophobacteraceae bacterium CG23_combo_of_CG06-09_8_20_14_all_50_8	SC1-ENV-LOCAL-GROUNDWATER	Environment_Local_Scale_SD	groundwater	true
GCA_002771845.1	SAMN06659699	Candidatus Stahliibacteriota bacterium CG23_combo_of_CG06-09_8_20_14_all_40_9	SC1-ENV-LOCAL-GROUNDWATER	Environment_Local_Scale_SD	groundwater	true
GCA_002771855.1	SAMN06659700	Sulfurimonas sp. CG23_combo_of_CG06-09_8_20_14_all_36_33	SC1-ENV-LOCAL-GROUNDWATER	Environment_Local_Scale_SD	groundwater	true
GCA_002771895.1	SAMN06659698	Candidatus Stahliibacteriota bacterium CG23_combo_of_CG06-09_8_20_14_all_34_7	SC1-ENV-LOCAL-GROUNDWATER	Environment_Local_Scale_SD	groundwater	true
GCA_002771915.1	SAMN06659694	Candidatus Portnoybacteria bacterium CG23_combo_of_CG06-09_8_20_14_all_37_13	SC1-ENV-LOCAL-GROUNDWATER	Environment_Local_Scale_SD	groundwater	true
GCA_002771935.1	SAMN06659696	bacterium (Candidatus Ratteibacteria) CG23_combo_of_CG06-09_8_20_14_all_48_7	SC1-ENV-LOCAL-GROUNDWATER	Environment_Local_Scale_SD	groundwater	true
GCA_002771945.1	SAMN06659695	Candidatus Portnoybacteria bacterium CG23_combo_of_CG06-09_8_20_14_all_44_36	SC1-ENV-LOCAL-GROUNDWATER	Environment_Local_Scale_SD	groundwater	true
GCA_002771955.1	SAMN06659692	Parcubacteria group bacterium CG23_combo_of_CG06-09_8_20_14_all_35_6	SC1-ENV-LOCAL-GROUNDWATER	Environment_Local_Scale_SD	groundwater	true
GCA_002771995.1	SAMN06659691	Candidatus Sherwoodlollariibacterium unditelluris	SC1-ENV-LOCAL-GROUNDWATER	Environment_Local_Scale_SD	groundwater	true
GCA_002772015.1	SAMN06659688	Candidatus Nealsonbacteria bacterium CG23_combo_of_CG06-09_8_20_14_all_39_25	SC1-ENV-LOCAL-GROUNDWATER	Environment_Local_Scale_SD	groundwater	true
GCA_002772025.1	SAMN06659683	Candidatus Nealsonbacteria bacterium CG23_combo_of_CG06-09_8_20_14_all_36_125	SC1-ENV-LOCAL-GROUNDWATER	Environment_Local_Scale_SD	groundwater	true
GCA_002772035.1	SAMN06659686	Candidatus Nealsonbacteria bacterium CG23_combo_of_CG06-09_8_20_14_all_38_19	SC1-ENV-LOCAL-GROUNDWATER	Environment_Local_Scale_SD	groundwater	true
GCA_002772075.1	SAMN06659684	Candidatus Nealsonbacteria bacterium CG23_combo_of_CG06-09_8_20_14_all_36_12	SC1-ENV-LOCAL-GROUNDWATER	Environment_Local_Scale_SD	groundwater	true
GCA_002772095.1	SAMN06659682	Candidatus Moranbacteria bacterium CG23_combo_of_CG06-09_8_20_14_all_41_28	SC1-ENV-LOCAL-GROUNDWATER	Environment_Local_Scale_SD	groundwater	true
GCA_002772105.1	SAMN06659680	Candidatus Moranbacteria bacterium CG23_combo_of_CG06-09_8_20_14_all_39_10	SC1-ENV-LOCAL-GROUNDWATER	Environment_Local_Scale_SD	groundwater	true
GCA_002772115.1	SAMN06659679	Candidatus Moranbacteria bacterium CG23_combo_of_CG06-09_8_20_14_all_35_22	SC1-ENV-LOCAL-GROUNDWATER	Environment_Local_Scale_SD	groundwater	true
GCA_002772135.1	SAMN06659678	Candidatus Kuenenbacteria bacterium CG23_combo_of_CG06-09_8_20_14_all_39_39	SC1-ENV-LOCAL-GROUNDWATER	Environment_Local_Scale_SD	groundwater	true
GCA_002772175.1	SAMN06659673	Candidatus Gottesmanbacteria bacterium CG23_combo_of_CG06-09_8_20_14_all_37_19	SC1-ENV-LOCAL-GROUNDWATER	Environment_Local_Scale_SD	groundwater	true
GCA_002772195.1	SAMN06659669	Desulfobacterales bacterium CG23_combo_of_CG06-09_8_20_14_all_51_8	SC1-ENV-LOCAL-GROUNDWATER	Environment_Local_Scale_SD	groundwater	true
GCA_002772205.1	SAMN06659676	Candidatus Jorgensenbacteria bacterium CG23_combo_of_CG06-09_8_20_14_all_54_14	SC1-ENV-LOCAL-GROUNDWATER	Environment_Local_Scale_SD	groundwater	true
GCA_002772215.1	SAMN06659674	bacterium (Candidatus Gribaldobacteria) CG23_combo_of_CG06-09_8_20_14_all_37_87_8	SC1-ENV-LOCAL-GROUNDWATER	Environment_Local_Scale_SD	groundwater	true
GCA_002772225.1	SAMN06659671	Candidatus Falkowbacteria bacterium CG23_combo_of_CG06-09_8_20_14_all_41_10	SC1-ENV-LOCAL-GROUNDWATER	Environment_Local_Scale_SD	groundwater	true
GCA_002772275.1	SAMN06659666	Deltaproteobacteria bacterium CG23_combo_of_CG06-09_8_20_14_all_51_20	SC1-ENV-LOCAL-GROUNDWATER	Environment_Local_Scale_SD	groundwater	true
GCA_002772295.1	SAMN06659668	Candidatus Desantisbacteria bacterium CG23_combo_of_CG06-09_8_20_14_all_40_23	SC1-ENV-LOCAL-GROUNDWATER	Environment_Local_Scale_SD	groundwater	true
GCA_002772305.1	SAMN06659667	Deltaproteobacteria bacterium CG23_combo_of_CG06-09_8_20_14_all_60_8	SC1-ENV-LOCAL-GROUNDWATER	Environment_Local_Scale_SD	groundwater	true
GCA_002772315.1	SAMN06659665	Candidatus Colwellbacteria bacterium CG23_combo_of_CG06-09_8_20_14_all_42_19	SC1-ENV-LOCAL-GROUNDWATER	Environment_Local_Scale_SD	groundwater	true
GCA_002772325.1	SAMN06659664	Chloroflexi bacterium CG23_combo_of_CG06-09_8_20_14_all_45_10	SC1-ENV-LOCAL-GROUNDWATER	Environment_Local_Scale_SD	groundwater	true
GCA_002772375.1	SAMN06659662	Candidatus Brennerbacteria bacterium CG23_combo_of_CG06-09_8_20_14_all_44_41	SC1-ENV-LOCAL-GROUNDWATER	Environment_Local_Scale_SD	groundwater	true
GCA_002772385.1	SAMN06659663	Caldiserica bacterium CG23_combo_of_CG06-09_8_20_14_all_35_60	SC1-ENV-LOCAL-GROUNDWATER	Environment_Local_Scale_SD	groundwater	true
GCA_002772395.1	SAMN06659661	Candidatus Berkelbacteria bacterium CG23_combo_of_CG06-09_8_20_14_all_41_73	SC1-ENV-LOCAL-GROUNDWATER	Environment_Local_Scale_SD	groundwater	true
GCA_002772415.1	SAMN06659660	Candidatus Berkelbacteria bacterium CG23_combo_of_CG06-09_8_20_14_all_33_15	SC1-ENV-LOCAL-GROUNDWATER	Environment_Local_Scale_SD	groundwater	true
GCA_002772455.1	SAMN06659659	Candidatus Beckwithbacteria bacterium CG23_combo_of_CG06-09_8_20_14_all_47_9	SC1-ENV-LOCAL-GROUNDWATER	Environment_Local_Scale_SD	groundwater	true
GCA_002772475.1	SAMN06659656	Candidatus Zambryskibacteria bacterium CG22_combo_CG10-13_8_21_14_all_42_17	SC1-ENV-LOCAL-GROUNDWATER	Environment_Local_Scale_SD	groundwater	true
GCA_002772495.1	SAMN06659652	Candidatus Vogelbacteria bacterium CG22_combo_CG10-13_8_21_14_all_37_9	SC1-ENV-LOCAL-GROUNDWATER	Environment_Local_Scale_SD	groundwater	true
GCA_002772505.1	SAMN06659653	Candidatus Woesebacteria bacterium CG22_combo_CG10-13_8_21_14_all_39_10	SC1-ENV-LOCAL-GROUNDWATER	Environment_Local_Scale_SD	groundwater	true
GCA_002772535.1	SAMN06659423	Candidatus Peregrinibacteria bacterium CG10_big_fil_rev_8_21_14_0_10_36_19	SC1-ENV-LOCAL-GROUNDWATER	Environment_Local_Scale_SD	groundwater	true
GCA_002772545.1	SAMN06659425	Candidatus Peregrinibacteria bacterium CG10_big_fil_rev_8_21_14_0_10_49_10	SC1-ENV-LOCAL-GROUNDWATER	Environment_Local_Scale_SD	groundwater	true
GCA_002772575.1	SAMN06659419	Parcubacteria group bacterium CG10_big_fil_rev_8_21_14_0_10_35_15	SC1-ENV-LOCAL-GROUNDWATER	Environment_Local_Scale_SD	groundwater	true
GCA_002772595.1	SAMN06659422	Parcubacteria group bacterium CG10_big_fil_rev_8_21_14_0_10_46_32	SC1-ENV-LOCAL-GROUNDWATER	Environment_Local_Scale_SD	groundwater	true
GCA_002772605.1	SAMN06659426	Candidatus Peregrinibacteria bacterium CG10_big_fil_rev_8_21_14_0_10_49_16	SC1-ENV-LOCAL-GROUNDWATER	Environment_Local_Scale_SD	groundwater	true
GCA_002772615.1	SAMN06659421	Parcubacteria group bacterium CG10_big_fil_rev_8_21_14_0_10_41_35	SC1-ENV-LOCAL-GROUNDWATER	Environment_Local_Scale_SD	groundwater	true
GCA_002772645.1	SAMN06659418	Candidatus Pacebacteria bacterium CG10_big_fil_rev_8_21_14_0_10_56_10	SC1-ENV-LOCAL-GROUNDWATER	Environment_Local_Scale_SD	groundwater	true
GCA_002772675.1	SAMN06659417	Candidatus Pacebacteria bacterium CG10_big_fil_rev_8_21_14_0_10_45_6	SC1-ENV-LOCAL-GROUNDWATER	Environment_Local_Scale_SD	groundwater	true
GCA_002772695.1	SAMN06659416	Candidatus Pacebacteria bacterium CG10_big_fil_rev_8_21_14_0_10_44_54	SC1-ENV-LOCAL-GROUNDWATER	Environment_Local_Scale_SD	groundwater	true
GCA_002772705.1	SAMN06659415	Candidatus Pacebacteria bacterium CG10_big_fil_rev_8_21_14_0_10_44_11	SC1-ENV-LOCAL-GROUNDWATER	Environment_Local_Scale_SD	groundwater	true
